timestamp_utc,station_id,last_update_utc,age_min
2026-10-08T00:02:28Z,258,2026-10-07T21:59:53Z,122
2026-10-08T00:02:28Z,259,2026-10-07T21:00:49Z,181
2026-10-08T00:02:28Z,260,2026-10-07T21:00:41Z,181
2026-10-08T00:02:28Z,261,2026-10-07T21:01:02Z,181
2026-10-08T00:02:28Z,263,2026-10-07T21:01:12Z,181
2026-10-08T00:02:28Z,264,2026-10-07T21:01:34Z,180
2026-10-08T00:02:28Z,265,2026-10-07T21:01:01Z,181
2026-10-08T00:02:28Z,267,2026-10-07T22:51:25Z,71
2026-10-08T00:02:28Z,268,2026-10-07T21:00:51Z,181
2026-10-08T00:02:28Z,270,2026-10-07T21:00:55Z,181
2026-10-08T00:02:28Z,271,2026-10-07T21:00:50Z,181
2026-10-08T00:02:28Z,272,2026-10-07T21:01:24Z,181
2026-10-08T00:02:28Z,275,2026-07-01T10:22:32Z,141939
2026-10-08T00:02:28Z,276,2026-10-07T23:50:50Z,11
2026-10-08T00:02:28Z,277,2026-07-02T07:26:05Z,140676
2026-10-08T00:02:28Z,278,2026-10-07T22:51:25Z,71
2026-10-08T00:02:28Z,279,2026-10-07T21:01:19Z,181
2026-10-08T00:02:28Z,280,2026-10-07T21:01:12Z,181
2026-10-08T00:02:28Z,281,2026-10-07T22:58:29Z,63
2026-10-08T00:02:28Z,285,2026-10-07T21:00:46Z,181
2026-10-08T00:02:28Z,320,2026-01-06T13:23:56Z,395198
2026-10-08T00:02:28Z,321,2026-10-07T20:28:59Z,213
2026-10-08T00:02:28Z,322,2026-10-07T16:12:49Z,469
2026-10-08T00:02:28Z,323,2026-10-07T20:55:00Z,187
2026-10-08T00:02:28Z,324,2026-10-07T23:33:25Z,29
2026-10-08T00:02:28Z,325,2026-10-07T17:46:48Z,375
2026-10-08T00:02:28Z,375,2026-10-07T18:42:16Z,320
2026-10-08T00:02:28Z,376,2026-10-07T18:24:10Z,338
2026-10-08T00:02:28Z,377,2026-08-10T09:54:33Z,84367
2026-10-08T00:02:28Z,378,2026-10-07T21:05:57Z,176
2026-10-08T00:02:28Z,379,2026-10-07T20:38:45Z,203
2026-10-08T00:02:28Z,380,2026-10-07T17:58:09Z,364
2026-10-08T00:02:28Z,381,2026-10-07T21:33:56Z,148
2026-10-08T00:02:28Z,382,2026-10-07T22:31:44Z,90
2026-10-08T00:02:28Z,383,2026-10-07T09:54:33Z,847
2026-10-08T00:02:28Z,384,2026-10-07T19:37:00Z,265
2026-10-08T00:02:28Z,385,2026-10-07T22:59:22Z,63
2026-10-08T00:02:28Z,386,2026-10-07T17:36:36Z,385
2026-10-08T00:02:28Z,387,2026-10-07T17:55:06Z,367
2026-10-08T00:02:28Z,388,2026-10-07T17:09:07Z,413
2026-10-08T00:02:28Z,389,2026-07-29T06:27:15Z,101855
2026-10-08T00:02:28Z,390,2026-10-02T07:22:23Z,8200
2026-10-08T00:02:28Z,396,2026-10-07T09:43:25Z,859
2026-10-08T00:02:28Z,397,2026-10-07T14:15:34Z,586
2026-10-08T00:02:28Z,398,2026-10-07T14:36:05Z,566
2026-10-08T00:02:28Z,401,2026-10-07T22:59:10Z,63
2026-10-08T00:02:28Z,402,2026-10-07T19:42:51Z,259
2026-10-08T00:02:28Z,403,2026-10-07T18:54:04Z,308
2026-10-08T00:02:28Z,404,2026-10-07T20:17:20Z,225
2026-10-08T00:02:28Z,406,2026-10-07T19:30:10Z,272
2026-10-08T00:02:28Z,408,2026-10-07T16:15:03Z,467
2026-10-08T00:02:28Z,409,2026-10-07T20:28:21Z,214
2026-10-08T00:02:28Z,410,2026-10-07T21:22:06Z,160
2026-10-08T00:02:28Z,412,2026-10-07T16:41:59Z,440
2026-10-08T00:02:28Z,413,2026-10-07T20:00:44Z,241
2026-10-08T00:02:28Z,414,2026-10-07T18:48:03Z,314
2026-10-08T00:02:28Z,416,2026-10-07T17:42:38Z,379
2026-10-08T00:02:28Z,417,2026-10-07T20:12:42Z,229
2026-10-08T00:02:28Z,418,2026-10-07T18:15:55Z,346
2026-10-08T00:02:28Z,419,2026-10-07T22:11:32Z,110
2026-10-08T00:02:28Z,420,2026-10-07T16:42:12Z,440
2026-10-08T00:02:28Z,421,2026-08-17T09:20:08Z,74322
2026-10-08T00:02:28Z,422,2026-10-07T19:02:26Z,300
2026-10-08T00:02:28Z,423,2026-10-07T13:08:35Z,653
2026-10-08T00:02:28Z,424,2026-10-07T17:09:31Z,412
2026-10-08T00:02:28Z,425,2026-10-07T17:35:57Z,386
2026-10-08T00:02:28Z,428,2026-10-07T19:09:39Z,292
2026-10-08T00:02:28Z,429,2026-10-07T19:15:42Z,286
2026-10-08T00:02:28Z,430,2026-10-07T12:04:02Z,718
2026-10-08T00:02:28Z,431,2026-10-07T23:41:15Z,21
2026-10-08T00:02:28Z,432,2026-10-07T17:50:11Z,372
2026-10-08T00:02:28Z,433,2026-10-07T18:07:52Z,354
2026-10-08T00:02:28Z,434,2026-10-07T19:02:58Z,299
2026-10-08T00:02:28Z,435,2026-10-07T15:49:53Z,492
2026-10-08T00:02:28Z,436,2026-10-07T14:11:47Z,590
2026-10-08T00:02:28Z,439,2026-10-07T15:02:46Z,539
2026-10-08T00:02:28Z,440,2026-10-07T14:50:43Z,551
2026-10-08T00:02:28Z,441,2026-10-05T11:55:49Z,3606
2026-10-08T00:02:28Z,442,2026-10-07T11:40:06Z,742
2026-10-08T00:02:28Z,443,2026-10-07T23:24:43Z,37
2026-10-08T00:02:28Z,444,2026-01-06T13:23:56Z,395198
2026-10-08T00:02:28Z,451,2026-10-07T21:47:21Z,135
2026-10-08T00:02:28Z,454,2026-01-06T13:23:56Z,395198
2026-10-08T00:02:28Z,455,2026-10-07T19:59:25Z,243
2026-10-08T00:02:28Z,498,2026-10-07T21:20:42Z,161
2026-10-08T00:02:28Z,499,2026-10-07T21:20:48Z,161
2026-10-08T00:02:28Z,500,2026-10-07T22:42:38Z,79
2026-10-08T00:02:28Z,501,2026-04-14T16:06:24Z,253916
2026-10-08T00:02:28Z,502,2026-01-06T13:23:56Z,395198
2026-10-08T00:02:28Z,503,2026-09-24T13:53:59Z,19328
2026-10-08T00:02:28Z,504,2026-10-04T13:29:12Z,4953
2026-10-08T00:02:28Z,505,2026-10-07T17:38:51Z,383
2026-10-08T00:02:28Z,507,2026-10-07T21:01:29Z,180
2026-10-08T00:02:28Z,508,2026-10-07T21:00:43Z,181
2026-10-08T00:02:28Z,509,2026-10-07T21:35:36Z,146
2026-10-08T00:02:28Z,510,2026-10-07T21:01:04Z,181
2026-10-08T00:02:28Z,511,2026-10-07T23:59:18Z,3
2026-10-08T00:02:28Z,512,2026-10-07T22:45:55Z,76
2026-10-08T00:02:28Z,513,2026-10-07T21:00:55Z,181
2026-10-08T00:02:28Z,514,2026-10-07T21:00:50Z,181
2026-10-08T00:02:28Z,515,2026-10-07T21:00:58Z,181
2026-10-08T00:02:28Z,516,2026-10-07T21:01:40Z,180
2026-10-08T00:02:28Z,517,2026-10-07T19:10:14Z,292
2026-10-08T00:02:28Z,518,2026-10-07T21:01:18Z,181
2026-10-08T00:02:28Z,519,2026-10-07T21:00:50Z,181
2026-10-08T00:02:28Z,520,2026-10-07T21:00:40Z,181
2026-10-08T00:02:28Z,521,2026-10-07T21:00:56Z,181
2026-10-08T00:02:28Z,522,2026-10-07T21:00:55Z,181
2026-10-08T00:02:28Z,523,2026-10-07T21:00:59Z,181
2026-10-08T00:02:28Z,524,2026-10-07T21:00:49Z,181
2026-10-08T00:02:28Z,526,2026-10-07T21:01:23Z,181
2026-10-08T00:02:28Z,530,2026-01-06T13:23:56Z,395198
2026-10-08T00:02:28Z,531,2026-10-07T23:48:33Z,13
2026-10-08T00:02:28Z,532,2026-10-07T18:28:05Z,334
2026-10-08T00:02:28Z,535,2026-10-07T17:34:19Z,388
2026-10-08T00:02:28Z,536,2026-10-07T18:32:37Z,329
2026-10-08T00:02:28Z,537,2026-10-07T21:01:32Z,180
2026-10-08T00:02:28Z,538,2026-10-07T23:58:18Z,4
2026-10-08T00:02:28Z,539,2026-10-07T17:22:17Z,400
2026-10-08T00:02:28Z,540,2026-10-04T19:03:59Z,4618
2026-10-08T00:02:28Z,584,2026-10-07T15:12:03Z,530
2026-10-08T00:02:28Z,585,2026-10-07T18:34:21Z,328
2026-10-08T00:02:28Z,586,2026-10-07T17:51:50Z,370
2026-10-08T00:02:28Z,589,2026-01-06T13:23:56Z,395198
2026-10-08T00:02:28Z,590,2026-01-06T13:23:56Z,395198
2026-10-08T00:02:28Z,592,2026-10-07T21:01:24Z,181
2026-10-08T00:02:28Z,593,2026-10-07T21:01:16Z,181
2026-10-08T00:02:28Z,594,2026-10-07T19:24:12Z,278
2026-10-08T00:02:28Z,596,2026-10-07T20:04:41Z,237
2026-10-08T00:02:28Z,597,2026-10-07T21:00:54Z,181
2026-10-08T00:02:28Z,598,2026-01-06T13:23:56Z,395198
2026-10-08T00:02:28Z,599,2026-01-06T13:23:56Z,395198
2026-10-08T00:02:28Z,600,2026-01-06T13:23:56Z,395198
2026-10-08T00:02:28Z,664,2026-01-06T13:23:56Z,395198
2026-10-08T00:02:28Z,670,2026-10-07T15:16:09Z,526
2026-10-08T00:02:28Z,671,2026-10-07T17:59:15Z,363
2026-10-08T00:02:28Z,672,2026-10-07T12:41:45Z,680
2026-10-08T00:02:28Z,677,2026-10-07T21:01:18Z,181
2026-10-08T00:02:28Z,678,2026-10-07T21:01:00Z,181
2026-10-08T00:02:28Z,679,2026-10-07T23:24:32Z,37
2026-10-08T00:02:28Z,703,2026-10-05T00:08:31Z,4313
2026-10-08T00:02:28Z,704,2026-10-07T12:35:09Z,687
2026-10-08T00:02:28Z,705,2026-10-07T17:06:40Z,415
2026-10-08T00:02:28Z,707,2026-10-07T14:06:07Z,596
2026-10-08T00:02:28Z,709,2026-10-07T17:38:09Z,384
2026-10-08T00:02:28Z,710,2026-10-07T13:05:22Z,657
2026-10-08T00:02:28Z,712,2026-10-07T18:21:47Z,340
2026-10-08T00:02:28Z,713,2026-10-07T13:33:50Z,628
2026-10-08T00:02:28Z,715,2026-10-07T13:22:19Z,640
2026-10-08T00:02:28Z,717,2026-10-07T17:09:32Z,412
2026-10-08T00:02:28Z,737,2026-10-07T14:14:32Z,587
2026-10-08T00:02:28Z,1269,2026-10-07T13:36:02Z,626
2026-10-08T00:02:28Z,1302,2026-10-07T20:25:53Z,216
2026-10-08T00:02:28Z,1314,2026-10-07T14:04:20Z,598
2026-10-08T00:02:28Z,1315,2026-10-07T10:22:55Z,819
2026-10-08T00:02:28Z,1316,2026-10-06T18:56:43Z,1745
2026-10-08T00:02:28Z,1317,2026-10-07T23:45:59Z,16
2026-10-08T00:02:28Z,1321,2026-10-07T20:24:29Z,217
2026-10-08T00:02:28Z,1353,2026-10-07T19:31:46Z,270
2026-10-08T00:02:28Z,1354,2026-10-07T21:53:11Z,129
2026-10-08T00:02:28Z,1363,2026-10-07T20:38:06Z,204
2026-10-08T00:02:28Z,1364,2026-10-07T13:24:02Z,638
2026-10-08T00:02:28Z,1453,2026-10-07T21:01:13Z,181
2026-10-08T00:02:28Z,1454,2026-10-07T21:01:07Z,181
2026-10-08T00:02:28Z,1477,2026-10-03T00:12:47Z,7189
2026-10-08T00:02:28Z,1478,2026-10-04T00:19:38Z,5742
2026-10-08T00:02:28Z,1510,2026-10-08T00:00:04Z,2
2026-10-08T00:02:28Z,1512,2026-10-08T00:00:04Z,2
2026-10-08T00:02:28Z,1514,2026-10-08T00:00:04Z,2
2026-10-08T00:02:28Z,1515,2026-10-08T00:00:04Z,2
2026-10-08T00:02:28Z,1516,2026-10-08T00:00:04Z,2
2026-10-08T00:02:28Z,1517,2026-10-08T00:00:04Z,2
2026-10-08T00:02:28Z,1518,2026-10-08T00:00:04Z,2
2026-10-08T00:02:28Z,1522,2026-10-08T00:00:04Z,2
2026-10-08T00:02:28Z,1523,2026-10-08T00:00:04Z,2
2026-10-08T00:02:28Z,1524,2026-10-08T00:00:04Z,2
2026-10-08T00:02:28Z,1525,2026-10-08T00:00:04Z,2
2026-10-08T00:02:28Z,1529,2026-10-05T08:05:06Z,3837
2026-10-08T00:02:28Z,1530,2026-10-05T14:27:02Z,3455
2026-10-08T00:02:28Z,1531,2026-10-06T00:17:28Z,2865
2026-10-08T00:02:28Z,1532,2026-10-04T13:38:34Z,4943
2026-10-08T00:02:28Z,1534,2026-10-07T21:57:10Z,125
2026-10-08T00:02:28Z,1535,2026-10-08T00:00:04Z,2
2026-10-08T00:02:28Z,1554,2026-10-06T17:01:00Z,1861
2026-10-08T00:02:28Z,1556,2026-10-07T18:14:22Z,348
2026-10-08T00:02:28Z,1557,2026-10-07T21:04:43Z,177
2026-10-08T00:02:28Z,1562,2026-10-06T00:17:21Z,2865
2026-10-08T00:02:28Z,1641,2026-10-07T21:42:44Z,139
2026-10-08T00:02:28Z,1644,2026-10-07T18:27:15Z,335
2026-10-08T00:02:28Z,1645,2026-07-29T06:29:40Z,101852
2026-10-08T00:02:28Z,1647,2026-10-07T18:44:03Z,318
2026-10-08T00:02:28Z,1649,2026-10-07T21:00:51Z,181
2026-10-08T00:02:28Z,1650,2026-10-07T17:14:46Z,407
2026-10-08T00:02:28Z,1653,2026-10-07T03:15:38Z,1246
2026-10-08T00:02:28Z,1655,2026-10-07T12:46:59Z,675
2026-10-08T00:02:28Z,1656,2026-10-07T15:56:53Z,485
2026-10-08T00:02:28Z,1658,2026-10-05T11:40:26Z,3622
2026-10-08T00:02:28Z,1659,2026-10-07T17:40:13Z,382
2026-10-08T00:02:28Z,1662,2026-10-07T18:30:51Z,331
2026-10-08T00:02:28Z,1663,2026-10-07T20:08:24Z,234
2026-10-08T00:02:28Z,1664,2026-10-07T11:49:32Z,732
2026-10-08T00:02:28Z,1666,2026-10-07T14:12:19Z,590
2026-10-08T00:02:28Z,1788,2026-10-08T00:00:04Z,2
2026-10-08T00:02:28Z,1789,2026-10-08T00:00:04Z,2
2026-10-08T00:02:28Z,1790,2026-10-08T00:00:04Z,2
2026-10-08T00:02:28Z,1791,2026-10-08T00:00:04Z,2
2026-10-08T00:02:28Z,1792,2026-10-08T00:00:04Z,2
2026-10-08T00:02:28Z,1793,2026-10-08T00:00:04Z,2
2026-10-08T00:02:28Z,1795,2026-10-08T00:00:04Z,2
2026-10-08T00:02:28Z,1796,2026-10-08T00:00:04Z,2
2026-10-08T00:02:28Z,1797,2026-10-08T00:00:04Z,2
2026-10-08T00:02:28Z,1798,2026-10-08T00:00:04Z,2
2026-10-08T00:02:28Z,1799,2026-10-08T00:00:04Z,2
2026-10-08T00:02:28Z,1800,2026-10-08T00:00:04Z,2
2026-10-08T00:02:28Z,1801,2026-10-08T00:00:04Z,2
2026-10-08T00:02:28Z,1802,2026-10-08T00:00:04Z,2
2026-10-08T00:02:28Z,1803,2026-10-08T00:00:04Z,2
2026-10-08T00:02:28Z,1804,2026-10-08T00:00:04Z,2
2026-10-08T00:02:28Z,1805,2026-10-08T00:00:04Z,2
2026-10-08T00:02:28Z,1806,2026-10-08T00:00:04Z,2
2026-10-08T00:02:28Z,1807,2026-10-08T00:00:04Z,2
2026-10-08T00:02:28Z,1808,2026-10-08T00:00:04Z,2
2026-10-08T00:02:28Z,1809,2026-10-08T00:00:04Z,2
2026-10-08T00:02:28Z,1810,2026-10-08T00:00:04Z,2
2026-10-08T00:02:28Z,1812,2026-10-08T00:00:04Z,2
2026-10-08T00:02:28Z,1813,2026-10-08T00:00:04Z,2
2026-10-08T00:02:28Z,1816,2026-10-08T00:00:04Z,2
2026-10-08T00:02:28Z,1817,2026-10-08T00:00:04Z,2
2026-10-08T00:02:28Z,1818,2026-10-08T00:00:04Z,2
2026-10-08T00:02:28Z,1819,2026-10-08T00:00:04Z,2
2026-10-08T00:02:28Z,1821,2026-10-08T00:00:04Z,2
2026-10-08T00:02:28Z,1822,2026-10-08T00:00:04Z,2
2026-10-08T00:02:28Z,1823,2026-10-08T00:00:04Z,2
2026-10-08T00:02:28Z,1824,2026-10-08T00:00:04Z,2
2026-10-08T00:02:28Z,1825,2026-10-08T00:00:04Z,2
2026-10-08T00:02:28Z,1826,2026-10-08T00:00:04Z,2
2026-10-08T00:02:28Z,1828,2026-10-08T00:00:04Z,2
2026-10-08T00:02:28Z,1829,2026-10-08T00:00:04Z,2
2026-10-08T00:02:28Z,1830,2026-10-08T00:00:04Z,2
2026-10-08T00:02:28Z,1832,2026-10-08T00:00:04Z,2
2026-10-08T00:02:28Z,1833,2026-10-08T00:00:04Z,2
2026-10-08T00:02:28Z,1834,2026-10-08T00:00:04Z,2
2026-10-08T00:02:28Z,1835,2026-10-08T00:00:04Z,2
2026-10-08T00:02:28Z,1836,2026-10-08T00:00:04Z,2
2026-10-08T00:02:28Z,1837,2026-10-08T00:00:04Z,2
2026-10-08T00:02:28Z,1838,2026-10-08T00:00:04Z,2
2026-10-08T00:02:28Z,1839,2026-10-08T00:00:04Z,2
2026-10-08T00:02:28Z,1840,2026-10-08T00:00:04Z,2
2026-10-08T00:02:28Z,1841,2026-10-08T00:00:04Z,2
2026-10-08T00:02:28Z,1842,2026-10-08T00:00:04Z,2
2026-10-08T00:02:28Z,1843,2026-10-08T00:00:04Z,2
2026-10-08T00:02:28Z,1844,2026-10-07T14:05:33Z,596
2026-10-08T00:02:28Z,1845,2026-10-07T17:22:53Z,399
2026-10-08T00:02:28Z,1846,2026-10-07T10:36:35Z,805
2026-10-08T00:02:28Z,1847,2026-10-07T21:00:47Z,181
2026-10-08T00:02:28Z,1848,2026-10-07T20:31:35Z,210
2026-10-08T00:02:28Z,1851,2026-10-07T03:07:56Z,1254
2026-10-08T00:02:28Z,1852,2026-10-07T07:21:05Z,1001
2026-10-08T00:02:28Z,1855,2026-10-05T16:43:12Z,3319
2026-10-08T00:02:28Z,1866,2026-09-22T16:10:30Z,22071
2026-10-08T00:02:28Z,1867,2026-09-29T14:42:26Z,12080
2026-10-08T00:02:28Z,1868,2026-10-07T14:55:41Z,546
2026-10-08T00:02:28Z,1872,2026-01-06T13:23:56Z,395198
2026-10-08T00:02:28Z,1874,2026-10-07T07:20:16Z,1002
2026-10-08T00:02:28Z,1917,2026-10-07T07:01:09Z,1021
2026-10-08T00:02:28Z,1918,2026-10-07T23:58:04Z,4
2026-10-08T00:02:28Z,1919,2026-10-07T18:26:43Z,335
2026-10-08T00:02:28Z,1920,2026-10-07T17:55:25Z,367
2026-10-08T00:02:28Z,1921,2026-10-07T07:01:09Z,1021
2026-10-08T00:02:28Z,1922,2026-10-07T07:01:09Z,1021
2026-10-08T00:02:28Z,1923,2026-10-07T18:39:27Z,323
2026-10-08T00:02:28Z,1924,2026-10-07T07:06:01Z,1016
2026-10-08T00:02:28Z,1925,2026-10-07T19:22:26Z,280
2026-10-08T00:02:28Z,1926,2026-10-07T13:28:43Z,633
2026-10-08T00:02:28Z,1927,2026-10-07T23:18:10Z,44
2026-10-08T00:02:28Z,1928,2026-10-07T12:38:49Z,683
2026-10-08T00:02:28Z,1929,2026-10-07T19:13:30Z,288
2026-10-08T00:02:28Z,1931,2026-10-07T20:22:37Z,219
2026-10-08T00:02:28Z,1932,2026-10-07T14:20:39Z,581
2026-10-08T00:02:28Z,1933,2026-10-07T10:44:48Z,797
2026-10-08T00:02:28Z,1937,2026-10-07T23:40:10Z,22
2026-10-08T00:02:28Z,1938,2026-10-07T15:21:06Z,521
2026-10-08T00:02:28Z,1939,2026-09-26T00:09:06Z,17273
2026-10-08T00:02:28Z,1940,2026-10-07T20:35:33Z,206
2026-10-08T00:02:28Z,1941,2026-10-07T11:54:15Z,728
2026-10-08T00:02:28Z,1942,2026-10-07T18:34:17Z,328
2026-10-08T00:02:28Z,1943,2026-10-07T07:01:09Z,1021
2026-10-08T00:02:28Z,1944,2026-10-07T07:20:25Z,1002
2026-10-08T00:02:28Z,2413,2026-10-07T18:11:45Z,350
2026-10-08T00:02:28Z,2414,2026-10-07T13:09:34Z,652
2026-10-08T00:02:28Z,2415,2026-10-07T20:06:59Z,235
2026-10-08T00:02:28Z,2416,2026-03-23T07:14:46Z,286127
2026-10-08T00:02:28Z,2417,2026-10-07T20:19:14Z,223
2026-10-08T00:02:28Z,2418,2026-10-07T21:35:39Z,146
2026-10-08T00:02:28Z,2419,2026-03-23T08:11:39Z,286070
2026-10-08T00:02:28Z,2420,2026-10-07T19:56:26Z,246
2026-10-08T00:02:28Z,2421,2026-10-07T21:01:40Z,180
2026-10-08T00:02:28Z,2424,2026-10-07T21:21:34Z,160
2026-10-08T00:02:28Z,2425,2026-10-07T20:26:09Z,216
2026-10-08T00:02:28Z,2430,2026-10-07T22:34:37Z,87
2026-10-08T00:02:28Z,2435,2026-10-07T22:34:43Z,87
2026-10-08T00:02:28Z,2436,2026-10-07T22:34:29Z,87
2026-10-08T00:02:28Z,2437,2026-10-07T22:34:56Z,87
2026-10-08T00:02:28Z,2439,2026-10-07T13:09:36Z,652
2026-10-08T00:02:28Z,2575,2026-10-07T23:29:45Z,32
2026-10-08T00:02:28Z,2576,2026-10-07T20:47:46Z,194
2026-10-08T00:02:28Z,2577,2026-10-07T17:32:48Z,389
2026-10-08T00:02:28Z,2580,2026-10-07T11:50:13Z,732
2026-10-08T00:02:28Z,2581,2026-10-06T06:25:39Z,2496
2026-10-08T00:02:28Z,2584,2026-10-06T17:51:52Z,1810
2026-10-08T00:02:28Z,2585,2026-10-07T10:03:48Z,838
2026-10-08T00:02:28Z,2586,2026-10-06T10:00:46Z,2281
2026-10-08T00:02:28Z,2587,2026-10-07T09:34:41Z,867
2026-10-08T00:02:28Z,2593,2026-10-07T13:21:38Z,640
2026-10-08T00:02:28Z,2594,2026-10-07T18:09:30Z,352
2026-10-08T00:02:28Z,2595,2026-10-07T23:05:31Z,56
2026-10-08T00:02:28Z,2596,2026-10-07T13:57:51Z,604
2026-10-08T00:02:28Z,2603,2026-10-07T16:01:57Z,480
2026-10-08T00:02:28Z,2604,2026-10-06T06:29:08Z,2493
2026-10-08T00:02:28Z,2605,2026-10-07T15:18:14Z,524
2026-10-08T00:02:28Z,2608,2026-10-07T19:03:33Z,298
2026-10-08T00:02:28Z,2609,2026-10-04T10:38:30Z,5123
2026-10-08T00:02:28Z,2610,2026-10-07T21:08:56Z,173
2026-10-08T00:02:28Z,2611,2026-10-07T21:00:50Z,181
2026-10-08T00:02:28Z,2613,2026-10-07T16:49:43Z,432
2026-10-08T00:02:28Z,2615,2026-10-07T14:40:03Z,562
2026-10-08T00:02:28Z,2616,2026-10-06T13:01:44Z,2100
2026-10-08T00:02:28Z,2617,2026-10-07T17:51:56Z,370
2026-10-08T00:02:28Z,2618,2026-10-07T19:23:42Z,278
2026-10-08T00:02:28Z,2621,2026-10-07T13:31:28Z,631
2026-10-08T00:02:28Z,2622,2026-10-07T18:34:29Z,327
2026-10-08T00:02:28Z,2623,2026-10-03T07:42:35Z,6739
2026-10-08T00:02:28Z,2624,2026-10-07T16:15:52Z,466
2026-10-08T00:02:28Z,2625,2026-10-07T21:40:29Z,141
2026-10-08T00:02:28Z,2626,2026-10-07T17:25:16Z,397
2026-10-08T00:02:28Z,2627,2026-10-07T13:45:19Z,617
2026-10-08T00:02:28Z,2628,2026-10-07T20:28:18Z,214
2026-10-08T00:02:28Z,2629,2026-10-07T17:56:54Z,365
2026-10-08T00:02:28Z,2630,2026-10-07T23:26:48Z,35
2026-10-08T00:02:28Z,2631,2026-10-01T13:09:09Z,9293
2026-10-08T00:02:28Z,2632,2026-10-07T14:46:36Z,555
2026-10-08T00:02:28Z,2633,2026-10-05T11:58:05Z,3604
2026-10-08T00:02:28Z,2634,2026-10-07T23:31:10Z,31
2026-10-08T00:02:28Z,2635,2026-10-07T18:50:31Z,311
2026-10-08T00:02:28Z,2636,2026-10-07T08:23:26Z,939
2026-10-08T00:02:28Z,2644,2026-01-06T13:23:56Z,395198
2026-10-08T00:02:28Z,2646,2026-01-06T13:23:56Z,395198
2026-10-08T00:02:28Z,2648,2026-10-07T18:21:57Z,340
2026-10-08T00:02:28Z,2649,2026-10-07T23:09:06Z,53
2026-10-08T00:02:28Z,2650,2026-10-07T19:31:18Z,271
2026-10-08T00:02:28Z,2651,2026-10-06T11:51:24Z,2171
2026-10-08T00:02:28Z,2652,2026-10-07T11:30:40Z,751
2026-10-08T00:02:28Z,2653,2026-10-07T17:42:42Z,379
2026-10-08T00:02:28Z,2654,2026-10-07T07:03:55Z,1018
2026-10-08T00:02:28Z,2655,2026-10-06T08:33:51Z,2368
2026-10-08T00:02:28Z,2656,2026-10-07T09:10:10Z,892
2026-10-08T00:02:28Z,2657,2026-10-07T06:12:18Z,1070
2026-10-08T00:02:28Z,2658,2026-10-07T18:20:40Z,341
2026-10-08T00:02:28Z,2659,2026-10-07T07:47:07Z,975
2026-10-08T00:02:28Z,2661,2026-10-07T12:56:51Z,665
2026-10-08T00:02:28Z,2665,2026-10-07T17:05:51Z,416
2026-10-08T00:02:28Z,2666,2026-10-08T00:00:04Z,2
2026-10-08T00:02:28Z,2667,2026-10-08T00:00:04Z,2
2026-10-08T00:02:28Z,2668,2026-10-08T00:00:04Z,2
2026-10-08T00:02:28Z,2669,2026-10-05T13:28:09Z,3514
2026-10-08T00:02:28Z,2670,2026-10-07T23:59:33Z,2
2026-10-08T00:02:28Z,2671,2026-10-07T22:35:13Z,87
2026-10-08T00:02:28Z,2672,2026-10-07T10:55:11Z,787
2026-10-08T00:02:28Z,2673,2026-10-07T16:10:04Z,472
2026-10-08T00:02:28Z,2674,2026-10-02T05:41:19Z,8301
2026-10-08T00:02:28Z,2675,2026-10-07T06:23:41Z,1058
2026-10-08T00:02:28Z,2676,2026-10-07T15:37:53Z,504
2026-10-08T00:02:28Z,2677,2026-10-08T00:00:04Z,2
2026-10-08T00:02:28Z,2682,2026-10-07T13:18:57Z,643
2026-10-08T00:02:28Z,2683,2026-10-07T10:02:48Z,839
2026-10-08T00:02:28Z,2684,2026-10-07T18:15:01Z,347
2026-10-08T00:02:28Z,2686,2026-10-07T05:34:48Z,1107
2026-10-08T00:02:28Z,2687,2026-10-05T16:57:47Z,3304
2026-10-08T00:02:28Z,2688,2026-10-05T15:38:41Z,3383
2026-10-08T00:02:28Z,2689,2026-10-06T11:59:14Z,2163
2026-10-08T00:02:28Z,2690,2026-10-07T15:50:58Z,491
2026-10-08T00:02:28Z,2691,2026-10-07T18:24:26Z,338
2026-10-08T00:02:28Z,2692,2026-10-07T19:28:19Z,274
2026-10-08T00:02:28Z,2693,2026-10-07T16:19:47Z,462
2026-10-08T00:02:28Z,2694,2026-10-07T17:04:42Z,417
2026-10-08T00:02:28Z,2696,2026-10-07T18:00:54Z,361
2026-10-08T00:02:28Z,2697,2026-10-07T07:01:09Z,1021
2026-10-08T00:02:28Z,2698,2026-10-07T07:01:09Z,1021
2026-10-08T00:02:28Z,2699,2026-10-07T23:52:14Z,10
2026-10-08T00:02:28Z,2700,2026-10-07T00:04:18Z,1438
2026-10-08T00:02:28Z,2701,2026-10-07T19:08:38Z,293
2026-10-08T00:02:28Z,2702,2026-10-07T16:14:27Z,468
2026-10-08T00:02:28Z,2703,2026-10-07T07:01:09Z,1021
2026-10-08T00:02:28Z,2704,2026-10-07T20:43:53Z,198
2026-10-08T00:02:28Z,2705,2026-10-07T18:47:29Z,314
2026-10-08T00:02:28Z,2706,2026-10-07T15:15:16Z,527
2026-10-08T00:02:28Z,2707,2026-10-07T11:14:06Z,768
2026-10-08T00:02:28Z,2708,2026-10-07T20:32:59Z,209
2026-10-08T00:02:28Z,2709,2026-10-07T14:05:32Z,596
2026-10-08T00:02:28Z,2710,2026-07-29T06:29:49Z,101852
2026-10-08T00:02:28Z,2716,2026-10-07T19:25:04Z,277
2026-10-08T00:02:28Z,2717,2026-10-07T23:45:58Z,16
2026-10-08T00:02:28Z,2718,2026-10-07T21:49:25Z,133
2026-10-08T00:02:28Z,2719,2026-10-07T19:25:14Z,277
2026-10-08T00:02:28Z,2722,2026-10-07T08:41:59Z,920
2026-10-08T00:02:28Z,2724,2026-10-06T14:33:46Z,2008
2026-10-08T00:02:28Z,2726,2026-10-07T22:43:35Z,78
2026-10-08T00:02:28Z,2727,2026-10-07T16:04:07Z,478
2026-10-08T00:02:28Z,2728,2026-10-07T10:03:18Z,839
2026-10-08T00:02:28Z,2729,2026-10-02T04:47:12Z,8355
2026-10-08T00:02:28Z,2734,2026-07-29T06:33:24Z,101849
2026-10-08T00:02:28Z,2736,2026-10-07T15:38:04Z,504
2026-10-08T00:02:28Z,2738,2026-10-07T09:50:35Z,851
2026-10-08T00:02:28Z,2739,2026-10-07T21:24:34Z,157
2026-10-08T00:02:28Z,2740,2026-10-07T15:50:21Z,492
2026-10-08T00:02:28Z,2743,2026-10-07T16:48:41Z,433
2026-10-08T00:02:28Z,2746,2026-10-06T06:10:02Z,2512
2026-10-08T00:02:28Z,2748,2026-10-07T11:43:50Z,738
2026-10-08T00:02:28Z,2757,2026-10-07T13:58:32Z,603
2026-10-08T00:02:28Z,2758,2026-10-07T17:35:52Z,386
2026-10-08T00:02:28Z,2759,2026-10-07T18:26:44Z,335
2026-10-08T00:02:28Z,2760,2026-10-07T14:33:19Z,569
2026-10-08T00:02:28Z,2761,2026-10-07T15:24:53Z,517
2026-10-08T00:02:28Z,2763,2026-10-07T14:14:35Z,587
2026-10-08T00:02:28Z,2764,2026-10-07T07:15:21Z,1007
2026-10-08T00:02:28Z,2765,2026-10-07T12:44:15Z,678
2026-10-08T00:02:28Z,2766,2026-10-07T11:26:06Z,756
2026-10-08T00:02:28Z,2767,2026-10-07T07:01:09Z,1021
2026-10-08T00:02:28Z,2768,2026-10-07T20:55:05Z,187
2026-10-08T00:02:28Z,2769,2026-10-07T16:19:44Z,462
2026-10-08T00:02:28Z,2770,2026-10-07T07:01:09Z,1021
2026-10-08T00:02:28Z,2771,2026-10-08T00:00:04Z,2
2026-10-08T00:02:28Z,2772,2026-10-08T00:00:04Z,2
2026-10-08T00:02:28Z,2773,2026-10-07T21:01:28Z,181
2026-10-08T00:02:28Z,2774,2026-10-07T21:00:44Z,181
2026-10-08T00:02:28Z,2778,2026-10-07T21:01:14Z,181
2026-10-08T00:02:28Z,2779,2026-10-07T21:00:56Z,181
2026-10-08T00:02:28Z,2780,2026-10-07T21:00:57Z,181
2026-10-08T00:02:28Z,2782,2026-10-07T21:01:29Z,180
2026-10-08T00:02:28Z,2788,2026-10-07T21:00:47Z,181
2026-10-08T00:02:28Z,2789,2026-10-07T21:00:49Z,181
2026-10-08T00:02:28Z,2791,2026-10-07T21:01:29Z,180
2026-10-08T00:02:28Z,2792,2026-10-07T23:20:25Z,42
2026-10-08T00:02:28Z,2794,2026-10-07T21:01:18Z,181
2026-10-08T00:02:28Z,2795,2026-10-07T21:01:11Z,181
2026-10-08T00:02:28Z,2796,2026-10-07T21:01:11Z,181
2026-10-08T00:02:28Z,2797,2026-10-07T21:00:43Z,181
2026-10-08T00:02:28Z,2798,2026-10-07T21:00:39Z,181
2026-10-08T00:02:28Z,2799,2026-10-07T21:00:44Z,181
2026-10-08T00:02:28Z,2800,2026-10-07T21:01:27Z,181
2026-10-08T00:02:28Z,2802,2026-09-01T06:51:28Z,52871
2026-10-08T00:02:28Z,2803,2026-10-07T21:01:49Z,180
2026-10-08T00:02:28Z,2804,2026-10-07T21:01:03Z,181
2026-10-08T00:02:28Z,2805,2026-10-07T14:28:14Z,574
2026-10-08T00:02:28Z,2806,2026-10-07T21:00:52Z,181
2026-10-08T00:02:28Z,2807,2026-10-07T21:00:41Z,181
2026-10-08T00:02:28Z,2808,2026-10-07T22:15:29Z,106
2026-10-08T00:02:28Z,2809,2026-10-07T21:00:54Z,181
2026-10-08T00:02:28Z,2810,2026-10-07T18:54:24Z,308
2026-10-08T00:02:28Z,2811,2026-10-07T21:01:05Z,181
2026-10-08T00:02:28Z,2812,2026-10-07T21:00:42Z,181
2026-10-08T00:02:28Z,2813,2026-10-07T21:00:50Z,181
2026-10-08T00:02:28Z,2814,2026-10-07T21:01:16Z,181
2026-10-08T00:02:28Z,2815,2026-10-07T14:20:35Z,581
2026-10-08T00:02:28Z,2816,2026-10-07T09:12:44Z,889
2026-10-08T00:02:28Z,2817,2026-10-07T21:00:54Z,181
2026-10-08T00:02:28Z,2818,2026-10-07T21:01:10Z,181
2026-10-08T00:02:28Z,2819,2026-10-07T21:00:40Z,181
2026-10-08T00:02:28Z,2820,2026-10-07T21:00:50Z,181
2026-10-08T00:02:28Z,2821,2026-10-07T23:45:08Z,17
2026-10-08T00:02:28Z,2822,2026-10-07T21:30:07Z,152
2026-10-08T00:02:28Z,2824,2026-10-07T21:01:42Z,180
2026-10-08T00:02:28Z,2825,2026-02-23T12:04:04Z,326158
2026-10-08T00:02:28Z,2826,2026-10-07T21:01:22Z,181
2026-10-08T00:02:28Z,2827,2026-10-07T21:03:55Z,178
2026-10-08T00:02:28Z,2828,2026-10-07T21:02:25Z,180
2026-10-08T00:02:28Z,2829,2026-10-07T21:01:02Z,181
2026-10-08T00:02:28Z,2830,2026-10-07T21:00:46Z,181
2026-10-08T00:02:28Z,2831,2026-10-07T21:01:07Z,181
2026-10-08T00:02:28Z,2832,2026-10-07T21:00:48Z,181
2026-10-08T00:02:28Z,2833,2026-05-14T09:37:50Z,211104
2026-10-08T00:02:28Z,2834,2026-10-07T21:01:18Z,181
2026-10-08T00:02:28Z,2835,2026-10-07T21:01:24Z,181
2026-10-08T00:02:28Z,2836,2026-10-07T21:00:52Z,181
2026-10-08T00:02:28Z,2837,2026-10-07T21:01:19Z,181
2026-10-08T00:02:28Z,2838,2026-10-07T21:01:16Z,181
2026-10-08T00:02:28Z,2839,2026-10-07T21:00:54Z,181
2026-10-08T00:02:28Z,2840,2026-10-07T20:25:53Z,216
2026-10-08T00:02:28Z,2841,2026-10-07T19:46:12Z,256
2026-10-08T00:02:28Z,2843,2026-10-07T20:43:13Z,199
2026-10-08T00:02:28Z,2844,2026-10-07T19:25:38Z,276
2026-10-08T00:02:28Z,2845,2026-10-07T17:04:05Z,418
2026-10-08T00:02:28Z,2846,2026-10-04T16:35:41Z,4766
2026-10-08T00:02:28Z,2847,2026-10-07T10:35:09Z,807
2026-10-08T00:02:28Z,2848,2026-10-07T13:51:41Z,610
2026-10-08T00:02:28Z,2849,2026-10-07T13:35:45Z,626
2026-10-08T00:02:28Z,2850,2026-10-07T15:08:40Z,533
2026-10-08T00:02:28Z,2851,2026-10-07T17:03:57Z,418
2026-10-08T00:02:28Z,2852,2026-10-05T01:21:38Z,4240
2026-10-08T00:02:28Z,2853,2026-10-07T14:02:21Z,600
2026-10-08T00:02:28Z,2855,2026-10-07T13:51:55Z,610
2026-10-08T00:02:28Z,2856,2026-10-07T14:56:00Z,546
2026-10-08T00:02:28Z,2857,2026-10-07T18:58:01Z,304
2026-10-08T00:02:28Z,2858,2026-10-05T09:48:16Z,3734
2026-10-08T00:02:28Z,2859,2026-10-07T17:46:24Z,376
2026-10-08T00:02:28Z,2860,2026-10-07T16:29:59Z,452
2026-10-08T00:02:28Z,2861,2026-10-05T11:55:55Z,3606
2026-10-08T00:02:28Z,2862,2026-10-07T16:55:01Z,427
2026-10-08T00:02:28Z,2863,2026-10-07T07:25:46Z,996
2026-10-08T00:02:28Z,2864,2026-10-07T15:04:29Z,537
2026-10-08T00:02:28Z,2865,2026-10-06T08:30:47Z,2371
2026-10-08T00:02:28Z,2866,2026-10-07T08:34:19Z,928
2026-10-08T00:02:28Z,2867,2026-10-07T13:23:36Z,638
2026-10-08T00:02:28Z,2868,2026-10-07T13:26:34Z,635
2026-10-08T00:02:28Z,2869,2026-10-07T09:19:03Z,883
2026-10-08T00:02:28Z,2870,2026-10-07T13:27:32Z,634
2026-10-08T00:02:28Z,2871,2026-10-07T20:50:58Z,191
2026-10-08T00:02:28Z,2872,2026-10-07T16:46:18Z,436
2026-10-08T00:02:28Z,2873,2026-10-07T10:51:32Z,790
2026-10-08T00:02:28Z,2874,2026-10-07T16:50:09Z,432
2026-10-08T00:02:28Z,2875,2026-10-07T11:02:12Z,780
2026-10-08T00:02:28Z,2876,2026-10-07T17:29:49Z,392
2026-10-08T00:02:28Z,2877,2026-10-07T17:25:13Z,397
2026-10-08T00:02:28Z,2878,2026-10-07T15:02:51Z,539
2026-10-08T00:02:28Z,2879,2026-10-07T17:17:35Z,404
2026-10-08T00:02:28Z,2880,2026-10-07T17:13:14Z,409
2026-10-08T00:02:28Z,2881,2026-10-07T08:34:48Z,927
2026-10-08T00:02:28Z,2882,2026-10-07T16:53:11Z,429
2026-10-08T00:02:28Z,2883,2026-10-07T19:28:30Z,273
2026-10-08T00:02:28Z,2884,2026-10-07T15:37:00Z,505
2026-10-08T00:02:28Z,2885,2026-10-07T17:59:05Z,363
2026-10-08T00:02:28Z,2886,2026-10-07T07:01:09Z,1021
2026-10-08T00:02:28Z,2887,2026-10-07T11:32:47Z,749
2026-10-08T00:02:28Z,2889,2026-10-07T14:00:23Z,602
2026-10-08T00:02:28Z,2890,2026-10-07T04:21:09Z,1181
2026-10-08T00:02:28Z,2891,2026-10-07T12:34:12Z,688
2026-10-08T00:02:28Z,2892,2026-10-07T14:14:57Z,587
2026-10-08T00:02:28Z,2893,2026-10-07T19:32:01Z,270
2026-10-08T00:02:28Z,2894,2026-10-05T09:38:52Z,3743
2026-10-08T00:02:28Z,2895,2026-10-07T08:49:46Z,912
2026-10-08T00:02:28Z,2896,2026-10-07T12:35:43Z,686
2026-10-08T00:02:28Z,2897,2026-10-07T12:20:18Z,702
2026-10-08T00:02:28Z,2898,2026-10-03T16:54:30Z,6187
2026-10-08T00:02:28Z,2899,2026-10-07T13:35:42Z,626
2026-10-08T00:02:28Z,2900,2026-10-06T04:31:31Z,2610
2026-10-08T00:02:28Z,2901,2026-10-07T20:54:44Z,187
2026-10-08T00:02:28Z,2902,2026-10-07T15:54:01Z,488
2026-10-08T00:02:28Z,2903,2026-10-07T16:17:09Z,465
2026-10-08T00:02:28Z,2904,2026-10-07T13:16:05Z,646
2026-10-08T00:02:28Z,2906,2026-10-07T06:28:11Z,1054
2026-10-08T00:02:28Z,2907,2026-10-07T18:44:11Z,318
2026-10-08T00:02:28Z,2908,2026-10-07T15:08:03Z,534
2026-10-08T00:02:28Z,2909,2026-10-07T15:43:57Z,498
2026-10-08T00:02:28Z,2911,2026-10-07T11:08:18Z,774
2026-10-08T00:02:28Z,2912,2026-10-07T18:55:45Z,306
2026-10-08T00:02:28Z,2913,2026-10-07T09:36:16Z,866
2026-10-08T00:02:28Z,2914,2026-10-07T15:45:10Z,497
2026-10-08T00:02:28Z,2915,2026-10-07T21:25:58Z,156
2026-10-08T00:02:28Z,2916,2026-10-07T15:33:52Z,508
2026-10-08T00:02:28Z,2917,2026-10-07T18:27:11Z,335
2026-10-08T00:02:28Z,2918,2026-10-07T12:50:22Z,672
2026-10-08T00:02:28Z,2919,2026-10-07T17:56:42Z,365
2026-10-08T00:02:28Z,2920,2026-10-07T16:29:43Z,452
2026-10-08T00:02:28Z,2921,2026-10-07T16:07:45Z,474
2026-10-08T00:02:28Z,2922,2026-10-07T07:09:19Z,1013
2026-10-08T00:02:28Z,2923,2026-10-05T08:48:50Z,3793
2026-10-08T00:02:28Z,2924,2026-10-07T12:05:22Z,717
2026-10-08T00:02:28Z,2925,2026-10-05T11:02:46Z,3659
2026-10-08T00:02:28Z,2926,2026-10-07T19:55:25Z,247
2026-10-08T00:02:28Z,2927,2026-10-07T13:27:02Z,635
2026-10-08T00:02:28Z,2928,2026-10-07T16:20:24Z,462
2026-10-08T00:02:28Z,2929,2026-10-07T17:28:33Z,393
2026-10-08T00:02:28Z,2930,2026-10-07T10:40:50Z,801
2026-10-08T00:02:28Z,2931,2026-10-07T07:37:03Z,985
2026-10-08T00:02:28Z,2932,2026-10-07T17:36:35Z,385
2026-10-08T00:02:28Z,2933,2026-10-07T21:29:08Z,153
2026-10-08T00:02:28Z,2934,2026-10-05T15:48:52Z,3373
2026-10-08T00:02:28Z,2935,2026-10-06T13:09:28Z,2093
2026-10-08T00:02:28Z,2936,2026-10-07T07:45:42Z,976
2026-10-08T00:02:28Z,2937,2026-10-07T21:29:12Z,153
2026-10-08T00:02:28Z,2938,2026-10-07T13:09:55Z,652
2026-10-08T00:02:28Z,2939,2026-10-07T09:22:31Z,879
2026-10-08T00:02:28Z,2940,2026-10-07T16:48:32Z,433
2026-10-08T00:02:28Z,2941,2026-10-07T22:35:07Z,87
2026-10-08T00:02:28Z,2942,2026-10-07T20:29:11Z,213
2026-10-08T00:02:28Z,2943,2026-10-07T19:49:04Z,253
2026-10-08T00:02:28Z,2944,2026-10-07T16:50:35Z,431
2026-10-08T00:02:28Z,2945,2026-10-07T15:12:14Z,530
2026-10-08T00:02:28Z,2981,2026-10-07T18:13:42Z,348
2026-10-08T00:02:28Z,2982,2026-10-03T11:15:04Z,6527
2026-10-08T00:02:28Z,2983,2026-10-07T14:54:40Z,547
2026-10-08T00:02:28Z,2984,2026-10-07T20:25:28Z,217
2026-10-08T00:02:28Z,2985,2026-10-07T16:08:23Z,474
2026-10-08T00:02:28Z,2986,2026-10-07T15:08:13Z,534
2026-10-08T00:02:28Z,2987,2026-10-07T16:52:03Z,430
2026-10-08T00:02:28Z,2988,2026-10-07T17:02:05Z,420
2026-10-08T00:02:28Z,2989,2026-10-07T18:30:35Z,331
2026-10-08T00:02:28Z,2990,2026-10-07T16:38:21Z,444
2026-10-08T00:02:28Z,2991,2026-10-07T07:01:09Z,1021
2026-10-08T00:02:28Z,2992,2026-10-07T16:37:29Z,444
2026-10-08T00:02:28Z,2993,2026-10-07T17:30:39Z,391
2026-10-08T00:02:28Z,2994,2026-10-07T18:57:11Z,305
2026-10-08T00:02:28Z,2995,2026-10-07T14:59:31Z,542
2026-10-08T00:02:28Z,2996,2026-10-07T13:28:21Z,634
2026-10-08T00:02:28Z,2997,2026-10-07T20:35:42Z,206
2026-10-08T00:02:28Z,2999,2026-10-07T13:57:56Z,604
2026-10-08T00:02:28Z,3000,2026-10-07T23:01:01Z,61
2026-10-08T00:02:28Z,3001,2026-10-07T17:30:54Z,391
2026-10-08T00:02:28Z,3002,2026-10-07T16:44:33Z,437
2026-10-08T00:02:28Z,3003,2026-10-07T15:46:59Z,495
2026-10-08T00:02:28Z,3009,2026-10-08T00:00:04Z,2
2026-10-08T00:02:28Z,3011,2026-10-08T00:00:03Z,2
2026-10-08T00:02:28Z,3035,2026-10-07T20:37:42Z,204
2026-10-08T00:02:28Z,3037,2026-10-07T20:23:14Z,219
2026-10-08T00:02:28Z,3038,2026-10-07T23:15:11Z,47
2026-10-08T00:02:28Z,3042,2026-10-07T20:59:33Z,182
2026-10-08T00:02:28Z,3043,2026-10-07T20:30:04Z,212
2026-10-08T00:02:28Z,3044,2026-10-07T20:31:38Z,210
2026-10-08T00:02:28Z,3045,2026-10-07T22:54:40Z,67
2026-10-08T00:02:28Z,3046,2026-10-07T22:30:01Z,92
2026-10-08T00:02:28Z,3049,2026-10-07T20:12:27Z,230
2026-10-08T00:02:28Z,3050,2026-10-07T18:50:08Z,312
2026-10-08T00:02:28Z,3052,2026-10-07T13:22:14Z,640
2026-10-08T00:02:28Z,3053,2026-10-07T16:13:27Z,469
2026-10-08T00:02:28Z,3054,2026-10-07T15:22:17Z,520
2026-10-08T00:02:28Z,3055,2026-10-07T16:06:11Z,476
2026-10-08T00:02:28Z,3056,2026-10-07T21:55:15Z,127
2026-10-08T00:02:28Z,3057,2026-10-07T21:53:07Z,129
2026-10-08T00:02:28Z,3058,2026-10-07T20:42:04Z,200
2026-10-08T00:02:28Z,3059,2026-10-07T19:21:36Z,280
2026-10-08T00:02:28Z,3060,2026-10-07T16:10:03Z,472
2026-10-08T00:02:28Z,3061,2026-10-08T00:00:04Z,2
2026-10-08T00:02:28Z,3062,2026-10-07T23:48:03Z,14
2026-10-08T00:02:28Z,3063,2026-10-07T12:47:52Z,674
2026-10-08T00:02:28Z,3064,2026-10-07T17:11:12Z,411
2026-10-08T00:02:28Z,3065,2026-10-07T15:27:58Z,514
2026-10-08T00:02:28Z,3066,2026-10-07T14:33:18Z,569
2026-10-08T00:02:28Z,3067,2026-10-07T07:01:09Z,1021
2026-10-08T00:02:28Z,3068,2026-10-07T14:32:39Z,569
2026-10-08T00:02:28Z,3069,2026-10-07T07:01:09Z,1021
2026-10-08T00:02:28Z,3070,2026-10-07T13:22:32Z,639
2026-10-08T00:02:28Z,3071,2026-10-07T08:45:52Z,916
2026-10-08T00:02:28Z,3072,2026-10-07T15:33:23Z,509
2026-10-08T00:02:28Z,3073,2026-10-07T21:00:28Z,182
2026-10-08T00:02:28Z,3074,2026-10-07T13:29:13Z,633
2026-10-08T00:02:28Z,3075,2026-10-07T13:29:04Z,633
2026-10-08T00:02:28Z,3076,2026-10-07T15:42:55Z,499
2026-10-08T00:02:28Z,3077,2026-10-07T15:40:27Z,502
2026-10-08T00:02:28Z,3078,2026-10-07T10:48:47Z,793
2026-10-08T00:02:28Z,3079,2026-10-07T12:27:19Z,695
2026-10-08T00:02:28Z,3080,2026-10-07T18:20:33Z,341
2026-10-08T00:02:28Z,3081,2026-10-07T15:35:24Z,507
2026-10-08T00:02:28Z,3082,2026-10-07T09:34:49Z,867
2026-10-08T00:02:28Z,3083,2026-10-07T20:01:40Z,240
2026-10-08T00:02:28Z,3084,2026-10-07T17:50:49Z,371
2026-10-08T00:02:28Z,3085,2026-10-07T16:35:10Z,447
2026-10-08T00:02:28Z,3086,2026-10-07T15:15:07Z,527
2026-10-08T00:02:28Z,3087,2026-10-05T12:02:18Z,3600
2026-10-08T00:02:28Z,3088,2026-10-07T12:14:47Z,707
2026-10-08T00:02:28Z,3089,2026-10-07T16:18:18Z,464
2026-10-08T00:02:28Z,3091,2026-10-07T14:12:43Z,589
2026-10-08T00:02:28Z,3092,2026-10-07T19:04:42Z,297
2026-10-08T00:02:28Z,3093,2026-10-07T17:47:18Z,375
2026-10-08T00:02:28Z,3094,2026-10-07T20:14:57Z,227
2026-10-08T00:02:28Z,3095,2026-10-06T06:06:51Z,2515
2026-10-08T00:02:28Z,3096,2026-10-06T07:28:07Z,2434
2026-10-08T00:02:28Z,3101,2026-10-07T20:09:15Z,233
2026-10-08T00:02:28Z,3102,2026-10-07T09:34:56Z,867
2026-10-08T00:02:28Z,3103,2026-10-07T21:00:45Z,181
2026-10-08T00:02:28Z,3105,2026-10-07T21:00:44Z,181
2026-10-08T00:02:28Z,3107,2026-10-07T17:43:00Z,379
2026-10-08T00:02:28Z,3108,2026-10-07T21:00:28Z,182
2026-10-08T00:02:28Z,3109,2026-10-07T21:00:26Z,182
2026-10-08T00:02:28Z,3110,2026-10-07T18:52:32Z,309
2026-10-08T00:02:28Z,3111,2026-10-07T18:50:36Z,311
2026-10-08T00:02:28Z,3112,2026-10-07T15:36:30Z,505
2026-10-08T00:02:28Z,3113,2026-10-07T04:16:47Z,1185
2026-10-08T00:02:28Z,3116,2026-10-07T23:51:05Z,11
2026-10-08T00:02:28Z,3117,2026-10-07T13:30:33Z,631
2026-10-08T00:02:28Z,3118,2026-10-07T07:01:09Z,1021
2026-10-08T00:02:28Z,3131,2026-10-07T15:26:54Z,515
2026-10-08T00:02:28Z,3132,2026-10-08T00:00:04Z,2
2026-10-08T00:02:28Z,3133,2026-10-08T00:00:04Z,2
2026-10-08T00:02:28Z,3134,2026-10-08T00:00:04Z,2
2026-10-08T00:02:28Z,3135,2026-10-08T00:00:04Z,2
2026-10-08T00:02:28Z,3136,2026-10-08T00:00:04Z,2
2026-10-08T00:02:28Z,3137,2026-10-08T00:00:04Z,2
2026-10-08T00:02:28Z,3138,2026-10-08T00:00:04Z,2
2026-10-08T00:02:28Z,3139,2026-10-07T16:58:07Z,424
2026-10-08T00:02:28Z,3140,2026-10-07T00:03:52Z,1438
2026-10-08T00:02:28Z,3141,2026-10-07T17:20:02Z,402
2026-10-08T00:02:28Z,3142,2026-10-07T22:59:56Z,62
2026-10-08T00:02:28Z,3143,2026-10-07T07:53:25Z,969
2026-10-08T00:02:28Z,3144,2026-10-07T13:47:36Z,614
2026-10-08T00:02:28Z,3149,2026-10-08T00:00:04Z,2
2026-10-08T00:02:28Z,3150,2026-10-08T00:00:04Z,2
2026-10-08T00:02:28Z,3151,2026-10-08T00:00:04Z,2
2026-10-08T00:02:28Z,3152,2026-10-08T00:00:04Z,2
2026-10-08T00:02:28Z,3153,2026-10-07T03:05:37Z,1256
2026-10-08T00:02:28Z,3154,2026-10-07T07:22:54Z,999
2026-10-08T00:02:28Z,3155,2026-10-08T00:00:04Z,2
2026-10-08T00:02:28Z,3156,2026-10-08T00:00:04Z,2
2026-10-08T00:02:28Z,3157,2026-10-08T00:00:04Z,2
2026-10-08T00:02:28Z,3158,2026-10-08T00:00:04Z,2
2026-10-08T00:02:28Z,3159,2026-10-08T00:00:04Z,2
2026-10-08T00:02:28Z,3160,2026-10-03T19:05:32Z,6056
2026-10-08T00:02:28Z,3161,2026-10-08T00:00:04Z,2
2026-10-08T00:02:28Z,3162,2026-10-08T00:00:04Z,2
2026-10-08T00:02:28Z,3163,2026-10-08T00:00:04Z,2
2026-10-08T00:02:28Z,3164,2026-10-08T00:00:04Z,2
2026-10-08T00:02:28Z,3166,2026-10-08T00:00:04Z,2
2026-10-08T00:02:28Z,3167,2026-10-08T00:00:04Z,2
2026-10-08T00:02:28Z,3168,2026-10-08T00:00:04Z,2
2026-10-08T00:02:28Z,3169,2026-10-08T00:00:04Z,2
2026-10-08T00:02:28Z,3170,2026-10-07T17:35:46Z,386
2026-10-08T00:02:28Z,3171,2026-10-08T00:00:04Z,2
2026-10-08T00:02:28Z,3173,2026-10-08T00:00:04Z,2
2026-10-08T00:02:28Z,3174,2026-10-08T00:00:04Z,2
2026-10-08T00:02:28Z,3176,2026-10-08T00:00:04Z,2
2026-10-08T00:02:28Z,3181,2026-10-08T00:00:04Z,2
2026-10-08T00:02:28Z,3182,2026-10-08T00:00:04Z,2
2026-10-08T00:02:28Z,3183,2026-10-07T19:53:49Z,248
2026-10-08T00:02:28Z,3184,2026-10-08T00:00:04Z,2
2026-10-08T00:02:28Z,3185,2026-10-08T00:00:04Z,2
2026-10-08T00:02:28Z,3186,2026-10-08T00:00:04Z,2
2026-10-08T00:02:28Z,3187,2026-10-08T00:00:04Z,2
2026-10-08T00:02:28Z,3189,2026-10-08T00:00:04Z,2
2026-10-08T00:02:28Z,3190,2026-10-08T00:00:04Z,2
2026-10-08T00:02:28Z,3193,2026-10-08T00:00:04Z,2
2026-10-08T00:02:28Z,3194,2026-10-08T00:00:04Z,2
2026-10-08T00:02:28Z,3195,2026-10-08T00:00:04Z,2
2026-10-08T00:02:28Z,3196,2026-10-08T00:00:04Z,2
2026-10-08T00:02:28Z,3201,2026-10-08T00:00:04Z,2
2026-10-08T00:02:28Z,3202,2026-10-07T12:05:45Z,716
2026-10-08T00:02:28Z,3203,2026-10-08T00:00:04Z,2
2026-10-08T00:02:28Z,3204,2026-10-08T00:00:04Z,2
2026-10-08T00:02:28Z,3205,2026-10-07T14:32:57Z,569
2026-10-08T00:02:28Z,3209,2026-10-08T00:00:04Z,2
2026-10-08T00:02:28Z,3210,2026-10-08T00:00:04Z,2
2026-10-08T00:02:28Z,3211,2026-10-07T21:28:14Z,154
2026-10-08T00:02:28Z,3213,2026-10-07T20:42:47Z,199
2026-10-08T00:02:28Z,3214,2026-10-07T17:18:13Z,404
2026-10-08T00:02:28Z,3216,2026-10-07T11:22:11Z,760
2026-10-08T00:02:28Z,3219,2026-10-07T21:01:20Z,181
2026-10-08T00:02:28Z,3220,2026-10-07T21:01:25Z,181
2026-10-08T00:02:28Z,3221,2026-10-07T21:00:50Z,181
2026-10-08T00:02:28Z,3222,2026-10-07T20:47:44Z,194
2026-10-08T00:02:28Z,3225,2026-10-07T21:00:40Z,181
2026-10-08T00:02:28Z,3226,2026-10-07T21:01:22Z,181
2026-10-08T00:02:28Z,3227,2026-10-07T21:00:37Z,181
2026-10-08T00:02:28Z,3228,2026-10-07T21:01:05Z,181
2026-10-08T00:02:28Z,3229,2026-10-07T21:01:05Z,181
2026-10-08T00:02:28Z,3230,2026-10-07T21:00:50Z,181
2026-10-08T00:02:28Z,3231,2026-10-07T21:01:03Z,181
2026-10-08T00:02:28Z,3233,2026-10-07T17:04:07Z,418
2026-10-08T00:02:28Z,3234,2026-10-07T21:01:25Z,181
2026-10-08T00:02:28Z,3240,2026-10-07T21:00:29Z,181
2026-10-08T00:02:28Z,3241,2026-10-07T19:07:41Z,294
2026-10-08T00:02:28Z,3242,2026-10-07T17:49:58Z,372
2026-10-08T00:02:28Z,3243,2026-10-07T13:46:37Z,615
2026-10-08T00:02:28Z,3244,2026-10-07T13:40:27Z,622
2026-10-08T00:02:28Z,3245,2026-10-07T13:07:45Z,654
2026-10-08T00:02:28Z,3246,2026-10-07T18:34:12Z,328
2026-10-08T00:02:28Z,3247,2026-10-07T16:37:08Z,445
2026-10-08T00:02:28Z,3248,2026-10-07T21:05:34Z,176
2026-10-08T00:02:28Z,3249,2026-10-07T10:41:50Z,800
2026-10-08T00:02:28Z,3250,2026-10-07T17:37:58Z,384
2026-10-08T00:02:28Z,3251,2026-10-07T15:03:21Z,539
2026-10-08T00:02:28Z,3252,2026-10-07T07:01:09Z,1021
2026-10-08T00:02:28Z,3253,2026-10-07T07:01:09Z,1021
2026-10-08T00:02:28Z,3254,2026-10-07T21:01:22Z,181
2026-10-08T00:02:28Z,3256,2026-10-07T20:38:46Z,203
2026-10-08T00:02:28Z,3258,2026-10-07T22:20:13Z,102
2026-10-08T00:02:28Z,3261,2026-10-07T21:01:14Z,181
2026-10-08T00:02:28Z,3276,2026-10-07T21:00:57Z,181
2026-10-08T00:02:28Z,3277,2026-10-07T21:01:09Z,181
2026-10-08T00:02:28Z,3278,2026-10-07T22:15:32Z,106
2026-10-08T00:02:28Z,3279,2026-10-07T21:00:58Z,181
2026-10-08T00:02:28Z,3280,2026-10-07T21:01:07Z,181
2026-10-08T00:02:28Z,3281,2026-10-07T21:01:08Z,181
2026-10-08T00:02:28Z,3283,2026-10-07T21:00:49Z,181
2026-10-08T00:02:28Z,3285,2026-10-07T21:00:39Z,181
2026-10-08T00:02:28Z,3287,2026-10-07T21:01:22Z,181
2026-10-08T00:02:28Z,3289,2026-10-07T21:01:24Z,181
2026-10-08T00:02:28Z,3294,2026-10-07T21:00:57Z,181
2026-10-08T00:02:28Z,3304,2026-10-07T21:41:04Z,141
2026-10-08T00:02:28Z,3305,2026-10-07T21:01:18Z,181
2026-10-08T00:02:28Z,3306,2026-10-07T21:00:46Z,181
2026-10-08T00:02:28Z,3308,2026-10-07T21:01:02Z,181
2026-10-08T00:02:28Z,3309,2026-10-07T21:17:34Z,164
2026-10-08T00:02:28Z,3318,2026-10-07T21:30:06Z,152
2026-10-08T00:02:28Z,3319,2026-10-07T13:50:46Z,611
2026-10-08T00:02:28Z,3322,2026-09-29T10:14:53Z,12347
2026-10-08T00:02:28Z,3323,2026-10-03T08:24:49Z,6697
2026-10-08T00:02:28Z,3325,2026-10-07T21:01:28Z,181
2026-10-08T00:02:28Z,3328,2026-10-07T17:12:39Z,409
2026-10-08T00:02:28Z,3341,2026-10-07T15:27:27Z,515
2026-10-08T00:02:28Z,3380,2026-10-07T19:09:25Z,293
2026-10-08T00:02:28Z,3381,2026-10-07T19:41:15Z,261
2026-10-08T00:02:28Z,3382,2026-10-07T19:09:24Z,293
2026-10-08T00:02:28Z,3383,2026-10-07T19:09:22Z,293
2026-10-08T00:02:28Z,3384,2026-10-07T19:09:23Z,293
2026-10-08T00:02:28Z,3385,2026-10-07T19:09:23Z,293
2026-10-08T00:02:28Z,3386,2026-10-07T19:09:24Z,293
2026-10-08T00:02:28Z,3387,2026-10-07T19:09:15Z,293
2026-10-08T00:02:28Z,3389,2026-10-07T19:09:08Z,293
2026-10-08T00:02:28Z,3390,2026-10-07T19:09:09Z,293
2026-10-08T00:02:28Z,3391,2026-10-07T22:12:41Z,109
2026-10-08T00:02:28Z,3392,2026-10-07T19:15:42Z,286
2026-10-08T00:02:28Z,3393,2026-10-07T19:09:11Z,293
2026-10-08T00:02:28Z,3394,2026-10-07T19:09:12Z,293
2026-10-08T00:02:28Z,3395,2026-10-07T19:09:12Z,293
2026-10-08T00:02:28Z,3396,2026-10-07T19:09:12Z,293
2026-10-08T00:02:28Z,3397,2026-10-07T22:09:10Z,113
2026-10-08T00:02:28Z,3398,2026-10-07T19:09:12Z,293
2026-10-08T00:02:28Z,3399,2026-10-07T19:09:13Z,293
2026-10-08T00:02:28Z,3400,2026-10-07T19:09:13Z,293
2026-10-08T00:02:28Z,3401,2026-10-07T19:09:14Z,293
2026-10-08T00:02:28Z,3402,2026-10-07T19:09:14Z,293
2026-10-08T00:02:28Z,3404,2026-10-07T19:09:55Z,292
2026-10-08T00:02:28Z,3405,2026-10-07T19:09:54Z,292
2026-10-08T00:02:28Z,3406,2026-10-07T19:09:54Z,292
2026-10-08T00:02:28Z,3407,2026-10-07T19:09:43Z,292
2026-10-08T00:02:28Z,3408,2026-10-07T19:10:01Z,292
2026-10-08T00:02:28Z,3409,2026-10-07T19:09:11Z,293
2026-10-08T00:02:28Z,3410,2026-10-07T19:09:41Z,292
2026-10-08T00:02:28Z,3411,2026-10-07T19:09:16Z,293
2026-10-08T00:02:28Z,3412,2026-10-07T21:07:31Z,174
2026-10-08T00:02:28Z,3413,2026-10-07T19:09:16Z,293
2026-10-08T00:02:28Z,3414,2026-10-07T19:09:15Z,293
2026-10-08T00:02:28Z,3415,2026-10-07T22:20:50Z,101
2026-10-08T00:02:28Z,3416,2026-10-07T19:09:49Z,292
2026-10-08T00:02:28Z,3417,2026-10-07T19:09:18Z,293
2026-10-08T00:02:28Z,3418,2026-10-07T19:09:41Z,292
2026-10-08T00:02:28Z,3419,2026-10-07T22:35:04Z,87
2026-10-08T00:02:28Z,3420,2026-10-07T19:09:57Z,292
2026-10-08T00:02:28Z,3421,2026-10-07T19:09:19Z,293
2026-10-08T00:02:28Z,3423,2026-10-07T19:09:41Z,292
2026-10-08T00:02:28Z,3424,2026-10-07T19:09:17Z,293
2026-10-08T00:02:28Z,3425,2026-10-07T19:09:17Z,293
2026-10-08T00:02:28Z,3426,2026-10-07T21:44:49Z,137
2026-10-08T00:02:28Z,3427,2026-10-07T23:07:57Z,54
2026-10-08T00:02:28Z,3428,2026-10-07T19:09:15Z,293
2026-10-08T00:02:28Z,3429,2026-10-07T19:09:16Z,293
2026-10-08T00:02:28Z,3430,2026-10-07T19:09:17Z,293
2026-10-08T00:02:28Z,3431,2026-10-07T23:38:53Z,23
2026-10-08T00:02:28Z,3432,2026-10-07T22:46:26Z,76
2026-10-08T00:02:28Z,3433,2026-10-07T19:09:18Z,293
2026-10-08T00:02:28Z,3435,2026-10-07T21:45:02Z,137
2026-10-08T00:02:28Z,3436,2026-10-07T19:09:19Z,293
2026-10-08T00:02:28Z,3437,2026-10-07T19:09:42Z,292
2026-10-08T00:02:28Z,3438,2026-10-07T19:09:43Z,292
2026-10-08T00:02:28Z,3439,2026-10-07T19:09:22Z,293
2026-10-08T00:02:28Z,3440,2026-10-07T23:33:36Z,28
2026-10-08T00:02:28Z,3441,2026-10-07T19:09:23Z,293
2026-10-08T00:02:28Z,3442,2026-10-07T19:09:23Z,293
2026-10-08T00:02:28Z,3443,2026-10-07T19:09:23Z,293
2026-10-08T00:02:28Z,3444,2026-10-07T19:09:24Z,293
2026-10-08T00:02:28Z,3445,2026-10-07T19:09:25Z,293
2026-10-08T00:02:28Z,3446,2026-10-07T19:40:07Z,262
2026-10-08T00:02:28Z,3447,2026-10-07T19:09:36Z,292
2026-10-08T00:02:28Z,3448,2026-10-07T19:09:37Z,292
2026-10-08T00:02:28Z,3449,2026-10-07T19:09:37Z,292
2026-10-08T00:02:28Z,3450,2026-10-07T19:09:37Z,292
2026-10-08T00:02:28Z,3451,2026-10-07T19:09:43Z,292
2026-10-08T00:02:28Z,3452,2026-10-07T19:09:49Z,292
2026-10-08T00:02:28Z,3453,2026-10-07T19:09:41Z,292
2026-10-08T00:02:28Z,3454,2026-10-07T19:09:42Z,292
2026-10-08T00:02:28Z,3455,2026-10-07T19:09:49Z,292
2026-10-08T00:02:28Z,3456,2026-10-07T19:09:44Z,292
2026-10-08T00:02:28Z,3457,2026-10-07T19:09:44Z,292
2026-10-08T00:02:28Z,3458,2026-10-07T19:09:45Z,292
2026-10-08T00:02:28Z,3459,2026-10-07T19:09:45Z,292
2026-10-08T00:02:28Z,3460,2026-10-07T19:09:47Z,292
2026-10-08T00:02:28Z,3461,2026-10-07T19:09:50Z,292
2026-10-08T00:02:28Z,3462,2026-10-07T19:09:52Z,292
2026-10-08T00:02:28Z,3463,2026-10-07T20:13:55Z,228
2026-10-08T00:02:28Z,3464,2026-10-07T19:09:58Z,292
2026-10-08T00:02:28Z,3465,2026-10-07T19:09:58Z,292
2026-10-08T00:02:28Z,3466,2026-10-07T19:09:59Z,292
2026-10-08T00:02:28Z,3467,2026-10-07T23:25:53Z,36
2026-10-08T00:02:28Z,3468,2026-10-07T19:10:03Z,292
2026-10-08T00:02:28Z,3469,2026-10-07T21:19:55Z,162
2026-10-08T00:02:28Z,3470,2026-10-07T15:20:56Z,521
2026-10-08T00:02:28Z,3471,2026-08-31T10:04:31Z,54117
2026-10-08T00:02:28Z,3472,2026-10-07T21:01:06Z,181
2026-10-08T00:02:28Z,3473,2026-10-07T19:10:06Z,292
2026-10-08T00:02:28Z,3477,2026-10-06T16:51:07Z,1871
2026-10-08T00:02:28Z,3478,2026-10-07T21:40:44Z,141
2026-10-08T00:02:28Z,3479,2026-10-07T16:52:23Z,430
2026-10-08T00:02:28Z,3488,2026-10-07T21:00:43Z,181
2026-10-08T00:02:28Z,3489,2026-10-07T20:35:37Z,206
2026-10-08T00:02:28Z,3490,2026-10-07T16:12:18Z,470
2026-10-08T00:02:28Z,3491,2026-10-07T11:09:08Z,773
2026-10-08T00:02:28Z,3594,2026-10-07T13:24:06Z,638
2026-10-08T00:02:28Z,3595,2026-10-07T13:28:48Z,633
2026-10-08T00:02:28Z,3596,2026-10-07T19:19:59Z,282
2026-10-08T00:02:28Z,3597,2026-10-07T19:10:08Z,292
2026-10-08T00:02:28Z,3598,2026-10-07T13:23:43Z,638
2026-10-08T00:02:28Z,3599,2026-10-07T20:26:15Z,216
2026-10-08T00:02:28Z,3600,2026-10-07T19:10:09Z,292
2026-10-08T00:02:28Z,3601,2026-10-07T19:10:09Z,292
2026-10-08T00:02:28Z,3602,2026-10-07T19:47:36Z,254
2026-10-08T00:02:28Z,3603,2026-10-07T19:10:10Z,292
2026-10-08T00:02:28Z,3605,2026-10-07T22:20:20Z,102
2026-10-08T00:02:28Z,3606,2026-10-07T16:54:29Z,427
2026-10-08T00:02:28Z,3607,2026-10-07T21:00:50Z,181
2026-10-08T00:02:28Z,3608,2026-10-07T13:42:13Z,620
2026-10-08T00:02:28Z,3609,2026-08-17T08:18:12Z,74384
2026-10-08T00:02:28Z,3615,2026-10-07T19:10:11Z,292
2026-10-08T00:02:28Z,3618,2026-10-07T19:10:11Z,292
2026-10-08T00:02:28Z,3619,2026-10-07T19:10:11Z,292
2026-10-08T00:02:28Z,3620,2026-10-07T18:03:46Z,358
2026-10-08T00:02:28Z,3621,2026-10-07T07:01:09Z,1021
2026-10-08T00:02:28Z,3622,2026-10-07T14:46:46Z,555
2026-10-08T00:02:28Z,3623,2026-10-07T16:18:08Z,464
2026-10-08T00:02:28Z,3624,2026-10-07T19:22:44Z,279
2026-10-08T00:02:28Z,3625,2026-10-07T18:23:21Z,339
2026-10-08T00:02:28Z,3629,2026-10-07T05:38:57Z,1103
2026-10-08T00:02:28Z,3630,2026-10-07T19:47:17Z,255
2026-10-08T00:02:28Z,3631,2026-10-07T20:28:15Z,214
2026-10-08T00:02:28Z,3632,2026-10-07T18:58:25Z,304
2026-10-08T00:02:28Z,3633,2026-09-29T17:29:28Z,11913
2026-10-08T00:02:28Z,3638,2026-07-25T13:14:56Z,107207
2026-10-08T00:02:28Z,3639,2026-10-01T09:00:33Z,9541
2026-10-08T00:02:28Z,3641,2026-10-06T18:06:14Z,1796
2026-10-08T00:02:28Z,3642,2026-10-07T20:37:59Z,204
2026-10-08T00:02:28Z,3643,2026-10-07T07:04:41Z,1017
2026-10-08T00:02:28Z,3644,2026-07-01T15:55:56Z,141606
2026-10-08T00:02:28Z,3645,2026-10-07T23:57:36Z,4
2026-10-08T00:02:28Z,3646,2026-10-07T21:01:24Z,181
2026-10-08T00:02:28Z,3678,2026-10-07T23:55:39Z,6
2026-10-08T00:02:28Z,3681,2026-10-07T20:16:43Z,225
2026-10-08T00:02:28Z,3682,2026-10-07T15:58:56Z,483
2026-10-08T00:02:28Z,3683,2026-10-07T20:21:57Z,220
2026-10-08T00:02:28Z,3684,2026-10-08T00:00:04Z,2
2026-10-08T00:02:28Z,3685,2026-10-08T00:00:16Z,2
2026-10-08T00:02:28Z,3686,2026-10-08T00:00:17Z,2
2026-10-08T00:02:28Z,3687,2026-10-08T00:00:17Z,2
2026-10-08T00:02:28Z,3688,2026-10-07T17:26:00Z,396
2026-10-08T00:02:28Z,3690,2026-10-08T00:00:18Z,2
2026-10-08T00:02:28Z,3691,2026-10-08T00:00:16Z,2
2026-10-08T00:02:28Z,3692,2026-10-07T15:59:01Z,483
2026-10-08T00:02:28Z,3693,2026-10-07T15:59:01Z,483
2026-10-08T00:02:28Z,3694,2026-10-07T23:08:43Z,53
2026-10-08T00:02:28Z,3695,2026-10-07T15:58:57Z,483
2026-10-08T00:02:28Z,3696,2026-10-08T00:00:17Z,2
2026-10-08T00:02:28Z,3697,2026-10-07T15:58:57Z,483
2026-10-08T00:02:28Z,3698,2026-10-07T19:10:14Z,292
2026-10-08T00:02:28Z,3699,2026-10-07T15:58:58Z,483
2026-10-08T00:02:28Z,3700,2026-10-07T15:59:16Z,483
2026-10-08T00:02:28Z,3701,2026-10-07T15:58:46Z,483
2026-10-08T00:02:28Z,3702,2026-10-08T00:00:16Z,2
2026-10-08T00:02:28Z,3703,2026-10-07T15:58:59Z,483
2026-10-08T00:02:28Z,3704,2026-10-08T00:00:17Z,2
2026-10-08T00:02:28Z,3706,2026-10-07T13:21:20Z,641
2026-10-08T00:02:28Z,3707,2026-10-07T13:22:09Z,640
2026-10-08T00:02:28Z,3708,2026-10-07T20:34:15Z,208
2026-10-08T00:02:28Z,3709,2026-10-07T13:24:24Z,638
2026-10-08T00:02:28Z,3710,2026-10-07T13:21:34Z,640
2026-10-08T00:02:28Z,3711,2026-10-07T20:23:14Z,219
2026-10-08T00:02:28Z,3712,2026-10-07T13:21:57Z,640
2026-10-08T00:02:28Z,3714,2026-10-07T20:26:00Z,216
2026-10-08T00:02:28Z,3715,2026-10-07T14:56:37Z,545
2026-10-08T00:02:28Z,3716,2026-10-07T21:09:38Z,172
2026-10-08T00:02:28Z,3717,2026-10-07T21:55:18Z,127
2026-10-08T00:02:28Z,3718,2026-10-07T13:40:37Z,621
2026-10-08T00:02:28Z,3719,2026-10-07T20:26:23Z,216
2026-10-08T00:02:28Z,3720,2026-10-07T21:00:45Z,181
2026-10-08T00:02:28Z,3721,2026-10-07T13:53:59Z,608
2026-10-08T00:02:28Z,3723,2026-10-07T13:40:58Z,621
2026-10-08T00:02:28Z,3724,2026-10-08T00:00:17Z,2
2026-10-08T00:02:28Z,3725,2026-10-07T15:58:58Z,483
2026-10-08T00:02:28Z,3726,2026-10-07T15:59:00Z,483
2026-10-08T00:02:28Z,3727,2026-10-07T15:58:58Z,483
2026-10-08T00:02:28Z,3728,2026-10-08T00:00:18Z,2
2026-10-08T00:02:28Z,3729,2026-10-07T15:59:00Z,483
2026-10-08T00:02:28Z,3730,2026-10-07T18:06:18Z,356
2026-10-08T00:02:28Z,3732,2026-10-07T15:59:16Z,483
2026-10-08T00:02:28Z,3733,2026-10-08T00:00:18Z,2
2026-10-08T00:02:28Z,3734,2026-10-08T00:00:17Z,2
2026-10-08T00:02:28Z,3735,2026-10-08T00:00:17Z,2
2026-10-08T00:02:28Z,3736,2026-10-07T15:59:16Z,483
2026-10-08T00:02:28Z,3737,2026-10-07T15:59:16Z,483
2026-10-08T00:02:28Z,3738,2026-10-07T15:59:16Z,483
2026-10-08T00:02:28Z,3739,2026-10-08T00:00:16Z,2
2026-10-08T00:02:28Z,3740,2026-10-08T00:00:17Z,2
2026-10-08T00:02:28Z,3741,2026-09-08T03:30:17Z,42992
2026-10-08T00:02:28Z,3742,2026-10-08T00:00:17Z,2
2026-10-08T00:02:28Z,3743,2026-10-07T15:58:53Z,483
2026-10-08T00:02:28Z,3744,2026-10-07T15:59:05Z,483
2026-10-08T00:02:28Z,3745,2026-10-07T15:58:56Z,483
2026-10-08T00:02:28Z,3746,2026-10-07T15:58:58Z,483
2026-10-08T00:02:28Z,3747,2026-10-07T15:58:59Z,483
2026-10-08T00:02:28Z,3748,2026-10-07T15:58:57Z,483
2026-10-08T00:02:28Z,3749,2026-10-07T15:58:57Z,483
2026-10-08T00:02:28Z,3750,2026-10-07T15:58:57Z,483
2026-10-08T00:02:28Z,3751,2026-10-08T00:00:17Z,2
2026-10-08T00:02:28Z,3752,2026-10-07T15:58:57Z,483
2026-10-08T00:02:28Z,3753,2026-10-07T15:58:57Z,483
2026-10-08T00:02:28Z,3754,2026-10-07T15:59:01Z,483
2026-10-08T00:02:28Z,3755,2026-10-07T15:58:56Z,483
2026-10-08T00:02:28Z,3756,2026-10-08T00:00:17Z,2
2026-10-08T00:02:28Z,3757,2026-10-07T15:58:59Z,483
2026-10-08T00:02:28Z,3758,2026-10-07T15:58:57Z,483
2026-10-08T00:02:28Z,3759,2026-10-07T15:59:17Z,483
2026-10-08T00:02:28Z,3760,2026-10-07T22:14:54Z,107
2026-10-08T00:02:28Z,3762,2026-10-07T15:58:57Z,483
2026-10-08T00:02:28Z,3763,2026-10-07T15:58:52Z,483
2026-10-08T00:02:28Z,3764,2026-10-08T00:00:17Z,2
2026-10-08T00:02:28Z,3765,2026-10-07T15:58:57Z,483
2026-10-08T00:02:28Z,3766,2026-10-07T15:58:59Z,483
2026-10-08T00:02:28Z,3767,2026-10-07T21:26:55Z,155
2026-10-08T00:02:28Z,3768,2026-10-07T15:59:16Z,483
2026-10-08T00:02:28Z,3769,2026-10-05T07:48:32Z,3853
2026-10-08T00:02:28Z,3770,2026-10-08T00:00:16Z,2
2026-10-08T00:02:28Z,3771,2026-10-08T00:00:16Z,2
2026-10-08T00:02:28Z,3772,2026-10-07T15:58:58Z,483
2026-10-08T00:02:28Z,3773,2026-10-07T15:58:59Z,483
2026-10-08T00:02:28Z,3774,2026-10-07T15:58:58Z,483
2026-10-08T00:02:28Z,3775,2026-10-07T15:58:57Z,483
2026-10-08T00:02:28Z,3776,2026-10-07T20:52:19Z,190
2026-10-08T00:02:28Z,3777,2026-08-05T05:12:17Z,91850
2026-10-08T00:02:28Z,3778,2026-10-07T15:59:16Z,483
2026-10-08T00:02:28Z,3779,2026-10-07T15:58:59Z,483
2026-10-08T00:02:28Z,3780,2026-10-07T23:59:23Z,3
2026-10-08T00:02:28Z,3781,2026-10-07T15:59:01Z,483
2026-10-08T00:02:28Z,3782,2026-10-07T15:58:58Z,483
2026-10-08T00:02:28Z,3783,2026-10-07T15:59:01Z,483
2026-10-08T00:02:28Z,3784,2026-10-07T15:59:01Z,483
2026-10-08T00:02:28Z,3785,2026-10-07T15:58:58Z,483
2026-10-08T00:02:28Z,3786,2026-10-07T15:58:58Z,483
2026-10-08T00:02:28Z,3787,2026-10-07T15:59:01Z,483
2026-10-08T00:02:28Z,3788,2026-10-07T15:58:57Z,483
2026-10-08T00:02:28Z,3789,2026-10-07T15:58:57Z,483
2026-10-08T00:02:28Z,3790,2026-10-07T15:58:57Z,483
2026-10-08T00:02:28Z,3792,2026-10-07T15:58:59Z,483
2026-10-08T00:02:28Z,3793,2026-10-07T15:58:59Z,483
2026-10-08T00:02:28Z,3794,2026-10-07T15:59:01Z,483
2026-10-08T00:02:28Z,3795,2026-10-07T15:58:54Z,483
2026-10-08T00:02:28Z,3796,2026-10-07T15:59:01Z,483
2026-10-08T00:02:28Z,3797,2026-10-07T15:59:01Z,483
2026-10-08T00:02:28Z,3798,2026-10-07T15:59:01Z,483
2026-10-08T00:02:28Z,3799,2026-10-07T15:59:00Z,483
2026-10-08T00:02:28Z,3800,2026-10-07T15:58:54Z,483
2026-10-08T00:02:28Z,3801,2026-10-07T21:05:40Z,176
2026-10-08T00:02:28Z,3802,2026-10-07T15:58:57Z,483
2026-10-08T00:02:28Z,3803,2026-10-07T23:59:22Z,3
2026-10-08T00:02:28Z,3804,2026-10-07T13:46:54Z,615
2026-10-08T00:02:28Z,3805,2026-10-07T07:11:22Z,1011
2026-10-08T00:02:28Z,3806,2026-10-07T15:58:59Z,483
2026-10-08T00:02:28Z,3807,2026-10-07T15:58:59Z,483
2026-10-08T00:02:28Z,3808,2026-10-07T15:58:52Z,483
2026-10-08T00:02:28Z,3809,2026-10-07T15:58:56Z,483
2026-10-08T00:02:28Z,3810,2026-10-07T15:59:16Z,483
2026-10-08T00:02:28Z,3811,2026-10-08T00:00:16Z,2
2026-10-08T00:02:28Z,3812,2026-10-07T16:21:35Z,460
2026-10-08T00:02:28Z,3813,2026-10-07T15:59:00Z,483
2026-10-08T00:02:28Z,3814,2026-10-07T15:59:01Z,483
2026-10-08T00:02:28Z,3815,2026-09-19T03:45:20Z,27137
2026-10-08T00:02:28Z,3820,2025-09-01T08:43:33Z,578358
2026-10-08T00:02:28Z,3821,2025-09-01T08:43:06Z,578359
2026-10-08T00:02:28Z,3822,2026-10-02T14:21:22Z,7781
2026-10-08T00:02:28Z,3823,2025-09-01T08:43:04Z,578359
2026-10-08T00:02:28Z,3824,2025-09-01T08:43:16Z,578359
2026-10-08T00:02:28Z,3825,2024-09-03T15:01:56Z,1100700
2026-10-08T00:02:28Z,3827,2026-09-07T13:52:03Z,43810
2026-10-08T00:02:28Z,3829,2026-10-07T16:49:34Z,432
2026-10-08T00:02:28Z,3831,2026-10-07T15:58:58Z,483
2026-10-08T00:02:28Z,3832,2026-10-07T15:59:01Z,483
2026-10-08T00:02:28Z,3833,2026-10-07T15:58:59Z,483
2026-10-08T00:02:28Z,3834,2026-10-07T15:59:00Z,483
2026-10-08T00:02:28Z,3835,2026-10-07T23:59:21Z,3
2026-10-08T00:02:28Z,3836,2026-10-07T15:59:00Z,483
2026-10-08T00:02:28Z,3837,2026-10-07T15:59:01Z,483
2026-10-08T00:02:28Z,3838,2026-10-07T21:56:31Z,125
2026-10-08T00:02:28Z,3839,2026-10-07T17:23:06Z,399
2026-10-08T00:02:28Z,3840,2026-10-07T18:56:25Z,306
2026-10-08T00:02:28Z,3841,2026-10-07T19:02:21Z,300
2026-10-08T00:02:28Z,3842,2026-10-07T18:24:32Z,337
2026-10-08T00:02:28Z,3843,2026-09-10T12:22:52Z,39579
2026-10-08T00:02:28Z,3844,2026-10-07T22:04:56Z,117
2026-10-08T00:02:28Z,3845,2026-10-07T19:07:53Z,294
2026-10-08T00:02:28Z,3846,2026-10-07T16:54:40Z,427
2026-10-08T00:02:28Z,3847,2026-10-07T20:12:49Z,229
2026-10-08T00:02:28Z,3848,2026-10-07T15:58:59Z,483
2026-10-08T00:02:28Z,3849,2026-10-07T20:19:59Z,222
2026-10-08T00:02:28Z,3850,2026-10-07T23:59:21Z,3
2026-10-08T00:02:28Z,3851,2026-10-07T23:59:20Z,3
2026-10-08T00:02:28Z,3852,2026-10-07T15:58:57Z,483
2026-10-08T00:02:28Z,3853,2026-10-07T15:58:57Z,483
2026-10-08T00:02:28Z,3854,2026-10-07T15:59:00Z,483
2026-10-08T00:02:28Z,3855,2026-10-07T15:59:00Z,483
2026-10-08T00:02:28Z,3856,2026-10-07T15:58:58Z,483
2026-10-08T00:02:28Z,3857,2026-10-07T15:58:58Z,483
2026-10-08T00:02:28Z,3858,2026-10-07T23:59:21Z,3
2026-10-08T00:02:28Z,3859,2026-10-07T20:13:48Z,228
2026-10-08T00:02:28Z,3860,2026-10-07T15:59:00Z,483
2026-10-08T00:02:28Z,3861,2026-10-07T15:59:01Z,483
2026-10-08T00:02:28Z,3862,2026-10-07T23:59:23Z,3
2026-10-08T00:02:28Z,3863,2026-10-07T13:24:49Z,637
2026-10-08T00:02:28Z,3864,2026-10-07T19:10:17Z,292
2026-10-08T00:02:28Z,3865,2026-10-07T22:03:24Z,119
2026-10-08T00:02:28Z,3866,2026-10-07T15:59:15Z,483
2026-10-08T00:02:28Z,3867,2026-10-07T15:58:57Z,483
2026-10-08T00:02:28Z,3868,2026-10-07T23:59:21Z,3
2026-10-08T00:02:28Z,3869,2026-10-07T23:32:45Z,29
2026-10-08T00:02:28Z,3870,2026-10-07T15:58:57Z,483
2026-10-08T00:02:28Z,3871,2026-10-07T23:59:22Z,3
2026-10-08T00:02:28Z,3872,2026-10-07T23:59:21Z,3
2026-10-08T00:02:28Z,3873,2026-10-07T18:59:00Z,303
2026-10-08T00:02:28Z,3874,2026-10-07T15:59:15Z,483
2026-10-08T00:02:28Z,3875,2026-10-07T15:58:58Z,483
2026-10-08T00:02:28Z,3876,2026-10-07T15:58:58Z,483
2026-10-08T00:02:28Z,3877,2026-10-07T15:58:58Z,483
2026-10-08T00:02:28Z,3878,2026-09-25T21:16:47Z,17445
2026-10-08T00:02:28Z,3879,2026-10-07T23:59:21Z,3
2026-10-08T00:02:28Z,3880,2026-10-07T23:59:23Z,3
2026-10-08T00:02:28Z,3881,2026-10-07T15:59:05Z,483
2026-10-08T00:02:28Z,3882,2026-10-05T02:23:32Z,4178
2026-10-08T00:02:28Z,3883,2026-10-07T23:59:23Z,3
2026-10-08T00:02:28Z,3884,2026-09-22T11:44:35Z,22337
2026-10-08T00:02:28Z,3885,2026-10-07T22:47:34Z,74
2026-10-08T00:02:28Z,3886,2026-10-07T23:59:22Z,3
2026-10-08T00:02:28Z,3887,2026-10-07T15:58:56Z,483
2026-10-08T00:02:28Z,3888,2026-10-07T23:59:21Z,3
2026-10-08T00:02:28Z,3889,2026-10-07T23:59:22Z,3
2026-10-08T00:02:28Z,3891,2026-10-07T18:45:43Z,316
2026-10-08T00:02:28Z,3892,2026-10-06T18:48:01Z,1754
2026-10-08T00:02:28Z,3893,2026-10-07T15:59:01Z,483
2026-10-08T00:02:28Z,3894,2026-10-07T23:59:24Z,3
2026-10-08T00:02:28Z,3895,2026-10-07T15:58:54Z,483
2026-10-08T00:02:28Z,3896,2026-10-07T15:59:02Z,483
2026-10-08T00:02:28Z,3897,2026-10-07T15:59:01Z,483
2026-10-08T00:02:28Z,3898,2026-10-07T15:58:59Z,483
2026-10-08T00:02:28Z,3899,2026-10-07T23:59:22Z,3
2026-10-08T00:02:28Z,3900,2026-10-07T18:29:58Z,332
2026-10-08T00:02:28Z,3901,2026-10-07T15:59:00Z,483
2026-10-08T00:02:28Z,3902,2026-10-07T15:58:57Z,483
2026-10-08T00:02:28Z,3903,2026-10-07T20:47:09Z,195
2026-10-08T00:02:28Z,3904,2026-10-07T15:58:57Z,483
2026-10-08T00:02:28Z,3905,2026-10-07T23:59:23Z,3
2026-10-08T00:02:28Z,3906,2026-10-07T19:28:03Z,274
2026-10-08T00:02:28Z,3907,2026-04-16T20:24:32Z,250777
2026-10-08T00:02:28Z,3908,2026-10-07T23:59:22Z,3
2026-10-08T00:02:28Z,3909,2026-10-07T15:59:00Z,483
2026-10-08T00:02:28Z,3910,2026-10-07T23:59:22Z,3
2026-10-08T00:02:28Z,3911,2026-10-07T15:59:15Z,483
2026-10-08T00:02:28Z,3912,2026-10-07T15:58:58Z,483
2026-10-08T00:02:28Z,3913,2026-10-07T23:59:22Z,3
2026-10-08T00:02:28Z,3914,2026-10-07T15:58:54Z,483
2026-10-08T00:02:28Z,3915,2026-10-07T23:59:23Z,3
2026-10-08T00:02:28Z,3916,2026-10-07T15:59:00Z,483
2026-10-08T00:02:28Z,3917,2026-10-07T15:59:12Z,483
2026-10-08T00:02:28Z,3918,2025-09-23T08:51:00Z,546671
2026-10-08T00:02:28Z,3919,2026-10-07T15:58:52Z,483
2026-10-08T00:02:28Z,3920,2026-10-07T23:59:23Z,3
2026-10-08T00:02:28Z,3921,2026-10-07T23:59:23Z,3
2026-10-08T00:02:28Z,3922,2026-10-07T23:59:22Z,3
2026-10-08T00:02:28Z,3923,2026-10-07T15:59:00Z,483
2026-10-08T00:02:28Z,3924,2026-10-07T15:58:57Z,483
2026-10-08T00:02:28Z,3925,2026-10-07T16:01:25Z,481
2026-10-08T00:02:28Z,3926,2026-10-07T15:58:46Z,483
2026-10-08T00:02:28Z,3927,2026-10-07T15:59:00Z,483
2026-10-08T00:02:28Z,3928,2026-10-07T23:59:21Z,3
2026-10-08T00:02:28Z,3929,2026-10-06T22:32:18Z,1530
2026-10-08T00:02:28Z,3930,2026-10-07T15:58:59Z,483
2026-10-08T00:02:28Z,3931,2026-10-07T15:59:01Z,483
2026-10-08T00:02:28Z,3932,2026-10-07T23:59:23Z,3
2026-10-08T00:02:28Z,3933,2026-10-07T19:47:53Z,254
2026-10-08T00:02:28Z,3934,2026-10-07T15:58:59Z,483
2026-10-08T00:02:28Z,3935,2026-10-07T15:58:57Z,483
2026-10-08T00:02:28Z,3936,2026-10-07T23:59:22Z,3
2026-10-08T00:02:28Z,3937,2026-10-07T15:59:15Z,483
2026-10-08T00:02:28Z,3938,2026-10-07T23:59:20Z,3
2026-10-08T00:02:28Z,3939,2026-10-07T15:59:11Z,483
2026-10-08T00:02:28Z,3940,2026-10-07T15:58:46Z,483
2026-10-08T00:02:28Z,3941,2026-10-07T23:59:24Z,3
2026-10-08T00:02:28Z,3942,2026-10-07T23:59:24Z,3
2026-10-08T00:02:28Z,3943,2026-10-07T15:59:01Z,483
2026-10-08T00:02:28Z,3944,2026-10-07T15:58:54Z,483
2026-10-08T00:02:28Z,3946,2026-10-07T23:59:23Z,3
2026-10-08T00:02:28Z,3947,2026-10-07T22:36:24Z,86
2026-10-08T00:02:28Z,3948,2026-10-07T15:58:59Z,483
2026-10-08T00:02:28Z,3949,2026-10-07T15:58:46Z,483
2026-10-08T00:02:28Z,3950,2026-10-07T17:58:48Z,363
2026-10-08T00:02:28Z,3951,2026-10-07T15:58:57Z,483
2026-10-08T00:02:28Z,3952,2026-10-07T15:59:16Z,483
2026-10-08T00:02:28Z,3953,2026-10-07T23:59:22Z,3
2026-10-08T00:02:28Z,3954,2026-10-07T15:58:57Z,483
2026-10-08T00:02:28Z,3955,2026-10-07T15:58:57Z,483
2026-10-08T00:02:28Z,3956,2026-10-07T20:28:53Z,213
2026-10-08T00:02:28Z,3957,2026-10-07T15:58:53Z,483
2026-10-08T00:02:28Z,3958,2026-10-07T23:59:22Z,3
2026-10-08T00:02:28Z,3959,2026-10-07T17:45:27Z,377
2026-10-08T00:02:28Z,3960,2026-10-07T15:59:16Z,483
2026-10-08T00:02:28Z,3961,2026-10-07T23:59:23Z,3
2026-10-08T00:02:28Z,3962,2026-10-07T15:58:59Z,483
2026-10-08T00:02:28Z,3963,2025-11-13T05:31:37Z,473430
2026-10-08T00:02:28Z,3964,2026-10-07T15:58:58Z,483
2026-10-08T00:02:28Z,3965,2026-10-02T22:15:32Z,7306
2026-10-08T00:02:28Z,3966,2026-10-07T15:58:56Z,483
2026-10-08T00:02:28Z,3967,2026-10-07T15:58:58Z,483
2026-10-08T00:02:28Z,3968,2026-10-07T15:58:58Z,483
2026-10-08T00:02:28Z,3969,2026-10-07T15:58:46Z,483
2026-10-08T00:02:28Z,3970,2026-10-07T15:59:25Z,483
2026-10-08T00:02:28Z,3971,2026-10-07T18:44:53Z,317
2026-10-08T00:02:28Z,3974,2026-10-07T15:59:01Z,483
2026-10-08T00:02:28Z,3975,2026-10-07T15:58:46Z,483
2026-10-08T00:02:28Z,3976,2026-10-07T15:58:46Z,483
2026-10-08T00:02:28Z,3977,2026-10-07T15:58:57Z,483
2026-10-08T00:02:28Z,3978,2026-10-07T15:58:57Z,483
2026-10-08T00:02:28Z,3979,2026-10-07T15:59:16Z,483
2026-10-08T00:02:28Z,3980,2026-10-07T23:59:22Z,3
2026-10-08T00:02:28Z,3986,2026-10-07T20:34:28Z,208
2026-10-08T00:02:28Z,3987,2026-10-07T21:01:08Z,181
2026-10-08T00:02:28Z,3988,2026-10-07T00:04:18Z,1438
2026-10-08T00:02:28Z,3989,2026-10-07T20:05:48Z,236
2026-10-08T00:02:28Z,3990,2026-10-07T14:33:05Z,569
2026-10-08T00:02:28Z,3991,2026-10-07T15:59:01Z,483
2026-10-08T00:02:28Z,3992,2026-10-07T15:59:01Z,483
2026-10-08T00:02:28Z,3993,2026-10-07T15:59:00Z,483
2026-10-08T00:02:28Z,3994,2025-12-01T16:51:17Z,446831
2026-10-08T00:02:28Z,3995,2026-03-13T20:54:47Z,299707
2026-10-08T00:02:28Z,3996,2026-10-07T19:10:18Z,292
2026-10-08T00:02:28Z,3997,2026-10-07T19:04:36Z,297
2026-10-08T00:02:28Z,3998,2026-10-07T22:34:56Z,87
2026-10-08T00:02:28Z,3999,2026-10-07T21:01:03Z,181
2026-10-08T00:02:28Z,4000,2026-10-07T08:22:01Z,940
2026-10-08T00:02:28Z,4001,2026-10-08T00:00:17Z,2
2026-10-08T00:02:28Z,4002,2026-10-07T15:58:53Z,483
2026-10-08T00:02:28Z,4003,2026-10-07T23:59:21Z,3
2026-10-08T00:02:28Z,4004,2026-10-07T15:59:00Z,483
2026-10-08T00:02:28Z,4005,2026-10-07T15:58:57Z,483
2026-10-08T00:02:28Z,4006,2026-10-07T15:59:00Z,483
2026-10-08T00:02:28Z,4007,2026-10-07T15:58:58Z,483
2026-10-08T00:02:28Z,4008,2026-10-07T15:59:16Z,483
2026-10-08T00:02:28Z,4009,2026-10-07T19:09:17Z,293
2026-10-08T00:02:28Z,4010,2026-10-07T22:50:26Z,72
2026-10-08T00:02:28Z,4011,2026-10-07T22:50:26Z,72
2026-10-08T00:02:28Z,4012,2026-10-07T22:56:57Z,65
2026-10-08T00:02:28Z,4013,2026-10-07T15:58:57Z,483
2026-10-08T00:02:28Z,4014,2026-10-07T23:59:23Z,3
2026-10-08T00:02:28Z,4015,2026-10-07T15:58:56Z,483
2026-10-08T00:02:28Z,4017,2026-10-07T15:58:58Z,483
2026-10-08T00:02:28Z,4018,2026-10-07T15:58:57Z,483
2026-10-08T00:02:28Z,4019,2026-10-07T23:59:22Z,3
2026-10-08T00:02:28Z,4020,2026-10-07T15:58:59Z,483
2026-10-08T00:02:28Z,4021,2026-10-07T15:58:59Z,483
2026-10-08T00:02:28Z,4022,2026-10-07T15:59:01Z,483
2026-10-08T00:02:28Z,4023,2026-10-07T18:23:39Z,338
2026-10-08T00:02:28Z,4024,2025-09-23T08:50:51Z,546671
2026-10-08T00:02:28Z,4025,2026-10-07T15:59:00Z,483
2026-10-08T00:02:28Z,4026,2026-10-07T23:59:23Z,3
2026-10-08T00:02:28Z,4027,2026-10-07T15:58:59Z,483
2026-10-08T00:02:28Z,4028,2026-10-07T15:58:57Z,483
2026-10-08T00:02:28Z,4029,2026-10-07T15:58:57Z,483
2026-10-08T00:02:28Z,4030,2026-10-07T15:58:59Z,483
2026-10-08T00:02:28Z,4031,2026-10-07T15:58:52Z,483
2026-10-08T00:02:28Z,4032,2026-10-07T23:59:21Z,3
2026-10-08T00:02:28Z,4033,2026-10-07T15:58:52Z,483
2026-10-08T00:02:28Z,4034,2026-10-07T15:58:53Z,483
2026-10-08T00:02:28Z,4035,2026-10-07T15:59:00Z,483
2026-10-08T00:02:28Z,4036,2026-10-07T15:58:59Z,483
2026-10-08T00:02:28Z,4037,2026-10-07T20:41:57Z,200
2026-10-08T00:02:28Z,4038,2026-10-07T19:08:32Z,293
2026-10-08T00:02:28Z,4039,2026-10-07T13:23:31Z,638
2026-10-08T00:02:28Z,4040,2026-10-07T16:14:47Z,467
2026-10-08T00:02:28Z,4041,2026-09-30T21:46:11Z,10216
2026-10-08T00:02:28Z,4042,2026-10-07T04:25:12Z,1177
2026-10-08T00:02:28Z,4043,2026-10-07T15:58:57Z,483
2026-10-08T00:02:28Z,4044,2026-10-07T23:59:23Z,3
2026-10-08T00:02:28Z,4045,2026-10-07T23:59:21Z,3
2026-10-08T00:02:28Z,4046,2026-10-07T23:59:20Z,3
2026-10-08T00:02:28Z,4047,2026-10-07T23:59:23Z,3
2026-10-08T00:02:28Z,4048,2026-10-07T15:58:59Z,483
2026-10-08T00:02:28Z,4049,2026-09-23T04:05:25Z,21357
2026-10-08T00:02:28Z,4050,2026-10-07T15:59:05Z,483
2026-10-08T00:02:28Z,4051,2026-10-07T15:58:46Z,483
2026-10-08T00:02:28Z,4052,2026-10-07T15:58:46Z,483
2026-10-08T00:02:28Z,4053,2026-10-07T15:58:57Z,483
2026-10-08T00:02:28Z,4054,2026-10-07T15:58:59Z,483
2026-10-08T00:02:28Z,4055,2026-10-07T15:59:16Z,483
2026-10-08T00:02:28Z,4056,2026-10-07T15:59:16Z,483
2026-10-08T00:02:28Z,4057,2026-10-07T23:59:22Z,3
2026-10-08T00:02:28Z,4058,2026-10-07T17:10:14Z,412
2026-10-08T00:02:28Z,4059,2026-10-07T15:58:58Z,483
2026-10-08T00:02:28Z,4060,2026-10-07T15:58:58Z,483
2026-10-08T00:02:28Z,4061,2026-10-07T20:10:39Z,231
2026-10-08T00:02:28Z,4062,2026-10-07T23:59:23Z,3
2026-10-08T00:02:28Z,4063,2026-10-07T15:58:57Z,483
2026-10-08T00:02:28Z,4064,2026-10-07T15:58:59Z,483
2026-10-08T00:02:28Z,4065,2026-10-07T19:26:02Z,276
2026-10-08T00:02:28Z,4066,2026-10-07T15:58:58Z,483
2026-10-08T00:02:28Z,4067,2026-10-07T15:58:46Z,483
2026-10-08T00:02:28Z,4068,2026-10-07T15:58:58Z,483
2026-10-08T00:02:28Z,4069,2026-10-07T23:13:56Z,48
2026-10-08T00:02:28Z,4070,2026-10-07T23:59:22Z,3
2026-10-08T00:02:28Z,4071,2026-10-07T23:59:20Z,3
2026-10-08T00:02:28Z,4072,2026-10-07T23:59:20Z,3
2026-10-08T00:02:28Z,4073,2026-10-07T23:59:20Z,3
2026-10-08T00:02:28Z,4074,2026-10-07T23:59:23Z,3
2026-10-08T00:02:28Z,4075,2026-10-07T23:59:23Z,3
2026-10-08T00:02:28Z,4076,2026-10-07T23:59:22Z,3
2026-10-08T00:02:28Z,4077,2026-10-07T08:27:55Z,934
2026-10-08T00:02:28Z,4078,2026-03-11T13:51:24Z,303011
2026-10-08T00:02:28Z,4079,2026-10-07T23:59:23Z,3
2026-10-08T00:02:28Z,4080,2026-10-07T11:45:16Z,737
2026-10-08T00:02:28Z,4081,2026-10-07T07:51:03Z,971
2026-10-08T00:02:28Z,4082,2026-10-07T20:03:04Z,239
2026-10-08T00:02:28Z,4083,2026-10-07T14:27:05Z,575
2026-10-08T00:02:28Z,4084,2026-10-07T18:22:58Z,339
2026-10-08T00:02:28Z,4085,2026-10-07T23:59:22Z,3
2026-10-08T00:02:28Z,4086,2026-10-07T23:38:35Z,23
2026-10-08T00:02:28Z,4087,2026-10-07T21:00:57Z,181
2026-10-08T00:02:28Z,4088,2026-10-07T19:33:54Z,268
2026-10-08T00:02:28Z,4089,2026-10-07T23:59:21Z,3
2026-10-08T00:02:28Z,4090,2026-10-07T23:59:24Z,3
2026-10-08T00:02:28Z,4091,2026-09-25T08:15:17Z,18227
2026-10-08T00:02:28Z,4092,2026-10-07T21:00:49Z,181
2026-10-08T00:02:28Z,4093,2026-10-07T16:28:28Z,454
2026-10-08T00:02:28Z,4094,2026-10-06T11:36:28Z,2186
2026-10-08T00:02:28Z,4095,2026-08-18T06:34:04Z,73048
2026-10-08T00:02:28Z,4096,2026-08-18T06:02:25Z,73080
2026-10-08T00:02:28Z,4097,2026-08-18T06:46:24Z,73036
2026-10-08T00:02:28Z,4099,2026-10-07T15:58:59Z,483
2026-10-08T00:02:28Z,4100,2026-10-07T23:59:21Z,3
2026-10-08T00:02:28Z,4101,2026-10-07T15:58:56Z,483
2026-10-08T00:02:28Z,4102,2026-10-07T15:58:57Z,483
2026-10-08T00:02:28Z,4103,2026-10-07T15:58:58Z,483
2026-10-08T00:02:28Z,4104,2026-10-07T23:59:22Z,3
2026-10-08T00:02:28Z,4105,2026-10-07T15:53:38Z,488
2026-10-08T00:02:28Z,4106,2026-10-07T15:58:52Z,483
2026-10-08T00:02:28Z,4108,2026-10-07T15:58:53Z,483
2026-10-08T00:02:28Z,4109,2026-10-07T18:15:36Z,346
2026-10-08T00:02:28Z,4110,2026-04-14T12:24:37Z,254137
2026-10-08T00:02:28Z,4111,2026-10-07T23:55:37Z,6
2026-10-08T00:02:28Z,4113,2026-03-06T07:58:24Z,310564
2026-10-08T00:02:28Z,4114,2026-10-07T15:59:05Z,483
2026-10-08T00:02:28Z,4115,2026-10-07T15:59:16Z,483
2026-10-08T00:02:28Z,4117,2026-10-07T23:59:21Z,3
2026-10-08T00:02:28Z,4118,2026-10-07T15:58:54Z,483
2026-10-08T00:02:28Z,4119,2026-10-07T15:58:53Z,483
2026-10-08T00:02:28Z,4121,2026-10-07T18:32:38Z,329
2026-10-08T00:02:28Z,4122,2026-10-07T18:55:09Z,307
2026-10-08T00:02:28Z,4123,2026-10-07T19:02:30Z,299
2026-10-08T00:02:28Z,4124,2026-10-07T15:21:42Z,520
2026-10-08T00:02:28Z,4125,2026-10-07T14:07:17Z,595
2026-10-08T00:02:28Z,4126,2026-10-07T13:47:18Z,615
2026-10-08T00:02:28Z,4127,2026-10-07T14:54:08Z,548
2026-10-08T00:02:28Z,4128,2026-10-07T18:42:14Z,320
2026-10-08T00:02:28Z,4129,2026-10-07T19:16:06Z,286
2026-10-08T00:02:28Z,4130,2026-10-07T18:42:22Z,320
2026-10-08T00:02:28Z,4131,2026-10-07T21:03:59Z,178
2026-10-08T00:02:28Z,4132,2026-10-07T18:01:52Z,360
2026-10-08T00:02:28Z,4133,2026-10-07T19:27:39Z,274
2026-10-08T00:02:28Z,4134,2026-10-08T00:00:04Z,2
2026-10-08T00:02:28Z,4136,2026-10-07T13:59:43Z,602
2026-10-08T00:02:28Z,4137,2026-10-07T14:16:45Z,585
2026-10-08T00:02:28Z,4138,2026-10-07T19:19:37Z,282
2026-10-08T00:02:28Z,4141,2026-10-07T18:06:14Z,356
2026-10-08T00:02:28Z,4142,2026-10-07T09:55:18Z,847
2026-10-08T00:02:28Z,4145,2026-10-07T19:10:20Z,292
2026-10-08T00:02:28Z,4146,2026-10-07T21:00:42Z,181
2026-10-08T00:02:28Z,4147,2026-10-07T15:58:53Z,483
2026-10-08T00:02:28Z,4148,2026-10-07T15:59:01Z,483
2026-10-08T00:02:28Z,4149,2026-10-07T15:59:01Z,483
2026-10-08T00:02:28Z,4150,2026-10-07T15:59:00Z,483
2026-10-08T00:02:28Z,4151,2026-10-07T15:58:59Z,483
2026-10-08T00:02:28Z,4152,2026-10-07T15:58:54Z,483
2026-10-08T00:02:28Z,4153,2026-10-07T19:20:07Z,282
2026-10-08T00:02:28Z,4155,2026-10-07T19:48:35Z,253
2026-10-08T00:02:28Z,4156,2026-10-07T22:43:06Z,79
2026-10-08T00:02:28Z,4157,2026-10-07T23:51:48Z,10
2026-10-08T00:02:28Z,4158,2026-10-07T22:34:51Z,87
2026-10-08T00:02:28Z,4159,2026-10-07T22:34:40Z,87
2026-10-08T00:02:28Z,4160,2026-10-07T23:07:47Z,54
2026-10-08T00:02:28Z,4161,2026-10-07T19:10:21Z,292
2026-10-08T00:02:28Z,4162,2026-10-07T18:27:40Z,334
2026-10-08T00:02:28Z,4163,2026-10-07T22:10:34Z,111
2026-10-08T00:02:28Z,4165,2026-10-07T20:33:19Z,209
2026-10-08T00:02:28Z,4166,2026-10-07T20:14:14Z,228
2026-10-08T00:02:28Z,4167,2026-10-07T09:13:25Z,889
2026-10-08T00:02:28Z,4168,2026-10-07T19:10:21Z,292
2026-10-08T00:02:28Z,4169,2026-10-07T23:59:22Z,3
2026-10-08T00:02:28Z,4170,2026-10-07T15:58:53Z,483
2026-10-08T00:02:28Z,4171,2026-10-07T15:41:20Z,501
2026-10-08T00:02:28Z,4172,2026-10-07T23:59:21Z,3
2026-10-08T00:02:28Z,4173,2026-10-07T21:00:45Z,181
2026-10-08T00:02:28Z,4174,2026-10-07T15:59:00Z,483
2026-10-08T00:02:28Z,4175,2026-10-07T15:59:01Z,483
2026-10-08T00:02:28Z,4176,2026-10-07T23:59:23Z,3
2026-10-08T00:02:28Z,4177,2026-10-07T15:58:57Z,483
2026-10-08T00:02:28Z,4178,2026-10-07T23:59:21Z,3
2026-10-08T00:02:28Z,4179,2026-10-07T23:59:23Z,3
2026-10-08T00:02:28Z,4180,2026-10-07T15:58:54Z,483
2026-10-08T00:02:28Z,4181,2026-10-07T15:58:53Z,483
2026-10-08T00:02:28Z,4182,2026-10-07T15:59:06Z,483
2026-10-08T00:02:28Z,4183,2026-10-07T15:58:53Z,483
2026-10-08T00:02:28Z,4184,2026-10-07T15:58:53Z,483
2026-10-08T00:02:28Z,4185,2026-10-07T15:58:53Z,483
2026-10-08T00:02:28Z,4186,2026-10-07T23:59:23Z,3
2026-10-08T00:02:28Z,4187,2026-10-07T15:58:53Z,483
2026-10-08T00:02:28Z,4188,2026-10-07T15:59:17Z,483
2026-10-08T00:02:28Z,4189,2026-10-07T23:59:21Z,3
2026-10-08T00:02:28Z,4190,2026-10-07T15:58:54Z,483
2026-10-08T00:02:28Z,4191,2026-10-07T19:30:41Z,271
2026-10-08T00:02:28Z,4192,2026-08-26T02:53:10Z,61749
2026-10-08T00:02:28Z,4193,2026-08-25T03:01:06Z,63181
2026-10-08T00:02:28Z,4194,2026-10-07T23:59:23Z,3
2026-10-08T00:02:28Z,4195,2026-10-07T23:59:23Z,3
2026-10-08T00:02:28Z,4196,2026-10-07T23:59:21Z,3
2026-10-08T00:02:28Z,4197,2026-10-04T00:04:44Z,5757
2026-10-08T00:02:28Z,4198,2026-10-07T23:59:23Z,3
2026-10-08T00:02:28Z,4199,2026-10-07T23:59:21Z,3
2026-10-08T00:02:28Z,4200,2026-07-02T01:31:27Z,141031
2026-10-08T00:02:28Z,4201,2026-10-07T15:58:54Z,483
2026-10-08T00:02:28Z,4202,2026-10-07T23:59:24Z,3
2026-10-08T00:02:28Z,4203,2026-10-07T15:58:55Z,483
2026-10-08T00:02:28Z,4204,2026-10-07T15:58:55Z,483
2026-10-08T00:02:28Z,4205,2026-10-07T16:01:01Z,481
2026-10-08T00:02:28Z,4206,2026-10-07T15:58:54Z,483
2026-10-08T00:02:28Z,4207,2026-10-07T15:58:54Z,483
2026-10-08T00:02:28Z,4208,2026-10-07T15:59:13Z,483
2026-10-08T00:02:28Z,4209,2026-10-07T15:58:54Z,483
2026-10-08T00:02:28Z,4210,2026-10-07T15:58:54Z,483
2026-10-08T00:02:28Z,4211,2026-10-07T15:59:59Z,482
2026-10-08T00:02:28Z,4212,2026-10-07T23:59:21Z,3
2026-10-08T00:02:28Z,4213,2026-10-07T15:58:53Z,483
2026-10-08T00:02:28Z,4214,2026-10-07T15:59:10Z,483
2026-10-08T00:02:28Z,4216,2026-10-07T15:58:52Z,483
2026-10-08T00:02:28Z,4217,2026-10-07T15:58:53Z,483
2026-10-08T00:02:28Z,4218,2026-10-07T23:51:04Z,11
2026-10-08T00:02:28Z,4220,2026-10-07T15:58:53Z,483
2026-10-08T00:02:28Z,4221,2026-10-07T15:58:53Z,483
2026-10-08T00:02:28Z,4222,2026-10-07T15:58:53Z,483
2026-10-08T00:02:28Z,4223,2026-10-07T20:35:58Z,206
2026-10-08T00:02:28Z,4224,2026-10-07T15:58:54Z,483
2026-10-08T00:02:28Z,4225,2026-10-07T15:58:54Z,483
2026-10-08T00:02:28Z,4231,2026-10-07T15:58:56Z,483
2026-10-08T00:02:28Z,4233,2026-10-08T00:00:04Z,2
2026-10-08T00:02:28Z,4234,2026-10-07T23:59:23Z,3
2026-10-08T00:02:28Z,4235,2026-10-08T00:00:17Z,2
2026-10-08T00:02:28Z,4236,2026-10-07T19:05:32Z,296
2026-10-08T00:02:28Z,4237,2026-10-07T21:01:10Z,181
2026-10-08T00:02:28Z,4238,2026-10-07T21:00:55Z,181
2026-10-08T00:02:28Z,4239,2026-10-07T16:11:46Z,470
2026-10-08T00:02:28Z,4240,2026-10-07T23:52:11Z,10
2026-10-08T00:02:28Z,4241,2026-08-19T05:17:18Z,71685
2026-10-08T00:02:28Z,4242,2026-10-07T03:35:23Z,1227
2026-10-08T00:02:28Z,4243,2026-10-07T15:58:53Z,483
2026-10-08T00:02:28Z,4244,2026-10-07T15:58:53Z,483
2026-10-08T00:02:28Z,4245,2025-09-09T08:04:42Z,566877
2026-10-08T00:02:28Z,4246,2026-10-07T23:59:21Z,3
2026-10-08T00:02:28Z,4247,2026-10-07T15:58:53Z,483
2026-10-08T00:02:28Z,4248,2026-10-07T15:58:54Z,483
2026-10-08T00:02:28Z,4249,2026-10-07T15:58:52Z,483
2026-10-08T00:02:28Z,4250,2026-10-07T19:50:09Z,252
2026-10-08T00:02:28Z,4251,2026-10-07T15:59:12Z,483
2026-10-08T00:02:28Z,4252,2026-10-07T16:01:27Z,481
2026-10-08T00:02:28Z,4253,2026-10-07T15:58:54Z,483
2026-10-08T00:02:28Z,4254,2026-10-07T15:58:54Z,483
2026-10-08T00:02:28Z,4255,2025-09-09T08:04:42Z,566877
2026-10-08T00:02:28Z,4256,2025-09-09T08:04:42Z,566877
2026-10-08T00:02:28Z,4257,2025-09-09T08:04:42Z,566877
2026-10-08T00:02:28Z,4258,2026-10-07T23:59:22Z,3
2026-10-08T00:02:28Z,4259,2026-10-07T15:59:12Z,483
2026-10-08T00:02:28Z,4260,2026-10-07T23:59:21Z,3
2026-10-08T00:02:28Z,4261,2026-10-07T21:00:57Z,181
2026-10-08T00:02:28Z,4262,2026-10-07T15:58:52Z,483
2026-10-08T00:02:28Z,4263,2026-10-07T15:58:52Z,483
2026-10-08T00:02:28Z,4264,2026-10-07T15:58:53Z,483
2026-10-08T00:02:28Z,4265,2026-10-07T23:59:23Z,3
2026-10-08T00:02:28Z,4266,2026-10-07T15:58:53Z,483
2026-10-08T00:02:28Z,4267,2026-09-23T06:04:27Z,21238
2026-10-08T00:02:28Z,4268,2026-10-07T21:00:26Z,182
2026-10-08T00:02:28Z,4270,2026-10-07T15:58:52Z,483
2026-10-08T00:02:28Z,4271,2026-10-07T17:28:53Z,393
2026-10-08T00:02:28Z,4272,2026-10-07T15:58:52Z,483
2026-10-08T00:02:28Z,4273,2026-10-07T15:58:52Z,483
2026-10-08T00:02:28Z,4274,2026-10-07T10:20:11Z,822
2026-10-08T00:02:28Z,4275,2026-10-07T16:24:11Z,458
2026-10-08T00:02:28Z,4277,2026-10-07T17:49:39Z,372
2026-10-08T00:02:28Z,4278,2026-10-07T23:30:19Z,32
2026-10-08T00:02:28Z,4279,2026-10-07T18:10:12Z,352
2026-10-08T00:02:28Z,4280,2026-10-07T18:45:54Z,316
2026-10-08T00:02:28Z,4281,2026-10-07T23:37:14Z,25
2026-10-08T00:02:28Z,4282,2026-10-07T18:57:40Z,304
2026-10-08T00:02:28Z,4283,2026-10-07T19:25:49Z,276
2026-10-08T00:02:28Z,4284,2026-10-05T11:01:16Z,3661
2026-10-08T00:02:28Z,4285,2026-10-07T19:43:52Z,258
2026-10-08T00:02:28Z,4286,2026-10-07T16:16:35Z,465
2026-10-08T00:02:28Z,4287,2026-10-07T15:58:53Z,483
2026-10-08T00:02:28Z,4288,2026-10-07T15:58:53Z,483
2026-10-08T00:02:28Z,4289,2026-10-07T15:58:54Z,483
2026-10-08T00:02:28Z,4290,2026-10-07T15:58:54Z,483
2026-10-08T00:02:28Z,4291,2025-09-09T08:04:42Z,566877
2026-10-08T00:02:28Z,4292,2026-10-07T23:59:22Z,3
2026-10-08T00:02:28Z,4293,2026-10-07T15:58:54Z,483
2026-10-08T00:02:28Z,4294,2026-10-07T15:58:54Z,483
2026-10-08T00:02:28Z,4295,2026-08-12T02:28:09Z,81934
2026-10-08T00:02:28Z,4296,2026-10-08T00:00:16Z,2
2026-10-08T00:02:28Z,4297,2026-10-08T00:00:17Z,2
2026-10-08T00:02:28Z,4298,2026-10-07T17:07:07Z,415
2026-10-08T00:02:28Z,4299,2026-10-07T19:17:05Z,285
2026-10-08T00:02:28Z,4300,2026-10-07T16:04:04Z,478
2026-10-08T00:02:28Z,4301,2026-10-07T23:59:22Z,3
2026-10-08T00:02:28Z,4302,2026-10-07T15:58:53Z,483
2026-10-08T00:02:28Z,4303,2026-10-07T18:01:59Z,360
2026-10-08T00:02:28Z,4304,2026-10-07T03:53:43Z,1208
2026-10-08T00:02:28Z,4305,2026-10-07T15:58:46Z,483
2026-10-08T00:02:28Z,4306,2026-10-07T15:58:59Z,483
2026-10-08T00:02:28Z,4307,2026-10-07T15:58:57Z,483
2026-10-08T00:02:28Z,4308,2026-10-07T15:54:39Z,487
2026-10-08T00:02:28Z,4309,2026-10-06T04:29:22Z,2613
2026-10-08T00:02:28Z,4310,2026-10-07T23:59:23Z,3
2026-10-08T00:02:28Z,4311,2026-10-07T13:57:35Z,604
2026-10-08T00:02:28Z,4312,2026-10-07T13:57:36Z,604
2026-10-08T00:02:28Z,4313,2026-10-07T13:57:36Z,604
2026-10-08T00:02:28Z,4315,2026-10-07T20:49:33Z,192
2026-10-08T00:02:28Z,4316,2026-10-07T19:10:27Z,292
2026-10-08T00:02:28Z,4317,2026-10-07T18:18:45Z,343
2026-10-08T00:02:28Z,4318,2026-09-29T10:14:55Z,12347
2026-10-08T00:02:28Z,4319,2026-10-07T19:10:27Z,292
2026-10-08T00:02:28Z,4320,2026-10-07T21:00:46Z,181
2026-10-08T00:02:28Z,4321,2026-10-06T14:42:24Z,2000
2026-10-08T00:02:28Z,4322,2026-08-27T10:04:36Z,59877
2026-10-08T00:02:28Z,4323,2026-10-07T19:10:29Z,291
2026-10-08T00:02:28Z,4324,2026-10-07T19:10:29Z,291
2026-10-08T00:02:28Z,4326,2026-09-29T08:57:14Z,12425
2026-10-08T00:02:28Z,4327,2026-10-07T15:58:52Z,483
2026-10-08T00:02:28Z,4328,2026-10-07T19:10:32Z,291
2026-10-08T00:02:28Z,4331,2026-10-07T15:47:06Z,495
2026-10-08T00:02:28Z,4332,2026-10-07T13:58:15Z,604
2026-10-08T00:02:28Z,4333,2026-10-07T19:10:33Z,291
2026-10-08T00:02:28Z,4334,2026-10-07T13:05:24Z,657
2026-10-08T00:02:28Z,4335,2025-09-23T08:51:12Z,546671
2026-10-08T00:02:28Z,4336,2026-10-07T23:59:21Z,3
2026-10-08T00:02:28Z,4337,2026-10-07T15:58:54Z,483
2026-10-08T00:02:28Z,4338,2026-10-07T15:59:01Z,483
2026-10-08T00:02:28Z,4339,2026-10-07T13:58:22Z,604
2026-10-08T00:02:28Z,4340,2026-10-07T19:10:34Z,291
2026-10-08T00:02:28Z,4341,2026-10-07T19:10:34Z,291
2026-10-08T00:02:28Z,4342,2026-10-07T19:10:35Z,291
2026-10-08T00:02:28Z,4343,2026-10-07T19:10:35Z,291
2026-10-08T00:02:28Z,4344,2026-10-07T19:10:35Z,291
2026-10-08T00:02:28Z,4345,2026-10-07T19:10:35Z,291
2026-10-08T00:02:28Z,4346,2026-10-07T19:10:35Z,291
2026-10-08T00:02:28Z,4347,2026-10-07T19:10:36Z,291
2026-10-08T00:02:28Z,4348,2026-10-07T19:10:36Z,291
2026-10-08T00:02:28Z,4349,2026-10-08T00:00:04Z,2
2026-10-08T00:02:28Z,4352,2026-10-07T20:39:38Z,202
2026-10-08T00:02:28Z,4353,2026-10-07T14:24:12Z,578
2026-10-08T00:02:28Z,4354,2026-10-07T19:10:37Z,291
2026-10-08T00:02:28Z,4355,2026-10-07T21:32:00Z,150
2026-10-08T00:02:28Z,4360,2026-10-07T19:10:38Z,291
2026-10-08T00:02:28Z,4363,2026-10-07T13:59:01Z,603
2026-10-08T00:02:28Z,4366,2026-10-07T21:00:28Z,182
2026-10-08T00:02:28Z,4367,2026-10-07T13:59:07Z,603
2026-10-08T00:02:28Z,4368,2026-10-07T19:10:41Z,291
2026-10-08T00:02:28Z,4369,2026-10-07T19:10:41Z,291
2026-10-08T00:02:28Z,4370,2026-10-07T19:10:41Z,291
2026-10-08T00:02:28Z,4373,2026-10-07T19:56:53Z,245
2026-10-08T00:02:28Z,4374,2026-10-07T19:00:15Z,302
2026-10-08T00:02:28Z,4375,2026-10-07T19:10:41Z,291
2026-10-08T00:02:28Z,4376,2026-10-07T20:18:04Z,224
2026-10-08T00:02:28Z,4377,2026-10-07T17:05:39Z,416
2026-10-08T00:02:28Z,4378,2026-10-07T16:34:22Z,448
2026-10-08T00:02:28Z,4379,2026-10-07T19:10:41Z,291
2026-10-08T00:02:28Z,4380,2026-10-07T13:59:38Z,602
2026-10-08T00:02:28Z,4382,2026-10-07T16:54:18Z,428
2026-10-08T00:02:28Z,4383,2026-10-07T21:01:23Z,181
2026-10-08T00:02:28Z,4571,2026-10-07T19:10:43Z,291
2026-10-08T00:02:28Z,4572,2026-10-07T15:58:59Z,483
2026-10-08T00:02:28Z,4574,2026-10-07T23:04:24Z,58
2026-10-08T00:02:28Z,4575,2024-10-07T08:55:34Z,1052106
2026-10-08T00:02:28Z,4577,2026-10-07T21:00:44Z,181
2026-10-08T00:02:28Z,4578,2026-10-08T00:00:04Z,2
2026-10-08T00:02:28Z,4579,2026-10-07T19:10:44Z,291
2026-10-08T00:02:28Z,4580,2026-10-07T19:10:45Z,291
2026-10-08T00:02:28Z,4581,2026-10-07T19:10:44Z,291
2026-10-08T00:02:28Z,4582,2026-10-07T21:01:29Z,180
2026-10-08T00:02:28Z,4584,2026-10-07T19:10:45Z,291
2026-10-08T00:02:28Z,4585,2026-10-07T19:10:45Z,291
2026-10-08T00:02:28Z,4587,2026-10-07T21:00:39Z,181
2026-10-08T00:02:28Z,4588,2026-10-07T21:01:18Z,181
2026-10-08T00:02:28Z,4589,2026-10-08T00:00:04Z,2
2026-10-08T00:02:28Z,4590,2026-10-08T00:00:04Z,2
2026-10-08T00:02:28Z,4591,2026-10-08T00:00:04Z,2
2026-10-08T00:02:28Z,4593,2026-10-08T00:00:04Z,2
2026-10-08T00:02:28Z,4594,2026-10-08T00:00:04Z,2
2026-10-08T00:02:28Z,4595,2026-10-08T00:00:04Z,2
2026-10-08T00:02:28Z,4596,2026-10-08T00:00:04Z,2
2026-10-08T00:02:28Z,4597,2026-10-08T00:00:04Z,2
2026-10-08T00:02:28Z,4598,2026-10-08T00:00:04Z,2
2026-10-08T00:02:28Z,4599,2026-10-08T00:00:04Z,2
2026-10-08T00:02:28Z,4602,2026-10-08T00:00:04Z,2
2026-10-08T00:02:28Z,4687,2026-10-08T00:00:04Z,2
2026-10-08T00:02:28Z,4688,2026-10-08T00:00:04Z,2
2026-10-08T00:02:28Z,4689,2026-10-08T00:00:04Z,2
2026-10-08T00:02:28Z,4690,2026-10-08T00:00:04Z,2
2026-10-08T00:02:28Z,4702,2026-10-08T00:00:04Z,2
2026-10-08T00:02:28Z,4776,2026-10-08T00:00:04Z,2
2026-10-08T00:02:28Z,4777,2026-10-08T00:00:04Z,2
2026-10-08T00:02:28Z,4779,2026-10-08T00:00:04Z,2
2026-10-08T00:02:28Z,4780,2026-10-08T00:00:04Z,2
2026-10-08T00:02:28Z,4782,2026-10-08T00:00:04Z,2
2026-10-08T00:02:28Z,4784,2026-10-08T00:00:04Z,2
2026-10-08T00:02:28Z,4785,2026-10-08T00:00:04Z,2
2026-10-08T00:02:28Z,4786,2026-10-08T00:00:04Z,2
2026-10-08T00:02:28Z,4787,2026-10-08T00:00:04Z,2
2026-10-08T00:02:28Z,4788,2026-10-08T00:00:04Z,2
2026-10-08T00:02:28Z,4789,2026-10-08T00:00:04Z,2
2026-10-08T00:02:28Z,4790,2026-10-08T00:00:04Z,2
2026-10-08T00:02:28Z,4791,2026-10-08T00:00:04Z,2
2026-10-08T00:02:28Z,4792,2026-10-08T00:00:04Z,2
2026-10-08T00:02:28Z,4793,2026-10-08T00:00:04Z,2
2026-10-08T00:02:28Z,4794,2026-10-08T00:00:04Z,2
2026-10-08T00:02:28Z,4795,2026-10-08T00:00:04Z,2
2026-10-08T00:02:28Z,4796,2026-10-08T00:00:04Z,2
2026-10-08T00:02:28Z,4797,2026-10-08T00:00:04Z,2
2026-10-08T00:02:28Z,4798,2026-10-08T00:00:04Z,2
2026-10-08T00:02:28Z,4799,2026-10-08T00:00:04Z,2
2026-10-08T00:02:28Z,4800,2026-10-08T00:00:04Z,2
2026-10-08T00:02:28Z,4801,2026-10-08T00:00:04Z,2
2026-10-08T00:02:28Z,4804,2026-10-08T00:00:04Z,2
2026-10-08T00:02:28Z,4806,2026-10-08T00:00:04Z,2
2026-10-08T00:02:28Z,4807,2026-10-08T00:00:04Z,2
2026-10-08T00:02:28Z,4808,2026-10-08T00:00:04Z,2
2026-10-08T00:02:28Z,4809,2026-10-07T21:02:03Z,180
2026-10-08T00:02:28Z,4810,2026-10-07T21:00:50Z,181
2026-10-08T00:02:28Z,4811,2026-10-07T19:10:47Z,291
2026-10-08T00:02:28Z,4812,2026-10-07T19:10:47Z,291
2026-10-08T00:02:28Z,4813,2026-10-07T19:10:47Z,291
2026-10-08T00:02:28Z,4814,2026-10-07T19:10:47Z,291
2026-10-08T00:02:28Z,4816,2026-10-07T23:59:24Z,3
2026-10-08T00:02:28Z,4817,2026-10-07T15:58:54Z,483
2026-10-08T00:02:28Z,4818,2026-10-07T15:59:01Z,483
2026-10-08T00:02:28Z,4819,2026-10-07T15:59:00Z,483
2026-10-08T00:02:28Z,4820,2026-10-07T15:58:59Z,483
2026-10-08T00:02:28Z,4821,2026-10-07T23:59:22Z,3
2026-10-08T00:02:28Z,4822,2026-10-07T23:59:22Z,3
2026-10-08T00:02:28Z,4823,2026-10-07T15:59:15Z,483
2026-10-08T00:02:28Z,4824,2026-10-07T23:59:22Z,3
2026-10-08T00:02:28Z,4825,2026-10-07T19:10:48Z,291
2026-10-08T00:02:28Z,4826,2026-10-07T19:10:48Z,291
2026-10-08T00:02:28Z,4829,2026-10-07T12:26:38Z,695
2026-10-08T00:02:28Z,4830,2026-10-08T00:00:04Z,2
2026-10-08T00:02:28Z,4832,2026-10-07T23:55:25Z,7
2026-10-08T00:02:28Z,4833,2026-10-07T19:10:49Z,291
2026-10-08T00:02:28Z,4834,2026-10-07T21:00:58Z,181
2026-10-08T00:02:28Z,4837,2026-10-08T00:00:04Z,2
2026-10-08T00:02:28Z,4838,2026-10-08T00:00:04Z,2
2026-10-08T00:02:28Z,4839,2026-10-07T21:00:54Z,181
2026-10-08T00:02:28Z,4840,2026-10-05T05:02:16Z,4020
2026-10-08T00:02:28Z,4841,2026-10-05T05:02:25Z,4020
2026-10-08T00:02:28Z,4842,2026-10-05T05:02:16Z,4020
2026-10-08T00:02:28Z,4843,2026-10-05T05:02:25Z,4020
2026-10-08T00:02:28Z,4844,2026-10-05T05:02:04Z,4020
2026-10-08T00:02:28Z,4845,2026-10-07T14:09:51Z,592
2026-10-08T00:02:28Z,4847,2026-10-08T00:00:04Z,2
2026-10-08T00:02:28Z,4848,2026-10-08T00:00:04Z,2
2026-10-08T00:02:28Z,4849,2026-10-07T18:43:28Z,319
2026-10-08T00:02:28Z,4850,2026-10-07T20:00:21Z,242
2026-10-08T00:02:28Z,4851,2026-10-07T21:51:29Z,130
2026-10-08T00:02:28Z,4852,2026-10-07T19:02:29Z,299
2026-10-08T00:02:28Z,4853,2026-10-07T23:41:10Z,21
2026-10-08T00:02:28Z,4854,2026-10-07T18:53:52Z,308
2026-10-08T00:02:28Z,4855,2026-10-07T19:02:26Z,300
2026-10-08T00:02:28Z,4856,2026-10-07T18:38:10Z,324
2026-10-08T00:02:28Z,4857,2026-10-07T21:57:17Z,125
2026-10-08T00:02:28Z,4858,2026-10-07T18:43:31Z,318
2026-10-08T00:02:28Z,4859,2026-10-07T21:08:28Z,174
2026-10-08T00:02:28Z,4860,2026-10-07T19:10:50Z,291
2026-10-08T00:02:28Z,4861,2026-10-07T14:10:02Z,592
2026-10-08T00:02:28Z,5805,2026-10-07T20:11:56Z,230
2026-10-08T00:02:28Z,5806,2026-10-07T21:00:46Z,181
2026-10-08T00:02:28Z,5807,2026-10-07T23:56:09Z,6
2026-10-08T00:02:28Z,5808,2026-10-07T21:10:54Z,171
2026-10-08T00:02:28Z,5809,2026-10-07T23:56:04Z,6
2026-10-08T00:02:28Z,5810,2026-10-06T10:40:18Z,2242
2026-10-08T00:02:28Z,6797,2026-10-08T00:00:04Z,2
2026-10-08T00:02:28Z,6798,2026-10-08T00:00:04Z,2
2026-10-08T00:02:28Z,6799,2026-10-08T00:00:04Z,2
2026-10-08T00:02:28Z,6800,2026-10-08T00:00:04Z,2
2026-10-08T00:02:28Z,6801,2026-10-08T00:00:04Z,2
2026-10-08T00:02:28Z,6802,2026-10-08T00:00:04Z,2
2026-10-08T00:02:28Z,6803,2026-10-08T00:00:04Z,2
2026-10-08T00:02:28Z,6804,2026-10-08T00:00:04Z,2
2026-10-08T00:02:28Z,6812,2026-10-08T00:00:04Z,2
2026-10-08T00:02:28Z,6814,2026-10-08T00:00:04Z,2
2026-10-08T00:02:28Z,6815,2026-10-07T21:00:43Z,181
2026-10-08T00:02:28Z,6817,2026-10-08T00:00:04Z,2
2026-10-08T00:02:28Z,6818,2026-10-08T00:00:04Z,2
2026-10-08T00:02:28Z,6819,2026-10-08T00:00:04Z,2
2026-10-08T00:02:28Z,6820,2026-10-08T00:00:04Z,2
2026-10-08T00:02:28Z,6821,2026-10-08T00:00:04Z,2
2026-10-08T00:02:28Z,6822,2026-10-08T00:00:04Z,2
2026-10-08T00:02:28Z,6823,2026-10-08T00:00:04Z,2
2026-10-08T00:02:28Z,6825,2026-10-08T00:00:04Z,2
2026-10-08T00:02:28Z,6826,2026-10-08T00:00:04Z,2
2026-10-08T00:02:28Z,6827,2026-10-08T00:00:04Z,2
2026-10-08T00:02:28Z,6828,2026-10-07T19:10:51Z,291
2026-10-08T00:02:28Z,6830,2026-10-08T00:00:04Z,2
2026-10-08T00:02:28Z,6831,2026-10-08T00:00:04Z,2
2026-10-08T00:02:28Z,6832,2026-10-08T00:00:04Z,2
2026-10-08T00:02:28Z,6833,2026-10-08T00:00:04Z,2
2026-10-08T00:02:28Z,6834,2026-10-08T00:00:04Z,2
2026-10-08T00:02:28Z,6835,2026-10-07T21:17:28Z,165
2026-10-08T00:02:28Z,6837,2026-10-07T21:00:45Z,181
2026-10-08T00:02:28Z,6838,2026-10-07T13:51:12Z,611
2026-10-08T00:02:28Z,6839,2026-10-07T12:04:41Z,717
2026-10-08T00:02:28Z,6841,2026-10-08T00:00:04Z,2
2026-10-08T00:02:28Z,6845,2026-10-07T21:01:16Z,181
2026-10-08T00:02:28Z,6847,2026-10-08T00:00:04Z,2
2026-10-08T00:02:28Z,6849,2026-10-08T00:00:04Z,2
2026-10-08T00:02:28Z,6850,2026-10-07T13:24:44Z,637
2026-10-08T00:02:28Z,6853,2026-10-07T03:21:48Z,1240
2026-10-08T00:02:28Z,6855,2026-10-07T17:11:50Z,410
2026-10-08T00:02:28Z,6856,2026-10-07T21:00:25Z,182
2026-10-08T00:02:28Z,6857,2026-10-07T19:10:53Z,291
2026-10-08T00:02:28Z,6858,2026-10-05T04:28:55Z,4053
2026-10-08T00:02:28Z,6860,2026-10-07T15:58:54Z,483
2026-10-08T00:02:28Z,6862,2026-10-07T23:59:20Z,3
2026-10-08T00:02:28Z,6864,2026-10-07T19:15:35Z,286
2026-10-08T00:02:28Z,14360,2026-10-08T00:00:04Z,2
2026-10-08T00:02:28Z,14368,2026-10-07T06:37:59Z,1044
2026-10-08T00:02:28Z,14369,2026-10-07T22:07:10Z,115
2026-10-08T00:02:28Z,14370,2026-10-07T17:12:00Z,410
2026-10-08T00:02:28Z,14371,2026-10-07T15:33:45Z,508
2026-10-08T00:02:28Z,14372,2026-10-07T15:59:01Z,483
2026-10-08T00:02:28Z,14374,2026-09-29T16:11:14Z,11991
2026-10-08T00:02:28Z,14375,2026-10-01T18:03:22Z,8999
2026-10-08T00:02:28Z,14376,2026-10-07T18:47:44Z,314
2026-10-08T00:02:28Z,14403,2026-10-07T21:26:06Z,156
2026-10-08T00:02:28Z,14404,2026-10-08T00:00:04Z,2
2026-10-08T00:02:28Z,14405,2026-09-12T15:14:13Z,36528
2026-10-08T00:02:28Z,14406,2026-10-07T19:46:12Z,256
2026-10-08T00:02:28Z,14407,2026-09-18T16:52:05Z,27790
2026-10-08T00:02:28Z,14408,2026-09-26T14:42:06Z,16400
2026-10-08T00:02:28Z,14409,2026-10-07T22:28:29Z,93
2026-10-08T00:02:28Z,14410,2026-10-07T14:09:18Z,593
2026-10-08T00:02:28Z,14411,2026-10-08T00:00:04Z,2
2026-10-08T00:02:28Z,14412,2026-10-08T00:00:04Z,2
2026-10-08T00:02:28Z,14413,2026-10-08T00:00:04Z,2
2026-10-08T00:02:28Z,14414,2026-10-08T00:00:04Z,2
2026-10-08T00:02:28Z,14415,2026-10-08T00:00:04Z,2
2026-10-08T00:02:28Z,14416,2026-10-07T19:10:53Z,291
2026-10-08T00:02:28Z,14417,2026-10-08T00:00:04Z,2
2026-10-08T00:02:28Z,14418,2026-10-07T17:00:54Z,421
2026-10-08T00:02:28Z,14419,2026-10-07T15:25:35Z,516
2026-10-08T00:02:28Z,14420,2026-10-07T14:41:26Z,561
2026-10-08T00:02:28Z,14422,2026-10-08T00:00:04Z,2
2026-10-08T00:02:28Z,14423,2026-10-08T00:00:04Z,2
2026-10-08T00:02:28Z,14424,2026-10-07T21:01:23Z,181
2026-10-08T00:02:28Z,14427,2026-10-08T00:00:04Z,2
2026-10-08T00:02:28Z,14445,2026-10-08T00:00:04Z,2
2026-10-08T00:02:28Z,14446,2026-10-08T00:00:04Z,2
2026-10-08T00:02:28Z,14447,2026-10-08T00:00:04Z,2
2026-10-08T00:02:28Z,14448,2026-10-08T00:00:04Z,2
2026-10-08T00:02:28Z,14449,2026-10-07T21:01:24Z,181
2026-10-08T00:02:28Z,14451,2026-10-08T00:00:04Z,2
2026-10-08T00:02:28Z,14452,2026-10-08T00:00:04Z,2
2026-10-08T00:02:28Z,14453,2026-10-06T17:17:49Z,1844
2026-10-08T00:02:28Z,14454,2026-10-07T13:53:05Z,609
2026-10-08T00:02:28Z,14455,2026-10-07T23:47:30Z,14
2026-10-08T00:02:28Z,14456,2026-10-07T19:10:53Z,291
2026-10-08T00:02:28Z,14457,2026-10-07T19:10:54Z,291
2026-10-08T00:02:28Z,14458,2026-10-07T23:59:21Z,3
2026-10-08T00:02:28Z,14460,2025-08-24T21:39:38Z,589102
2026-10-08T00:02:28Z,14461,2026-10-07T15:58:54Z,483
2026-10-08T00:02:28Z,14464,2026-10-07T15:58:53Z,483
2026-10-08T00:02:28Z,14465,2025-08-24T21:39:38Z,589102
2026-10-08T00:02:28Z,14471,2026-10-07T19:20:01Z,282
2026-10-08T00:02:28Z,14473,2026-10-07T21:01:12Z,181
2026-10-08T00:02:28Z,14475,2026-10-07T18:37:27Z,325
2026-10-08T00:02:28Z,14476,2026-10-07T14:54:44Z,547
2026-10-08T00:02:28Z,14477,2026-10-07T18:01:30Z,360
2026-10-08T00:02:28Z,14478,2026-10-07T17:07:55Z,414
2026-10-08T00:02:28Z,14479,2026-10-07T15:25:53Z,516
2026-10-08T00:02:28Z,14480,2026-10-07T19:10:54Z,291
2026-10-08T00:02:28Z,14481,2026-10-07T18:43:54Z,318
2026-10-08T00:02:28Z,14484,2026-10-07T00:05:35Z,1436
2026-10-08T00:02:28Z,14485,2026-10-07T21:00:50Z,181
2026-10-08T00:02:28Z,14486,2026-10-07T19:46:52Z,255
2026-10-08T00:02:28Z,14487,2026-10-07T21:00:51Z,181
2026-10-08T00:02:28Z,14488,2026-10-07T21:01:03Z,181
2026-10-08T00:02:28Z,14489,2026-10-07T21:00:50Z,181
2026-10-08T00:02:28Z,14490,2026-10-07T19:46:52Z,255
2026-10-08T00:02:28Z,14498,2026-10-07T19:41:36Z,260
2026-10-08T00:02:28Z,14499,2026-10-07T18:38:24Z,324
2026-10-08T00:02:28Z,14500,2026-10-07T19:49:06Z,253
2026-10-08T00:02:28Z,14502,2026-10-07T16:40:15Z,442
2026-10-08T00:02:28Z,14503,2026-10-07T23:47:11Z,15
2026-10-08T00:02:28Z,14504,2026-10-07T21:29:40Z,152
2026-10-08T00:02:28Z,14506,2026-10-07T21:00:45Z,181
2026-10-08T00:02:28Z,14509,2026-10-07T09:58:03Z,844
2026-10-08T00:02:28Z,14510,2026-10-07T19:10:54Z,291
2026-10-08T00:02:28Z,14511,2026-10-07T19:10:54Z,291
2026-10-08T00:02:28Z,14512,2026-10-07T19:10:54Z,291
2026-10-08T00:02:28Z,14513,2026-10-07T15:58:53Z,483
2026-10-08T00:02:28Z,14515,2026-10-08T00:00:04Z,2
2026-10-08T00:02:28Z,14517,2026-10-08T00:00:04Z,2
2026-10-08T00:02:28Z,14519,2026-10-07T17:29:40Z,392
2026-10-08T00:02:28Z,14521,2026-10-07T21:09:55Z,172
2026-10-08T00:02:28Z,14522,2026-10-07T20:03:04Z,239
2026-10-08T00:02:28Z,14523,2026-10-07T19:58:41Z,243
2026-10-08T00:02:28Z,14525,2026-09-22T10:42:18Z,22400
2026-10-08T00:02:28Z,14526,2026-10-08T00:00:04Z,2
2026-10-08T00:02:28Z,14527,2026-10-07T18:29:00Z,333
2026-10-08T00:02:28Z,14528,2026-10-07T16:57:43Z,424
2026-10-08T00:02:28Z,14529,2026-10-07T21:00:50Z,181
2026-10-08T00:02:28Z,14530,2026-10-07T13:59:36Z,602
2026-10-08T00:02:28Z,14531,2026-10-07T15:06:48Z,535
2026-10-08T00:02:28Z,14532,2026-10-07T23:59:22Z,3
2026-10-08T00:02:28Z,14533,2026-10-07T19:58:54Z,243
2026-10-08T00:02:28Z,14534,2026-10-07T15:59:11Z,483
2026-10-08T00:02:28Z,14535,2026-10-07T15:58:54Z,483
2026-10-08T00:02:28Z,14536,2026-10-07T15:58:53Z,483
2026-10-08T00:02:28Z,14537,2026-10-08T00:00:04Z,2
2026-10-08T00:02:28Z,15365,2026-10-07T18:48:45Z,313
2026-10-08T00:02:28Z,15366,2026-10-07T19:01:38Z,300
2026-10-08T00:02:28Z,15367,2026-10-07T21:08:30Z,173
2026-10-08T00:02:28Z,15368,2026-10-07T23:19:14Z,43
2026-10-08T00:02:28Z,15369,2026-10-07T21:50:30Z,131
2026-10-08T00:02:28Z,15370,2026-10-07T12:00:49Z,721
2026-10-08T00:02:28Z,15371,2026-10-07T12:00:48Z,721
2026-10-08T00:02:28Z,15372,2026-10-07T14:14:52Z,587
2026-10-08T00:02:28Z,15373,2026-10-07T19:10:56Z,291
2026-10-08T00:02:28Z,15374,2026-08-11T06:32:23Z,83130
2026-10-08T00:02:28Z,15377,2026-10-08T00:00:04Z,2
2026-10-08T00:02:28Z,15378,2026-10-08T00:00:04Z,2
2026-10-08T00:02:28Z,15379,2026-10-07T21:01:08Z,181
2026-10-08T00:02:28Z,15380,2026-10-07T21:01:06Z,181
2026-10-08T00:02:28Z,15381,2026-10-07T19:11:14Z,291
2026-10-08T00:02:28Z,15386,2026-10-07T20:34:43Z,207
2026-10-08T00:02:28Z,15387,2026-10-07T23:59:22Z,3
2026-10-08T00:02:28Z,15393,2026-10-07T14:16:02Z,586
2026-10-08T00:02:28Z,15394,2026-10-08T00:00:04Z,2
2026-10-08T00:02:28Z,15395,2026-10-07T16:24:15Z,458
2026-10-08T00:02:28Z,15396,2026-10-07T19:11:03Z,291
2026-10-08T00:02:28Z,15402,2026-10-07T19:11:04Z,291
2026-10-08T00:02:28Z,15403,2026-10-07T19:11:05Z,291
2026-10-08T00:02:28Z,15404,2026-10-07T19:11:06Z,291
2026-10-08T00:02:28Z,15405,2026-10-08T00:00:04Z,2
2026-10-08T00:02:28Z,15406,2026-10-08T00:00:04Z,2
2026-10-08T00:02:28Z,15407,2026-10-06T12:06:39Z,2155
2026-10-08T00:02:28Z,15408,2026-10-06T13:49:35Z,2052
2026-10-08T00:02:28Z,15409,2026-10-07T09:07:20Z,895
2026-10-08T00:02:28Z,15410,2026-10-07T10:19:53Z,822
2026-10-08T00:02:28Z,15411,2026-10-06T09:40:31Z,2301
2026-10-08T00:02:28Z,15413,2026-10-07T19:11:07Z,291
2026-10-08T00:02:28Z,15414,2026-10-01T09:45:04Z,9497
2026-10-08T00:02:28Z,15415,2026-10-01T09:45:04Z,9497
2026-10-08T00:02:28Z,15416,2026-10-07T14:23:54Z,578
2026-10-08T00:02:28Z,15418,2026-10-07T19:11:08Z,291
2026-10-08T00:02:28Z,15419,2026-10-07T19:11:08Z,291
2026-10-08T00:02:28Z,15420,2026-10-07T19:11:08Z,291
2026-10-08T00:02:28Z,15421,2026-10-07T16:33:01Z,449
2026-10-08T00:02:28Z,15422,2026-10-08T00:00:04Z,2
2026-10-08T00:02:28Z,15423,2026-10-07T15:58:07Z,484
2026-10-08T00:02:28Z,15424,2026-08-22T12:54:02Z,66908
2026-10-08T00:02:28Z,15425,2026-10-05T21:34:47Z,3027
2026-10-08T00:02:28Z,15426,2026-10-06T08:16:32Z,2385
2026-10-08T00:02:28Z,15427,2026-10-08T00:00:04Z,2
2026-10-08T00:02:28Z,15428,2026-10-08T00:00:04Z,2
2026-10-08T00:02:28Z,15429,2026-10-08T00:00:04Z,2
2026-10-08T00:02:28Z,15430,2026-10-08T00:00:04Z,2
2026-10-08T00:02:28Z,15431,2026-10-08T00:00:04Z,2
2026-10-08T00:02:28Z,15432,2026-10-08T00:00:04Z,2
2026-10-08T00:02:28Z,15433,2026-10-08T00:00:04Z,2
2026-10-08T00:02:28Z,15434,2026-10-08T00:00:04Z,2
2026-10-08T00:02:28Z,15435,2026-10-08T00:00:04Z,2
2026-10-08T00:02:28Z,15436,2026-10-08T00:00:04Z,2
2026-10-08T00:02:28Z,15437,2026-10-08T00:00:04Z,2
2026-10-08T00:02:28Z,15438,2026-10-08T00:00:04Z,2
2026-10-08T00:02:28Z,15439,2026-10-08T00:00:04Z,2
2026-10-08T00:02:28Z,15440,2026-10-08T00:00:04Z,2
2026-10-08T00:02:28Z,15441,2026-10-08T00:00:04Z,2
2026-10-08T00:02:28Z,15442,2026-10-08T00:00:04Z,2
2026-10-08T00:02:28Z,15443,2026-10-08T00:00:04Z,2
2026-10-08T00:02:28Z,15444,2026-10-08T00:00:04Z,2
2026-10-08T00:02:28Z,15445,2026-10-08T00:00:04Z,2
2026-10-08T00:02:28Z,15446,2026-10-08T00:00:04Z,2
2026-10-08T00:02:28Z,15447,2026-10-08T00:00:04Z,2
2026-10-08T00:02:28Z,15448,2026-10-08T00:00:04Z,2
2026-10-08T00:02:28Z,15449,2026-10-08T00:00:04Z,2
2026-10-08T00:02:28Z,15450,2026-10-08T00:00:04Z,2
2026-10-08T00:02:28Z,15451,2026-10-08T00:00:04Z,2
2026-10-08T00:02:28Z,15452,2026-10-08T00:00:04Z,2
2026-10-08T00:02:28Z,15453,2026-10-08T00:00:04Z,2
2026-10-08T00:02:28Z,15454,2026-10-08T00:00:04Z,2
2026-10-08T00:02:28Z,15455,2026-10-08T00:00:04Z,2
2026-10-08T00:02:28Z,15456,2026-10-08T00:00:04Z,2
2026-10-08T00:02:28Z,15457,2026-10-08T00:00:04Z,2
2026-10-08T00:02:28Z,15458,2026-10-08T00:00:04Z,2
2026-10-08T00:02:28Z,15459,2026-10-08T00:00:04Z,2
2026-10-08T00:02:28Z,15460,2026-10-08T00:00:04Z,2
2026-10-08T00:02:28Z,15461,2026-10-08T00:00:04Z,2
2026-10-08T00:02:28Z,15462,2026-10-08T00:00:04Z,2
2026-10-08T00:02:28Z,15463,2026-10-08T00:00:04Z,2
2026-10-08T00:02:28Z,15464,2026-10-08T00:00:04Z,2
2026-10-08T00:02:28Z,15465,2026-10-08T00:00:04Z,2
2026-10-08T00:02:28Z,15466,2026-10-08T00:00:04Z,2
2026-10-08T00:02:28Z,15467,2026-10-08T00:00:04Z,2
2026-10-08T00:02:28Z,15468,2026-10-08T00:00:04Z,2
2026-10-08T00:02:28Z,15469,2026-10-08T00:00:04Z,2
2026-10-08T00:02:28Z,15470,2026-10-08T00:00:04Z,2
2026-10-08T00:02:28Z,15471,2026-10-08T00:00:04Z,2
2026-10-08T00:02:28Z,15472,2026-10-08T00:00:04Z,2
2026-10-08T00:02:28Z,15473,2026-10-08T00:00:04Z,2
2026-10-08T00:02:28Z,15474,2026-10-08T00:00:04Z,2
2026-10-08T00:02:28Z,15475,2026-10-08T00:00:04Z,2
2026-10-08T00:02:28Z,15476,2026-10-08T00:00:04Z,2
2026-10-08T00:02:28Z,15477,2026-10-08T00:00:04Z,2
2026-10-08T00:02:28Z,15478,2026-10-08T00:00:04Z,2
2026-10-08T00:02:28Z,15479,2026-10-08T00:00:04Z,2
2026-10-08T00:02:28Z,15480,2026-10-08T00:00:04Z,2
2026-10-08T00:02:28Z,15481,2026-10-08T00:00:04Z,2
2026-10-08T00:02:28Z,15482,2026-10-08T00:00:04Z,2
2026-10-08T00:02:28Z,15483,2026-10-08T00:00:04Z,2
2026-10-08T00:02:28Z,15484,2026-10-08T00:00:04Z,2
2026-10-08T00:02:28Z,15485,2026-10-08T00:00:04Z,2
2026-10-08T00:02:28Z,15486,2026-10-08T00:00:04Z,2
2026-10-08T00:02:28Z,15487,2026-10-08T00:00:04Z,2
2026-10-08T00:02:28Z,15488,2026-10-08T00:00:04Z,2
2026-10-08T00:02:28Z,15489,2026-10-08T00:00:04Z,2
2026-10-08T00:02:28Z,15490,2026-10-08T00:00:04Z,2
2026-10-08T00:02:28Z,15491,2026-10-08T00:00:04Z,2
2026-10-08T00:02:28Z,15492,2026-10-08T00:00:04Z,2
2026-10-08T00:02:28Z,15493,2026-10-08T00:00:04Z,2
2026-10-08T00:02:28Z,15494,2026-10-08T00:00:04Z,2
2026-10-08T00:02:28Z,15495,2026-10-08T00:00:04Z,2
2026-10-08T00:02:28Z,15496,2026-10-08T00:00:04Z,2
2026-10-08T00:02:28Z,15497,2026-10-08T00:00:04Z,2
2026-10-08T00:02:28Z,15498,2026-10-08T00:00:04Z,2
2026-10-08T00:02:28Z,15499,2026-10-08T00:00:04Z,2
2026-10-08T00:02:28Z,15500,2026-10-08T00:00:04Z,2
2026-10-08T00:02:28Z,15501,2026-10-08T00:00:04Z,2
2026-10-08T00:02:28Z,15502,2026-10-08T00:00:04Z,2
2026-10-08T00:02:28Z,15503,2026-10-08T00:00:04Z,2
2026-10-08T00:02:28Z,15504,2026-10-08T00:00:04Z,2
2026-10-08T00:02:28Z,15505,2026-10-08T00:00:04Z,2
2026-10-08T00:02:28Z,15506,2026-10-08T00:00:04Z,2
2026-10-08T00:02:28Z,15507,2026-10-08T00:00:04Z,2
2026-10-08T00:02:28Z,15508,2026-10-08T00:00:04Z,2
2026-10-08T00:02:28Z,15509,2026-10-08T00:00:04Z,2
2026-10-08T00:02:28Z,15510,2026-10-08T00:00:04Z,2
2026-10-08T00:02:28Z,15514,2026-10-08T00:00:04Z,2
2026-10-08T00:02:28Z,15515,2026-10-01T09:45:04Z,9497
2026-10-08T00:02:28Z,15516,2026-10-07T21:01:18Z,181
2026-10-08T00:02:28Z,15517,2026-10-07T21:00:41Z,181
2026-10-08T00:02:28Z,15518,2026-10-07T19:11:09Z,291
2026-10-08T00:02:28Z,15521,2026-10-07T21:45:29Z,136
2026-10-08T00:02:28Z,15522,2026-10-07T18:57:46Z,304
2026-10-08T00:02:28Z,15523,2026-10-06T11:30:06Z,2192
2026-10-08T00:02:28Z,15525,2026-10-06T10:02:49Z,2279
2026-10-08T00:02:28Z,15526,2026-10-07T15:40:47Z,501
2026-10-08T00:02:28Z,15527,2026-10-06T16:18:52Z,1903
2026-10-08T00:02:28Z,15528,2026-10-07T11:40:15Z,742
2026-10-08T00:02:28Z,15529,2026-10-07T05:55:14Z,1087
2026-10-08T00:02:28Z,15530,2026-10-07T23:47:54Z,14
2026-10-08T00:02:28Z,15531,2026-10-07T13:31:49Z,630
2026-10-08T00:02:28Z,15532,2026-10-07T13:31:21Z,631
2026-10-08T00:02:28Z,15533,2026-10-07T17:08:32Z,413
2026-10-08T00:02:28Z,15534,2026-10-07T20:14:56Z,227
2026-10-08T00:02:28Z,15535,2026-10-01T14:48:13Z,9194
2026-10-08T00:02:28Z,15536,2026-10-07T21:38:06Z,144
2026-10-08T00:02:28Z,15537,2026-10-07T18:41:17Z,321
2026-10-08T00:02:28Z,15539,2026-10-07T15:55:10Z,487
2026-10-08T00:02:28Z,15540,2026-10-07T22:26:13Z,96
2026-10-08T00:02:28Z,15543,2026-10-07T16:34:30Z,447
2026-10-08T00:02:28Z,15544,2026-10-07T14:53:23Z,549
2026-10-08T00:02:28Z,15545,2026-10-07T14:16:58Z,585
2026-10-08T00:02:28Z,15546,2026-10-07T19:11:09Z,291
2026-10-08T00:02:28Z,15547,2026-10-07T19:11:10Z,291
2026-10-08T00:02:28Z,15548,2026-10-07T15:38:12Z,504
2026-10-08T00:02:28Z,15553,2026-10-08T00:00:04Z,2
2026-10-08T00:02:28Z,15554,2026-10-08T00:00:04Z,2
2026-10-08T00:02:28Z,15555,2026-10-08T00:00:04Z,2
2026-10-08T00:02:28Z,15556,2026-10-07T20:54:34Z,187
2026-10-08T00:02:28Z,15557,2026-10-07T19:11:11Z,291
2026-10-08T00:02:28Z,15558,2026-10-07T23:43:09Z,19
2026-10-08T00:02:28Z,15559,2026-10-07T19:11:12Z,291
2026-10-08T00:02:28Z,15560,2026-10-07T19:11:12Z,291
2026-10-08T00:02:28Z,15561,2026-10-08T00:00:04Z,2
2026-10-08T00:02:28Z,15562,2026-10-08T00:00:04Z,2
2026-10-08T00:02:28Z,15563,2026-10-07T21:00:28Z,182
2026-10-08T00:02:28Z,15564,2026-10-07T19:11:12Z,291
2026-10-08T00:02:28Z,15565,2026-10-07T21:01:14Z,181
2026-10-08T00:02:28Z,15566,2026-10-07T23:52:59Z,9
2026-10-08T00:02:28Z,15567,2026-10-07T21:00:38Z,181
2026-10-08T00:02:28Z,15568,2026-10-01T09:45:04Z,9497
2026-10-08T00:02:28Z,15569,2026-10-01T09:45:04Z,9497
2026-10-08T00:02:28Z,15570,2026-10-01T09:37:03Z,9505
2026-10-08T00:02:28Z,15571,2026-10-01T09:37:03Z,9505
2026-10-08T00:02:28Z,15572,2026-10-01T09:45:04Z,9497
2026-10-08T00:02:28Z,15573,2026-10-07T19:11:13Z,291
2026-10-08T00:02:28Z,15574,2026-10-07T19:11:14Z,291
2026-10-08T00:02:28Z,15575,2026-10-07T21:00:57Z,181
2026-10-08T00:02:28Z,15576,2026-10-07T00:02:20Z,1440
2026-10-08T00:02:28Z,15577,2026-10-07T18:29:54Z,332
2026-10-08T00:02:28Z,15578,2026-10-07T16:51:11Z,431
2026-10-08T00:02:28Z,15579,2026-10-07T19:11:14Z,291
2026-10-08T00:02:28Z,15585,2026-10-07T14:17:34Z,584
2026-10-08T00:02:28Z,15586,2026-10-07T10:42:12Z,800
2026-10-08T00:02:28Z,15587,2026-10-07T13:13:50Z,648
2026-10-08T00:02:28Z,15588,2026-10-07T18:39:50Z,322
2026-10-08T00:02:28Z,15589,2026-10-07T19:39:14Z,263
2026-10-08T00:02:28Z,15590,2026-10-08T00:00:04Z,2
2026-10-08T00:02:28Z,15591,2026-10-07T19:11:17Z,291
2026-10-08T00:02:28Z,15684,2026-10-07T21:01:28Z,181
2026-10-08T00:02:28Z,15686,2026-10-08T00:00:04Z,2
2026-10-08T00:02:28Z,15687,2026-10-08T00:00:04Z,2
2026-10-08T00:02:28Z,15688,2026-10-08T00:00:04Z,2
2026-10-08T00:02:28Z,15689,2026-10-08T00:00:04Z,2
2026-10-08T00:02:28Z,15690,2026-10-08T00:00:04Z,2
2026-10-08T00:02:28Z,15691,2026-10-08T00:00:04Z,2
2026-10-08T00:02:28Z,15692,2026-10-07T21:00:27Z,182
2026-10-08T00:02:28Z,15693,2026-10-07T17:58:13Z,364
2026-10-08T00:02:28Z,15701,2026-10-07T20:59:58Z,182
2026-10-08T00:02:28Z,15702,2026-10-07T20:01:08Z,241
2026-10-08T00:02:28Z,15703,2026-10-07T21:06:38Z,175
2026-10-08T00:02:28Z,15756,2026-10-08T00:00:04Z,2
2026-10-08T00:02:28Z,15757,2026-10-08T00:00:04Z,2
2026-10-08T00:02:28Z,15758,2026-10-08T00:00:04Z,2
2026-10-08T00:02:28Z,15759,2026-10-07T19:11:18Z,291
2026-10-08T00:02:28Z,15760,2026-10-08T00:00:04Z,2
2026-10-08T00:02:28Z,15763,2026-10-07T18:46:14Z,316
2026-10-08T00:02:28Z,15764,2026-10-07T19:11:18Z,291
2026-10-08T00:02:28Z,15765,2026-10-07T19:11:19Z,291
2026-10-08T00:02:28Z,15767,2026-10-07T19:11:19Z,291
2026-10-08T00:02:28Z,15768,2026-09-15T05:09:11Z,32813
2026-10-08T00:02:28Z,15769,2026-10-07T23:44:31Z,17
2026-10-08T00:02:28Z,15770,2026-10-08T00:00:04Z,2
2026-10-08T00:02:28Z,15771,2026-10-08T00:00:04Z,2
2026-10-08T00:02:28Z,15773,2026-10-08T00:00:04Z,2
2026-10-08T00:02:28Z,15774,2026-10-08T00:00:04Z,2
2026-10-08T00:02:28Z,15775,2026-10-08T00:00:04Z,2
2026-10-08T00:02:28Z,15776,2026-10-08T00:00:04Z,2
2026-10-08T00:02:28Z,15777,2026-10-07T21:00:45Z,181
2026-10-08T00:02:28Z,15778,2026-10-08T00:00:04Z,2
2026-10-08T00:02:28Z,15779,2026-09-16T10:39:13Z,31043
2026-10-08T00:02:28Z,15780,2026-09-16T10:47:02Z,31035
2026-10-08T00:02:28Z,15781,2026-09-16T11:13:56Z,31008
2026-10-08T00:02:28Z,15782,2026-09-16T11:16:36Z,31005
2026-10-08T00:02:28Z,15783,2026-09-30T11:49:10Z,10813
2026-10-08T00:02:28Z,15784,2026-09-16T11:45:31Z,30976
2026-10-08T00:02:28Z,15785,2026-09-22T13:01:43Z,22260
2026-10-08T00:02:28Z,15786,2026-09-16T12:34:55Z,30927
2026-10-08T00:02:28Z,15787,2026-09-16T12:38:19Z,30924
2026-10-08T00:02:28Z,15788,2026-09-16T12:40:56Z,30921
2026-10-08T00:02:28Z,15789,2026-10-05T09:30:04Z,3752
2026-10-08T00:02:28Z,15790,2026-10-07T19:11:21Z,291
2026-10-08T00:02:28Z,15791,2026-10-07T19:11:21Z,291
2026-10-08T00:02:28Z,15792,2026-10-01T09:45:04Z,9497
2026-10-08T00:02:28Z,15793,2026-10-01T09:45:04Z,9497
2026-10-08T00:02:28Z,15794,2026-10-01T09:45:04Z,9497
2026-10-08T00:02:28Z,15795,2026-10-08T00:00:04Z,2
2026-10-08T00:02:28Z,15796,2026-10-08T00:00:04Z,2
2026-10-08T00:02:28Z,15797,2026-10-07T21:21:46Z,160
2026-10-08T00:02:28Z,15798,2026-10-07T23:37:57Z,24
2026-10-08T00:02:28Z,15799,2026-10-02T07:15:04Z,8207
2026-10-08T00:02:28Z,15800,2026-10-07T21:01:23Z,181
2026-10-08T00:02:28Z,15801,2026-10-07T21:01:14Z,181
2026-10-08T00:02:28Z,15802,2026-10-07T09:17:43Z,884
2026-10-08T00:02:28Z,15803,2026-10-07T10:12:58Z,829
2026-10-08T00:02:28Z,15804,2026-10-08T00:00:04Z,2
