timestamp_utc,station_id,last_update_utc,age_min
2026-10-07T18:20:50Z,258,2026-10-07T15:14:17Z,186
2026-10-07T18:20:50Z,259,2026-10-06T21:00:41Z,1280
2026-10-07T18:20:50Z,260,2026-10-07T15:59:48Z,141
2026-10-07T18:20:50Z,261,2026-10-06T21:01:03Z,1279
2026-10-07T18:20:50Z,263,2026-10-07T18:09:47Z,11
2026-10-07T18:20:50Z,264,2026-10-07T16:04:08Z,136
2026-10-07T18:20:50Z,265,2026-10-07T17:18:10Z,62
2026-10-07T18:20:50Z,267,2026-10-07T17:05:04Z,75
2026-10-07T18:20:50Z,268,2026-10-07T17:50:38Z,30
2026-10-07T18:20:50Z,270,2026-10-07T18:13:15Z,7
2026-10-07T18:20:50Z,271,2026-10-07T10:10:05Z,490
2026-10-07T18:20:50Z,272,2026-10-07T16:39:09Z,101
2026-10-07T18:20:50Z,275,2026-07-01T10:22:32Z,141598
2026-10-07T18:20:50Z,276,2026-10-07T17:56:11Z,24
2026-10-07T18:20:50Z,277,2026-07-02T07:26:05Z,140334
2026-10-07T18:20:50Z,278,2026-10-07T18:10:29Z,10
2026-10-07T18:20:50Z,279,2026-10-07T12:49:43Z,331
2026-10-07T18:20:50Z,280,2026-10-06T21:01:12Z,1279
2026-10-07T18:20:50Z,281,2026-10-07T17:12:09Z,68
2026-10-07T18:20:50Z,285,2026-10-07T08:25:29Z,595
2026-10-07T18:20:50Z,320,2026-01-06T13:23:56Z,394856
2026-10-07T18:20:50Z,321,2026-10-07T17:36:12Z,44
2026-10-07T18:20:50Z,322,2026-10-07T16:12:49Z,128
2026-10-07T18:20:50Z,323,2026-10-07T17:56:57Z,23
2026-10-07T18:20:50Z,324,2026-10-07T17:50:11Z,30
2026-10-07T18:20:50Z,325,2026-10-07T17:46:48Z,34
2026-10-07T18:20:50Z,375,2026-10-07T17:26:51Z,53
2026-10-07T18:20:50Z,376,2026-10-07T17:45:52Z,34
2026-10-07T18:20:50Z,377,2026-08-10T09:54:33Z,84026
2026-10-07T18:20:50Z,378,2026-10-07T17:08:06Z,72
2026-10-07T18:20:50Z,379,2026-10-07T15:02:53Z,197
2026-10-07T18:20:50Z,380,2026-10-07T17:58:09Z,22
2026-10-07T18:20:50Z,381,2026-10-07T17:58:26Z,22
2026-10-07T18:20:50Z,382,2026-10-07T13:43:27Z,277
2026-10-07T18:20:50Z,383,2026-10-07T09:54:33Z,506
2026-10-07T18:20:50Z,384,2026-10-07T18:11:42Z,9
2026-10-07T18:20:50Z,385,2026-10-07T17:28:03Z,52
2026-10-07T18:20:50Z,386,2026-10-07T17:36:36Z,44
2026-10-07T18:20:50Z,387,2026-10-07T17:55:06Z,25
2026-10-07T18:20:50Z,388,2026-10-07T17:09:07Z,71
2026-10-07T18:20:50Z,389,2026-07-29T06:27:15Z,101513
2026-10-07T18:20:50Z,390,2026-10-02T07:22:23Z,7858
2026-10-07T18:20:50Z,396,2026-10-07T09:43:25Z,517
2026-10-07T18:20:50Z,397,2026-10-07T14:15:34Z,245
2026-10-07T18:20:50Z,398,2026-10-07T14:36:05Z,224
2026-10-07T18:20:50Z,401,2026-10-07T17:20:38Z,60
2026-10-07T18:20:50Z,402,2026-10-07T17:50:52Z,29
2026-10-07T18:20:50Z,403,2026-10-07T18:09:06Z,11
2026-10-07T18:20:50Z,404,2026-10-07T18:13:37Z,7
2026-10-07T18:20:50Z,406,2026-10-07T18:03:30Z,17
2026-10-07T18:20:50Z,408,2026-10-07T16:15:03Z,125
2026-10-07T18:20:50Z,409,2026-10-07T15:29:59Z,170
2026-10-07T18:20:50Z,410,2026-10-07T18:09:46Z,11
2026-10-07T18:20:50Z,412,2026-10-07T16:41:59Z,98
2026-10-07T18:20:50Z,413,2026-10-07T16:44:05Z,96
2026-10-07T18:20:50Z,414,2026-10-07T16:00:18Z,140
2026-10-07T18:20:50Z,416,2026-10-07T17:42:38Z,38
2026-10-07T18:20:50Z,417,2026-10-07T16:58:43Z,82
2026-10-07T18:20:50Z,418,2026-10-07T17:02:57Z,77
2026-10-07T18:20:50Z,419,2026-10-07T17:41:47Z,39
2026-10-07T18:20:50Z,420,2026-10-07T16:42:12Z,98
2026-10-07T18:20:50Z,421,2026-08-17T09:20:08Z,73980
2026-10-07T18:20:50Z,422,2026-10-07T18:00:10Z,20
2026-10-07T18:20:50Z,423,2026-10-07T13:08:35Z,312
2026-10-07T18:20:50Z,424,2026-10-07T17:09:31Z,71
2026-10-07T18:20:50Z,425,2026-10-07T17:35:57Z,44
2026-10-07T18:20:50Z,428,2026-10-07T16:33:54Z,106
2026-10-07T18:20:50Z,429,2026-10-07T17:18:23Z,62
2026-10-07T18:20:50Z,430,2026-10-07T12:04:02Z,376
2026-10-07T18:20:50Z,431,2026-10-07T16:43:57Z,96
2026-10-07T18:20:50Z,432,2026-10-07T17:50:11Z,30
2026-10-07T18:20:50Z,433,2026-10-07T18:07:52Z,12
2026-10-07T18:20:50Z,434,2026-10-07T18:14:57Z,5
2026-10-07T18:20:50Z,435,2026-10-07T15:49:53Z,150
2026-10-07T18:20:50Z,436,2026-10-07T14:11:47Z,249
2026-10-07T18:20:50Z,439,2026-10-07T15:02:46Z,198
2026-10-07T18:20:50Z,440,2026-10-07T14:50:43Z,210
2026-10-07T18:20:50Z,441,2026-10-05T11:55:49Z,3265
2026-10-07T18:20:50Z,442,2026-10-07T11:40:06Z,400
2026-10-07T18:20:50Z,443,2026-10-07T14:20:42Z,240
2026-10-07T18:20:50Z,444,2026-01-06T13:23:56Z,394856
2026-10-07T18:20:50Z,451,2026-10-07T18:04:54Z,15
2026-10-07T18:20:50Z,454,2026-01-06T13:23:56Z,394856
2026-10-07T18:20:50Z,455,2026-10-07T17:24:37Z,56
2026-10-07T18:20:50Z,498,2026-10-07T17:59:48Z,21
2026-10-07T18:20:50Z,499,2026-10-07T18:03:04Z,17
2026-10-07T18:20:50Z,500,2026-10-07T17:21:12Z,59
2026-10-07T18:20:50Z,501,2026-04-14T16:06:24Z,253574
2026-10-07T18:20:50Z,502,2026-01-06T13:23:56Z,394856
2026-10-07T18:20:50Z,503,2026-09-24T13:53:59Z,18986
2026-10-07T18:20:50Z,504,2026-10-04T13:29:12Z,4611
2026-10-07T18:20:50Z,505,2026-10-07T17:38:51Z,41
2026-10-07T18:20:50Z,507,2026-10-07T09:45:50Z,515
2026-10-07T18:20:50Z,508,2026-10-07T17:19:58Z,60
2026-10-07T18:20:50Z,509,2026-10-07T17:09:58Z,70
2026-10-07T18:20:50Z,510,2026-10-06T21:00:53Z,1279
2026-10-07T18:20:50Z,511,2026-10-07T17:40:39Z,40
2026-10-07T18:20:50Z,512,2026-10-07T17:20:01Z,60
2026-10-07T18:20:50Z,513,2026-10-07T18:13:56Z,6
2026-10-07T18:20:50Z,514,2026-10-06T18:26:14Z,1434
2026-10-07T18:20:50Z,515,2026-10-07T17:51:00Z,29
2026-10-07T18:20:50Z,516,2026-10-06T21:01:20Z,1279
2026-10-07T18:20:50Z,517,2026-10-07T18:13:51Z,6
2026-10-07T18:20:50Z,518,2026-10-07T16:13:46Z,127
2026-10-07T18:20:50Z,519,2026-10-07T07:40:05Z,640
2026-10-07T18:20:50Z,520,2026-10-07T18:14:47Z,6
2026-10-07T18:20:50Z,521,2026-10-06T21:00:57Z,1279
2026-10-07T18:20:50Z,522,2026-10-07T17:24:09Z,56
2026-10-07T18:20:50Z,523,2026-10-06T21:01:00Z,1279
2026-10-07T18:20:50Z,524,2026-10-07T17:27:53Z,52
2026-10-07T18:20:50Z,526,2026-10-07T18:11:58Z,8
2026-10-07T18:20:50Z,530,2026-01-06T13:23:56Z,394856
2026-10-07T18:20:50Z,531,2026-10-07T18:07:30Z,13
2026-10-07T18:20:50Z,532,2026-10-07T13:42:23Z,278
2026-10-07T18:20:50Z,535,2026-10-07T17:34:19Z,46
2026-10-07T18:20:50Z,536,2026-10-07T18:06:21Z,14
2026-10-07T18:20:50Z,537,2026-10-07T14:52:42Z,208
2026-10-07T18:20:50Z,538,2026-10-07T18:01:50Z,19
2026-10-07T18:20:50Z,539,2026-10-07T17:22:17Z,58
2026-10-07T18:20:50Z,540,2026-10-04T19:03:59Z,4276
2026-10-07T18:20:50Z,584,2026-10-07T15:12:03Z,188
2026-10-07T18:20:50Z,585,2026-10-07T13:06:02Z,314
2026-10-07T18:20:50Z,586,2026-10-07T17:51:50Z,29
2026-10-07T18:20:50Z,589,2026-01-06T13:23:56Z,394856
2026-10-07T18:20:50Z,590,2026-01-06T13:23:56Z,394856
2026-10-07T18:20:50Z,592,2026-10-07T17:34:10Z,46
2026-10-07T18:20:50Z,593,2026-10-07T13:33:07Z,287
2026-10-07T18:20:50Z,594,2026-10-07T17:10:06Z,70
2026-10-07T18:20:50Z,596,2026-10-07T17:15:09Z,65
2026-10-07T18:20:50Z,597,2026-10-06T21:00:48Z,1280
2026-10-07T18:20:50Z,598,2026-01-06T13:23:56Z,394856
2026-10-07T18:20:50Z,599,2026-01-06T13:23:56Z,394856
2026-10-07T18:20:50Z,600,2026-01-06T13:23:56Z,394856
2026-10-07T18:20:50Z,664,2026-01-06T13:23:56Z,394856
2026-10-07T18:20:50Z,670,2026-10-07T15:16:09Z,184
2026-10-07T18:20:50Z,671,2026-10-07T17:59:15Z,21
2026-10-07T18:20:50Z,672,2026-10-07T12:41:45Z,339
2026-10-07T18:20:50Z,677,2026-10-07T17:46:16Z,34
2026-10-07T18:20:50Z,678,2026-10-07T15:15:03Z,185
2026-10-07T18:20:50Z,679,2026-10-07T17:45:23Z,35
2026-10-07T18:20:50Z,703,2026-10-05T00:08:31Z,3972
2026-10-07T18:20:50Z,704,2026-10-07T12:35:09Z,345
2026-10-07T18:20:50Z,705,2026-10-07T17:06:40Z,74
2026-10-07T18:20:50Z,707,2026-10-07T14:06:07Z,254
2026-10-07T18:20:50Z,709,2026-10-07T17:38:09Z,42
2026-10-07T18:20:50Z,710,2026-10-07T13:05:22Z,315
2026-10-07T18:20:50Z,712,2026-10-07T18:14:07Z,6
2026-10-07T18:20:50Z,713,2026-10-07T13:33:50Z,287
2026-10-07T18:20:50Z,715,2026-10-07T13:22:19Z,298
2026-10-07T18:20:50Z,717,2026-10-07T17:09:32Z,71
2026-10-07T18:20:50Z,737,2026-10-07T14:14:32Z,246
2026-10-07T18:20:50Z,1269,2026-10-07T13:36:02Z,284
2026-10-07T18:20:50Z,1302,2026-10-07T13:39:52Z,280
2026-10-07T18:20:50Z,1314,2026-10-07T14:04:20Z,256
2026-10-07T18:20:50Z,1315,2026-10-07T10:22:55Z,477
2026-10-07T18:20:50Z,1316,2026-10-06T18:56:43Z,1404
2026-10-07T18:20:50Z,1317,2026-10-07T11:55:22Z,385
2026-10-07T18:20:50Z,1321,2026-10-07T18:14:55Z,5
2026-10-07T18:20:50Z,1353,2026-10-07T16:24:03Z,116
2026-10-07T18:20:50Z,1354,2026-10-07T17:09:52Z,70
2026-10-07T18:20:50Z,1363,2026-10-07T13:24:02Z,296
2026-10-07T18:20:50Z,1364,2026-10-07T13:24:02Z,296
2026-10-07T18:20:50Z,1453,2026-10-07T17:11:00Z,69
2026-10-07T18:20:50Z,1454,2026-10-07T14:11:56Z,248
2026-10-07T18:20:50Z,1477,2026-10-03T00:12:47Z,6848
2026-10-07T18:20:50Z,1478,2026-10-04T00:19:38Z,5401
2026-10-07T18:20:50Z,1510,2026-10-07T18:15:03Z,5
2026-10-07T18:20:50Z,1512,2026-10-07T18:15:03Z,5
2026-10-07T18:20:50Z,1514,2026-10-07T18:15:03Z,5
2026-10-07T18:20:50Z,1515,2026-10-07T18:15:03Z,5
2026-10-07T18:20:50Z,1516,2026-10-07T18:15:03Z,5
2026-10-07T18:20:50Z,1517,2026-10-07T18:15:03Z,5
2026-10-07T18:20:50Z,1518,2026-10-07T18:15:03Z,5
2026-10-07T18:20:50Z,1522,2026-10-07T18:15:03Z,5
2026-10-07T18:20:50Z,1523,2026-10-07T18:15:03Z,5
2026-10-07T18:20:50Z,1524,2026-10-07T18:15:03Z,5
2026-10-07T18:20:50Z,1525,2026-10-07T18:15:03Z,5
2026-10-07T18:20:50Z,1529,2026-10-05T08:05:06Z,3495
2026-10-07T18:20:50Z,1530,2026-10-05T14:27:02Z,3113
2026-10-07T18:20:50Z,1531,2026-10-06T00:17:28Z,2523
2026-10-07T18:20:50Z,1532,2026-10-04T13:38:34Z,4602
2026-10-07T18:20:50Z,1534,2026-10-07T13:21:37Z,299
2026-10-07T18:20:50Z,1535,2026-10-07T18:15:03Z,5
2026-10-07T18:20:50Z,1554,2026-10-06T17:01:00Z,1519
2026-10-07T18:20:50Z,1556,2026-10-07T18:14:22Z,6
2026-10-07T18:20:50Z,1557,2026-10-07T17:19:39Z,61
2026-10-07T18:20:50Z,1562,2026-10-06T00:17:21Z,2523
2026-10-07T18:20:50Z,1641,2026-10-07T18:01:40Z,19
2026-10-07T18:20:50Z,1644,2026-10-07T16:51:36Z,89
2026-10-07T18:20:50Z,1645,2026-07-29T06:29:40Z,101511
2026-10-07T18:20:50Z,1647,2026-10-07T11:08:49Z,432
2026-10-07T18:20:50Z,1649,2026-10-06T21:01:17Z,1279
2026-10-07T18:20:50Z,1650,2026-10-07T17:14:46Z,66
2026-10-07T18:20:50Z,1653,2026-10-07T03:15:38Z,905
2026-10-07T18:20:50Z,1655,2026-10-07T12:46:59Z,333
2026-10-07T18:20:50Z,1656,2026-10-07T15:56:53Z,143
2026-10-07T18:20:50Z,1658,2026-10-05T11:40:26Z,3280
2026-10-07T18:20:50Z,1659,2026-10-07T17:40:13Z,40
2026-10-07T18:20:50Z,1662,2026-10-03T09:31:22Z,6289
2026-10-07T18:20:50Z,1663,2026-10-07T10:10:45Z,490
2026-10-07T18:20:50Z,1664,2026-10-07T11:49:32Z,391
2026-10-07T18:20:50Z,1666,2026-10-07T14:12:19Z,248
2026-10-07T18:20:50Z,1788,2026-10-07T18:15:05Z,5
2026-10-07T18:20:50Z,1789,2026-10-07T18:15:05Z,5
2026-10-07T18:20:50Z,1790,2026-10-07T18:15:05Z,5
2026-10-07T18:20:50Z,1791,2026-10-07T18:15:05Z,5
2026-10-07T18:20:50Z,1792,2026-10-07T18:15:05Z,5
2026-10-07T18:20:50Z,1793,2026-10-07T18:15:05Z,5
2026-10-07T18:20:50Z,1795,2026-10-07T18:15:05Z,5
2026-10-07T18:20:50Z,1796,2026-10-07T18:15:05Z,5
2026-10-07T18:20:50Z,1797,2026-10-07T18:15:05Z,5
2026-10-07T18:20:50Z,1798,2026-10-07T18:15:05Z,5
2026-10-07T18:20:50Z,1799,2026-10-07T18:15:05Z,5
2026-10-07T18:20:50Z,1800,2026-10-07T18:15:05Z,5
2026-10-07T18:20:50Z,1801,2026-10-07T18:15:05Z,5
2026-10-07T18:20:50Z,1802,2026-10-07T18:15:05Z,5
2026-10-07T18:20:50Z,1803,2026-10-07T18:15:05Z,5
2026-10-07T18:20:50Z,1804,2026-10-07T18:15:05Z,5
2026-10-07T18:20:50Z,1805,2026-10-07T18:15:05Z,5
2026-10-07T18:20:50Z,1806,2026-10-07T18:15:05Z,5
2026-10-07T18:20:50Z,1807,2026-10-07T18:15:05Z,5
2026-10-07T18:20:50Z,1808,2026-10-07T18:15:05Z,5
2026-10-07T18:20:50Z,1809,2026-10-07T18:15:05Z,5
2026-10-07T18:20:50Z,1810,2026-10-07T18:15:05Z,5
2026-10-07T18:20:50Z,1812,2026-10-07T18:15:05Z,5
2026-10-07T18:20:50Z,1813,2026-10-07T18:15:05Z,5
2026-10-07T18:20:50Z,1816,2026-10-07T18:15:05Z,5
2026-10-07T18:20:50Z,1817,2026-10-07T18:15:05Z,5
2026-10-07T18:20:50Z,1818,2026-10-07T18:15:05Z,5
2026-10-07T18:20:50Z,1819,2026-10-07T18:15:05Z,5
2026-10-07T18:20:50Z,1821,2026-10-07T18:15:05Z,5
2026-10-07T18:20:50Z,1822,2026-10-07T18:15:05Z,5
2026-10-07T18:20:50Z,1823,2026-10-07T18:15:05Z,5
2026-10-07T18:20:50Z,1824,2026-10-07T18:15:05Z,5
2026-10-07T18:20:50Z,1825,2026-10-07T18:15:05Z,5
2026-10-07T18:20:50Z,1826,2026-10-07T18:15:05Z,5
2026-10-07T18:20:50Z,1828,2026-10-07T18:15:05Z,5
2026-10-07T18:20:50Z,1829,2026-10-07T18:15:05Z,5
2026-10-07T18:20:50Z,1830,2026-10-07T18:15:05Z,5
2026-10-07T18:20:50Z,1832,2026-10-07T18:15:05Z,5
2026-10-07T18:20:50Z,1833,2026-10-07T18:15:05Z,5
2026-10-07T18:20:50Z,1834,2026-10-07T18:15:05Z,5
2026-10-07T18:20:50Z,1835,2026-10-07T18:15:05Z,5
2026-10-07T18:20:50Z,1836,2026-10-07T18:15:05Z,5
2026-10-07T18:20:50Z,1837,2026-10-07T18:15:05Z,5
2026-10-07T18:20:50Z,1838,2026-10-07T18:15:05Z,5
2026-10-07T18:20:50Z,1839,2026-10-07T18:15:05Z,5
2026-10-07T18:20:50Z,1840,2026-10-07T18:15:05Z,5
2026-10-07T18:20:50Z,1841,2026-10-07T18:15:05Z,5
2026-10-07T18:20:50Z,1842,2026-10-07T18:15:05Z,5
2026-10-07T18:20:50Z,1843,2026-10-07T18:15:05Z,5
2026-10-07T18:20:50Z,1844,2026-10-07T14:05:33Z,255
2026-10-07T18:20:50Z,1845,2026-10-07T17:22:53Z,57
2026-10-07T18:20:50Z,1846,2026-10-07T10:36:35Z,464
2026-10-07T18:20:50Z,1847,2026-10-07T12:26:54Z,353
2026-10-07T18:20:50Z,1848,2026-10-07T14:59:20Z,201
2026-10-07T18:20:50Z,1851,2026-10-07T03:07:56Z,912
2026-10-07T18:20:50Z,1852,2026-10-07T07:21:05Z,659
2026-10-07T18:20:50Z,1855,2026-10-05T16:43:12Z,2977
2026-10-07T18:20:50Z,1866,2026-09-22T16:10:30Z,21730
2026-10-07T18:20:50Z,1867,2026-09-29T14:42:26Z,11738
2026-10-07T18:20:50Z,1868,2026-10-07T14:55:41Z,205
2026-10-07T18:20:50Z,1872,2026-01-06T13:23:56Z,394856
2026-10-07T18:20:50Z,1874,2026-10-07T07:20:16Z,660
2026-10-07T18:20:50Z,1917,2026-10-07T07:01:09Z,679
2026-10-07T18:20:50Z,1918,2026-10-07T17:59:58Z,20
2026-10-07T18:20:50Z,1919,2026-10-07T18:05:47Z,15
2026-10-07T18:20:50Z,1920,2026-10-07T17:55:25Z,25
2026-10-07T18:20:50Z,1921,2026-10-07T07:01:09Z,679
2026-10-07T18:20:50Z,1922,2026-10-07T07:01:09Z,679
2026-10-07T18:20:50Z,1923,2026-10-07T18:07:02Z,13
2026-10-07T18:20:50Z,1924,2026-10-07T07:06:01Z,674
2026-10-07T18:20:50Z,1925,2026-10-07T17:46:43Z,34
2026-10-07T18:20:50Z,1926,2026-10-07T13:28:43Z,292
2026-10-07T18:20:50Z,1927,2026-10-07T17:49:26Z,31
2026-10-07T18:20:50Z,1928,2026-10-07T12:38:49Z,342
2026-10-07T18:20:50Z,1929,2026-10-07T16:53:37Z,87
2026-10-07T18:20:50Z,1931,2026-10-07T18:09:14Z,11
2026-10-07T18:20:50Z,1932,2026-10-07T14:20:39Z,240
2026-10-07T18:20:50Z,1933,2026-10-07T10:44:48Z,456
2026-10-07T18:20:50Z,1937,2026-10-07T18:12:02Z,8
2026-10-07T18:20:50Z,1938,2026-10-07T15:21:06Z,179
2026-10-07T18:20:50Z,1939,2026-09-26T00:09:06Z,16931
2026-10-07T18:20:50Z,1940,2026-10-07T18:10:29Z,10
2026-10-07T18:20:50Z,1941,2026-10-07T11:54:15Z,386
2026-10-07T18:20:50Z,1942,2026-10-07T17:18:58Z,61
2026-10-07T18:20:50Z,1943,2026-10-07T07:01:09Z,679
2026-10-07T18:20:50Z,1944,2026-10-07T07:20:25Z,660
2026-10-07T18:20:50Z,2413,2026-10-07T18:11:45Z,9
2026-10-07T18:20:50Z,2414,2026-10-07T13:09:34Z,311
2026-10-07T18:20:50Z,2415,2026-10-07T14:10:28Z,250
2026-10-07T18:20:50Z,2416,2026-03-23T07:14:46Z,285786
2026-10-07T18:20:50Z,2417,2026-10-07T14:34:09Z,226
2026-10-07T18:20:50Z,2418,2026-10-07T14:49:10Z,211
2026-10-07T18:20:50Z,2419,2026-03-23T08:11:39Z,285729
2026-10-07T18:20:50Z,2420,2026-10-07T12:35:14Z,345
2026-10-07T18:20:50Z,2421,2026-10-07T16:33:18Z,107
2026-10-07T18:20:50Z,2424,2026-10-07T17:37:48Z,43
2026-10-07T18:20:50Z,2425,2026-10-07T14:51:36Z,209
2026-10-07T18:20:50Z,2430,2026-10-07T17:53:49Z,27
2026-10-07T18:20:50Z,2435,2026-10-05T10:24:39Z,3356
2026-10-07T18:20:50Z,2436,2026-10-07T18:12:19Z,8
2026-10-07T18:20:50Z,2437,2026-10-07T18:15:10Z,5
2026-10-07T18:20:50Z,2439,2026-10-07T13:09:36Z,311
2026-10-07T18:20:50Z,2575,2026-10-07T13:15:55Z,304
2026-10-07T18:20:50Z,2576,2026-10-07T16:49:27Z,91
2026-10-07T18:20:50Z,2577,2026-10-07T17:32:48Z,48
2026-10-07T18:20:50Z,2580,2026-10-07T11:50:13Z,390
2026-10-07T18:20:50Z,2581,2026-10-06T06:25:39Z,2155
2026-10-07T18:20:50Z,2584,2026-10-06T17:51:52Z,1468
2026-10-07T18:20:50Z,2585,2026-10-07T10:03:48Z,497
2026-10-07T18:20:50Z,2586,2026-10-06T10:00:46Z,1940
2026-10-07T18:20:50Z,2587,2026-10-07T09:34:41Z,526
2026-10-07T18:20:50Z,2593,2026-10-07T13:21:38Z,299
2026-10-07T18:20:50Z,2594,2026-10-07T18:09:30Z,11
2026-10-07T18:20:50Z,2595,2026-10-07T14:06:00Z,254
2026-10-07T18:20:50Z,2596,2026-10-07T13:57:51Z,262
2026-10-07T18:20:50Z,2603,2026-10-07T16:01:57Z,138
2026-10-07T18:20:50Z,2604,2026-10-06T06:29:08Z,2151
2026-10-07T18:20:50Z,2605,2026-10-07T15:18:14Z,182
2026-10-07T18:20:50Z,2608,2026-10-07T13:53:17Z,267
2026-10-07T18:20:50Z,2609,2026-10-04T10:38:30Z,4782
2026-10-07T18:20:50Z,2610,2026-10-07T02:20:33Z,960
2026-10-07T18:20:50Z,2611,2026-10-07T17:54:01Z,26
2026-10-07T18:20:50Z,2613,2026-10-07T16:49:43Z,91
2026-10-07T18:20:50Z,2615,2026-10-07T14:40:03Z,220
2026-10-07T18:20:50Z,2616,2026-10-06T13:01:44Z,1759
2026-10-07T18:20:50Z,2617,2026-10-07T17:51:56Z,28
2026-10-07T18:20:50Z,2618,2026-10-07T17:27:17Z,53
2026-10-07T18:20:50Z,2621,2026-10-07T13:31:28Z,289
2026-10-07T18:20:50Z,2622,2026-10-07T15:32:21Z,168
2026-10-07T18:20:50Z,2623,2026-10-03T07:42:35Z,6398
2026-10-07T18:20:50Z,2624,2026-10-07T16:15:52Z,124
2026-10-07T18:20:50Z,2625,2026-10-07T16:03:26Z,137
2026-10-07T18:20:50Z,2626,2026-10-07T17:25:16Z,55
2026-10-07T18:20:50Z,2627,2026-10-07T13:45:19Z,275
2026-10-07T18:20:50Z,2628,2026-10-07T18:00:43Z,20
2026-10-07T18:20:50Z,2629,2026-10-07T17:56:54Z,23
2026-10-07T18:20:50Z,2630,2026-10-07T17:38:05Z,42
2026-10-07T18:20:50Z,2631,2026-10-01T13:09:09Z,8951
2026-10-07T18:20:50Z,2632,2026-10-07T14:46:36Z,214
2026-10-07T18:20:50Z,2633,2026-10-05T11:58:05Z,3262
2026-10-07T18:20:50Z,2634,2026-10-07T18:00:12Z,20
2026-10-07T18:20:50Z,2635,2026-10-07T17:46:23Z,34
2026-10-07T18:20:50Z,2636,2026-10-07T08:23:26Z,597
2026-10-07T18:20:50Z,2644,2026-01-06T13:23:56Z,394856
2026-10-07T18:20:50Z,2646,2026-01-06T13:23:56Z,394856
2026-10-07T18:20:50Z,2648,2026-10-07T17:47:05Z,33
2026-10-07T18:20:50Z,2649,2026-10-07T18:08:59Z,11
2026-10-07T18:20:50Z,2650,2026-10-07T12:15:32Z,365
2026-10-07T18:20:50Z,2651,2026-10-06T11:51:24Z,1829
2026-10-07T18:20:50Z,2652,2026-10-07T11:30:40Z,410
2026-10-07T18:20:50Z,2653,2026-10-07T17:42:42Z,38
2026-10-07T18:20:50Z,2654,2026-10-07T07:03:55Z,676
2026-10-07T18:20:50Z,2655,2026-10-06T08:33:51Z,2026
2026-10-07T18:20:50Z,2656,2026-10-07T09:10:10Z,550
2026-10-07T18:20:50Z,2657,2026-10-07T06:12:18Z,728
2026-10-07T18:20:50Z,2658,2026-10-07T17:59:09Z,21
2026-10-07T18:20:50Z,2659,2026-10-07T07:47:07Z,633
2026-10-07T18:20:50Z,2661,2026-10-07T12:56:51Z,323
2026-10-07T18:20:50Z,2665,2026-10-07T17:05:51Z,74
2026-10-07T18:20:50Z,2666,2026-10-07T18:15:05Z,5
2026-10-07T18:20:50Z,2667,2026-10-07T18:15:05Z,5
2026-10-07T18:20:50Z,2668,2026-10-07T18:15:05Z,5
2026-10-07T18:20:50Z,2669,2026-10-05T13:28:09Z,3172
2026-10-07T18:20:50Z,2670,2026-10-07T17:49:45Z,31
2026-10-07T18:20:50Z,2671,2026-10-07T17:48:47Z,32
2026-10-07T18:20:50Z,2672,2026-10-07T10:55:11Z,445
2026-10-07T18:20:50Z,2673,2026-10-07T16:10:04Z,130
2026-10-07T18:20:50Z,2674,2026-10-02T05:41:19Z,7959
2026-10-07T18:20:50Z,2675,2026-10-07T06:23:41Z,717
2026-10-07T18:20:50Z,2676,2026-10-07T15:37:53Z,162
2026-10-07T18:20:50Z,2677,2026-10-07T18:15:05Z,5
2026-10-07T18:20:50Z,2682,2026-10-07T13:18:57Z,301
2026-10-07T18:20:50Z,2683,2026-10-07T10:02:48Z,498
2026-10-07T18:20:50Z,2684,2026-10-07T18:15:01Z,5
2026-10-07T18:20:50Z,2686,2026-10-07T05:34:48Z,766
2026-10-07T18:20:50Z,2687,2026-10-05T16:57:47Z,2963
2026-10-07T18:20:50Z,2688,2026-10-05T15:38:41Z,3042
2026-10-07T18:20:50Z,2689,2026-10-06T11:59:14Z,1821
2026-10-07T18:20:50Z,2690,2026-10-07T15:50:58Z,149
2026-10-07T18:20:50Z,2691,2026-10-07T18:06:32Z,14
2026-10-07T18:20:50Z,2692,2026-10-06T09:08:54Z,1991
2026-10-07T18:20:50Z,2693,2026-10-07T16:19:47Z,121
2026-10-07T18:20:50Z,2694,2026-10-07T17:04:42Z,76
2026-10-07T18:20:50Z,2696,2026-10-07T18:00:54Z,19
2026-10-07T18:20:50Z,2697,2026-10-07T07:01:09Z,679
2026-10-07T18:20:50Z,2698,2026-10-07T07:01:09Z,679
2026-10-07T18:20:50Z,2699,2026-10-07T17:31:26Z,49
2026-10-07T18:20:50Z,2700,2026-10-07T00:04:18Z,1096
2026-10-07T18:20:50Z,2701,2026-10-07T17:40:55Z,39
2026-10-07T18:20:50Z,2702,2026-10-07T16:14:27Z,126
2026-10-07T18:20:50Z,2703,2026-10-07T07:01:09Z,679
2026-10-07T18:20:50Z,2704,2026-10-07T11:46:40Z,394
2026-10-07T18:20:50Z,2705,2026-10-07T16:56:33Z,84
2026-10-07T18:20:50Z,2706,2026-10-07T15:15:16Z,185
2026-10-07T18:20:50Z,2707,2026-10-07T11:14:06Z,426
2026-10-07T18:20:50Z,2708,2026-10-07T13:24:29Z,296
2026-10-07T18:20:50Z,2709,2026-10-07T14:05:32Z,255
2026-10-07T18:20:50Z,2710,2026-07-29T06:29:49Z,101511
2026-10-07T18:20:50Z,2716,2026-10-07T16:13:56Z,126
2026-10-07T18:20:50Z,2717,2026-10-07T17:22:22Z,58
2026-10-07T18:20:50Z,2718,2026-10-07T17:50:31Z,30
2026-10-07T18:20:50Z,2719,2026-10-07T17:28:49Z,52
2026-10-07T18:20:50Z,2722,2026-10-07T08:41:59Z,578
2026-10-07T18:20:50Z,2724,2026-10-06T14:33:46Z,1667
2026-10-07T18:20:50Z,2726,2026-10-07T09:35:22Z,525
2026-10-07T18:20:50Z,2727,2026-10-07T16:04:07Z,136
2026-10-07T18:20:50Z,2728,2026-10-07T10:03:18Z,497
2026-10-07T18:20:50Z,2729,2026-10-02T04:47:12Z,8013
2026-10-07T18:20:50Z,2734,2026-07-29T06:33:24Z,101507
2026-10-07T18:20:50Z,2736,2026-10-07T15:38:04Z,162
2026-10-07T18:20:50Z,2738,2026-10-07T09:50:35Z,510
2026-10-07T18:20:50Z,2739,2026-10-07T15:50:48Z,150
2026-10-07T18:20:50Z,2740,2026-10-07T15:50:21Z,150
2026-10-07T18:20:50Z,2743,2026-10-07T16:48:41Z,92
2026-10-07T18:20:50Z,2746,2026-10-06T06:10:02Z,2170
2026-10-07T18:20:50Z,2748,2026-10-07T11:43:50Z,397
2026-10-07T18:20:50Z,2757,2026-10-07T13:58:32Z,262
2026-10-07T18:20:50Z,2758,2026-10-07T17:35:52Z,44
2026-10-07T18:20:50Z,2759,2026-10-07T17:27:39Z,53
2026-10-07T18:20:50Z,2760,2026-10-07T14:33:19Z,227
2026-10-07T18:20:50Z,2761,2026-10-07T15:24:53Z,175
2026-10-07T18:20:50Z,2763,2026-10-07T14:14:35Z,246
2026-10-07T18:20:50Z,2764,2026-10-07T07:15:21Z,665
2026-10-07T18:20:50Z,2765,2026-10-07T12:44:15Z,336
2026-10-07T18:20:50Z,2766,2026-10-07T11:26:06Z,414
2026-10-07T18:20:50Z,2767,2026-10-07T07:01:09Z,679
2026-10-07T18:20:50Z,2768,2026-10-07T16:57:42Z,83
2026-10-07T18:20:50Z,2769,2026-10-07T16:19:44Z,121
2026-10-07T18:20:50Z,2770,2026-10-07T07:01:09Z,679
2026-10-07T18:20:50Z,2771,2026-10-07T18:15:05Z,5
2026-10-07T18:20:50Z,2772,2026-10-07T18:15:05Z,5
2026-10-07T18:20:50Z,2773,2026-10-06T21:01:29Z,1279
2026-10-07T18:20:50Z,2774,2026-10-06T21:00:42Z,1280
2026-10-07T18:20:50Z,2778,2026-10-07T08:03:31Z,617
2026-10-07T18:20:50Z,2779,2026-10-07T17:40:29Z,40
2026-10-07T18:20:50Z,2780,2026-10-07T17:13:14Z,67
2026-10-07T18:20:50Z,2782,2026-10-06T21:01:31Z,1279
2026-10-07T18:20:50Z,2788,2026-10-07T16:29:27Z,111
2026-10-07T18:20:50Z,2789,2026-10-07T08:23:34Z,597
2026-10-07T18:20:50Z,2791,2026-10-07T18:07:00Z,13
2026-10-07T18:20:50Z,2792,2026-10-07T17:19:02Z,61
2026-10-07T18:20:50Z,2794,2026-10-06T21:01:14Z,1279
2026-10-07T18:20:50Z,2795,2026-10-06T21:01:08Z,1279
2026-10-07T18:20:50Z,2796,2026-10-07T07:53:47Z,627
2026-10-07T18:20:50Z,2797,2026-10-06T21:00:43Z,1280
2026-10-07T18:20:50Z,2798,2026-10-06T21:00:43Z,1280
2026-10-07T18:20:50Z,2799,2026-10-07T13:29:41Z,291
2026-10-07T18:20:50Z,2800,2026-10-06T21:01:13Z,1279
2026-10-07T18:20:50Z,2802,2026-09-01T06:51:28Z,52529
2026-10-07T18:20:50Z,2803,2026-10-06T21:01:45Z,1279
2026-10-07T18:20:50Z,2804,2026-10-07T15:32:55Z,167
2026-10-07T18:20:50Z,2805,2026-10-07T14:28:14Z,232
2026-10-07T18:20:50Z,2806,2026-10-06T21:00:52Z,1279
2026-10-07T18:20:50Z,2807,2026-10-07T16:03:32Z,137
2026-10-07T18:20:50Z,2808,2026-10-07T18:15:04Z,5
2026-10-07T18:20:50Z,2809,2026-10-06T21:01:03Z,1279
2026-10-07T18:20:50Z,2810,2026-10-07T14:15:20Z,245
2026-10-07T18:20:50Z,2811,2026-10-07T17:30:25Z,50
2026-10-07T18:20:50Z,2812,2026-10-07T10:54:26Z,446
2026-10-07T18:20:50Z,2813,2026-10-06T21:00:39Z,1280
2026-10-07T18:20:50Z,2814,2026-10-06T21:01:15Z,1279
2026-10-07T18:20:50Z,2815,2026-10-07T14:20:35Z,240
2026-10-07T18:20:50Z,2816,2026-10-07T09:12:44Z,548
2026-10-07T18:20:50Z,2817,2026-10-06T21:00:53Z,1279
2026-10-07T18:20:50Z,2818,2026-10-06T21:01:09Z,1279
2026-10-07T18:20:50Z,2819,2026-10-07T14:15:29Z,245
2026-10-07T18:20:50Z,2820,2026-10-07T06:25:58Z,714
2026-10-07T18:20:50Z,2821,2026-10-07T17:53:39Z,27
2026-10-07T18:20:50Z,2822,2026-10-07T15:38:14Z,162
2026-10-07T18:20:50Z,2824,2026-10-07T13:54:02Z,266
2026-10-07T18:20:50Z,2825,2026-02-23T12:04:04Z,325816
2026-10-07T18:20:50Z,2826,2026-10-06T21:01:24Z,1279
2026-10-07T18:20:50Z,2827,2026-10-07T14:02:25Z,258
2026-10-07T18:20:50Z,2828,2026-10-06T21:02:26Z,1278
2026-10-07T18:20:50Z,2829,2026-10-06T21:01:17Z,1279
2026-10-07T18:20:50Z,2830,2026-10-07T10:17:56Z,482
2026-10-07T18:20:50Z,2831,2026-10-07T15:02:05Z,198
2026-10-07T18:20:50Z,2832,2026-10-07T14:22:24Z,238
2026-10-07T18:20:50Z,2833,2026-05-14T09:37:50Z,210763
2026-10-07T18:20:50Z,2834,2026-10-07T13:18:04Z,302
2026-10-07T18:20:50Z,2835,2026-10-07T15:58:42Z,142
2026-10-07T18:20:50Z,2836,2026-10-07T13:32:04Z,288
2026-10-07T18:20:50Z,2837,2026-10-06T21:01:09Z,1279
2026-10-07T18:20:50Z,2838,2026-10-07T15:41:46Z,159
2026-10-07T18:20:50Z,2839,2026-10-07T11:17:41Z,423
2026-10-07T18:20:50Z,2840,2026-10-07T14:57:11Z,203
2026-10-07T18:20:50Z,2841,2026-10-07T15:16:01Z,184
2026-10-07T18:20:50Z,2843,2026-10-07T17:14:06Z,66
2026-10-07T18:20:50Z,2844,2026-10-07T17:28:11Z,52
2026-10-07T18:20:50Z,2845,2026-10-07T17:04:05Z,76
2026-10-07T18:20:50Z,2846,2026-10-04T16:35:41Z,4425
2026-10-07T18:20:50Z,2847,2026-10-07T10:35:09Z,465
2026-10-07T18:20:50Z,2848,2026-10-07T13:51:41Z,269
2026-10-07T18:20:50Z,2849,2026-10-07T13:35:45Z,285
2026-10-07T18:20:50Z,2850,2026-10-07T15:08:40Z,192
2026-10-07T18:20:50Z,2851,2026-10-07T17:03:57Z,76
2026-10-07T18:20:50Z,2852,2026-10-05T01:21:38Z,3899
2026-10-07T18:20:50Z,2853,2026-10-07T14:02:21Z,258
2026-10-07T18:20:50Z,2855,2026-10-07T13:51:55Z,268
2026-10-07T18:20:50Z,2856,2026-10-07T14:56:00Z,204
2026-10-07T18:20:50Z,2857,2026-10-07T00:07:02Z,1093
2026-10-07T18:20:50Z,2858,2026-10-05T09:48:16Z,3392
2026-10-07T18:20:50Z,2859,2026-10-07T17:46:24Z,34
2026-10-07T18:20:50Z,2860,2026-10-07T16:29:59Z,110
2026-10-07T18:20:50Z,2861,2026-10-05T11:55:55Z,3264
2026-10-07T18:20:50Z,2862,2026-10-07T16:55:01Z,85
2026-10-07T18:20:50Z,2863,2026-10-07T07:25:46Z,655
2026-10-07T18:20:50Z,2864,2026-10-07T15:04:29Z,196
2026-10-07T18:20:50Z,2865,2026-10-06T08:30:47Z,2030
2026-10-07T18:20:50Z,2866,2026-10-07T08:34:19Z,586
2026-10-07T18:20:50Z,2867,2026-10-07T13:23:36Z,297
2026-10-07T18:20:50Z,2868,2026-10-07T13:26:34Z,294
2026-10-07T18:20:50Z,2869,2026-10-07T09:19:03Z,541
2026-10-07T18:20:50Z,2870,2026-10-07T13:27:32Z,293
2026-10-07T18:20:50Z,2871,2026-10-07T17:39:22Z,41
2026-10-07T18:20:50Z,2872,2026-10-07T16:46:18Z,94
2026-10-07T18:20:50Z,2873,2026-10-07T10:51:32Z,449
2026-10-07T18:20:50Z,2874,2026-10-07T16:50:09Z,90
2026-10-07T18:20:50Z,2875,2026-10-07T11:02:12Z,438
2026-10-07T18:20:50Z,2876,2026-10-07T17:29:49Z,51
2026-10-07T18:20:50Z,2877,2026-10-07T17:25:13Z,55
2026-10-07T18:20:50Z,2878,2026-10-07T15:02:51Z,197
2026-10-07T18:20:50Z,2879,2026-10-07T17:17:35Z,63
2026-10-07T18:20:50Z,2880,2026-10-07T17:13:14Z,67
2026-10-07T18:20:50Z,2881,2026-10-07T08:34:48Z,586
2026-10-07T18:20:50Z,2882,2026-10-07T16:53:11Z,87
2026-10-07T18:20:50Z,2883,2026-10-07T17:52:21Z,28
2026-10-07T18:20:50Z,2884,2026-10-07T15:37:00Z,163
2026-10-07T18:20:50Z,2885,2026-10-07T17:59:05Z,21
2026-10-07T18:20:50Z,2886,2026-10-07T07:01:09Z,679
2026-10-07T18:20:50Z,2887,2026-10-07T11:32:47Z,408
2026-10-07T18:20:50Z,2889,2026-10-07T14:00:23Z,260
2026-10-07T18:20:50Z,2890,2026-10-07T04:21:09Z,839
2026-10-07T18:20:50Z,2891,2026-10-07T12:34:12Z,346
2026-10-07T18:20:50Z,2892,2026-10-07T14:14:57Z,245
2026-10-07T18:20:50Z,2893,2026-10-07T08:51:08Z,569
2026-10-07T18:20:50Z,2894,2026-10-05T09:38:52Z,3401
2026-10-07T18:20:50Z,2895,2026-10-07T08:49:46Z,571
2026-10-07T18:20:50Z,2896,2026-10-07T12:35:43Z,345
2026-10-07T18:20:50Z,2897,2026-10-07T12:20:18Z,360
2026-10-07T18:20:50Z,2898,2026-10-03T16:54:30Z,5846
2026-10-07T18:20:50Z,2899,2026-10-07T13:35:42Z,285
2026-10-07T18:20:50Z,2900,2026-10-06T04:31:31Z,2269
2026-10-07T18:20:50Z,2901,2026-10-07T14:00:19Z,260
2026-10-07T18:20:50Z,2902,2026-10-07T15:54:01Z,146
2026-10-07T18:20:50Z,2903,2026-10-07T16:17:09Z,123
2026-10-07T18:20:50Z,2904,2026-10-07T13:16:05Z,304
2026-10-07T18:20:50Z,2906,2026-10-07T06:28:11Z,712
2026-10-07T18:20:50Z,2907,2026-10-07T18:08:59Z,11
2026-10-07T18:20:50Z,2908,2026-10-07T15:08:03Z,192
2026-10-07T18:20:50Z,2909,2026-10-07T15:43:57Z,156
2026-10-07T18:20:50Z,2911,2026-10-07T11:08:18Z,432
2026-10-07T18:20:50Z,2912,2026-10-07T16:17:58Z,122
2026-10-07T18:20:50Z,2913,2026-10-07T09:36:16Z,524
2026-10-07T18:20:50Z,2914,2026-10-07T15:45:10Z,155
2026-10-07T18:20:50Z,2915,2026-10-07T17:52:24Z,28
2026-10-07T18:20:50Z,2916,2026-10-07T15:33:52Z,166
2026-10-07T18:20:50Z,2917,2026-10-07T18:13:27Z,7
2026-10-07T18:20:50Z,2918,2026-10-07T12:50:22Z,330
2026-10-07T18:20:50Z,2919,2026-10-07T17:56:42Z,24
2026-10-07T18:20:50Z,2920,2026-10-07T16:29:43Z,111
2026-10-07T18:20:50Z,2921,2026-10-07T16:07:45Z,133
2026-10-07T18:20:50Z,2922,2026-10-07T07:09:19Z,671
2026-10-07T18:20:50Z,2923,2026-10-05T08:48:50Z,3452
2026-10-07T18:20:50Z,2924,2026-10-07T12:05:22Z,375
2026-10-07T18:20:50Z,2925,2026-10-05T11:02:46Z,3318
2026-10-07T18:20:50Z,2926,2026-10-06T12:28:21Z,1792
2026-10-07T18:20:50Z,2927,2026-10-07T13:27:02Z,293
2026-10-07T18:20:50Z,2928,2026-10-07T16:20:24Z,120
2026-10-07T18:20:50Z,2929,2026-10-07T17:28:33Z,52
2026-10-07T18:20:50Z,2930,2026-10-07T10:40:50Z,460
2026-10-07T18:20:50Z,2931,2026-10-07T07:37:03Z,643
2026-10-07T18:20:50Z,2932,2026-10-07T17:36:35Z,44
2026-10-07T18:20:50Z,2933,2026-10-07T17:33:53Z,46
2026-10-07T18:20:50Z,2934,2026-10-05T15:48:52Z,3031
2026-10-07T18:20:50Z,2935,2026-10-06T13:09:28Z,1751
2026-10-07T18:20:50Z,2936,2026-10-07T07:45:42Z,635
2026-10-07T18:20:50Z,2937,2026-10-07T16:57:33Z,83
2026-10-07T18:20:50Z,2938,2026-10-07T13:09:55Z,310
2026-10-07T18:20:50Z,2939,2026-10-07T09:22:31Z,538
2026-10-07T18:20:50Z,2940,2026-10-07T16:48:32Z,92
2026-10-07T18:20:50Z,2941,2026-10-07T13:30:58Z,289
2026-10-07T18:20:50Z,2942,2026-10-07T16:17:50Z,123
2026-10-07T18:20:50Z,2943,2026-10-07T13:13:59Z,306
2026-10-07T18:20:50Z,2944,2026-10-07T16:50:35Z,90
2026-10-07T18:20:50Z,2945,2026-10-07T15:12:14Z,188
2026-10-07T18:20:50Z,2981,2026-10-07T18:13:42Z,7
2026-10-07T18:20:50Z,2982,2026-10-03T11:15:04Z,6185
2026-10-07T18:20:50Z,2983,2026-10-07T14:54:40Z,206
2026-10-07T18:20:50Z,2984,2026-10-07T11:34:21Z,406
2026-10-07T18:20:50Z,2985,2026-10-07T16:08:23Z,132
2026-10-07T18:20:50Z,2986,2026-10-07T15:08:13Z,192
2026-10-07T18:20:50Z,2987,2026-10-07T16:52:03Z,88
2026-10-07T18:20:50Z,2988,2026-10-07T17:02:05Z,78
2026-10-07T18:20:50Z,2989,2026-10-07T18:02:10Z,18
2026-10-07T18:20:50Z,2990,2026-10-07T16:38:21Z,102
2026-10-07T18:20:50Z,2991,2026-10-07T07:01:09Z,679
2026-10-07T18:20:50Z,2992,2026-10-07T16:37:29Z,103
2026-10-07T18:20:50Z,2993,2026-10-07T17:30:39Z,50
2026-10-07T18:20:50Z,2994,2026-10-07T18:13:34Z,7
2026-10-07T18:20:50Z,2995,2026-10-07T14:59:31Z,201
2026-10-07T18:20:50Z,2996,2026-10-07T13:28:21Z,292
2026-10-07T18:20:50Z,2997,2026-10-07T15:23:08Z,177
2026-10-07T18:20:50Z,2999,2026-10-07T13:57:56Z,262
2026-10-07T18:20:50Z,3000,2026-10-07T10:53:24Z,447
2026-10-07T18:20:50Z,3001,2026-10-07T17:30:54Z,49
2026-10-07T18:20:50Z,3002,2026-10-07T16:44:33Z,96
2026-10-07T18:20:50Z,3003,2026-10-07T15:46:59Z,153
2026-10-07T18:20:50Z,3009,2026-10-07T18:15:05Z,5
2026-10-07T18:20:50Z,3011,2026-10-07T17:45:46Z,35
2026-10-07T18:20:50Z,3035,2026-10-07T15:05:24Z,195
2026-10-07T18:20:50Z,3037,2026-10-07T15:36:21Z,164
2026-10-07T18:20:50Z,3038,2026-10-07T18:14:15Z,6
2026-10-07T18:20:50Z,3042,2026-10-07T13:31:49Z,289
2026-10-07T18:20:50Z,3043,2026-10-07T13:57:45Z,263
2026-10-07T18:20:50Z,3044,2026-10-07T16:06:12Z,134
2026-10-07T18:20:50Z,3045,2026-10-07T17:56:07Z,24
2026-10-07T18:20:50Z,3046,2026-10-07T16:19:01Z,121
2026-10-07T18:20:50Z,3049,2026-10-07T15:38:29Z,162
2026-10-07T18:20:50Z,3050,2026-10-07T18:07:56Z,12
2026-10-07T18:20:50Z,3052,2026-10-07T13:22:14Z,298
2026-10-07T18:20:50Z,3053,2026-10-07T16:13:27Z,127
2026-10-07T18:20:50Z,3054,2026-10-07T15:22:17Z,178
2026-10-07T18:20:50Z,3055,2026-10-07T16:06:11Z,134
2026-10-07T18:20:50Z,3056,2026-10-07T13:31:28Z,289
2026-10-07T18:20:50Z,3057,2026-10-07T14:14:43Z,246
2026-10-07T18:20:50Z,3058,2026-10-07T13:53:29Z,267
2026-10-07T18:20:50Z,3059,2026-10-07T14:21:19Z,239
2026-10-07T18:20:50Z,3060,2026-10-07T16:10:03Z,130
2026-10-07T18:20:50Z,3061,2026-10-07T18:15:05Z,5
2026-10-07T18:20:50Z,3062,2026-10-07T17:26:03Z,54
2026-10-07T18:20:50Z,3063,2026-10-07T12:47:52Z,332
2026-10-07T18:20:50Z,3064,2026-10-07T17:11:12Z,69
2026-10-07T18:20:50Z,3065,2026-10-07T15:27:58Z,172
2026-10-07T18:20:50Z,3066,2026-10-07T14:33:18Z,227
2026-10-07T18:20:50Z,3067,2026-10-07T07:01:09Z,679
2026-10-07T18:20:50Z,3068,2026-10-07T14:32:39Z,228
2026-10-07T18:20:50Z,3069,2026-10-07T07:01:09Z,679
2026-10-07T18:20:50Z,3070,2026-10-07T13:22:32Z,298
2026-10-07T18:20:50Z,3071,2026-10-07T08:45:52Z,574
2026-10-07T18:20:50Z,3072,2026-10-07T15:33:23Z,167
2026-10-07T18:20:50Z,3073,2026-10-07T13:29:11Z,291
2026-10-07T18:20:50Z,3074,2026-10-07T13:29:13Z,291
2026-10-07T18:20:50Z,3075,2026-10-07T13:29:04Z,291
2026-10-07T18:20:50Z,3076,2026-10-07T15:42:55Z,157
2026-10-07T18:20:50Z,3077,2026-10-07T15:40:27Z,160
2026-10-07T18:20:50Z,3078,2026-10-07T10:48:47Z,452
2026-10-07T18:20:50Z,3079,2026-10-07T12:27:19Z,353
2026-10-07T18:20:50Z,3080,2026-10-07T14:58:44Z,202
2026-10-07T18:20:50Z,3081,2026-10-07T15:35:24Z,165
2026-10-07T18:20:50Z,3082,2026-10-07T09:34:49Z,526
2026-10-07T18:20:50Z,3083,2026-10-07T17:55:11Z,25
2026-10-07T18:20:50Z,3084,2026-10-07T17:50:49Z,30
2026-10-07T18:20:50Z,3085,2026-10-07T16:35:10Z,105
2026-10-07T18:20:50Z,3086,2026-10-07T15:15:07Z,185
2026-10-07T18:20:50Z,3087,2026-10-05T12:02:18Z,3258
2026-10-07T18:20:50Z,3088,2026-10-07T12:14:47Z,366
2026-10-07T18:20:50Z,3089,2026-10-07T16:18:18Z,122
2026-10-07T18:20:50Z,3091,2026-10-07T14:12:43Z,248
2026-10-07T18:20:50Z,3092,2026-10-07T18:06:15Z,14
2026-10-07T18:20:50Z,3093,2026-10-07T17:47:18Z,33
2026-10-07T18:20:50Z,3094,2026-10-07T08:17:44Z,603
2026-10-07T18:20:50Z,3095,2026-10-06T06:06:51Z,2173
2026-10-07T18:20:50Z,3096,2026-10-06T07:28:07Z,2092
2026-10-07T18:20:50Z,3101,2026-10-07T12:31:39Z,349
2026-10-07T18:20:50Z,3102,2026-10-07T09:34:56Z,525
2026-10-07T18:20:50Z,3103,2026-10-07T18:01:08Z,19
2026-10-07T18:20:50Z,3105,2026-10-07T17:01:53Z,78
2026-10-07T18:20:50Z,3107,2026-10-07T17:43:00Z,37
2026-10-07T18:20:50Z,3108,2026-10-07T18:14:40Z,6
2026-10-07T18:20:50Z,3109,2026-10-07T17:32:04Z,48
2026-10-07T18:20:50Z,3110,2026-10-07T18:05:56Z,14
2026-10-07T18:20:50Z,3111,2026-10-07T18:00:43Z,20
2026-10-07T18:20:50Z,3112,2026-10-07T15:36:30Z,164
2026-10-07T18:20:50Z,3113,2026-10-07T04:16:47Z,844
2026-10-07T18:20:50Z,3116,2026-10-07T18:04:06Z,16
2026-10-07T18:20:50Z,3117,2026-10-07T13:30:33Z,290
2026-10-07T18:20:50Z,3118,2026-10-07T07:01:09Z,679
2026-10-07T18:20:50Z,3131,2026-10-07T15:26:54Z,173
2026-10-07T18:20:50Z,3132,2026-10-07T18:15:03Z,5
2026-10-07T18:20:50Z,3133,2026-10-07T18:15:03Z,5
2026-10-07T18:20:50Z,3134,2026-10-07T18:15:03Z,5
2026-10-07T18:20:50Z,3135,2026-10-07T18:15:03Z,5
2026-10-07T18:20:50Z,3136,2026-10-07T18:15:03Z,5
2026-10-07T18:20:50Z,3137,2026-10-07T18:15:03Z,5
2026-10-07T18:20:50Z,3138,2026-10-07T18:15:03Z,5
2026-10-07T18:20:50Z,3139,2026-10-07T16:58:07Z,82
2026-10-07T18:20:50Z,3140,2026-10-07T00:03:52Z,1096
2026-10-07T18:20:50Z,3141,2026-10-07T17:20:02Z,60
2026-10-07T18:20:50Z,3142,2026-10-07T11:59:35Z,381
2026-10-07T18:20:50Z,3143,2026-10-07T07:53:25Z,627
2026-10-07T18:20:50Z,3144,2026-10-07T13:47:36Z,273
2026-10-07T18:20:50Z,3149,2026-10-07T18:15:03Z,5
2026-10-07T18:20:50Z,3150,2026-10-07T18:15:03Z,5
2026-10-07T18:20:50Z,3151,2026-10-07T18:15:03Z,5
2026-10-07T18:20:50Z,3152,2026-10-07T18:15:03Z,5
2026-10-07T18:20:50Z,3153,2026-10-07T03:05:37Z,915
2026-10-07T18:20:50Z,3154,2026-10-07T07:22:54Z,657
2026-10-07T18:20:50Z,3155,2026-10-07T18:15:03Z,5
2026-10-07T18:20:50Z,3156,2026-10-07T18:15:03Z,5
2026-10-07T18:20:50Z,3157,2026-10-07T18:15:03Z,5
2026-10-07T18:20:50Z,3158,2026-10-07T18:15:03Z,5
2026-10-07T18:20:50Z,3159,2026-10-07T18:15:03Z,5
2026-10-07T18:20:50Z,3160,2026-10-03T19:05:32Z,5715
2026-10-07T18:20:50Z,3161,2026-10-07T18:15:03Z,5
2026-10-07T18:20:50Z,3162,2026-10-07T18:15:03Z,5
2026-10-07T18:20:50Z,3163,2026-10-07T18:15:03Z,5
2026-10-07T18:20:50Z,3164,2026-10-07T18:15:03Z,5
2026-10-07T18:20:50Z,3166,2026-10-07T18:15:03Z,5
2026-10-07T18:20:50Z,3167,2026-10-07T18:15:03Z,5
2026-10-07T18:20:50Z,3168,2026-10-07T18:15:03Z,5
2026-10-07T18:20:50Z,3169,2026-10-07T18:15:03Z,5
2026-10-07T18:20:50Z,3170,2026-10-07T17:35:46Z,45
2026-10-07T18:20:50Z,3171,2026-10-07T18:15:03Z,5
2026-10-07T18:20:50Z,3173,2026-10-07T18:15:03Z,5
2026-10-07T18:20:50Z,3174,2026-10-07T18:15:03Z,5
2026-10-07T18:20:50Z,3176,2026-10-07T18:15:03Z,5
2026-10-07T18:20:50Z,3181,2026-10-07T18:15:03Z,5
2026-10-07T18:20:50Z,3182,2026-10-07T18:15:03Z,5
2026-10-07T18:20:50Z,3183,2026-10-07T16:59:45Z,81
2026-10-07T18:20:50Z,3184,2026-10-07T18:15:03Z,5
2026-10-07T18:20:50Z,3185,2026-10-07T18:15:03Z,5
2026-10-07T18:20:50Z,3186,2026-10-07T18:15:03Z,5
2026-10-07T18:20:50Z,3187,2026-10-07T18:15:03Z,5
2026-10-07T18:20:50Z,3189,2026-10-07T18:15:03Z,5
2026-10-07T18:20:50Z,3190,2026-10-07T18:15:03Z,5
2026-10-07T18:20:50Z,3193,2026-10-07T18:15:03Z,5
2026-10-07T18:20:50Z,3194,2026-10-07T18:15:03Z,5
2026-10-07T18:20:50Z,3195,2026-10-07T18:15:03Z,5
2026-10-07T18:20:50Z,3196,2026-10-07T18:15:03Z,5
2026-10-07T18:20:50Z,3201,2026-10-07T18:15:03Z,5
2026-10-07T18:20:50Z,3202,2026-10-07T12:05:45Z,375
2026-10-07T18:20:50Z,3203,2026-10-07T18:15:03Z,5
2026-10-07T18:20:50Z,3204,2026-10-07T18:15:03Z,5
2026-10-07T18:20:50Z,3205,2026-10-07T14:32:57Z,227
2026-10-07T18:20:50Z,3209,2026-10-07T18:15:03Z,5
2026-10-07T18:20:50Z,3210,2026-10-07T18:15:03Z,5
2026-10-07T18:20:50Z,3211,2026-10-07T15:12:49Z,188
2026-10-07T18:20:50Z,3213,2026-10-07T17:38:45Z,42
2026-10-07T18:20:50Z,3214,2026-10-07T17:18:13Z,62
2026-10-07T18:20:50Z,3216,2026-10-07T11:22:11Z,418
2026-10-07T18:20:50Z,3219,2026-10-06T21:01:09Z,1279
2026-10-07T18:20:50Z,3220,2026-10-06T21:01:10Z,1279
2026-10-07T18:20:50Z,3221,2026-10-06T21:00:49Z,1280
2026-10-07T18:20:50Z,3222,2026-10-07T17:20:35Z,60
2026-10-07T18:20:50Z,3225,2026-10-06T21:00:47Z,1280
2026-10-07T18:20:50Z,3226,2026-10-06T21:01:06Z,1279
2026-10-07T18:20:50Z,3227,2026-10-06T21:00:39Z,1280
2026-10-07T18:20:50Z,3228,2026-10-07T14:01:16Z,259
2026-10-07T18:20:50Z,3229,2026-10-06T21:01:08Z,1279
2026-10-07T18:20:50Z,3230,2026-10-07T16:05:35Z,135
2026-10-07T18:20:50Z,3231,2026-10-06T21:00:42Z,1280
2026-10-07T18:20:50Z,3233,2026-10-07T17:04:07Z,76
2026-10-07T18:20:50Z,3234,2026-10-06T21:01:24Z,1279
2026-10-07T18:20:50Z,3240,2026-10-07T15:34:36Z,166
2026-10-07T18:20:50Z,3241,2026-10-07T18:09:15Z,11
2026-10-07T18:20:50Z,3242,2026-10-07T17:49:58Z,30
2026-10-07T18:20:50Z,3243,2026-10-07T13:46:37Z,274
2026-10-07T18:20:50Z,3244,2026-10-07T13:40:27Z,280
2026-10-07T18:20:50Z,3245,2026-10-07T13:07:45Z,313
2026-10-07T18:20:50Z,3246,2026-10-07T16:04:00Z,136
2026-10-07T18:20:50Z,3247,2026-10-07T16:37:08Z,103
2026-10-07T18:20:50Z,3248,2026-10-07T17:12:24Z,68
2026-10-07T18:20:50Z,3249,2026-10-07T10:41:50Z,459
2026-10-07T18:20:50Z,3250,2026-10-07T17:37:58Z,42
2026-10-07T18:20:50Z,3251,2026-10-07T15:03:21Z,197
2026-10-07T18:20:50Z,3252,2026-10-07T07:01:09Z,679
2026-10-07T18:20:50Z,3253,2026-10-07T07:01:09Z,679
2026-10-07T18:20:50Z,3254,2026-10-06T21:01:22Z,1279
2026-10-07T18:20:50Z,3256,2026-10-07T18:05:43Z,15
2026-10-07T18:20:50Z,3258,2026-10-07T16:25:33Z,115
2026-10-07T18:20:50Z,3261,2026-10-06T21:01:14Z,1279
2026-10-07T18:20:50Z,3276,2026-10-07T17:14:37Z,66
2026-10-07T18:20:50Z,3277,2026-10-07T11:59:54Z,380
2026-10-07T18:20:50Z,3278,2026-10-07T16:45:36Z,95
2026-10-07T18:20:50Z,3279,2026-10-07T16:48:47Z,92
2026-10-07T18:20:50Z,3280,2026-10-06T21:01:22Z,1279
2026-10-07T18:20:50Z,3281,2026-10-06T21:01:09Z,1279
2026-10-07T18:20:50Z,3283,2026-10-07T08:50:38Z,570
2026-10-07T18:20:50Z,3285,2026-10-07T14:13:01Z,247
2026-10-07T18:20:50Z,3287,2026-10-07T12:17:21Z,363
2026-10-07T18:20:50Z,3289,2026-10-06T21:00:41Z,1280
2026-10-07T18:20:50Z,3294,2026-10-07T16:51:32Z,89
2026-10-07T18:20:50Z,3304,2026-10-07T15:49:42Z,151
2026-10-07T18:20:50Z,3305,2026-10-07T14:51:43Z,209
2026-10-07T18:20:50Z,3306,2026-10-07T15:25:48Z,175
2026-10-07T18:20:50Z,3308,2026-10-07T01:09:23Z,1031
2026-10-07T18:20:50Z,3309,2026-10-07T18:06:56Z,13
2026-10-07T18:20:50Z,3318,2026-10-05T15:38:12Z,3042
2026-10-07T18:20:50Z,3319,2026-10-07T13:50:46Z,270
2026-10-07T18:20:50Z,3322,2026-09-29T10:14:53Z,12005
2026-10-07T18:20:50Z,3323,2026-10-03T08:24:49Z,6356
2026-10-07T18:20:50Z,3325,2026-10-06T23:30:56Z,1129
2026-10-07T18:20:50Z,3328,2026-10-07T17:12:39Z,68
2026-10-07T18:20:50Z,3341,2026-10-07T15:27:27Z,173
2026-10-07T18:20:50Z,3380,2026-10-07T15:35:54Z,164
2026-10-07T18:20:50Z,3381,2026-10-07T16:53:43Z,87
2026-10-07T18:20:50Z,3382,2026-10-07T16:49:29Z,91
2026-10-07T18:20:50Z,3383,2026-10-07T16:40:46Z,100
2026-10-07T18:20:50Z,3384,2026-10-06T19:09:42Z,1391
2026-10-07T18:20:50Z,3385,2026-10-07T16:26:22Z,114
2026-10-07T18:20:50Z,3386,2026-10-06T19:09:43Z,1391
2026-10-07T18:20:50Z,3387,2026-10-07T16:48:02Z,92
2026-10-07T18:20:50Z,3389,2026-10-07T17:55:30Z,25
2026-10-07T18:20:50Z,3390,2026-10-07T00:34:44Z,1066
2026-10-07T18:20:50Z,3391,2026-10-07T16:53:42Z,87
2026-10-07T18:20:50Z,3392,2026-10-07T17:07:26Z,73
2026-10-07T18:20:50Z,3393,2026-10-07T15:12:45Z,188
2026-10-07T18:20:50Z,3394,2026-10-07T15:24:57Z,175
2026-10-07T18:20:50Z,3395,2026-10-07T14:48:03Z,212
2026-10-07T18:20:50Z,3396,2026-10-07T12:10:17Z,370
2026-10-07T18:20:50Z,3397,2026-10-06T19:10:10Z,1390
2026-10-07T18:20:50Z,3398,2026-10-07T15:49:12Z,151
2026-10-07T18:20:50Z,3399,2026-10-07T16:48:32Z,92
2026-10-07T18:20:50Z,3400,2026-10-07T16:34:19Z,106
2026-10-07T18:20:50Z,3401,2026-10-07T14:45:43Z,215
2026-10-07T18:20:50Z,3402,2026-10-06T19:09:31Z,1391
2026-10-07T18:20:50Z,3404,2026-10-07T06:04:46Z,736
2026-10-07T18:20:50Z,3405,2026-10-06T19:10:17Z,1390
2026-10-07T18:20:50Z,3406,2026-10-06T19:10:17Z,1390
2026-10-07T18:20:50Z,3407,2026-10-07T11:52:24Z,388
2026-10-07T18:20:50Z,3408,2026-10-07T12:44:08Z,336
2026-10-07T18:20:50Z,3409,2026-10-06T19:09:27Z,1391
2026-10-07T18:20:50Z,3410,2026-10-06T19:10:02Z,1390
2026-10-07T18:20:50Z,3411,2026-10-07T14:41:45Z,219
2026-10-07T18:20:50Z,3412,2026-10-07T17:13:03Z,67
2026-10-07T18:20:50Z,3413,2026-10-07T15:54:18Z,146
2026-10-07T18:20:50Z,3414,2026-10-06T19:09:32Z,1391
2026-10-07T18:20:50Z,3415,2026-10-07T16:19:46Z,121
2026-10-07T18:20:50Z,3416,2026-10-06T19:10:11Z,1390
2026-10-07T18:20:50Z,3417,2026-10-07T11:22:23Z,418
2026-10-07T18:20:50Z,3418,2026-10-07T12:14:17Z,366
2026-10-07T18:20:50Z,3419,2026-10-07T17:30:50Z,50
2026-10-07T18:20:50Z,3420,2026-10-06T19:10:20Z,1390
2026-10-07T18:20:50Z,3421,2026-10-07T16:38:35Z,102
2026-10-07T18:20:50Z,3423,2026-10-07T06:16:43Z,724
2026-10-07T18:20:50Z,3424,2026-10-06T19:09:34Z,1391
2026-10-07T18:20:50Z,3425,2026-10-07T12:58:18Z,322
2026-10-07T18:20:50Z,3426,2026-10-07T16:52:47Z,88
2026-10-07T18:20:50Z,3427,2026-10-07T15:07:58Z,192
2026-10-07T18:20:50Z,3428,2026-10-07T17:36:06Z,44
2026-10-07T18:20:50Z,3429,2026-10-06T19:09:33Z,1391
2026-10-07T18:20:50Z,3430,2026-10-07T16:19:45Z,121
2026-10-07T18:20:50Z,3431,2026-10-07T16:18:03Z,122
2026-10-07T18:20:50Z,3432,2026-10-07T14:34:11Z,226
2026-10-07T18:20:50Z,3433,2026-10-07T17:30:21Z,50
2026-10-07T18:20:50Z,3435,2026-10-06T19:09:37Z,1391
2026-10-07T18:20:50Z,3436,2026-10-06T19:09:38Z,1391
2026-10-07T18:20:50Z,3437,2026-10-07T11:32:53Z,407
2026-10-07T18:20:50Z,3438,2026-10-07T13:53:24Z,267
2026-10-07T18:20:50Z,3439,2026-10-07T04:21:11Z,839
2026-10-07T18:20:50Z,3440,2026-10-07T17:54:34Z,26
2026-10-07T18:20:50Z,3441,2026-10-07T16:25:35Z,115
2026-10-07T18:20:50Z,3442,2026-10-06T19:09:42Z,1391
2026-10-07T18:20:50Z,3443,2026-10-07T17:16:07Z,64
2026-10-07T18:20:50Z,3444,2026-10-07T14:12:39Z,248
2026-10-07T18:20:50Z,3445,2026-10-06T19:09:44Z,1391
2026-10-07T18:20:50Z,3446,2026-10-07T04:24:24Z,836
2026-10-07T18:20:50Z,3447,2026-10-07T10:10:49Z,490
2026-10-07T18:20:50Z,3448,2026-10-07T13:44:33Z,276
2026-10-07T18:20:50Z,3449,2026-10-07T16:05:46Z,135
2026-10-07T18:20:50Z,3450,2026-10-07T14:32:27Z,228
2026-10-07T18:20:50Z,3451,2026-10-07T13:45:44Z,275
2026-10-07T18:20:50Z,3452,2026-10-07T11:06:54Z,433
2026-10-07T18:20:50Z,3453,2026-10-07T14:26:17Z,234
2026-10-07T18:20:50Z,3454,2026-10-07T13:05:40Z,315
2026-10-07T18:20:50Z,3455,2026-10-07T17:58:41Z,22
2026-10-07T18:20:50Z,3456,2026-10-07T16:05:43Z,135
2026-10-07T18:20:50Z,3457,2026-10-06T19:10:06Z,1390
2026-10-07T18:20:50Z,3458,2026-10-06T19:10:06Z,1390
2026-10-07T18:20:50Z,3459,2026-10-07T11:45:32Z,395
2026-10-07T18:20:50Z,3460,2026-10-07T17:56:24Z,24
2026-10-07T18:20:50Z,3461,2026-10-07T18:13:24Z,7
2026-10-07T18:20:50Z,3462,2026-10-07T09:14:11Z,546
2026-10-07T18:20:50Z,3463,2026-10-07T18:08:50Z,12
2026-10-07T18:20:50Z,3464,2026-10-07T10:14:57Z,485
2026-10-07T18:20:50Z,3465,2026-10-06T19:10:21Z,1390
2026-10-07T18:20:50Z,3466,2026-10-07T09:16:23Z,544
2026-10-07T18:20:50Z,3467,2026-10-07T17:56:03Z,24
2026-10-07T18:20:50Z,3468,2026-10-06T19:10:26Z,1390
2026-10-07T18:20:50Z,3469,2026-10-07T17:14:20Z,66
2026-10-07T18:20:50Z,3470,2026-10-07T15:20:56Z,179
2026-10-07T18:20:50Z,3471,2026-08-31T10:04:31Z,53776
2026-10-07T18:20:50Z,3472,2026-10-07T17:57:45Z,23
2026-10-07T18:20:50Z,3473,2026-10-07T12:37:49Z,343
2026-10-07T18:20:50Z,3477,2026-10-06T16:51:07Z,1529
2026-10-07T18:20:50Z,3478,2026-10-07T12:12:28Z,368
2026-10-07T18:20:50Z,3479,2026-10-07T16:52:23Z,88
2026-10-07T18:20:50Z,3488,2026-10-07T13:34:30Z,286
2026-10-07T18:20:50Z,3489,2026-10-06T19:09:27Z,1391
2026-10-07T18:20:50Z,3490,2026-10-07T16:12:18Z,128
2026-10-07T18:20:50Z,3491,2026-10-07T11:09:08Z,431
2026-10-07T18:20:50Z,3594,2026-10-07T13:24:06Z,296
2026-10-07T18:20:50Z,3595,2026-10-07T13:28:48Z,292
2026-10-07T18:20:50Z,3596,2026-10-07T17:58:18Z,22
2026-10-07T18:20:50Z,3597,2026-10-07T15:42:44Z,158
2026-10-07T18:20:50Z,3598,2026-10-07T13:23:43Z,297
2026-10-07T18:20:50Z,3599,2026-10-07T17:15:15Z,65
2026-10-07T18:20:50Z,3600,2026-10-07T14:56:36Z,204
2026-10-07T18:20:50Z,3601,2026-10-06T19:10:32Z,1390
2026-10-07T18:20:50Z,3602,2026-10-07T17:12:35Z,68
2026-10-07T18:20:50Z,3603,2026-10-07T15:57:27Z,143
2026-10-07T18:20:50Z,3605,2026-10-07T16:57:25Z,83
2026-10-07T18:20:50Z,3606,2026-10-07T16:54:29Z,86
2026-10-07T18:20:50Z,3607,2026-10-07T15:04:35Z,196
2026-10-07T18:20:50Z,3608,2026-10-07T13:42:13Z,278
2026-10-07T18:20:50Z,3609,2026-08-17T08:18:12Z,74042
2026-10-07T18:20:50Z,3615,2026-10-07T17:16:35Z,64
2026-10-07T18:20:50Z,3618,2026-10-07T15:32:50Z,168
2026-10-07T18:20:50Z,3619,2026-10-06T19:10:34Z,1390
2026-10-07T18:20:50Z,3620,2026-10-07T18:03:46Z,17
2026-10-07T18:20:50Z,3621,2026-10-07T07:01:09Z,679
2026-10-07T18:20:50Z,3622,2026-10-07T14:46:46Z,214
2026-10-07T18:20:50Z,3623,2026-10-07T16:18:08Z,122
2026-10-07T18:20:50Z,3624,2026-10-07T18:09:12Z,11
2026-10-07T18:20:50Z,3625,2026-10-07T17:45:20Z,35
2026-10-07T18:20:50Z,3629,2026-10-07T05:38:57Z,761
2026-10-07T18:20:50Z,3630,2026-10-07T18:02:03Z,18
2026-10-07T18:20:50Z,3631,2026-10-07T16:00:06Z,140
2026-10-07T18:20:50Z,3632,2026-10-07T15:51:41Z,149
2026-10-07T18:20:50Z,3633,2026-09-29T17:29:28Z,11571
2026-10-07T18:20:50Z,3638,2026-07-25T13:14:56Z,106865
2026-10-07T18:20:50Z,3639,2026-10-01T09:00:33Z,9200
2026-10-07T18:20:50Z,3641,2026-10-06T18:06:14Z,1454
2026-10-07T18:20:50Z,3642,2026-10-07T18:05:30Z,15
2026-10-07T18:20:50Z,3643,2026-10-07T07:04:41Z,676
2026-10-07T18:20:50Z,3644,2026-07-01T15:55:56Z,141264
2026-10-07T18:20:50Z,3645,2026-10-07T15:48:50Z,152
2026-10-07T18:20:50Z,3646,2026-10-07T10:04:46Z,496
2026-10-07T18:20:50Z,3678,2026-10-07T13:05:35Z,315
2026-10-07T18:20:50Z,3681,2026-10-07T18:10:29Z,10
2026-10-07T18:20:50Z,3682,2026-10-07T15:58:56Z,141
2026-10-07T18:20:50Z,3683,2026-10-07T18:15:19Z,5
2026-10-07T18:20:50Z,3684,2026-10-07T18:15:05Z,5
2026-10-07T18:20:50Z,3685,2026-10-07T18:15:17Z,5
2026-10-07T18:20:50Z,3686,2026-10-07T18:15:18Z,5
2026-10-07T18:20:50Z,3687,2026-10-07T18:15:17Z,5
2026-10-07T18:20:50Z,3688,2026-10-07T17:26:00Z,54
2026-10-07T18:20:50Z,3690,2026-10-07T15:59:16Z,141
2026-10-07T18:20:50Z,3691,2026-10-07T18:15:17Z,5
2026-10-07T18:20:50Z,3692,2026-10-07T15:59:01Z,141
2026-10-07T18:20:50Z,3693,2026-10-07T15:59:01Z,141
2026-10-07T18:20:50Z,3694,2026-10-07T15:58:57Z,141
2026-10-07T18:20:50Z,3695,2026-10-07T15:58:57Z,141
2026-10-07T18:20:50Z,3696,2026-10-07T18:15:18Z,5
2026-10-07T18:20:50Z,3697,2026-10-07T15:58:57Z,141
2026-10-07T18:20:50Z,3698,2026-10-06T19:10:38Z,1390
2026-10-07T18:20:50Z,3699,2026-10-07T15:58:58Z,141
2026-10-07T18:20:50Z,3700,2026-10-07T15:59:16Z,141
2026-10-07T18:20:50Z,3701,2026-10-07T15:58:46Z,142
2026-10-07T18:20:50Z,3702,2026-10-07T18:15:17Z,5
2026-10-07T18:20:50Z,3703,2026-10-07T15:58:59Z,141
2026-10-07T18:20:50Z,3704,2026-10-07T18:15:18Z,5
2026-10-07T18:20:50Z,3706,2026-10-07T13:21:20Z,299
2026-10-07T18:20:50Z,3707,2026-10-07T13:22:09Z,298
2026-10-07T18:20:50Z,3708,2026-10-07T15:25:50Z,175
2026-10-07T18:20:50Z,3709,2026-10-07T13:24:24Z,296
2026-10-07T18:20:50Z,3710,2026-10-07T13:21:34Z,299
2026-10-07T18:20:50Z,3711,2026-10-07T15:24:09Z,176
2026-10-07T18:20:50Z,3712,2026-10-07T13:21:57Z,298
2026-10-07T18:20:50Z,3714,2026-10-07T14:08:12Z,252
2026-10-07T18:20:50Z,3715,2026-10-07T14:56:37Z,204
2026-10-07T18:20:50Z,3716,2026-10-07T17:46:17Z,34
2026-10-07T18:20:50Z,3717,2026-10-07T13:38:49Z,282
2026-10-07T18:20:50Z,3718,2026-10-07T13:40:37Z,280
2026-10-07T18:20:50Z,3719,2026-10-07T13:44:57Z,275
2026-10-07T18:20:50Z,3720,2026-10-07T16:00:24Z,140
2026-10-07T18:20:50Z,3721,2026-10-07T13:53:59Z,266
2026-10-07T18:20:50Z,3723,2026-10-07T13:40:58Z,279
2026-10-07T18:20:50Z,3724,2026-10-07T18:15:19Z,5
2026-10-07T18:20:50Z,3725,2026-10-07T15:58:58Z,141
2026-10-07T18:20:50Z,3726,2026-10-07T15:59:00Z,141
2026-10-07T18:20:50Z,3727,2026-10-07T15:58:58Z,141
2026-10-07T18:20:50Z,3728,2026-10-07T16:41:47Z,99
2026-10-07T18:20:50Z,3729,2026-10-07T15:59:00Z,141
2026-10-07T18:20:50Z,3730,2026-10-07T18:06:18Z,14
2026-10-07T18:20:50Z,3732,2026-10-07T15:59:16Z,141
2026-10-07T18:20:50Z,3733,2026-10-07T15:58:46Z,142
2026-10-07T18:20:50Z,3734,2026-10-07T17:31:32Z,49
2026-10-07T18:20:50Z,3735,2026-10-07T15:59:16Z,141
2026-10-07T18:20:50Z,3736,2026-10-07T15:59:16Z,141
2026-10-07T18:20:50Z,3737,2026-10-07T15:59:16Z,141
2026-10-07T18:20:50Z,3738,2026-10-07T15:59:16Z,141
2026-10-07T18:20:50Z,3739,2026-10-07T18:15:17Z,5
2026-10-07T18:20:50Z,3740,2026-10-07T18:15:18Z,5
2026-10-07T18:20:50Z,3741,2026-09-08T03:30:17Z,42650
2026-10-07T18:20:50Z,3742,2026-10-07T18:15:18Z,5
2026-10-07T18:20:50Z,3743,2026-10-07T15:58:53Z,141
2026-10-07T18:20:50Z,3744,2026-10-07T15:59:05Z,141
2026-10-07T18:20:50Z,3745,2026-10-07T15:58:56Z,141
2026-10-07T18:20:50Z,3746,2026-10-07T15:58:58Z,141
2026-10-07T18:20:50Z,3747,2026-10-07T15:58:59Z,141
2026-10-07T18:20:50Z,3748,2026-10-07T15:58:57Z,141
2026-10-07T18:20:50Z,3749,2026-10-07T15:58:57Z,141
2026-10-07T18:20:50Z,3750,2026-10-07T15:58:57Z,141
2026-10-07T18:20:50Z,3751,2026-10-07T18:15:18Z,5
2026-10-07T18:20:50Z,3752,2026-10-07T15:58:57Z,141
2026-10-07T18:20:50Z,3753,2026-10-07T15:58:57Z,141
2026-10-07T18:20:50Z,3754,2026-10-07T15:59:01Z,141
2026-10-07T18:20:50Z,3755,2026-10-07T15:58:56Z,141
2026-10-07T18:20:50Z,3756,2026-10-07T15:58:51Z,141
2026-10-07T18:20:50Z,3757,2026-10-07T15:58:59Z,141
2026-10-07T18:20:50Z,3758,2026-10-07T15:58:57Z,141
2026-10-07T18:20:50Z,3759,2026-10-07T15:59:17Z,141
2026-10-07T18:20:50Z,3760,2026-10-07T18:15:18Z,5
2026-10-07T18:20:50Z,3762,2026-10-07T15:58:57Z,141
2026-10-07T18:20:50Z,3763,2026-10-07T15:58:52Z,141
2026-10-07T18:20:50Z,3764,2026-10-07T18:15:18Z,5
2026-10-07T18:20:50Z,3765,2026-10-07T15:58:57Z,141
2026-10-07T18:20:50Z,3766,2026-10-07T15:58:59Z,141
2026-10-07T18:20:50Z,3767,2026-10-07T16:45:03Z,95
2026-10-07T18:20:50Z,3768,2026-10-07T15:59:16Z,141
2026-10-07T18:20:50Z,3769,2026-10-05T07:48:32Z,3512
2026-10-07T18:20:50Z,3770,2026-10-07T18:15:17Z,5
2026-10-07T18:20:50Z,3771,2026-10-07T18:15:17Z,5
2026-10-07T18:20:50Z,3772,2026-10-07T15:58:58Z,141
2026-10-07T18:20:50Z,3773,2026-10-07T15:58:59Z,141
2026-10-07T18:20:50Z,3774,2026-10-07T15:58:58Z,141
2026-10-07T18:20:50Z,3775,2026-10-07T15:58:57Z,141
2026-10-07T18:20:50Z,3776,2026-10-07T18:09:45Z,11
2026-10-07T18:20:50Z,3777,2026-08-05T05:12:17Z,91508
2026-10-07T18:20:50Z,3778,2026-10-07T15:59:16Z,141
2026-10-07T18:20:50Z,3779,2026-10-07T15:58:59Z,141
2026-10-07T18:20:50Z,3780,2026-10-07T18:15:08Z,5
2026-10-07T18:20:50Z,3781,2026-10-07T15:59:01Z,141
2026-10-07T18:20:50Z,3782,2026-10-07T15:58:58Z,141
2026-10-07T18:20:50Z,3783,2026-10-07T15:59:01Z,141
2026-10-07T18:20:50Z,3784,2026-10-07T15:59:01Z,141
2026-10-07T18:20:50Z,3785,2026-10-07T15:58:58Z,141
2026-10-07T18:20:50Z,3786,2026-10-07T15:58:58Z,141
2026-10-07T18:20:50Z,3787,2026-10-07T15:59:01Z,141
2026-10-07T18:20:50Z,3788,2026-10-07T15:58:57Z,141
2026-10-07T18:20:50Z,3789,2026-10-07T15:58:57Z,141
2026-10-07T18:20:50Z,3790,2026-10-07T15:58:57Z,141
2026-10-07T18:20:50Z,3792,2026-10-07T15:58:59Z,141
2026-10-07T18:20:50Z,3793,2026-10-07T15:58:59Z,141
2026-10-07T18:20:50Z,3794,2026-10-07T15:59:01Z,141
2026-10-07T18:20:50Z,3795,2026-10-07T15:58:54Z,141
2026-10-07T18:20:50Z,3796,2026-10-07T15:59:01Z,141
2026-10-07T18:20:50Z,3797,2026-10-07T15:59:01Z,141
2026-10-07T18:20:50Z,3798,2026-10-07T15:59:01Z,141
2026-10-07T18:20:50Z,3799,2026-10-07T15:59:00Z,141
2026-10-07T18:20:50Z,3800,2026-10-07T15:58:54Z,141
2026-10-07T18:20:50Z,3801,2026-10-07T18:14:54Z,5
2026-10-07T18:20:50Z,3802,2026-10-07T15:58:57Z,141
2026-10-07T18:20:50Z,3803,2026-10-07T18:14:54Z,5
2026-10-07T18:20:50Z,3804,2026-10-07T13:46:54Z,273
2026-10-07T18:20:50Z,3805,2026-10-07T07:11:22Z,669
2026-10-07T18:20:50Z,3806,2026-10-07T15:58:59Z,141
2026-10-07T18:20:50Z,3807,2026-10-07T15:58:59Z,141
2026-10-07T18:20:50Z,3808,2026-10-07T15:58:52Z,141
2026-10-07T18:20:50Z,3809,2026-10-07T15:58:56Z,141
2026-10-07T18:20:50Z,3810,2026-10-07T15:59:16Z,141
2026-10-07T18:20:50Z,3811,2026-10-07T18:15:17Z,5
2026-10-07T18:20:50Z,3812,2026-10-07T16:21:35Z,119
2026-10-07T18:20:50Z,3813,2026-10-07T15:59:00Z,141
2026-10-07T18:20:50Z,3814,2026-10-07T15:59:01Z,141
2026-10-07T18:20:50Z,3815,2026-09-19T03:45:20Z,26795
2026-10-07T18:20:50Z,3820,2025-09-01T08:43:33Z,578017
2026-10-07T18:20:50Z,3821,2025-09-01T08:43:06Z,578017
2026-10-07T18:20:50Z,3822,2026-10-02T14:21:22Z,7439
2026-10-07T18:20:50Z,3823,2025-09-01T08:43:04Z,578017
2026-10-07T18:20:50Z,3824,2025-09-01T08:43:16Z,578017
2026-10-07T18:20:50Z,3825,2024-09-03T15:01:56Z,1100358
2026-10-07T18:20:50Z,3827,2026-09-07T13:52:03Z,43468
2026-10-07T18:20:50Z,3829,2026-10-07T16:49:34Z,91
2026-10-07T18:20:50Z,3831,2026-10-07T15:58:58Z,141
2026-10-07T18:20:50Z,3832,2026-10-07T15:59:01Z,141
2026-10-07T18:20:50Z,3833,2026-10-07T15:58:59Z,141
2026-10-07T18:20:50Z,3834,2026-10-07T15:59:00Z,141
2026-10-07T18:20:50Z,3835,2026-10-07T18:15:07Z,5
2026-10-07T18:20:50Z,3836,2026-10-07T15:59:00Z,141
2026-10-07T18:20:50Z,3837,2026-10-07T15:59:01Z,141
2026-10-07T18:20:50Z,3838,2026-10-07T17:11:35Z,69
2026-10-07T18:20:50Z,3839,2026-10-07T17:23:06Z,57
2026-10-07T18:20:50Z,3840,2026-10-07T18:13:01Z,7
2026-10-07T18:20:50Z,3841,2026-10-07T17:53:31Z,27
2026-10-07T18:20:50Z,3842,2026-10-07T17:58:44Z,22
2026-10-07T18:20:50Z,3843,2026-09-10T12:22:52Z,39237
2026-10-07T18:20:50Z,3844,2026-10-07T18:12:36Z,8
2026-10-07T18:20:50Z,3845,2026-10-07T17:28:42Z,52
2026-10-07T18:20:50Z,3846,2026-10-07T16:54:40Z,86
2026-10-07T18:20:50Z,3847,2026-10-07T18:14:54Z,5
2026-10-07T18:20:50Z,3848,2026-10-07T15:58:59Z,141
2026-10-07T18:20:50Z,3849,2026-10-07T18:15:09Z,5
2026-10-07T18:20:50Z,3850,2026-10-07T18:15:08Z,5
2026-10-07T18:20:50Z,3851,2026-10-07T18:15:05Z,5
2026-10-07T18:20:50Z,3852,2026-10-07T15:58:57Z,141
2026-10-07T18:20:50Z,3853,2026-10-07T15:58:57Z,141
2026-10-07T18:20:50Z,3854,2026-10-07T15:59:00Z,141
2026-10-07T18:20:50Z,3855,2026-10-07T15:59:00Z,141
2026-10-07T18:20:50Z,3856,2026-10-07T15:58:58Z,141
2026-10-07T18:20:50Z,3857,2026-10-07T15:58:58Z,141
2026-10-07T18:20:50Z,3858,2026-10-07T18:15:07Z,5
2026-10-07T18:20:50Z,3859,2026-10-07T18:15:09Z,5
2026-10-07T18:20:50Z,3860,2026-10-07T15:59:00Z,141
2026-10-07T18:20:50Z,3861,2026-10-07T15:59:01Z,141
2026-10-07T18:20:50Z,3862,2026-10-07T18:15:09Z,5
2026-10-07T18:20:50Z,3863,2026-10-07T13:24:49Z,296
2026-10-07T18:20:50Z,3864,2026-10-06T20:03:36Z,1337
2026-10-07T18:20:50Z,3865,2026-10-07T15:59:15Z,141
2026-10-07T18:20:50Z,3866,2026-10-07T15:59:15Z,141
2026-10-07T18:20:50Z,3867,2026-10-07T15:58:57Z,141
2026-10-07T18:20:50Z,3868,2026-10-07T18:15:07Z,5
2026-10-07T18:20:50Z,3869,2026-10-07T15:58:46Z,142
2026-10-07T18:20:50Z,3870,2026-10-07T15:58:57Z,141
2026-10-07T18:20:50Z,3871,2026-10-07T15:59:11Z,141
2026-10-07T18:20:50Z,3872,2026-10-07T18:15:07Z,5
2026-10-07T18:20:50Z,3873,2026-10-07T18:15:08Z,5
2026-10-07T18:20:50Z,3874,2026-10-07T15:59:15Z,141
2026-10-07T18:20:50Z,3875,2026-10-07T15:58:58Z,141
2026-10-07T18:20:50Z,3876,2026-10-07T15:58:58Z,141
2026-10-07T18:20:50Z,3877,2026-10-07T15:58:58Z,141
2026-10-07T18:20:50Z,3878,2026-09-25T21:16:47Z,17104
2026-10-07T18:20:50Z,3879,2026-10-07T18:15:07Z,5
2026-10-07T18:20:50Z,3880,2026-10-07T18:15:09Z,5
2026-10-07T18:20:50Z,3881,2026-10-07T15:59:05Z,141
2026-10-07T18:20:50Z,3882,2026-10-05T02:23:32Z,3837
2026-10-07T18:20:50Z,3883,2026-10-07T18:14:54Z,5
2026-10-07T18:20:50Z,3884,2026-09-22T11:44:35Z,21996
2026-10-07T18:20:50Z,3885,2026-10-07T13:54:27Z,266
2026-10-07T18:20:50Z,3886,2026-10-07T18:14:54Z,5
2026-10-07T18:20:50Z,3887,2026-10-07T15:58:56Z,141
2026-10-07T18:20:50Z,3888,2026-10-07T18:15:06Z,5
2026-10-07T18:20:50Z,3889,2026-10-07T18:04:49Z,16
2026-10-07T18:20:50Z,3891,2026-10-07T18:15:07Z,5
2026-10-07T18:20:50Z,3892,2026-10-06T18:48:01Z,1412
2026-10-07T18:20:50Z,3893,2026-10-07T15:59:01Z,141
2026-10-07T18:20:50Z,3894,2026-10-07T15:59:01Z,141
2026-10-07T18:20:50Z,3895,2026-10-07T15:58:54Z,141
2026-10-07T18:20:50Z,3896,2026-10-07T15:59:02Z,141
2026-10-07T18:20:50Z,3897,2026-10-07T15:59:01Z,141
2026-10-07T18:20:50Z,3898,2026-10-07T15:58:59Z,141
2026-10-07T18:20:50Z,3899,2026-10-07T18:14:54Z,5
2026-10-07T18:20:50Z,3900,2026-10-07T18:15:07Z,5
2026-10-07T18:20:50Z,3901,2026-10-07T15:59:00Z,141
2026-10-07T18:20:50Z,3902,2026-10-07T15:58:57Z,141
2026-10-07T18:20:50Z,3903,2026-10-07T18:03:11Z,17
2026-10-07T18:20:50Z,3904,2026-10-07T15:58:57Z,141
2026-10-07T18:20:50Z,3905,2026-10-07T18:15:07Z,5
2026-10-07T18:20:50Z,3906,2026-10-07T18:15:08Z,5
2026-10-07T18:20:50Z,3907,2026-04-16T20:24:32Z,250436
2026-10-07T18:20:50Z,3908,2026-10-07T18:15:09Z,5
2026-10-07T18:20:50Z,3909,2026-10-07T15:59:00Z,141
2026-10-07T18:20:50Z,3910,2026-10-07T18:14:54Z,5
2026-10-07T18:20:50Z,3911,2026-10-07T15:59:15Z,141
2026-10-07T18:20:50Z,3912,2026-10-07T15:58:58Z,141
2026-10-07T18:20:50Z,3913,2026-10-07T18:14:54Z,5
2026-10-07T18:20:50Z,3914,2026-10-07T15:58:54Z,141
2026-10-07T18:20:50Z,3915,2026-10-07T15:59:12Z,141
2026-10-07T18:20:50Z,3916,2026-10-07T15:59:00Z,141
2026-10-07T18:20:50Z,3917,2026-10-07T15:59:12Z,141
2026-10-07T18:20:50Z,3918,2025-09-23T08:51:00Z,546329
2026-10-07T18:20:50Z,3919,2026-10-07T15:58:52Z,141
2026-10-07T18:20:50Z,3920,2026-10-07T15:58:57Z,141
2026-10-07T18:20:50Z,3921,2026-10-07T18:15:07Z,5
2026-10-07T18:20:50Z,3922,2026-10-07T18:15:10Z,5
2026-10-07T18:20:50Z,3923,2026-10-07T15:59:00Z,141
2026-10-07T18:20:50Z,3924,2026-10-07T15:58:57Z,141
2026-10-07T18:20:50Z,3925,2026-10-07T16:01:25Z,139
2026-10-07T18:20:50Z,3926,2026-10-07T15:58:46Z,142
2026-10-07T18:20:50Z,3927,2026-10-07T15:59:00Z,141
2026-10-07T18:20:50Z,3928,2026-10-07T18:15:08Z,5
2026-10-07T18:20:50Z,3929,2026-10-06T22:32:18Z,1188
2026-10-07T18:20:50Z,3930,2026-10-07T15:58:59Z,141
2026-10-07T18:20:50Z,3931,2026-10-07T15:59:01Z,141
2026-10-07T18:20:50Z,3932,2026-10-07T15:58:59Z,141
2026-10-07T18:20:50Z,3933,2026-10-07T18:15:08Z,5
2026-10-07T18:20:50Z,3934,2026-10-07T15:58:59Z,141
2026-10-07T18:20:50Z,3935,2026-10-07T15:58:57Z,141
2026-10-07T18:20:50Z,3936,2026-10-07T18:14:54Z,5
2026-10-07T18:20:50Z,3937,2026-10-07T15:59:15Z,141
2026-10-07T18:20:50Z,3938,2026-10-07T18:15:06Z,5
2026-10-07T18:20:50Z,3939,2026-10-07T15:59:11Z,141
2026-10-07T18:20:50Z,3940,2026-10-07T15:58:46Z,142
2026-10-07T18:20:50Z,3941,2026-10-07T15:58:59Z,141
2026-10-07T18:20:50Z,3942,2026-10-07T15:59:01Z,141
2026-10-07T18:20:50Z,3943,2026-10-07T15:59:01Z,141
2026-10-07T18:20:50Z,3944,2026-10-07T15:58:54Z,141
2026-10-07T18:20:50Z,3946,2026-10-07T15:58:56Z,141
2026-10-07T18:20:50Z,3947,2026-10-07T15:59:11Z,141
2026-10-07T18:20:50Z,3948,2026-10-07T15:58:59Z,141
2026-10-07T18:20:50Z,3949,2026-10-07T15:58:46Z,142
2026-10-07T18:20:50Z,3950,2026-10-07T17:58:48Z,22
2026-10-07T18:20:50Z,3951,2026-10-07T15:58:57Z,141
2026-10-07T18:20:50Z,3952,2026-10-07T15:59:16Z,141
2026-10-07T18:20:50Z,3953,2026-10-07T18:15:10Z,5
2026-10-07T18:20:50Z,3954,2026-10-07T15:58:57Z,141
2026-10-07T18:20:50Z,3955,2026-10-07T15:58:57Z,141
2026-10-07T18:20:50Z,3956,2026-10-07T15:58:53Z,141
2026-10-07T18:20:50Z,3957,2026-10-07T15:58:53Z,141
2026-10-07T18:20:50Z,3958,2026-10-07T18:15:10Z,5
2026-10-07T18:20:50Z,3959,2026-10-07T17:45:27Z,35
2026-10-07T18:20:50Z,3960,2026-10-07T15:59:16Z,141
2026-10-07T18:20:50Z,3961,2026-10-07T15:59:01Z,141
2026-10-07T18:20:50Z,3962,2026-10-07T15:58:59Z,141
2026-10-07T18:20:50Z,3963,2025-11-13T05:31:37Z,473089
2026-10-07T18:20:50Z,3964,2026-10-07T15:58:58Z,141
2026-10-07T18:20:50Z,3965,2026-10-02T22:15:32Z,6965
2026-10-07T18:20:50Z,3966,2026-10-07T15:58:56Z,141
2026-10-07T18:20:50Z,3967,2026-10-07T15:58:58Z,141
2026-10-07T18:20:50Z,3968,2026-10-07T15:58:58Z,141
2026-10-07T18:20:50Z,3969,2026-10-07T15:58:46Z,142
2026-10-07T18:20:50Z,3970,2026-10-07T15:59:25Z,141
2026-10-07T18:20:50Z,3971,2026-10-07T15:22:06Z,178
2026-10-07T18:20:50Z,3974,2026-10-07T15:59:01Z,141
2026-10-07T18:20:50Z,3975,2026-10-07T15:58:46Z,142
2026-10-07T18:20:50Z,3976,2026-10-07T15:58:46Z,142
2026-10-07T18:20:50Z,3977,2026-10-07T15:58:57Z,141
2026-10-07T18:20:50Z,3978,2026-10-07T15:58:57Z,141
2026-10-07T18:20:50Z,3979,2026-10-07T15:59:16Z,141
2026-10-07T18:20:50Z,3980,2026-10-07T18:15:09Z,5
2026-10-07T18:20:50Z,3986,2026-10-07T15:33:03Z,167
2026-10-07T18:20:50Z,3987,2026-10-07T16:35:57Z,104
2026-10-07T18:20:50Z,3988,2026-10-07T00:04:18Z,1096
2026-10-07T18:20:50Z,3989,2026-10-07T17:35:15Z,45
2026-10-07T18:20:50Z,3990,2026-10-07T14:33:05Z,227
2026-10-07T18:20:50Z,3991,2026-10-07T15:59:01Z,141
2026-10-07T18:20:50Z,3992,2026-10-07T15:59:01Z,141
2026-10-07T18:20:50Z,3993,2026-10-07T15:59:00Z,141
2026-10-07T18:20:50Z,3994,2025-12-01T16:51:17Z,446489
2026-10-07T18:20:50Z,3995,2026-03-13T20:54:47Z,299366
2026-10-07T18:20:50Z,3996,2026-10-06T19:10:42Z,1390
2026-10-07T18:20:50Z,3997,2026-10-07T11:26:30Z,414
2026-10-07T18:20:50Z,3998,2026-10-07T17:44:23Z,36
2026-10-07T18:20:50Z,3999,2026-10-07T16:55:18Z,85
2026-10-07T18:20:50Z,4000,2026-10-07T08:22:01Z,598
2026-10-07T18:20:50Z,4001,2026-10-07T18:15:18Z,5
2026-10-07T18:20:50Z,4002,2026-10-07T15:58:53Z,141
2026-10-07T18:20:50Z,4003,2026-10-07T18:15:08Z,5
2026-10-07T18:20:50Z,4004,2026-10-07T15:59:00Z,141
2026-10-07T18:20:50Z,4005,2026-10-07T15:58:57Z,141
2026-10-07T18:20:50Z,4006,2026-10-07T15:59:00Z,141
2026-10-07T18:20:50Z,4007,2026-10-07T15:58:58Z,141
2026-10-07T18:20:50Z,4008,2026-10-07T15:59:16Z,141
2026-10-07T18:20:50Z,4009,2026-10-07T18:15:08Z,5
2026-10-07T18:20:50Z,4010,2026-10-07T18:13:22Z,7
2026-10-07T18:20:50Z,4011,2026-10-07T18:13:26Z,7
2026-10-07T18:20:50Z,4012,2026-10-07T18:13:12Z,7
2026-10-07T18:20:50Z,4013,2026-10-07T15:58:57Z,141
2026-10-07T18:20:50Z,4014,2026-10-07T15:58:46Z,142
2026-10-07T18:20:50Z,4015,2026-10-07T15:58:56Z,141
2026-10-07T18:20:50Z,4017,2026-10-07T15:58:58Z,141
2026-10-07T18:20:50Z,4018,2026-10-07T15:58:57Z,141
2026-10-07T18:20:50Z,4019,2026-10-07T18:15:10Z,5
2026-10-07T18:20:50Z,4020,2026-10-07T15:58:59Z,141
2026-10-07T18:20:50Z,4021,2026-10-07T15:58:59Z,141
2026-10-07T18:20:50Z,4022,2026-10-07T15:59:01Z,141
2026-10-07T18:20:50Z,4023,2026-10-07T15:59:00Z,141
2026-10-07T18:20:50Z,4024,2025-09-23T08:50:51Z,546329
2026-10-07T18:20:50Z,4025,2026-10-07T15:59:00Z,141
2026-10-07T18:20:50Z,4026,2026-10-07T15:58:46Z,142
2026-10-07T18:20:50Z,4027,2026-10-07T15:58:59Z,141
2026-10-07T18:20:50Z,4028,2026-10-07T15:58:57Z,141
2026-10-07T18:20:50Z,4029,2026-10-07T15:58:57Z,141
2026-10-07T18:20:50Z,4030,2026-10-07T15:58:59Z,141
2026-10-07T18:20:50Z,4031,2026-10-07T15:58:52Z,141
2026-10-07T18:20:50Z,4032,2026-10-07T18:15:08Z,5
2026-10-07T18:20:50Z,4033,2026-10-07T15:58:52Z,141
2026-10-07T18:20:50Z,4034,2026-10-07T15:58:53Z,141
2026-10-07T18:20:50Z,4035,2026-10-07T15:59:00Z,141
2026-10-07T18:20:50Z,4036,2026-10-07T15:58:59Z,141
2026-10-07T18:20:50Z,4037,2026-10-07T18:15:09Z,5
2026-10-07T18:20:50Z,4038,2026-10-07T18:14:54Z,5
2026-10-07T18:20:50Z,4039,2026-10-07T13:23:31Z,297
2026-10-07T18:20:50Z,4040,2026-10-07T16:14:47Z,126
2026-10-07T18:20:50Z,4041,2026-09-30T21:46:11Z,9874
2026-10-07T18:20:50Z,4042,2026-10-07T04:25:12Z,835
2026-10-07T18:20:50Z,4043,2026-10-07T15:58:57Z,141
2026-10-07T18:20:50Z,4044,2026-10-07T18:15:10Z,5
2026-10-07T18:20:50Z,4045,2026-10-07T18:15:07Z,5
2026-10-07T18:20:50Z,4046,2026-10-07T18:15:06Z,5
2026-10-07T18:20:50Z,4047,2026-10-07T18:15:08Z,5
2026-10-07T18:20:50Z,4048,2026-10-07T15:58:59Z,141
2026-10-07T18:20:50Z,4049,2026-09-23T04:05:25Z,21015
2026-10-07T18:20:50Z,4050,2026-10-07T15:59:05Z,141
2026-10-07T18:20:50Z,4051,2026-10-07T15:58:46Z,142
2026-10-07T18:20:50Z,4052,2026-10-07T15:58:46Z,142
2026-10-07T18:20:50Z,4053,2026-10-07T15:58:57Z,141
2026-10-07T18:20:50Z,4054,2026-10-07T15:58:59Z,141
2026-10-07T18:20:50Z,4055,2026-10-07T15:59:16Z,141
2026-10-07T18:20:50Z,4056,2026-10-07T15:59:16Z,141
2026-10-07T18:20:50Z,4057,2026-10-07T18:15:09Z,5
2026-10-07T18:20:50Z,4058,2026-10-07T17:10:14Z,70
2026-10-07T18:20:50Z,4059,2026-10-07T15:58:58Z,141
2026-10-07T18:20:50Z,4060,2026-10-07T15:58:58Z,141
2026-10-07T18:20:50Z,4061,2026-10-07T18:15:10Z,5
2026-10-07T18:20:50Z,4062,2026-10-07T15:59:11Z,141
2026-10-07T18:20:50Z,4063,2026-10-07T15:58:57Z,141
2026-10-07T18:20:50Z,4064,2026-10-07T15:58:59Z,141
2026-10-07T18:20:50Z,4065,2026-10-07T18:15:09Z,5
2026-10-07T18:20:50Z,4066,2026-10-07T15:58:58Z,141
2026-10-07T18:20:50Z,4067,2026-10-07T15:58:46Z,142
2026-10-07T18:20:50Z,4068,2026-10-07T15:58:58Z,141
2026-10-07T18:20:50Z,4069,2026-10-07T16:37:24Z,103
2026-10-07T18:20:50Z,4070,2026-10-07T18:15:10Z,5
2026-10-07T18:20:50Z,4071,2026-10-07T18:15:05Z,5
2026-10-07T18:20:50Z,4072,2026-10-07T18:15:06Z,5
2026-10-07T18:20:50Z,4073,2026-10-07T18:15:05Z,5
2026-10-07T18:20:50Z,4074,2026-10-07T15:36:30Z,164
2026-10-07T18:20:50Z,4075,2026-10-07T18:15:05Z,5
2026-10-07T18:20:50Z,4076,2026-10-07T18:15:06Z,5
2026-10-07T18:20:50Z,4077,2026-10-07T08:27:55Z,592
2026-10-07T18:20:50Z,4078,2026-03-11T13:51:24Z,302669
2026-10-07T18:20:50Z,4079,2026-10-07T15:59:17Z,141
2026-10-07T18:20:50Z,4080,2026-10-07T11:45:16Z,395
2026-10-07T18:20:50Z,4081,2026-10-07T07:51:03Z,629
2026-10-07T18:20:50Z,4082,2026-10-07T15:18:57Z,181
2026-10-07T18:20:50Z,4083,2026-10-07T14:27:05Z,233
2026-10-07T18:20:50Z,4084,2026-10-07T18:15:11Z,5
2026-10-07T18:20:50Z,4085,2026-10-07T18:15:11Z,5
2026-10-07T18:20:50Z,4086,2026-10-07T18:14:54Z,5
2026-10-07T18:20:50Z,4087,2026-10-07T18:06:56Z,13
2026-10-07T18:20:50Z,4088,2026-10-07T18:15:11Z,5
2026-10-07T18:20:50Z,4089,2026-10-07T18:15:11Z,5
2026-10-07T18:20:50Z,4090,2026-10-07T18:15:06Z,5
2026-10-07T18:20:50Z,4091,2026-09-25T08:15:17Z,17885
2026-10-07T18:20:50Z,4092,2026-10-07T13:54:51Z,265
2026-10-07T18:20:50Z,4093,2026-10-07T16:28:28Z,112
2026-10-07T18:20:50Z,4094,2026-10-06T11:36:28Z,1844
2026-10-07T18:20:50Z,4095,2026-08-18T06:34:04Z,72706
2026-10-07T18:20:50Z,4096,2026-08-18T06:02:25Z,72738
2026-10-07T18:20:50Z,4097,2026-08-18T06:46:24Z,72694
2026-10-07T18:20:50Z,4099,2026-10-07T15:58:59Z,141
2026-10-07T18:20:50Z,4100,2026-10-07T18:15:06Z,5
2026-10-07T18:20:50Z,4101,2026-10-07T15:58:56Z,141
2026-10-07T18:20:50Z,4102,2026-10-07T15:58:57Z,141
2026-10-07T18:20:50Z,4103,2026-10-07T15:58:58Z,141
2026-10-07T18:20:50Z,4104,2026-10-07T15:59:00Z,141
2026-10-07T18:20:50Z,4105,2026-10-07T15:53:38Z,147
2026-10-07T18:20:50Z,4106,2026-10-07T15:58:52Z,141
2026-10-07T18:20:50Z,4108,2026-10-07T15:58:53Z,141
2026-10-07T18:20:50Z,4109,2026-10-07T18:15:05Z,5
2026-10-07T18:20:50Z,4110,2026-04-14T12:24:37Z,253796
2026-10-07T18:20:50Z,4111,2026-10-07T18:08:29Z,12
2026-10-07T18:20:50Z,4113,2026-03-06T07:58:24Z,310222
2026-10-07T18:20:50Z,4114,2026-10-07T15:59:05Z,141
2026-10-07T18:20:50Z,4115,2026-10-07T15:59:16Z,141
2026-10-07T18:20:50Z,4117,2026-10-07T18:15:06Z,5
2026-10-07T18:20:50Z,4118,2026-10-07T15:58:54Z,141
2026-10-07T18:20:50Z,4119,2026-10-07T15:58:53Z,141
2026-10-07T18:20:50Z,4121,2026-10-07T17:45:06Z,35
2026-10-07T18:20:50Z,4122,2026-10-07T18:08:28Z,12
2026-10-07T18:20:50Z,4123,2026-10-07T16:47:29Z,93
2026-10-07T18:20:50Z,4124,2026-10-07T15:21:42Z,179
2026-10-07T18:20:50Z,4125,2026-10-07T14:07:17Z,253
2026-10-07T18:20:50Z,4126,2026-10-07T13:47:18Z,273
2026-10-07T18:20:50Z,4127,2026-10-07T14:54:08Z,206
2026-10-07T18:20:50Z,4128,2026-10-07T18:12:01Z,8
2026-10-07T18:20:50Z,4129,2026-10-07T18:12:01Z,8
2026-10-07T18:20:50Z,4130,2026-10-07T18:12:47Z,8
2026-10-07T18:20:50Z,4131,2026-10-07T18:11:17Z,9
2026-10-07T18:20:50Z,4132,2026-10-07T18:01:52Z,18
2026-10-07T18:20:50Z,4133,2026-10-07T17:51:34Z,29
2026-10-07T18:20:50Z,4134,2026-10-07T18:15:05Z,5
2026-10-07T18:20:50Z,4136,2026-10-07T13:59:43Z,261
2026-10-07T18:20:50Z,4137,2026-10-07T14:16:45Z,244
2026-10-07T18:20:50Z,4138,2026-10-07T16:22:34Z,118
2026-10-07T18:20:50Z,4141,2026-10-07T18:06:14Z,14
2026-10-07T18:20:50Z,4142,2026-10-07T09:55:18Z,505
2026-10-07T18:20:50Z,4145,2026-10-07T06:50:10Z,690
2026-10-07T18:20:50Z,4146,2026-10-07T17:51:48Z,29
2026-10-07T18:20:50Z,4147,2026-10-07T15:58:53Z,141
2026-10-07T18:20:50Z,4148,2026-10-07T15:59:01Z,141
2026-10-07T18:20:50Z,4149,2026-10-07T15:59:01Z,141
2026-10-07T18:20:50Z,4150,2026-10-07T15:59:00Z,141
2026-10-07T18:20:50Z,4151,2026-10-07T15:58:59Z,141
2026-10-07T18:20:50Z,4152,2026-10-07T15:58:54Z,141
2026-10-07T18:20:50Z,4153,2026-10-07T17:23:30Z,57
2026-10-07T18:20:50Z,4155,2026-10-07T14:30:55Z,229
2026-10-07T18:20:50Z,4156,2026-10-07T17:28:01Z,52
2026-10-07T18:20:50Z,4157,2026-10-07T18:09:44Z,11
2026-10-07T18:20:50Z,4158,2026-10-04T16:13:52Z,4446
2026-10-07T18:20:50Z,4159,2026-10-07T10:56:58Z,443
2026-10-07T18:20:50Z,4160,2026-10-07T09:36:29Z,524
2026-10-07T18:20:50Z,4161,2026-10-06T19:10:44Z,1390
2026-10-07T18:20:50Z,4162,2026-10-07T17:49:39Z,31
2026-10-07T18:20:50Z,4163,2026-10-07T17:49:30Z,31
2026-10-07T18:20:50Z,4165,2026-10-07T15:40:13Z,160
2026-10-07T18:20:50Z,4166,2026-10-07T18:14:54Z,5
2026-10-07T18:20:50Z,4167,2026-10-07T09:13:25Z,547
2026-10-07T18:20:50Z,4168,2026-10-06T19:10:45Z,1390
2026-10-07T18:20:50Z,4169,2026-10-07T18:15:09Z,5
2026-10-07T18:20:50Z,4170,2026-10-07T15:58:53Z,141
2026-10-07T18:20:50Z,4171,2026-10-07T15:41:20Z,159
2026-10-07T18:20:50Z,4172,2026-10-07T18:15:09Z,5
2026-10-07T18:20:50Z,4173,2026-10-07T13:55:38Z,265
2026-10-07T18:20:50Z,4174,2026-10-07T15:59:00Z,141
2026-10-07T18:20:50Z,4175,2026-10-07T15:59:01Z,141
2026-10-07T18:20:50Z,4176,2026-10-07T18:15:09Z,5
2026-10-07T18:20:50Z,4177,2026-10-07T15:58:57Z,141
2026-10-07T18:20:50Z,4178,2026-10-07T18:15:06Z,5
2026-10-07T18:20:50Z,4179,2026-10-07T15:59:17Z,141
2026-10-07T18:20:50Z,4180,2026-10-07T15:58:54Z,141
2026-10-07T18:20:50Z,4181,2026-10-07T15:58:53Z,141
2026-10-07T18:20:50Z,4182,2026-10-07T15:59:06Z,141
2026-10-07T18:20:50Z,4183,2026-10-07T15:58:53Z,141
2026-10-07T18:20:50Z,4184,2026-10-07T15:58:53Z,141
2026-10-07T18:20:50Z,4185,2026-10-07T15:58:53Z,141
2026-10-07T18:20:50Z,4186,2026-10-07T18:15:09Z,5
2026-10-07T18:20:50Z,4187,2026-10-07T15:58:53Z,141
2026-10-07T18:20:50Z,4188,2026-10-07T15:59:17Z,141
2026-10-07T18:20:50Z,4189,2026-10-07T18:15:08Z,5
2026-10-07T18:20:50Z,4190,2026-10-07T15:58:54Z,141
2026-10-07T18:20:50Z,4191,2026-10-07T18:15:08Z,5
2026-10-07T18:20:50Z,4192,2026-08-26T02:53:10Z,61407
2026-10-07T18:20:50Z,4193,2026-08-25T03:01:06Z,62839
2026-10-07T18:20:50Z,4194,2026-10-07T18:15:06Z,5
2026-10-07T18:20:50Z,4195,2026-10-07T15:59:11Z,141
2026-10-07T18:20:50Z,4196,2026-10-07T18:15:08Z,5
2026-10-07T18:20:50Z,4197,2026-10-04T00:04:44Z,5416
2026-10-07T18:20:50Z,4198,2026-10-07T18:15:07Z,5
2026-10-07T18:20:50Z,4199,2026-10-07T18:15:07Z,5
2026-10-07T18:20:50Z,4200,2026-07-02T01:31:27Z,140689
2026-10-07T18:20:50Z,4201,2026-10-07T15:58:54Z,141
2026-10-07T18:20:50Z,4202,2026-10-07T15:58:53Z,141
2026-10-07T18:20:50Z,4203,2026-10-07T15:58:55Z,141
2026-10-07T18:20:50Z,4204,2026-10-07T15:58:55Z,141
2026-10-07T18:20:50Z,4205,2026-10-07T16:01:01Z,139
2026-10-07T18:20:50Z,4206,2026-10-07T15:58:54Z,141
2026-10-07T18:20:50Z,4207,2026-10-07T15:58:54Z,141
2026-10-07T18:20:50Z,4208,2026-10-07T15:59:13Z,141
2026-10-07T18:20:50Z,4209,2026-10-07T15:58:54Z,141
2026-10-07T18:20:50Z,4210,2026-10-07T15:58:54Z,141
2026-10-07T18:20:50Z,4211,2026-10-07T15:59:59Z,140
2026-10-07T18:20:50Z,4212,2026-10-07T18:15:07Z,5
2026-10-07T18:20:50Z,4213,2026-10-07T15:58:53Z,141
2026-10-07T18:20:50Z,4214,2026-10-07T15:59:10Z,141
2026-10-07T18:20:50Z,4216,2026-10-07T15:58:52Z,141
2026-10-07T18:20:50Z,4217,2026-10-07T15:58:53Z,141
2026-10-07T18:20:50Z,4218,2026-10-07T16:07:12Z,133
2026-10-07T18:20:50Z,4220,2026-10-07T15:58:53Z,141
2026-10-07T18:20:50Z,4221,2026-10-07T15:58:53Z,141
2026-10-07T18:20:50Z,4222,2026-10-07T15:58:53Z,141
2026-10-07T18:20:50Z,4223,2026-10-07T18:15:10Z,5
2026-10-07T18:20:50Z,4224,2026-10-07T15:58:54Z,141
2026-10-07T18:20:50Z,4225,2026-10-07T15:58:54Z,141
2026-10-07T18:20:50Z,4231,2026-10-07T15:58:56Z,141
2026-10-07T18:20:50Z,4233,2026-10-07T18:15:03Z,5
2026-10-07T18:20:50Z,4234,2026-10-07T18:15:06Z,5
2026-10-07T18:20:50Z,4235,2026-10-07T18:15:18Z,5
2026-10-07T18:20:50Z,4236,2026-10-07T16:30:27Z,110
2026-10-07T18:20:50Z,4237,2026-10-07T10:17:57Z,482
2026-10-07T18:20:50Z,4238,2026-10-07T16:22:41Z,118
2026-10-07T18:20:50Z,4239,2026-10-07T16:11:46Z,129
2026-10-07T18:20:50Z,4240,2026-10-07T17:06:34Z,74
2026-10-07T18:20:50Z,4241,2026-08-19T05:17:18Z,71343
2026-10-07T18:20:50Z,4242,2026-10-07T03:35:23Z,885
2026-10-07T18:20:50Z,4243,2026-10-07T15:58:53Z,141
2026-10-07T18:20:50Z,4244,2026-10-07T15:58:53Z,141
2026-10-07T18:20:50Z,4245,2025-09-09T08:04:42Z,566536
2026-10-07T18:20:50Z,4246,2026-10-07T18:15:07Z,5
2026-10-07T18:20:50Z,4247,2026-10-07T15:58:53Z,141
2026-10-07T18:20:50Z,4248,2026-10-07T15:58:54Z,141
2026-10-07T18:20:50Z,4249,2026-10-07T15:58:52Z,141
2026-10-07T18:20:50Z,4250,2026-10-07T17:03:04Z,77
2026-10-07T18:20:50Z,4251,2026-10-07T15:59:12Z,141
2026-10-07T18:20:50Z,4252,2026-10-07T16:01:27Z,139
2026-10-07T18:20:50Z,4253,2026-10-07T15:58:54Z,141
2026-10-07T18:20:50Z,4254,2026-10-07T15:58:54Z,141
2026-10-07T18:20:50Z,4255,2025-09-09T08:04:42Z,566536
2026-10-07T18:20:50Z,4256,2025-09-09T08:04:42Z,566536
2026-10-07T18:20:50Z,4257,2025-09-09T08:04:42Z,566536
2026-10-07T18:20:50Z,4258,2026-10-07T18:15:10Z,5
2026-10-07T18:20:50Z,4259,2026-10-07T15:59:12Z,141
2026-10-07T18:20:50Z,4260,2026-10-07T18:15:08Z,5
2026-10-07T18:20:50Z,4261,2026-10-07T16:48:00Z,92
2026-10-07T18:20:50Z,4262,2026-10-07T15:58:52Z,141
2026-10-07T18:20:50Z,4263,2026-10-07T15:58:52Z,141
2026-10-07T18:20:50Z,4264,2026-10-07T15:58:53Z,141
2026-10-07T18:20:50Z,4265,2026-10-07T15:58:52Z,141
2026-10-07T18:20:50Z,4266,2026-10-07T15:58:53Z,141
2026-10-07T18:20:50Z,4267,2026-09-23T06:04:27Z,20896
2026-10-07T18:20:50Z,4268,2026-10-07T13:56:28Z,264
2026-10-07T18:20:50Z,4270,2026-10-07T15:58:52Z,141
2026-10-07T18:20:50Z,4271,2026-10-07T17:28:53Z,51
2026-10-07T18:20:50Z,4272,2026-10-07T15:58:52Z,141
2026-10-07T18:20:50Z,4273,2026-10-07T15:58:52Z,141
2026-10-07T18:20:50Z,4274,2026-10-07T10:20:11Z,480
2026-10-07T18:20:50Z,4275,2026-10-07T16:24:11Z,116
2026-10-07T18:20:50Z,4277,2026-10-07T17:49:39Z,31
2026-10-07T18:20:50Z,4278,2026-10-07T18:13:25Z,7
2026-10-07T18:20:50Z,4279,2026-10-07T18:10:12Z,10
2026-10-07T18:20:50Z,4280,2026-10-07T17:00:19Z,80
2026-10-07T18:20:50Z,4281,2026-10-07T12:22:19Z,358
2026-10-07T18:20:50Z,4282,2026-10-07T17:35:51Z,44
2026-10-07T18:20:50Z,4283,2026-10-07T18:10:47Z,10
2026-10-07T18:20:50Z,4284,2026-10-05T11:01:16Z,3319
2026-10-07T18:20:50Z,4285,2026-10-07T17:34:33Z,46
2026-10-07T18:20:50Z,4286,2026-10-07T16:16:35Z,124
2026-10-07T18:20:50Z,4287,2026-10-07T15:58:53Z,141
2026-10-07T18:20:50Z,4288,2026-10-07T15:58:53Z,141
2026-10-07T18:20:50Z,4289,2026-10-07T15:58:54Z,141
2026-10-07T18:20:50Z,4290,2026-10-07T15:58:54Z,141
2026-10-07T18:20:50Z,4291,2025-09-09T08:04:42Z,566536
2026-10-07T18:20:50Z,4292,2026-10-07T18:15:09Z,5
2026-10-07T18:20:50Z,4293,2026-10-07T15:58:54Z,141
2026-10-07T18:20:50Z,4294,2026-10-07T15:58:54Z,141
2026-10-07T18:20:50Z,4295,2026-08-12T02:28:09Z,81592
2026-10-07T18:20:50Z,4296,2026-10-07T18:15:17Z,5
2026-10-07T18:20:50Z,4297,2026-10-07T18:15:17Z,5
2026-10-07T18:20:50Z,4298,2026-10-07T17:07:07Z,73
2026-10-07T18:20:50Z,4299,2026-10-07T18:15:19Z,5
2026-10-07T18:20:50Z,4300,2026-10-07T16:04:04Z,136
2026-10-07T18:20:50Z,4301,2026-10-07T18:15:10Z,5
2026-10-07T18:20:50Z,4302,2026-10-07T15:58:53Z,141
2026-10-07T18:20:50Z,4303,2026-10-07T18:01:59Z,18
2026-10-07T18:20:50Z,4304,2026-10-07T03:53:43Z,867
2026-10-07T18:20:50Z,4305,2026-10-07T15:58:46Z,142
2026-10-07T18:20:50Z,4306,2026-10-07T15:58:59Z,141
2026-10-07T18:20:50Z,4307,2026-10-07T15:58:57Z,141
2026-10-07T18:20:50Z,4308,2026-10-07T15:54:39Z,146
2026-10-07T18:20:50Z,4309,2026-10-06T04:29:22Z,2271
2026-10-07T18:20:50Z,4310,2026-10-07T15:58:53Z,141
2026-10-07T18:20:50Z,4311,2026-10-07T13:57:35Z,263
2026-10-07T18:20:50Z,4312,2026-10-07T13:57:36Z,263
2026-10-07T18:20:50Z,4313,2026-10-07T13:57:36Z,263
2026-10-07T18:20:50Z,4315,2026-10-07T17:47:09Z,33
2026-10-07T18:20:50Z,4316,2026-10-06T19:10:51Z,1389
2026-10-07T18:20:50Z,4317,2026-10-07T17:51:18Z,29
2026-10-07T18:20:50Z,4318,2026-09-29T10:14:55Z,12005
2026-10-07T18:20:50Z,4319,2026-10-07T14:46:58Z,213
2026-10-07T18:20:50Z,4320,2026-10-07T13:58:00Z,262
2026-10-07T18:20:50Z,4321,2026-10-06T14:42:24Z,1658
2026-10-07T18:20:50Z,4322,2026-08-27T10:04:36Z,59536
2026-10-07T18:20:50Z,4323,2026-10-07T15:57:27Z,143
2026-10-07T18:20:50Z,4324,2026-10-07T13:56:27Z,264
2026-10-07T18:20:50Z,4326,2026-09-29T08:57:14Z,12083
2026-10-07T18:20:50Z,4327,2026-10-07T15:58:52Z,141
2026-10-07T18:20:50Z,4328,2026-10-06T19:10:56Z,1389
2026-10-07T18:20:50Z,4331,2026-10-07T15:47:06Z,153
2026-10-07T18:20:50Z,4332,2026-10-07T13:58:15Z,262
2026-10-07T18:20:50Z,4333,2026-10-06T19:10:57Z,1389
2026-10-07T18:20:50Z,4334,2026-10-07T13:05:24Z,315
2026-10-07T18:20:50Z,4335,2025-09-23T08:51:12Z,546329
2026-10-07T18:20:50Z,4336,2026-10-07T18:15:07Z,5
2026-10-07T18:20:50Z,4337,2026-10-07T15:58:54Z,141
2026-10-07T18:20:50Z,4338,2026-10-07T15:59:01Z,141
2026-10-07T18:20:50Z,4339,2026-10-07T13:58:22Z,262
2026-10-07T18:20:50Z,4340,2026-10-06T19:10:58Z,1389
2026-10-07T18:20:50Z,4341,2026-10-06T19:10:58Z,1389
2026-10-07T18:20:50Z,4342,2026-10-06T19:10:58Z,1389
2026-10-07T18:20:50Z,4343,2026-10-06T19:10:59Z,1389
2026-10-07T18:20:50Z,4344,2026-10-06T19:10:59Z,1389
2026-10-07T18:20:50Z,4345,2026-10-06T19:10:59Z,1389
2026-10-07T18:20:50Z,4346,2026-10-06T19:10:59Z,1389
2026-10-07T18:20:50Z,4347,2026-10-07T07:01:32Z,679
2026-10-07T18:20:50Z,4348,2026-10-06T19:11:00Z,1389
2026-10-07T18:20:50Z,4349,2026-10-07T18:15:05Z,5
2026-10-07T18:20:50Z,4352,2026-10-07T17:27:17Z,53
2026-10-07T18:20:50Z,4353,2026-10-07T14:24:12Z,236
2026-10-07T18:20:50Z,4354,2026-10-06T19:11:01Z,1389
2026-10-07T18:20:50Z,4355,2026-10-07T14:31:59Z,228
2026-10-07T18:20:50Z,4360,2026-10-07T15:09:53Z,190
2026-10-07T18:20:50Z,4363,2026-10-07T13:59:01Z,261
2026-10-07T18:20:50Z,4366,2026-10-07T17:47:36Z,33
2026-10-07T18:20:50Z,4367,2026-10-07T13:59:07Z,261
2026-10-07T18:20:50Z,4368,2026-10-06T19:11:05Z,1389
2026-10-07T18:20:50Z,4369,2026-10-06T19:11:05Z,1389
2026-10-07T18:20:50Z,4370,2026-10-07T16:46:49Z,94
2026-10-07T18:20:50Z,4373,2026-10-07T16:00:57Z,139
2026-10-07T18:20:50Z,4374,2026-10-07T18:09:48Z,11
2026-10-07T18:20:50Z,4375,2026-10-07T16:49:45Z,91
2026-10-07T18:20:50Z,4376,2026-10-07T16:59:13Z,81
2026-10-07T18:20:50Z,4377,2026-10-07T17:05:39Z,75
2026-10-07T18:20:50Z,4378,2026-10-07T16:34:22Z,106
2026-10-07T18:20:50Z,4379,2026-10-06T19:11:06Z,1389
2026-10-07T18:20:50Z,4380,2026-10-07T13:59:38Z,261
2026-10-07T18:20:50Z,4382,2026-10-07T16:54:18Z,86
2026-10-07T18:20:50Z,4383,2026-10-07T06:47:14Z,693
2026-10-07T18:20:50Z,4571,2026-10-06T19:11:08Z,1389
2026-10-07T18:20:50Z,4572,2026-10-07T15:58:59Z,141
2026-10-07T18:20:50Z,4574,2026-10-06T21:32:23Z,1248
2026-10-07T18:20:50Z,4575,2024-10-07T08:55:34Z,1051765
2026-10-07T18:20:50Z,4577,2026-10-07T14:13:56Z,246
2026-10-07T18:20:50Z,4578,2026-10-07T18:15:05Z,5
2026-10-07T18:20:50Z,4579,2026-10-07T17:51:13Z,29
2026-10-07T18:20:50Z,4580,2026-10-06T19:11:09Z,1389
2026-10-07T18:20:50Z,4581,2026-10-07T13:38:00Z,282
2026-10-07T18:20:50Z,4582,2026-10-07T17:05:24Z,75
2026-10-07T18:20:50Z,4584,2026-10-07T14:50:59Z,209
2026-10-07T18:20:50Z,4585,2026-10-06T19:11:10Z,1389
2026-10-07T18:20:50Z,4587,2026-10-06T21:00:58Z,1279
2026-10-07T18:20:50Z,4588,2026-10-06T21:00:39Z,1280
2026-10-07T18:20:50Z,4589,2026-10-07T18:15:03Z,5
2026-10-07T18:20:50Z,4590,2026-10-07T18:15:03Z,5
2026-10-07T18:20:50Z,4591,2026-10-07T18:15:03Z,5
2026-10-07T18:20:50Z,4593,2026-10-07T18:15:03Z,5
2026-10-07T18:20:50Z,4594,2026-10-07T18:15:03Z,5
2026-10-07T18:20:50Z,4595,2026-10-07T18:15:03Z,5
2026-10-07T18:20:50Z,4596,2026-10-07T18:15:03Z,5
2026-10-07T18:20:50Z,4597,2026-10-07T18:15:03Z,5
2026-10-07T18:20:50Z,4598,2026-10-07T18:15:03Z,5
2026-10-07T18:20:50Z,4599,2026-10-07T18:15:03Z,5
2026-10-07T18:20:50Z,4602,2026-10-07T18:15:03Z,5
2026-10-07T18:20:50Z,4687,2026-10-07T18:15:03Z,5
2026-10-07T18:20:50Z,4688,2026-10-07T18:15:03Z,5
2026-10-07T18:20:50Z,4689,2026-10-07T18:15:03Z,5
2026-10-07T18:20:50Z,4690,2026-10-07T18:15:03Z,5
2026-10-07T18:20:50Z,4702,2026-10-07T18:15:03Z,5
2026-10-07T18:20:50Z,4776,2026-10-07T18:15:03Z,5
2026-10-07T18:20:50Z,4777,2026-10-07T18:15:03Z,5
2026-10-07T18:20:50Z,4779,2026-10-07T18:15:03Z,5
2026-10-07T18:20:50Z,4780,2026-10-07T18:15:03Z,5
2026-10-07T18:20:50Z,4782,2026-10-07T18:15:03Z,5
2026-10-07T18:20:50Z,4784,2026-10-07T18:15:03Z,5
2026-10-07T18:20:50Z,4785,2026-10-07T18:15:03Z,5
2026-10-07T18:20:50Z,4786,2026-10-07T18:15:03Z,5
2026-10-07T18:20:50Z,4787,2026-10-07T18:15:03Z,5
2026-10-07T18:20:50Z,4788,2026-10-07T18:15:03Z,5
2026-10-07T18:20:50Z,4789,2026-10-07T18:15:03Z,5
2026-10-07T18:20:50Z,4790,2026-10-07T18:15:03Z,5
2026-10-07T18:20:50Z,4791,2026-10-07T18:15:03Z,5
2026-10-07T18:20:50Z,4792,2026-10-07T18:15:03Z,5
2026-10-07T18:20:50Z,4793,2026-10-07T18:15:03Z,5
2026-10-07T18:20:50Z,4794,2026-10-07T18:15:03Z,5
2026-10-07T18:20:50Z,4795,2026-10-07T18:15:03Z,5
2026-10-07T18:20:50Z,4796,2026-10-07T18:15:03Z,5
2026-10-07T18:20:50Z,4797,2026-10-07T18:15:03Z,5
2026-10-07T18:20:50Z,4798,2026-10-07T18:15:03Z,5
2026-10-07T18:20:50Z,4799,2026-10-07T18:15:03Z,5
2026-10-07T18:20:50Z,4800,2026-10-07T18:15:03Z,5
2026-10-07T18:20:50Z,4801,2026-10-07T18:15:03Z,5
2026-10-07T18:20:50Z,4804,2026-10-07T18:15:03Z,5
2026-10-07T18:20:50Z,4806,2026-10-07T18:15:03Z,5
2026-10-07T18:20:50Z,4807,2026-10-07T18:15:03Z,5
2026-10-07T18:20:50Z,4808,2026-10-07T18:15:03Z,5
2026-10-07T18:20:50Z,4809,2026-10-06T21:02:34Z,1278
2026-10-07T18:20:50Z,4810,2026-10-06T21:00:43Z,1280
2026-10-07T18:20:50Z,4811,2026-10-06T19:11:12Z,1389
2026-10-07T18:20:50Z,4812,2026-10-06T19:11:12Z,1389
2026-10-07T18:20:50Z,4813,2026-10-07T18:09:33Z,11
2026-10-07T18:20:50Z,4814,2026-10-07T10:47:53Z,452
2026-10-07T18:20:50Z,4816,2026-10-07T15:59:24Z,141
2026-10-07T18:20:50Z,4817,2026-10-07T15:58:54Z,141
2026-10-07T18:20:50Z,4818,2026-10-07T15:59:01Z,141
2026-10-07T18:20:50Z,4819,2026-10-07T15:59:00Z,141
2026-10-07T18:20:50Z,4820,2026-10-07T15:58:59Z,141
2026-10-07T18:20:50Z,4821,2026-10-07T18:14:54Z,5
2026-10-07T18:20:50Z,4822,2026-10-07T18:05:15Z,15
2026-10-07T18:20:50Z,4823,2026-10-07T15:59:15Z,141
2026-10-07T18:20:50Z,4824,2026-10-07T18:15:09Z,5
2026-10-07T18:20:50Z,4825,2026-10-07T17:25:08Z,55
2026-10-07T18:20:50Z,4826,2026-10-07T16:22:28Z,118
2026-10-07T18:20:50Z,4829,2026-10-07T12:26:38Z,354
2026-10-07T18:20:50Z,4830,2026-10-07T18:15:03Z,5
2026-10-07T18:20:50Z,4832,2026-10-07T18:11:00Z,9
2026-10-07T18:20:50Z,4833,2026-10-07T10:34:53Z,465
2026-10-07T18:20:50Z,4834,2026-10-07T11:29:44Z,411
2026-10-07T18:20:50Z,4837,2026-10-07T18:15:03Z,5
2026-10-07T18:20:50Z,4838,2026-10-07T18:15:03Z,5
2026-10-07T18:20:50Z,4839,2026-10-06T21:00:46Z,1280
2026-10-07T18:20:50Z,4840,2026-10-05T05:02:16Z,3678
2026-10-07T18:20:50Z,4841,2026-10-05T05:02:25Z,3678
2026-10-07T18:20:50Z,4842,2026-10-05T05:02:16Z,3678
2026-10-07T18:20:50Z,4843,2026-10-05T05:02:25Z,3678
2026-10-07T18:20:50Z,4844,2026-10-05T05:02:04Z,3678
2026-10-07T18:20:50Z,4845,2026-10-07T14:09:51Z,250
2026-10-07T18:20:50Z,4847,2026-10-07T18:15:03Z,5
2026-10-07T18:20:50Z,4848,2026-10-07T18:15:03Z,5
2026-10-07T18:20:50Z,4849,2026-10-07T03:26:09Z,894
2026-10-07T18:20:50Z,4850,2026-10-07T17:59:29Z,21
2026-10-07T18:20:50Z,4851,2026-10-07T11:19:56Z,420
2026-10-07T18:20:50Z,4852,2026-10-07T11:23:04Z,417
2026-10-07T18:20:50Z,4853,2026-10-07T05:19:24Z,781
2026-10-07T18:20:50Z,4854,2026-10-07T11:21:42Z,419
2026-10-07T18:20:50Z,4855,2026-10-07T11:23:03Z,417
2026-10-07T18:20:50Z,4856,2026-10-07T17:54:09Z,26
2026-10-07T18:20:50Z,4857,2026-10-07T11:24:30Z,416
2026-10-07T18:20:50Z,4858,2026-10-07T03:50:52Z,869
2026-10-07T18:20:50Z,4859,2026-10-07T14:14:30Z,246
2026-10-07T18:20:50Z,4860,2026-10-06T19:11:15Z,1389
2026-10-07T18:20:50Z,4861,2026-10-07T14:10:02Z,250
2026-10-07T18:20:50Z,5805,2026-10-07T13:59:45Z,261
2026-10-07T18:20:50Z,5806,2026-10-06T21:01:17Z,1279
2026-10-07T18:20:50Z,5807,2026-10-07T16:32:53Z,107
2026-10-07T18:20:50Z,5808,2026-10-07T11:57:22Z,383
2026-10-07T18:20:50Z,5809,2026-10-07T17:34:30Z,46
2026-10-07T18:20:50Z,5810,2026-10-06T10:40:18Z,1900
2026-10-07T18:20:50Z,6797,2026-10-07T18:15:03Z,5
2026-10-07T18:20:50Z,6798,2026-10-07T18:15:03Z,5
2026-10-07T18:20:50Z,6799,2026-10-07T18:15:03Z,5
2026-10-07T18:20:50Z,6800,2026-10-07T18:15:03Z,5
2026-10-07T18:20:50Z,6801,2026-10-07T18:15:03Z,5
2026-10-07T18:20:50Z,6802,2026-10-07T18:15:03Z,5
2026-10-07T18:20:50Z,6803,2026-10-07T18:15:03Z,5
2026-10-07T18:20:50Z,6804,2026-10-07T18:15:03Z,5
2026-10-07T18:20:50Z,6812,2026-10-07T18:15:03Z,5
2026-10-07T18:20:50Z,6814,2026-10-07T18:15:03Z,5
2026-10-07T18:20:50Z,6815,2026-10-07T13:59:36Z,261
2026-10-07T18:20:50Z,6817,2026-10-07T18:15:03Z,5
2026-10-07T18:20:50Z,6818,2026-10-07T18:15:03Z,5
2026-10-07T18:20:50Z,6819,2026-10-07T18:15:03Z,5
2026-10-07T18:20:50Z,6820,2026-10-07T18:15:03Z,5
2026-10-07T18:20:50Z,6821,2026-10-07T18:15:03Z,5
2026-10-07T18:20:50Z,6822,2026-10-07T18:15:03Z,5
2026-10-07T18:20:50Z,6823,2026-10-07T18:15:03Z,5
2026-10-07T18:20:50Z,6825,2026-10-07T18:15:03Z,5
2026-10-07T18:20:50Z,6826,2026-10-07T18:15:03Z,5
2026-10-07T18:20:50Z,6827,2026-10-07T18:15:03Z,5
2026-10-07T18:20:50Z,6828,2026-10-07T15:51:32Z,149
2026-10-07T18:20:50Z,6830,2026-10-07T18:15:03Z,5
2026-10-07T18:20:50Z,6831,2026-10-07T18:15:03Z,5
2026-10-07T18:20:50Z,6832,2026-10-07T18:15:03Z,5
2026-10-07T18:20:50Z,6833,2026-10-07T18:15:03Z,5
2026-10-07T18:20:50Z,6834,2026-10-07T18:15:03Z,5
2026-10-07T18:20:50Z,6835,2026-10-07T18:04:26Z,16
2026-10-07T18:20:50Z,6837,2026-10-07T18:04:14Z,16
2026-10-07T18:20:50Z,6838,2026-10-07T13:51:12Z,269
2026-10-07T18:20:50Z,6839,2026-10-07T12:04:41Z,376
2026-10-07T18:20:50Z,6841,2026-10-07T18:15:03Z,5
2026-10-07T18:20:50Z,6845,2026-10-07T15:46:03Z,154
2026-10-07T18:20:50Z,6847,2026-10-07T18:15:03Z,5
2026-10-07T18:20:50Z,6849,2026-10-07T18:15:03Z,5
2026-10-07T18:20:50Z,6850,2026-10-07T13:24:44Z,296
2026-10-07T18:20:50Z,6853,2026-10-07T03:21:48Z,899
2026-10-07T18:20:50Z,6855,2026-10-07T17:11:50Z,69
2026-10-07T18:20:50Z,6856,2026-10-07T14:10:42Z,250
2026-10-07T18:20:50Z,6857,2026-10-07T14:23:22Z,237
2026-10-07T18:20:50Z,6858,2026-10-05T04:28:55Z,3711
2026-10-07T18:20:50Z,6860,2026-10-07T15:58:54Z,141
2026-10-07T18:20:50Z,6862,2026-10-07T18:15:06Z,5
2026-10-07T18:20:50Z,6864,2026-10-07T17:26:13Z,54
2026-10-07T18:20:50Z,14360,2026-10-07T18:15:03Z,5
2026-10-07T18:20:50Z,14368,2026-10-07T06:37:59Z,702
2026-10-07T18:20:50Z,14369,2026-10-07T18:14:35Z,6
2026-10-07T18:20:50Z,14370,2026-10-07T17:12:00Z,68
2026-10-07T18:20:50Z,14371,2026-10-07T15:33:45Z,167
2026-10-07T18:20:50Z,14372,2026-10-07T15:59:01Z,141
2026-10-07T18:20:50Z,14374,2026-09-29T16:11:14Z,11649
2026-10-07T18:20:50Z,14375,2026-10-01T18:03:22Z,8657
2026-10-07T18:20:50Z,14376,2026-10-07T14:56:09Z,204
2026-10-07T18:20:50Z,14403,2026-10-07T14:11:01Z,249
2026-10-07T18:20:50Z,14404,2026-10-07T18:15:03Z,5
2026-10-07T18:20:50Z,14405,2026-09-12T15:14:13Z,36186
2026-10-07T18:20:50Z,14406,2026-10-07T12:00:51Z,379
2026-10-07T18:20:50Z,14407,2026-09-18T16:52:05Z,27448
2026-10-07T18:20:50Z,14408,2026-09-26T14:42:06Z,16058
2026-10-07T18:20:50Z,14409,2026-10-07T18:02:31Z,18
2026-10-07T18:20:50Z,14410,2026-10-07T14:09:18Z,251
2026-10-07T18:20:50Z,14411,2026-10-07T18:15:03Z,5
2026-10-07T18:20:50Z,14412,2026-10-07T18:15:03Z,5
2026-10-07T18:20:50Z,14413,2026-10-07T18:15:03Z,5
2026-10-07T18:20:50Z,14414,2026-10-07T18:15:03Z,5
2026-10-07T18:20:50Z,14415,2026-10-07T18:15:03Z,5
2026-10-07T18:20:50Z,14416,2026-10-07T12:00:50Z,380
2026-10-07T18:20:50Z,14417,2026-10-07T18:15:03Z,5
2026-10-07T18:20:50Z,14418,2026-10-07T17:00:54Z,79
2026-10-07T18:20:50Z,14419,2026-10-07T15:25:35Z,175
2026-10-07T18:20:50Z,14420,2026-10-07T14:41:26Z,219
2026-10-07T18:20:50Z,14422,2026-10-07T18:15:03Z,5
2026-10-07T18:20:50Z,14423,2026-10-07T18:15:03Z,5
2026-10-07T18:20:50Z,14424,2026-10-07T18:10:06Z,10
2026-10-07T18:20:50Z,14427,2026-10-07T18:15:03Z,5
2026-10-07T18:20:50Z,14445,2026-10-07T18:15:03Z,5
2026-10-07T18:20:50Z,14446,2026-10-07T18:15:03Z,5
2026-10-07T18:20:50Z,14447,2026-10-07T18:15:03Z,5
2026-10-07T18:20:50Z,14448,2026-10-07T18:15:03Z,5
2026-10-07T18:20:50Z,14449,2026-10-07T15:24:50Z,176
2026-10-07T18:20:50Z,14451,2026-10-07T18:15:03Z,5
2026-10-07T18:20:50Z,14452,2026-10-07T18:15:03Z,5
2026-10-07T18:20:50Z,14453,2026-10-06T17:17:49Z,1503
2026-10-07T18:20:50Z,14454,2026-10-07T13:53:05Z,267
2026-10-07T18:20:50Z,14455,2026-10-07T09:18:06Z,542
2026-10-07T18:20:50Z,14456,2026-10-06T19:11:19Z,1389
2026-10-07T18:20:50Z,14457,2026-10-06T19:11:19Z,1389
2026-10-07T18:20:50Z,14458,2026-10-07T18:15:07Z,5
2026-10-07T18:20:50Z,14460,2025-08-24T21:39:38Z,588761
2026-10-07T18:20:50Z,14461,2026-10-07T15:58:54Z,141
2026-10-07T18:20:50Z,14464,2026-10-07T15:58:53Z,141
2026-10-07T18:20:50Z,14465,2025-08-24T21:39:38Z,588761
2026-10-07T18:20:50Z,14471,2026-10-07T14:26:14Z,234
2026-10-07T18:20:50Z,14473,2026-10-07T16:48:52Z,91
2026-10-07T18:20:50Z,14475,2026-10-07T17:56:00Z,24
2026-10-07T18:20:50Z,14476,2026-10-07T14:54:44Z,206
2026-10-07T18:20:50Z,14477,2026-10-07T18:01:30Z,19
2026-10-07T18:20:50Z,14478,2026-10-07T17:07:55Z,72
2026-10-07T18:20:50Z,14479,2026-10-07T15:25:53Z,174
2026-10-07T18:20:50Z,14480,2026-10-07T13:03:57Z,316
2026-10-07T18:20:50Z,14481,2026-10-07T18:11:08Z,9
2026-10-07T18:20:50Z,14484,2026-10-07T00:05:35Z,1095
2026-10-07T18:20:50Z,14485,2026-10-07T06:05:34Z,735
2026-10-07T18:20:50Z,14486,2026-10-07T16:37:26Z,103
2026-10-07T18:20:50Z,14487,2026-10-06T21:00:47Z,1280
2026-10-07T18:20:50Z,14488,2026-10-06T21:01:00Z,1279
2026-10-07T18:20:50Z,14489,2026-10-07T12:12:33Z,368
2026-10-07T18:20:50Z,14490,2026-10-07T16:37:26Z,103
2026-10-07T18:20:50Z,14498,2026-10-07T18:11:51Z,8
2026-10-07T18:20:50Z,14499,2026-10-07T17:35:29Z,45
2026-10-07T18:20:50Z,14500,2026-10-07T12:53:21Z,327
2026-10-07T18:20:50Z,14502,2026-10-07T16:40:15Z,100
2026-10-07T18:20:50Z,14503,2026-10-07T18:07:13Z,13
2026-10-07T18:20:50Z,14504,2026-10-07T13:33:56Z,286
2026-10-07T18:20:50Z,14506,2026-10-07T14:12:47Z,248
2026-10-07T18:20:50Z,14509,2026-10-07T09:58:03Z,502
2026-10-07T18:20:50Z,14510,2026-10-06T19:11:20Z,1389
2026-10-07T18:20:50Z,14511,2026-10-06T19:11:20Z,1389
2026-10-07T18:20:50Z,14512,2026-10-06T19:11:20Z,1389
2026-10-07T18:20:50Z,14513,2026-10-07T15:58:53Z,141
2026-10-07T18:20:50Z,14515,2026-10-07T18:15:05Z,5
2026-10-07T18:20:50Z,14517,2026-10-07T18:15:05Z,5
2026-10-07T18:20:50Z,14519,2026-10-07T17:29:40Z,51
2026-10-07T18:20:50Z,14521,2026-10-07T13:43:25Z,277
2026-10-07T18:20:50Z,14522,2026-10-07T12:14:00Z,366
2026-10-07T18:20:50Z,14523,2026-10-07T17:23:46Z,57
2026-10-07T18:20:50Z,14525,2026-09-22T10:42:18Z,22058
2026-10-07T18:20:50Z,14526,2026-10-07T18:15:05Z,5
2026-10-07T18:20:50Z,14527,2026-10-07T17:08:02Z,72
2026-10-07T18:20:50Z,14528,2026-10-07T16:57:43Z,83
2026-10-07T18:20:50Z,14529,2026-10-07T10:37:08Z,463
2026-10-07T18:20:50Z,14530,2026-10-07T13:59:36Z,261
2026-10-07T18:20:50Z,14531,2026-10-07T15:06:48Z,194
2026-10-07T18:20:50Z,14532,2026-10-07T18:15:10Z,5
2026-10-07T18:20:50Z,14533,2026-10-07T15:58:52Z,141
2026-10-07T18:20:50Z,14534,2026-10-07T15:59:11Z,141
2026-10-07T18:20:50Z,14535,2026-10-07T15:58:54Z,141
2026-10-07T18:20:50Z,14536,2026-10-07T15:58:53Z,141
2026-10-07T18:20:50Z,14537,2026-10-07T18:15:03Z,5
2026-10-07T18:20:50Z,15365,2026-10-07T11:20:56Z,419
2026-10-07T18:20:50Z,15366,2026-10-07T11:24:29Z,416
2026-10-07T18:20:50Z,15367,2026-10-07T14:14:42Z,246
2026-10-07T18:20:50Z,15368,2026-10-07T05:48:15Z,752
2026-10-07T18:20:50Z,15369,2026-10-07T18:06:57Z,13
2026-10-07T18:20:50Z,15370,2026-10-07T12:00:49Z,380
2026-10-07T18:20:50Z,15371,2026-10-07T12:00:48Z,380
2026-10-07T18:20:50Z,15372,2026-10-07T14:14:52Z,245
2026-10-07T18:20:50Z,15373,2026-10-07T15:08:35Z,192
2026-10-07T18:20:50Z,15374,2026-08-11T06:32:23Z,82788
2026-10-07T18:20:50Z,15377,2026-10-07T18:15:05Z,5
2026-10-07T18:20:50Z,15378,2026-10-07T18:15:05Z,5
2026-10-07T18:20:50Z,15379,2026-10-07T15:15:41Z,185
2026-10-07T18:20:50Z,15380,2026-10-06T21:01:04Z,1279
2026-10-07T18:20:50Z,15381,2026-10-07T16:27:32Z,113
2026-10-07T18:20:50Z,15386,2026-10-07T18:07:18Z,13
2026-10-07T18:20:50Z,15387,2026-10-07T18:15:09Z,5
2026-10-07T18:20:50Z,15393,2026-10-07T14:16:02Z,244
2026-10-07T18:20:50Z,15394,2026-10-07T18:15:03Z,5
2026-10-07T18:20:50Z,15395,2026-10-07T16:24:15Z,116
2026-10-07T18:20:50Z,15396,2026-10-07T13:32:51Z,287
2026-10-07T18:20:50Z,15402,2026-10-07T11:52:54Z,387
2026-10-07T18:20:50Z,15403,2026-10-06T19:11:32Z,1389
2026-10-07T18:20:50Z,15404,2026-10-06T23:26:20Z,1134
2026-10-07T18:20:50Z,15405,2026-10-07T18:15:03Z,5
2026-10-07T18:20:50Z,15406,2026-10-07T18:15:03Z,5
2026-10-07T18:20:50Z,15407,2026-10-06T12:06:39Z,1814
2026-10-07T18:20:50Z,15408,2026-10-06T13:49:35Z,1711
2026-10-07T18:20:50Z,15409,2026-10-07T09:07:20Z,553
2026-10-07T18:20:50Z,15410,2026-10-07T10:19:53Z,480
2026-10-07T18:20:50Z,15411,2026-10-06T09:40:31Z,1960
2026-10-07T18:20:50Z,15413,2026-10-07T17:25:44Z,55
2026-10-07T18:20:50Z,15414,2026-10-01T09:45:04Z,9155
2026-10-07T18:20:50Z,15415,2026-10-01T09:45:04Z,9155
2026-10-07T18:20:50Z,15416,2026-10-07T14:23:54Z,236
2026-10-07T18:20:50Z,15418,2026-10-06T19:11:34Z,1389
2026-10-07T18:20:50Z,15419,2026-10-06T19:11:34Z,1389
2026-10-07T18:20:50Z,15420,2026-10-07T14:10:24Z,250
2026-10-07T18:20:50Z,15421,2026-10-07T16:33:01Z,107
2026-10-07T18:20:50Z,15422,2026-10-07T18:15:03Z,5
2026-10-07T18:20:50Z,15423,2026-10-07T15:58:07Z,142
2026-10-07T18:20:50Z,15424,2026-08-22T12:54:02Z,66566
2026-10-07T18:20:50Z,15425,2026-10-05T21:34:47Z,2686
2026-10-07T18:20:50Z,15426,2026-10-06T08:16:32Z,2044
2026-10-07T18:20:50Z,15427,2026-10-07T18:15:03Z,5
2026-10-07T18:20:50Z,15428,2026-10-07T18:15:03Z,5
2026-10-07T18:20:50Z,15429,2026-10-07T18:15:03Z,5
2026-10-07T18:20:50Z,15430,2026-10-07T18:15:03Z,5
2026-10-07T18:20:50Z,15431,2026-10-07T18:15:03Z,5
2026-10-07T18:20:50Z,15432,2026-10-07T18:15:03Z,5
2026-10-07T18:20:50Z,15433,2026-10-07T18:15:03Z,5
2026-10-07T18:20:50Z,15434,2026-10-07T18:15:03Z,5
2026-10-07T18:20:50Z,15435,2026-10-07T18:15:03Z,5
2026-10-07T18:20:50Z,15436,2026-10-07T18:15:03Z,5
2026-10-07T18:20:50Z,15437,2026-10-07T18:15:03Z,5
2026-10-07T18:20:50Z,15438,2026-10-07T18:15:03Z,5
2026-10-07T18:20:50Z,15439,2026-10-07T18:15:03Z,5
2026-10-07T18:20:50Z,15440,2026-10-07T18:15:03Z,5
2026-10-07T18:20:50Z,15441,2026-10-07T18:15:03Z,5
2026-10-07T18:20:50Z,15442,2026-10-07T18:15:03Z,5
2026-10-07T18:20:50Z,15443,2026-10-07T18:15:03Z,5
2026-10-07T18:20:50Z,15444,2026-10-07T18:15:03Z,5
2026-10-07T18:20:50Z,15445,2026-10-07T18:15:03Z,5
2026-10-07T18:20:50Z,15446,2026-10-07T18:15:03Z,5
2026-10-07T18:20:50Z,15447,2026-10-07T18:15:03Z,5
2026-10-07T18:20:50Z,15448,2026-10-07T18:15:03Z,5
2026-10-07T18:20:50Z,15449,2026-10-07T18:15:03Z,5
2026-10-07T18:20:50Z,15450,2026-10-07T18:15:03Z,5
2026-10-07T18:20:50Z,15451,2026-10-07T18:15:03Z,5
2026-10-07T18:20:50Z,15452,2026-10-07T18:15:03Z,5
2026-10-07T18:20:50Z,15453,2026-10-07T18:15:03Z,5
2026-10-07T18:20:50Z,15454,2026-10-07T18:15:03Z,5
2026-10-07T18:20:50Z,15455,2026-10-07T18:15:03Z,5
2026-10-07T18:20:50Z,15456,2026-10-07T18:15:03Z,5
2026-10-07T18:20:50Z,15457,2026-10-07T18:15:03Z,5
2026-10-07T18:20:50Z,15458,2026-10-07T18:15:03Z,5
2026-10-07T18:20:50Z,15459,2026-10-07T18:15:03Z,5
2026-10-07T18:20:50Z,15460,2026-10-07T18:15:03Z,5
2026-10-07T18:20:50Z,15461,2026-10-07T18:15:03Z,5
2026-10-07T18:20:50Z,15462,2026-10-07T18:15:03Z,5
2026-10-07T18:20:50Z,15463,2026-10-07T18:15:03Z,5
2026-10-07T18:20:50Z,15464,2026-10-07T18:15:03Z,5
2026-10-07T18:20:50Z,15465,2026-10-07T18:15:03Z,5
2026-10-07T18:20:50Z,15466,2026-10-07T18:15:03Z,5
2026-10-07T18:20:50Z,15467,2026-10-07T18:15:03Z,5
2026-10-07T18:20:50Z,15468,2026-10-07T18:15:03Z,5
2026-10-07T18:20:50Z,15469,2026-10-07T18:15:03Z,5
2026-10-07T18:20:50Z,15470,2026-10-07T18:15:03Z,5
2026-10-07T18:20:50Z,15471,2026-10-07T18:15:03Z,5
2026-10-07T18:20:50Z,15472,2026-10-07T18:15:03Z,5
2026-10-07T18:20:50Z,15473,2026-10-07T18:15:03Z,5
2026-10-07T18:20:50Z,15474,2026-10-07T18:15:03Z,5
2026-10-07T18:20:50Z,15475,2026-10-07T18:15:03Z,5
2026-10-07T18:20:50Z,15476,2026-10-07T18:15:03Z,5
2026-10-07T18:20:50Z,15477,2026-10-07T18:15:03Z,5
2026-10-07T18:20:50Z,15478,2026-10-07T18:15:03Z,5
2026-10-07T18:20:50Z,15479,2026-10-07T18:15:03Z,5
2026-10-07T18:20:50Z,15480,2026-10-07T18:15:03Z,5
2026-10-07T18:20:50Z,15481,2026-10-07T18:15:03Z,5
2026-10-07T18:20:50Z,15482,2026-10-07T18:15:03Z,5
2026-10-07T18:20:50Z,15483,2026-10-07T18:15:03Z,5
2026-10-07T18:20:50Z,15484,2026-10-07T18:15:03Z,5
2026-10-07T18:20:50Z,15485,2026-10-07T18:15:03Z,5
2026-10-07T18:20:50Z,15486,2026-10-07T18:15:03Z,5
2026-10-07T18:20:50Z,15487,2026-10-07T18:15:03Z,5
2026-10-07T18:20:50Z,15488,2026-10-07T18:15:03Z,5
2026-10-07T18:20:50Z,15489,2026-10-07T18:15:03Z,5
2026-10-07T18:20:50Z,15490,2026-10-07T18:15:03Z,5
2026-10-07T18:20:50Z,15491,2026-10-07T18:15:03Z,5
2026-10-07T18:20:50Z,15492,2026-10-07T18:15:03Z,5
2026-10-07T18:20:50Z,15493,2026-10-07T18:15:03Z,5
2026-10-07T18:20:50Z,15494,2026-10-07T18:15:03Z,5
2026-10-07T18:20:50Z,15495,2026-10-07T18:15:03Z,5
2026-10-07T18:20:50Z,15496,2026-10-07T18:15:03Z,5
2026-10-07T18:20:50Z,15497,2026-10-07T18:15:03Z,5
2026-10-07T18:20:50Z,15498,2026-10-07T18:15:03Z,5
2026-10-07T18:20:50Z,15499,2026-10-07T18:15:03Z,5
2026-10-07T18:20:50Z,15500,2026-10-07T18:15:03Z,5
2026-10-07T18:20:50Z,15501,2026-10-07T18:15:03Z,5
2026-10-07T18:20:50Z,15502,2026-10-07T18:15:03Z,5
2026-10-07T18:20:50Z,15503,2026-10-07T18:15:03Z,5
2026-10-07T18:20:50Z,15504,2026-10-07T18:15:03Z,5
2026-10-07T18:20:50Z,15505,2026-10-07T18:15:03Z,5
2026-10-07T18:20:50Z,15506,2026-10-07T18:15:03Z,5
2026-10-07T18:20:50Z,15507,2026-10-07T18:15:03Z,5
2026-10-07T18:20:50Z,15508,2026-10-07T18:15:03Z,5
2026-10-07T18:20:50Z,15509,2026-10-07T18:15:03Z,5
2026-10-07T18:20:50Z,15510,2026-10-07T18:15:03Z,5
2026-10-07T18:20:50Z,15514,2026-10-07T18:15:03Z,5
2026-10-07T18:20:50Z,15515,2026-10-01T09:45:04Z,9155
2026-10-07T18:20:50Z,15516,2026-10-07T14:47:19Z,213
2026-10-07T18:20:50Z,15517,2026-10-07T14:16:57Z,243
2026-10-07T18:20:50Z,15518,2026-10-07T16:05:47Z,135
2026-10-07T18:20:50Z,15521,2026-10-07T16:59:34Z,81
2026-10-07T18:20:50Z,15522,2026-10-07T13:57:58Z,262
2026-10-07T18:20:50Z,15523,2026-10-06T11:30:06Z,1850
2026-10-07T18:20:50Z,15525,2026-10-06T10:02:49Z,1938
2026-10-07T18:20:50Z,15526,2026-10-07T15:40:47Z,160
2026-10-07T18:20:50Z,15527,2026-10-06T16:18:52Z,1561
2026-10-07T18:20:50Z,15528,2026-10-07T11:40:15Z,400
2026-10-07T18:20:50Z,15529,2026-10-07T05:55:14Z,745
2026-10-07T18:20:50Z,15530,2026-10-04T14:24:49Z,4556
2026-10-07T18:20:50Z,15531,2026-10-07T13:31:49Z,289
2026-10-07T18:20:50Z,15532,2026-10-07T13:31:21Z,289
2026-10-07T18:20:50Z,15533,2026-10-07T17:08:32Z,72
2026-10-07T18:20:50Z,15534,2026-10-07T17:39:42Z,41
2026-10-07T18:20:50Z,15535,2026-10-01T14:48:13Z,8852
2026-10-07T18:20:50Z,15536,2026-10-07T18:08:55Z,11
2026-10-07T18:20:50Z,15537,2026-10-07T16:33:57Z,106
2026-10-07T18:20:50Z,15539,2026-10-07T15:55:10Z,145
2026-10-07T18:20:50Z,15540,2026-10-07T16:39:31Z,101
2026-10-07T18:20:50Z,15543,2026-10-07T16:34:30Z,106
2026-10-07T18:20:50Z,15544,2026-10-07T14:53:23Z,207
2026-10-07T18:20:50Z,15545,2026-10-07T14:16:58Z,243
2026-10-07T18:20:50Z,15546,2026-10-07T15:08:51Z,191
2026-10-07T18:20:50Z,15547,2026-10-06T19:11:36Z,1389
2026-10-07T18:20:50Z,15548,2026-10-07T15:38:12Z,162
2026-10-07T18:20:50Z,15553,2026-10-07T18:15:03Z,5
2026-10-07T18:20:50Z,15554,2026-10-07T18:15:03Z,5
2026-10-07T18:20:50Z,15555,2026-10-07T18:15:03Z,5
2026-10-07T18:20:50Z,15556,2026-10-07T13:03:50Z,317
2026-10-07T18:20:50Z,15557,2026-10-07T17:03:51Z,76
2026-10-07T18:20:50Z,15558,2026-10-07T18:02:21Z,18
2026-10-07T18:20:50Z,15559,2026-10-07T12:08:53Z,371
2026-10-07T18:20:50Z,15560,2026-10-07T13:49:28Z,271
2026-10-07T18:20:50Z,15561,2026-10-07T18:15:05Z,5
2026-10-07T18:20:50Z,15562,2026-10-07T18:15:03Z,5
2026-10-07T18:20:50Z,15563,2026-10-07T14:17:24Z,243
2026-10-07T18:20:50Z,15564,2026-10-06T19:11:39Z,1389
2026-10-07T18:20:50Z,15565,2026-10-06T21:01:19Z,1279
2026-10-07T18:20:50Z,15566,2026-10-07T17:38:04Z,42
2026-10-07T18:20:50Z,15567,2026-10-07T14:25:35Z,235
2026-10-07T18:20:50Z,15568,2026-10-01T09:45:04Z,9155
2026-10-07T18:20:50Z,15569,2026-10-01T09:45:04Z,9155
2026-10-07T18:20:50Z,15570,2026-10-01T09:37:03Z,9163
2026-10-07T18:20:50Z,15571,2026-10-01T09:37:03Z,9163
2026-10-07T18:20:50Z,15572,2026-10-01T09:45:04Z,9155
2026-10-07T18:20:50Z,15573,2026-10-07T15:17:28Z,183
2026-10-07T18:20:50Z,15574,2026-10-06T19:11:40Z,1389
2026-10-07T18:20:50Z,15575,2026-10-06T21:01:31Z,1279
2026-10-07T18:20:50Z,15576,2026-10-07T00:02:20Z,1098
2026-10-07T18:20:50Z,15577,2026-10-07T17:56:11Z,24
2026-10-07T18:20:50Z,15578,2026-10-07T16:51:11Z,89
2026-10-07T18:20:50Z,15579,2026-10-07T10:01:39Z,499
2026-10-07T18:20:50Z,15585,2026-10-07T14:17:34Z,243
2026-10-07T18:20:50Z,15586,2026-10-07T10:42:12Z,458
2026-10-07T18:20:50Z,15587,2026-10-07T13:13:50Z,307
2026-10-07T18:20:50Z,15588,2026-10-07T17:52:43Z,28
2026-10-07T18:20:50Z,15589,2026-10-07T17:15:53Z,64
2026-10-07T18:20:50Z,15590,2026-10-07T18:15:03Z,5
2026-10-07T18:20:50Z,15591,2026-10-06T20:34:40Z,1306
2026-10-07T18:20:50Z,15684,2026-10-07T17:54:17Z,26
2026-10-07T18:20:50Z,15686,2026-10-07T18:15:03Z,5
2026-10-07T18:20:50Z,15687,2026-10-07T18:15:03Z,5
2026-10-07T18:20:50Z,15688,2026-10-07T18:15:03Z,5
2026-10-07T18:20:50Z,15689,2026-10-07T18:15:03Z,5
2026-10-07T18:20:50Z,15690,2026-10-07T18:15:03Z,5
2026-10-07T18:20:50Z,15691,2026-10-07T18:15:03Z,5
2026-10-07T18:20:50Z,15692,2026-10-07T14:17:57Z,242
2026-10-07T18:20:50Z,15693,2026-10-07T17:58:13Z,22
2026-10-07T18:20:50Z,15701,2026-10-07T18:14:57Z,5
2026-10-07T18:20:50Z,15702,2026-10-07T18:02:48Z,18
2026-10-07T18:20:50Z,15703,2026-10-07T18:03:30Z,17
2026-10-07T18:20:50Z,15756,2026-10-07T18:15:03Z,5
2026-10-07T18:20:50Z,15757,2026-10-07T18:15:03Z,5
2026-10-07T18:20:50Z,15758,2026-10-07T18:15:03Z,5
2026-10-07T18:20:50Z,15759,2026-10-06T19:11:45Z,1389
2026-10-07T18:20:50Z,15760,2026-10-07T18:15:03Z,5
2026-10-07T18:20:50Z,15763,2026-10-07T14:41:09Z,219
2026-10-07T18:20:50Z,15764,2026-10-06T19:11:45Z,1389
2026-10-07T18:20:50Z,15765,2026-10-06T19:11:45Z,1389
2026-10-07T18:20:50Z,15767,2026-10-07T14:03:38Z,257
2026-10-07T18:20:50Z,15768,2026-09-15T05:09:11Z,32471
2026-10-07T18:20:50Z,15769,2026-10-07T17:43:47Z,37
2026-10-07T18:20:50Z,15770,2026-10-07T18:15:03Z,5
2026-10-07T18:20:50Z,15771,2026-10-07T18:15:03Z,5
2026-10-07T18:20:50Z,15773,2026-10-07T18:15:03Z,5
2026-10-07T18:20:50Z,15774,2026-10-07T18:15:03Z,5
2026-10-07T18:20:50Z,15775,2026-10-07T18:15:03Z,5
2026-10-07T18:20:50Z,15776,2026-10-07T18:15:03Z,5
2026-10-07T18:20:50Z,15777,2026-10-07T17:39:02Z,41
2026-10-07T18:20:50Z,15778,2026-10-07T18:15:03Z,5
2026-10-07T18:20:50Z,15779,2026-09-16T10:39:13Z,30701
2026-10-07T18:20:50Z,15780,2026-09-16T10:47:02Z,30693
2026-10-07T18:20:50Z,15781,2026-09-16T11:13:56Z,30666
2026-10-07T18:20:50Z,15782,2026-09-16T11:16:36Z,30664
2026-10-07T18:20:50Z,15783,2026-09-30T11:49:10Z,10471
2026-10-07T18:20:50Z,15784,2026-09-16T11:45:31Z,30635
2026-10-07T18:20:50Z,15785,2026-09-22T13:01:43Z,21919
2026-10-07T18:20:50Z,15786,2026-09-16T12:34:55Z,30585
2026-10-07T18:20:50Z,15787,2026-09-16T12:38:19Z,30582
2026-10-07T18:20:50Z,15788,2026-09-16T12:40:56Z,30579
2026-10-07T18:20:50Z,15789,2026-10-05T09:30:04Z,3410
2026-10-07T18:20:50Z,15790,2026-10-06T19:11:48Z,1389
2026-10-07T18:20:50Z,15791,2026-10-07T06:20:38Z,720
2026-10-07T18:20:50Z,15792,2026-10-01T09:45:04Z,9155
2026-10-07T18:20:50Z,15793,2026-10-01T09:45:04Z,9155
2026-10-07T18:20:50Z,15794,2026-10-01T09:45:04Z,9155
2026-10-07T18:20:50Z,15795,2026-10-07T18:15:03Z,5
2026-10-07T18:20:50Z,15796,2026-10-07T18:15:03Z,5
2026-10-07T18:20:50Z,15797,2026-10-07T18:05:45Z,15
2026-10-07T18:20:50Z,15798,2026-10-07T17:51:10Z,29
2026-10-07T18:20:50Z,15799,2026-10-02T07:15:04Z,7865
2026-10-07T18:20:50Z,15800,2026-10-06T21:01:27Z,1279
2026-10-07T18:20:50Z,15801,2026-10-06T21:01:09Z,1279
2026-10-07T18:20:50Z,15802,2026-10-07T09:17:43Z,543
2026-10-07T18:20:50Z,15803,2026-10-07T10:12:58Z,487
2026-10-07T18:20:50Z,15804,2026-10-07T18:15:03Z,5
