timestamp_utc,station_id,last_update_utc,age_min
2026-10-09T00:18:22Z,258,2026-10-08T21:00:41Z,197
2026-10-09T00:18:22Z,259,2026-10-08T21:00:45Z,197
2026-10-09T00:18:22Z,260,2026-10-08T21:00:48Z,197
2026-10-09T00:18:22Z,261,2026-10-08T21:01:06Z,197
2026-10-09T00:18:22Z,263,2026-10-08T21:01:01Z,197
2026-10-09T00:18:22Z,264,2026-10-08T21:01:16Z,197
2026-10-09T00:18:22Z,265,2026-10-08T21:01:23Z,196
2026-10-09T00:18:22Z,267,2026-10-08T23:28:05Z,50
2026-10-09T00:18:22Z,268,2026-10-08T21:00:50Z,197
2026-10-09T00:18:22Z,270,2026-10-08T21:00:46Z,197
2026-10-09T00:18:22Z,271,2026-10-08T21:00:47Z,197
2026-10-09T00:18:22Z,272,2026-10-08T21:01:12Z,197
2026-10-09T00:18:22Z,275,2026-07-01T10:22:32Z,143395
2026-10-09T00:18:22Z,276,2026-10-08T23:14:33Z,63
2026-10-09T00:18:22Z,277,2026-07-02T07:26:05Z,142132
2026-10-09T00:18:22Z,278,2026-10-09T00:08:34Z,9
2026-10-09T00:18:22Z,279,2026-10-08T21:01:16Z,197
2026-10-09T00:18:22Z,280,2026-10-08T21:01:11Z,197
2026-10-09T00:18:22Z,281,2026-10-08T21:55:53Z,142
2026-10-09T00:18:22Z,285,2026-10-08T21:01:04Z,197
2026-10-09T00:18:22Z,320,2026-01-06T13:23:56Z,396654
2026-10-09T00:18:22Z,321,2026-10-08T20:14:32Z,243
2026-10-09T00:18:22Z,322,2026-10-08T16:37:10Z,461
2026-10-09T00:18:22Z,323,2026-10-08T19:36:51Z,281
2026-10-09T00:18:22Z,324,2026-10-08T23:58:08Z,20
2026-10-09T00:18:22Z,325,2026-10-08T18:02:15Z,376
2026-10-09T00:18:22Z,375,2026-10-08T22:41:36Z,96
2026-10-09T00:18:22Z,376,2026-10-09T00:04:47Z,13
2026-10-09T00:18:22Z,377,2026-08-10T09:54:33Z,85823
2026-10-09T00:18:22Z,378,2026-10-08T21:58:12Z,140
2026-10-09T00:18:22Z,379,2026-10-08T20:31:18Z,227
2026-10-09T00:18:22Z,380,2026-10-08T21:53:51Z,144
2026-10-09T00:18:22Z,381,2026-10-08T17:43:53Z,394
2026-10-09T00:18:22Z,382,2026-10-08T14:09:33Z,608
2026-10-09T00:18:22Z,383,2026-10-08T21:09:17Z,189
2026-10-09T00:18:22Z,384,2026-10-08T20:45:05Z,213
2026-10-09T00:18:22Z,385,2026-10-08T18:24:20Z,354
2026-10-09T00:18:22Z,386,2026-10-08T19:04:33Z,313
2026-10-09T00:18:22Z,387,2026-10-08T19:16:23Z,301
2026-10-09T00:18:22Z,388,2026-10-09T00:04:54Z,13
2026-10-09T00:18:22Z,389,2026-07-29T06:27:15Z,103311
2026-10-09T00:18:22Z,390,2026-10-02T07:22:23Z,9655
2026-10-09T00:18:22Z,396,2026-10-08T18:17:08Z,361
2026-10-09T00:18:22Z,397,2026-10-08T22:27:26Z,110
2026-10-09T00:18:22Z,398,2026-10-08T19:01:27Z,316
2026-10-09T00:18:22Z,401,2026-10-08T22:11:29Z,126
2026-10-09T00:18:22Z,402,2026-10-08T18:51:37Z,326
2026-10-09T00:18:22Z,403,2026-10-08T23:32:40Z,45
2026-10-09T00:18:22Z,404,2026-10-08T18:23:10Z,355
2026-10-09T00:18:22Z,406,2026-10-08T18:02:03Z,376
2026-10-09T00:18:22Z,408,2026-10-09T00:05:19Z,13
2026-10-09T00:18:22Z,409,2026-10-08T23:26:54Z,51
2026-10-09T00:18:22Z,410,2026-10-08T22:17:04Z,121
2026-10-09T00:18:22Z,412,2026-10-08T17:43:39Z,394
2026-10-09T00:18:22Z,413,2026-10-08T20:07:14Z,251
2026-10-09T00:18:22Z,414,2026-10-08T19:40:29Z,277
2026-10-09T00:18:22Z,416,2026-10-08T18:34:44Z,343
2026-10-09T00:18:22Z,417,2026-10-09T00:04:48Z,13
2026-10-09T00:18:22Z,418,2026-10-08T17:51:35Z,386
2026-10-09T00:18:22Z,419,2026-10-08T19:08:37Z,309
2026-10-09T00:18:22Z,420,2026-10-08T15:44:02Z,514
2026-10-09T00:18:22Z,421,2026-08-17T09:20:08Z,75778
2026-10-09T00:18:22Z,422,2026-10-08T17:25:27Z,412
2026-10-09T00:18:22Z,423,2026-10-08T23:02:33Z,75
2026-10-09T00:18:22Z,424,2026-10-08T19:42:52Z,275
2026-10-09T00:18:22Z,425,2026-10-08T17:16:10Z,422
2026-10-09T00:18:22Z,428,2026-10-09T00:09:43Z,8
2026-10-09T00:18:22Z,429,2026-10-08T18:16:00Z,362
2026-10-09T00:18:22Z,430,2026-10-08T18:12:06Z,366
2026-10-09T00:18:22Z,431,2026-10-08T21:43:06Z,155
2026-10-09T00:18:22Z,432,2026-10-08T20:24:21Z,234
2026-10-09T00:18:22Z,433,2026-10-08T23:45:36Z,32
2026-10-09T00:18:22Z,434,2026-10-08T23:52:26Z,25
2026-10-09T00:18:22Z,435,2026-10-08T17:49:02Z,389
2026-10-09T00:18:22Z,436,2026-10-07T14:11:47Z,2046
2026-10-09T00:18:22Z,439,2026-10-08T14:46:48Z,571
2026-10-09T00:18:22Z,440,2026-10-08T10:21:30Z,836
2026-10-09T00:18:22Z,441,2026-10-05T11:55:49Z,5062
2026-10-09T00:18:22Z,442,2026-10-08T19:30:07Z,288
2026-10-09T00:18:22Z,443,2026-10-08T21:51:41Z,146
2026-10-09T00:18:22Z,444,2026-01-06T13:23:56Z,396654
2026-10-09T00:18:22Z,451,2026-10-08T18:11:47Z,366
2026-10-09T00:18:22Z,454,2026-01-06T13:23:56Z,396654
2026-10-09T00:18:22Z,455,2026-10-08T20:11:58Z,246
2026-10-09T00:18:22Z,498,2026-10-08T21:20:33Z,177
2026-10-09T00:18:22Z,499,2026-10-08T21:20:39Z,177
2026-10-09T00:18:22Z,500,2026-10-08T21:20:46Z,177
2026-10-09T00:18:22Z,501,2026-04-14T16:06:24Z,255371
2026-10-09T00:18:22Z,502,2026-01-06T13:23:56Z,396654
2026-10-09T00:18:22Z,503,2026-09-24T13:53:59Z,20784
2026-10-09T00:18:22Z,504,2026-10-04T13:29:12Z,6409
2026-10-09T00:18:22Z,505,2026-10-07T17:38:51Z,1839
2026-10-09T00:18:22Z,507,2026-10-08T21:01:11Z,197
2026-10-09T00:18:22Z,508,2026-10-08T21:30:40Z,167
2026-10-09T00:18:22Z,509,2026-10-08T20:46:56Z,211
2026-10-09T00:18:22Z,510,2026-10-08T21:00:58Z,197
2026-10-09T00:18:22Z,511,2026-10-08T21:00:49Z,197
2026-10-09T00:18:22Z,512,2026-10-08T23:40:03Z,38
2026-10-09T00:18:22Z,513,2026-10-08T20:25:24Z,232
2026-10-09T00:18:22Z,514,2026-10-08T22:07:54Z,130
2026-10-09T00:18:22Z,515,2026-10-08T21:01:19Z,197
2026-10-09T00:18:22Z,516,2026-10-08T21:01:18Z,197
2026-10-09T00:18:22Z,517,2026-10-08T21:01:25Z,196
2026-10-09T00:18:22Z,518,2026-10-08T21:01:24Z,196
2026-10-09T00:18:22Z,519,2026-10-08T21:00:43Z,197
2026-10-09T00:18:22Z,520,2026-10-08T21:00:55Z,197
2026-10-09T00:18:22Z,521,2026-10-08T21:00:55Z,197
2026-10-09T00:18:22Z,522,2026-10-08T21:00:55Z,197
2026-10-09T00:18:22Z,523,2026-10-08T21:01:03Z,197
2026-10-09T00:18:22Z,524,2026-10-08T21:00:53Z,197
2026-10-09T00:18:22Z,526,2026-10-08T21:01:24Z,196
2026-10-09T00:18:22Z,530,2026-01-06T13:23:56Z,396654
2026-10-09T00:18:22Z,531,2026-10-09T00:05:27Z,12
2026-10-09T00:18:22Z,532,2026-10-08T07:53:00Z,985
2026-10-09T00:18:22Z,535,2026-10-08T11:21:07Z,777
2026-10-09T00:18:22Z,536,2026-10-07T18:32:37Z,1785
2026-10-09T00:18:22Z,537,2026-10-08T21:01:40Z,196
2026-10-09T00:18:22Z,538,2026-10-08T14:48:59Z,569
2026-10-09T00:18:22Z,539,2026-10-08T20:20:59Z,237
2026-10-09T00:18:22Z,540,2026-10-04T19:03:59Z,6074
2026-10-09T00:18:22Z,584,2026-10-08T19:06:10Z,312
2026-10-09T00:18:22Z,585,2026-10-09T00:14:48Z,3
2026-10-09T00:18:22Z,586,2026-10-08T15:32:49Z,525
2026-10-09T00:18:22Z,589,2026-01-06T13:23:56Z,396654
2026-10-09T00:18:22Z,590,2026-01-06T13:23:56Z,396654
2026-10-09T00:18:22Z,592,2026-10-08T21:01:24Z,196
2026-10-09T00:18:22Z,593,2026-10-08T21:01:10Z,197
2026-10-09T00:18:22Z,594,2026-10-08T21:48:57Z,149
2026-10-09T00:18:22Z,596,2026-10-08T23:38:32Z,39
2026-10-09T00:18:22Z,597,2026-10-08T21:00:47Z,197
2026-10-09T00:18:22Z,598,2026-01-06T13:23:56Z,396654
2026-10-09T00:18:22Z,599,2026-01-06T13:23:56Z,396654
2026-10-09T00:18:22Z,600,2026-01-06T13:23:56Z,396654
2026-10-09T00:18:22Z,664,2026-01-06T13:23:56Z,396654
2026-10-09T00:18:22Z,670,2026-10-08T22:31:49Z,106
2026-10-09T00:18:22Z,671,2026-10-08T21:47:52Z,150
2026-10-09T00:18:22Z,672,2026-10-08T20:27:42Z,230
2026-10-09T00:18:22Z,677,2026-10-08T19:57:32Z,260
2026-10-09T00:18:22Z,678,2026-10-08T21:01:08Z,197
2026-10-09T00:18:22Z,679,2026-10-08T21:01:13Z,197
2026-10-09T00:18:22Z,703,2026-10-05T00:08:31Z,5769
2026-10-09T00:18:22Z,704,2026-10-08T18:39:27Z,338
2026-10-09T00:18:22Z,705,2026-10-08T20:51:25Z,206
2026-10-09T00:18:22Z,707,2026-10-08T13:18:25Z,659
2026-10-09T00:18:22Z,709,2026-10-08T13:34:26Z,643
2026-10-09T00:18:22Z,710,2026-10-09T00:01:17Z,17
2026-10-09T00:18:22Z,712,2026-10-08T13:23:41Z,654
2026-10-09T00:18:22Z,713,2026-10-08T17:51:40Z,386
2026-10-09T00:18:22Z,715,2026-10-08T13:21:57Z,656
2026-10-09T00:18:22Z,717,2026-10-08T18:52:36Z,325
2026-10-09T00:18:22Z,737,2026-10-08T22:16:33Z,121
2026-10-09T00:18:22Z,1269,2026-10-08T20:31:16Z,227
2026-10-09T00:18:22Z,1302,2026-10-08T20:26:08Z,232
2026-10-09T00:18:22Z,1314,2026-10-08T15:43:38Z,514
2026-10-09T00:18:22Z,1315,2026-10-08T19:27:20Z,291
2026-10-09T00:18:22Z,1316,2026-10-08T20:26:33Z,231
2026-10-09T00:18:22Z,1317,2026-10-08T13:38:16Z,640
2026-10-09T00:18:22Z,1321,2026-10-08T20:25:01Z,233
2026-10-09T00:18:22Z,1353,2026-10-08T19:08:13Z,310
2026-10-09T00:18:22Z,1354,2026-10-08T18:04:26Z,373
2026-10-09T00:18:22Z,1363,2026-10-08T13:23:49Z,654
2026-10-09T00:18:22Z,1364,2026-10-08T13:23:49Z,654
2026-10-09T00:18:22Z,1453,2026-10-08T21:01:13Z,197
2026-10-09T00:18:22Z,1454,2026-10-08T21:00:59Z,197
2026-10-09T00:18:22Z,1477,2026-10-03T00:12:47Z,8645
2026-10-09T00:18:22Z,1478,2026-10-04T00:19:38Z,7198
2026-10-09T00:18:22Z,1510,2026-10-09T00:15:03Z,3
2026-10-09T00:18:22Z,1512,2026-10-09T00:15:03Z,3
2026-10-09T00:18:22Z,1514,2026-10-09T00:15:03Z,3
2026-10-09T00:18:22Z,1515,2026-10-09T00:15:03Z,3
2026-10-09T00:18:22Z,1516,2026-10-09T00:15:03Z,3
2026-10-09T00:18:22Z,1517,2026-10-09T00:15:03Z,3
2026-10-09T00:18:22Z,1518,2026-10-09T00:15:03Z,3
2026-10-09T00:18:22Z,1522,2026-10-09T00:15:03Z,3
2026-10-09T00:18:22Z,1523,2026-10-09T00:15:03Z,3
2026-10-09T00:18:22Z,1524,2026-10-09T00:15:03Z,3
2026-10-09T00:18:22Z,1525,2026-10-09T00:15:03Z,3
2026-10-09T00:18:22Z,1529,2026-10-05T08:05:06Z,5293
2026-10-09T00:18:22Z,1530,2026-10-05T14:27:02Z,4911
2026-10-09T00:18:22Z,1531,2026-10-08T08:29:16Z,949
2026-10-09T00:18:22Z,1532,2026-10-08T00:15:20Z,1443
2026-10-09T00:18:22Z,1534,2026-10-08T22:30:03Z,108
2026-10-09T00:18:22Z,1535,2026-10-09T00:15:03Z,3
2026-10-09T00:18:22Z,1554,2026-10-08T07:48:30Z,989
2026-10-09T00:18:22Z,1556,2026-10-08T16:22:23Z,475
2026-10-09T00:18:22Z,1557,2026-10-08T20:11:22Z,247
2026-10-09T00:18:22Z,1562,2026-10-06T00:17:21Z,4321
2026-10-09T00:18:22Z,1641,2026-10-08T20:35:42Z,222
2026-10-09T00:18:22Z,1644,2026-10-08T15:32:09Z,526
2026-10-09T00:18:22Z,1645,2026-07-29T06:29:40Z,103308
2026-10-09T00:18:22Z,1647,2026-10-08T23:26:46Z,51
2026-10-09T00:18:22Z,1649,2026-10-08T21:00:54Z,197
2026-10-09T00:18:22Z,1650,2026-10-07T17:14:46Z,1863
2026-10-09T00:18:22Z,1653,2026-10-08T02:37:47Z,1300
2026-10-09T00:18:22Z,1655,2026-10-08T16:32:51Z,465
2026-10-09T00:18:22Z,1656,2026-10-08T14:43:50Z,574
2026-10-09T00:18:22Z,1658,2026-10-05T11:40:26Z,5077
2026-10-09T00:18:22Z,1659,2026-10-08T20:57:56Z,200
2026-10-09T00:18:22Z,1662,2026-10-08T00:04:18Z,1454
2026-10-09T00:18:22Z,1663,2026-10-08T21:38:20Z,160
2026-10-09T00:18:22Z,1664,2026-10-08T08:51:25Z,926
2026-10-09T00:18:22Z,1666,2026-10-07T14:12:19Z,2046
2026-10-09T00:18:22Z,1788,2026-10-09T00:15:05Z,3
2026-10-09T00:18:22Z,1789,2026-10-09T00:15:05Z,3
2026-10-09T00:18:22Z,1790,2026-10-09T00:15:05Z,3
2026-10-09T00:18:22Z,1791,2026-10-09T00:15:05Z,3
2026-10-09T00:18:22Z,1792,2026-10-09T00:15:05Z,3
2026-10-09T00:18:22Z,1793,2026-10-09T00:15:05Z,3
2026-10-09T00:18:22Z,1795,2026-10-09T00:15:05Z,3
2026-10-09T00:18:22Z,1796,2026-10-09T00:15:05Z,3
2026-10-09T00:18:22Z,1797,2026-10-09T00:15:05Z,3
2026-10-09T00:18:22Z,1798,2026-10-09T00:15:05Z,3
2026-10-09T00:18:22Z,1799,2026-10-09T00:15:05Z,3
2026-10-09T00:18:22Z,1800,2026-10-09T00:15:05Z,3
2026-10-09T00:18:22Z,1801,2026-10-09T00:15:05Z,3
2026-10-09T00:18:22Z,1802,2026-10-09T00:15:05Z,3
2026-10-09T00:18:22Z,1803,2026-10-09T00:15:05Z,3
2026-10-09T00:18:22Z,1804,2026-10-09T00:15:05Z,3
2026-10-09T00:18:22Z,1805,2026-10-09T00:15:05Z,3
2026-10-09T00:18:22Z,1806,2026-10-09T00:15:05Z,3
2026-10-09T00:18:22Z,1807,2026-10-09T00:15:05Z,3
2026-10-09T00:18:22Z,1808,2026-10-09T00:15:05Z,3
2026-10-09T00:18:22Z,1809,2026-10-09T00:15:05Z,3
2026-10-09T00:18:22Z,1810,2026-10-09T00:15:05Z,3
2026-10-09T00:18:22Z,1812,2026-10-09T00:15:05Z,3
2026-10-09T00:18:22Z,1813,2026-10-09T00:15:05Z,3
2026-10-09T00:18:22Z,1816,2026-10-09T00:15:05Z,3
2026-10-09T00:18:22Z,1817,2026-10-09T00:15:05Z,3
2026-10-09T00:18:22Z,1818,2026-10-09T00:15:05Z,3
2026-10-09T00:18:22Z,1819,2026-10-09T00:15:05Z,3
2026-10-09T00:18:22Z,1821,2026-10-09T00:15:05Z,3
2026-10-09T00:18:22Z,1822,2026-10-09T00:15:05Z,3
2026-10-09T00:18:22Z,1823,2026-10-09T00:15:05Z,3
2026-10-09T00:18:22Z,1824,2026-10-09T00:15:05Z,3
2026-10-09T00:18:22Z,1825,2026-10-09T00:15:05Z,3
2026-10-09T00:18:22Z,1826,2026-10-09T00:15:05Z,3
2026-10-09T00:18:22Z,1828,2026-10-09T00:15:05Z,3
2026-10-09T00:18:22Z,1829,2026-10-09T00:15:05Z,3
2026-10-09T00:18:22Z,1830,2026-10-09T00:15:05Z,3
2026-10-09T00:18:22Z,1832,2026-10-09T00:15:05Z,3
2026-10-09T00:18:22Z,1833,2026-10-09T00:15:05Z,3
2026-10-09T00:18:22Z,1834,2026-10-09T00:15:05Z,3
2026-10-09T00:18:22Z,1835,2026-10-09T00:15:05Z,3
2026-10-09T00:18:22Z,1836,2026-10-09T00:15:05Z,3
2026-10-09T00:18:22Z,1837,2026-10-09T00:15:05Z,3
2026-10-09T00:18:22Z,1838,2026-10-09T00:15:05Z,3
2026-10-09T00:18:22Z,1839,2026-10-09T00:15:05Z,3
2026-10-09T00:18:22Z,1840,2026-10-09T00:15:05Z,3
2026-10-09T00:18:22Z,1841,2026-10-09T00:15:05Z,3
2026-10-09T00:18:22Z,1842,2026-10-09T00:15:05Z,3
2026-10-09T00:18:22Z,1843,2026-10-09T00:15:05Z,3
2026-10-09T00:18:22Z,1844,2026-10-07T14:05:33Z,2052
2026-10-09T00:18:22Z,1845,2026-10-08T15:03:23Z,554
2026-10-09T00:18:22Z,1846,2026-10-09T00:07:20Z,11
2026-10-09T00:18:22Z,1847,2026-10-08T21:00:52Z,197
2026-10-09T00:18:22Z,1848,2026-10-08T20:30:30Z,227
2026-10-09T00:18:22Z,1851,2026-10-08T22:58:24Z,79
2026-10-09T00:18:22Z,1852,2026-10-07T07:21:05Z,2457
2026-10-09T00:18:22Z,1855,2026-10-08T05:47:59Z,1110
2026-10-09T00:18:22Z,1866,2026-09-22T16:10:30Z,23527
2026-10-09T00:18:22Z,1867,2026-09-29T14:42:26Z,13535
2026-10-09T00:18:22Z,1868,2026-10-08T08:07:59Z,970
2026-10-09T00:18:22Z,1872,2026-01-06T13:23:56Z,396654
2026-10-09T00:18:22Z,1874,2026-10-08T05:59:20Z,1099
2026-10-09T00:18:22Z,1917,2026-10-07T07:01:09Z,2477
2026-10-09T00:18:22Z,1918,2026-10-09T00:01:43Z,16
2026-10-09T00:18:22Z,1919,2026-10-08T12:00:05Z,738
2026-10-09T00:18:22Z,1920,2026-10-08T15:30:07Z,528
2026-10-09T00:18:22Z,1921,2026-10-07T07:01:09Z,2477
2026-10-09T00:18:22Z,1922,2026-10-07T07:01:09Z,2477
2026-10-09T00:18:22Z,1923,2026-10-08T09:12:30Z,905
2026-10-09T00:18:22Z,1924,2026-10-08T18:37:07Z,341
2026-10-09T00:18:22Z,1925,2026-10-08T15:06:50Z,551
2026-10-09T00:18:22Z,1926,2026-10-08T16:08:40Z,489
2026-10-09T00:18:22Z,1927,2026-10-08T17:36:22Z,402
2026-10-09T00:18:22Z,1928,2026-10-07T12:38:49Z,2139
2026-10-09T00:18:22Z,1929,2026-10-07T19:13:30Z,1744
2026-10-09T00:18:22Z,1931,2026-10-08T17:28:46Z,409
2026-10-09T00:18:22Z,1932,2026-10-09T00:01:43Z,16
2026-10-09T00:18:22Z,1933,2026-10-08T09:36:58Z,881
2026-10-09T00:18:22Z,1937,2026-10-08T21:01:10Z,197
2026-10-09T00:18:22Z,1938,2026-10-08T16:43:26Z,454
2026-10-09T00:18:22Z,1939,2026-10-08T11:44:18Z,754
2026-10-09T00:18:22Z,1940,2026-10-08T20:33:22Z,225
2026-10-09T00:18:22Z,1941,2026-10-07T11:54:15Z,2184
2026-10-09T00:18:22Z,1942,2026-10-08T21:34:14Z,164
2026-10-09T00:18:22Z,1943,2026-10-07T07:01:09Z,2477
2026-10-09T00:18:22Z,1944,2026-10-08T06:56:44Z,1041
2026-10-09T00:18:22Z,2413,2026-10-08T19:11:32Z,306
2026-10-09T00:18:22Z,2414,2026-10-08T17:22:46Z,415
2026-10-09T00:18:22Z,2415,2026-10-08T19:18:31Z,299
2026-10-09T00:18:22Z,2416,2026-03-23T07:14:46Z,287583
2026-10-09T00:18:22Z,2417,2026-10-08T16:03:00Z,495
2026-10-09T00:18:22Z,2418,2026-10-08T03:22:19Z,1256
2026-10-09T00:18:22Z,2419,2026-03-23T08:11:39Z,287526
2026-10-09T00:18:22Z,2420,2026-10-08T18:02:41Z,375
2026-10-09T00:18:22Z,2421,2026-10-08T11:02:38Z,795
2026-10-09T00:18:22Z,2424,2026-10-08T16:06:37Z,491
2026-10-09T00:18:22Z,2425,2026-10-08T03:37:44Z,1240
2026-10-09T00:18:22Z,2430,2026-10-08T22:48:31Z,89
2026-10-09T00:18:22Z,2435,2026-10-08T21:36:40Z,161
2026-10-09T00:18:22Z,2436,2026-10-08T23:55:11Z,23
2026-10-09T00:18:22Z,2437,2026-10-09T00:15:14Z,3
2026-10-09T00:18:22Z,2439,2026-10-07T13:09:36Z,2108
2026-10-09T00:18:22Z,2575,2026-10-08T23:34:39Z,43
2026-10-09T00:18:22Z,2576,2026-10-08T18:19:49Z,358
2026-10-09T00:18:22Z,2577,2026-10-08T13:18:25Z,659
2026-10-09T00:18:22Z,2580,2026-10-07T11:50:13Z,2188
2026-10-09T00:18:22Z,2581,2026-10-06T06:25:39Z,3952
2026-10-09T00:18:22Z,2584,2026-10-08T09:48:18Z,870
2026-10-09T00:18:22Z,2585,2026-10-08T10:35:28Z,822
2026-10-09T00:18:22Z,2586,2026-10-08T08:12:48Z,965
2026-10-09T00:18:22Z,2587,2026-10-08T14:58:36Z,559
2026-10-09T00:18:22Z,2593,2026-10-08T13:21:06Z,657
2026-10-09T00:18:22Z,2594,2026-10-08T22:40:55Z,97
2026-10-09T00:18:22Z,2595,2026-10-08T22:59:26Z,78
2026-10-09T00:18:22Z,2596,2026-10-08T13:33:17Z,645
2026-10-09T00:18:22Z,2603,2026-10-09T00:03:00Z,15
2026-10-09T00:18:22Z,2604,2026-10-06T06:29:08Z,3949
2026-10-09T00:18:22Z,2605,2026-10-08T12:08:22Z,730
2026-10-09T00:18:22Z,2608,2026-10-08T23:43:48Z,34
2026-10-09T00:18:22Z,2609,2026-10-09T00:14:08Z,4
2026-10-09T00:18:22Z,2610,2026-10-08T22:45:10Z,93
2026-10-09T00:18:22Z,2611,2026-10-08T16:13:09Z,485
2026-10-09T00:18:22Z,2613,2026-10-08T13:30:34Z,647
2026-10-09T00:18:22Z,2615,2026-10-08T16:55:06Z,443
2026-10-09T00:18:22Z,2616,2026-10-06T13:01:44Z,3556
2026-10-09T00:18:22Z,2617,2026-10-08T13:40:23Z,637
2026-10-09T00:18:22Z,2618,2026-10-08T18:50:28Z,327
2026-10-09T00:18:22Z,2621,2026-10-07T13:31:28Z,2086
2026-10-09T00:18:22Z,2622,2026-10-08T21:01:26Z,196
2026-10-09T00:18:22Z,2623,2026-10-03T07:42:35Z,8195
2026-10-09T00:18:22Z,2624,2026-10-08T16:21:12Z,477
2026-10-09T00:18:22Z,2625,2026-10-08T22:58:54Z,79
2026-10-09T00:18:22Z,2626,2026-10-08T17:49:35Z,388
2026-10-09T00:18:22Z,2627,2026-10-08T17:42:44Z,395
2026-10-09T00:18:22Z,2628,2026-10-08T23:07:06Z,71
2026-10-09T00:18:22Z,2629,2026-10-08T20:02:33Z,255
2026-10-09T00:18:22Z,2630,2026-10-08T16:03:03Z,495
2026-10-09T00:18:22Z,2631,2026-10-01T13:09:09Z,10749
2026-10-09T00:18:22Z,2632,2026-10-08T12:25:56Z,712
2026-10-09T00:18:22Z,2633,2026-10-08T06:02:50Z,1095
2026-10-09T00:18:22Z,2634,2026-10-08T21:24:46Z,173
2026-10-09T00:18:22Z,2635,2026-10-08T16:41:24Z,456
2026-10-09T00:18:22Z,2636,2026-10-07T08:23:26Z,2394
2026-10-09T00:18:22Z,2644,2026-01-06T13:23:56Z,396654
2026-10-09T00:18:22Z,2646,2026-01-06T13:23:56Z,396654
2026-10-09T00:18:22Z,2648,2026-10-08T19:13:28Z,304
2026-10-09T00:18:22Z,2649,2026-10-08T23:58:40Z,19
2026-10-09T00:18:22Z,2650,2026-10-08T06:07:38Z,1090
2026-10-09T00:18:22Z,2651,2026-10-06T11:51:24Z,3626
2026-10-09T00:18:22Z,2652,2026-10-08T14:23:21Z,595
2026-10-09T00:18:22Z,2653,2026-10-08T09:15:41Z,902
2026-10-09T00:18:22Z,2654,2026-10-08T14:24:58Z,593
2026-10-09T00:18:22Z,2655,2026-10-08T12:39:49Z,698
2026-10-09T00:18:22Z,2656,2026-10-08T09:56:28Z,861
2026-10-09T00:18:22Z,2657,2026-10-07T06:12:18Z,2526
2026-10-09T00:18:22Z,2658,2026-10-08T17:33:04Z,405
2026-10-09T00:18:22Z,2659,2026-10-07T07:47:07Z,2431
2026-10-09T00:18:22Z,2661,2026-10-08T12:44:55Z,693
2026-10-09T00:18:22Z,2665,2026-10-08T21:17:55Z,180
2026-10-09T00:18:22Z,2666,2026-10-09T00:15:05Z,3
2026-10-09T00:18:22Z,2667,2026-10-09T00:15:05Z,3
2026-10-09T00:18:22Z,2668,2026-10-09T00:15:05Z,3
2026-10-09T00:18:22Z,2669,2026-10-05T13:28:09Z,4970
2026-10-09T00:18:22Z,2670,2026-10-09T00:14:17Z,4
2026-10-09T00:18:22Z,2671,2026-10-08T22:27:18Z,111
2026-10-09T00:18:22Z,2672,2026-10-08T10:21:04Z,837
2026-10-09T00:18:22Z,2673,2026-10-07T16:10:04Z,1928
2026-10-09T00:18:22Z,2674,2026-10-08T06:00:46Z,1097
2026-10-09T00:18:22Z,2675,2026-10-08T08:50:37Z,927
2026-10-09T00:18:22Z,2676,2026-10-08T18:52:55Z,325
2026-10-09T00:18:22Z,2677,2026-10-09T00:15:05Z,3
2026-10-09T00:18:22Z,2682,2026-10-08T13:18:17Z,660
2026-10-09T00:18:22Z,2683,2026-10-08T18:33:34Z,344
2026-10-09T00:18:22Z,2684,2026-10-08T17:32:26Z,405
2026-10-09T00:18:22Z,2686,2026-10-08T11:45:20Z,753
2026-10-09T00:18:22Z,2687,2026-10-08T22:40:08Z,98
2026-10-09T00:18:22Z,2688,2026-10-05T15:38:41Z,4839
2026-10-09T00:18:22Z,2689,2026-10-08T15:50:34Z,507
2026-10-09T00:18:22Z,2690,2026-10-08T07:35:25Z,1002
2026-10-09T00:18:22Z,2691,2026-10-08T15:59:13Z,499
2026-10-09T00:18:22Z,2692,2026-10-08T05:01:41Z,1156
2026-10-09T00:18:22Z,2693,2026-10-08T14:09:50Z,608
2026-10-09T00:18:22Z,2694,2026-10-08T19:44:07Z,274
2026-10-09T00:18:22Z,2696,2026-10-08T12:24:17Z,714
2026-10-09T00:18:22Z,2697,2026-10-08T16:04:55Z,493
2026-10-09T00:18:22Z,2698,2026-10-07T07:01:09Z,2477
2026-10-09T00:18:22Z,2699,2026-10-08T22:38:48Z,99
2026-10-09T00:18:22Z,2700,2026-10-07T00:04:18Z,2894
2026-10-09T00:18:22Z,2701,2026-10-08T16:19:21Z,479
2026-10-09T00:18:22Z,2702,2026-10-08T23:39:36Z,38
2026-10-09T00:18:22Z,2703,2026-10-07T07:01:09Z,2477
2026-10-09T00:18:22Z,2704,2026-10-07T20:43:53Z,1654
2026-10-09T00:18:22Z,2705,2026-10-08T17:13:27Z,424
2026-10-09T00:18:22Z,2706,2026-10-08T12:47:09Z,691
2026-10-09T00:18:22Z,2707,2026-10-08T09:01:19Z,917
2026-10-09T00:18:22Z,2708,2026-10-08T20:31:29Z,226
2026-10-09T00:18:22Z,2709,2026-10-08T12:27:02Z,711
2026-10-09T00:18:22Z,2710,2026-07-29T06:29:49Z,103308
2026-10-09T00:18:22Z,2716,2026-10-09T00:04:56Z,13
2026-10-09T00:18:22Z,2717,2026-10-08T17:42:46Z,395
2026-10-09T00:18:22Z,2718,2026-10-08T21:49:46Z,148
2026-10-09T00:18:22Z,2719,2026-10-08T18:51:18Z,327
2026-10-09T00:18:22Z,2722,2026-10-07T08:41:59Z,2376
2026-10-09T00:18:22Z,2724,2026-10-08T06:53:41Z,1044
2026-10-09T00:18:22Z,2726,2026-10-08T22:57:49Z,80
2026-10-09T00:18:22Z,2727,2026-10-08T11:26:47Z,771
2026-10-09T00:18:22Z,2728,2026-10-08T09:42:40Z,875
2026-10-09T00:18:22Z,2729,2026-10-08T18:31:02Z,347
2026-10-09T00:18:22Z,2734,2026-07-29T06:33:24Z,103304
2026-10-09T00:18:22Z,2736,2026-10-07T15:38:04Z,1960
2026-10-09T00:18:22Z,2738,2026-10-07T09:50:35Z,2307
2026-10-09T00:18:22Z,2739,2026-10-08T23:22:43Z,55
2026-10-09T00:18:22Z,2740,2026-10-08T19:21:07Z,297
2026-10-09T00:18:22Z,2743,2026-10-08T14:31:27Z,586
2026-10-09T00:18:22Z,2746,2026-10-06T06:10:02Z,3968
2026-10-09T00:18:22Z,2748,2026-10-08T08:16:20Z,962
2026-10-09T00:18:22Z,2757,2026-10-08T15:51:22Z,507
2026-10-09T00:18:22Z,2758,2026-10-08T22:41:08Z,97
2026-10-09T00:18:22Z,2759,2026-10-08T18:03:21Z,375
2026-10-09T00:18:22Z,2760,2026-10-09T00:01:55Z,16
2026-10-09T00:18:22Z,2761,2026-10-08T20:30:33Z,227
2026-10-09T00:18:22Z,2763,2026-10-08T17:31:52Z,406
2026-10-09T00:18:22Z,2764,2026-10-08T19:51:47Z,266
2026-10-09T00:18:22Z,2765,2026-10-08T18:16:06Z,362
2026-10-09T00:18:22Z,2766,2026-10-08T17:33:35Z,404
2026-10-09T00:18:22Z,2767,2026-10-07T07:01:09Z,2477
2026-10-09T00:18:22Z,2768,2026-10-08T20:54:57Z,203
2026-10-09T00:18:22Z,2769,2026-10-08T13:37:57Z,640
2026-10-09T00:18:22Z,2770,2026-10-08T19:55:44Z,262
2026-10-09T00:18:22Z,2771,2026-10-09T00:15:05Z,3
2026-10-09T00:18:22Z,2772,2026-10-09T00:15:05Z,3
2026-10-09T00:18:22Z,2773,2026-10-08T21:01:29Z,196
2026-10-09T00:18:22Z,2774,2026-10-08T21:00:49Z,197
2026-10-09T00:18:22Z,2778,2026-10-08T21:01:14Z,197
2026-10-09T00:18:22Z,2779,2026-10-08T21:02:57Z,195
2026-10-09T00:18:22Z,2780,2026-10-08T21:00:51Z,197
2026-10-09T00:18:22Z,2782,2026-10-08T21:01:29Z,196
2026-10-09T00:18:22Z,2788,2026-10-08T21:01:07Z,197
2026-10-09T00:18:22Z,2789,2026-10-08T21:00:48Z,197
2026-10-09T00:18:22Z,2791,2026-10-08T21:01:29Z,196
2026-10-09T00:18:22Z,2792,2026-10-08T21:41:27Z,156
2026-10-09T00:18:22Z,2794,2026-10-08T21:01:15Z,197
2026-10-09T00:18:22Z,2795,2026-10-08T21:01:13Z,197
2026-10-09T00:18:22Z,2796,2026-10-08T21:01:12Z,197
2026-10-09T00:18:22Z,2797,2026-10-08T21:00:50Z,197
2026-10-09T00:18:22Z,2798,2026-10-08T21:00:43Z,197
2026-10-09T00:18:22Z,2799,2026-10-08T21:00:44Z,197
2026-10-09T00:18:22Z,2800,2026-10-08T21:01:18Z,197
2026-10-09T00:18:22Z,2802,2026-09-01T06:51:28Z,54326
2026-10-09T00:18:22Z,2803,2026-10-08T22:01:17Z,137
2026-10-09T00:18:22Z,2804,2026-10-08T21:01:03Z,197
2026-10-09T00:18:22Z,2805,2026-10-08T09:13:13Z,905
2026-10-09T00:18:22Z,2806,2026-10-08T21:00:52Z,197
2026-10-09T00:18:22Z,2807,2026-10-08T21:00:46Z,197
2026-10-09T00:18:22Z,2808,2026-10-08T19:24:18Z,294
2026-10-09T00:18:22Z,2809,2026-10-08T19:24:18Z,294
2026-10-09T00:18:22Z,2810,2026-10-08T16:20:24Z,477
2026-10-09T00:18:22Z,2811,2026-10-08T21:00:59Z,197
2026-10-09T00:18:22Z,2812,2026-10-08T21:00:51Z,197
2026-10-09T00:18:22Z,2813,2026-10-08T21:00:55Z,197
2026-10-09T00:18:22Z,2814,2026-10-08T21:00:42Z,197
2026-10-09T00:18:22Z,2815,2026-10-08T22:35:47Z,102
2026-10-09T00:18:22Z,2816,2026-10-08T22:41:14Z,97
2026-10-09T00:18:22Z,2817,2026-10-08T21:00:54Z,197
2026-10-09T00:18:22Z,2818,2026-10-08T21:01:11Z,197
2026-10-09T00:18:22Z,2819,2026-10-08T21:00:53Z,197
2026-10-09T00:18:22Z,2820,2026-10-08T18:28:10Z,350
2026-10-09T00:18:22Z,2821,2026-10-09T00:14:45Z,3
2026-10-09T00:18:22Z,2822,2026-10-08T23:30:37Z,47
2026-10-09T00:18:22Z,2824,2026-10-08T21:01:48Z,196
2026-10-09T00:18:22Z,2825,2026-02-23T12:04:04Z,327614
2026-10-09T00:18:22Z,2826,2026-10-08T21:01:25Z,196
2026-10-09T00:18:22Z,2827,2026-10-08T16:06:48Z,491
2026-10-09T00:18:22Z,2828,2026-10-08T21:02:26Z,195
2026-10-09T00:18:22Z,2829,2026-10-08T21:01:09Z,197
2026-10-09T00:18:22Z,2830,2026-10-08T21:00:47Z,197
2026-10-09T00:18:22Z,2831,2026-10-08T21:01:12Z,197
2026-10-09T00:18:22Z,2832,2026-10-08T21:00:51Z,197
2026-10-09T00:18:22Z,2833,2026-05-14T09:37:50Z,212560
2026-10-09T00:18:22Z,2834,2026-10-08T21:00:50Z,197
2026-10-09T00:18:22Z,2835,2026-10-08T21:01:23Z,196
2026-10-09T00:18:22Z,2836,2026-10-08T21:00:52Z,197
2026-10-09T00:18:22Z,2837,2026-10-08T21:01:10Z,197
2026-10-09T00:18:22Z,2838,2026-10-08T21:01:10Z,197
2026-10-09T00:18:22Z,2839,2026-10-08T21:00:57Z,197
2026-10-09T00:18:22Z,2840,2026-10-08T19:10:07Z,308
2026-10-09T00:18:22Z,2841,2026-10-08T18:15:54Z,362
2026-10-09T00:18:22Z,2843,2026-10-08T20:38:01Z,220
2026-10-09T00:18:22Z,2844,2026-10-08T21:12:34Z,185
2026-10-09T00:18:22Z,2845,2026-10-08T17:08:58Z,429
2026-10-09T00:18:22Z,2846,2026-10-04T16:35:41Z,6222
2026-10-09T00:18:22Z,2847,2026-10-09T00:05:17Z,13
2026-10-09T00:18:22Z,2848,2026-10-08T16:04:42Z,493
2026-10-09T00:18:22Z,2849,2026-10-08T13:39:27Z,638
2026-10-09T00:18:22Z,2850,2026-10-08T19:46:47Z,271
2026-10-09T00:18:22Z,2851,2026-10-08T23:34:21Z,44
2026-10-09T00:18:22Z,2852,2026-10-05T01:21:38Z,5696
2026-10-09T00:18:22Z,2853,2026-10-08T13:21:25Z,656
2026-10-09T00:18:22Z,2855,2026-10-08T11:47:23Z,750
2026-10-09T00:18:22Z,2856,2026-10-08T15:38:38Z,519
2026-10-09T00:18:22Z,2857,2026-10-08T17:13:28Z,424
2026-10-09T00:18:22Z,2858,2026-10-05T09:48:16Z,5190
2026-10-09T00:18:22Z,2859,2026-10-08T14:09:26Z,608
2026-10-09T00:18:22Z,2860,2026-10-08T09:36:50Z,881
2026-10-09T00:18:22Z,2861,2026-10-08T10:37:48Z,820
2026-10-09T00:18:22Z,2862,2026-10-08T05:33:43Z,1124
2026-10-09T00:18:22Z,2863,2026-10-08T10:20:42Z,837
2026-10-09T00:18:22Z,2864,2026-10-07T15:04:29Z,1993
2026-10-09T00:18:22Z,2865,2026-10-08T13:53:46Z,624
2026-10-09T00:18:22Z,2866,2026-10-07T08:34:19Z,2384
2026-10-09T00:18:22Z,2867,2026-10-08T20:28:20Z,230
2026-10-09T00:18:22Z,2868,2026-10-08T15:33:10Z,525
2026-10-09T00:18:22Z,2869,2026-10-08T11:51:18Z,747
2026-10-09T00:18:22Z,2870,2026-10-08T12:28:44Z,709
2026-10-09T00:18:22Z,2871,2026-10-08T19:06:05Z,312
2026-10-09T00:18:22Z,2872,2026-10-08T15:01:03Z,557
2026-10-09T00:18:22Z,2873,2026-10-08T09:34:41Z,883
2026-10-09T00:18:22Z,2874,2026-10-08T13:08:30Z,669
2026-10-09T00:18:22Z,2875,2026-10-08T08:28:56Z,949
2026-10-09T00:18:22Z,2876,2026-10-08T19:07:15Z,311
2026-10-09T00:18:22Z,2877,2026-10-08T17:51:47Z,386
2026-10-09T00:18:22Z,2878,2026-10-08T00:02:10Z,1456
2026-10-09T00:18:22Z,2879,2026-10-08T19:33:40Z,284
2026-10-09T00:18:22Z,2880,2026-10-09T00:01:42Z,16
2026-10-09T00:18:22Z,2881,2026-10-08T01:17:40Z,1380
2026-10-09T00:18:22Z,2882,2026-10-09T00:02:11Z,16
2026-10-09T00:18:22Z,2883,2026-10-09T00:01:29Z,16
2026-10-09T00:18:22Z,2884,2026-10-09T00:01:48Z,16
2026-10-09T00:18:22Z,2885,2026-10-08T19:31:06Z,287
2026-10-09T00:18:22Z,2886,2026-10-07T07:01:09Z,2477
2026-10-09T00:18:22Z,2887,2026-10-07T11:32:47Z,2205
2026-10-09T00:18:22Z,2889,2026-10-09T00:01:21Z,17
2026-10-09T00:18:22Z,2890,2026-10-08T15:39:56Z,518
2026-10-09T00:18:22Z,2891,2026-10-08T11:57:22Z,741
2026-10-09T00:18:22Z,2892,2026-10-08T12:23:52Z,714
2026-10-09T00:18:22Z,2893,2026-10-08T12:53:06Z,685
2026-10-09T00:18:22Z,2894,2026-10-08T14:27:10Z,591
2026-10-09T00:18:22Z,2895,2026-10-08T16:18:12Z,480
2026-10-09T00:18:22Z,2896,2026-10-08T19:43:16Z,275
2026-10-09T00:18:22Z,2897,2026-10-09T00:03:55Z,14
2026-10-09T00:18:22Z,2898,2026-10-08T07:05:33Z,1032
2026-10-09T00:18:22Z,2899,2026-10-08T15:30:57Z,527
2026-10-09T00:18:22Z,2900,2026-10-06T04:31:31Z,4066
2026-10-09T00:18:22Z,2901,2026-10-08T20:34:56Z,223
2026-10-09T00:18:22Z,2902,2026-10-08T17:10:04Z,428
2026-10-09T00:18:22Z,2903,2026-10-08T19:40:16Z,278
2026-10-09T00:18:22Z,2904,2026-10-08T15:10:16Z,548
2026-10-09T00:18:22Z,2906,2026-10-09T00:01:34Z,16
2026-10-09T00:18:22Z,2907,2026-10-08T18:16:02Z,362
2026-10-09T00:18:22Z,2908,2026-10-07T15:08:03Z,1990
2026-10-09T00:18:22Z,2909,2026-10-08T14:18:28Z,599
2026-10-09T00:18:22Z,2911,2026-10-08T14:07:00Z,611
2026-10-09T00:18:22Z,2912,2026-10-08T15:35:57Z,522
2026-10-09T00:18:22Z,2913,2026-10-08T17:01:26Z,436
2026-10-09T00:18:22Z,2914,2026-10-08T16:01:00Z,497
2026-10-09T00:18:22Z,2915,2026-10-08T13:54:22Z,624
2026-10-09T00:18:22Z,2916,2026-10-08T09:23:06Z,895
2026-10-09T00:18:22Z,2917,2026-10-08T15:02:06Z,556
2026-10-09T00:18:22Z,2918,2026-10-08T14:37:10Z,581
2026-10-09T00:18:22Z,2919,2026-10-09T00:01:40Z,16
2026-10-09T00:18:22Z,2920,2026-10-09T00:02:13Z,16
2026-10-09T00:18:22Z,2921,2026-10-08T16:21:38Z,476
2026-10-09T00:18:22Z,2922,2026-10-07T07:09:19Z,2469
2026-10-09T00:18:22Z,2923,2026-10-05T08:48:50Z,5249
2026-10-09T00:18:22Z,2924,2026-10-07T12:05:22Z,2173
2026-10-09T00:18:22Z,2925,2026-10-05T11:02:46Z,5115
2026-10-09T00:18:22Z,2926,2026-10-08T13:27:39Z,650
2026-10-09T00:18:22Z,2927,2026-10-08T20:21:55Z,236
2026-10-09T00:18:22Z,2928,2026-10-08T06:48:58Z,1049
2026-10-09T00:18:22Z,2929,2026-10-08T16:58:44Z,439
2026-10-09T00:18:22Z,2930,2026-10-08T13:17:04Z,661
2026-10-09T00:18:22Z,2931,2026-10-08T14:47:43Z,570
2026-10-09T00:18:22Z,2932,2026-10-08T17:42:13Z,396
2026-10-09T00:18:22Z,2933,2026-10-08T20:34:59Z,223
2026-10-09T00:18:22Z,2934,2026-10-08T07:48:10Z,990
2026-10-09T00:18:22Z,2935,2026-10-08T16:04:55Z,493
2026-10-09T00:18:22Z,2936,2026-10-08T10:56:26Z,801
2026-10-09T00:18:22Z,2937,2026-10-08T20:57:20Z,201
2026-10-09T00:18:22Z,2938,2026-10-08T08:47:58Z,930
2026-10-09T00:18:22Z,2939,2026-10-09T00:02:13Z,16
2026-10-09T00:18:22Z,2940,2026-10-08T15:18:44Z,539
2026-10-09T00:18:22Z,2941,2026-10-08T14:03:26Z,614
2026-10-09T00:18:22Z,2942,2026-10-08T15:51:41Z,506
2026-10-09T00:18:22Z,2943,2026-10-08T14:59:04Z,559
2026-10-09T00:18:22Z,2944,2026-10-08T13:56:08Z,622
2026-10-09T00:18:22Z,2945,2026-10-07T15:12:14Z,1986
2026-10-09T00:18:22Z,2981,2026-10-08T15:48:03Z,510
2026-10-09T00:18:22Z,2982,2026-10-03T11:15:04Z,7983
2026-10-09T00:18:22Z,2983,2026-10-08T17:39:57Z,398
2026-10-09T00:18:22Z,2984,2026-10-08T10:33:21Z,825
2026-10-09T00:18:22Z,2985,2026-10-08T13:42:32Z,635
2026-10-09T00:18:22Z,2986,2026-10-08T16:23:45Z,474
2026-10-09T00:18:22Z,2987,2026-10-08T20:55:30Z,202
2026-10-09T00:18:22Z,2988,2026-10-08T17:03:49Z,434
2026-10-09T00:18:22Z,2989,2026-10-08T18:42:35Z,335
2026-10-09T00:18:22Z,2990,2026-10-08T15:29:10Z,529
2026-10-09T00:18:22Z,2991,2026-10-08T15:42:07Z,516
2026-10-09T00:18:22Z,2992,2026-10-08T09:32:10Z,886
2026-10-09T00:18:22Z,2993,2026-10-08T11:45:17Z,753
2026-10-09T00:18:22Z,2994,2026-10-08T15:35:36Z,522
2026-10-09T00:18:22Z,2995,2026-10-07T14:59:31Z,1998
2026-10-09T00:18:22Z,2996,2026-10-08T20:33:29Z,224
2026-10-09T00:18:22Z,2997,2026-10-08T20:33:29Z,224
2026-10-09T00:18:22Z,2999,2026-10-08T14:02:45Z,615
2026-10-09T00:18:22Z,3000,2026-10-08T23:00:59Z,77
2026-10-09T00:18:22Z,3001,2026-10-08T18:26:30Z,351
2026-10-09T00:18:22Z,3002,2026-10-08T15:27:58Z,530
2026-10-09T00:18:22Z,3003,2026-10-08T15:14:50Z,543
2026-10-09T00:18:22Z,3009,2026-10-09T00:15:05Z,3
2026-10-09T00:18:22Z,3011,2026-10-09T00:15:09Z,3
2026-10-09T00:18:22Z,3035,2026-10-08T20:34:42Z,223
2026-10-09T00:18:22Z,3037,2026-10-08T20:24:01Z,234
2026-10-09T00:18:22Z,3038,2026-10-08T16:40:15Z,458
2026-10-09T00:18:22Z,3042,2026-10-09T00:09:10Z,9
2026-10-09T00:18:22Z,3043,2026-10-08T13:23:46Z,654
2026-10-09T00:18:22Z,3044,2026-10-08T20:30:32Z,227
2026-10-09T00:18:22Z,3045,2026-10-08T23:28:59Z,49
2026-10-09T00:18:22Z,3046,2026-10-08T20:38:03Z,220
2026-10-09T00:18:22Z,3049,2026-10-08T21:40:09Z,158
2026-10-09T00:18:22Z,3050,2026-10-08T17:30:16Z,408
2026-10-09T00:18:22Z,3052,2026-10-08T16:53:36Z,444
2026-10-09T00:18:22Z,3053,2026-10-08T18:46:24Z,331
2026-10-09T00:18:22Z,3054,2026-10-08T17:20:53Z,417
2026-10-09T00:18:22Z,3055,2026-10-08T13:34:36Z,643
2026-10-09T00:18:22Z,3056,2026-10-08T13:31:30Z,646
2026-10-09T00:18:22Z,3057,2026-10-08T13:31:49Z,646
2026-10-09T00:18:22Z,3058,2026-10-08T20:37:16Z,221
2026-10-09T00:18:22Z,3059,2026-10-08T23:33:47Z,44
2026-10-09T00:18:22Z,3060,2026-10-08T16:14:10Z,484
2026-10-09T00:18:22Z,3061,2026-10-09T00:15:05Z,3
2026-10-09T00:18:22Z,3062,2026-10-09T00:10:41Z,7
2026-10-09T00:18:22Z,3063,2026-10-08T00:01:57Z,1456
2026-10-09T00:18:22Z,3064,2026-10-08T05:30:58Z,1127
2026-10-09T00:18:22Z,3065,2026-10-08T18:22:42Z,355
2026-10-09T00:18:22Z,3066,2026-10-08T16:47:58Z,450
2026-10-09T00:18:22Z,3067,2026-10-08T12:04:15Z,734
2026-10-09T00:18:22Z,3068,2026-10-07T14:32:39Z,2025
2026-10-09T00:18:22Z,3069,2026-10-07T07:01:09Z,2477
2026-10-09T00:18:22Z,3070,2026-10-08T13:06:50Z,671
2026-10-09T00:18:22Z,3071,2026-10-08T17:03:48Z,434
2026-10-09T00:18:22Z,3072,2026-10-08T15:59:10Z,499
2026-10-09T00:18:22Z,3073,2026-10-08T21:00:58Z,197
2026-10-09T00:18:22Z,3074,2026-10-08T13:29:12Z,649
2026-10-09T00:18:22Z,3075,2026-10-08T13:29:03Z,649
2026-10-09T00:18:22Z,3076,2026-10-08T14:43:48Z,574
2026-10-09T00:18:22Z,3077,2026-10-08T11:32:04Z,766
2026-10-09T00:18:22Z,3078,2026-10-07T10:48:47Z,2249
2026-10-09T00:18:22Z,3079,2026-10-07T12:27:19Z,2151
2026-10-09T00:18:22Z,3080,2026-10-09T00:02:02Z,16
2026-10-09T00:18:22Z,3081,2026-10-08T10:45:39Z,812
2026-10-09T00:18:22Z,3082,2026-10-08T14:28:46Z,589
2026-10-09T00:18:22Z,3083,2026-10-08T16:21:58Z,476
2026-10-09T00:18:22Z,3084,2026-10-08T16:51:56Z,446
2026-10-09T00:18:22Z,3085,2026-10-07T16:35:10Z,1903
2026-10-09T00:18:22Z,3086,2026-10-08T16:55:58Z,442
2026-10-09T00:18:22Z,3087,2026-10-05T12:02:18Z,5056
2026-10-09T00:18:22Z,3088,2026-10-08T17:03:03Z,435
2026-10-09T00:18:22Z,3089,2026-10-08T15:40:12Z,518
2026-10-09T00:18:22Z,3091,2026-10-08T16:44:59Z,453
2026-10-09T00:18:22Z,3092,2026-10-08T17:34:41Z,403
2026-10-09T00:18:22Z,3093,2026-10-08T18:31:15Z,347
2026-10-09T00:18:22Z,3094,2026-10-08T22:55:35Z,82
2026-10-09T00:18:22Z,3095,2026-10-06T06:06:51Z,3971
2026-10-09T00:18:22Z,3096,2026-10-08T12:56:11Z,682
2026-10-09T00:18:22Z,3101,2026-10-08T09:44:43Z,873
2026-10-09T00:18:22Z,3102,2026-10-08T16:58:14Z,440
2026-10-09T00:18:22Z,3103,2026-10-08T21:00:55Z,197
2026-10-09T00:18:22Z,3105,2026-10-08T21:01:00Z,197
2026-10-09T00:18:22Z,3107,2026-10-08T18:18:38Z,359
2026-10-09T00:18:22Z,3108,2026-10-08T21:00:58Z,197
2026-10-09T00:18:22Z,3109,2026-10-08T21:00:56Z,197
2026-10-09T00:18:22Z,3110,2026-10-08T19:46:34Z,271
2026-10-09T00:18:22Z,3111,2026-10-08T18:13:43Z,364
2026-10-09T00:18:22Z,3112,2026-10-08T18:05:00Z,373
2026-10-09T00:18:22Z,3113,2026-10-08T18:53:19Z,325
2026-10-09T00:18:22Z,3116,2026-10-08T20:28:16Z,230
2026-10-09T00:18:22Z,3117,2026-10-08T13:30:35Z,647
2026-10-09T00:18:22Z,3118,2026-10-08T08:32:08Z,946
2026-10-09T00:18:22Z,3131,2026-10-09T00:01:07Z,17
2026-10-09T00:18:22Z,3132,2026-10-09T00:15:03Z,3
2026-10-09T00:18:22Z,3133,2026-10-09T00:15:03Z,3
2026-10-09T00:18:22Z,3134,2026-10-09T00:15:03Z,3
2026-10-09T00:18:22Z,3135,2026-10-09T00:15:03Z,3
2026-10-09T00:18:22Z,3136,2026-10-09T00:15:03Z,3
2026-10-09T00:18:22Z,3137,2026-10-09T00:15:03Z,3
2026-10-09T00:18:22Z,3138,2026-10-09T00:15:03Z,3
2026-10-09T00:18:22Z,3139,2026-10-08T17:33:29Z,404
2026-10-09T00:18:22Z,3140,2026-10-08T13:09:00Z,669
2026-10-09T00:18:22Z,3141,2026-10-08T10:46:50Z,811
2026-10-09T00:18:22Z,3142,2026-10-08T23:00:50Z,77
2026-10-09T00:18:22Z,3143,2026-10-08T16:24:54Z,473
2026-10-09T00:18:22Z,3144,2026-10-08T20:44:55Z,213
2026-10-09T00:18:22Z,3149,2026-10-09T00:15:03Z,3
2026-10-09T00:18:22Z,3150,2026-10-09T00:15:03Z,3
2026-10-09T00:18:22Z,3151,2026-10-09T00:15:03Z,3
2026-10-09T00:18:22Z,3152,2026-10-09T00:15:03Z,3
2026-10-09T00:18:22Z,3153,2026-10-08T15:29:31Z,528
2026-10-09T00:18:22Z,3154,2026-10-08T23:59:48Z,18
2026-10-09T00:18:22Z,3155,2026-10-09T00:15:03Z,3
2026-10-09T00:18:22Z,3156,2026-10-09T00:15:03Z,3
2026-10-09T00:18:22Z,3157,2026-10-09T00:15:03Z,3
2026-10-09T00:18:22Z,3158,2026-10-09T00:15:03Z,3
2026-10-09T00:18:22Z,3159,2026-10-09T00:15:03Z,3
2026-10-09T00:18:22Z,3160,2026-10-08T13:15:16Z,663
2026-10-09T00:18:22Z,3161,2026-10-09T00:15:03Z,3
2026-10-09T00:18:22Z,3162,2026-10-09T00:15:03Z,3
2026-10-09T00:18:22Z,3163,2026-10-09T00:15:03Z,3
2026-10-09T00:18:22Z,3164,2026-10-09T00:15:03Z,3
2026-10-09T00:18:22Z,3166,2026-10-09T00:15:03Z,3
2026-10-09T00:18:22Z,3167,2026-10-09T00:15:03Z,3
2026-10-09T00:18:22Z,3168,2026-10-09T00:15:03Z,3
2026-10-09T00:18:22Z,3169,2026-10-09T00:15:03Z,3
2026-10-09T00:18:22Z,3170,2026-10-08T18:58:00Z,320
2026-10-09T00:18:22Z,3171,2026-10-09T00:15:03Z,3
2026-10-09T00:18:22Z,3173,2026-10-09T00:15:03Z,3
2026-10-09T00:18:22Z,3174,2026-10-09T00:15:03Z,3
2026-10-09T00:18:22Z,3176,2026-10-09T00:15:03Z,3
2026-10-09T00:18:22Z,3181,2026-10-09T00:15:03Z,3
2026-10-09T00:18:22Z,3182,2026-10-09T00:15:03Z,3
2026-10-09T00:18:22Z,3183,2026-10-08T19:08:20Z,310
2026-10-09T00:18:22Z,3184,2026-10-09T00:15:03Z,3
2026-10-09T00:18:22Z,3185,2026-10-09T00:15:03Z,3
2026-10-09T00:18:22Z,3186,2026-10-09T00:15:03Z,3
2026-10-09T00:18:22Z,3187,2026-10-09T00:15:03Z,3
2026-10-09T00:18:22Z,3189,2026-10-09T00:15:03Z,3
2026-10-09T00:18:22Z,3190,2026-10-09T00:15:03Z,3
2026-10-09T00:18:22Z,3193,2026-10-09T00:15:03Z,3
2026-10-09T00:18:22Z,3194,2026-10-09T00:15:03Z,3
2026-10-09T00:18:22Z,3195,2026-10-09T00:15:03Z,3
2026-10-09T00:18:22Z,3196,2026-10-09T00:15:03Z,3
2026-10-09T00:18:22Z,3201,2026-10-09T00:15:03Z,3
2026-10-09T00:18:22Z,3202,2026-10-08T17:01:20Z,437
2026-10-09T00:18:22Z,3203,2026-10-09T00:15:03Z,3
2026-10-09T00:18:22Z,3204,2026-10-09T00:15:03Z,3
2026-10-09T00:18:22Z,3205,2026-10-08T17:48:48Z,389
2026-10-09T00:18:22Z,3209,2026-10-09T00:15:03Z,3
2026-10-09T00:18:22Z,3210,2026-10-09T00:15:03Z,3
2026-10-09T00:18:22Z,3211,2026-10-08T23:32:00Z,46
2026-10-09T00:18:22Z,3213,2026-10-08T20:37:44Z,220
2026-10-09T00:18:22Z,3214,2026-10-08T19:33:38Z,284
2026-10-09T00:18:22Z,3216,2026-10-08T16:31:15Z,467
2026-10-09T00:18:22Z,3219,2026-10-08T21:01:10Z,197
2026-10-09T00:18:22Z,3220,2026-10-08T21:01:07Z,197
2026-10-09T00:18:22Z,3221,2026-10-08T21:00:51Z,197
2026-10-09T00:18:22Z,3222,2026-10-08T21:01:00Z,197
2026-10-09T00:18:22Z,3225,2026-10-08T19:16:18Z,302
2026-10-09T00:18:22Z,3226,2026-10-08T21:01:07Z,197
2026-10-09T00:18:22Z,3227,2026-10-08T20:43:19Z,215
2026-10-09T00:18:22Z,3228,2026-10-08T21:00:55Z,197
2026-10-09T00:18:22Z,3229,2026-10-08T21:01:27Z,196
2026-10-09T00:18:22Z,3230,2026-10-08T21:01:25Z,196
2026-10-09T00:18:22Z,3231,2026-10-08T21:00:42Z,197
2026-10-09T00:18:22Z,3233,2026-10-08T21:01:04Z,197
2026-10-09T00:18:22Z,3234,2026-10-08T21:01:24Z,196
2026-10-09T00:18:22Z,3240,2026-10-08T22:28:51Z,109
2026-10-09T00:18:22Z,3241,2026-10-08T18:09:25Z,368
2026-10-09T00:18:22Z,3242,2026-10-08T14:25:03Z,593
2026-10-09T00:18:22Z,3243,2026-10-08T13:51:51Z,626
2026-10-09T00:18:22Z,3244,2026-10-08T16:19:09Z,479
2026-10-09T00:18:22Z,3245,2026-10-08T11:55:35Z,742
2026-10-09T00:18:22Z,3246,2026-10-08T23:02:41Z,75
2026-10-09T00:18:22Z,3247,2026-10-09T00:01:54Z,16
2026-10-09T00:18:22Z,3248,2026-10-09T00:02:00Z,16
2026-10-09T00:18:22Z,3249,2026-10-08T11:32:54Z,765
2026-10-09T00:18:22Z,3250,2026-10-08T21:38:21Z,160
2026-10-09T00:18:22Z,3251,2026-10-09T00:01:38Z,16
2026-10-09T00:18:22Z,3252,2026-10-08T10:14:26Z,843
2026-10-09T00:18:22Z,3253,2026-10-08T17:13:32Z,424
2026-10-09T00:18:22Z,3254,2026-10-08T21:01:23Z,196
2026-10-09T00:18:22Z,3256,2026-10-08T19:26:06Z,292
2026-10-09T00:18:22Z,3258,2026-10-08T21:23:29Z,174
2026-10-09T00:18:22Z,3261,2026-10-08T21:00:49Z,197
2026-10-09T00:18:22Z,3276,2026-10-08T21:00:53Z,197
2026-10-09T00:18:22Z,3277,2026-10-08T21:01:09Z,197
2026-10-09T00:18:22Z,3278,2026-10-08T21:00:57Z,197
2026-10-09T00:18:22Z,3279,2026-10-08T21:00:57Z,197
2026-10-09T00:18:22Z,3280,2026-10-08T21:01:03Z,197
2026-10-09T00:18:22Z,3281,2026-10-08T21:01:08Z,197
2026-10-09T00:18:22Z,3283,2026-10-08T21:00:49Z,197
2026-10-09T00:18:22Z,3285,2026-10-08T21:00:38Z,197
2026-10-09T00:18:22Z,3287,2026-10-08T21:01:00Z,197
2026-10-09T00:18:22Z,3289,2026-10-08T21:01:05Z,197
2026-10-09T00:18:22Z,3294,2026-10-08T21:00:54Z,197
2026-10-09T00:18:22Z,3304,2026-10-08T16:13:27Z,484
2026-10-09T00:18:22Z,3305,2026-10-08T21:01:21Z,197
2026-10-09T00:18:22Z,3306,2026-10-08T21:00:50Z,197
2026-10-09T00:18:22Z,3308,2026-10-08T21:00:59Z,197
2026-10-09T00:18:22Z,3309,2026-10-08T21:00:48Z,197
2026-10-09T00:18:22Z,3318,2026-10-07T21:30:06Z,1608
2026-10-09T00:18:22Z,3319,2026-10-08T23:30:30Z,47
2026-10-09T00:18:22Z,3322,2026-09-29T10:14:53Z,13803
2026-10-09T00:18:22Z,3323,2026-10-03T08:24:49Z,8153
2026-10-09T00:18:22Z,3325,2026-10-08T21:01:19Z,197
2026-10-09T00:18:22Z,3328,2026-10-08T17:15:20Z,423
2026-10-09T00:18:22Z,3341,2026-10-08T15:21:06Z,537
2026-10-09T00:18:22Z,3380,2026-10-08T19:09:28Z,308
2026-10-09T00:18:22Z,3381,2026-10-08T19:09:26Z,308
2026-10-09T00:18:22Z,3382,2026-10-08T19:09:27Z,308
2026-10-09T00:18:22Z,3383,2026-10-08T19:09:25Z,308
2026-10-09T00:18:22Z,3384,2026-10-08T22:54:08Z,84
2026-10-09T00:18:22Z,3385,2026-10-08T19:09:26Z,308
2026-10-09T00:18:22Z,3386,2026-10-08T19:09:26Z,308
2026-10-09T00:18:22Z,3387,2026-10-08T19:09:18Z,309
2026-10-09T00:18:22Z,3389,2026-10-08T19:09:11Z,309
2026-10-09T00:18:22Z,3390,2026-10-08T19:09:12Z,309
2026-10-09T00:18:22Z,3391,2026-10-08T23:54:14Z,24
2026-10-09T00:18:22Z,3392,2026-10-08T21:49:35Z,148
2026-10-09T00:18:22Z,3393,2026-10-08T19:09:14Z,309
2026-10-09T00:18:22Z,3394,2026-10-08T19:09:14Z,309
2026-10-09T00:18:22Z,3395,2026-10-08T23:47:39Z,30
2026-10-09T00:18:22Z,3396,2026-10-08T19:09:15Z,309
2026-10-09T00:18:22Z,3397,2026-10-08T21:52:16Z,146
2026-10-09T00:18:22Z,3398,2026-10-08T23:50:22Z,28
2026-10-09T00:18:22Z,3399,2026-10-08T19:09:15Z,309
2026-10-09T00:18:22Z,3400,2026-10-08T19:09:16Z,309
2026-10-09T00:18:22Z,3401,2026-10-08T21:52:17Z,146
2026-10-09T00:18:22Z,3402,2026-10-08T19:09:17Z,309
2026-10-09T00:18:22Z,3404,2026-10-08T22:33:50Z,104
2026-10-09T00:18:22Z,3405,2026-10-08T19:09:56Z,308
2026-10-09T00:18:22Z,3406,2026-10-08T19:09:56Z,308
2026-10-09T00:18:22Z,3407,2026-10-08T19:09:45Z,308
2026-10-09T00:18:22Z,3408,2026-10-08T19:10:02Z,308
2026-10-09T00:18:22Z,3409,2026-10-08T19:09:13Z,309
2026-10-09T00:18:22Z,3410,2026-10-08T19:09:43Z,308
2026-10-09T00:18:22Z,3411,2026-10-08T23:20:28Z,57
2026-10-09T00:18:22Z,3412,2026-10-08T19:09:19Z,309
2026-10-09T00:18:22Z,3413,2026-10-08T19:09:19Z,309
2026-10-09T00:18:22Z,3414,2026-10-08T19:09:18Z,309
2026-10-09T00:18:22Z,3415,2026-10-08T19:09:18Z,309
2026-10-09T00:18:22Z,3416,2026-10-08T19:09:50Z,308
2026-10-09T00:18:22Z,3417,2026-10-08T20:36:20Z,222
2026-10-09T00:18:22Z,3418,2026-10-08T19:09:43Z,308
2026-10-09T00:18:22Z,3419,2026-10-08T19:09:21Z,309
2026-10-09T00:18:22Z,3420,2026-10-08T19:09:59Z,308
2026-10-09T00:18:22Z,3421,2026-10-08T23:03:57Z,74
2026-10-09T00:18:22Z,3423,2026-10-08T23:55:40Z,22
2026-10-09T00:18:22Z,3424,2026-10-08T19:09:19Z,309
2026-10-09T00:18:22Z,3425,2026-10-08T19:09:20Z,309
2026-10-09T00:18:22Z,3426,2026-10-08T22:10:42Z,127
2026-10-09T00:18:22Z,3427,2026-10-08T23:54:31Z,23
2026-10-09T00:18:22Z,3428,2026-10-08T19:09:17Z,309
2026-10-09T00:18:22Z,3429,2026-10-08T19:09:18Z,309
2026-10-09T00:18:22Z,3430,2026-10-08T19:09:20Z,309
2026-10-09T00:18:22Z,3431,2026-10-08T22:56:17Z,82
2026-10-09T00:18:22Z,3432,2026-10-08T19:09:21Z,309
2026-10-09T00:18:22Z,3433,2026-10-08T20:27:41Z,230
2026-10-09T00:18:22Z,3435,2026-10-08T19:09:22Z,309
2026-10-09T00:18:22Z,3436,2026-10-08T19:09:22Z,309
2026-10-09T00:18:22Z,3437,2026-10-08T19:09:44Z,308
2026-10-09T00:18:22Z,3438,2026-10-08T19:09:45Z,308
2026-10-09T00:18:22Z,3439,2026-10-08T23:55:44Z,22
2026-10-09T00:18:22Z,3440,2026-10-08T20:22:19Z,236
2026-10-09T00:18:22Z,3441,2026-10-08T19:20:25Z,297
2026-10-09T00:18:22Z,3442,2026-10-08T19:09:26Z,308
2026-10-09T00:18:22Z,3443,2026-10-08T19:13:38Z,304
2026-10-09T00:18:22Z,3444,2026-10-08T19:09:27Z,308
2026-10-09T00:18:22Z,3445,2026-10-08T19:09:27Z,308
2026-10-09T00:18:22Z,3446,2026-10-08T22:20:39Z,117
2026-10-09T00:18:22Z,3447,2026-10-08T19:09:38Z,308
2026-10-09T00:18:22Z,3448,2026-10-08T19:09:39Z,308
2026-10-09T00:18:22Z,3449,2026-10-08T19:09:39Z,308
2026-10-09T00:18:22Z,3450,2026-10-08T19:09:40Z,308
2026-10-09T00:18:22Z,3451,2026-10-08T22:06:07Z,132
2026-10-09T00:18:22Z,3452,2026-10-08T19:09:51Z,308
2026-10-09T00:18:22Z,3453,2026-10-08T23:54:35Z,23
2026-10-09T00:18:22Z,3454,2026-10-08T19:09:44Z,308
2026-10-09T00:18:22Z,3455,2026-10-08T19:09:51Z,308
2026-10-09T00:18:22Z,3456,2026-10-08T19:09:46Z,308
2026-10-09T00:18:22Z,3457,2026-10-08T19:09:46Z,308
2026-10-09T00:18:22Z,3458,2026-10-08T21:53:09Z,145
2026-10-09T00:18:22Z,3459,2026-10-08T19:09:47Z,308
2026-10-09T00:18:22Z,3460,2026-10-08T23:55:48Z,22
2026-10-09T00:18:22Z,3461,2026-10-08T21:50:23Z,147
2026-10-09T00:18:22Z,3462,2026-10-08T19:09:53Z,308
2026-10-09T00:18:22Z,3463,2026-10-08T19:09:55Z,308
2026-10-09T00:18:22Z,3464,2026-10-08T19:09:59Z,308
2026-10-09T00:18:22Z,3465,2026-10-08T19:10:00Z,308
2026-10-09T00:18:22Z,3466,2026-10-08T19:10:00Z,308
2026-10-09T00:18:22Z,3467,2026-10-08T22:11:10Z,127
2026-10-09T00:18:22Z,3468,2026-10-08T23:55:51Z,22
2026-10-09T00:18:22Z,3469,2026-10-08T20:34:10Z,224
2026-10-09T00:18:22Z,3470,2026-10-08T15:31:12Z,527
2026-10-09T00:18:22Z,3471,2026-08-31T10:04:31Z,55573
2026-10-09T00:18:22Z,3472,2026-10-08T21:01:04Z,197
2026-10-09T00:18:22Z,3473,2026-10-08T19:10:07Z,308
2026-10-09T00:18:22Z,3477,2026-10-08T17:25:11Z,413
2026-10-09T00:18:22Z,3478,2026-10-08T17:58:15Z,380
2026-10-09T00:18:22Z,3479,2026-10-08T15:07:48Z,550
2026-10-09T00:18:22Z,3488,2026-10-08T21:00:53Z,197
2026-10-09T00:18:22Z,3489,2026-10-08T23:12:14Z,66
2026-10-09T00:18:22Z,3490,2026-10-08T19:34:57Z,283
2026-10-09T00:18:22Z,3491,2026-10-08T23:28:01Z,50
2026-10-09T00:18:22Z,3594,2026-10-08T13:20:46Z,657
2026-10-09T00:18:22Z,3595,2026-10-08T13:29:50Z,648
2026-10-09T00:18:22Z,3596,2026-10-08T19:29:11Z,289
2026-10-09T00:18:22Z,3597,2026-10-08T23:44:49Z,33
2026-10-09T00:18:22Z,3598,2026-10-08T14:38:18Z,580
2026-10-09T00:18:22Z,3599,2026-10-08T21:22:50Z,175
2026-10-09T00:18:22Z,3600,2026-10-08T19:10:11Z,308
2026-10-09T00:18:22Z,3601,2026-10-08T19:10:11Z,308
2026-10-09T00:18:22Z,3602,2026-10-08T17:49:01Z,389
2026-10-09T00:18:22Z,3603,2026-10-08T19:10:11Z,308
2026-10-09T00:18:22Z,3605,2026-10-08T22:41:50Z,96
2026-10-09T00:18:22Z,3606,2026-10-08T19:05:45Z,312
2026-10-09T00:18:22Z,3607,2026-10-08T21:00:45Z,197
2026-10-09T00:18:22Z,3608,2026-10-08T13:41:43Z,636
2026-10-09T00:18:22Z,3609,2026-08-17T08:18:12Z,75840
2026-10-09T00:18:22Z,3615,2026-10-08T19:10:12Z,308
2026-10-09T00:18:22Z,3618,2026-10-08T19:10:13Z,308
2026-10-09T00:18:22Z,3619,2026-10-08T19:10:13Z,308
2026-10-09T00:18:22Z,3620,2026-10-08T19:09:36Z,308
2026-10-09T00:18:22Z,3621,2026-10-08T13:51:42Z,626
2026-10-09T00:18:22Z,3622,2026-10-08T15:28:35Z,529
2026-10-09T00:18:22Z,3623,2026-10-09T00:01:43Z,16
2026-10-09T00:18:22Z,3624,2026-10-08T18:56:19Z,322
2026-10-09T00:18:22Z,3625,2026-10-09T00:07:51Z,10
2026-10-09T00:18:22Z,3629,2026-10-08T15:13:25Z,544
2026-10-09T00:18:22Z,3630,2026-10-08T20:25:40Z,232
2026-10-09T00:18:22Z,3631,2026-10-08T19:18:41Z,299
2026-10-09T00:18:22Z,3632,2026-10-08T20:21:30Z,236
2026-10-09T00:18:22Z,3633,2026-09-29T17:29:28Z,13368
2026-10-09T00:18:22Z,3638,2026-07-25T13:14:56Z,108663
2026-10-09T00:18:22Z,3639,2026-10-08T18:38:23Z,339
2026-10-09T00:18:22Z,3641,2026-10-08T18:53:35Z,324
2026-10-09T00:18:22Z,3642,2026-10-08T08:14:01Z,964
2026-10-09T00:18:22Z,3643,2026-10-08T08:39:07Z,939
2026-10-09T00:18:22Z,3644,2026-07-01T15:55:56Z,143062
2026-10-09T00:18:22Z,3645,2026-10-08T17:10:06Z,428
2026-10-09T00:18:22Z,3646,2026-10-08T21:01:26Z,196
2026-10-09T00:18:22Z,3678,2026-10-08T20:12:42Z,245
2026-10-09T00:18:22Z,3681,2026-10-09T00:09:34Z,8
2026-10-09T00:18:22Z,3682,2026-10-08T15:49:05Z,509
2026-10-09T00:18:22Z,3683,2026-10-08T15:49:03Z,509
2026-10-09T00:18:22Z,3684,2026-10-09T00:15:05Z,3
2026-10-09T00:18:22Z,3685,2026-10-09T00:14:48Z,3
2026-10-09T00:18:22Z,3686,2026-10-09T00:14:52Z,3
2026-10-09T00:18:22Z,3687,2026-10-08T05:28:04Z,1130
2026-10-09T00:18:22Z,3688,2026-10-08T14:04:03Z,614
2026-10-09T00:18:22Z,3690,2026-10-08T15:49:22Z,509
2026-10-09T00:18:22Z,3691,2026-10-08T15:49:03Z,509
2026-10-09T00:18:22Z,3692,2026-10-08T19:09:53Z,308
2026-10-09T00:18:22Z,3693,2026-10-08T15:49:04Z,509
2026-10-09T00:18:22Z,3694,2026-10-09T00:14:53Z,3
2026-10-09T00:18:22Z,3695,2026-10-08T15:49:04Z,509
2026-10-09T00:18:22Z,3696,2026-10-08T15:49:19Z,509
2026-10-09T00:18:22Z,3697,2026-10-09T00:14:52Z,3
2026-10-09T00:18:22Z,3698,2026-10-08T19:10:16Z,308
2026-10-09T00:18:22Z,3699,2026-10-08T15:49:08Z,509
2026-10-09T00:18:22Z,3700,2026-10-09T00:14:49Z,3
2026-10-09T00:18:22Z,3701,2026-10-09T00:14:49Z,3
2026-10-09T00:18:22Z,3702,2026-10-09T00:14:51Z,3
2026-10-09T00:18:22Z,3703,2026-10-08T15:49:07Z,509
2026-10-09T00:18:22Z,3704,2026-10-09T00:14:49Z,3
2026-10-09T00:18:22Z,3706,2026-10-08T20:32:24Z,225
2026-10-09T00:18:22Z,3707,2026-10-08T13:21:45Z,656
2026-10-09T00:18:22Z,3708,2026-10-08T13:21:00Z,657
2026-10-09T00:18:22Z,3709,2026-10-08T13:24:10Z,654
2026-10-09T00:18:22Z,3710,2026-10-08T13:21:02Z,657
2026-10-09T00:18:22Z,3711,2026-10-08T20:24:01Z,234
2026-10-09T00:18:22Z,3712,2026-10-08T20:35:41Z,222
2026-10-09T00:18:22Z,3714,2026-10-08T20:26:14Z,232
2026-10-09T00:18:22Z,3715,2026-10-08T13:21:34Z,656
2026-10-09T00:18:22Z,3716,2026-10-08T21:51:07Z,147
2026-10-09T00:18:22Z,3717,2026-10-08T21:00:54Z,197
2026-10-09T00:18:22Z,3718,2026-10-08T13:40:11Z,638
2026-10-09T00:18:22Z,3719,2026-10-09T00:01:49Z,16
2026-10-09T00:18:22Z,3720,2026-10-08T21:01:01Z,197
2026-10-09T00:18:22Z,3721,2026-10-08T14:56:47Z,561
2026-10-09T00:18:22Z,3723,2026-10-08T20:37:56Z,220
2026-10-09T00:18:22Z,3724,2026-10-09T00:14:52Z,3
2026-10-09T00:18:22Z,3725,2026-10-08T15:49:03Z,509
2026-10-09T00:18:22Z,3726,2026-10-08T15:49:05Z,509
2026-10-09T00:18:22Z,3727,2026-10-09T00:14:50Z,3
2026-10-09T00:18:22Z,3728,2026-10-09T00:14:52Z,3
2026-10-09T00:18:22Z,3729,2026-10-08T15:49:04Z,509
2026-10-09T00:18:22Z,3730,2026-10-09T00:14:53Z,3
2026-10-09T00:18:22Z,3732,2026-10-08T15:49:20Z,509
2026-10-09T00:18:22Z,3733,2026-10-08T15:48:51Z,509
2026-10-09T00:18:22Z,3734,2026-10-08T18:56:09Z,322
2026-10-09T00:18:22Z,3735,2026-10-09T00:14:51Z,3
2026-10-09T00:18:22Z,3736,2026-10-08T15:49:20Z,509
2026-10-09T00:18:22Z,3737,2026-10-08T15:49:06Z,509
2026-10-09T00:18:22Z,3738,2026-10-08T15:49:04Z,509
2026-10-09T00:18:22Z,3739,2026-10-09T00:14:51Z,3
2026-10-09T00:18:22Z,3740,2026-10-09T00:14:49Z,3
2026-10-09T00:18:22Z,3741,2026-09-08T03:30:17Z,44448
2026-10-09T00:18:22Z,3742,2026-10-08T20:24:15Z,234
2026-10-09T00:18:22Z,3743,2026-10-08T15:48:57Z,509
2026-10-09T00:18:22Z,3744,2026-10-09T00:14:49Z,3
2026-10-09T00:18:22Z,3745,2026-10-08T17:04:31Z,433
2026-10-09T00:18:22Z,3746,2026-10-08T15:49:00Z,509
2026-10-09T00:18:22Z,3747,2026-10-08T15:49:04Z,509
2026-10-09T00:18:22Z,3748,2026-10-08T15:49:07Z,509
2026-10-09T00:18:22Z,3749,2026-10-09T00:14:52Z,3
2026-10-09T00:18:22Z,3750,2026-10-08T15:49:07Z,509
2026-10-09T00:18:22Z,3751,2026-10-09T00:14:50Z,3
2026-10-09T00:18:22Z,3752,2026-10-08T15:49:06Z,509
2026-10-09T00:18:22Z,3753,2026-10-08T15:49:06Z,509
2026-10-09T00:18:22Z,3754,2026-10-08T15:49:05Z,509
2026-10-09T00:18:22Z,3755,2026-10-08T15:49:00Z,509
2026-10-09T00:18:22Z,3756,2026-10-09T00:14:49Z,3
2026-10-09T00:18:22Z,3757,2026-10-08T15:49:08Z,509
2026-10-09T00:18:22Z,3758,2026-10-09T00:14:49Z,3
2026-10-09T00:18:22Z,3759,2026-10-08T15:49:08Z,509
2026-10-09T00:18:22Z,3760,2026-10-09T00:14:50Z,3
2026-10-09T00:18:22Z,3762,2026-10-08T15:49:04Z,509
2026-10-09T00:18:22Z,3763,2026-10-08T15:48:58Z,509
2026-10-09T00:18:22Z,3764,2026-10-08T15:49:20Z,509
2026-10-09T00:18:22Z,3765,2026-10-08T15:49:04Z,509
2026-10-09T00:18:22Z,3766,2026-10-09T00:14:52Z,3
2026-10-09T00:18:22Z,3767,2026-10-08T18:31:25Z,346
2026-10-09T00:18:22Z,3768,2026-10-09T00:14:52Z,3
2026-10-09T00:18:22Z,3769,2026-10-08T19:42:44Z,275
2026-10-09T00:18:22Z,3770,2026-10-09T00:14:50Z,3
2026-10-09T00:18:22Z,3771,2026-10-08T15:50:04Z,508
2026-10-09T00:18:22Z,3772,2026-10-08T15:49:05Z,509
2026-10-09T00:18:22Z,3773,2026-10-08T15:49:03Z,509
2026-10-09T00:18:22Z,3774,2026-10-08T15:49:03Z,509
2026-10-09T00:18:22Z,3775,2026-10-08T15:49:05Z,509
2026-10-09T00:18:22Z,3776,2026-10-08T13:53:30Z,624
2026-10-09T00:18:22Z,3777,2026-08-05T05:12:17Z,93306
2026-10-09T00:18:22Z,3778,2026-10-08T15:49:09Z,509
2026-10-09T00:18:22Z,3779,2026-10-08T15:49:09Z,509
2026-10-09T00:18:22Z,3780,2026-10-09T00:14:53Z,3
2026-10-09T00:18:22Z,3781,2026-10-08T15:49:03Z,509
2026-10-09T00:18:22Z,3782,2026-10-08T15:49:01Z,509
2026-10-09T00:18:22Z,3783,2026-10-08T20:54:59Z,203
2026-10-09T00:18:22Z,3784,2026-10-09T00:14:49Z,3
2026-10-09T00:18:22Z,3785,2026-10-09T00:14:52Z,3
2026-10-09T00:18:22Z,3786,2026-10-08T15:49:03Z,509
2026-10-09T00:18:22Z,3787,2026-10-08T15:49:05Z,509
2026-10-09T00:18:22Z,3788,2026-10-08T15:49:01Z,509
2026-10-09T00:18:22Z,3789,2026-10-08T15:49:02Z,509
2026-10-09T00:18:22Z,3790,2026-10-09T00:14:50Z,3
2026-10-09T00:18:22Z,3792,2026-10-08T15:49:05Z,509
2026-10-09T00:18:22Z,3793,2026-10-08T15:49:02Z,509
2026-10-09T00:18:22Z,3794,2026-10-08T15:49:07Z,509
2026-10-09T00:18:22Z,3795,2026-10-08T15:48:58Z,509
2026-10-09T00:18:22Z,3796,2026-10-08T15:49:04Z,509
2026-10-09T00:18:22Z,3797,2026-10-08T15:49:07Z,509
2026-10-09T00:18:22Z,3798,2026-10-08T15:49:04Z,509
2026-10-09T00:18:22Z,3799,2026-10-08T15:49:06Z,509
2026-10-09T00:18:22Z,3800,2026-10-08T15:48:58Z,509
2026-10-09T00:18:22Z,3801,2026-10-08T20:48:28Z,209
2026-10-09T00:18:22Z,3802,2026-10-08T15:49:06Z,509
2026-10-09T00:18:22Z,3803,2026-10-09T00:14:52Z,3
2026-10-09T00:18:22Z,3804,2026-10-08T12:03:17Z,735
2026-10-09T00:18:22Z,3805,2026-10-08T23:42:58Z,35
2026-10-09T00:18:22Z,3806,2026-10-08T15:49:03Z,509
2026-10-09T00:18:22Z,3807,2026-10-08T15:49:03Z,509
2026-10-09T00:18:22Z,3808,2026-10-08T15:48:59Z,509
2026-10-09T00:18:22Z,3809,2026-10-08T15:49:03Z,509
2026-10-09T00:18:22Z,3810,2026-10-08T15:49:01Z,509
2026-10-09T00:18:22Z,3811,2026-10-09T00:14:49Z,3
2026-10-09T00:18:22Z,3812,2026-10-08T16:16:12Z,482
2026-10-09T00:18:22Z,3813,2026-10-08T15:49:02Z,509
2026-10-09T00:18:22Z,3814,2026-10-08T15:49:01Z,509
2026-10-09T00:18:22Z,3815,2026-10-08T18:40:44Z,337
2026-10-09T00:18:22Z,3820,2025-09-01T08:43:33Z,579814
2026-10-09T00:18:22Z,3821,2025-09-01T08:43:06Z,579815
2026-10-09T00:18:22Z,3822,2026-10-02T14:21:22Z,9237
2026-10-09T00:18:22Z,3823,2025-09-01T08:43:04Z,579815
2026-10-09T00:18:22Z,3824,2025-09-01T08:43:16Z,579815
2026-10-09T00:18:22Z,3825,2024-09-03T15:01:56Z,1102156
2026-10-09T00:18:22Z,3827,2026-09-07T13:52:03Z,45266
2026-10-09T00:18:22Z,3829,2026-10-08T09:07:20Z,911
2026-10-09T00:18:22Z,3831,2026-10-08T15:49:05Z,509
2026-10-09T00:18:22Z,3832,2026-10-08T15:49:03Z,509
2026-10-09T00:18:22Z,3833,2026-10-08T15:49:07Z,509
2026-10-09T00:18:22Z,3834,2026-10-08T19:27:53Z,290
2026-10-09T00:18:22Z,3835,2026-10-08T15:49:07Z,509
2026-10-09T00:18:22Z,3836,2026-10-08T15:49:06Z,509
2026-10-09T00:18:22Z,3837,2026-10-08T15:49:07Z,509
2026-10-09T00:18:22Z,3838,2026-10-08T19:53:35Z,264
2026-10-09T00:18:22Z,3839,2026-10-08T15:04:07Z,554
2026-10-09T00:18:22Z,3840,2026-10-08T17:15:32Z,422
2026-10-09T00:18:22Z,3841,2026-10-08T22:31:42Z,106
2026-10-09T00:18:22Z,3842,2026-10-08T19:02:07Z,316
2026-10-09T00:18:22Z,3843,2026-09-10T12:22:52Z,41035
2026-10-09T00:18:22Z,3844,2026-10-09T00:02:35Z,15
2026-10-09T00:18:22Z,3845,2026-10-08T16:39:35Z,458
2026-10-09T00:18:22Z,3846,2026-10-08T18:29:42Z,348
2026-10-09T00:18:22Z,3847,2026-10-08T15:49:02Z,509
2026-10-09T00:18:22Z,3848,2026-10-08T15:49:03Z,509
2026-10-09T00:18:22Z,3849,2026-10-09T00:14:49Z,3
2026-10-09T00:18:22Z,3850,2026-10-08T20:45:20Z,213
2026-10-09T00:18:22Z,3851,2026-10-09T00:14:48Z,3
2026-10-09T00:18:22Z,3852,2026-10-09T00:14:50Z,3
2026-10-09T00:18:22Z,3853,2026-10-08T16:59:08Z,439
2026-10-09T00:18:22Z,3854,2026-10-08T15:49:03Z,509
2026-10-09T00:18:22Z,3855,2026-10-08T15:49:05Z,509
2026-10-09T00:18:22Z,3856,2026-10-08T15:49:00Z,509
2026-10-09T00:18:22Z,3857,2026-10-08T15:49:02Z,509
2026-10-09T00:18:22Z,3858,2026-10-08T20:56:48Z,201
2026-10-09T00:18:22Z,3859,2026-10-08T15:49:00Z,509
2026-10-09T00:18:22Z,3860,2026-10-08T15:49:00Z,509
2026-10-09T00:18:22Z,3861,2026-10-08T15:49:01Z,509
2026-10-09T00:18:22Z,3862,2026-10-09T00:14:50Z,3
2026-10-09T00:18:22Z,3863,2026-10-08T16:09:01Z,489
2026-10-09T00:18:22Z,3864,2026-10-08T19:10:19Z,308
2026-10-09T00:18:22Z,3865,2026-10-08T15:49:03Z,509
2026-10-09T00:18:22Z,3866,2026-10-09T00:14:52Z,3
2026-10-09T00:18:22Z,3867,2026-10-08T15:49:01Z,509
2026-10-09T00:18:22Z,3868,2026-10-08T15:49:20Z,509
2026-10-09T00:18:22Z,3869,2026-10-08T15:48:50Z,509
2026-10-09T00:18:22Z,3870,2026-10-08T15:49:07Z,509
2026-10-09T00:18:22Z,3871,2026-10-09T00:14:51Z,3
2026-10-09T00:18:22Z,3872,2026-10-08T15:49:06Z,509
2026-10-09T00:18:22Z,3873,2026-10-08T15:49:06Z,509
2026-10-09T00:18:22Z,3874,2026-10-09T00:14:52Z,3
2026-10-09T00:18:22Z,3875,2026-10-08T15:49:02Z,509
2026-10-09T00:18:22Z,3876,2026-10-08T15:49:02Z,509
2026-10-09T00:18:22Z,3877,2026-10-09T00:14:49Z,3
2026-10-09T00:18:22Z,3878,2026-09-25T21:16:47Z,18901
2026-10-09T00:18:22Z,3879,2026-10-09T00:14:49Z,3
2026-10-09T00:18:22Z,3880,2026-10-08T15:49:11Z,509
2026-10-09T00:18:22Z,3881,2026-10-08T15:48:50Z,509
2026-10-09T00:18:22Z,3882,2026-10-05T02:23:32Z,5634
2026-10-09T00:18:22Z,3883,2026-10-08T19:42:31Z,275
2026-10-09T00:18:22Z,3884,2026-09-22T11:44:35Z,23793
2026-10-09T00:18:22Z,3885,2026-10-08T16:29:31Z,468
2026-10-09T00:18:22Z,3886,2026-10-09T00:14:51Z,3
2026-10-09T00:18:22Z,3887,2026-10-08T15:49:07Z,509
2026-10-09T00:18:22Z,3888,2026-10-09T00:14:51Z,3
2026-10-09T00:18:22Z,3889,2026-10-09T00:14:52Z,3
2026-10-09T00:18:22Z,3891,2026-10-08T15:49:09Z,509
2026-10-09T00:18:22Z,3892,2026-10-06T18:48:01Z,3210
2026-10-09T00:18:22Z,3893,2026-10-08T15:49:07Z,509
2026-10-09T00:18:22Z,3894,2026-10-08T15:49:20Z,509
2026-10-09T00:18:22Z,3895,2026-10-08T15:48:58Z,509
2026-10-09T00:18:22Z,3896,2026-10-08T15:49:08Z,509
2026-10-09T00:18:22Z,3897,2026-10-08T15:49:06Z,509
2026-10-09T00:18:22Z,3898,2026-10-09T00:14:50Z,3
2026-10-09T00:18:22Z,3899,2026-10-08T15:49:22Z,509
2026-10-09T00:18:22Z,3900,2026-10-08T15:49:07Z,509
2026-10-09T00:18:22Z,3901,2026-10-08T15:49:02Z,509
2026-10-09T00:18:22Z,3902,2026-10-09T00:14:53Z,3
2026-10-09T00:18:22Z,3903,2026-10-08T19:07:12Z,311
2026-10-09T00:18:22Z,3904,2026-10-08T15:49:07Z,509
2026-10-09T00:18:22Z,3905,2026-10-08T17:33:49Z,404
2026-10-09T00:18:22Z,3906,2026-10-08T15:49:04Z,509
2026-10-09T00:18:22Z,3907,2026-04-16T20:24:32Z,252233
2026-10-09T00:18:22Z,3908,2026-10-09T00:14:49Z,3
2026-10-09T00:18:22Z,3909,2026-10-08T15:49:02Z,509
2026-10-09T00:18:22Z,3910,2026-10-09T00:14:51Z,3
2026-10-09T00:18:22Z,3911,2026-10-08T18:15:49Z,362
2026-10-09T00:18:22Z,3912,2026-10-08T15:49:01Z,509
2026-10-09T00:18:22Z,3913,2026-10-08T15:49:19Z,509
2026-10-09T00:18:22Z,3914,2026-10-08T21:34:46Z,163
2026-10-09T00:18:22Z,3915,2026-10-08T15:48:57Z,509
2026-10-09T00:18:22Z,3916,2026-10-08T15:49:02Z,509
2026-10-09T00:18:22Z,3917,2026-10-09T00:14:49Z,3
2026-10-09T00:18:22Z,3918,2025-09-23T08:51:00Z,548127
2026-10-09T00:18:22Z,3919,2026-10-08T15:48:58Z,509
2026-10-09T00:18:22Z,3920,2026-10-09T00:14:50Z,3
2026-10-09T00:18:22Z,3921,2026-10-09T00:14:49Z,3
2026-10-09T00:18:22Z,3922,2026-10-09T00:14:51Z,3
2026-10-09T00:18:22Z,3923,2026-10-09T00:14:49Z,3
2026-10-09T00:18:22Z,3924,2026-10-08T15:49:03Z,509
2026-10-09T00:18:22Z,3925,2026-10-09T00:14:52Z,3
2026-10-09T00:18:22Z,3926,2026-10-09T00:14:49Z,3
2026-10-09T00:18:22Z,3927,2026-10-09T00:14:53Z,3
2026-10-09T00:18:22Z,3928,2026-10-08T15:48:58Z,509
2026-10-09T00:18:22Z,3929,2026-10-06T22:32:18Z,2986
2026-10-09T00:18:22Z,3930,2026-10-08T21:48:47Z,149
2026-10-09T00:18:22Z,3931,2026-10-08T15:49:06Z,509
2026-10-09T00:18:22Z,3932,2026-10-08T19:37:15Z,281
2026-10-09T00:18:22Z,3933,2026-10-09T00:14:49Z,3
2026-10-09T00:18:22Z,3934,2026-10-08T17:42:14Z,396
2026-10-09T00:18:22Z,3935,2026-10-09T00:14:49Z,3
2026-10-09T00:18:22Z,3936,2026-10-09T00:14:52Z,3
2026-10-09T00:18:22Z,3937,2026-10-08T15:49:05Z,509
2026-10-09T00:18:22Z,3938,2026-10-09T00:14:49Z,3
2026-10-09T00:18:22Z,3939,2026-10-08T15:48:57Z,509
2026-10-09T00:18:22Z,3940,2026-10-08T15:48:51Z,509
2026-10-09T00:18:22Z,3941,2026-10-09T00:14:50Z,3
2026-10-09T00:18:22Z,3942,2026-10-08T15:49:20Z,509
2026-10-09T00:18:22Z,3943,2026-10-08T15:49:08Z,509
2026-10-09T00:18:22Z,3944,2026-10-08T15:48:58Z,509
2026-10-09T00:18:22Z,3946,2026-10-08T16:09:51Z,488
2026-10-09T00:18:22Z,3947,2026-10-08T16:09:46Z,488
2026-10-09T00:18:22Z,3948,2026-10-08T15:49:02Z,509
2026-10-09T00:18:22Z,3949,2026-10-08T15:48:50Z,509
2026-10-09T00:18:22Z,3950,2026-10-09T00:14:52Z,3
2026-10-09T00:18:22Z,3951,2026-10-09T00:14:52Z,3
2026-10-09T00:18:22Z,3952,2026-10-08T15:49:06Z,509
2026-10-09T00:18:22Z,3953,2026-10-08T15:49:11Z,509
2026-10-09T00:18:22Z,3954,2026-10-08T15:49:04Z,509
2026-10-09T00:18:22Z,3955,2026-10-08T15:49:00Z,509
2026-10-09T00:18:22Z,3956,2026-10-08T15:49:16Z,509
2026-10-09T00:18:22Z,3957,2026-10-08T15:48:57Z,509
2026-10-09T00:18:22Z,3958,2026-10-08T15:49:03Z,509
2026-10-09T00:18:22Z,3959,2026-10-08T18:13:47Z,364
2026-10-09T00:18:22Z,3960,2026-10-08T15:49:04Z,509
2026-10-09T00:18:22Z,3961,2026-10-08T15:49:02Z,509
2026-10-09T00:18:22Z,3962,2026-10-08T15:49:00Z,509
2026-10-09T00:18:22Z,3963,2025-11-13T05:31:37Z,474886
2026-10-09T00:18:22Z,3964,2026-10-08T15:49:01Z,509
2026-10-09T00:18:22Z,3965,2026-10-02T22:15:32Z,8762
2026-10-09T00:18:22Z,3966,2026-10-09T00:14:51Z,3
2026-10-09T00:18:22Z,3967,2026-10-08T15:49:01Z,509
2026-10-09T00:18:22Z,3968,2026-10-08T15:49:02Z,509
2026-10-09T00:18:22Z,3969,2026-10-08T15:48:50Z,509
2026-10-09T00:18:22Z,3970,2026-10-08T15:49:30Z,508
2026-10-09T00:18:22Z,3971,2026-10-08T16:02:58Z,495
2026-10-09T00:18:22Z,3974,2026-10-08T15:49:01Z,509
2026-10-09T00:18:22Z,3975,2026-10-08T15:48:52Z,509
2026-10-09T00:18:22Z,3976,2026-10-08T15:48:50Z,509
2026-10-09T00:18:22Z,3977,2026-10-08T15:49:02Z,509
2026-10-09T00:18:22Z,3978,2026-10-09T00:14:49Z,3
2026-10-09T00:18:22Z,3979,2026-10-08T15:49:05Z,509
2026-10-09T00:18:22Z,3980,2026-10-09T00:14:51Z,3
2026-10-09T00:18:22Z,3986,2026-10-08T20:19:13Z,239
2026-10-09T00:18:22Z,3987,2026-10-08T21:01:11Z,197
2026-10-09T00:18:22Z,3988,2026-10-08T07:58:58Z,979
2026-10-09T00:18:22Z,3989,2026-10-08T21:28:41Z,169
2026-10-09T00:18:22Z,3990,2026-10-08T16:57:59Z,440
2026-10-09T00:18:22Z,3991,2026-10-08T15:49:05Z,509
2026-10-09T00:18:22Z,3992,2026-10-08T18:52:45Z,325
2026-10-09T00:18:22Z,3993,2026-10-08T15:49:02Z,509
2026-10-09T00:18:22Z,3994,2025-12-01T16:51:17Z,448287
2026-10-09T00:18:22Z,3995,2026-03-13T20:54:47Z,301163
2026-10-09T00:18:22Z,3996,2026-10-08T19:10:20Z,308
2026-10-09T00:18:22Z,3997,2026-10-08T21:35:52Z,162
2026-10-09T00:18:22Z,3998,2026-10-08T21:36:27Z,161
2026-10-09T00:18:22Z,3999,2026-10-08T21:01:11Z,197
2026-10-09T00:18:22Z,4000,2026-10-08T08:18:21Z,960
2026-10-09T00:18:22Z,4001,2026-10-09T00:14:49Z,3
2026-10-09T00:18:22Z,4002,2026-10-08T15:48:58Z,509
2026-10-09T00:18:22Z,4003,2026-10-08T15:49:01Z,509
2026-10-09T00:18:22Z,4004,2026-10-08T15:49:03Z,509
2026-10-09T00:18:22Z,4005,2026-10-08T15:49:00Z,509
2026-10-09T00:18:22Z,4006,2026-10-08T15:49:08Z,509
2026-10-09T00:18:22Z,4007,2026-10-08T15:49:06Z,509
2026-10-09T00:18:22Z,4008,2026-10-08T19:27:18Z,291
2026-10-09T00:18:22Z,4009,2026-10-08T19:40:40Z,277
2026-10-09T00:18:22Z,4010,2026-10-08T21:14:36Z,183
2026-10-09T00:18:22Z,4011,2026-10-08T21:14:36Z,183
2026-10-09T00:18:22Z,4012,2026-10-08T21:14:36Z,183
2026-10-09T00:18:22Z,4013,2026-10-08T15:49:02Z,509
2026-10-09T00:18:22Z,4014,2026-10-08T15:48:51Z,509
2026-10-09T00:18:22Z,4015,2026-10-08T15:49:06Z,509
2026-10-09T00:18:22Z,4017,2026-10-08T15:49:02Z,509
2026-10-09T00:18:22Z,4018,2026-10-08T15:49:08Z,509
2026-10-09T00:18:22Z,4019,2026-10-09T00:14:50Z,3
2026-10-09T00:18:22Z,4020,2026-10-08T15:49:02Z,509
2026-10-09T00:18:22Z,4021,2026-10-08T15:49:02Z,509
2026-10-09T00:18:22Z,4022,2026-10-08T15:49:01Z,509
2026-10-09T00:18:22Z,4023,2026-10-09T00:14:53Z,3
2026-10-09T00:18:22Z,4024,2025-09-23T08:50:51Z,548127
2026-10-09T00:18:22Z,4025,2026-10-08T15:49:01Z,509
2026-10-09T00:18:22Z,4026,2026-10-09T00:14:51Z,3
2026-10-09T00:18:22Z,4027,2026-10-08T15:49:05Z,509
2026-10-09T00:18:22Z,4028,2026-10-08T15:49:02Z,509
2026-10-09T00:18:22Z,4029,2026-10-08T15:49:08Z,509
2026-10-09T00:18:22Z,4030,2026-10-08T15:49:02Z,509
2026-10-09T00:18:22Z,4031,2026-10-08T15:48:57Z,509
2026-10-09T00:18:22Z,4032,2026-10-08T15:49:19Z,509
2026-10-09T00:18:22Z,4033,2026-10-08T15:48:57Z,509
2026-10-09T00:18:22Z,4034,2026-10-08T15:48:59Z,509
2026-10-09T00:18:22Z,4035,2026-10-08T15:49:07Z,509
2026-10-09T00:18:22Z,4036,2026-10-08T15:49:07Z,509
2026-10-09T00:18:22Z,4037,2026-10-09T00:14:50Z,3
2026-10-09T00:18:22Z,4038,2026-10-08T11:12:59Z,785
2026-10-09T00:18:22Z,4039,2026-10-09T00:14:52Z,3
2026-10-09T00:18:22Z,4040,2026-10-08T18:59:14Z,319
2026-10-09T00:18:22Z,4041,2026-09-30T21:46:11Z,11672
2026-10-09T00:18:22Z,4042,2026-10-07T04:25:12Z,2633
2026-10-09T00:18:22Z,4043,2026-10-09T00:14:48Z,3
2026-10-09T00:18:22Z,4044,2026-10-08T15:49:02Z,509
2026-10-09T00:18:22Z,4045,2026-10-08T15:49:19Z,509
2026-10-09T00:18:22Z,4046,2026-10-08T15:49:19Z,509
2026-10-09T00:18:22Z,4047,2026-10-08T15:49:20Z,509
2026-10-09T00:18:22Z,4048,2026-10-08T15:49:05Z,509
2026-10-09T00:18:22Z,4049,2026-10-08T15:48:58Z,509
2026-10-09T00:18:22Z,4050,2026-10-08T15:48:50Z,509
2026-10-09T00:18:22Z,4051,2026-10-08T15:48:51Z,509
2026-10-09T00:18:22Z,4052,2026-10-08T15:48:51Z,509
2026-10-09T00:18:22Z,4053,2026-10-09T00:14:51Z,3
2026-10-09T00:18:22Z,4054,2026-10-08T15:49:00Z,509
2026-10-09T00:18:22Z,4055,2026-10-08T15:49:00Z,509
2026-10-09T00:18:22Z,4056,2026-10-09T00:14:50Z,3
2026-10-09T00:18:22Z,4057,2026-10-08T15:49:06Z,509
2026-10-09T00:18:22Z,4058,2026-10-08T15:49:05Z,509
2026-10-09T00:18:22Z,4059,2026-10-08T15:49:07Z,509
2026-10-09T00:18:22Z,4060,2026-10-09T00:14:51Z,3
2026-10-09T00:18:22Z,4061,2026-10-08T15:49:01Z,509
2026-10-09T00:18:22Z,4062,2026-10-09T00:14:51Z,3
2026-10-09T00:18:22Z,4063,2026-10-08T15:49:05Z,509
2026-10-09T00:18:22Z,4064,2026-10-08T15:49:05Z,509
2026-10-09T00:18:22Z,4065,2026-10-08T17:56:55Z,381
2026-10-09T00:18:22Z,4066,2026-10-09T00:14:49Z,3
2026-10-09T00:18:22Z,4067,2026-10-08T15:48:52Z,509
2026-10-09T00:18:22Z,4068,2026-10-08T15:49:02Z,509
2026-10-09T00:18:22Z,4069,2026-10-08T17:47:00Z,391
2026-10-09T00:18:22Z,4070,2026-10-09T00:14:50Z,3
2026-10-09T00:18:22Z,4071,2026-10-08T19:05:41Z,312
2026-10-09T00:18:22Z,4072,2026-10-09T00:14:48Z,3
2026-10-09T00:18:22Z,4073,2026-10-09T00:14:48Z,3
2026-10-09T00:18:22Z,4074,2026-10-08T21:15:45Z,182
2026-10-09T00:18:22Z,4075,2026-10-09T00:14:52Z,3
2026-10-09T00:18:22Z,4076,2026-10-09T00:14:52Z,3
2026-10-09T00:18:22Z,4077,2026-10-08T17:02:44Z,435
2026-10-09T00:18:22Z,4078,2026-03-11T13:51:24Z,304466
2026-10-09T00:18:22Z,4079,2026-10-08T15:49:21Z,509
2026-10-09T00:18:22Z,4080,2026-10-08T21:37:00Z,161
2026-10-09T00:18:22Z,4081,2026-10-08T11:15:21Z,783
2026-10-09T00:18:22Z,4082,2026-10-08T19:02:00Z,316
2026-10-09T00:18:22Z,4083,2026-10-08T12:55:44Z,682
2026-10-09T00:18:22Z,4084,2026-10-08T18:12:32Z,365
2026-10-09T00:18:22Z,4085,2026-10-09T00:14:50Z,3
2026-10-09T00:18:22Z,4086,2026-10-08T19:25:08Z,293
2026-10-09T00:18:22Z,4087,2026-10-08T21:00:57Z,197
2026-10-09T00:18:22Z,4088,2026-10-08T20:32:10Z,226
2026-10-09T00:18:22Z,4089,2026-10-08T19:00:39Z,317
2026-10-09T00:18:22Z,4090,2026-10-08T17:41:10Z,397
2026-10-09T00:18:22Z,4091,2026-09-25T08:15:17Z,19683
2026-10-09T00:18:22Z,4092,2026-10-08T21:00:55Z,197
2026-10-09T00:18:22Z,4093,2026-10-09T00:14:53Z,3
2026-10-09T00:18:22Z,4094,2026-10-06T11:36:28Z,3641
2026-10-09T00:18:22Z,4095,2026-08-18T06:34:04Z,74504
2026-10-09T00:18:22Z,4096,2026-08-18T06:02:25Z,74535
2026-10-09T00:18:22Z,4097,2026-08-18T06:46:24Z,74491
2026-10-09T00:18:22Z,4099,2026-10-08T15:49:02Z,509
2026-10-09T00:18:22Z,4100,2026-10-08T15:55:30Z,502
2026-10-09T00:18:22Z,4101,2026-10-08T15:49:08Z,509
2026-10-09T00:18:22Z,4102,2026-10-08T15:49:05Z,509
2026-10-09T00:18:22Z,4103,2026-10-08T15:49:07Z,509
2026-10-09T00:18:22Z,4104,2026-10-08T15:49:22Z,509
2026-10-09T00:18:22Z,4105,2026-10-08T23:36:25Z,41
2026-10-09T00:18:22Z,4106,2026-10-09T00:14:52Z,3
2026-10-09T00:18:22Z,4108,2026-10-08T15:48:59Z,509
2026-10-09T00:18:22Z,4109,2026-10-09T00:14:53Z,3
2026-10-09T00:18:22Z,4110,2026-04-14T12:24:37Z,255593
2026-10-09T00:18:22Z,4111,2026-10-08T19:37:38Z,280
2026-10-09T00:18:22Z,4113,2026-03-06T07:58:24Z,312019
2026-10-09T00:18:22Z,4114,2026-10-09T00:14:50Z,3
2026-10-09T00:18:22Z,4115,2026-10-09T00:14:50Z,3
2026-10-09T00:18:22Z,4117,2026-10-08T15:49:11Z,509
2026-10-09T00:18:22Z,4118,2026-10-09T00:14:49Z,3
2026-10-09T00:18:22Z,4119,2026-10-09T00:14:52Z,3
2026-10-09T00:18:22Z,4121,2026-10-08T22:25:04Z,113
2026-10-09T00:18:22Z,4122,2026-10-08T19:03:10Z,315
2026-10-09T00:18:22Z,4123,2026-10-08T20:00:41Z,257
2026-10-09T00:18:22Z,4124,2026-10-08T19:30:37Z,287
2026-10-09T00:18:22Z,4125,2026-10-08T19:55:05Z,263
2026-10-09T00:18:22Z,4126,2026-10-08T19:05:32Z,312
2026-10-09T00:18:22Z,4127,2026-10-08T19:00:07Z,318
2026-10-09T00:18:22Z,4128,2026-10-07T18:42:14Z,1776
2026-10-09T00:18:22Z,4129,2026-10-08T18:44:36Z,333
2026-10-09T00:18:22Z,4130,2026-10-08T20:39:27Z,218
2026-10-09T00:18:22Z,4131,2026-10-08T21:46:39Z,151
2026-10-09T00:18:22Z,4132,2026-10-08T19:23:42Z,294
2026-10-09T00:18:22Z,4133,2026-10-08T19:16:00Z,302
2026-10-09T00:18:22Z,4134,2026-10-09T00:15:05Z,3
2026-10-09T00:18:22Z,4136,2026-10-08T13:36:26Z,641
2026-10-09T00:18:22Z,4137,2026-10-08T16:24:40Z,473
2026-10-09T00:18:22Z,4138,2026-10-08T15:49:01Z,509
2026-10-09T00:18:22Z,4141,2026-10-08T20:55:27Z,202
2026-10-09T00:18:22Z,4142,2026-10-08T15:30:30Z,527
2026-10-09T00:18:22Z,4145,2026-10-08T19:10:22Z,308
2026-10-09T00:18:22Z,4146,2026-10-08T21:00:43Z,197
2026-10-09T00:18:22Z,4147,2026-10-09T00:14:51Z,3
2026-10-09T00:18:22Z,4148,2026-10-08T15:49:03Z,509
2026-10-09T00:18:22Z,4149,2026-10-08T15:49:03Z,509
2026-10-09T00:18:22Z,4150,2026-10-08T15:49:06Z,509
2026-10-09T00:18:22Z,4151,2026-10-08T15:49:07Z,509
2026-10-09T00:18:22Z,4152,2026-10-08T15:48:58Z,509
2026-10-09T00:18:22Z,4153,2026-10-08T17:13:22Z,425
2026-10-09T00:18:22Z,4155,2026-10-08T23:11:40Z,66
2026-10-09T00:18:22Z,4156,2026-10-08T16:47:12Z,451
2026-10-09T00:18:22Z,4157,2026-10-09T00:14:56Z,3
2026-10-09T00:18:22Z,4158,2026-10-08T21:36:32Z,161
2026-10-09T00:18:22Z,4159,2026-10-08T21:36:29Z,161
2026-10-09T00:18:22Z,4160,2026-10-08T23:01:05Z,77
2026-10-09T00:18:22Z,4161,2026-10-08T19:10:22Z,308
2026-10-09T00:18:22Z,4162,2026-10-08T17:51:03Z,387
2026-10-09T00:18:22Z,4163,2026-10-08T23:07:20Z,71
2026-10-09T00:18:22Z,4165,2026-10-08T17:02:11Z,436
2026-10-09T00:18:22Z,4166,2026-10-08T17:40:02Z,398
2026-10-09T00:18:22Z,4167,2026-10-08T14:37:07Z,581
2026-10-09T00:18:22Z,4168,2026-10-08T19:10:22Z,308
2026-10-09T00:18:22Z,4169,2026-10-08T15:49:54Z,508
2026-10-09T00:18:22Z,4170,2026-10-08T15:48:57Z,509
2026-10-09T00:18:22Z,4171,2026-10-08T15:39:21Z,519
2026-10-09T00:18:22Z,4172,2026-10-09T00:14:49Z,3
2026-10-09T00:18:22Z,4173,2026-10-08T21:01:04Z,197
2026-10-09T00:18:22Z,4174,2026-10-08T15:49:02Z,509
2026-10-09T00:18:22Z,4175,2026-10-09T00:14:52Z,3
2026-10-09T00:18:22Z,4176,2026-10-08T15:49:04Z,509
2026-10-09T00:18:22Z,4177,2026-10-08T15:49:02Z,509
2026-10-09T00:18:22Z,4178,2026-10-09T00:14:49Z,3
2026-10-09T00:18:22Z,4179,2026-10-09T00:14:49Z,3
2026-10-09T00:18:22Z,4180,2026-10-08T15:48:57Z,509
2026-10-09T00:18:22Z,4181,2026-10-08T15:48:57Z,509
2026-10-09T00:18:22Z,4182,2026-10-08T15:49:11Z,509
2026-10-09T00:18:22Z,4183,2026-10-09T00:14:50Z,3
2026-10-09T00:18:22Z,4184,2026-10-08T15:48:58Z,509
2026-10-09T00:18:22Z,4185,2026-10-08T15:48:59Z,509
2026-10-09T00:18:22Z,4186,2026-10-09T00:14:53Z,3
2026-10-09T00:18:22Z,4187,2026-10-08T15:48:58Z,509
2026-10-09T00:18:22Z,4188,2026-10-09T00:14:53Z,3
2026-10-09T00:18:22Z,4189,2026-10-09T00:14:49Z,3
2026-10-09T00:18:22Z,4190,2026-10-08T15:48:58Z,509
2026-10-09T00:18:22Z,4191,2026-10-08T15:48:58Z,509
2026-10-09T00:18:22Z,4192,2026-08-26T02:53:10Z,63205
2026-10-09T00:18:22Z,4193,2026-08-25T03:01:06Z,64637
2026-10-09T00:18:22Z,4194,2026-10-09T00:14:51Z,3
2026-10-09T00:18:22Z,4195,2026-10-09T00:14:49Z,3
2026-10-09T00:18:22Z,4196,2026-10-08T15:49:17Z,509
2026-10-09T00:18:22Z,4197,2026-10-04T00:04:44Z,7213
2026-10-09T00:18:22Z,4198,2026-10-08T15:49:16Z,509
2026-10-09T00:18:22Z,4199,2026-10-09T00:14:49Z,3
2026-10-09T00:18:22Z,4200,2026-07-02T01:31:27Z,142486
2026-10-09T00:18:22Z,4201,2026-10-08T15:48:58Z,509
2026-10-09T00:18:22Z,4202,2026-10-09T00:14:50Z,3
2026-10-09T00:18:22Z,4203,2026-10-08T15:48:59Z,509
2026-10-09T00:18:22Z,4204,2026-10-08T15:48:59Z,509
2026-10-09T00:18:22Z,4205,2026-10-08T15:50:43Z,507
2026-10-09T00:18:22Z,4206,2026-10-08T18:52:22Z,326
2026-10-09T00:18:22Z,4207,2026-10-08T15:48:57Z,509
2026-10-09T00:18:22Z,4208,2026-10-09T00:14:52Z,3
2026-10-09T00:18:22Z,4209,2026-10-08T15:48:57Z,509
2026-10-09T00:18:22Z,4210,2026-10-08T15:48:59Z,509
2026-10-09T00:18:22Z,4211,2026-10-08T15:50:03Z,508
2026-10-09T00:18:22Z,4212,2026-10-09T00:14:51Z,3
2026-10-09T00:18:22Z,4213,2026-10-08T15:48:57Z,509
2026-10-09T00:18:22Z,4214,2026-10-08T19:43:07Z,275
2026-10-09T00:18:22Z,4216,2026-10-09T00:14:53Z,3
2026-10-09T00:18:22Z,4217,2026-10-08T15:48:59Z,509
2026-10-09T00:18:22Z,4218,2026-10-08T23:55:59Z,22
2026-10-09T00:18:22Z,4220,2026-10-09T00:14:49Z,3
2026-10-09T00:18:22Z,4221,2026-10-08T15:48:57Z,509
2026-10-09T00:18:22Z,4222,2026-10-08T15:48:58Z,509
2026-10-09T00:18:22Z,4223,2026-10-08T15:48:59Z,509
2026-10-09T00:18:22Z,4224,2026-10-08T15:48:57Z,509
2026-10-09T00:18:22Z,4225,2026-10-08T15:48:57Z,509
2026-10-09T00:18:22Z,4231,2026-10-08T15:49:08Z,509
2026-10-09T00:18:22Z,4233,2026-10-09T00:15:03Z,3
2026-10-09T00:18:22Z,4234,2026-10-09T00:14:49Z,3
2026-10-09T00:18:22Z,4235,2026-10-08T15:49:21Z,509
2026-10-09T00:18:22Z,4236,2026-10-08T13:55:00Z,623
2026-10-09T00:18:22Z,4237,2026-10-08T21:01:13Z,197
2026-10-09T00:18:22Z,4238,2026-10-08T19:25:50Z,292
2026-10-09T00:18:22Z,4239,2026-10-09T00:14:52Z,3
2026-10-09T00:18:22Z,4240,2026-10-09T00:04:17Z,14
2026-10-09T00:18:22Z,4241,2026-08-19T05:17:18Z,73141
2026-10-09T00:18:22Z,4242,2026-10-08T03:37:27Z,1240
2026-10-09T00:18:22Z,4243,2026-10-08T15:48:58Z,509
2026-10-09T00:18:22Z,4244,2026-10-08T15:48:59Z,509
2026-10-09T00:18:22Z,4245,2025-09-09T08:04:42Z,568333
2026-10-09T00:18:22Z,4246,2026-10-08T05:27:12Z,1131
2026-10-09T00:18:22Z,4247,2026-10-09T00:14:49Z,3
2026-10-09T00:18:22Z,4248,2026-10-08T15:48:57Z,509
2026-10-09T00:18:22Z,4249,2026-10-08T15:48:59Z,509
2026-10-09T00:18:22Z,4250,2026-10-08T18:20:50Z,357
2026-10-09T00:18:22Z,4251,2026-10-08T15:48:58Z,509
2026-10-09T00:18:22Z,4252,2026-10-08T15:48:58Z,509
2026-10-09T00:18:22Z,4253,2026-10-08T15:48:58Z,509
2026-10-09T00:18:22Z,4254,2026-10-08T15:48:58Z,509
2026-10-09T00:18:22Z,4255,2025-09-09T08:04:42Z,568333
2026-10-09T00:18:22Z,4256,2025-09-09T08:04:42Z,568333
2026-10-09T00:18:22Z,4257,2025-09-09T08:04:42Z,568333
2026-10-09T00:18:22Z,4258,2026-10-09T00:14:51Z,3
2026-10-09T00:18:22Z,4259,2026-10-09T00:14:49Z,3
2026-10-09T00:18:22Z,4260,2026-10-08T20:45:47Z,212
2026-10-09T00:18:22Z,4261,2026-10-08T21:01:19Z,197
2026-10-09T00:18:22Z,4262,2026-10-09T00:14:52Z,3
2026-10-09T00:18:22Z,4263,2026-10-08T15:48:57Z,509
2026-10-09T00:18:22Z,4264,2026-10-09T00:14:51Z,3
2026-10-09T00:18:22Z,4265,2026-10-08T15:49:16Z,509
2026-10-09T00:18:22Z,4266,2026-10-08T15:48:57Z,509
2026-10-09T00:18:22Z,4267,2026-09-23T06:04:27Z,22693
2026-10-09T00:18:22Z,4268,2026-10-08T21:00:51Z,197
2026-10-09T00:18:22Z,4270,2026-10-08T15:48:57Z,509
2026-10-09T00:18:22Z,4271,2026-10-08T15:48:57Z,509
2026-10-09T00:18:22Z,4272,2026-10-08T15:48:57Z,509
2026-10-09T00:18:22Z,4273,2026-10-09T00:14:50Z,3
2026-10-09T00:18:22Z,4274,2026-10-08T16:48:19Z,450
2026-10-09T00:18:22Z,4275,2026-10-08T17:05:51Z,432
2026-10-09T00:18:22Z,4277,2026-10-08T14:21:40Z,596
2026-10-09T00:18:22Z,4278,2026-10-08T23:11:36Z,66
2026-10-09T00:18:22Z,4279,2026-10-08T18:03:42Z,374
2026-10-09T00:18:22Z,4280,2026-10-08T18:32:56Z,345
2026-10-09T00:18:22Z,4281,2026-10-09T00:02:36Z,15
2026-10-09T00:18:22Z,4282,2026-10-08T17:32:51Z,405
2026-10-09T00:18:22Z,4283,2026-10-08T16:18:25Z,479
2026-10-09T00:18:22Z,4284,2026-10-08T09:38:55Z,879
2026-10-09T00:18:22Z,4285,2026-10-08T17:11:31Z,426
2026-10-09T00:18:22Z,4286,2026-10-08T17:33:56Z,404
2026-10-09T00:18:22Z,4287,2026-10-08T15:48:59Z,509
2026-10-09T00:18:22Z,4288,2026-10-08T15:48:58Z,509
2026-10-09T00:18:22Z,4289,2026-10-08T15:48:58Z,509
2026-10-09T00:18:22Z,4290,2026-10-08T15:48:58Z,509
2026-10-09T00:18:22Z,4291,2025-09-09T08:04:42Z,568333
2026-10-09T00:18:22Z,4292,2026-10-09T00:14:51Z,3
2026-10-09T00:18:22Z,4293,2026-10-09T00:14:51Z,3
2026-10-09T00:18:22Z,4294,2026-10-08T23:49:25Z,28
2026-10-09T00:18:22Z,4295,2026-08-12T02:28:09Z,83390
2026-10-09T00:18:22Z,4296,2026-10-09T00:14:49Z,3
2026-10-09T00:18:22Z,4297,2026-10-08T15:49:04Z,509
2026-10-09T00:18:22Z,4298,2026-10-08T15:52:01Z,506
2026-10-09T00:18:22Z,4299,2026-10-08T15:48:58Z,509
2026-10-09T00:18:22Z,4300,2026-10-09T00:14:52Z,3
2026-10-09T00:18:22Z,4301,2026-10-09T00:14:51Z,3
2026-10-09T00:18:22Z,4302,2026-10-08T15:48:57Z,509
2026-10-09T00:18:22Z,4303,2026-10-08T19:22:05Z,296
2026-10-09T00:18:22Z,4304,2026-10-08T09:23:22Z,895
2026-10-09T00:18:22Z,4305,2026-10-09T00:14:48Z,3
2026-10-09T00:18:22Z,4306,2026-10-08T15:49:02Z,509
2026-10-09T00:18:22Z,4307,2026-10-08T15:49:01Z,509
2026-10-09T00:18:22Z,4308,2026-10-08T15:49:43Z,508
2026-10-09T00:18:22Z,4309,2026-10-06T04:29:22Z,4069
2026-10-09T00:18:22Z,4310,2026-10-09T00:14:49Z,3
2026-10-09T00:18:22Z,4311,2026-10-08T13:56:46Z,621
2026-10-09T00:18:22Z,4312,2026-10-08T13:56:47Z,621
2026-10-09T00:18:22Z,4313,2026-10-08T13:56:48Z,621
2026-10-09T00:18:22Z,4315,2026-10-08T22:05:52Z,132
2026-10-09T00:18:22Z,4316,2026-10-08T19:49:29Z,268
2026-10-09T00:18:22Z,4317,2026-10-08T23:22:23Z,55
2026-10-09T00:18:22Z,4318,2026-09-29T10:14:55Z,13803
2026-10-09T00:18:22Z,4319,2026-10-08T22:24:24Z,113
2026-10-09T00:18:22Z,4320,2026-10-08T21:00:54Z,197
2026-10-09T00:18:22Z,4321,2026-10-08T15:09:51Z,548
2026-10-09T00:18:22Z,4322,2026-08-27T10:04:36Z,61333
2026-10-09T00:18:22Z,4323,2026-10-08T20:18:44Z,239
2026-10-09T00:18:22Z,4324,2026-10-08T19:10:31Z,307
2026-10-09T00:18:22Z,4326,2026-09-29T08:57:14Z,13881
2026-10-09T00:18:22Z,4327,2026-10-08T15:48:58Z,509
2026-10-09T00:18:22Z,4328,2026-10-08T19:10:33Z,307
2026-10-09T00:18:22Z,4331,2026-10-08T13:18:54Z,659
2026-10-09T00:18:22Z,4332,2026-10-08T21:54:52Z,143
2026-10-09T00:18:22Z,4333,2026-10-08T19:10:35Z,307
2026-10-09T00:18:22Z,4334,2026-10-08T13:37:31Z,640
2026-10-09T00:18:22Z,4335,2025-09-23T08:51:12Z,548127
2026-10-09T00:18:22Z,4336,2026-10-08T15:49:16Z,509
2026-10-09T00:18:22Z,4337,2026-10-08T15:48:58Z,509
2026-10-09T00:18:22Z,4338,2026-10-08T15:49:07Z,509
2026-10-09T00:18:22Z,4339,2026-10-08T18:12:27Z,365
2026-10-09T00:18:22Z,4340,2026-10-08T19:10:35Z,307
2026-10-09T00:18:22Z,4341,2026-10-08T19:10:35Z,307
2026-10-09T00:18:22Z,4342,2026-10-08T19:10:36Z,307
2026-10-09T00:18:22Z,4343,2026-10-08T19:10:36Z,307
2026-10-09T00:18:22Z,4344,2026-10-08T19:10:36Z,307
2026-10-09T00:18:22Z,4345,2026-10-08T19:10:36Z,307
2026-10-09T00:18:22Z,4346,2026-10-09T00:07:48Z,10
2026-10-09T00:18:22Z,4347,2026-10-08T19:10:37Z,307
2026-10-09T00:18:22Z,4348,2026-10-08T19:10:37Z,307
2026-10-09T00:18:22Z,4349,2026-10-09T00:15:05Z,3
2026-10-09T00:18:22Z,4352,2026-10-08T20:18:59Z,239
2026-10-09T00:18:22Z,4353,2026-10-08T16:56:36Z,441
2026-10-09T00:18:22Z,4354,2026-10-08T19:10:38Z,307
2026-10-09T00:18:22Z,4355,2026-10-08T16:38:19Z,460
2026-10-09T00:18:22Z,4360,2026-10-08T19:10:40Z,307
2026-10-09T00:18:22Z,4363,2026-10-08T13:58:14Z,620
2026-10-09T00:18:22Z,4366,2026-10-08T21:00:58Z,197
2026-10-09T00:18:22Z,4367,2026-10-08T15:46:26Z,511
2026-10-09T00:18:22Z,4368,2026-10-08T19:10:42Z,307
2026-10-09T00:18:22Z,4369,2026-10-08T19:10:42Z,307
2026-10-09T00:18:22Z,4370,2026-10-08T19:10:42Z,307
2026-10-09T00:18:22Z,4373,2026-10-08T15:50:13Z,508
2026-10-09T00:18:22Z,4374,2026-10-08T19:00:14Z,318
2026-10-09T00:18:22Z,4375,2026-10-08T19:10:42Z,307
2026-10-09T00:18:22Z,4376,2026-10-08T19:02:09Z,316
2026-10-09T00:18:22Z,4377,2026-10-08T13:31:08Z,647
2026-10-09T00:18:22Z,4378,2026-10-08T17:53:56Z,384
2026-10-09T00:18:22Z,4379,2026-10-08T19:10:43Z,307
2026-10-09T00:18:22Z,4380,2026-10-08T14:38:45Z,579
2026-10-09T00:18:22Z,4382,2026-10-08T16:19:16Z,479
2026-10-09T00:18:22Z,4383,2026-10-08T21:01:26Z,196
2026-10-09T00:18:22Z,4571,2026-10-08T19:10:44Z,307
2026-10-09T00:18:22Z,4572,2026-10-08T15:49:08Z,509
2026-10-09T00:18:22Z,4574,2026-10-08T19:10:45Z,307
2026-10-09T00:18:22Z,4575,2024-10-07T08:55:34Z,1053562
2026-10-09T00:18:22Z,4577,2026-10-09T00:14:54Z,3
2026-10-09T00:18:22Z,4578,2026-10-09T00:15:05Z,3
2026-10-09T00:18:22Z,4579,2026-10-08T19:10:45Z,307
2026-10-09T00:18:22Z,4580,2026-10-08T19:10:46Z,307
2026-10-09T00:18:22Z,4581,2026-10-08T19:10:46Z,307
2026-10-09T00:18:22Z,4582,2026-10-08T21:01:33Z,196
2026-10-09T00:18:22Z,4584,2026-10-08T19:10:46Z,307
2026-10-09T00:18:22Z,4585,2026-10-08T19:10:46Z,307
2026-10-09T00:18:22Z,4587,2026-10-08T21:00:49Z,197
2026-10-09T00:18:22Z,4588,2026-10-08T21:01:18Z,197
2026-10-09T00:18:22Z,4589,2026-10-09T00:15:03Z,3
2026-10-09T00:18:22Z,4590,2026-10-09T00:15:03Z,3
2026-10-09T00:18:22Z,4591,2026-10-09T00:15:03Z,3
2026-10-09T00:18:22Z,4593,2026-10-09T00:15:03Z,3
2026-10-09T00:18:22Z,4594,2026-10-09T00:15:03Z,3
2026-10-09T00:18:22Z,4595,2026-10-09T00:15:03Z,3
2026-10-09T00:18:22Z,4596,2026-10-09T00:15:03Z,3
2026-10-09T00:18:22Z,4597,2026-10-09T00:15:03Z,3
2026-10-09T00:18:22Z,4598,2026-10-09T00:15:03Z,3
2026-10-09T00:18:22Z,4599,2026-10-09T00:15:03Z,3
2026-10-09T00:18:22Z,4602,2026-10-09T00:15:03Z,3
2026-10-09T00:18:22Z,4687,2026-10-09T00:15:03Z,3
2026-10-09T00:18:22Z,4688,2026-10-09T00:15:03Z,3
2026-10-09T00:18:22Z,4689,2026-10-09T00:15:03Z,3
2026-10-09T00:18:22Z,4690,2026-10-09T00:15:03Z,3
2026-10-09T00:18:22Z,4702,2026-10-09T00:15:03Z,3
2026-10-09T00:18:22Z,4776,2026-10-09T00:15:03Z,3
2026-10-09T00:18:22Z,4777,2026-10-09T00:15:03Z,3
2026-10-09T00:18:22Z,4779,2026-10-09T00:15:03Z,3
2026-10-09T00:18:22Z,4780,2026-10-09T00:15:03Z,3
2026-10-09T00:18:22Z,4782,2026-10-09T00:15:03Z,3
2026-10-09T00:18:22Z,4784,2026-10-09T00:15:03Z,3
2026-10-09T00:18:22Z,4785,2026-10-09T00:15:03Z,3
2026-10-09T00:18:22Z,4786,2026-10-09T00:15:03Z,3
2026-10-09T00:18:22Z,4787,2026-10-09T00:15:03Z,3
2026-10-09T00:18:22Z,4788,2026-10-09T00:15:03Z,3
2026-10-09T00:18:22Z,4789,2026-10-09T00:15:03Z,3
2026-10-09T00:18:22Z,4790,2026-10-09T00:15:03Z,3
2026-10-09T00:18:22Z,4791,2026-10-09T00:15:03Z,3
2026-10-09T00:18:22Z,4792,2026-10-09T00:15:03Z,3
2026-10-09T00:18:22Z,4793,2026-10-09T00:15:03Z,3
2026-10-09T00:18:22Z,4794,2026-10-09T00:15:03Z,3
2026-10-09T00:18:22Z,4795,2026-10-09T00:15:03Z,3
2026-10-09T00:18:22Z,4796,2026-10-09T00:15:03Z,3
2026-10-09T00:18:22Z,4797,2026-10-09T00:15:03Z,3
2026-10-09T00:18:22Z,4798,2026-10-09T00:15:03Z,3
2026-10-09T00:18:22Z,4799,2026-10-09T00:15:03Z,3
2026-10-09T00:18:22Z,4800,2026-10-09T00:15:03Z,3
2026-10-09T00:18:22Z,4801,2026-10-09T00:15:03Z,3
2026-10-09T00:18:22Z,4804,2026-10-09T00:15:03Z,3
2026-10-09T00:18:22Z,4806,2026-10-09T00:15:03Z,3
2026-10-09T00:18:22Z,4807,2026-10-09T00:15:03Z,3
2026-10-09T00:18:22Z,4808,2026-10-09T00:15:03Z,3
2026-10-09T00:18:22Z,4809,2026-10-08T21:02:33Z,195
2026-10-09T00:18:22Z,4810,2026-10-08T21:00:44Z,197
2026-10-09T00:18:22Z,4811,2026-10-08T19:10:48Z,307
2026-10-09T00:18:22Z,4812,2026-10-08T19:10:48Z,307
2026-10-09T00:18:22Z,4813,2026-10-08T19:10:48Z,307
2026-10-09T00:18:22Z,4814,2026-10-08T19:10:49Z,307
2026-10-09T00:18:22Z,4816,2026-10-09T00:14:52Z,3
2026-10-09T00:18:22Z,4817,2026-10-08T15:48:57Z,509
2026-10-09T00:18:22Z,4818,2026-10-09T00:14:52Z,3
2026-10-09T00:18:22Z,4819,2026-10-08T15:49:02Z,509
2026-10-09T00:18:22Z,4820,2026-10-08T15:49:04Z,509
2026-10-09T00:18:22Z,4821,2026-10-09T00:14:51Z,3
2026-10-09T00:18:22Z,4822,2026-10-08T15:49:08Z,509
2026-10-09T00:18:22Z,4823,2026-10-09T00:14:50Z,3
2026-10-09T00:18:22Z,4824,2026-10-08T15:49:17Z,509
2026-10-09T00:18:22Z,4825,2026-10-08T19:10:49Z,307
2026-10-09T00:18:22Z,4826,2026-10-08T23:56:07Z,22
2026-10-09T00:18:22Z,4829,2026-10-08T19:05:25Z,312
2026-10-09T00:18:22Z,4830,2026-10-09T00:15:03Z,3
2026-10-09T00:18:22Z,4832,2026-10-08T23:25:27Z,52
2026-10-09T00:18:22Z,4833,2026-10-08T19:10:50Z,307
2026-10-09T00:18:22Z,4834,2026-10-08T21:00:46Z,197
2026-10-09T00:18:22Z,4837,2026-10-09T00:15:03Z,3
2026-10-09T00:18:22Z,4838,2026-10-09T00:15:03Z,3
2026-10-09T00:18:22Z,4839,2026-10-08T21:00:51Z,197
2026-10-09T00:18:22Z,4840,2026-10-05T05:02:16Z,5476
2026-10-09T00:18:22Z,4841,2026-10-05T05:02:25Z,5475
2026-10-09T00:18:22Z,4842,2026-10-05T05:02:16Z,5476
2026-10-09T00:18:22Z,4843,2026-10-05T05:02:25Z,5475
2026-10-09T00:18:22Z,4844,2026-10-05T05:02:04Z,5476
2026-10-09T00:18:22Z,4845,2026-10-08T14:09:06Z,609
2026-10-09T00:18:22Z,4847,2026-10-09T00:15:03Z,3
2026-10-09T00:18:22Z,4848,2026-10-09T00:15:03Z,3
2026-10-09T00:18:22Z,4849,2026-10-09T00:14:11Z,4
2026-10-09T00:18:22Z,4850,2026-10-08T16:18:13Z,480
2026-10-09T00:18:22Z,4851,2026-10-08T16:12:47Z,485
2026-10-09T00:18:22Z,4852,2026-10-08T16:16:08Z,482
2026-10-09T00:18:22Z,4853,2026-10-08T16:18:21Z,480
2026-10-09T00:18:22Z,4854,2026-10-08T22:47:45Z,90
2026-10-09T00:18:22Z,4855,2026-10-08T23:30:25Z,47
2026-10-09T00:18:22Z,4856,2026-10-09T00:14:29Z,3
2026-10-09T00:18:22Z,4857,2026-10-08T16:20:25Z,477
2026-10-09T00:18:22Z,4858,2026-10-09T00:14:23Z,3
2026-10-09T00:18:22Z,4859,2026-10-08T21:36:33Z,161
2026-10-09T00:18:22Z,4860,2026-10-08T19:10:51Z,307
2026-10-09T00:18:22Z,4861,2026-10-08T15:03:51Z,554
2026-10-09T00:18:22Z,5805,2026-10-08T23:53:07Z,25
2026-10-09T00:18:22Z,5806,2026-10-08T21:01:17Z,197
2026-10-09T00:18:22Z,5807,2026-10-08T23:55:11Z,23
2026-10-09T00:18:22Z,5808,2026-10-08T18:06:58Z,371
2026-10-09T00:18:22Z,5809,2026-10-09T00:09:40Z,8
2026-10-09T00:18:22Z,5810,2026-10-06T10:40:18Z,3698
2026-10-09T00:18:22Z,6797,2026-10-09T00:15:03Z,3
2026-10-09T00:18:22Z,6798,2026-10-09T00:15:03Z,3
2026-10-09T00:18:22Z,6799,2026-10-09T00:15:03Z,3
2026-10-09T00:18:22Z,6800,2026-10-09T00:15:03Z,3
2026-10-09T00:18:22Z,6801,2026-10-09T00:15:03Z,3
2026-10-09T00:18:22Z,6802,2026-10-09T00:15:03Z,3
2026-10-09T00:18:22Z,6803,2026-10-09T00:15:03Z,3
2026-10-09T00:18:22Z,6804,2026-10-09T00:15:03Z,3
2026-10-09T00:18:22Z,6812,2026-10-09T00:15:03Z,3
2026-10-09T00:18:22Z,6814,2026-10-09T00:15:03Z,3
2026-10-09T00:18:22Z,6815,2026-10-08T21:00:40Z,197
2026-10-09T00:18:22Z,6817,2026-10-09T00:15:03Z,3
2026-10-09T00:18:22Z,6818,2026-10-09T00:15:03Z,3
2026-10-09T00:18:22Z,6819,2026-10-09T00:15:03Z,3
2026-10-09T00:18:22Z,6820,2026-10-09T00:15:03Z,3
2026-10-09T00:18:22Z,6821,2026-10-09T00:15:03Z,3
2026-10-09T00:18:22Z,6822,2026-10-09T00:15:03Z,3
2026-10-09T00:18:22Z,6823,2026-10-09T00:15:03Z,3
2026-10-09T00:18:22Z,6825,2026-10-09T00:15:03Z,3
2026-10-09T00:18:22Z,6826,2026-10-09T00:15:03Z,3
2026-10-09T00:18:22Z,6827,2026-10-09T00:15:03Z,3
2026-10-09T00:18:22Z,6828,2026-10-08T19:10:52Z,307
2026-10-09T00:18:22Z,6830,2026-10-09T00:15:03Z,3
2026-10-09T00:18:22Z,6831,2026-10-09T00:15:03Z,3
2026-10-09T00:18:22Z,6832,2026-10-09T00:15:03Z,3
2026-10-09T00:18:22Z,6833,2026-10-09T00:15:03Z,3
2026-10-09T00:18:22Z,6834,2026-10-09T00:15:03Z,3
2026-10-09T00:18:22Z,6835,2026-10-08T18:20:50Z,357
2026-10-09T00:18:22Z,6837,2026-10-08T21:01:01Z,197
2026-10-09T00:18:22Z,6838,2026-10-08T20:32:29Z,225
2026-10-09T00:18:22Z,6839,2026-10-07T12:04:41Z,2173
2026-10-09T00:18:22Z,6841,2026-10-09T00:15:03Z,3
2026-10-09T00:18:22Z,6845,2026-10-08T21:01:14Z,197
2026-10-09T00:18:22Z,6847,2026-10-09T00:15:03Z,3
2026-10-09T00:18:22Z,6849,2026-10-09T00:15:03Z,3
2026-10-09T00:18:22Z,6850,2026-10-08T03:38:55Z,1239
2026-10-09T00:18:22Z,6853,2026-10-08T17:18:10Z,420
2026-10-09T00:18:22Z,6855,2026-10-08T16:29:26Z,468
2026-10-09T00:18:22Z,6856,2026-10-08T21:00:55Z,197
2026-10-09T00:18:22Z,6857,2026-10-08T19:10:54Z,307
2026-10-09T00:18:22Z,6858,2026-10-08T10:00:03Z,858
2026-10-09T00:18:22Z,6860,2026-10-09T00:14:52Z,3
2026-10-09T00:18:22Z,6862,2026-10-08T19:32:04Z,286
2026-10-09T00:18:22Z,6864,2026-10-08T16:47:59Z,450
2026-10-09T00:18:22Z,14360,2026-10-09T00:15:03Z,3
2026-10-09T00:18:22Z,14368,2026-10-07T06:37:59Z,2500
2026-10-09T00:18:22Z,14369,2026-10-08T20:43:31Z,214
2026-10-09T00:18:22Z,14370,2026-10-08T16:54:34Z,443
2026-10-09T00:18:22Z,14371,2026-10-08T04:35:49Z,1182
2026-10-09T00:18:22Z,14372,2026-10-08T22:31:48Z,106
2026-10-09T00:18:22Z,14374,2026-09-29T16:11:14Z,13447
2026-10-09T00:18:22Z,14375,2026-10-01T18:03:22Z,10455
2026-10-09T00:18:22Z,14376,2026-10-08T15:20:51Z,537
2026-10-09T00:18:22Z,14403,2026-10-08T21:26:06Z,172
2026-10-09T00:18:22Z,14404,2026-10-09T00:15:03Z,3
2026-10-09T00:18:22Z,14405,2026-09-12T15:14:13Z,37984
2026-10-09T00:18:22Z,14406,2026-10-08T19:36:52Z,281
2026-10-09T00:18:22Z,14407,2026-09-18T16:52:05Z,29246
2026-10-09T00:18:22Z,14408,2026-09-26T14:42:06Z,17856
2026-10-09T00:18:22Z,14409,2026-10-07T22:28:29Z,1549
2026-10-09T00:18:22Z,14410,2026-10-08T13:00:08Z,678
2026-10-09T00:18:22Z,14411,2026-10-09T00:15:03Z,3
2026-10-09T00:18:22Z,14412,2026-10-09T00:15:03Z,3
2026-10-09T00:18:22Z,14413,2026-10-09T00:15:03Z,3
2026-10-09T00:18:22Z,14414,2026-10-09T00:15:03Z,3
2026-10-09T00:18:22Z,14415,2026-10-09T00:15:03Z,3
2026-10-09T00:18:22Z,14416,2026-10-08T19:10:55Z,307
2026-10-09T00:18:22Z,14417,2026-10-09T00:15:03Z,3
2026-10-09T00:18:22Z,14418,2026-10-08T14:56:47Z,561
2026-10-09T00:18:22Z,14419,2026-10-08T17:22:45Z,415
2026-10-09T00:18:22Z,14420,2026-10-08T18:11:27Z,366
2026-10-09T00:18:22Z,14422,2026-10-09T00:15:03Z,3
2026-10-09T00:18:22Z,14423,2026-10-09T00:15:03Z,3
2026-10-09T00:18:22Z,14424,2026-10-08T21:01:23Z,196
2026-10-09T00:18:22Z,14427,2026-10-09T00:15:03Z,3
2026-10-09T00:18:22Z,14445,2026-10-09T00:15:03Z,3
2026-10-09T00:18:22Z,14446,2026-10-09T00:15:03Z,3
2026-10-09T00:18:22Z,14447,2026-10-09T00:15:03Z,3
2026-10-09T00:18:22Z,14448,2026-10-09T00:15:03Z,3
2026-10-09T00:18:22Z,14449,2026-10-08T21:01:18Z,197
2026-10-09T00:18:22Z,14451,2026-10-09T00:15:03Z,3
2026-10-09T00:18:22Z,14452,2026-10-09T00:15:03Z,3
2026-10-09T00:18:22Z,14453,2026-10-06T17:17:49Z,3300
2026-10-09T00:18:22Z,14454,2026-10-08T12:30:11Z,708
2026-10-09T00:18:22Z,14455,2026-10-09T00:04:52Z,13
2026-10-09T00:18:22Z,14456,2026-10-08T19:10:55Z,307
2026-10-09T00:18:22Z,14457,2026-10-08T19:10:55Z,307
2026-10-09T00:18:22Z,14458,2026-10-08T18:58:36Z,319
2026-10-09T00:18:22Z,14460,2025-08-24T21:39:38Z,590558
2026-10-09T00:18:22Z,14461,2026-10-08T15:48:57Z,509
2026-10-09T00:18:22Z,14464,2026-10-08T15:48:57Z,509
2026-10-09T00:18:22Z,14465,2025-08-24T21:39:38Z,590558
2026-10-09T00:18:22Z,14471,2026-10-08T20:55:28Z,202
2026-10-09T00:18:22Z,14473,2026-10-08T21:00:54Z,197
2026-10-09T00:18:22Z,14475,2026-10-08T17:47:32Z,390
2026-10-09T00:18:22Z,14476,2026-10-08T14:21:43Z,596
2026-10-09T00:18:22Z,14477,2026-10-09T00:01:51Z,16
2026-10-09T00:18:22Z,14478,2026-10-08T08:20:08Z,958
2026-10-09T00:18:22Z,14479,2026-10-08T16:30:50Z,467
2026-10-09T00:18:22Z,14480,2026-10-08T19:10:55Z,307
2026-10-09T00:18:22Z,14481,2026-10-08T18:10:50Z,367
2026-10-09T00:18:22Z,14484,2026-10-07T00:05:35Z,2892
2026-10-09T00:18:22Z,14485,2026-10-08T21:00:49Z,197
2026-10-09T00:18:22Z,14486,2026-10-08T21:00:53Z,197
2026-10-09T00:18:22Z,14487,2026-10-08T21:00:52Z,197
2026-10-09T00:18:22Z,14488,2026-10-08T21:00:59Z,197
2026-10-09T00:18:22Z,14489,2026-10-08T21:00:45Z,197
2026-10-09T00:18:22Z,14490,2026-10-09T00:01:10Z,17
2026-10-09T00:18:22Z,14498,2026-10-08T16:00:26Z,497
2026-10-09T00:18:22Z,14499,2026-10-09T00:02:53Z,15
2026-10-09T00:18:22Z,14500,2026-10-08T22:41:21Z,97
2026-10-09T00:18:22Z,14502,2026-10-08T17:53:43Z,384
2026-10-09T00:18:22Z,14503,2026-10-09T00:07:11Z,11
2026-10-09T00:18:22Z,14504,2026-10-08T15:32:09Z,526
2026-10-09T00:18:22Z,14506,2026-10-08T21:00:55Z,197
2026-10-09T00:18:22Z,14509,2026-10-08T14:54:00Z,564
2026-10-09T00:18:22Z,14510,2026-10-08T19:10:55Z,307
2026-10-09T00:18:22Z,14511,2026-10-08T19:10:55Z,307
2026-10-09T00:18:22Z,14512,2026-10-08T19:10:56Z,307
2026-10-09T00:18:22Z,14513,2026-10-08T15:48:59Z,509
2026-10-09T00:18:22Z,14515,2026-10-09T00:15:05Z,3
2026-10-09T00:18:22Z,14517,2026-10-09T00:15:05Z,3
2026-10-09T00:18:22Z,14519,2026-10-08T17:06:33Z,431
2026-10-09T00:18:22Z,14521,2026-10-08T19:02:08Z,316
2026-10-09T00:18:22Z,14522,2026-10-08T16:05:21Z,493
2026-10-09T00:18:22Z,14523,2026-10-08T21:58:31Z,139
2026-10-09T00:18:22Z,14525,2026-09-22T10:42:18Z,23856
2026-10-09T00:18:22Z,14526,2026-10-09T00:15:05Z,3
2026-10-09T00:18:22Z,14527,2026-10-08T16:21:02Z,477
2026-10-09T00:18:22Z,14528,2026-10-08T21:21:14Z,177
2026-10-09T00:18:22Z,14529,2026-10-08T21:00:49Z,197
2026-10-09T00:18:22Z,14530,2026-10-08T17:34:57Z,403
2026-10-09T00:18:22Z,14531,2026-10-08T16:31:01Z,467
2026-10-09T00:18:22Z,14532,2026-10-08T15:49:15Z,509
2026-10-09T00:18:22Z,14533,2026-10-08T15:49:16Z,509
2026-10-09T00:18:22Z,14534,2026-10-09T00:14:52Z,3
2026-10-09T00:18:22Z,14535,2026-10-08T15:48:59Z,509
2026-10-09T00:18:22Z,14536,2026-10-08T15:48:59Z,509
2026-10-09T00:18:22Z,14537,2026-10-09T00:15:03Z,3
2026-10-09T00:18:22Z,15365,2026-10-08T21:35:14Z,163
2026-10-09T00:18:22Z,15366,2026-10-08T16:18:02Z,480
2026-10-09T00:18:22Z,15367,2026-10-08T21:01:00Z,197
2026-10-09T00:18:22Z,15368,2026-10-08T09:36:24Z,881
2026-10-09T00:18:22Z,15369,2026-10-08T22:42:52Z,95
2026-10-09T00:18:22Z,15370,2026-10-08T21:00:15Z,198
2026-10-09T00:18:22Z,15371,2026-10-08T12:00:57Z,737
2026-10-09T00:18:22Z,15372,2026-10-08T14:14:08Z,604
2026-10-09T00:18:22Z,15373,2026-10-08T19:10:57Z,307
2026-10-09T00:18:22Z,15374,2026-08-11T06:32:23Z,84585
2026-10-09T00:18:22Z,15377,2026-10-09T00:15:05Z,3
2026-10-09T00:18:22Z,15378,2026-10-09T00:15:05Z,3
2026-10-09T00:18:22Z,15379,2026-10-08T21:00:55Z,197
2026-10-09T00:18:22Z,15380,2026-10-08T21:01:03Z,197
2026-10-09T00:18:22Z,15381,2026-10-08T19:11:15Z,307
2026-10-09T00:18:22Z,15386,2026-10-08T22:08:32Z,129
2026-10-09T00:18:22Z,15387,2026-10-08T15:49:16Z,509
2026-10-09T00:18:22Z,15393,2026-10-08T20:57:42Z,200
2026-10-09T00:18:22Z,15394,2026-10-09T00:15:03Z,3
2026-10-09T00:18:22Z,15395,2026-10-08T16:18:33Z,479
2026-10-09T00:18:22Z,15396,2026-10-08T19:11:04Z,307
2026-10-09T00:18:22Z,15402,2026-10-08T19:11:05Z,307
2026-10-09T00:18:22Z,15403,2026-10-08T19:11:06Z,307
2026-10-09T00:18:22Z,15404,2026-10-08T19:11:07Z,307
2026-10-09T00:18:22Z,15405,2026-10-09T00:15:03Z,3
2026-10-09T00:18:22Z,15406,2026-10-09T00:15:03Z,3
2026-10-09T00:18:22Z,15407,2026-10-06T12:06:39Z,3611
2026-10-09T00:18:22Z,15408,2026-10-08T12:39:14Z,699
2026-10-09T00:18:22Z,15409,2026-10-08T13:41:09Z,637
2026-10-09T00:18:22Z,15410,2026-10-08T08:38:13Z,940
2026-10-09T00:18:22Z,15411,2026-10-08T08:21:46Z,956
2026-10-09T00:18:22Z,15413,2026-10-08T19:11:08Z,307
2026-10-09T00:18:22Z,15414,2026-10-01T09:45:04Z,10953
2026-10-09T00:18:22Z,15415,2026-10-01T09:45:04Z,10953
2026-10-09T00:18:22Z,15416,2026-10-08T12:37:51Z,700
2026-10-09T00:18:22Z,15418,2026-10-08T19:11:08Z,307
2026-10-09T00:18:22Z,15419,2026-10-08T19:11:09Z,307
2026-10-09T00:18:22Z,15420,2026-10-08T19:11:09Z,307
2026-10-09T00:18:22Z,15421,2026-10-08T17:46:25Z,391
2026-10-09T00:18:22Z,15422,2026-10-09T00:15:03Z,3
2026-10-09T00:18:22Z,15423,2026-10-09T00:01:27Z,16
2026-10-09T00:18:22Z,15424,2026-10-08T09:25:44Z,892
2026-10-09T00:18:22Z,15425,2026-10-05T21:34:47Z,4483
2026-10-09T00:18:22Z,15426,2026-10-06T08:16:32Z,3841
2026-10-09T00:18:22Z,15427,2026-10-09T00:15:03Z,3
2026-10-09T00:18:22Z,15428,2026-10-09T00:15:03Z,3
2026-10-09T00:18:22Z,15429,2026-10-09T00:15:03Z,3
2026-10-09T00:18:22Z,15430,2026-10-09T00:15:03Z,3
2026-10-09T00:18:22Z,15431,2026-10-09T00:15:03Z,3
2026-10-09T00:18:22Z,15432,2026-10-09T00:15:03Z,3
2026-10-09T00:18:22Z,15433,2026-10-09T00:15:03Z,3
2026-10-09T00:18:22Z,15434,2026-10-09T00:15:03Z,3
2026-10-09T00:18:22Z,15435,2026-10-09T00:15:03Z,3
2026-10-09T00:18:22Z,15436,2026-10-09T00:15:03Z,3
2026-10-09T00:18:22Z,15437,2026-10-09T00:15:03Z,3
2026-10-09T00:18:22Z,15438,2026-10-09T00:15:03Z,3
2026-10-09T00:18:22Z,15439,2026-10-09T00:15:03Z,3
2026-10-09T00:18:22Z,15440,2026-10-09T00:15:03Z,3
2026-10-09T00:18:22Z,15441,2026-10-09T00:15:03Z,3
2026-10-09T00:18:22Z,15442,2026-10-09T00:15:03Z,3
2026-10-09T00:18:22Z,15443,2026-10-09T00:15:03Z,3
2026-10-09T00:18:22Z,15444,2026-10-09T00:15:03Z,3
2026-10-09T00:18:22Z,15445,2026-10-09T00:15:03Z,3
2026-10-09T00:18:22Z,15446,2026-10-09T00:15:03Z,3
2026-10-09T00:18:22Z,15447,2026-10-09T00:15:03Z,3
2026-10-09T00:18:22Z,15448,2026-10-09T00:15:03Z,3
2026-10-09T00:18:22Z,15449,2026-10-09T00:15:03Z,3
2026-10-09T00:18:22Z,15450,2026-10-09T00:15:03Z,3
2026-10-09T00:18:22Z,15451,2026-10-09T00:15:03Z,3
2026-10-09T00:18:22Z,15452,2026-10-09T00:15:03Z,3
2026-10-09T00:18:22Z,15453,2026-10-09T00:15:03Z,3
2026-10-09T00:18:22Z,15454,2026-10-09T00:15:03Z,3
2026-10-09T00:18:22Z,15455,2026-10-09T00:15:03Z,3
2026-10-09T00:18:22Z,15456,2026-10-09T00:15:03Z,3
2026-10-09T00:18:22Z,15457,2026-10-09T00:15:03Z,3
2026-10-09T00:18:22Z,15458,2026-10-09T00:15:03Z,3
2026-10-09T00:18:22Z,15459,2026-10-09T00:15:03Z,3
2026-10-09T00:18:22Z,15460,2026-10-09T00:15:03Z,3
2026-10-09T00:18:22Z,15461,2026-10-09T00:15:03Z,3
2026-10-09T00:18:22Z,15462,2026-10-09T00:15:03Z,3
2026-10-09T00:18:22Z,15463,2026-10-09T00:15:03Z,3
2026-10-09T00:18:22Z,15464,2026-10-09T00:15:03Z,3
2026-10-09T00:18:22Z,15465,2026-10-09T00:15:03Z,3
2026-10-09T00:18:22Z,15466,2026-10-09T00:15:03Z,3
2026-10-09T00:18:22Z,15467,2026-10-09T00:15:03Z,3
2026-10-09T00:18:22Z,15468,2026-10-09T00:15:03Z,3
2026-10-09T00:18:22Z,15469,2026-10-09T00:15:03Z,3
2026-10-09T00:18:22Z,15470,2026-10-09T00:15:03Z,3
2026-10-09T00:18:22Z,15471,2026-10-09T00:15:03Z,3
2026-10-09T00:18:22Z,15472,2026-10-09T00:15:03Z,3
2026-10-09T00:18:22Z,15473,2026-10-09T00:15:03Z,3
2026-10-09T00:18:22Z,15474,2026-10-09T00:15:03Z,3
2026-10-09T00:18:22Z,15475,2026-10-09T00:15:03Z,3
2026-10-09T00:18:22Z,15476,2026-10-09T00:15:03Z,3
2026-10-09T00:18:22Z,15477,2026-10-09T00:15:03Z,3
2026-10-09T00:18:22Z,15478,2026-10-09T00:15:03Z,3
2026-10-09T00:18:22Z,15479,2026-10-09T00:15:03Z,3
2026-10-09T00:18:22Z,15480,2026-10-09T00:15:03Z,3
2026-10-09T00:18:22Z,15481,2026-10-09T00:15:03Z,3
2026-10-09T00:18:22Z,15482,2026-10-09T00:15:03Z,3
2026-10-09T00:18:22Z,15483,2026-10-09T00:15:03Z,3
2026-10-09T00:18:22Z,15484,2026-10-09T00:15:03Z,3
2026-10-09T00:18:22Z,15485,2026-10-09T00:15:03Z,3
2026-10-09T00:18:22Z,15486,2026-10-09T00:15:03Z,3
2026-10-09T00:18:22Z,15487,2026-10-09T00:15:03Z,3
2026-10-09T00:18:22Z,15488,2026-10-09T00:15:03Z,3
2026-10-09T00:18:22Z,15489,2026-10-09T00:15:03Z,3
2026-10-09T00:18:22Z,15490,2026-10-09T00:15:03Z,3
2026-10-09T00:18:22Z,15491,2026-10-09T00:15:03Z,3
2026-10-09T00:18:22Z,15492,2026-10-09T00:15:03Z,3
2026-10-09T00:18:22Z,15493,2026-10-09T00:15:03Z,3
2026-10-09T00:18:22Z,15494,2026-10-09T00:15:03Z,3
2026-10-09T00:18:22Z,15495,2026-10-09T00:15:03Z,3
2026-10-09T00:18:22Z,15496,2026-10-09T00:15:03Z,3
2026-10-09T00:18:22Z,15497,2026-10-09T00:15:03Z,3
2026-10-09T00:18:22Z,15498,2026-10-09T00:15:03Z,3
2026-10-09T00:18:22Z,15499,2026-10-09T00:15:03Z,3
2026-10-09T00:18:22Z,15500,2026-10-09T00:15:03Z,3
2026-10-09T00:18:22Z,15501,2026-10-09T00:15:03Z,3
2026-10-09T00:18:22Z,15502,2026-10-09T00:15:03Z,3
2026-10-09T00:18:22Z,15503,2026-10-09T00:15:03Z,3
2026-10-09T00:18:22Z,15504,2026-10-09T00:15:03Z,3
2026-10-09T00:18:22Z,15505,2026-10-09T00:15:03Z,3
2026-10-09T00:18:22Z,15506,2026-10-09T00:15:03Z,3
2026-10-09T00:18:22Z,15507,2026-10-09T00:15:03Z,3
2026-10-09T00:18:22Z,15508,2026-10-09T00:15:03Z,3
2026-10-09T00:18:22Z,15509,2026-10-09T00:15:03Z,3
2026-10-09T00:18:22Z,15510,2026-10-09T00:15:03Z,3
2026-10-09T00:18:22Z,15514,2026-10-09T00:15:03Z,3
2026-10-09T00:18:22Z,15515,2026-10-01T09:45:04Z,10953
2026-10-09T00:18:22Z,15516,2026-10-08T21:01:38Z,196
2026-10-09T00:18:22Z,15517,2026-10-08T21:00:59Z,197
2026-10-09T00:18:22Z,15518,2026-10-08T19:11:09Z,307
2026-10-09T00:18:22Z,15521,2026-10-08T10:45:44Z,812
2026-10-09T00:18:22Z,15522,2026-10-08T14:45:15Z,573
2026-10-09T00:18:22Z,15523,2026-10-08T10:34:30Z,823
2026-10-09T00:18:22Z,15525,2026-10-08T08:31:19Z,947
2026-10-09T00:18:22Z,15526,2026-10-08T16:33:12Z,465
2026-10-09T00:18:22Z,15527,2026-10-08T11:53:09Z,745
2026-10-09T00:18:22Z,15528,2026-10-08T14:44:52Z,573
2026-10-09T00:18:22Z,15529,2026-10-08T16:35:59Z,462
2026-10-09T00:18:22Z,15530,2026-10-08T09:16:36Z,901
2026-10-09T00:18:22Z,15531,2026-10-08T16:57:32Z,440
2026-10-09T00:18:22Z,15532,2026-10-08T16:52:13Z,446
2026-10-09T00:18:22Z,15533,2026-10-08T16:50:41Z,447
2026-10-09T00:18:22Z,15534,2026-10-08T19:04:48Z,313
2026-10-09T00:18:22Z,15535,2026-10-01T14:48:13Z,10650
2026-10-09T00:18:22Z,15536,2026-10-08T17:59:41Z,378
2026-10-09T00:18:22Z,15537,2026-10-08T16:09:37Z,488
2026-10-09T00:18:22Z,15539,2026-10-08T16:31:43Z,466
2026-10-09T00:18:22Z,15540,2026-10-08T22:54:37Z,83
2026-10-09T00:18:22Z,15543,2026-10-08T17:27:14Z,411
2026-10-09T00:18:22Z,15544,2026-10-08T10:33:10Z,825
2026-10-09T00:18:22Z,15545,2026-10-08T14:16:11Z,602
2026-10-09T00:18:22Z,15546,2026-10-08T19:11:10Z,307
2026-10-09T00:18:22Z,15547,2026-10-08T19:11:11Z,307
2026-10-09T00:18:22Z,15548,2026-10-08T11:59:06Z,739
2026-10-09T00:18:22Z,15553,2026-10-09T00:15:03Z,3
2026-10-09T00:18:22Z,15554,2026-10-09T00:15:03Z,3
2026-10-09T00:18:22Z,15555,2026-10-09T00:15:03Z,3
2026-10-09T00:18:22Z,15556,2026-10-08T19:11:11Z,307
2026-10-09T00:18:22Z,15557,2026-10-08T19:11:12Z,307
2026-10-09T00:18:22Z,15558,2026-10-09T00:12:25Z,5
2026-10-09T00:18:22Z,15559,2026-10-08T19:11:13Z,307
2026-10-09T00:18:22Z,15560,2026-10-08T19:11:13Z,307
2026-10-09T00:18:22Z,15561,2026-10-09T00:15:05Z,3
2026-10-09T00:18:22Z,15562,2026-10-09T00:15:03Z,3
2026-10-09T00:18:22Z,15563,2026-10-08T21:00:58Z,197
2026-10-09T00:18:22Z,15564,2026-10-08T19:11:13Z,307
2026-10-09T00:18:22Z,15565,2026-10-08T21:01:21Z,197
2026-10-09T00:18:22Z,15566,2026-10-08T23:18:30Z,59
2026-10-09T00:18:22Z,15567,2026-10-08T21:00:53Z,197
2026-10-09T00:18:22Z,15568,2026-10-01T09:45:04Z,10953
2026-10-09T00:18:22Z,15569,2026-10-01T09:45:04Z,10953
2026-10-09T00:18:22Z,15570,2026-10-01T09:37:03Z,10961
2026-10-09T00:18:22Z,15571,2026-10-01T09:37:03Z,10961
2026-10-09T00:18:22Z,15572,2026-10-01T09:45:04Z,10953
2026-10-09T00:18:22Z,15573,2026-10-08T19:11:14Z,307
2026-10-09T00:18:22Z,15574,2026-10-08T19:11:14Z,307
2026-10-09T00:18:22Z,15575,2026-10-08T07:06:20Z,1032
2026-10-09T00:18:22Z,15576,2026-10-08T17:29:25Z,408
2026-10-09T00:18:22Z,15577,2026-10-07T18:29:54Z,1788
2026-10-09T00:18:22Z,15578,2026-10-08T18:18:00Z,360
2026-10-09T00:18:22Z,15579,2026-10-08T19:11:14Z,307
2026-10-09T00:18:22Z,15585,2026-10-08T12:52:19Z,686
2026-10-09T00:18:22Z,15586,2026-10-08T17:14:41Z,423
2026-10-09T00:18:22Z,15587,2026-10-08T08:27:37Z,950
2026-10-09T00:18:22Z,15588,2026-10-08T17:34:55Z,403
2026-10-09T00:18:22Z,15589,2026-10-08T19:11:16Z,307
2026-10-09T00:18:22Z,15590,2026-10-09T00:15:03Z,3
2026-10-09T00:18:22Z,15591,2026-10-08T19:11:17Z,307
2026-10-09T00:18:22Z,15684,2026-10-08T21:01:27Z,196
2026-10-09T00:18:22Z,15686,2026-10-09T00:15:03Z,3
2026-10-09T00:18:22Z,15687,2026-10-09T00:15:03Z,3
2026-10-09T00:18:22Z,15688,2026-10-09T00:15:03Z,3
2026-10-09T00:18:22Z,15689,2026-10-09T00:15:03Z,3
2026-10-09T00:18:22Z,15690,2026-10-09T00:15:03Z,3
2026-10-09T00:18:22Z,15691,2026-10-09T00:15:03Z,3
2026-10-09T00:18:22Z,15692,2026-10-08T21:00:58Z,197
2026-10-09T00:18:22Z,15693,2026-10-08T14:17:12Z,601
2026-10-09T00:18:22Z,15701,2026-10-08T13:27:44Z,650
2026-10-09T00:18:22Z,15702,2026-10-08T19:02:14Z,316
2026-10-09T00:18:22Z,15703,2026-10-08T16:02:17Z,496
2026-10-09T00:18:22Z,15756,2026-10-09T00:15:03Z,3
2026-10-09T00:18:22Z,15757,2026-10-09T00:15:03Z,3
2026-10-09T00:18:22Z,15758,2026-10-09T00:15:03Z,3
2026-10-09T00:18:22Z,15759,2026-10-08T19:11:18Z,307
2026-10-09T00:18:22Z,15760,2026-10-09T00:15:03Z,3
2026-10-09T00:18:22Z,15763,2026-10-08T13:48:20Z,630
2026-10-09T00:18:22Z,15764,2026-10-08T19:11:19Z,307
2026-10-09T00:18:22Z,15765,2026-10-08T19:11:19Z,307
2026-10-09T00:18:22Z,15767,2026-10-08T19:11:20Z,307
2026-10-09T00:18:22Z,15768,2026-09-15T05:09:11Z,34269
2026-10-09T00:18:22Z,15769,2026-10-08T18:55:55Z,322
2026-10-09T00:18:22Z,15770,2026-10-09T00:15:03Z,3
2026-10-09T00:18:22Z,15771,2026-10-09T00:15:03Z,3
2026-10-09T00:18:22Z,15773,2026-10-09T00:15:03Z,3
2026-10-09T00:18:22Z,15774,2026-10-09T00:15:03Z,3
2026-10-09T00:18:22Z,15775,2026-10-09T00:15:03Z,3
2026-10-09T00:18:22Z,15776,2026-10-09T00:15:03Z,3
2026-10-09T00:18:22Z,15777,2026-10-08T21:00:58Z,197
2026-10-09T00:18:22Z,15778,2026-10-09T00:15:03Z,3
2026-10-09T00:18:22Z,15779,2026-09-16T10:39:13Z,32499
2026-10-09T00:18:22Z,15780,2026-09-16T10:47:02Z,32491
2026-10-09T00:18:22Z,15781,2026-09-16T11:13:56Z,32464
2026-10-09T00:18:22Z,15782,2026-09-16T11:16:36Z,32461
2026-10-09T00:18:22Z,15783,2026-09-30T11:49:10Z,12269
2026-10-09T00:18:22Z,15784,2026-09-16T11:45:31Z,32432
2026-10-09T00:18:22Z,15785,2026-09-22T13:01:43Z,23716
2026-10-09T00:18:22Z,15786,2026-09-16T12:34:55Z,32383
2026-10-09T00:18:22Z,15787,2026-09-16T12:38:19Z,32380
2026-10-09T00:18:22Z,15788,2026-09-16T12:40:56Z,32377
2026-10-09T00:18:22Z,15789,2026-10-08T20:01:52Z,256
2026-10-09T00:18:22Z,15790,2026-10-08T19:11:21Z,307
2026-10-09T00:18:22Z,15791,2026-10-08T19:11:21Z,307
2026-10-09T00:18:22Z,15792,2026-10-01T09:45:04Z,10953
2026-10-09T00:18:22Z,15793,2026-10-01T09:45:04Z,10953
2026-10-09T00:18:22Z,15794,2026-10-01T09:45:04Z,10953
2026-10-09T00:18:22Z,15795,2026-10-09T00:15:03Z,3
2026-10-09T00:18:22Z,15796,2026-10-09T00:15:03Z,3
2026-10-09T00:18:22Z,15797,2026-10-09T00:14:57Z,3
2026-10-09T00:18:22Z,15798,2026-10-08T22:58:16Z,80
2026-10-09T00:18:22Z,15799,2026-10-02T07:15:04Z,9663
2026-10-09T00:18:22Z,15800,2026-10-08T21:00:55Z,197
2026-10-09T00:18:22Z,15801,2026-10-08T21:01:13Z,197
2026-10-09T00:18:22Z,15802,2026-10-09T00:02:13Z,16
2026-10-09T00:18:22Z,15803,2026-10-08T21:01:22Z,197
2026-10-09T00:18:22Z,15804,2026-10-09T00:15:03Z,3
2026-10-09T00:48:22Z,258,2026-10-08T21:00:41Z,227
2026-10-09T00:48:22Z,259,2026-10-08T21:00:45Z,227
2026-10-09T00:48:22Z,260,2026-10-08T21:00:48Z,227
2026-10-09T00:48:22Z,261,2026-10-08T21:01:06Z,227
2026-10-09T00:48:22Z,263,2026-10-08T21:01:01Z,227
2026-10-09T00:48:22Z,264,2026-10-08T21:01:16Z,227
2026-10-09T00:48:22Z,265,2026-10-08T21:01:23Z,226
2026-10-09T00:48:22Z,267,2026-10-08T23:28:05Z,80
2026-10-09T00:48:22Z,268,2026-10-08T21:00:50Z,227
2026-10-09T00:48:22Z,270,2026-10-08T21:00:46Z,227
2026-10-09T00:48:22Z,271,2026-10-08T21:00:47Z,227
2026-10-09T00:48:22Z,272,2026-10-08T21:01:12Z,227
2026-10-09T00:48:22Z,275,2026-07-01T10:22:32Z,143425
2026-10-09T00:48:22Z,276,2026-10-09T00:28:34Z,19
2026-10-09T00:48:22Z,277,2026-07-02T07:26:05Z,142162
2026-10-09T00:48:22Z,278,2026-10-09T00:16:55Z,31
2026-10-09T00:48:22Z,279,2026-10-08T21:01:16Z,227
2026-10-09T00:48:22Z,280,2026-10-08T21:01:11Z,227
2026-10-09T00:48:22Z,281,2026-10-08T21:55:53Z,172
2026-10-09T00:48:22Z,285,2026-10-08T21:01:04Z,227
2026-10-09T00:48:22Z,320,2026-01-06T13:23:56Z,396684
2026-10-09T00:48:22Z,321,2026-10-08T20:14:32Z,273
2026-10-09T00:48:22Z,322,2026-10-08T16:37:10Z,491
2026-10-09T00:48:22Z,323,2026-10-08T19:36:51Z,311
2026-10-09T00:48:22Z,324,2026-10-08T23:58:08Z,50
2026-10-09T00:48:22Z,325,2026-10-08T18:02:15Z,406
2026-10-09T00:48:22Z,375,2026-10-08T22:41:36Z,126
2026-10-09T00:48:22Z,376,2026-10-09T00:04:47Z,43
2026-10-09T00:48:22Z,377,2026-08-10T09:54:33Z,85853
2026-10-09T00:48:22Z,378,2026-10-09T00:27:48Z,20
2026-10-09T00:48:22Z,379,2026-10-08T20:31:18Z,257
2026-10-09T00:48:22Z,380,2026-10-08T21:53:51Z,174
2026-10-09T00:48:22Z,381,2026-10-08T17:43:53Z,424
2026-10-09T00:48:22Z,382,2026-10-08T14:09:33Z,638
2026-10-09T00:48:22Z,383,2026-10-08T21:09:17Z,219
2026-10-09T00:48:22Z,384,2026-10-08T20:45:05Z,243
2026-10-09T00:48:22Z,385,2026-10-08T18:24:20Z,384
2026-10-09T00:48:22Z,386,2026-10-08T19:04:33Z,343
2026-10-09T00:48:22Z,387,2026-10-08T19:16:23Z,331
2026-10-09T00:48:22Z,388,2026-10-09T00:04:54Z,43
2026-10-09T00:48:22Z,389,2026-07-29T06:27:15Z,103341
2026-10-09T00:48:22Z,390,2026-10-02T07:22:23Z,9685
2026-10-09T00:48:22Z,396,2026-10-08T18:17:08Z,391
2026-10-09T00:48:22Z,397,2026-10-08T22:27:26Z,140
2026-10-09T00:48:22Z,398,2026-10-08T19:01:27Z,346
2026-10-09T00:48:22Z,401,2026-10-08T22:11:29Z,156
2026-10-09T00:48:22Z,402,2026-10-08T18:51:37Z,356
2026-10-09T00:48:22Z,403,2026-10-08T23:32:40Z,75
2026-10-09T00:48:22Z,404,2026-10-08T18:23:10Z,385
2026-10-09T00:48:22Z,406,2026-10-08T18:02:03Z,406
2026-10-09T00:48:22Z,408,2026-10-09T00:05:19Z,43
2026-10-09T00:48:22Z,409,2026-10-08T23:26:54Z,81
2026-10-09T00:48:22Z,410,2026-10-08T22:17:04Z,151
2026-10-09T00:48:22Z,412,2026-10-08T17:43:39Z,424
2026-10-09T00:48:22Z,413,2026-10-08T20:07:14Z,281
2026-10-09T00:48:22Z,414,2026-10-08T19:40:29Z,307
2026-10-09T00:48:22Z,416,2026-10-08T18:34:44Z,373
2026-10-09T00:48:22Z,417,2026-10-09T00:04:48Z,43
2026-10-09T00:48:22Z,418,2026-10-08T17:51:35Z,416
2026-10-09T00:48:22Z,419,2026-10-08T19:08:37Z,339
2026-10-09T00:48:22Z,420,2026-10-08T15:44:02Z,544
2026-10-09T00:48:22Z,421,2026-08-17T09:20:08Z,75808
2026-10-09T00:48:22Z,422,2026-10-08T17:25:27Z,442
2026-10-09T00:48:22Z,423,2026-10-08T23:02:33Z,105
2026-10-09T00:48:22Z,424,2026-10-08T19:42:52Z,305
2026-10-09T00:48:22Z,425,2026-10-08T17:16:10Z,452
2026-10-09T00:48:22Z,428,2026-10-09T00:44:17Z,4
2026-10-09T00:48:22Z,429,2026-10-08T18:16:00Z,392
2026-10-09T00:48:22Z,430,2026-10-08T18:12:06Z,396
2026-10-09T00:48:22Z,431,2026-10-08T21:43:06Z,185
2026-10-09T00:48:22Z,432,2026-10-08T20:24:21Z,264
2026-10-09T00:48:22Z,433,2026-10-08T23:45:36Z,62
2026-10-09T00:48:22Z,434,2026-10-08T23:52:26Z,55
2026-10-09T00:48:22Z,435,2026-10-08T17:49:02Z,419
2026-10-09T00:48:22Z,436,2026-10-07T14:11:47Z,2076
2026-10-09T00:48:22Z,439,2026-10-08T14:46:48Z,601
2026-10-09T00:48:22Z,440,2026-10-08T10:21:30Z,866
2026-10-09T00:48:22Z,441,2026-10-05T11:55:49Z,5092
2026-10-09T00:48:22Z,442,2026-10-08T19:30:07Z,318
2026-10-09T00:48:22Z,443,2026-10-08T21:51:41Z,176
2026-10-09T00:48:22Z,444,2026-01-06T13:23:56Z,396684
2026-10-09T00:48:22Z,451,2026-10-08T18:11:47Z,396
2026-10-09T00:48:22Z,454,2026-01-06T13:23:56Z,396684
2026-10-09T00:48:22Z,455,2026-10-08T20:11:58Z,276
2026-10-09T00:48:22Z,498,2026-10-08T21:20:33Z,207
2026-10-09T00:48:22Z,499,2026-10-08T21:20:39Z,207
2026-10-09T00:48:22Z,500,2026-10-08T21:20:46Z,207
2026-10-09T00:48:22Z,501,2026-04-14T16:06:24Z,255401
2026-10-09T00:48:22Z,502,2026-01-06T13:23:56Z,396684
2026-10-09T00:48:22Z,503,2026-09-24T13:53:59Z,20814
2026-10-09T00:48:22Z,504,2026-10-04T13:29:12Z,6439
2026-10-09T00:48:22Z,505,2026-10-07T17:38:51Z,1869
2026-10-09T00:48:22Z,507,2026-10-08T21:01:11Z,227
2026-10-09T00:48:22Z,508,2026-10-08T21:30:40Z,197
2026-10-09T00:48:22Z,509,2026-10-08T20:46:56Z,241
2026-10-09T00:48:22Z,510,2026-10-08T21:00:58Z,227
2026-10-09T00:48:22Z,511,2026-10-08T21:00:49Z,227
2026-10-09T00:48:22Z,512,2026-10-08T23:40:03Z,68
2026-10-09T00:48:22Z,513,2026-10-09T00:23:56Z,24
2026-10-09T00:48:22Z,514,2026-10-09T00:30:52Z,17
2026-10-09T00:48:22Z,515,2026-10-08T21:01:19Z,227
2026-10-09T00:48:22Z,516,2026-10-08T21:01:18Z,227
2026-10-09T00:48:22Z,517,2026-10-08T21:01:25Z,226
2026-10-09T00:48:22Z,518,2026-10-08T21:01:24Z,226
2026-10-09T00:48:22Z,519,2026-10-08T21:00:43Z,227
2026-10-09T00:48:22Z,520,2026-10-08T21:00:55Z,227
2026-10-09T00:48:22Z,521,2026-10-08T21:00:55Z,227
2026-10-09T00:48:22Z,522,2026-10-08T21:00:55Z,227
2026-10-09T00:48:22Z,523,2026-10-08T21:01:03Z,227
2026-10-09T00:48:22Z,524,2026-10-08T21:00:53Z,227
2026-10-09T00:48:22Z,526,2026-10-08T21:01:24Z,226
2026-10-09T00:48:22Z,530,2026-01-06T13:23:56Z,396684
2026-10-09T00:48:22Z,531,2026-10-09T00:36:27Z,11
2026-10-09T00:48:22Z,532,2026-10-08T07:53:00Z,1015
2026-10-09T00:48:22Z,535,2026-10-08T11:21:07Z,807
2026-10-09T00:48:22Z,536,2026-10-07T18:32:37Z,1815
2026-10-09T00:48:22Z,537,2026-10-08T21:01:40Z,226
2026-10-09T00:48:22Z,538,2026-10-08T14:48:59Z,599
2026-10-09T00:48:22Z,539,2026-10-08T20:20:59Z,267
2026-10-09T00:48:22Z,540,2026-10-04T19:03:59Z,6104
2026-10-09T00:48:22Z,584,2026-10-08T19:06:10Z,342
2026-10-09T00:48:22Z,585,2026-10-09T00:14:48Z,33
2026-10-09T00:48:22Z,586,2026-10-08T15:32:49Z,555
2026-10-09T00:48:22Z,589,2026-01-06T13:23:56Z,396684
2026-10-09T00:48:22Z,590,2026-01-06T13:23:56Z,396684
2026-10-09T00:48:22Z,592,2026-10-08T21:01:24Z,226
2026-10-09T00:48:22Z,593,2026-10-08T21:01:10Z,227
2026-10-09T00:48:22Z,594,2026-10-08T21:48:57Z,179
2026-10-09T00:48:22Z,596,2026-10-08T23:38:32Z,69
2026-10-09T00:48:22Z,597,2026-10-08T21:00:47Z,227
2026-10-09T00:48:22Z,598,2026-01-06T13:23:56Z,396684
2026-10-09T00:48:22Z,599,2026-01-06T13:23:56Z,396684
2026-10-09T00:48:22Z,600,2026-01-06T13:23:56Z,396684
2026-10-09T00:48:22Z,664,2026-01-06T13:23:56Z,396684
2026-10-09T00:48:22Z,670,2026-10-08T22:31:49Z,136
2026-10-09T00:48:22Z,671,2026-10-08T21:47:52Z,180
2026-10-09T00:48:22Z,672,2026-10-08T20:27:42Z,260
2026-10-09T00:48:22Z,677,2026-10-08T19:57:32Z,290
2026-10-09T00:48:22Z,678,2026-10-08T21:01:08Z,227
2026-10-09T00:48:22Z,679,2026-10-08T21:01:13Z,227
2026-10-09T00:48:22Z,703,2026-10-05T00:08:31Z,5799
2026-10-09T00:48:22Z,704,2026-10-08T18:39:27Z,368
2026-10-09T00:48:22Z,705,2026-10-08T20:51:25Z,236
2026-10-09T00:48:22Z,707,2026-10-08T13:18:25Z,689
2026-10-09T00:48:22Z,709,2026-10-08T13:34:26Z,673
2026-10-09T00:48:22Z,710,2026-10-09T00:01:17Z,47
2026-10-09T00:48:22Z,712,2026-10-08T13:23:41Z,684
2026-10-09T00:48:22Z,713,2026-10-08T17:51:40Z,416
2026-10-09T00:48:22Z,715,2026-10-08T13:21:57Z,686
2026-10-09T00:48:22Z,717,2026-10-08T18:52:36Z,355
2026-10-09T00:48:22Z,737,2026-10-08T22:16:33Z,151
2026-10-09T00:48:22Z,1269,2026-10-08T20:31:16Z,257
2026-10-09T00:48:22Z,1302,2026-10-08T20:26:08Z,262
2026-10-09T00:48:22Z,1314,2026-10-08T15:43:38Z,544
2026-10-09T00:48:22Z,1315,2026-10-08T19:27:20Z,321
2026-10-09T00:48:22Z,1316,2026-10-08T20:26:33Z,261
2026-10-09T00:48:22Z,1317,2026-10-08T13:38:16Z,670
2026-10-09T00:48:22Z,1321,2026-10-08T20:25:01Z,263
2026-10-09T00:48:22Z,1353,2026-10-08T19:08:13Z,340
2026-10-09T00:48:22Z,1354,2026-10-08T18:04:26Z,403
2026-10-09T00:48:22Z,1363,2026-10-08T13:23:49Z,684
2026-10-09T00:48:22Z,1364,2026-10-08T13:23:49Z,684
2026-10-09T00:48:22Z,1453,2026-10-08T21:01:13Z,227
2026-10-09T00:48:22Z,1454,2026-10-08T21:00:59Z,227
2026-10-09T00:48:22Z,1477,2026-10-03T00:12:47Z,8675
2026-10-09T00:48:22Z,1478,2026-10-04T00:19:38Z,7228
2026-10-09T00:48:22Z,1510,2026-10-09T00:45:04Z,3
2026-10-09T00:48:22Z,1512,2026-10-09T00:45:04Z,3
2026-10-09T00:48:22Z,1514,2026-10-09T00:45:04Z,3
2026-10-09T00:48:22Z,1515,2026-10-09T00:45:04Z,3
2026-10-09T00:48:22Z,1516,2026-10-09T00:45:04Z,3
2026-10-09T00:48:22Z,1517,2026-10-09T00:45:04Z,3
2026-10-09T00:48:22Z,1518,2026-10-09T00:45:04Z,3
2026-10-09T00:48:22Z,1522,2026-10-09T00:45:04Z,3
2026-10-09T00:48:22Z,1523,2026-10-09T00:45:04Z,3
2026-10-09T00:48:22Z,1524,2026-10-09T00:45:04Z,3
2026-10-09T00:48:22Z,1525,2026-10-09T00:45:04Z,3
2026-10-09T00:48:22Z,1529,2026-10-05T08:05:06Z,5323
2026-10-09T00:48:22Z,1530,2026-10-05T14:27:02Z,4941
2026-10-09T00:48:22Z,1531,2026-10-08T08:29:16Z,979
2026-10-09T00:48:22Z,1532,2026-10-08T00:15:20Z,1473
2026-10-09T00:48:22Z,1534,2026-10-09T00:41:16Z,7
2026-10-09T00:48:22Z,1535,2026-10-09T00:45:04Z,3
2026-10-09T00:48:22Z,1554,2026-10-08T07:48:30Z,1019
2026-10-09T00:48:22Z,1556,2026-10-08T16:22:23Z,505
2026-10-09T00:48:22Z,1557,2026-10-08T20:11:22Z,277
2026-10-09T00:48:22Z,1562,2026-10-06T00:17:21Z,4351
2026-10-09T00:48:22Z,1641,2026-10-08T20:35:42Z,252
2026-10-09T00:48:22Z,1644,2026-10-08T15:32:09Z,556
2026-10-09T00:48:22Z,1645,2026-07-29T06:29:40Z,103338
2026-10-09T00:48:22Z,1647,2026-10-09T00:32:00Z,16
2026-10-09T00:48:22Z,1649,2026-10-08T21:00:54Z,227
2026-10-09T00:48:22Z,1650,2026-10-07T17:14:46Z,1893
2026-10-09T00:48:22Z,1653,2026-10-08T02:37:47Z,1330
2026-10-09T00:48:22Z,1655,2026-10-08T16:32:51Z,495
2026-10-09T00:48:22Z,1656,2026-10-08T14:43:50Z,604
2026-10-09T00:48:22Z,1658,2026-10-05T11:40:26Z,5107
2026-10-09T00:48:22Z,1659,2026-10-08T20:57:56Z,230
2026-10-09T00:48:22Z,1662,2026-10-08T00:04:18Z,1484
2026-10-09T00:48:22Z,1663,2026-10-08T21:38:20Z,190
2026-10-09T00:48:22Z,1664,2026-10-08T08:51:25Z,956
2026-10-09T00:48:22Z,1666,2026-10-07T14:12:19Z,2076
2026-10-09T00:48:22Z,1788,2026-10-09T00:45:06Z,3
2026-10-09T00:48:22Z,1789,2026-10-09T00:45:06Z,3
2026-10-09T00:48:22Z,1790,2026-10-09T00:45:06Z,3
2026-10-09T00:48:22Z,1791,2026-10-09T00:45:06Z,3
2026-10-09T00:48:22Z,1792,2026-10-09T00:45:06Z,3
2026-10-09T00:48:22Z,1793,2026-10-09T00:45:06Z,3
2026-10-09T00:48:22Z,1795,2026-10-09T00:45:06Z,3
2026-10-09T00:48:22Z,1796,2026-10-09T00:45:06Z,3
2026-10-09T00:48:22Z,1797,2026-10-09T00:45:06Z,3
2026-10-09T00:48:22Z,1798,2026-10-09T00:45:06Z,3
2026-10-09T00:48:22Z,1799,2026-10-09T00:45:06Z,3
2026-10-09T00:48:22Z,1800,2026-10-09T00:45:06Z,3
2026-10-09T00:48:22Z,1801,2026-10-09T00:45:06Z,3
2026-10-09T00:48:22Z,1802,2026-10-09T00:45:06Z,3
2026-10-09T00:48:22Z,1803,2026-10-09T00:45:06Z,3
2026-10-09T00:48:22Z,1804,2026-10-09T00:45:06Z,3
2026-10-09T00:48:22Z,1805,2026-10-09T00:45:06Z,3
2026-10-09T00:48:22Z,1806,2026-10-09T00:45:06Z,3
2026-10-09T00:48:22Z,1807,2026-10-09T00:45:06Z,3
2026-10-09T00:48:22Z,1808,2026-10-09T00:45:06Z,3
2026-10-09T00:48:22Z,1809,2026-10-09T00:45:06Z,3
2026-10-09T00:48:22Z,1810,2026-10-09T00:45:06Z,3
2026-10-09T00:48:22Z,1812,2026-10-09T00:45:06Z,3
2026-10-09T00:48:22Z,1813,2026-10-09T00:45:06Z,3
2026-10-09T00:48:22Z,1816,2026-10-09T00:45:06Z,3
2026-10-09T00:48:22Z,1817,2026-10-09T00:45:06Z,3
2026-10-09T00:48:22Z,1818,2026-10-09T00:45:06Z,3
2026-10-09T00:48:22Z,1819,2026-10-09T00:45:06Z,3
2026-10-09T00:48:22Z,1821,2026-10-09T00:45:06Z,3
2026-10-09T00:48:22Z,1822,2026-10-09T00:45:06Z,3
2026-10-09T00:48:22Z,1823,2026-10-09T00:45:06Z,3
2026-10-09T00:48:22Z,1824,2026-10-09T00:45:06Z,3
2026-10-09T00:48:22Z,1825,2026-10-09T00:45:06Z,3
2026-10-09T00:48:22Z,1826,2026-10-09T00:45:06Z,3
2026-10-09T00:48:22Z,1828,2026-10-09T00:45:06Z,3
2026-10-09T00:48:22Z,1829,2026-10-09T00:45:06Z,3
2026-10-09T00:48:22Z,1830,2026-10-09T00:45:06Z,3
2026-10-09T00:48:22Z,1832,2026-10-09T00:45:06Z,3
2026-10-09T00:48:22Z,1833,2026-10-09T00:45:06Z,3
2026-10-09T00:48:22Z,1834,2026-10-09T00:45:06Z,3
2026-10-09T00:48:22Z,1835,2026-10-09T00:45:06Z,3
2026-10-09T00:48:22Z,1836,2026-10-09T00:45:06Z,3
2026-10-09T00:48:22Z,1837,2026-10-09T00:45:06Z,3
2026-10-09T00:48:22Z,1838,2026-10-09T00:45:06Z,3
2026-10-09T00:48:22Z,1839,2026-10-09T00:45:06Z,3
2026-10-09T00:48:22Z,1840,2026-10-09T00:45:06Z,3
2026-10-09T00:48:22Z,1841,2026-10-09T00:45:06Z,3
2026-10-09T00:48:22Z,1842,2026-10-09T00:45:06Z,3
2026-10-09T00:48:22Z,1843,2026-10-09T00:45:06Z,3
2026-10-09T00:48:22Z,1844,2026-10-07T14:05:33Z,2082
2026-10-09T00:48:22Z,1845,2026-10-08T15:03:23Z,584
2026-10-09T00:48:22Z,1846,2026-10-09T00:07:20Z,41
2026-10-09T00:48:22Z,1847,2026-10-08T21:00:52Z,227
2026-10-09T00:48:22Z,1848,2026-10-09T00:21:40Z,26
2026-10-09T00:48:22Z,1851,2026-10-08T22:58:24Z,109
2026-10-09T00:48:22Z,1852,2026-10-07T07:21:05Z,2487
2026-10-09T00:48:22Z,1855,2026-10-08T05:47:59Z,1140
2026-10-09T00:48:22Z,1866,2026-09-22T16:10:30Z,23557
2026-10-09T00:48:22Z,1867,2026-09-29T14:42:26Z,13565
2026-10-09T00:48:22Z,1868,2026-10-08T08:07:59Z,1000
2026-10-09T00:48:22Z,1872,2026-01-06T13:23:56Z,396684
2026-10-09T00:48:22Z,1874,2026-10-08T05:59:20Z,1129
2026-10-09T00:48:22Z,1917,2026-10-07T07:01:09Z,2507
2026-10-09T00:48:22Z,1918,2026-10-09T00:01:43Z,46
2026-10-09T00:48:22Z,1919,2026-10-08T12:00:05Z,768
2026-10-09T00:48:22Z,1920,2026-10-08T15:30:07Z,558
2026-10-09T00:48:22Z,1921,2026-10-07T07:01:09Z,2507
2026-10-09T00:48:22Z,1922,2026-10-07T07:01:09Z,2507
2026-10-09T00:48:22Z,1923,2026-10-08T09:12:30Z,935
2026-10-09T00:48:22Z,1924,2026-10-08T18:37:07Z,371
2026-10-09T00:48:22Z,1925,2026-10-08T15:06:50Z,581
2026-10-09T00:48:22Z,1926,2026-10-08T16:08:40Z,519
2026-10-09T00:48:22Z,1927,2026-10-08T17:36:22Z,432
2026-10-09T00:48:22Z,1928,2026-10-07T12:38:49Z,2169
2026-10-09T00:48:22Z,1929,2026-10-07T19:13:30Z,1774
2026-10-09T00:48:22Z,1931,2026-10-08T17:28:46Z,439
2026-10-09T00:48:22Z,1932,2026-10-09T00:01:43Z,46
2026-10-09T00:48:22Z,1933,2026-10-08T09:36:58Z,911
2026-10-09T00:48:22Z,1937,2026-10-08T21:01:10Z,227
2026-10-09T00:48:22Z,1938,2026-10-08T16:43:26Z,484
2026-10-09T00:48:22Z,1939,2026-10-08T11:44:18Z,784
2026-10-09T00:48:22Z,1940,2026-10-09T00:35:41Z,12
2026-10-09T00:48:22Z,1941,2026-10-07T11:54:15Z,2214
2026-10-09T00:48:22Z,1942,2026-10-08T21:34:14Z,194
2026-10-09T00:48:22Z,1943,2026-10-07T07:01:09Z,2507
2026-10-09T00:48:22Z,1944,2026-10-08T06:56:44Z,1071
2026-10-09T00:48:22Z,2413,2026-10-08T19:11:32Z,336
2026-10-09T00:48:22Z,2414,2026-10-08T17:22:46Z,445
2026-10-09T00:48:22Z,2415,2026-10-08T19:18:31Z,329
2026-10-09T00:48:22Z,2416,2026-03-23T07:14:46Z,287613
2026-10-09T00:48:22Z,2417,2026-10-08T16:03:00Z,525
2026-10-09T00:48:22Z,2418,2026-10-08T03:22:19Z,1286
2026-10-09T00:48:22Z,2419,2026-03-23T08:11:39Z,287556
2026-10-09T00:48:22Z,2420,2026-10-08T18:02:41Z,405
2026-10-09T00:48:22Z,2421,2026-10-08T11:02:38Z,825
2026-10-09T00:48:22Z,2424,2026-10-08T16:06:37Z,521
2026-10-09T00:48:22Z,2425,2026-10-09T00:31:24Z,16
2026-10-09T00:48:22Z,2430,2026-10-08T22:48:31Z,119
2026-10-09T00:48:22Z,2435,2026-10-08T21:36:40Z,191
2026-10-09T00:48:22Z,2436,2026-10-09T00:33:41Z,14
2026-10-09T00:48:22Z,2437,2026-10-09T00:15:42Z,32
2026-10-09T00:48:22Z,2439,2026-10-07T13:09:36Z,2138
2026-10-09T00:48:22Z,2575,2026-10-08T23:34:39Z,73
2026-10-09T00:48:22Z,2576,2026-10-08T18:19:49Z,388
2026-10-09T00:48:22Z,2577,2026-10-08T13:18:25Z,689
2026-10-09T00:48:22Z,2580,2026-10-07T11:50:13Z,2218
2026-10-09T00:48:22Z,2581,2026-10-06T06:25:39Z,3982
2026-10-09T00:48:22Z,2584,2026-10-08T09:48:18Z,900
2026-10-09T00:48:22Z,2585,2026-10-08T10:35:28Z,852
2026-10-09T00:48:22Z,2586,2026-10-08T08:12:48Z,995
2026-10-09T00:48:22Z,2587,2026-10-08T14:58:36Z,589
2026-10-09T00:48:22Z,2593,2026-10-08T13:21:06Z,687
2026-10-09T00:48:22Z,2594,2026-10-09T00:19:44Z,28
2026-10-09T00:48:22Z,2595,2026-10-08T22:59:26Z,108
2026-10-09T00:48:22Z,2596,2026-10-08T13:33:17Z,675
2026-10-09T00:48:22Z,2603,2026-10-09T00:03:00Z,45
2026-10-09T00:48:22Z,2604,2026-10-06T06:29:08Z,3979
2026-10-09T00:48:22Z,2605,2026-10-08T12:08:22Z,760
2026-10-09T00:48:22Z,2608,2026-10-08T23:43:48Z,64
2026-10-09T00:48:22Z,2609,2026-10-09T00:14:08Z,34
2026-10-09T00:48:22Z,2610,2026-10-08T22:45:10Z,123
2026-10-09T00:48:22Z,2611,2026-10-08T16:13:09Z,515
2026-10-09T00:48:22Z,2613,2026-10-08T13:30:34Z,677
2026-10-09T00:48:22Z,2615,2026-10-08T16:55:06Z,473
2026-10-09T00:48:22Z,2616,2026-10-06T13:01:44Z,3586
2026-10-09T00:48:22Z,2617,2026-10-08T13:40:23Z,667
2026-10-09T00:48:22Z,2618,2026-10-08T18:50:28Z,357
2026-10-09T00:48:22Z,2621,2026-10-07T13:31:28Z,2116
2026-10-09T00:48:22Z,2622,2026-10-08T21:01:26Z,226
2026-10-09T00:48:22Z,2623,2026-10-03T07:42:35Z,8225
2026-10-09T00:48:22Z,2624,2026-10-08T16:21:12Z,507
2026-10-09T00:48:22Z,2625,2026-10-08T22:58:54Z,109
2026-10-09T00:48:22Z,2626,2026-10-08T17:49:35Z,418
2026-10-09T00:48:22Z,2627,2026-10-09T00:43:26Z,4
2026-10-09T00:48:22Z,2628,2026-10-08T23:07:06Z,101
2026-10-09T00:48:22Z,2629,2026-10-08T20:02:33Z,285
2026-10-09T00:48:22Z,2630,2026-10-08T16:03:03Z,525
2026-10-09T00:48:22Z,2631,2026-10-01T13:09:09Z,10779
2026-10-09T00:48:22Z,2632,2026-10-08T12:25:56Z,742
2026-10-09T00:48:22Z,2633,2026-10-08T06:02:50Z,1125
2026-10-09T00:48:22Z,2634,2026-10-08T21:24:46Z,203
2026-10-09T00:48:22Z,2635,2026-10-08T16:41:24Z,486
2026-10-09T00:48:22Z,2636,2026-10-07T08:23:26Z,2424
2026-10-09T00:48:22Z,2644,2026-01-06T13:23:56Z,396684
2026-10-09T00:48:22Z,2646,2026-01-06T13:23:56Z,396684
2026-10-09T00:48:22Z,2648,2026-10-08T19:13:28Z,334
2026-10-09T00:48:22Z,2649,2026-10-08T23:58:40Z,49
2026-10-09T00:48:22Z,2650,2026-10-08T06:07:38Z,1120
2026-10-09T00:48:22Z,2651,2026-10-06T11:51:24Z,3656
2026-10-09T00:48:22Z,2652,2026-10-08T14:23:21Z,625
2026-10-09T00:48:22Z,2653,2026-10-08T09:15:41Z,932
2026-10-09T00:48:22Z,2654,2026-10-08T14:24:58Z,623
2026-10-09T00:48:22Z,2655,2026-10-08T12:39:49Z,728
2026-10-09T00:48:22Z,2656,2026-10-08T09:56:28Z,891
2026-10-09T00:48:22Z,2657,2026-10-07T06:12:18Z,2556
2026-10-09T00:48:22Z,2658,2026-10-08T17:33:04Z,435
2026-10-09T00:48:22Z,2659,2026-10-07T07:47:07Z,2461
2026-10-09T00:48:22Z,2661,2026-10-08T12:44:55Z,723
2026-10-09T00:48:22Z,2665,2026-10-08T21:17:55Z,210
2026-10-09T00:48:22Z,2666,2026-10-09T00:45:06Z,3
2026-10-09T00:48:22Z,2667,2026-10-09T00:45:06Z,3
2026-10-09T00:48:22Z,2668,2026-10-09T00:45:06Z,3
2026-10-09T00:48:22Z,2669,2026-10-05T13:28:09Z,5000
2026-10-09T00:48:22Z,2670,2026-10-09T00:44:26Z,3
2026-10-09T00:48:22Z,2671,2026-10-08T22:27:18Z,141
2026-10-09T00:48:22Z,2672,2026-10-08T10:21:04Z,867
2026-10-09T00:48:22Z,2673,2026-10-07T16:10:04Z,1958
2026-10-09T00:48:22Z,2674,2026-10-08T06:00:46Z,1127
2026-10-09T00:48:22Z,2675,2026-10-08T08:50:37Z,957
2026-10-09T00:48:22Z,2676,2026-10-08T18:52:55Z,355
2026-10-09T00:48:22Z,2677,2026-10-09T00:45:06Z,3
2026-10-09T00:48:22Z,2682,2026-10-08T13:18:17Z,690
2026-10-09T00:48:22Z,2683,2026-10-08T18:33:34Z,374
2026-10-09T00:48:22Z,2684,2026-10-08T17:32:26Z,435
2026-10-09T00:48:22Z,2686,2026-10-08T11:45:20Z,783
2026-10-09T00:48:22Z,2687,2026-10-08T22:40:08Z,128
2026-10-09T00:48:22Z,2688,2026-10-05T15:38:41Z,4869
2026-10-09T00:48:22Z,2689,2026-10-08T15:50:34Z,537
2026-10-09T00:48:22Z,2690,2026-10-08T07:35:25Z,1032
2026-10-09T00:48:22Z,2691,2026-10-08T15:59:13Z,529
2026-10-09T00:48:22Z,2692,2026-10-08T05:01:41Z,1186
2026-10-09T00:48:22Z,2693,2026-10-08T14:09:50Z,638
2026-10-09T00:48:22Z,2694,2026-10-08T19:44:07Z,304
2026-10-09T00:48:22Z,2696,2026-10-08T12:24:17Z,744
2026-10-09T00:48:22Z,2697,2026-10-08T16:04:55Z,523
2026-10-09T00:48:22Z,2698,2026-10-07T07:01:09Z,2507
2026-10-09T00:48:22Z,2699,2026-10-09T00:17:46Z,30
2026-10-09T00:48:22Z,2700,2026-10-07T00:04:18Z,2924
2026-10-09T00:48:22Z,2701,2026-10-08T16:19:21Z,509
2026-10-09T00:48:22Z,2702,2026-10-08T23:39:36Z,68
2026-10-09T00:48:22Z,2703,2026-10-07T07:01:09Z,2507
2026-10-09T00:48:22Z,2704,2026-10-07T20:43:53Z,1684
2026-10-09T00:48:22Z,2705,2026-10-08T17:13:27Z,454
2026-10-09T00:48:22Z,2706,2026-10-08T12:47:09Z,721
2026-10-09T00:48:22Z,2707,2026-10-08T09:01:19Z,947
2026-10-09T00:48:22Z,2708,2026-10-08T20:31:29Z,256
2026-10-09T00:48:22Z,2709,2026-10-08T12:27:02Z,741
2026-10-09T00:48:22Z,2710,2026-07-29T06:29:49Z,103338
2026-10-09T00:48:22Z,2716,2026-10-09T00:04:56Z,43
2026-10-09T00:48:22Z,2717,2026-10-08T17:42:46Z,425
2026-10-09T00:48:22Z,2718,2026-10-08T21:49:46Z,178
2026-10-09T00:48:22Z,2719,2026-10-08T18:51:18Z,357
2026-10-09T00:48:22Z,2722,2026-10-07T08:41:59Z,2406
2026-10-09T00:48:22Z,2724,2026-10-08T06:53:41Z,1074
2026-10-09T00:48:22Z,2726,2026-10-08T22:57:49Z,110
2026-10-09T00:48:22Z,2727,2026-10-08T11:26:47Z,801
2026-10-09T00:48:22Z,2728,2026-10-08T09:42:40Z,905
2026-10-09T00:48:22Z,2729,2026-10-08T18:31:02Z,377
2026-10-09T00:48:22Z,2734,2026-07-29T06:33:24Z,103334
2026-10-09T00:48:22Z,2736,2026-10-07T15:38:04Z,1990
2026-10-09T00:48:22Z,2738,2026-10-07T09:50:35Z,2337
2026-10-09T00:48:22Z,2739,2026-10-08T23:22:43Z,85
2026-10-09T00:48:22Z,2740,2026-10-08T19:21:07Z,327
2026-10-09T00:48:22Z,2743,2026-10-08T14:31:27Z,616
2026-10-09T00:48:22Z,2746,2026-10-06T06:10:02Z,3998
2026-10-09T00:48:22Z,2748,2026-10-08T08:16:20Z,992
2026-10-09T00:48:22Z,2757,2026-10-08T15:51:22Z,537
2026-10-09T00:48:22Z,2758,2026-10-08T22:41:08Z,127
2026-10-09T00:48:22Z,2759,2026-10-08T18:03:21Z,405
2026-10-09T00:48:22Z,2760,2026-10-09T00:01:55Z,46
2026-10-09T00:48:22Z,2761,2026-10-08T20:30:33Z,257
2026-10-09T00:48:22Z,2763,2026-10-08T17:31:52Z,436
2026-10-09T00:48:22Z,2764,2026-10-08T19:51:47Z,296
2026-10-09T00:48:22Z,2765,2026-10-08T18:16:06Z,392
2026-10-09T00:48:22Z,2766,2026-10-08T17:33:35Z,434
2026-10-09T00:48:22Z,2767,2026-10-07T07:01:09Z,2507
2026-10-09T00:48:22Z,2768,2026-10-08T20:54:57Z,233
2026-10-09T00:48:22Z,2769,2026-10-08T13:37:57Z,670
2026-10-09T00:48:22Z,2770,2026-10-08T19:55:44Z,292
2026-10-09T00:48:22Z,2771,2026-10-09T00:45:06Z,3
2026-10-09T00:48:22Z,2772,2026-10-09T00:45:06Z,3
2026-10-09T00:48:22Z,2773,2026-10-08T21:01:29Z,226
2026-10-09T00:48:22Z,2774,2026-10-08T21:00:49Z,227
2026-10-09T00:48:22Z,2778,2026-10-08T21:01:14Z,227
2026-10-09T00:48:22Z,2779,2026-10-08T21:02:57Z,225
2026-10-09T00:48:22Z,2780,2026-10-08T21:00:51Z,227
2026-10-09T00:48:22Z,2782,2026-10-08T21:01:29Z,226
2026-10-09T00:48:22Z,2788,2026-10-08T21:01:07Z,227
2026-10-09T00:48:22Z,2789,2026-10-08T21:00:48Z,227
2026-10-09T00:48:22Z,2791,2026-10-08T21:01:29Z,226
2026-10-09T00:48:22Z,2792,2026-10-08T21:41:27Z,186
2026-10-09T00:48:22Z,2794,2026-10-08T21:01:15Z,227
2026-10-09T00:48:22Z,2795,2026-10-08T21:01:13Z,227
2026-10-09T00:48:22Z,2796,2026-10-08T21:01:12Z,227
2026-10-09T00:48:22Z,2797,2026-10-08T21:00:50Z,227
2026-10-09T00:48:22Z,2798,2026-10-08T21:00:43Z,227
2026-10-09T00:48:22Z,2799,2026-10-08T21:00:44Z,227
2026-10-09T00:48:22Z,2800,2026-10-08T21:01:18Z,227
2026-10-09T00:48:22Z,2802,2026-09-01T06:51:28Z,54356
2026-10-09T00:48:22Z,2803,2026-10-08T22:01:17Z,167
2026-10-09T00:48:22Z,2804,2026-10-08T21:01:03Z,227
2026-10-09T00:48:22Z,2805,2026-10-08T09:13:13Z,935
2026-10-09T00:48:22Z,2806,2026-10-08T21:00:52Z,227
2026-10-09T00:48:22Z,2807,2026-10-08T21:00:46Z,227
2026-10-09T00:48:22Z,2808,2026-10-09T00:23:07Z,25
2026-10-09T00:48:22Z,2809,2026-10-09T00:23:07Z,25
2026-10-09T00:48:22Z,2810,2026-10-09T00:28:43Z,19
2026-10-09T00:48:22Z,2811,2026-10-08T21:00:59Z,227
2026-10-09T00:48:22Z,2812,2026-10-08T21:00:51Z,227
2026-10-09T00:48:22Z,2813,2026-10-08T21:00:55Z,227
2026-10-09T00:48:22Z,2814,2026-10-08T21:00:42Z,227
2026-10-09T00:48:22Z,2815,2026-10-08T22:35:47Z,132
2026-10-09T00:48:22Z,2816,2026-10-08T22:41:14Z,127
2026-10-09T00:48:22Z,2817,2026-10-08T21:00:54Z,227
2026-10-09T00:48:22Z,2818,2026-10-08T21:01:11Z,227
2026-10-09T00:48:22Z,2819,2026-10-08T21:00:53Z,227
2026-10-09T00:48:22Z,2820,2026-10-08T18:28:10Z,380
2026-10-09T00:48:22Z,2821,2026-10-09T00:39:31Z,8
2026-10-09T00:48:22Z,2822,2026-10-09T00:27:50Z,20
2026-10-09T00:48:22Z,2824,2026-10-08T21:01:48Z,226
2026-10-09T00:48:22Z,2825,2026-02-23T12:04:04Z,327644
2026-10-09T00:48:22Z,2826,2026-10-08T21:01:25Z,226
2026-10-09T00:48:22Z,2827,2026-10-08T16:06:48Z,521
2026-10-09T00:48:22Z,2828,2026-10-08T21:02:26Z,225
2026-10-09T00:48:22Z,2829,2026-10-08T21:01:09Z,227
2026-10-09T00:48:22Z,2830,2026-10-08T21:00:47Z,227
2026-10-09T00:48:22Z,2831,2026-10-08T21:01:12Z,227
2026-10-09T00:48:22Z,2832,2026-10-08T21:00:51Z,227
2026-10-09T00:48:22Z,2833,2026-05-14T09:37:50Z,212590
2026-10-09T00:48:22Z,2834,2026-10-08T21:00:50Z,227
2026-10-09T00:48:22Z,2835,2026-10-08T21:01:23Z,226
2026-10-09T00:48:22Z,2836,2026-10-08T21:00:52Z,227
2026-10-09T00:48:22Z,2837,2026-10-08T21:01:10Z,227
2026-10-09T00:48:22Z,2838,2026-10-08T21:01:10Z,227
2026-10-09T00:48:22Z,2839,2026-10-08T21:00:57Z,227
2026-10-09T00:48:22Z,2840,2026-10-08T19:10:07Z,338
2026-10-09T00:48:22Z,2841,2026-10-08T18:15:54Z,392
2026-10-09T00:48:22Z,2843,2026-10-08T20:38:01Z,250
2026-10-09T00:48:22Z,2844,2026-10-08T21:12:34Z,215
2026-10-09T00:48:22Z,2845,2026-10-08T17:08:58Z,459
2026-10-09T00:48:22Z,2846,2026-10-04T16:35:41Z,6252
2026-10-09T00:48:22Z,2847,2026-10-09T00:36:29Z,11
2026-10-09T00:48:22Z,2848,2026-10-08T16:04:42Z,523
2026-10-09T00:48:22Z,2849,2026-10-08T13:39:27Z,668
2026-10-09T00:48:22Z,2850,2026-10-08T19:46:47Z,301
2026-10-09T00:48:22Z,2851,2026-10-09T00:30:45Z,17
2026-10-09T00:48:22Z,2852,2026-10-05T01:21:38Z,5726
2026-10-09T00:48:22Z,2853,2026-10-08T13:21:25Z,686
2026-10-09T00:48:22Z,2855,2026-10-08T11:47:23Z,780
2026-10-09T00:48:22Z,2856,2026-10-08T15:38:38Z,549
2026-10-09T00:48:22Z,2857,2026-10-08T17:13:28Z,454
2026-10-09T00:48:22Z,2858,2026-10-05T09:48:16Z,5220
2026-10-09T00:48:22Z,2859,2026-10-08T14:09:26Z,638
2026-10-09T00:48:22Z,2860,2026-10-08T09:36:50Z,911
2026-10-09T00:48:22Z,2861,2026-10-08T10:37:48Z,850
2026-10-09T00:48:22Z,2862,2026-10-08T05:33:43Z,1154
2026-10-09T00:48:22Z,2863,2026-10-08T10:20:42Z,867
2026-10-09T00:48:22Z,2864,2026-10-07T15:04:29Z,2023
2026-10-09T00:48:22Z,2865,2026-10-08T13:53:46Z,654
2026-10-09T00:48:22Z,2866,2026-10-07T08:34:19Z,2414
2026-10-09T00:48:22Z,2867,2026-10-08T20:28:20Z,260
2026-10-09T00:48:22Z,2868,2026-10-08T15:33:10Z,555
2026-10-09T00:48:22Z,2869,2026-10-08T11:51:18Z,777
2026-10-09T00:48:22Z,2870,2026-10-08T12:28:44Z,739
2026-10-09T00:48:22Z,2871,2026-10-08T19:06:05Z,342
2026-10-09T00:48:22Z,2872,2026-10-08T15:01:03Z,587
2026-10-09T00:48:22Z,2873,2026-10-08T09:34:41Z,913
2026-10-09T00:48:22Z,2874,2026-10-08T13:08:30Z,699
2026-10-09T00:48:22Z,2875,2026-10-08T08:28:56Z,979
2026-10-09T00:48:22Z,2876,2026-10-08T19:07:15Z,341
2026-10-09T00:48:22Z,2877,2026-10-08T17:51:47Z,416
2026-10-09T00:48:22Z,2878,2026-10-08T00:02:10Z,1486
2026-10-09T00:48:22Z,2879,2026-10-08T19:33:40Z,314
2026-10-09T00:48:22Z,2880,2026-10-09T00:01:42Z,46
2026-10-09T00:48:22Z,2881,2026-10-08T01:17:40Z,1410
2026-10-09T00:48:22Z,2882,2026-10-09T00:02:11Z,46
2026-10-09T00:48:22Z,2883,2026-10-09T00:01:29Z,46
2026-10-09T00:48:22Z,2884,2026-10-09T00:01:48Z,46
2026-10-09T00:48:22Z,2885,2026-10-08T19:31:06Z,317
2026-10-09T00:48:22Z,2886,2026-10-07T07:01:09Z,2507
2026-10-09T00:48:22Z,2887,2026-10-07T11:32:47Z,2235
2026-10-09T00:48:22Z,2889,2026-10-09T00:01:21Z,47
2026-10-09T00:48:22Z,2890,2026-10-08T15:39:56Z,548
2026-10-09T00:48:22Z,2891,2026-10-08T11:57:22Z,771
2026-10-09T00:48:22Z,2892,2026-10-08T12:23:52Z,744
2026-10-09T00:48:22Z,2893,2026-10-08T12:53:06Z,715
2026-10-09T00:48:22Z,2894,2026-10-08T14:27:10Z,621
2026-10-09T00:48:22Z,2895,2026-10-08T16:18:12Z,510
2026-10-09T00:48:22Z,2896,2026-10-08T19:43:16Z,305
2026-10-09T00:48:22Z,2897,2026-10-09T00:03:55Z,44
2026-10-09T00:48:22Z,2898,2026-10-08T07:05:33Z,1062
2026-10-09T00:48:22Z,2899,2026-10-08T15:30:57Z,557
2026-10-09T00:48:22Z,2900,2026-10-06T04:31:31Z,4096
2026-10-09T00:48:22Z,2901,2026-10-08T20:34:56Z,253
2026-10-09T00:48:22Z,2902,2026-10-08T17:10:04Z,458
2026-10-09T00:48:22Z,2903,2026-10-08T19:40:16Z,308
2026-10-09T00:48:22Z,2904,2026-10-08T15:10:16Z,578
2026-10-09T00:48:22Z,2906,2026-10-09T00:01:34Z,46
2026-10-09T00:48:22Z,2907,2026-10-08T18:16:02Z,392
2026-10-09T00:48:22Z,2908,2026-10-07T15:08:03Z,2020
2026-10-09T00:48:22Z,2909,2026-10-08T14:18:28Z,629
2026-10-09T00:48:22Z,2911,2026-10-08T14:07:00Z,641
2026-10-09T00:48:22Z,2912,2026-10-08T15:35:57Z,552
2026-10-09T00:48:22Z,2913,2026-10-08T17:01:26Z,466
2026-10-09T00:48:22Z,2914,2026-10-08T16:01:00Z,527
2026-10-09T00:48:22Z,2915,2026-10-08T13:54:22Z,654
2026-10-09T00:48:22Z,2916,2026-10-08T09:23:06Z,925
2026-10-09T00:48:22Z,2917,2026-10-08T15:02:06Z,586
2026-10-09T00:48:22Z,2918,2026-10-08T14:37:10Z,611
2026-10-09T00:48:22Z,2919,2026-10-09T00:01:40Z,46
2026-10-09T00:48:22Z,2920,2026-10-09T00:02:13Z,46
2026-10-09T00:48:22Z,2921,2026-10-08T16:21:38Z,506
2026-10-09T00:48:22Z,2922,2026-10-07T07:09:19Z,2499
2026-10-09T00:48:22Z,2923,2026-10-05T08:48:50Z,5279
2026-10-09T00:48:22Z,2924,2026-10-07T12:05:22Z,2203
2026-10-09T00:48:22Z,2925,2026-10-05T11:02:46Z,5145
2026-10-09T00:48:22Z,2926,2026-10-08T13:27:39Z,680
2026-10-09T00:48:22Z,2927,2026-10-08T20:21:55Z,266
2026-10-09T00:48:22Z,2928,2026-10-08T06:48:58Z,1079
2026-10-09T00:48:22Z,2929,2026-10-08T16:58:44Z,469
2026-10-09T00:48:22Z,2930,2026-10-08T13:17:04Z,691
2026-10-09T00:48:22Z,2931,2026-10-08T14:47:43Z,600
2026-10-09T00:48:22Z,2932,2026-10-08T17:42:13Z,426
2026-10-09T00:48:22Z,2933,2026-10-08T20:34:59Z,253
2026-10-09T00:48:22Z,2934,2026-10-08T07:48:10Z,1020
2026-10-09T00:48:22Z,2935,2026-10-08T16:04:55Z,523
2026-10-09T00:48:22Z,2936,2026-10-08T10:56:26Z,831
2026-10-09T00:48:22Z,2937,2026-10-08T20:57:20Z,231
2026-10-09T00:48:22Z,2938,2026-10-08T08:47:58Z,960
2026-10-09T00:48:22Z,2939,2026-10-09T00:02:13Z,46
2026-10-09T00:48:22Z,2940,2026-10-08T15:18:44Z,569
2026-10-09T00:48:22Z,2941,2026-10-08T14:03:26Z,644
2026-10-09T00:48:22Z,2942,2026-10-08T15:51:41Z,536
2026-10-09T00:48:22Z,2943,2026-10-08T14:59:04Z,589
2026-10-09T00:48:22Z,2944,2026-10-08T13:56:08Z,652
2026-10-09T00:48:22Z,2945,2026-10-07T15:12:14Z,2016
2026-10-09T00:48:22Z,2981,2026-10-08T15:48:03Z,540
2026-10-09T00:48:22Z,2982,2026-10-03T11:15:04Z,8013
2026-10-09T00:48:22Z,2983,2026-10-08T17:39:57Z,428
2026-10-09T00:48:22Z,2984,2026-10-08T10:33:21Z,855
2026-10-09T00:48:22Z,2985,2026-10-08T13:42:32Z,665
2026-10-09T00:48:22Z,2986,2026-10-08T16:23:45Z,504
2026-10-09T00:48:22Z,2987,2026-10-08T20:55:30Z,232
2026-10-09T00:48:22Z,2988,2026-10-09T00:35:30Z,12
2026-10-09T00:48:22Z,2989,2026-10-08T18:42:35Z,365
2026-10-09T00:48:22Z,2990,2026-10-08T15:29:10Z,559
2026-10-09T00:48:22Z,2991,2026-10-08T15:42:07Z,546
2026-10-09T00:48:22Z,2992,2026-10-08T09:32:10Z,916
2026-10-09T00:48:22Z,2993,2026-10-08T11:45:17Z,783
2026-10-09T00:48:22Z,2994,2026-10-08T15:35:36Z,552
2026-10-09T00:48:22Z,2995,2026-10-07T14:59:31Z,2028
2026-10-09T00:48:22Z,2996,2026-10-08T20:33:29Z,254
2026-10-09T00:48:22Z,2997,2026-10-08T20:33:29Z,254
2026-10-09T00:48:22Z,2999,2026-10-08T14:02:45Z,645
2026-10-09T00:48:22Z,3000,2026-10-08T23:00:59Z,107
2026-10-09T00:48:22Z,3001,2026-10-08T18:26:30Z,381
2026-10-09T00:48:22Z,3002,2026-10-08T15:27:58Z,560
2026-10-09T00:48:22Z,3003,2026-10-08T15:14:50Z,573
2026-10-09T00:48:22Z,3009,2026-10-09T00:45:06Z,3
2026-10-09T00:48:22Z,3011,2026-10-09T00:45:15Z,3
2026-10-09T00:48:22Z,3035,2026-10-08T20:34:42Z,253
2026-10-09T00:48:22Z,3037,2026-10-09T00:29:08Z,19
2026-10-09T00:48:22Z,3038,2026-10-09T00:35:20Z,13
2026-10-09T00:48:22Z,3042,2026-10-09T00:09:10Z,39
2026-10-09T00:48:22Z,3043,2026-10-08T13:23:46Z,684
2026-10-09T00:48:22Z,3044,2026-10-08T20:30:32Z,257
2026-10-09T00:48:22Z,3045,2026-10-09T00:34:31Z,13
2026-10-09T00:48:22Z,3046,2026-10-08T20:38:03Z,250
2026-10-09T00:48:22Z,3049,2026-10-08T21:40:09Z,188
2026-10-09T00:48:22Z,3050,2026-10-08T17:30:16Z,438
2026-10-09T00:48:22Z,3052,2026-10-08T16:53:36Z,474
2026-10-09T00:48:22Z,3053,2026-10-08T18:46:24Z,361
2026-10-09T00:48:22Z,3054,2026-10-08T17:20:53Z,447
2026-10-09T00:48:22Z,3055,2026-10-08T13:34:36Z,673
2026-10-09T00:48:22Z,3056,2026-10-08T13:31:30Z,676
2026-10-09T00:48:22Z,3057,2026-10-08T13:31:49Z,676
2026-10-09T00:48:22Z,3058,2026-10-08T20:37:16Z,251
2026-10-09T00:48:22Z,3059,2026-10-08T23:33:47Z,74
2026-10-09T00:48:22Z,3060,2026-10-08T16:14:10Z,514
2026-10-09T00:48:22Z,3061,2026-10-09T00:45:06Z,3
2026-10-09T00:48:22Z,3062,2026-10-09T00:40:45Z,7
2026-10-09T00:48:22Z,3063,2026-10-08T00:01:57Z,1486
2026-10-09T00:48:22Z,3064,2026-10-08T05:30:58Z,1157
2026-10-09T00:48:22Z,3065,2026-10-08T18:22:42Z,385
2026-10-09T00:48:22Z,3066,2026-10-08T16:47:58Z,480
2026-10-09T00:48:22Z,3067,2026-10-08T12:04:15Z,764
2026-10-09T00:48:22Z,3068,2026-10-07T14:32:39Z,2055
2026-10-09T00:48:22Z,3069,2026-10-07T07:01:09Z,2507
2026-10-09T00:48:22Z,3070,2026-10-08T13:06:50Z,701
2026-10-09T00:48:22Z,3071,2026-10-08T17:03:48Z,464
2026-10-09T00:48:22Z,3072,2026-10-08T15:59:10Z,529
2026-10-09T00:48:22Z,3073,2026-10-08T21:00:58Z,227
2026-10-09T00:48:22Z,3074,2026-10-08T13:29:12Z,679
2026-10-09T00:48:22Z,3075,2026-10-08T13:29:03Z,679
2026-10-09T00:48:22Z,3076,2026-10-08T14:43:48Z,604
2026-10-09T00:48:22Z,3077,2026-10-08T11:32:04Z,796
2026-10-09T00:48:22Z,3078,2026-10-07T10:48:47Z,2279
2026-10-09T00:48:22Z,3079,2026-10-07T12:27:19Z,2181
2026-10-09T00:48:22Z,3080,2026-10-09T00:02:02Z,46
2026-10-09T00:48:22Z,3081,2026-10-08T10:45:39Z,842
2026-10-09T00:48:22Z,3082,2026-10-08T14:28:46Z,619
2026-10-09T00:48:22Z,3083,2026-10-08T16:21:58Z,506
2026-10-09T00:48:22Z,3084,2026-10-08T16:51:56Z,476
2026-10-09T00:48:22Z,3085,2026-10-07T16:35:10Z,1933
2026-10-09T00:48:22Z,3086,2026-10-08T16:55:58Z,472
2026-10-09T00:48:22Z,3087,2026-10-05T12:02:18Z,5086
2026-10-09T00:48:22Z,3088,2026-10-08T17:03:03Z,465
2026-10-09T00:48:22Z,3089,2026-10-08T15:40:12Z,548
2026-10-09T00:48:22Z,3091,2026-10-08T16:44:59Z,483
2026-10-09T00:48:22Z,3092,2026-10-08T17:34:41Z,433
2026-10-09T00:48:22Z,3093,2026-10-08T18:31:15Z,377
2026-10-09T00:48:22Z,3094,2026-10-08T22:55:35Z,112
2026-10-09T00:48:22Z,3095,2026-10-06T06:06:51Z,4001
2026-10-09T00:48:22Z,3096,2026-10-08T12:56:11Z,712
2026-10-09T00:48:22Z,3101,2026-10-08T09:44:43Z,903
2026-10-09T00:48:22Z,3102,2026-10-08T16:58:14Z,470
2026-10-09T00:48:22Z,3103,2026-10-08T21:00:55Z,227
2026-10-09T00:48:22Z,3105,2026-10-08T21:01:00Z,227
2026-10-09T00:48:22Z,3107,2026-10-08T18:18:38Z,389
2026-10-09T00:48:22Z,3108,2026-10-08T21:00:58Z,227
2026-10-09T00:48:22Z,3109,2026-10-08T21:00:56Z,227
2026-10-09T00:48:22Z,3110,2026-10-08T19:46:34Z,301
2026-10-09T00:48:22Z,3111,2026-10-08T18:13:43Z,394
2026-10-09T00:48:22Z,3112,2026-10-08T18:05:00Z,403
2026-10-09T00:48:22Z,3113,2026-10-08T18:53:19Z,355
2026-10-09T00:48:22Z,3116,2026-10-09T00:18:07Z,30
2026-10-09T00:48:22Z,3117,2026-10-08T13:30:35Z,677
2026-10-09T00:48:22Z,3118,2026-10-08T08:32:08Z,976
2026-10-09T00:48:22Z,3131,2026-10-09T00:01:07Z,47
2026-10-09T00:48:22Z,3132,2026-10-09T00:45:04Z,3
2026-10-09T00:48:22Z,3133,2026-10-09T00:45:04Z,3
2026-10-09T00:48:22Z,3134,2026-10-09T00:45:04Z,3
2026-10-09T00:48:22Z,3135,2026-10-09T00:45:04Z,3
2026-10-09T00:48:22Z,3136,2026-10-09T00:45:04Z,3
2026-10-09T00:48:22Z,3137,2026-10-09T00:45:04Z,3
2026-10-09T00:48:22Z,3138,2026-10-09T00:45:04Z,3
2026-10-09T00:48:22Z,3139,2026-10-08T17:33:29Z,434
2026-10-09T00:48:22Z,3140,2026-10-08T13:09:00Z,699
2026-10-09T00:48:22Z,3141,2026-10-08T10:46:50Z,841
2026-10-09T00:48:22Z,3142,2026-10-08T23:00:50Z,107
2026-10-09T00:48:22Z,3143,2026-10-08T16:24:54Z,503
2026-10-09T00:48:22Z,3144,2026-10-08T20:44:55Z,243
2026-10-09T00:48:22Z,3149,2026-10-09T00:45:04Z,3
2026-10-09T00:48:22Z,3150,2026-10-09T00:45:04Z,3
2026-10-09T00:48:22Z,3151,2026-10-09T00:45:04Z,3
2026-10-09T00:48:22Z,3152,2026-10-09T00:45:04Z,3
2026-10-09T00:48:22Z,3153,2026-10-08T15:29:31Z,558
2026-10-09T00:48:22Z,3154,2026-10-08T23:59:48Z,48
2026-10-09T00:48:22Z,3155,2026-10-09T00:45:04Z,3
2026-10-09T00:48:22Z,3156,2026-10-09T00:45:04Z,3
2026-10-09T00:48:22Z,3157,2026-10-09T00:45:04Z,3
2026-10-09T00:48:22Z,3158,2026-10-09T00:45:04Z,3
2026-10-09T00:48:22Z,3159,2026-10-09T00:45:04Z,3
2026-10-09T00:48:22Z,3160,2026-10-08T13:15:16Z,693
2026-10-09T00:48:22Z,3161,2026-10-09T00:45:04Z,3
2026-10-09T00:48:22Z,3162,2026-10-09T00:45:04Z,3
2026-10-09T00:48:22Z,3163,2026-10-09T00:45:04Z,3
2026-10-09T00:48:22Z,3164,2026-10-09T00:45:04Z,3
2026-10-09T00:48:22Z,3166,2026-10-09T00:45:04Z,3
2026-10-09T00:48:22Z,3167,2026-10-09T00:45:04Z,3
2026-10-09T00:48:22Z,3168,2026-10-09T00:45:04Z,3
2026-10-09T00:48:22Z,3169,2026-10-09T00:45:04Z,3
2026-10-09T00:48:22Z,3170,2026-10-08T18:58:00Z,350
2026-10-09T00:48:22Z,3171,2026-10-09T00:45:04Z,3
2026-10-09T00:48:22Z,3173,2026-10-09T00:45:04Z,3
2026-10-09T00:48:22Z,3174,2026-10-09T00:45:04Z,3
2026-10-09T00:48:22Z,3176,2026-10-09T00:45:04Z,3
2026-10-09T00:48:22Z,3181,2026-10-09T00:45:04Z,3
2026-10-09T00:48:22Z,3182,2026-10-09T00:45:04Z,3
2026-10-09T00:48:22Z,3183,2026-10-08T19:08:20Z,340
2026-10-09T00:48:22Z,3184,2026-10-09T00:45:04Z,3
2026-10-09T00:48:22Z,3185,2026-10-09T00:45:04Z,3
2026-10-09T00:48:22Z,3186,2026-10-09T00:45:04Z,3
2026-10-09T00:48:22Z,3187,2026-10-09T00:45:04Z,3
2026-10-09T00:48:22Z,3189,2026-10-09T00:45:04Z,3
2026-10-09T00:48:22Z,3190,2026-10-09T00:45:04Z,3
2026-10-09T00:48:22Z,3193,2026-10-09T00:45:04Z,3
2026-10-09T00:48:22Z,3194,2026-10-09T00:45:04Z,3
2026-10-09T00:48:22Z,3195,2026-10-09T00:45:04Z,3
2026-10-09T00:48:22Z,3196,2026-10-09T00:45:04Z,3
2026-10-09T00:48:22Z,3201,2026-10-09T00:45:04Z,3
2026-10-09T00:48:22Z,3202,2026-10-08T17:01:20Z,467
2026-10-09T00:48:22Z,3203,2026-10-09T00:45:04Z,3
2026-10-09T00:48:22Z,3204,2026-10-09T00:45:04Z,3
2026-10-09T00:48:22Z,3205,2026-10-08T17:48:48Z,419
2026-10-09T00:48:22Z,3209,2026-10-09T00:45:04Z,3
2026-10-09T00:48:22Z,3210,2026-10-09T00:45:04Z,3
2026-10-09T00:48:22Z,3211,2026-10-09T00:25:03Z,23
2026-10-09T00:48:22Z,3213,2026-10-08T20:37:44Z,250
2026-10-09T00:48:22Z,3214,2026-10-08T19:33:38Z,314
2026-10-09T00:48:22Z,3216,2026-10-08T16:31:15Z,497
2026-10-09T00:48:22Z,3219,2026-10-08T21:01:10Z,227
2026-10-09T00:48:22Z,3220,2026-10-08T21:01:07Z,227
2026-10-09T00:48:22Z,3221,2026-10-08T21:00:51Z,227
2026-10-09T00:48:22Z,3222,2026-10-09T00:21:14Z,27
2026-10-09T00:48:22Z,3225,2026-10-08T19:16:18Z,332
2026-10-09T00:48:22Z,3226,2026-10-08T21:01:07Z,227
2026-10-09T00:48:22Z,3227,2026-10-08T20:43:19Z,245
2026-10-09T00:48:22Z,3228,2026-10-08T21:00:55Z,227
2026-10-09T00:48:22Z,3229,2026-10-08T21:01:27Z,226
2026-10-09T00:48:22Z,3230,2026-10-08T21:01:25Z,226
2026-10-09T00:48:22Z,3231,2026-10-08T21:00:42Z,227
2026-10-09T00:48:22Z,3233,2026-10-08T21:01:04Z,227
2026-10-09T00:48:22Z,3234,2026-10-08T21:01:24Z,226
2026-10-09T00:48:22Z,3240,2026-10-08T22:28:51Z,139
2026-10-09T00:48:22Z,3241,2026-10-08T18:09:25Z,398
2026-10-09T00:48:22Z,3242,2026-10-08T14:25:03Z,623
2026-10-09T00:48:22Z,3243,2026-10-08T13:51:51Z,656
2026-10-09T00:48:22Z,3244,2026-10-08T16:19:09Z,509
2026-10-09T00:48:22Z,3245,2026-10-08T11:55:35Z,772
2026-10-09T00:48:22Z,3246,2026-10-08T23:02:41Z,105
2026-10-09T00:48:22Z,3247,2026-10-09T00:01:54Z,46
2026-10-09T00:48:22Z,3248,2026-10-09T00:02:00Z,46
2026-10-09T00:48:22Z,3249,2026-10-08T11:32:54Z,795
2026-10-09T00:48:22Z,3250,2026-10-08T21:38:21Z,190
2026-10-09T00:48:22Z,3251,2026-10-09T00:01:38Z,46
2026-10-09T00:48:22Z,3252,2026-10-08T10:14:26Z,873
2026-10-09T00:48:22Z,3253,2026-10-08T17:13:32Z,454
2026-10-09T00:48:22Z,3254,2026-10-08T21:01:23Z,226
2026-10-09T00:48:22Z,3256,2026-10-08T19:26:06Z,322
2026-10-09T00:48:22Z,3258,2026-10-08T21:23:29Z,204
2026-10-09T00:48:22Z,3261,2026-10-08T21:00:49Z,227
2026-10-09T00:48:22Z,3276,2026-10-08T21:00:53Z,227
2026-10-09T00:48:22Z,3277,2026-10-08T21:01:09Z,227
2026-10-09T00:48:22Z,3278,2026-10-08T21:00:57Z,227
2026-10-09T00:48:22Z,3279,2026-10-08T21:00:57Z,227
2026-10-09T00:48:22Z,3280,2026-10-08T21:01:03Z,227
2026-10-09T00:48:22Z,3281,2026-10-08T21:01:08Z,227
2026-10-09T00:48:22Z,3283,2026-10-08T21:00:49Z,227
2026-10-09T00:48:22Z,3285,2026-10-08T21:00:38Z,227
2026-10-09T00:48:22Z,3287,2026-10-08T21:01:00Z,227
2026-10-09T00:48:22Z,3289,2026-10-08T21:01:05Z,227
2026-10-09T00:48:22Z,3294,2026-10-08T21:00:54Z,227
2026-10-09T00:48:22Z,3304,2026-10-09T00:34:09Z,14
2026-10-09T00:48:22Z,3305,2026-10-08T21:01:21Z,227
2026-10-09T00:48:22Z,3306,2026-10-08T21:00:50Z,227
2026-10-09T00:48:22Z,3308,2026-10-08T21:00:59Z,227
2026-10-09T00:48:22Z,3309,2026-10-08T21:00:48Z,227
2026-10-09T00:48:22Z,3318,2026-10-07T21:30:06Z,1638
2026-10-09T00:48:22Z,3319,2026-10-09T00:22:18Z,26
2026-10-09T00:48:22Z,3322,2026-09-29T10:14:53Z,13833
2026-10-09T00:48:22Z,3323,2026-10-03T08:24:49Z,8183
2026-10-09T00:48:22Z,3325,2026-10-08T21:01:19Z,227
2026-10-09T00:48:22Z,3328,2026-10-08T17:15:20Z,453
2026-10-09T00:48:22Z,3341,2026-10-08T15:21:06Z,567
2026-10-09T00:48:22Z,3380,2026-10-08T19:09:28Z,338
2026-10-09T00:48:22Z,3381,2026-10-08T19:09:26Z,338
2026-10-09T00:48:22Z,3382,2026-10-08T19:09:27Z,338
2026-10-09T00:48:22Z,3383,2026-10-08T19:09:25Z,338
2026-10-09T00:48:22Z,3384,2026-10-08T22:54:08Z,114
2026-10-09T00:48:22Z,3385,2026-10-08T19:09:26Z,338
2026-10-09T00:48:22Z,3386,2026-10-08T19:09:26Z,338
2026-10-09T00:48:22Z,3387,2026-10-08T19:09:18Z,339
2026-10-09T00:48:22Z,3389,2026-10-08T19:09:11Z,339
2026-10-09T00:48:22Z,3390,2026-10-08T19:09:12Z,339
2026-10-09T00:48:22Z,3391,2026-10-08T23:54:14Z,54
2026-10-09T00:48:22Z,3392,2026-10-08T21:49:35Z,178
2026-10-09T00:48:22Z,3393,2026-10-08T19:09:14Z,339
2026-10-09T00:48:22Z,3394,2026-10-08T19:09:14Z,339
2026-10-09T00:48:22Z,3395,2026-10-09T00:26:51Z,21
2026-10-09T00:48:22Z,3396,2026-10-08T19:09:15Z,339
2026-10-09T00:48:22Z,3397,2026-10-08T21:52:16Z,176
2026-10-09T00:48:22Z,3398,2026-10-08T23:50:22Z,58
2026-10-09T00:48:22Z,3399,2026-10-08T19:09:15Z,339
2026-10-09T00:48:22Z,3400,2026-10-08T19:09:16Z,339
2026-10-09T00:48:22Z,3401,2026-10-09T00:43:43Z,4
2026-10-09T00:48:22Z,3402,2026-10-08T19:09:17Z,339
2026-10-09T00:48:22Z,3404,2026-10-08T22:33:50Z,134
2026-10-09T00:48:22Z,3405,2026-10-08T19:09:56Z,338
2026-10-09T00:48:22Z,3406,2026-10-08T19:09:56Z,338
2026-10-09T00:48:22Z,3407,2026-10-08T19:09:45Z,338
2026-10-09T00:48:22Z,3408,2026-10-08T19:10:02Z,338
2026-10-09T00:48:22Z,3409,2026-10-08T19:09:13Z,339
2026-10-09T00:48:22Z,3410,2026-10-08T19:09:43Z,338
2026-10-09T00:48:22Z,3411,2026-10-08T23:20:28Z,87
2026-10-09T00:48:22Z,3412,2026-10-08T19:09:19Z,339
2026-10-09T00:48:22Z,3413,2026-10-08T19:09:19Z,339
2026-10-09T00:48:22Z,3414,2026-10-08T19:09:18Z,339
2026-10-09T00:48:22Z,3415,2026-10-08T19:09:18Z,339
2026-10-09T00:48:22Z,3416,2026-10-08T19:09:50Z,338
2026-10-09T00:48:22Z,3417,2026-10-09T00:26:54Z,21
2026-10-09T00:48:22Z,3418,2026-10-08T19:09:43Z,338
2026-10-09T00:48:22Z,3419,2026-10-08T19:09:21Z,339
2026-10-09T00:48:22Z,3420,2026-10-08T19:09:59Z,338
2026-10-09T00:48:22Z,3421,2026-10-09T00:18:02Z,30
2026-10-09T00:48:22Z,3423,2026-10-08T23:55:40Z,52
2026-10-09T00:48:22Z,3424,2026-10-08T19:09:19Z,339
2026-10-09T00:48:22Z,3425,2026-10-08T19:09:20Z,339
2026-10-09T00:48:22Z,3426,2026-10-08T22:10:42Z,157
2026-10-09T00:48:22Z,3427,2026-10-08T23:54:31Z,53
2026-10-09T00:48:22Z,3428,2026-10-09T00:24:53Z,23
2026-10-09T00:48:22Z,3429,2026-10-08T19:09:18Z,339
2026-10-09T00:48:22Z,3430,2026-10-08T19:09:20Z,339
2026-10-09T00:48:22Z,3431,2026-10-08T22:56:17Z,112
2026-10-09T00:48:22Z,3432,2026-10-08T19:09:21Z,339
2026-10-09T00:48:22Z,3433,2026-10-09T00:25:21Z,23
2026-10-09T00:48:22Z,3435,2026-10-08T19:09:22Z,339
2026-10-09T00:48:22Z,3436,2026-10-08T19:09:22Z,339
2026-10-09T00:48:22Z,3437,2026-10-08T19:09:44Z,338
2026-10-09T00:48:22Z,3438,2026-10-08T19:09:45Z,338
2026-10-09T00:48:22Z,3439,2026-10-08T23:55:44Z,52
2026-10-09T00:48:22Z,3440,2026-10-08T20:22:19Z,266
2026-10-09T00:48:22Z,3441,2026-10-08T19:20:25Z,327
2026-10-09T00:48:22Z,3442,2026-10-08T19:09:26Z,338
2026-10-09T00:48:22Z,3443,2026-10-08T19:13:38Z,334
2026-10-09T00:48:22Z,3444,2026-10-08T19:09:27Z,338
2026-10-09T00:48:22Z,3445,2026-10-08T19:09:27Z,338
2026-10-09T00:48:22Z,3446,2026-10-08T22:20:39Z,147
2026-10-09T00:48:22Z,3447,2026-10-08T19:09:38Z,338
2026-10-09T00:48:22Z,3448,2026-10-08T19:09:39Z,338
2026-10-09T00:48:22Z,3449,2026-10-08T19:09:39Z,338
2026-10-09T00:48:22Z,3450,2026-10-08T19:09:40Z,338
2026-10-09T00:48:22Z,3451,2026-10-08T22:06:07Z,162
2026-10-09T00:48:22Z,3452,2026-10-08T19:09:51Z,338
2026-10-09T00:48:22Z,3453,2026-10-08T23:54:35Z,53
2026-10-09T00:48:22Z,3454,2026-10-08T19:09:44Z,338
2026-10-09T00:48:22Z,3455,2026-10-08T19:09:51Z,338
2026-10-09T00:48:22Z,3456,2026-10-08T19:09:46Z,338
2026-10-09T00:48:22Z,3457,2026-10-08T19:09:46Z,338
2026-10-09T00:48:22Z,3458,2026-10-08T21:53:09Z,175
2026-10-09T00:48:22Z,3459,2026-10-08T19:09:47Z,338
2026-10-09T00:48:22Z,3460,2026-10-08T23:55:48Z,52
2026-10-09T00:48:22Z,3461,2026-10-09T00:44:11Z,4
2026-10-09T00:48:22Z,3462,2026-10-08T19:09:53Z,338
2026-10-09T00:48:22Z,3463,2026-10-08T19:09:55Z,338
2026-10-09T00:48:22Z,3464,2026-10-08T19:09:59Z,338
2026-10-09T00:48:22Z,3465,2026-10-08T19:10:00Z,338
2026-10-09T00:48:22Z,3466,2026-10-08T19:10:00Z,338
2026-10-09T00:48:22Z,3467,2026-10-08T22:11:10Z,157
2026-10-09T00:48:22Z,3468,2026-10-08T23:55:51Z,52
2026-10-09T00:48:22Z,3469,2026-10-08T20:34:10Z,254
2026-10-09T00:48:22Z,3470,2026-10-08T15:31:12Z,557
2026-10-09T00:48:22Z,3471,2026-08-31T10:04:31Z,55603
2026-10-09T00:48:22Z,3472,2026-10-08T21:01:04Z,227
2026-10-09T00:48:22Z,3473,2026-10-08T19:10:07Z,338
2026-10-09T00:48:22Z,3477,2026-10-08T17:25:11Z,443
2026-10-09T00:48:22Z,3478,2026-10-08T17:58:15Z,410
2026-10-09T00:48:22Z,3479,2026-10-08T15:07:48Z,580
2026-10-09T00:48:22Z,3488,2026-10-08T21:00:53Z,227
2026-10-09T00:48:22Z,3489,2026-10-08T23:12:14Z,96
2026-10-09T00:48:22Z,3490,2026-10-08T19:34:57Z,313
2026-10-09T00:48:22Z,3491,2026-10-08T23:28:01Z,80
2026-10-09T00:48:22Z,3594,2026-10-08T13:20:46Z,687
2026-10-09T00:48:22Z,3595,2026-10-08T13:29:50Z,678
2026-10-09T00:48:22Z,3596,2026-10-08T19:29:11Z,319
2026-10-09T00:48:22Z,3597,2026-10-08T23:44:49Z,63
2026-10-09T00:48:22Z,3598,2026-10-08T14:38:18Z,610
2026-10-09T00:48:22Z,3599,2026-10-08T21:22:50Z,205
2026-10-09T00:48:22Z,3600,2026-10-08T19:10:11Z,338
2026-10-09T00:48:22Z,3601,2026-10-08T19:10:11Z,338
2026-10-09T00:48:22Z,3602,2026-10-08T17:49:01Z,419
2026-10-09T00:48:22Z,3603,2026-10-08T19:10:11Z,338
2026-10-09T00:48:22Z,3605,2026-10-08T22:41:50Z,126
2026-10-09T00:48:22Z,3606,2026-10-08T19:05:45Z,342
2026-10-09T00:48:22Z,3607,2026-10-08T21:00:45Z,227
2026-10-09T00:48:22Z,3608,2026-10-09T00:24:44Z,23
2026-10-09T00:48:22Z,3609,2026-08-17T08:18:12Z,75870
2026-10-09T00:48:22Z,3615,2026-10-08T19:10:12Z,338
2026-10-09T00:48:22Z,3618,2026-10-08T19:10:13Z,338
2026-10-09T00:48:22Z,3619,2026-10-08T19:10:13Z,338
2026-10-09T00:48:22Z,3620,2026-10-08T19:09:36Z,338
2026-10-09T00:48:22Z,3621,2026-10-08T13:51:42Z,656
2026-10-09T00:48:22Z,3622,2026-10-08T15:28:35Z,559
2026-10-09T00:48:22Z,3623,2026-10-09T00:01:43Z,46
2026-10-09T00:48:22Z,3624,2026-10-08T18:56:19Z,352
2026-10-09T00:48:22Z,3625,2026-10-09T00:07:51Z,40
2026-10-09T00:48:22Z,3629,2026-10-08T15:13:25Z,574
2026-10-09T00:48:22Z,3630,2026-10-08T20:25:40Z,262
2026-10-09T00:48:22Z,3631,2026-10-08T19:18:41Z,329
2026-10-09T00:48:22Z,3632,2026-10-08T20:21:30Z,266
2026-10-09T00:48:22Z,3633,2026-09-29T17:29:28Z,13398
2026-10-09T00:48:22Z,3638,2026-07-25T13:14:56Z,108693
2026-10-09T00:48:22Z,3639,2026-10-08T18:38:23Z,369
2026-10-09T00:48:22Z,3641,2026-10-08T18:53:35Z,354
2026-10-09T00:48:22Z,3642,2026-10-08T08:14:01Z,994
2026-10-09T00:48:22Z,3643,2026-10-08T08:39:07Z,969
2026-10-09T00:48:22Z,3644,2026-07-01T15:55:56Z,143092
2026-10-09T00:48:22Z,3645,2026-10-08T17:10:06Z,458
2026-10-09T00:48:22Z,3646,2026-10-08T21:01:26Z,226
2026-10-09T00:48:22Z,3678,2026-10-08T20:12:42Z,275
2026-10-09T00:48:22Z,3681,2026-10-09T00:09:34Z,38
2026-10-09T00:48:22Z,3682,2026-10-08T15:49:05Z,539
2026-10-09T00:48:22Z,3683,2026-10-08T15:49:03Z,539
2026-10-09T00:48:22Z,3684,2026-10-09T00:45:06Z,3
2026-10-09T00:48:22Z,3685,2026-10-09T00:45:12Z,3
2026-10-09T00:48:22Z,3686,2026-10-09T00:45:13Z,3
2026-10-09T00:48:22Z,3687,2026-10-08T05:28:04Z,1160
2026-10-09T00:48:22Z,3688,2026-10-08T14:04:03Z,644
2026-10-09T00:48:22Z,3690,2026-10-08T15:49:22Z,539
2026-10-09T00:48:22Z,3691,2026-10-08T15:49:03Z,539
2026-10-09T00:48:22Z,3692,2026-10-08T19:09:53Z,338
2026-10-09T00:48:22Z,3693,2026-10-08T15:49:04Z,539
2026-10-09T00:48:22Z,3694,2026-10-09T00:45:13Z,3
2026-10-09T00:48:22Z,3695,2026-10-08T15:49:04Z,539
2026-10-09T00:48:22Z,3696,2026-10-08T15:49:19Z,539
2026-10-09T00:48:22Z,3697,2026-10-09T00:45:13Z,3
2026-10-09T00:48:22Z,3698,2026-10-08T19:10:16Z,338
2026-10-09T00:48:22Z,3699,2026-10-08T15:49:08Z,539
2026-10-09T00:48:22Z,3700,2026-10-09T00:45:12Z,3
2026-10-09T00:48:22Z,3701,2026-10-09T00:45:12Z,3
2026-10-09T00:48:22Z,3702,2026-10-09T00:45:13Z,3
2026-10-09T00:48:22Z,3703,2026-10-08T15:49:07Z,539
2026-10-09T00:48:22Z,3704,2026-10-09T00:45:12Z,3
2026-10-09T00:48:22Z,3706,2026-10-08T20:32:24Z,255
2026-10-09T00:48:22Z,3707,2026-10-08T13:21:45Z,686
2026-10-09T00:48:22Z,3708,2026-10-08T13:21:00Z,687
2026-10-09T00:48:22Z,3709,2026-10-08T13:24:10Z,684
2026-10-09T00:48:22Z,3710,2026-10-08T13:21:02Z,687
2026-10-09T00:48:22Z,3711,2026-10-08T20:24:01Z,264
2026-10-09T00:48:22Z,3712,2026-10-08T20:35:41Z,252
2026-10-09T00:48:22Z,3714,2026-10-08T20:26:14Z,262
2026-10-09T00:48:22Z,3715,2026-10-08T13:21:34Z,686
2026-10-09T00:48:22Z,3716,2026-10-08T21:51:07Z,177
2026-10-09T00:48:22Z,3717,2026-10-08T21:00:54Z,227
2026-10-09T00:48:22Z,3718,2026-10-08T13:40:11Z,668
2026-10-09T00:48:22Z,3719,2026-10-09T00:01:49Z,46
2026-10-09T00:48:22Z,3720,2026-10-08T21:01:01Z,227
2026-10-09T00:48:22Z,3721,2026-10-08T14:56:47Z,591
2026-10-09T00:48:22Z,3723,2026-10-08T20:37:56Z,250
2026-10-09T00:48:22Z,3724,2026-10-09T00:45:14Z,3
2026-10-09T00:48:22Z,3725,2026-10-08T15:49:03Z,539
2026-10-09T00:48:22Z,3726,2026-10-08T15:49:05Z,539
2026-10-09T00:48:22Z,3727,2026-10-09T00:45:13Z,3
2026-10-09T00:48:22Z,3728,2026-10-09T00:45:13Z,3
2026-10-09T00:48:22Z,3729,2026-10-08T15:49:04Z,539
2026-10-09T00:48:22Z,3730,2026-10-09T00:45:14Z,3
2026-10-09T00:48:22Z,3732,2026-10-08T15:49:20Z,539
2026-10-09T00:48:22Z,3733,2026-10-08T15:48:51Z,539
2026-10-09T00:48:22Z,3734,2026-10-09T00:45:14Z,3
2026-10-09T00:48:22Z,3735,2026-10-09T00:45:13Z,3
2026-10-09T00:48:22Z,3736,2026-10-08T15:49:20Z,539
2026-10-09T00:48:22Z,3737,2026-10-08T15:49:06Z,539
2026-10-09T00:48:22Z,3738,2026-10-08T15:49:04Z,539
2026-10-09T00:48:22Z,3739,2026-10-09T00:45:13Z,3
2026-10-09T00:48:22Z,3740,2026-10-09T00:45:12Z,3
2026-10-09T00:48:22Z,3741,2026-09-08T03:30:17Z,44478
2026-10-09T00:48:22Z,3742,2026-10-08T20:24:15Z,264
2026-10-09T00:48:22Z,3743,2026-10-08T15:48:57Z,539
2026-10-09T00:48:22Z,3744,2026-10-09T00:45:12Z,3
2026-10-09T00:48:22Z,3745,2026-10-08T17:04:31Z,463
2026-10-09T00:48:22Z,3746,2026-10-08T15:49:00Z,539
2026-10-09T00:48:22Z,3747,2026-10-08T15:49:04Z,539
2026-10-09T00:48:22Z,3748,2026-10-08T15:49:07Z,539
2026-10-09T00:48:22Z,3749,2026-10-09T00:45:14Z,3
2026-10-09T00:48:22Z,3750,2026-10-08T15:49:07Z,539
2026-10-09T00:48:22Z,3751,2026-10-09T00:45:13Z,3
2026-10-09T00:48:22Z,3752,2026-10-08T15:49:06Z,539
2026-10-09T00:48:22Z,3753,2026-10-08T15:49:06Z,539
2026-10-09T00:48:22Z,3754,2026-10-08T15:49:05Z,539
2026-10-09T00:48:22Z,3755,2026-10-08T15:49:00Z,539
2026-10-09T00:48:22Z,3756,2026-10-09T00:45:12Z,3
2026-10-09T00:48:22Z,3757,2026-10-08T15:49:08Z,539
2026-10-09T00:48:22Z,3758,2026-10-09T00:45:12Z,3
2026-10-09T00:48:22Z,3759,2026-10-08T15:49:08Z,539
2026-10-09T00:48:22Z,3760,2026-10-09T00:45:13Z,3
2026-10-09T00:48:22Z,3762,2026-10-08T15:49:04Z,539
2026-10-09T00:48:22Z,3763,2026-10-08T15:48:58Z,539
2026-10-09T00:48:22Z,3764,2026-10-08T15:49:20Z,539
2026-10-09T00:48:22Z,3765,2026-10-08T15:49:04Z,539
2026-10-09T00:48:22Z,3766,2026-10-09T00:45:13Z,3
2026-10-09T00:48:22Z,3767,2026-10-08T18:31:25Z,376
2026-10-09T00:48:22Z,3768,2026-10-09T00:45:14Z,3
2026-10-09T00:48:22Z,3769,2026-10-08T19:42:44Z,305
2026-10-09T00:48:22Z,3770,2026-10-09T00:45:13Z,3
2026-10-09T00:48:22Z,3771,2026-10-08T15:50:04Z,538
2026-10-09T00:48:22Z,3772,2026-10-08T15:49:05Z,539
2026-10-09T00:48:22Z,3773,2026-10-08T15:49:03Z,539
2026-10-09T00:48:22Z,3774,2026-10-08T15:49:03Z,539
2026-10-09T00:48:22Z,3775,2026-10-08T15:49:05Z,539
2026-10-09T00:48:22Z,3776,2026-10-08T13:53:30Z,654
2026-10-09T00:48:22Z,3777,2026-08-05T05:12:17Z,93336
2026-10-09T00:48:22Z,3778,2026-10-08T15:49:09Z,539
2026-10-09T00:48:22Z,3779,2026-10-08T15:49:09Z,539
2026-10-09T00:48:22Z,3780,2026-10-09T00:44:53Z,3
2026-10-09T00:48:22Z,3781,2026-10-08T15:49:03Z,539
2026-10-09T00:48:22Z,3782,2026-10-08T15:49:01Z,539
2026-10-09T00:48:22Z,3783,2026-10-08T20:54:59Z,233
2026-10-09T00:48:22Z,3784,2026-10-09T00:44:51Z,3
2026-10-09T00:48:22Z,3785,2026-10-09T00:44:53Z,3
2026-10-09T00:48:22Z,3786,2026-10-08T15:49:03Z,539
2026-10-09T00:48:22Z,3787,2026-10-08T15:49:05Z,539
2026-10-09T00:48:22Z,3788,2026-10-08T15:49:01Z,539
2026-10-09T00:48:22Z,3789,2026-10-08T15:49:02Z,539
2026-10-09T00:48:22Z,3790,2026-10-09T00:44:52Z,3
2026-10-09T00:48:22Z,3792,2026-10-08T15:49:05Z,539
2026-10-09T00:48:22Z,3793,2026-10-08T15:49:02Z,539
2026-10-09T00:48:22Z,3794,2026-10-08T15:49:07Z,539
2026-10-09T00:48:22Z,3795,2026-10-08T15:48:58Z,539
2026-10-09T00:48:22Z,3796,2026-10-08T15:49:04Z,539
2026-10-09T00:48:22Z,3797,2026-10-08T15:49:07Z,539
2026-10-09T00:48:22Z,3798,2026-10-08T15:49:04Z,539
2026-10-09T00:48:22Z,3799,2026-10-08T15:49:06Z,539
2026-10-09T00:48:22Z,3800,2026-10-08T15:48:58Z,539
2026-10-09T00:48:22Z,3801,2026-10-08T20:48:28Z,239
2026-10-09T00:48:22Z,3802,2026-10-08T15:49:06Z,539
2026-10-09T00:48:22Z,3803,2026-10-09T00:44:53Z,3
2026-10-09T00:48:22Z,3804,2026-10-08T12:03:17Z,765
2026-10-09T00:48:22Z,3805,2026-10-09T00:31:23Z,16
2026-10-09T00:48:22Z,3806,2026-10-08T15:49:03Z,539
2026-10-09T00:48:22Z,3807,2026-10-08T15:49:03Z,539
2026-10-09T00:48:22Z,3808,2026-10-08T15:48:59Z,539
2026-10-09T00:48:22Z,3809,2026-10-08T15:49:03Z,539
2026-10-09T00:48:22Z,3810,2026-10-08T15:49:01Z,539
2026-10-09T00:48:22Z,3811,2026-10-09T00:45:12Z,3
2026-10-09T00:48:22Z,3812,2026-10-08T16:16:12Z,512
2026-10-09T00:48:22Z,3813,2026-10-08T15:49:02Z,539
2026-10-09T00:48:22Z,3814,2026-10-08T15:49:01Z,539
2026-10-09T00:48:22Z,3815,2026-10-08T18:40:44Z,367
2026-10-09T00:48:22Z,3820,2025-09-01T08:43:33Z,579844
2026-10-09T00:48:22Z,3821,2025-09-01T08:43:06Z,579845
2026-10-09T00:48:22Z,3822,2026-10-02T14:21:22Z,9267
2026-10-09T00:48:22Z,3823,2025-09-01T08:43:04Z,579845
2026-10-09T00:48:22Z,3824,2025-09-01T08:43:16Z,579845
2026-10-09T00:48:22Z,3825,2024-09-03T15:01:56Z,1102186
2026-10-09T00:48:22Z,3827,2026-09-07T13:52:03Z,45296
2026-10-09T00:48:22Z,3829,2026-10-08T09:07:20Z,941
2026-10-09T00:48:22Z,3831,2026-10-08T15:49:05Z,539
2026-10-09T00:48:22Z,3832,2026-10-08T15:49:03Z,539
2026-10-09T00:48:22Z,3833,2026-10-08T15:49:07Z,539
2026-10-09T00:48:22Z,3834,2026-10-08T19:27:53Z,320
2026-10-09T00:48:22Z,3835,2026-10-08T15:49:07Z,539
2026-10-09T00:48:22Z,3836,2026-10-08T15:49:06Z,539
2026-10-09T00:48:22Z,3837,2026-10-08T15:49:07Z,539
2026-10-09T00:48:22Z,3838,2026-10-08T19:53:35Z,294
2026-10-09T00:48:22Z,3839,2026-10-08T15:04:07Z,584
2026-10-09T00:48:22Z,3840,2026-10-08T17:15:32Z,452
2026-10-09T00:48:22Z,3841,2026-10-08T22:31:42Z,136
2026-10-09T00:48:22Z,3842,2026-10-08T19:02:07Z,346
2026-10-09T00:48:22Z,3843,2026-09-10T12:22:52Z,41065
2026-10-09T00:48:22Z,3844,2026-10-09T00:28:27Z,19
2026-10-09T00:48:22Z,3845,2026-10-08T16:39:35Z,488
2026-10-09T00:48:22Z,3846,2026-10-08T18:29:42Z,378
2026-10-09T00:48:22Z,3847,2026-10-08T15:49:02Z,539
2026-10-09T00:48:22Z,3848,2026-10-08T15:49:03Z,539
2026-10-09T00:48:22Z,3849,2026-10-09T00:44:51Z,3
2026-10-09T00:48:22Z,3850,2026-10-08T20:45:20Z,243
2026-10-09T00:48:22Z,3851,2026-10-09T00:44:51Z,3
2026-10-09T00:48:22Z,3852,2026-10-09T00:44:52Z,3
2026-10-09T00:48:22Z,3853,2026-10-08T16:59:08Z,469
2026-10-09T00:48:22Z,3854,2026-10-08T15:49:03Z,539
2026-10-09T00:48:22Z,3855,2026-10-08T15:49:05Z,539
2026-10-09T00:48:22Z,3856,2026-10-08T15:49:00Z,539
2026-10-09T00:48:22Z,3857,2026-10-08T15:49:02Z,539
2026-10-09T00:48:22Z,3858,2026-10-08T20:56:48Z,231
2026-10-09T00:48:22Z,3859,2026-10-08T15:49:00Z,539
2026-10-09T00:48:22Z,3860,2026-10-08T15:49:00Z,539
2026-10-09T00:48:22Z,3861,2026-10-08T15:49:01Z,539
2026-10-09T00:48:22Z,3862,2026-10-09T00:44:52Z,3
2026-10-09T00:48:22Z,3863,2026-10-08T16:09:01Z,519
2026-10-09T00:48:22Z,3864,2026-10-08T19:10:19Z,338
2026-10-09T00:48:22Z,3865,2026-10-08T15:49:03Z,539
2026-10-09T00:48:22Z,3866,2026-10-09T00:44:53Z,3
2026-10-09T00:48:22Z,3867,2026-10-08T15:49:01Z,539
2026-10-09T00:48:22Z,3868,2026-10-08T15:49:20Z,539
2026-10-09T00:48:22Z,3869,2026-10-09T00:41:09Z,7
2026-10-09T00:48:22Z,3870,2026-10-08T15:49:07Z,539
2026-10-09T00:48:22Z,3871,2026-10-09T00:44:52Z,3
2026-10-09T00:48:22Z,3872,2026-10-08T15:49:06Z,539
2026-10-09T00:48:22Z,3873,2026-10-08T15:49:06Z,539
2026-10-09T00:48:22Z,3874,2026-10-09T00:44:52Z,3
2026-10-09T00:48:22Z,3875,2026-10-08T15:49:02Z,539
2026-10-09T00:48:22Z,3876,2026-10-08T15:49:02Z,539
2026-10-09T00:48:22Z,3877,2026-10-09T00:44:51Z,3
2026-10-09T00:48:22Z,3878,2026-09-25T21:16:47Z,18931
2026-10-09T00:48:22Z,3879,2026-10-09T00:44:51Z,3
2026-10-09T00:48:22Z,3880,2026-10-08T15:49:11Z,539
2026-10-09T00:48:22Z,3881,2026-10-08T15:48:50Z,539
2026-10-09T00:48:22Z,3882,2026-10-05T02:23:32Z,5664
2026-10-09T00:48:22Z,3883,2026-10-08T19:42:31Z,305
2026-10-09T00:48:22Z,3884,2026-09-22T11:44:35Z,23823
2026-10-09T00:48:22Z,3885,2026-10-08T16:29:31Z,498
2026-10-09T00:48:22Z,3886,2026-10-09T00:44:52Z,3
2026-10-09T00:48:22Z,3887,2026-10-08T15:49:07Z,539
2026-10-09T00:48:22Z,3888,2026-10-09T00:44:52Z,3
2026-10-09T00:48:22Z,3889,2026-10-09T00:44:53Z,3
2026-10-09T00:48:22Z,3891,2026-10-08T15:49:09Z,539
2026-10-09T00:48:22Z,3892,2026-10-06T18:48:01Z,3240
2026-10-09T00:48:22Z,3893,2026-10-08T15:49:07Z,539
2026-10-09T00:48:22Z,3894,2026-10-08T15:49:20Z,539
2026-10-09T00:48:22Z,3895,2026-10-08T15:48:58Z,539
2026-10-09T00:48:22Z,3896,2026-10-08T15:49:08Z,539
2026-10-09T00:48:22Z,3897,2026-10-08T15:49:06Z,539
2026-10-09T00:48:22Z,3898,2026-10-09T00:44:52Z,3
2026-10-09T00:48:22Z,3899,2026-10-08T15:49:22Z,539
2026-10-09T00:48:22Z,3900,2026-10-08T15:49:07Z,539
2026-10-09T00:48:22Z,3901,2026-10-08T15:49:02Z,539
2026-10-09T00:48:22Z,3902,2026-10-09T00:44:53Z,3
2026-10-09T00:48:22Z,3903,2026-10-08T19:07:12Z,341
2026-10-09T00:48:22Z,3904,2026-10-08T15:49:07Z,539
2026-10-09T00:48:22Z,3905,2026-10-08T17:33:49Z,434
2026-10-09T00:48:22Z,3906,2026-10-08T15:49:04Z,539
2026-10-09T00:48:22Z,3907,2026-04-16T20:24:32Z,252263
2026-10-09T00:48:22Z,3908,2026-10-09T00:44:51Z,3
2026-10-09T00:48:22Z,3909,2026-10-08T15:49:02Z,539
2026-10-09T00:48:22Z,3910,2026-10-09T00:44:52Z,3
2026-10-09T00:48:22Z,3911,2026-10-08T18:15:49Z,392
2026-10-09T00:48:22Z,3912,2026-10-08T15:49:01Z,539
2026-10-09T00:48:22Z,3913,2026-10-08T15:49:19Z,539
2026-10-09T00:48:22Z,3914,2026-10-08T21:34:46Z,193
2026-10-09T00:48:22Z,3915,2026-10-08T15:48:57Z,539
2026-10-09T00:48:22Z,3916,2026-10-08T15:49:02Z,539
2026-10-09T00:48:22Z,3917,2026-10-09T00:44:51Z,3
2026-10-09T00:48:22Z,3918,2025-09-23T08:51:00Z,548157
2026-10-09T00:48:22Z,3919,2026-10-08T15:48:58Z,539
2026-10-09T00:48:22Z,3920,2026-10-09T00:44:52Z,3
2026-10-09T00:48:22Z,3921,2026-10-09T00:44:51Z,3
2026-10-09T00:48:22Z,3922,2026-10-09T00:44:52Z,3
2026-10-09T00:48:22Z,3923,2026-10-09T00:44:51Z,3
2026-10-09T00:48:22Z,3924,2026-10-08T15:49:03Z,539
2026-10-09T00:48:22Z,3925,2026-10-09T00:44:52Z,3
2026-10-09T00:48:22Z,3926,2026-10-09T00:44:51Z,3
2026-10-09T00:48:22Z,3927,2026-10-09T00:44:53Z,3
2026-10-09T00:48:22Z,3928,2026-10-08T15:48:58Z,539
2026-10-09T00:48:22Z,3929,2026-10-06T22:32:18Z,3016
2026-10-09T00:48:22Z,3930,2026-10-08T21:48:47Z,179
2026-10-09T00:48:22Z,3931,2026-10-08T15:49:06Z,539
2026-10-09T00:48:22Z,3932,2026-10-08T19:37:15Z,311
2026-10-09T00:48:22Z,3933,2026-10-09T00:44:51Z,3
2026-10-09T00:48:22Z,3934,2026-10-08T17:42:14Z,426
2026-10-09T00:48:22Z,3935,2026-10-09T00:44:51Z,3
2026-10-09T00:48:22Z,3936,2026-10-09T00:44:53Z,3
2026-10-09T00:48:22Z,3937,2026-10-08T15:49:05Z,539
2026-10-09T00:48:22Z,3938,2026-10-09T00:44:51Z,3
2026-10-09T00:48:22Z,3939,2026-10-08T15:48:57Z,539
2026-10-09T00:48:22Z,3940,2026-10-08T15:48:51Z,539
2026-10-09T00:48:22Z,3941,2026-10-09T00:44:52Z,3
2026-10-09T00:48:22Z,3942,2026-10-08T15:49:20Z,539
2026-10-09T00:48:22Z,3943,2026-10-08T15:49:08Z,539
2026-10-09T00:48:22Z,3944,2026-10-08T15:48:58Z,539
2026-10-09T00:48:22Z,3946,2026-10-08T16:09:51Z,518
2026-10-09T00:48:22Z,3947,2026-10-08T16:09:46Z,518
2026-10-09T00:48:22Z,3948,2026-10-08T15:49:02Z,539
2026-10-09T00:48:22Z,3949,2026-10-08T15:48:50Z,539
2026-10-09T00:48:22Z,3950,2026-10-09T00:44:52Z,3
2026-10-09T00:48:22Z,3951,2026-10-09T00:44:53Z,3
2026-10-09T00:48:22Z,3952,2026-10-08T15:49:06Z,539
2026-10-09T00:48:22Z,3953,2026-10-08T15:49:11Z,539
2026-10-09T00:48:22Z,3954,2026-10-08T15:49:04Z,539
2026-10-09T00:48:22Z,3955,2026-10-08T15:49:00Z,539
2026-10-09T00:48:22Z,3956,2026-10-08T15:49:16Z,539
2026-10-09T00:48:22Z,3957,2026-10-08T15:48:57Z,539
2026-10-09T00:48:22Z,3958,2026-10-08T15:49:03Z,539
2026-10-09T00:48:22Z,3959,2026-10-08T18:13:47Z,394
2026-10-09T00:48:22Z,3960,2026-10-08T15:49:04Z,539
2026-10-09T00:48:22Z,3961,2026-10-08T15:49:02Z,539
2026-10-09T00:48:22Z,3962,2026-10-08T15:49:00Z,539
2026-10-09T00:48:22Z,3963,2025-11-13T05:31:37Z,474916
2026-10-09T00:48:22Z,3964,2026-10-08T15:49:01Z,539
2026-10-09T00:48:22Z,3965,2026-10-02T22:15:32Z,8792
2026-10-09T00:48:22Z,3966,2026-10-09T00:44:52Z,3
2026-10-09T00:48:22Z,3967,2026-10-08T15:49:01Z,539
2026-10-09T00:48:22Z,3968,2026-10-08T15:49:02Z,539
2026-10-09T00:48:22Z,3969,2026-10-08T15:48:50Z,539
2026-10-09T00:48:22Z,3970,2026-10-08T15:49:30Z,538
2026-10-09T00:48:22Z,3971,2026-10-09T00:16:45Z,31
2026-10-09T00:48:22Z,3974,2026-10-08T15:49:01Z,539
2026-10-09T00:48:22Z,3975,2026-10-08T15:48:52Z,539
2026-10-09T00:48:22Z,3976,2026-10-08T15:48:50Z,539
2026-10-09T00:48:22Z,3977,2026-10-08T15:49:02Z,539
2026-10-09T00:48:22Z,3978,2026-10-09T00:44:51Z,3
2026-10-09T00:48:22Z,3979,2026-10-08T15:49:05Z,539
2026-10-09T00:48:22Z,3980,2026-10-09T00:44:52Z,3
2026-10-09T00:48:22Z,3986,2026-10-08T20:19:13Z,269
2026-10-09T00:48:22Z,3987,2026-10-08T21:01:11Z,227
2026-10-09T00:48:22Z,3988,2026-10-08T07:58:58Z,1009
2026-10-09T00:48:22Z,3989,2026-10-08T21:28:41Z,199
2026-10-09T00:48:22Z,3990,2026-10-08T16:57:59Z,470
2026-10-09T00:48:22Z,3991,2026-10-08T15:49:05Z,539
2026-10-09T00:48:22Z,3992,2026-10-08T18:52:45Z,355
2026-10-09T00:48:22Z,3993,2026-10-08T15:49:02Z,539
2026-10-09T00:48:22Z,3994,2025-12-01T16:51:17Z,448317
2026-10-09T00:48:22Z,3995,2026-03-13T20:54:47Z,301193
2026-10-09T00:48:22Z,3996,2026-10-08T19:10:20Z,338
2026-10-09T00:48:22Z,3997,2026-10-09T00:29:09Z,19
2026-10-09T00:48:22Z,3998,2026-10-08T21:36:27Z,191
2026-10-09T00:48:22Z,3999,2026-10-08T21:01:11Z,227
2026-10-09T00:48:22Z,4000,2026-10-08T08:18:21Z,990
2026-10-09T00:48:22Z,4001,2026-10-09T00:45:12Z,3
2026-10-09T00:48:22Z,4002,2026-10-08T15:48:58Z,539
2026-10-09T00:48:22Z,4003,2026-10-08T15:49:01Z,539
2026-10-09T00:48:22Z,4004,2026-10-08T15:49:03Z,539
2026-10-09T00:48:22Z,4005,2026-10-08T15:49:00Z,539
2026-10-09T00:48:22Z,4006,2026-10-08T15:49:08Z,539
2026-10-09T00:48:22Z,4007,2026-10-08T15:49:06Z,539
2026-10-09T00:48:22Z,4008,2026-10-08T19:27:18Z,321
2026-10-09T00:48:22Z,4009,2026-10-08T19:40:40Z,307
2026-10-09T00:48:22Z,4010,2026-10-08T21:14:36Z,213
2026-10-09T00:48:22Z,4011,2026-10-08T21:14:36Z,213
2026-10-09T00:48:22Z,4012,2026-10-08T21:14:36Z,213
2026-10-09T00:48:22Z,4013,2026-10-08T15:49:02Z,539
2026-10-09T00:48:22Z,4014,2026-10-08T15:48:51Z,539
2026-10-09T00:48:22Z,4015,2026-10-08T15:49:06Z,539
2026-10-09T00:48:22Z,4017,2026-10-08T15:49:02Z,539
2026-10-09T00:48:22Z,4018,2026-10-08T15:49:08Z,539
2026-10-09T00:48:22Z,4019,2026-10-09T00:44:52Z,3
2026-10-09T00:48:22Z,4020,2026-10-08T15:49:02Z,539
2026-10-09T00:48:22Z,4021,2026-10-08T15:49:02Z,539
2026-10-09T00:48:22Z,4022,2026-10-08T15:49:01Z,539
2026-10-09T00:48:22Z,4023,2026-10-09T00:44:53Z,3
2026-10-09T00:48:22Z,4024,2025-09-23T08:50:51Z,548157
2026-10-09T00:48:22Z,4025,2026-10-08T15:49:01Z,539
2026-10-09T00:48:22Z,4026,2026-10-09T00:44:52Z,3
2026-10-09T00:48:22Z,4027,2026-10-08T15:49:05Z,539
2026-10-09T00:48:22Z,4028,2026-10-08T15:49:02Z,539
2026-10-09T00:48:22Z,4029,2026-10-08T15:49:08Z,539
2026-10-09T00:48:22Z,4030,2026-10-08T15:49:02Z,539
2026-10-09T00:48:22Z,4031,2026-10-08T15:48:57Z,539
2026-10-09T00:48:22Z,4032,2026-10-08T15:49:19Z,539
2026-10-09T00:48:22Z,4033,2026-10-08T15:48:57Z,539
2026-10-09T00:48:22Z,4034,2026-10-08T15:48:59Z,539
2026-10-09T00:48:22Z,4035,2026-10-08T15:49:07Z,539
2026-10-09T00:48:22Z,4036,2026-10-08T15:49:07Z,539
2026-10-09T00:48:22Z,4037,2026-10-09T00:44:52Z,3
2026-10-09T00:48:22Z,4038,2026-10-08T11:12:59Z,815
2026-10-09T00:48:22Z,4039,2026-10-09T00:44:53Z,3
2026-10-09T00:48:22Z,4040,2026-10-08T18:59:14Z,349
2026-10-09T00:48:22Z,4041,2026-09-30T21:46:11Z,11702
2026-10-09T00:48:22Z,4042,2026-10-07T04:25:12Z,2663
2026-10-09T00:48:22Z,4043,2026-10-09T00:44:51Z,3
2026-10-09T00:48:22Z,4044,2026-10-08T15:49:02Z,539
2026-10-09T00:48:22Z,4045,2026-10-08T15:49:19Z,539
2026-10-09T00:48:22Z,4046,2026-10-08T15:49:19Z,539
2026-10-09T00:48:22Z,4047,2026-10-08T15:49:20Z,539
2026-10-09T00:48:22Z,4048,2026-10-08T15:49:05Z,539
2026-10-09T00:48:22Z,4049,2026-10-08T15:48:58Z,539
2026-10-09T00:48:22Z,4050,2026-10-08T15:48:50Z,539
2026-10-09T00:48:22Z,4051,2026-10-08T15:48:51Z,539
2026-10-09T00:48:22Z,4052,2026-10-08T15:48:51Z,539
2026-10-09T00:48:22Z,4053,2026-10-09T00:44:52Z,3
2026-10-09T00:48:22Z,4054,2026-10-08T15:49:00Z,539
2026-10-09T00:48:22Z,4055,2026-10-08T15:49:00Z,539
2026-10-09T00:48:22Z,4056,2026-10-09T00:44:52Z,3
2026-10-09T00:48:22Z,4057,2026-10-08T15:49:06Z,539
2026-10-09T00:48:22Z,4058,2026-10-08T15:49:05Z,539
2026-10-09T00:48:22Z,4059,2026-10-08T15:49:07Z,539
2026-10-09T00:48:22Z,4060,2026-10-09T00:44:52Z,3
2026-10-09T00:48:22Z,4061,2026-10-08T15:49:01Z,539
2026-10-09T00:48:22Z,4062,2026-10-09T00:44:52Z,3
2026-10-09T00:48:22Z,4063,2026-10-08T15:49:05Z,539
2026-10-09T00:48:22Z,4064,2026-10-08T15:49:05Z,539
2026-10-09T00:48:22Z,4065,2026-10-08T17:56:55Z,411
2026-10-09T00:48:22Z,4066,2026-10-09T00:44:51Z,3
2026-10-09T00:48:22Z,4067,2026-10-08T15:48:52Z,539
2026-10-09T00:48:22Z,4068,2026-10-08T15:49:02Z,539
2026-10-09T00:48:22Z,4069,2026-10-08T17:47:00Z,421
2026-10-09T00:48:22Z,4070,2026-10-09T00:44:52Z,3
2026-10-09T00:48:22Z,4071,2026-10-08T19:05:41Z,342
2026-10-09T00:48:22Z,4072,2026-10-09T00:44:53Z,3
2026-10-09T00:48:22Z,4073,2026-10-09T00:44:51Z,3
2026-10-09T00:48:22Z,4074,2026-10-08T21:15:45Z,212
2026-10-09T00:48:22Z,4075,2026-10-09T00:44:53Z,3
2026-10-09T00:48:22Z,4076,2026-10-09T00:44:53Z,3
2026-10-09T00:48:22Z,4077,2026-10-08T17:02:44Z,465
2026-10-09T00:48:22Z,4078,2026-03-11T13:51:24Z,304496
2026-10-09T00:48:22Z,4079,2026-10-08T15:49:21Z,539
2026-10-09T00:48:22Z,4080,2026-10-08T21:37:00Z,191
2026-10-09T00:48:22Z,4081,2026-10-08T11:15:21Z,813
2026-10-09T00:48:22Z,4082,2026-10-08T19:02:00Z,346
2026-10-09T00:48:22Z,4083,2026-10-08T12:55:44Z,712
2026-10-09T00:48:22Z,4084,2026-10-08T18:12:32Z,395
2026-10-09T00:48:22Z,4085,2026-10-09T00:44:52Z,3
2026-10-09T00:48:22Z,4086,2026-10-08T19:25:08Z,323
2026-10-09T00:48:22Z,4087,2026-10-08T21:00:57Z,227
2026-10-09T00:48:22Z,4088,2026-10-09T00:44:37Z,3
2026-10-09T00:48:22Z,4089,2026-10-08T19:00:39Z,347
2026-10-09T00:48:22Z,4090,2026-10-08T17:41:10Z,427
2026-10-09T00:48:22Z,4091,2026-09-25T08:15:17Z,19713
2026-10-09T00:48:22Z,4092,2026-10-08T21:00:55Z,227
2026-10-09T00:48:22Z,4093,2026-10-09T00:44:53Z,3
2026-10-09T00:48:22Z,4094,2026-10-06T11:36:28Z,3671
2026-10-09T00:48:22Z,4095,2026-08-18T06:34:04Z,74534
2026-10-09T00:48:22Z,4096,2026-08-18T06:02:25Z,74565
2026-10-09T00:48:22Z,4097,2026-08-18T06:46:24Z,74521
2026-10-09T00:48:22Z,4099,2026-10-08T15:49:02Z,539
2026-10-09T00:48:22Z,4100,2026-10-08T15:55:30Z,532
2026-10-09T00:48:22Z,4101,2026-10-08T15:49:08Z,539
2026-10-09T00:48:22Z,4102,2026-10-08T15:49:05Z,539
2026-10-09T00:48:22Z,4103,2026-10-08T15:49:07Z,539
2026-10-09T00:48:22Z,4104,2026-10-08T15:49:22Z,539
2026-10-09T00:48:22Z,4105,2026-10-08T23:36:25Z,71
2026-10-09T00:48:22Z,4106,2026-10-09T00:44:53Z,3
2026-10-09T00:48:22Z,4108,2026-10-08T15:48:59Z,539
2026-10-09T00:48:22Z,4109,2026-10-09T00:44:53Z,3
2026-10-09T00:48:22Z,4110,2026-04-14T12:24:37Z,255623
2026-10-09T00:48:22Z,4111,2026-10-08T19:37:38Z,310
2026-10-09T00:48:22Z,4113,2026-03-06T07:58:24Z,312049
2026-10-09T00:48:22Z,4114,2026-10-09T00:44:52Z,3
2026-10-09T00:48:22Z,4115,2026-10-09T00:45:13Z,3
2026-10-09T00:48:22Z,4117,2026-10-08T15:49:11Z,539
2026-10-09T00:48:22Z,4118,2026-10-09T00:44:51Z,3
2026-10-09T00:48:22Z,4119,2026-10-09T00:44:53Z,3
2026-10-09T00:48:22Z,4121,2026-10-08T22:25:04Z,143
2026-10-09T00:48:22Z,4122,2026-10-08T19:03:10Z,345
2026-10-09T00:48:22Z,4123,2026-10-08T20:00:41Z,287
2026-10-09T00:48:22Z,4124,2026-10-08T19:30:37Z,317
2026-10-09T00:48:22Z,4125,2026-10-08T19:55:05Z,293
2026-10-09T00:48:22Z,4126,2026-10-08T19:05:32Z,342
2026-10-09T00:48:22Z,4127,2026-10-08T19:00:07Z,348
2026-10-09T00:48:22Z,4128,2026-10-07T18:42:14Z,1806
2026-10-09T00:48:22Z,4129,2026-10-08T18:44:36Z,363
2026-10-09T00:48:22Z,4130,2026-10-08T20:39:27Z,248
2026-10-09T00:48:22Z,4131,2026-10-08T21:46:39Z,181
2026-10-09T00:48:22Z,4132,2026-10-08T19:23:42Z,324
2026-10-09T00:48:22Z,4133,2026-10-08T19:16:00Z,332
2026-10-09T00:48:22Z,4134,2026-10-09T00:45:06Z,3
2026-10-09T00:48:22Z,4136,2026-10-08T13:36:26Z,671
2026-10-09T00:48:22Z,4137,2026-10-08T16:24:40Z,503
2026-10-09T00:48:22Z,4138,2026-10-08T15:49:01Z,539
2026-10-09T00:48:22Z,4141,2026-10-09T00:42:35Z,5
2026-10-09T00:48:22Z,4142,2026-10-08T15:30:30Z,557
2026-10-09T00:48:22Z,4145,2026-10-08T19:10:22Z,338
2026-10-09T00:48:22Z,4146,2026-10-08T21:00:43Z,227
2026-10-09T00:48:22Z,4147,2026-10-09T00:45:13Z,3
2026-10-09T00:48:22Z,4148,2026-10-08T15:49:03Z,539
2026-10-09T00:48:22Z,4149,2026-10-08T15:49:03Z,539
2026-10-09T00:48:22Z,4150,2026-10-08T15:49:06Z,539
2026-10-09T00:48:22Z,4151,2026-10-08T15:49:07Z,539
2026-10-09T00:48:22Z,4152,2026-10-08T15:48:58Z,539
2026-10-09T00:48:22Z,4153,2026-10-08T17:13:22Z,455
2026-10-09T00:48:22Z,4155,2026-10-08T23:11:40Z,96
2026-10-09T00:48:22Z,4156,2026-10-08T16:47:12Z,481
2026-10-09T00:48:22Z,4157,2026-10-09T00:45:17Z,3
2026-10-09T00:48:22Z,4158,2026-10-08T21:36:32Z,191
2026-10-09T00:48:22Z,4159,2026-10-08T21:36:29Z,191
2026-10-09T00:48:22Z,4160,2026-10-08T23:01:05Z,107
2026-10-09T00:48:22Z,4161,2026-10-08T19:10:22Z,338
2026-10-09T00:48:22Z,4162,2026-10-08T17:51:03Z,417
2026-10-09T00:48:22Z,4163,2026-10-08T23:07:20Z,101
2026-10-09T00:48:22Z,4165,2026-10-08T17:02:11Z,466
2026-10-09T00:48:22Z,4166,2026-10-08T17:40:02Z,428
2026-10-09T00:48:22Z,4167,2026-10-08T14:37:07Z,611
2026-10-09T00:48:22Z,4168,2026-10-08T19:10:22Z,338
2026-10-09T00:48:22Z,4169,2026-10-08T15:49:54Z,538
2026-10-09T00:48:22Z,4170,2026-10-08T15:48:57Z,539
2026-10-09T00:48:22Z,4171,2026-10-08T15:39:21Z,549
2026-10-09T00:48:22Z,4172,2026-10-09T00:44:51Z,3
2026-10-09T00:48:22Z,4173,2026-10-08T21:01:04Z,227
2026-10-09T00:48:22Z,4174,2026-10-08T15:49:02Z,539
2026-10-09T00:48:22Z,4175,2026-10-09T00:44:53Z,3
2026-10-09T00:48:22Z,4176,2026-10-08T15:49:04Z,539
2026-10-09T00:48:22Z,4177,2026-10-08T15:49:02Z,539
2026-10-09T00:48:22Z,4178,2026-10-09T00:44:51Z,3
2026-10-09T00:48:22Z,4179,2026-10-09T00:44:51Z,3
2026-10-09T00:48:22Z,4180,2026-10-08T15:48:57Z,539
2026-10-09T00:48:22Z,4181,2026-10-08T15:48:57Z,539
2026-10-09T00:48:22Z,4182,2026-10-08T15:49:11Z,539
2026-10-09T00:48:22Z,4183,2026-10-09T00:44:52Z,3
2026-10-09T00:48:22Z,4184,2026-10-08T15:48:58Z,539
2026-10-09T00:48:22Z,4185,2026-10-08T15:48:59Z,539
2026-10-09T00:48:22Z,4186,2026-10-09T00:44:53Z,3
2026-10-09T00:48:22Z,4187,2026-10-08T15:48:58Z,539
2026-10-09T00:48:22Z,4188,2026-10-09T00:44:53Z,3
2026-10-09T00:48:22Z,4189,2026-10-09T00:44:51Z,3
2026-10-09T00:48:22Z,4190,2026-10-08T15:48:58Z,539
2026-10-09T00:48:22Z,4191,2026-10-08T15:48:58Z,539
2026-10-09T00:48:22Z,4192,2026-08-26T02:53:10Z,63235
2026-10-09T00:48:22Z,4193,2026-08-25T03:01:06Z,64667
2026-10-09T00:48:22Z,4194,2026-10-09T00:44:52Z,3
2026-10-09T00:48:22Z,4195,2026-10-09T00:44:51Z,3
2026-10-09T00:48:22Z,4196,2026-10-08T15:49:17Z,539
2026-10-09T00:48:22Z,4197,2026-10-04T00:04:44Z,7243
2026-10-09T00:48:22Z,4198,2026-10-08T15:49:16Z,539
2026-10-09T00:48:22Z,4199,2026-10-09T00:44:51Z,3
2026-10-09T00:48:22Z,4200,2026-07-02T01:31:27Z,142516
2026-10-09T00:48:22Z,4201,2026-10-08T15:48:58Z,539
2026-10-09T00:48:22Z,4202,2026-10-09T00:44:52Z,3
2026-10-09T00:48:22Z,4203,2026-10-08T15:48:59Z,539
2026-10-09T00:48:22Z,4204,2026-10-08T15:48:59Z,539
2026-10-09T00:48:22Z,4205,2026-10-08T15:50:43Z,537
2026-10-09T00:48:22Z,4206,2026-10-08T18:52:22Z,356
2026-10-09T00:48:22Z,4207,2026-10-08T15:48:57Z,539
2026-10-09T00:48:22Z,4208,2026-10-09T00:44:53Z,3
2026-10-09T00:48:22Z,4209,2026-10-08T15:48:57Z,539
2026-10-09T00:48:22Z,4210,2026-10-08T15:48:59Z,539
2026-10-09T00:48:22Z,4211,2026-10-08T15:50:03Z,538
2026-10-09T00:48:22Z,4212,2026-10-09T00:44:52Z,3
2026-10-09T00:48:22Z,4213,2026-10-08T15:48:57Z,539
2026-10-09T00:48:22Z,4214,2026-10-08T19:43:07Z,305
2026-10-09T00:48:22Z,4216,2026-10-09T00:44:53Z,3
2026-10-09T00:48:22Z,4217,2026-10-08T15:48:59Z,539
2026-10-09T00:48:22Z,4218,2026-10-08T23:55:59Z,52
2026-10-09T00:48:22Z,4220,2026-10-09T00:44:51Z,3
2026-10-09T00:48:22Z,4221,2026-10-08T15:48:57Z,539
2026-10-09T00:48:22Z,4222,2026-10-08T15:48:58Z,539
2026-10-09T00:48:22Z,4223,2026-10-08T15:48:59Z,539
2026-10-09T00:48:22Z,4224,2026-10-08T15:48:57Z,539
2026-10-09T00:48:22Z,4225,2026-10-08T15:48:57Z,539
2026-10-09T00:48:22Z,4231,2026-10-08T15:49:08Z,539
2026-10-09T00:48:22Z,4233,2026-10-09T00:45:04Z,3
2026-10-09T00:48:22Z,4234,2026-10-09T00:44:52Z,3
2026-10-09T00:48:22Z,4235,2026-10-08T15:49:21Z,539
2026-10-09T00:48:22Z,4236,2026-10-08T13:55:00Z,653
2026-10-09T00:48:22Z,4237,2026-10-08T21:01:13Z,227
2026-10-09T00:48:22Z,4238,2026-10-08T19:25:50Z,322
2026-10-09T00:48:22Z,4239,2026-10-09T00:44:53Z,3
2026-10-09T00:48:22Z,4240,2026-10-09T00:42:06Z,6
2026-10-09T00:48:22Z,4241,2026-08-19T05:17:18Z,73171
2026-10-09T00:48:22Z,4242,2026-10-08T03:37:27Z,1270
2026-10-09T00:48:22Z,4243,2026-10-08T15:48:58Z,539
2026-10-09T00:48:22Z,4244,2026-10-08T15:48:59Z,539
2026-10-09T00:48:22Z,4245,2025-09-09T08:04:42Z,568363
2026-10-09T00:48:22Z,4246,2026-10-08T05:27:12Z,1161
2026-10-09T00:48:22Z,4247,2026-10-09T00:44:52Z,3
2026-10-09T00:48:22Z,4248,2026-10-08T15:48:57Z,539
2026-10-09T00:48:22Z,4249,2026-10-08T15:48:59Z,539
2026-10-09T00:48:22Z,4250,2026-10-08T18:20:50Z,387
2026-10-09T00:48:22Z,4251,2026-10-08T15:48:58Z,539
2026-10-09T00:48:22Z,4252,2026-10-08T15:48:58Z,539
2026-10-09T00:48:22Z,4253,2026-10-08T15:48:58Z,539
2026-10-09T00:48:22Z,4254,2026-10-08T15:48:58Z,539
2026-10-09T00:48:22Z,4255,2025-09-09T08:04:42Z,568363
2026-10-09T00:48:22Z,4256,2025-09-09T08:04:42Z,568363
2026-10-09T00:48:22Z,4257,2025-09-09T08:04:42Z,568363
2026-10-09T00:48:22Z,4258,2026-10-09T00:44:52Z,3
2026-10-09T00:48:22Z,4259,2026-10-09T00:44:51Z,3
2026-10-09T00:48:22Z,4260,2026-10-08T20:45:47Z,242
2026-10-09T00:48:22Z,4261,2026-10-08T21:01:19Z,227
2026-10-09T00:48:22Z,4262,2026-10-09T00:44:53Z,3
2026-10-09T00:48:22Z,4263,2026-10-08T15:48:57Z,539
2026-10-09T00:48:22Z,4264,2026-10-09T00:44:52Z,3
2026-10-09T00:48:22Z,4265,2026-10-08T15:49:16Z,539
2026-10-09T00:48:22Z,4266,2026-10-08T15:48:57Z,539
2026-10-09T00:48:22Z,4267,2026-09-23T06:04:27Z,22723
2026-10-09T00:48:22Z,4268,2026-10-08T21:00:51Z,227
2026-10-09T00:48:22Z,4270,2026-10-08T15:48:57Z,539
2026-10-09T00:48:22Z,4271,2026-10-08T15:48:57Z,539
2026-10-09T00:48:22Z,4272,2026-10-08T15:48:57Z,539
2026-10-09T00:48:22Z,4273,2026-10-09T00:44:52Z,3
2026-10-09T00:48:22Z,4274,2026-10-08T16:48:19Z,480
2026-10-09T00:48:22Z,4275,2026-10-08T17:05:51Z,462
2026-10-09T00:48:22Z,4277,2026-10-08T14:21:40Z,626
2026-10-09T00:48:22Z,4278,2026-10-08T23:11:36Z,96
2026-10-09T00:48:22Z,4279,2026-10-08T18:03:42Z,404
2026-10-09T00:48:22Z,4280,2026-10-08T18:32:56Z,375
2026-10-09T00:48:22Z,4281,2026-10-09T00:02:36Z,45
2026-10-09T00:48:22Z,4282,2026-10-08T17:32:51Z,435
2026-10-09T00:48:22Z,4283,2026-10-09T00:30:00Z,18
2026-10-09T00:48:22Z,4284,2026-10-08T09:38:55Z,909
2026-10-09T00:48:22Z,4285,2026-10-08T17:11:31Z,456
2026-10-09T00:48:22Z,4286,2026-10-08T17:33:56Z,434
2026-10-09T00:48:22Z,4287,2026-10-08T15:48:59Z,539
2026-10-09T00:48:22Z,4288,2026-10-08T15:48:58Z,539
2026-10-09T00:48:22Z,4289,2026-10-08T15:48:58Z,539
2026-10-09T00:48:22Z,4290,2026-10-08T15:48:58Z,539
2026-10-09T00:48:22Z,4291,2025-09-09T08:04:42Z,568363
2026-10-09T00:48:22Z,4292,2026-10-09T00:44:52Z,3
2026-10-09T00:48:22Z,4293,2026-10-09T00:44:52Z,3
2026-10-09T00:48:22Z,4294,2026-10-08T23:49:25Z,58
2026-10-09T00:48:22Z,4295,2026-08-12T02:28:09Z,83420
2026-10-09T00:48:22Z,4296,2026-10-09T00:45:12Z,3
2026-10-09T00:48:22Z,4297,2026-10-08T15:49:04Z,539
2026-10-09T00:48:22Z,4298,2026-10-08T15:52:01Z,536
2026-10-09T00:48:22Z,4299,2026-10-08T15:48:58Z,539
2026-10-09T00:48:22Z,4300,2026-10-09T00:44:53Z,3
2026-10-09T00:48:22Z,4301,2026-10-09T00:44:52Z,3
2026-10-09T00:48:22Z,4302,2026-10-08T15:48:57Z,539
2026-10-09T00:48:22Z,4303,2026-10-08T19:22:05Z,326
2026-10-09T00:48:22Z,4304,2026-10-08T09:23:22Z,925
2026-10-09T00:48:22Z,4305,2026-10-09T00:44:51Z,3
2026-10-09T00:48:22Z,4306,2026-10-08T15:49:02Z,539
2026-10-09T00:48:22Z,4307,2026-10-08T15:49:01Z,539
2026-10-09T00:48:22Z,4308,2026-10-08T15:49:43Z,538
2026-10-09T00:48:22Z,4309,2026-10-06T04:29:22Z,4099
2026-10-09T00:48:22Z,4310,2026-10-09T00:44:52Z,3
2026-10-09T00:48:22Z,4311,2026-10-08T13:56:46Z,651
2026-10-09T00:48:22Z,4312,2026-10-08T13:56:47Z,651
2026-10-09T00:48:22Z,4313,2026-10-08T13:56:48Z,651
2026-10-09T00:48:22Z,4315,2026-10-08T22:05:52Z,162
2026-10-09T00:48:22Z,4316,2026-10-08T19:49:29Z,298
2026-10-09T00:48:22Z,4317,2026-10-08T23:22:23Z,85
2026-10-09T00:48:22Z,4318,2026-09-29T10:14:55Z,13833
2026-10-09T00:48:22Z,4319,2026-10-08T22:24:24Z,143
2026-10-09T00:48:22Z,4320,2026-10-08T21:00:54Z,227
2026-10-09T00:48:22Z,4321,2026-10-08T15:09:51Z,578
2026-10-09T00:48:22Z,4322,2026-08-27T10:04:36Z,61363
2026-10-09T00:48:22Z,4323,2026-10-08T20:18:44Z,269
2026-10-09T00:48:22Z,4324,2026-10-08T19:10:31Z,337
2026-10-09T00:48:22Z,4326,2026-09-29T08:57:14Z,13911
2026-10-09T00:48:22Z,4327,2026-10-08T15:48:58Z,539
2026-10-09T00:48:22Z,4328,2026-10-08T19:10:33Z,337
2026-10-09T00:48:22Z,4331,2026-10-08T13:18:54Z,689
2026-10-09T00:48:22Z,4332,2026-10-08T21:54:52Z,173
2026-10-09T00:48:22Z,4333,2026-10-08T19:10:35Z,337
2026-10-09T00:48:22Z,4334,2026-10-08T13:37:31Z,670
2026-10-09T00:48:22Z,4335,2025-09-23T08:51:12Z,548157
2026-10-09T00:48:22Z,4336,2026-10-08T15:49:16Z,539
2026-10-09T00:48:22Z,4337,2026-10-08T15:48:58Z,539
2026-10-09T00:48:22Z,4338,2026-10-08T15:49:07Z,539
2026-10-09T00:48:22Z,4339,2026-10-08T18:12:27Z,395
2026-10-09T00:48:22Z,4340,2026-10-08T19:10:35Z,337
2026-10-09T00:48:22Z,4341,2026-10-08T19:10:35Z,337
2026-10-09T00:48:22Z,4342,2026-10-08T19:10:36Z,337
2026-10-09T00:48:22Z,4343,2026-10-08T19:10:36Z,337
2026-10-09T00:48:22Z,4344,2026-10-08T19:10:36Z,337
2026-10-09T00:48:22Z,4345,2026-10-08T19:10:36Z,337
2026-10-09T00:48:22Z,4346,2026-10-09T00:07:48Z,40
2026-10-09T00:48:22Z,4347,2026-10-08T19:10:37Z,337
2026-10-09T00:48:22Z,4348,2026-10-08T19:10:37Z,337
2026-10-09T00:48:22Z,4349,2026-10-09T00:45:06Z,3
2026-10-09T00:48:22Z,4352,2026-10-08T20:18:59Z,269
2026-10-09T00:48:22Z,4353,2026-10-09T00:22:49Z,25
2026-10-09T00:48:22Z,4354,2026-10-08T19:10:38Z,337
2026-10-09T00:48:22Z,4355,2026-10-09T00:27:15Z,21
2026-10-09T00:48:22Z,4360,2026-10-08T19:10:40Z,337
2026-10-09T00:48:22Z,4363,2026-10-08T13:58:14Z,650
2026-10-09T00:48:22Z,4366,2026-10-08T21:00:58Z,227
2026-10-09T00:48:22Z,4367,2026-10-08T15:46:26Z,541
2026-10-09T00:48:22Z,4368,2026-10-08T19:10:42Z,337
2026-10-09T00:48:22Z,4369,2026-10-08T19:10:42Z,337
2026-10-09T00:48:22Z,4370,2026-10-08T19:10:42Z,337
2026-10-09T00:48:22Z,4373,2026-10-08T15:50:13Z,538
2026-10-09T00:48:22Z,4374,2026-10-08T19:00:14Z,348
2026-10-09T00:48:22Z,4375,2026-10-08T19:10:42Z,337
2026-10-09T00:48:22Z,4376,2026-10-08T19:02:09Z,346
2026-10-09T00:48:22Z,4377,2026-10-08T13:31:08Z,677
2026-10-09T00:48:22Z,4378,2026-10-08T17:53:56Z,414
2026-10-09T00:48:22Z,4379,2026-10-08T19:10:43Z,337
2026-10-09T00:48:22Z,4380,2026-10-08T14:38:45Z,609
2026-10-09T00:48:22Z,4382,2026-10-08T16:19:16Z,509
2026-10-09T00:48:22Z,4383,2026-10-08T21:01:26Z,226
2026-10-09T00:48:22Z,4571,2026-10-08T19:10:44Z,337
2026-10-09T00:48:22Z,4572,2026-10-08T15:49:08Z,539
2026-10-09T00:48:22Z,4574,2026-10-08T19:10:45Z,337
2026-10-09T00:48:22Z,4575,2024-10-07T08:55:34Z,1053592
2026-10-09T00:48:22Z,4577,2026-10-09T00:14:54Z,33
2026-10-09T00:48:22Z,4578,2026-10-09T00:45:06Z,3
2026-10-09T00:48:22Z,4579,2026-10-08T19:10:45Z,337
2026-10-09T00:48:22Z,4580,2026-10-08T19:10:46Z,337
2026-10-09T00:48:22Z,4581,2026-10-08T19:10:46Z,337
2026-10-09T00:48:22Z,4582,2026-10-08T21:01:33Z,226
2026-10-09T00:48:22Z,4584,2026-10-08T19:10:46Z,337
2026-10-09T00:48:22Z,4585,2026-10-08T19:10:46Z,337
2026-10-09T00:48:22Z,4587,2026-10-08T21:00:49Z,227
2026-10-09T00:48:22Z,4588,2026-10-08T21:01:18Z,227
2026-10-09T00:48:22Z,4589,2026-10-09T00:45:04Z,3
2026-10-09T00:48:22Z,4590,2026-10-09T00:45:04Z,3
2026-10-09T00:48:22Z,4591,2026-10-09T00:45:04Z,3
2026-10-09T00:48:22Z,4593,2026-10-09T00:45:04Z,3
2026-10-09T00:48:22Z,4594,2026-10-09T00:45:04Z,3
2026-10-09T00:48:22Z,4595,2026-10-09T00:45:04Z,3
2026-10-09T00:48:22Z,4596,2026-10-09T00:45:04Z,3
2026-10-09T00:48:22Z,4597,2026-10-09T00:45:04Z,3
2026-10-09T00:48:22Z,4598,2026-10-09T00:45:04Z,3
2026-10-09T00:48:22Z,4599,2026-10-09T00:45:04Z,3
2026-10-09T00:48:22Z,4602,2026-10-09T00:45:04Z,3
2026-10-09T00:48:22Z,4687,2026-10-09T00:45:04Z,3
2026-10-09T00:48:22Z,4688,2026-10-09T00:45:04Z,3
2026-10-09T00:48:22Z,4689,2026-10-09T00:45:04Z,3
2026-10-09T00:48:22Z,4690,2026-10-09T00:45:04Z,3
2026-10-09T00:48:22Z,4702,2026-10-09T00:45:04Z,3
2026-10-09T00:48:22Z,4776,2026-10-09T00:45:04Z,3
2026-10-09T00:48:22Z,4777,2026-10-09T00:45:04Z,3
2026-10-09T00:48:22Z,4779,2026-10-09T00:45:04Z,3
2026-10-09T00:48:22Z,4780,2026-10-09T00:45:04Z,3
2026-10-09T00:48:22Z,4782,2026-10-09T00:45:04Z,3
2026-10-09T00:48:22Z,4784,2026-10-09T00:45:04Z,3
2026-10-09T00:48:22Z,4785,2026-10-09T00:45:04Z,3
2026-10-09T00:48:22Z,4786,2026-10-09T00:45:04Z,3
2026-10-09T00:48:22Z,4787,2026-10-09T00:45:04Z,3
2026-10-09T00:48:22Z,4788,2026-10-09T00:45:04Z,3
2026-10-09T00:48:22Z,4789,2026-10-09T00:45:04Z,3
2026-10-09T00:48:22Z,4790,2026-10-09T00:45:04Z,3
2026-10-09T00:48:22Z,4791,2026-10-09T00:45:04Z,3
2026-10-09T00:48:22Z,4792,2026-10-09T00:45:04Z,3
2026-10-09T00:48:22Z,4793,2026-10-09T00:45:04Z,3
2026-10-09T00:48:22Z,4794,2026-10-09T00:45:04Z,3
2026-10-09T00:48:22Z,4795,2026-10-09T00:45:04Z,3
2026-10-09T00:48:22Z,4796,2026-10-09T00:45:04Z,3
2026-10-09T00:48:22Z,4797,2026-10-09T00:45:04Z,3
2026-10-09T00:48:22Z,4798,2026-10-09T00:45:04Z,3
2026-10-09T00:48:22Z,4799,2026-10-09T00:45:04Z,3
2026-10-09T00:48:22Z,4800,2026-10-09T00:45:04Z,3
2026-10-09T00:48:22Z,4801,2026-10-09T00:45:04Z,3
2026-10-09T00:48:22Z,4804,2026-10-09T00:45:04Z,3
2026-10-09T00:48:22Z,4806,2026-10-09T00:45:04Z,3
2026-10-09T00:48:22Z,4807,2026-10-09T00:45:04Z,3
2026-10-09T00:48:22Z,4808,2026-10-09T00:45:04Z,3
2026-10-09T00:48:22Z,4809,2026-10-08T21:02:33Z,225
2026-10-09T00:48:22Z,4810,2026-10-08T21:00:44Z,227
2026-10-09T00:48:22Z,4811,2026-10-08T19:10:48Z,337
2026-10-09T00:48:22Z,4812,2026-10-08T19:10:48Z,337
2026-10-09T00:48:22Z,4813,2026-10-08T19:10:48Z,337
2026-10-09T00:48:22Z,4814,2026-10-08T19:10:49Z,337
2026-10-09T00:48:22Z,4816,2026-10-09T00:44:52Z,3
2026-10-09T00:48:22Z,4817,2026-10-08T15:48:57Z,539
2026-10-09T00:48:22Z,4818,2026-10-09T00:45:13Z,3
2026-10-09T00:48:22Z,4819,2026-10-08T15:49:02Z,539
2026-10-09T00:48:22Z,4820,2026-10-08T15:49:04Z,539
2026-10-09T00:48:22Z,4821,2026-10-09T00:44:52Z,3
2026-10-09T00:48:22Z,4822,2026-10-08T15:49:08Z,539
2026-10-09T00:48:22Z,4823,2026-10-09T00:45:13Z,3
2026-10-09T00:48:22Z,4824,2026-10-08T15:49:17Z,539
2026-10-09T00:48:22Z,4825,2026-10-08T19:10:49Z,337
2026-10-09T00:48:22Z,4826,2026-10-08T23:56:07Z,52
2026-10-09T00:48:22Z,4829,2026-10-08T19:05:25Z,342
2026-10-09T00:48:22Z,4830,2026-10-09T00:45:04Z,3
2026-10-09T00:48:22Z,4832,2026-10-09T00:40:17Z,8
2026-10-09T00:48:22Z,4833,2026-10-08T19:10:50Z,337
2026-10-09T00:48:22Z,4834,2026-10-08T21:00:46Z,227
2026-10-09T00:48:22Z,4837,2026-10-09T00:45:04Z,3
2026-10-09T00:48:22Z,4838,2026-10-09T00:45:04Z,3
2026-10-09T00:48:22Z,4839,2026-10-08T21:00:51Z,227
2026-10-09T00:48:22Z,4840,2026-10-05T05:02:16Z,5506
2026-10-09T00:48:22Z,4841,2026-10-05T05:02:25Z,5505
2026-10-09T00:48:22Z,4842,2026-10-05T05:02:16Z,5506
2026-10-09T00:48:22Z,4843,2026-10-05T05:02:25Z,5505
2026-10-09T00:48:22Z,4844,2026-10-05T05:02:04Z,5506
2026-10-09T00:48:22Z,4845,2026-10-08T14:09:06Z,639
2026-10-09T00:48:22Z,4847,2026-10-09T00:45:04Z,3
2026-10-09T00:48:22Z,4848,2026-10-09T00:45:04Z,3
2026-10-09T00:48:22Z,4849,2026-10-09T00:34:08Z,14
2026-10-09T00:48:22Z,4850,2026-10-09T00:34:14Z,14
2026-10-09T00:48:22Z,4851,2026-10-09T00:15:48Z,32
2026-10-09T00:48:22Z,4852,2026-10-09T00:34:08Z,14
2026-10-09T00:48:22Z,4853,2026-10-09T00:18:15Z,30
2026-10-09T00:48:22Z,4854,2026-10-09T00:34:09Z,14
2026-10-09T00:48:22Z,4855,2026-10-09T00:26:45Z,21
2026-10-09T00:48:22Z,4856,2026-10-09T00:14:29Z,33
2026-10-09T00:48:22Z,4857,2026-10-09T00:26:52Z,21
2026-10-09T00:48:22Z,4858,2026-10-09T00:14:23Z,33
2026-10-09T00:48:22Z,4859,2026-10-09T00:28:20Z,20
2026-10-09T00:48:22Z,4860,2026-10-08T19:10:51Z,337
2026-10-09T00:48:22Z,4861,2026-10-08T15:03:51Z,584
2026-10-09T00:48:22Z,5805,2026-10-08T23:53:07Z,55
2026-10-09T00:48:22Z,5806,2026-10-08T21:01:17Z,227
2026-10-09T00:48:22Z,5807,2026-10-08T23:55:11Z,53
2026-10-09T00:48:22Z,5808,2026-10-08T18:06:58Z,401
2026-10-09T00:48:22Z,5809,2026-10-09T00:40:39Z,7
2026-10-09T00:48:22Z,5810,2026-10-06T10:40:18Z,3728
2026-10-09T00:48:22Z,6797,2026-10-09T00:45:04Z,3
2026-10-09T00:48:22Z,6798,2026-10-09T00:45:04Z,3
2026-10-09T00:48:22Z,6799,2026-10-09T00:45:04Z,3
2026-10-09T00:48:22Z,6800,2026-10-09T00:45:04Z,3
2026-10-09T00:48:22Z,6801,2026-10-09T00:45:04Z,3
2026-10-09T00:48:22Z,6802,2026-10-09T00:45:04Z,3
2026-10-09T00:48:22Z,6803,2026-10-09T00:45:04Z,3
2026-10-09T00:48:22Z,6804,2026-10-09T00:45:04Z,3
2026-10-09T00:48:22Z,6812,2026-10-09T00:45:04Z,3
2026-10-09T00:48:22Z,6814,2026-10-09T00:45:04Z,3
2026-10-09T00:48:22Z,6815,2026-10-08T21:00:40Z,227
2026-10-09T00:48:22Z,6817,2026-10-09T00:45:04Z,3
2026-10-09T00:48:22Z,6818,2026-10-09T00:45:04Z,3
2026-10-09T00:48:22Z,6819,2026-10-09T00:45:04Z,3
2026-10-09T00:48:22Z,6820,2026-10-09T00:45:04Z,3
2026-10-09T00:48:22Z,6821,2026-10-09T00:45:04Z,3
2026-10-09T00:48:22Z,6822,2026-10-09T00:45:04Z,3
2026-10-09T00:48:22Z,6823,2026-10-09T00:45:04Z,3
2026-10-09T00:48:22Z,6825,2026-10-09T00:45:04Z,3
2026-10-09T00:48:22Z,6826,2026-10-09T00:45:04Z,3
2026-10-09T00:48:22Z,6827,2026-10-09T00:45:04Z,3
2026-10-09T00:48:22Z,6828,2026-10-08T19:10:52Z,337
2026-10-09T00:48:22Z,6830,2026-10-09T00:45:04Z,3
2026-10-09T00:48:22Z,6831,2026-10-09T00:45:04Z,3
2026-10-09T00:48:22Z,6832,2026-10-09T00:45:04Z,3
2026-10-09T00:48:22Z,6833,2026-10-09T00:45:04Z,3
2026-10-09T00:48:22Z,6834,2026-10-09T00:45:04Z,3
2026-10-09T00:48:22Z,6835,2026-10-08T18:20:50Z,387
2026-10-09T00:48:22Z,6837,2026-10-08T21:01:01Z,227
2026-10-09T00:48:22Z,6838,2026-10-08T20:32:29Z,255
2026-10-09T00:48:22Z,6839,2026-10-07T12:04:41Z,2203
2026-10-09T00:48:22Z,6841,2026-10-09T00:45:04Z,3
2026-10-09T00:48:22Z,6845,2026-10-08T21:01:14Z,227
2026-10-09T00:48:22Z,6847,2026-10-09T00:45:04Z,3
2026-10-09T00:48:22Z,6849,2026-10-09T00:45:04Z,3
2026-10-09T00:48:22Z,6850,2026-10-08T03:38:55Z,1269
2026-10-09T00:48:22Z,6853,2026-10-08T17:18:10Z,450
2026-10-09T00:48:22Z,6855,2026-10-08T16:29:26Z,498
2026-10-09T00:48:22Z,6856,2026-10-08T21:00:55Z,227
2026-10-09T00:48:22Z,6857,2026-10-08T19:10:54Z,337
2026-10-09T00:48:22Z,6858,2026-10-08T10:00:03Z,888
2026-10-09T00:48:22Z,6860,2026-10-09T00:44:53Z,3
2026-10-09T00:48:22Z,6862,2026-10-08T19:32:04Z,316
2026-10-09T00:48:22Z,6864,2026-10-08T16:47:59Z,480
2026-10-09T00:48:22Z,14360,2026-10-09T00:45:04Z,3
2026-10-09T00:48:22Z,14368,2026-10-07T06:37:59Z,2530
2026-10-09T00:48:22Z,14369,2026-10-08T20:43:31Z,244
2026-10-09T00:48:22Z,14370,2026-10-08T16:54:34Z,473
2026-10-09T00:48:22Z,14371,2026-10-08T04:35:49Z,1212
2026-10-09T00:48:22Z,14372,2026-10-08T22:31:48Z,136
2026-10-09T00:48:22Z,14374,2026-09-29T16:11:14Z,13477
2026-10-09T00:48:22Z,14375,2026-10-01T18:03:22Z,10485
2026-10-09T00:48:22Z,14376,2026-10-08T15:20:51Z,567
2026-10-09T00:48:22Z,14403,2026-10-09T00:23:34Z,24
2026-10-09T00:48:22Z,14404,2026-10-09T00:45:04Z,3
2026-10-09T00:48:22Z,14405,2026-09-12T15:14:13Z,38014
2026-10-09T00:48:22Z,14406,2026-10-08T19:36:52Z,311
2026-10-09T00:48:22Z,14407,2026-09-18T16:52:05Z,29276
2026-10-09T00:48:22Z,14408,2026-09-26T14:42:06Z,17886
2026-10-09T00:48:22Z,14409,2026-10-07T22:28:29Z,1579
2026-10-09T00:48:22Z,14410,2026-10-08T13:00:08Z,708
2026-10-09T00:48:22Z,14411,2026-10-09T00:45:04Z,3
2026-10-09T00:48:22Z,14412,2026-10-09T00:45:04Z,3
2026-10-09T00:48:22Z,14413,2026-10-09T00:45:04Z,3
2026-10-09T00:48:22Z,14414,2026-10-09T00:45:04Z,3
2026-10-09T00:48:22Z,14415,2026-10-09T00:45:04Z,3
2026-10-09T00:48:22Z,14416,2026-10-08T19:10:55Z,337
2026-10-09T00:48:22Z,14417,2026-10-09T00:45:04Z,3
2026-10-09T00:48:22Z,14418,2026-10-08T14:56:47Z,591
2026-10-09T00:48:22Z,14419,2026-10-08T17:22:45Z,445
2026-10-09T00:48:22Z,14420,2026-10-08T18:11:27Z,396
2026-10-09T00:48:22Z,14422,2026-10-09T00:45:04Z,3
2026-10-09T00:48:22Z,14423,2026-10-09T00:45:04Z,3
2026-10-09T00:48:22Z,14424,2026-10-08T21:01:23Z,226
2026-10-09T00:48:22Z,14427,2026-10-09T00:45:04Z,3
2026-10-09T00:48:22Z,14445,2026-10-09T00:45:04Z,3
2026-10-09T00:48:22Z,14446,2026-10-09T00:45:04Z,3
2026-10-09T00:48:22Z,14447,2026-10-09T00:45:04Z,3
2026-10-09T00:48:22Z,14448,2026-10-09T00:45:04Z,3
2026-10-09T00:48:22Z,14449,2026-10-08T21:01:18Z,227
2026-10-09T00:48:22Z,14451,2026-10-09T00:45:04Z,3
2026-10-09T00:48:22Z,14452,2026-10-09T00:45:04Z,3
2026-10-09T00:48:22Z,14453,2026-10-06T17:17:49Z,3330
2026-10-09T00:48:22Z,14454,2026-10-08T12:30:11Z,738
2026-10-09T00:48:22Z,14455,2026-10-09T00:35:52Z,12
2026-10-09T00:48:22Z,14456,2026-10-08T19:10:55Z,337
2026-10-09T00:48:22Z,14457,2026-10-08T19:10:55Z,337
2026-10-09T00:48:22Z,14458,2026-10-08T18:58:36Z,349
2026-10-09T00:48:22Z,14460,2025-08-24T21:39:38Z,590588
2026-10-09T00:48:22Z,14461,2026-10-08T15:48:57Z,539
2026-10-09T00:48:22Z,14464,2026-10-08T15:48:57Z,539
2026-10-09T00:48:22Z,14465,2025-08-24T21:39:38Z,590588
2026-10-09T00:48:22Z,14471,2026-10-09T00:26:53Z,21
2026-10-09T00:48:22Z,14473,2026-10-08T21:00:54Z,227
2026-10-09T00:48:22Z,14475,2026-10-08T17:47:32Z,420
2026-10-09T00:48:22Z,14476,2026-10-08T14:21:43Z,626
2026-10-09T00:48:22Z,14477,2026-10-09T00:01:51Z,46
2026-10-09T00:48:22Z,14478,2026-10-08T08:20:08Z,988
2026-10-09T00:48:22Z,14479,2026-10-08T16:30:50Z,497
2026-10-09T00:48:22Z,14480,2026-10-08T19:10:55Z,337
2026-10-09T00:48:22Z,14481,2026-10-08T18:10:50Z,397
2026-10-09T00:48:22Z,14484,2026-10-07T00:05:35Z,2922
2026-10-09T00:48:22Z,14485,2026-10-08T21:00:49Z,227
2026-10-09T00:48:22Z,14486,2026-10-08T21:00:53Z,227
2026-10-09T00:48:22Z,14487,2026-10-08T21:00:52Z,227
2026-10-09T00:48:22Z,14488,2026-10-08T21:00:59Z,227
2026-10-09T00:48:22Z,14489,2026-10-08T21:00:45Z,227
2026-10-09T00:48:22Z,14490,2026-10-09T00:01:10Z,47
2026-10-09T00:48:22Z,14498,2026-10-08T16:00:26Z,527
2026-10-09T00:48:22Z,14499,2026-10-09T00:02:53Z,45
2026-10-09T00:48:22Z,14500,2026-10-09T00:32:04Z,16
2026-10-09T00:48:22Z,14502,2026-10-08T17:53:43Z,414
2026-10-09T00:48:22Z,14503,2026-10-09T00:27:14Z,21
2026-10-09T00:48:22Z,14504,2026-10-08T15:32:09Z,556
2026-10-09T00:48:22Z,14506,2026-10-08T21:00:55Z,227
2026-10-09T00:48:22Z,14509,2026-10-08T14:54:00Z,594
2026-10-09T00:48:22Z,14510,2026-10-08T19:10:55Z,337
2026-10-09T00:48:22Z,14511,2026-10-08T19:10:55Z,337
2026-10-09T00:48:22Z,14512,2026-10-08T19:10:56Z,337
2026-10-09T00:48:22Z,14513,2026-10-08T15:48:59Z,539
2026-10-09T00:48:22Z,14515,2026-10-09T00:45:06Z,3
2026-10-09T00:48:22Z,14517,2026-10-09T00:45:06Z,3
2026-10-09T00:48:22Z,14519,2026-10-08T17:06:33Z,461
2026-10-09T00:48:22Z,14521,2026-10-08T19:02:08Z,346
2026-10-09T00:48:22Z,14522,2026-10-08T16:05:21Z,523
2026-10-09T00:48:22Z,14523,2026-10-08T21:58:31Z,169
2026-10-09T00:48:22Z,14525,2026-09-22T10:42:18Z,23886
2026-10-09T00:48:22Z,14526,2026-10-09T00:45:06Z,3
2026-10-09T00:48:22Z,14527,2026-10-08T16:21:02Z,507
2026-10-09T00:48:22Z,14528,2026-10-08T21:21:14Z,207
2026-10-09T00:48:22Z,14529,2026-10-08T21:00:49Z,227
2026-10-09T00:48:22Z,14530,2026-10-08T17:34:57Z,433
2026-10-09T00:48:22Z,14531,2026-10-08T16:31:01Z,497
2026-10-09T00:48:22Z,14532,2026-10-08T15:49:15Z,539
2026-10-09T00:48:22Z,14533,2026-10-08T15:49:16Z,539
2026-10-09T00:48:22Z,14534,2026-10-09T00:44:53Z,3
2026-10-09T00:48:22Z,14535,2026-10-08T15:48:59Z,539
2026-10-09T00:48:22Z,14536,2026-10-08T15:48:59Z,539
2026-10-09T00:48:22Z,14537,2026-10-09T00:45:04Z,3
2026-10-09T00:48:22Z,15365,2026-10-09T00:28:33Z,19
2026-10-09T00:48:22Z,15366,2026-10-09T00:28:13Z,20
2026-10-09T00:48:22Z,15367,2026-10-08T21:01:00Z,227
2026-10-09T00:48:22Z,15368,2026-10-08T09:36:24Z,911
2026-10-09T00:48:22Z,15369,2026-10-08T22:42:52Z,125
2026-10-09T00:48:22Z,15370,2026-10-08T21:00:15Z,228
2026-10-09T00:48:22Z,15371,2026-10-08T12:00:57Z,767
2026-10-09T00:48:22Z,15372,2026-10-08T14:14:08Z,634
2026-10-09T00:48:22Z,15373,2026-10-08T19:10:57Z,337
2026-10-09T00:48:22Z,15374,2026-08-11T06:32:23Z,84615
2026-10-09T00:48:22Z,15377,2026-10-09T00:45:06Z,3
2026-10-09T00:48:22Z,15378,2026-10-09T00:45:06Z,3
2026-10-09T00:48:22Z,15379,2026-10-08T21:00:55Z,227
2026-10-09T00:48:22Z,15380,2026-10-08T21:01:03Z,227
2026-10-09T00:48:22Z,15381,2026-10-08T19:11:15Z,337
2026-10-09T00:48:22Z,15386,2026-10-08T22:08:32Z,159
2026-10-09T00:48:22Z,15387,2026-10-08T15:49:16Z,539
2026-10-09T00:48:22Z,15393,2026-10-08T20:57:42Z,230
2026-10-09T00:48:22Z,15394,2026-10-09T00:45:04Z,3
2026-10-09T00:48:22Z,15395,2026-10-08T16:18:33Z,509
2026-10-09T00:48:22Z,15396,2026-10-08T19:11:04Z,337
2026-10-09T00:48:22Z,15402,2026-10-08T19:11:05Z,337
2026-10-09T00:48:22Z,15403,2026-10-08T19:11:06Z,337
2026-10-09T00:48:22Z,15404,2026-10-08T19:11:07Z,337
2026-10-09T00:48:22Z,15405,2026-10-09T00:45:04Z,3
2026-10-09T00:48:22Z,15406,2026-10-09T00:45:04Z,3
2026-10-09T00:48:22Z,15407,2026-10-06T12:06:39Z,3641
2026-10-09T00:48:22Z,15408,2026-10-08T12:39:14Z,729
2026-10-09T00:48:22Z,15409,2026-10-08T13:41:09Z,667
2026-10-09T00:48:22Z,15410,2026-10-08T08:38:13Z,970
2026-10-09T00:48:22Z,15411,2026-10-08T08:21:46Z,986
2026-10-09T00:48:22Z,15413,2026-10-08T19:11:08Z,337
2026-10-09T00:48:22Z,15414,2026-10-01T09:45:04Z,10983
2026-10-09T00:48:22Z,15415,2026-10-01T09:45:04Z,10983
2026-10-09T00:48:22Z,15416,2026-10-08T12:37:51Z,730
2026-10-09T00:48:22Z,15418,2026-10-08T19:11:08Z,337
2026-10-09T00:48:22Z,15419,2026-10-08T19:11:09Z,337
2026-10-09T00:48:22Z,15420,2026-10-08T19:11:09Z,337
2026-10-09T00:48:22Z,15421,2026-10-08T17:46:25Z,421
2026-10-09T00:48:22Z,15422,2026-10-09T00:45:04Z,3
2026-10-09T00:48:22Z,15423,2026-10-09T00:35:30Z,12
2026-10-09T00:48:22Z,15424,2026-10-08T09:25:44Z,922
2026-10-09T00:48:22Z,15425,2026-10-05T21:34:47Z,4513
2026-10-09T00:48:22Z,15426,2026-10-06T08:16:32Z,3871
2026-10-09T00:48:22Z,15427,2026-10-09T00:45:04Z,3
2026-10-09T00:48:22Z,15428,2026-10-09T00:45:04Z,3
2026-10-09T00:48:22Z,15429,2026-10-09T00:45:04Z,3
2026-10-09T00:48:22Z,15430,2026-10-09T00:45:04Z,3
2026-10-09T00:48:22Z,15431,2026-10-09T00:45:04Z,3
2026-10-09T00:48:22Z,15432,2026-10-09T00:45:04Z,3
2026-10-09T00:48:22Z,15433,2026-10-09T00:45:04Z,3
2026-10-09T00:48:22Z,15434,2026-10-09T00:45:04Z,3
2026-10-09T00:48:22Z,15435,2026-10-09T00:45:04Z,3
2026-10-09T00:48:22Z,15436,2026-10-09T00:45:04Z,3
2026-10-09T00:48:22Z,15437,2026-10-09T00:45:04Z,3
2026-10-09T00:48:22Z,15438,2026-10-09T00:45:04Z,3
2026-10-09T00:48:22Z,15439,2026-10-09T00:45:04Z,3
2026-10-09T00:48:22Z,15440,2026-10-09T00:45:04Z,3
2026-10-09T00:48:22Z,15441,2026-10-09T00:45:04Z,3
2026-10-09T00:48:22Z,15442,2026-10-09T00:45:04Z,3
2026-10-09T00:48:22Z,15443,2026-10-09T00:45:04Z,3
2026-10-09T00:48:22Z,15444,2026-10-09T00:45:04Z,3
2026-10-09T00:48:22Z,15445,2026-10-09T00:45:04Z,3
2026-10-09T00:48:22Z,15446,2026-10-09T00:45:04Z,3
2026-10-09T00:48:22Z,15447,2026-10-09T00:45:04Z,3
2026-10-09T00:48:22Z,15448,2026-10-09T00:45:04Z,3
2026-10-09T00:48:22Z,15449,2026-10-09T00:45:04Z,3
2026-10-09T00:48:22Z,15450,2026-10-09T00:45:04Z,3
2026-10-09T00:48:22Z,15451,2026-10-09T00:45:04Z,3
2026-10-09T00:48:22Z,15452,2026-10-09T00:45:04Z,3
2026-10-09T00:48:22Z,15453,2026-10-09T00:45:04Z,3
2026-10-09T00:48:22Z,15454,2026-10-09T00:45:04Z,3
2026-10-09T00:48:22Z,15455,2026-10-09T00:45:04Z,3
2026-10-09T00:48:22Z,15456,2026-10-09T00:45:04Z,3
2026-10-09T00:48:22Z,15457,2026-10-09T00:45:04Z,3
2026-10-09T00:48:22Z,15458,2026-10-09T00:45:04Z,3
2026-10-09T00:48:22Z,15459,2026-10-09T00:45:04Z,3
2026-10-09T00:48:22Z,15460,2026-10-09T00:45:04Z,3
2026-10-09T00:48:22Z,15461,2026-10-09T00:45:04Z,3
2026-10-09T00:48:22Z,15462,2026-10-09T00:45:04Z,3
2026-10-09T00:48:22Z,15463,2026-10-09T00:45:04Z,3
2026-10-09T00:48:22Z,15464,2026-10-09T00:45:04Z,3
2026-10-09T00:48:22Z,15465,2026-10-09T00:45:04Z,3
2026-10-09T00:48:22Z,15466,2026-10-09T00:45:04Z,3
2026-10-09T00:48:22Z,15467,2026-10-09T00:45:04Z,3
2026-10-09T00:48:22Z,15468,2026-10-09T00:45:04Z,3
2026-10-09T00:48:22Z,15469,2026-10-09T00:45:04Z,3
2026-10-09T00:48:22Z,15470,2026-10-09T00:45:04Z,3
2026-10-09T00:48:22Z,15471,2026-10-09T00:45:04Z,3
2026-10-09T00:48:22Z,15472,2026-10-09T00:45:04Z,3
2026-10-09T00:48:22Z,15473,2026-10-09T00:45:04Z,3
2026-10-09T00:48:22Z,15474,2026-10-09T00:45:04Z,3
2026-10-09T00:48:22Z,15475,2026-10-09T00:45:04Z,3
2026-10-09T00:48:22Z,15476,2026-10-09T00:45:04Z,3
2026-10-09T00:48:22Z,15477,2026-10-09T00:45:04Z,3
2026-10-09T00:48:22Z,15478,2026-10-09T00:45:04Z,3
2026-10-09T00:48:22Z,15479,2026-10-09T00:45:04Z,3
2026-10-09T00:48:22Z,15480,2026-10-09T00:45:04Z,3
2026-10-09T00:48:22Z,15481,2026-10-09T00:45:04Z,3
2026-10-09T00:48:22Z,15482,2026-10-09T00:45:04Z,3
2026-10-09T00:48:22Z,15483,2026-10-09T00:45:04Z,3
2026-10-09T00:48:22Z,15484,2026-10-09T00:45:04Z,3
2026-10-09T00:48:22Z,15485,2026-10-09T00:45:04Z,3
2026-10-09T00:48:22Z,15486,2026-10-09T00:45:04Z,3
2026-10-09T00:48:22Z,15487,2026-10-09T00:45:04Z,3
2026-10-09T00:48:22Z,15488,2026-10-09T00:45:04Z,3
2026-10-09T00:48:22Z,15489,2026-10-09T00:45:04Z,3
2026-10-09T00:48:22Z,15490,2026-10-09T00:45:04Z,3
2026-10-09T00:48:22Z,15491,2026-10-09T00:45:04Z,3
2026-10-09T00:48:22Z,15492,2026-10-09T00:45:04Z,3
2026-10-09T00:48:22Z,15493,2026-10-09T00:45:04Z,3
2026-10-09T00:48:22Z,15494,2026-10-09T00:45:04Z,3
2026-10-09T00:48:22Z,15495,2026-10-09T00:45:04Z,3
2026-10-09T00:48:22Z,15496,2026-10-09T00:45:04Z,3
2026-10-09T00:48:22Z,15497,2026-10-09T00:45:04Z,3
2026-10-09T00:48:22Z,15498,2026-10-09T00:45:04Z,3
2026-10-09T00:48:22Z,15499,2026-10-09T00:45:04Z,3
2026-10-09T00:48:22Z,15500,2026-10-09T00:45:04Z,3
2026-10-09T00:48:22Z,15501,2026-10-09T00:45:04Z,3
2026-10-09T00:48:22Z,15502,2026-10-09T00:45:04Z,3
2026-10-09T00:48:22Z,15503,2026-10-09T00:45:04Z,3
2026-10-09T00:48:22Z,15504,2026-10-09T00:45:04Z,3
2026-10-09T00:48:22Z,15505,2026-10-09T00:45:04Z,3
2026-10-09T00:48:22Z,15506,2026-10-09T00:45:04Z,3
2026-10-09T00:48:22Z,15507,2026-10-09T00:45:04Z,3
2026-10-09T00:48:22Z,15508,2026-10-09T00:45:04Z,3
2026-10-09T00:48:22Z,15509,2026-10-09T00:45:04Z,3
2026-10-09T00:48:22Z,15510,2026-10-09T00:45:04Z,3
2026-10-09T00:48:22Z,15514,2026-10-09T00:45:04Z,3
2026-10-09T00:48:22Z,15515,2026-10-01T09:45:04Z,10983
2026-10-09T00:48:22Z,15516,2026-10-08T21:01:38Z,226
2026-10-09T00:48:22Z,15517,2026-10-08T21:00:59Z,227
2026-10-09T00:48:22Z,15518,2026-10-08T19:11:09Z,337
2026-10-09T00:48:22Z,15521,2026-10-08T10:45:44Z,842
2026-10-09T00:48:22Z,15522,2026-10-08T14:45:15Z,603
2026-10-09T00:48:22Z,15523,2026-10-08T10:34:30Z,853
2026-10-09T00:48:22Z,15525,2026-10-08T08:31:19Z,977
2026-10-09T00:48:22Z,15526,2026-10-08T16:33:12Z,495
2026-10-09T00:48:22Z,15527,2026-10-08T11:53:09Z,775
2026-10-09T00:48:22Z,15528,2026-10-08T14:44:52Z,603
2026-10-09T00:48:22Z,15529,2026-10-08T16:35:59Z,492
2026-10-09T00:48:22Z,15530,2026-10-08T09:16:36Z,931
2026-10-09T00:48:22Z,15531,2026-10-08T16:57:32Z,470
2026-10-09T00:48:22Z,15532,2026-10-08T16:52:13Z,476
2026-10-09T00:48:22Z,15533,2026-10-08T16:50:41Z,477
2026-10-09T00:48:22Z,15534,2026-10-08T19:04:48Z,343
2026-10-09T00:48:22Z,15535,2026-10-01T14:48:13Z,10680
2026-10-09T00:48:22Z,15536,2026-10-08T17:59:41Z,408
2026-10-09T00:48:22Z,15537,2026-10-08T16:09:37Z,518
2026-10-09T00:48:22Z,15539,2026-10-08T16:31:43Z,496
2026-10-09T00:48:22Z,15540,2026-10-09T00:24:56Z,23
2026-10-09T00:48:22Z,15543,2026-10-08T17:27:14Z,441
2026-10-09T00:48:22Z,15544,2026-10-08T10:33:10Z,855
2026-10-09T00:48:22Z,15545,2026-10-08T14:16:11Z,632
2026-10-09T00:48:22Z,15546,2026-10-08T19:11:10Z,337
2026-10-09T00:48:22Z,15547,2026-10-08T19:11:11Z,337
2026-10-09T00:48:22Z,15548,2026-10-08T11:59:06Z,769
2026-10-09T00:48:22Z,15553,2026-10-09T00:45:04Z,3
2026-10-09T00:48:22Z,15554,2026-10-09T00:45:04Z,3
2026-10-09T00:48:22Z,15555,2026-10-09T00:45:04Z,3
2026-10-09T00:48:22Z,15556,2026-10-08T19:11:11Z,337
2026-10-09T00:48:22Z,15557,2026-10-08T19:11:12Z,337
2026-10-09T00:48:22Z,15558,2026-10-09T00:32:33Z,15
2026-10-09T00:48:22Z,15559,2026-10-08T19:11:13Z,337
2026-10-09T00:48:22Z,15560,2026-10-08T19:11:13Z,337
2026-10-09T00:48:22Z,15561,2026-10-09T00:45:06Z,3
2026-10-09T00:48:22Z,15562,2026-10-09T00:45:04Z,3
2026-10-09T00:48:22Z,15563,2026-10-08T21:00:58Z,227
2026-10-09T00:48:22Z,15564,2026-10-08T19:11:13Z,337
2026-10-09T00:48:22Z,15565,2026-10-08T21:01:21Z,227
2026-10-09T00:48:22Z,15566,2026-10-08T23:18:30Z,89
2026-10-09T00:48:22Z,15567,2026-10-08T21:00:53Z,227
2026-10-09T00:48:22Z,15568,2026-10-01T09:45:04Z,10983
2026-10-09T00:48:22Z,15569,2026-10-01T09:45:04Z,10983
2026-10-09T00:48:22Z,15570,2026-10-01T09:37:03Z,10991
2026-10-09T00:48:22Z,15571,2026-10-01T09:37:03Z,10991
2026-10-09T00:48:22Z,15572,2026-10-01T09:45:04Z,10983
2026-10-09T00:48:22Z,15573,2026-10-08T19:11:14Z,337
2026-10-09T00:48:22Z,15574,2026-10-08T19:11:14Z,337
2026-10-09T00:48:22Z,15575,2026-10-08T07:06:20Z,1062
2026-10-09T00:48:22Z,15576,2026-10-08T17:29:25Z,438
2026-10-09T00:48:22Z,15577,2026-10-07T18:29:54Z,1818
2026-10-09T00:48:22Z,15578,2026-10-08T18:18:00Z,390
2026-10-09T00:48:22Z,15579,2026-10-08T19:11:14Z,337
2026-10-09T00:48:22Z,15585,2026-10-08T12:52:19Z,716
2026-10-09T00:48:22Z,15586,2026-10-08T17:14:41Z,453
2026-10-09T00:48:22Z,15587,2026-10-08T08:27:37Z,980
2026-10-09T00:48:22Z,15588,2026-10-08T17:34:55Z,433
2026-10-09T00:48:22Z,15589,2026-10-08T19:11:16Z,337
2026-10-09T00:48:22Z,15590,2026-10-09T00:45:04Z,3
2026-10-09T00:48:22Z,15591,2026-10-08T19:11:17Z,337
2026-10-09T00:48:22Z,15684,2026-10-08T21:01:27Z,226
2026-10-09T00:48:22Z,15686,2026-10-09T00:45:04Z,3
2026-10-09T00:48:22Z,15687,2026-10-09T00:45:04Z,3
2026-10-09T00:48:22Z,15688,2026-10-09T00:45:04Z,3
2026-10-09T00:48:22Z,15689,2026-10-09T00:45:04Z,3
2026-10-09T00:48:22Z,15690,2026-10-09T00:45:04Z,3
2026-10-09T00:48:22Z,15691,2026-10-09T00:45:04Z,3
2026-10-09T00:48:22Z,15692,2026-10-08T21:00:58Z,227
2026-10-09T00:48:22Z,15693,2026-10-08T14:17:12Z,631
2026-10-09T00:48:22Z,15701,2026-10-08T13:27:44Z,680
2026-10-09T00:48:22Z,15702,2026-10-08T19:02:14Z,346
2026-10-09T00:48:22Z,15703,2026-10-08T16:02:17Z,526
2026-10-09T00:48:22Z,15756,2026-10-09T00:45:04Z,3
2026-10-09T00:48:22Z,15757,2026-10-09T00:45:04Z,3
2026-10-09T00:48:22Z,15758,2026-10-09T00:45:04Z,3
2026-10-09T00:48:22Z,15759,2026-10-08T19:11:18Z,337
2026-10-09T00:48:22Z,15760,2026-10-09T00:45:04Z,3
2026-10-09T00:48:22Z,15763,2026-10-08T13:48:20Z,660
2026-10-09T00:48:22Z,15764,2026-10-08T19:11:19Z,337
2026-10-09T00:48:22Z,15765,2026-10-08T19:11:19Z,337
2026-10-09T00:48:22Z,15767,2026-10-08T19:11:20Z,337
2026-10-09T00:48:22Z,15768,2026-09-15T05:09:11Z,34299
2026-10-09T00:48:22Z,15769,2026-10-09T00:15:36Z,32
2026-10-09T00:48:22Z,15770,2026-10-09T00:45:04Z,3
2026-10-09T00:48:22Z,15771,2026-10-09T00:45:04Z,3
2026-10-09T00:48:22Z,15773,2026-10-09T00:45:04Z,3
2026-10-09T00:48:22Z,15774,2026-10-09T00:45:04Z,3
2026-10-09T00:48:22Z,15775,2026-10-09T00:45:04Z,3
2026-10-09T00:48:22Z,15776,2026-10-09T00:45:04Z,3
2026-10-09T00:48:22Z,15777,2026-10-08T21:00:58Z,227
2026-10-09T00:48:22Z,15778,2026-10-09T00:45:04Z,3
2026-10-09T00:48:22Z,15779,2026-09-16T10:39:13Z,32529
2026-10-09T00:48:22Z,15780,2026-09-16T10:47:02Z,32521
2026-10-09T00:48:22Z,15781,2026-09-16T11:13:56Z,32494
2026-10-09T00:48:22Z,15782,2026-09-16T11:16:36Z,32491
2026-10-09T00:48:22Z,15783,2026-09-30T11:49:10Z,12299
2026-10-09T00:48:22Z,15784,2026-09-16T11:45:31Z,32462
2026-10-09T00:48:22Z,15785,2026-09-22T13:01:43Z,23746
2026-10-09T00:48:22Z,15786,2026-09-16T12:34:55Z,32413
2026-10-09T00:48:22Z,15787,2026-09-16T12:38:19Z,32410
2026-10-09T00:48:22Z,15788,2026-09-16T12:40:56Z,32407
2026-10-09T00:48:22Z,15789,2026-10-08T20:01:52Z,286
2026-10-09T00:48:22Z,15790,2026-10-08T19:11:21Z,337
2026-10-09T00:48:22Z,15791,2026-10-08T19:11:21Z,337
2026-10-09T00:48:22Z,15792,2026-10-01T09:45:04Z,10983
2026-10-09T00:48:22Z,15793,2026-10-01T09:45:04Z,10983
2026-10-09T00:48:22Z,15794,2026-10-01T09:45:04Z,10983
2026-10-09T00:48:22Z,15795,2026-10-09T00:45:04Z,3
2026-10-09T00:48:22Z,15796,2026-10-09T00:45:04Z,3
2026-10-09T00:48:22Z,15797,2026-10-09T00:17:19Z,31
2026-10-09T00:48:22Z,15798,2026-10-08T22:58:16Z,110
2026-10-09T00:48:22Z,15799,2026-10-02T07:15:04Z,9693
2026-10-09T00:48:22Z,15800,2026-10-08T21:00:55Z,227
2026-10-09T00:48:22Z,15801,2026-10-08T21:01:13Z,227
2026-10-09T00:48:22Z,15802,2026-10-09T00:02:13Z,46
2026-10-09T00:48:22Z,15803,2026-10-08T21:01:22Z,227
2026-10-09T00:48:22Z,15804,2026-10-09T00:45:04Z,3
2026-10-09T01:18:26Z,258,2026-10-08T21:00:41Z,257
2026-10-09T01:18:26Z,259,2026-10-08T21:00:45Z,257
2026-10-09T01:18:26Z,260,2026-10-09T00:51:39Z,26
2026-10-09T01:18:26Z,261,2026-10-08T21:01:06Z,257
2026-10-09T01:18:26Z,263,2026-10-08T21:01:01Z,257
2026-10-09T01:18:26Z,264,2026-10-08T21:01:16Z,257
2026-10-09T01:18:26Z,265,2026-10-08T21:01:23Z,257
2026-10-09T01:18:26Z,267,2026-10-08T23:28:05Z,110
2026-10-09T01:18:26Z,268,2026-10-08T21:00:50Z,257
2026-10-09T01:18:26Z,270,2026-10-08T21:00:46Z,257
2026-10-09T01:18:26Z,271,2026-10-08T21:00:47Z,257
2026-10-09T01:18:26Z,272,2026-10-08T21:01:12Z,257
2026-10-09T01:18:26Z,275,2026-07-01T10:22:32Z,143455
2026-10-09T01:18:26Z,276,2026-10-09T00:55:48Z,22
2026-10-09T01:18:26Z,277,2026-07-02T07:26:05Z,142192
2026-10-09T01:18:26Z,278,2026-10-09T00:16:55Z,61
2026-10-09T01:18:26Z,279,2026-10-08T21:01:16Z,257
2026-10-09T01:18:26Z,280,2026-10-08T21:01:11Z,257
2026-10-09T01:18:26Z,281,2026-10-08T21:55:53Z,202
2026-10-09T01:18:26Z,285,2026-10-08T21:01:04Z,257
2026-10-09T01:18:26Z,320,2026-01-06T13:23:56Z,396714
2026-10-09T01:18:26Z,321,2026-10-08T20:14:32Z,303
2026-10-09T01:18:26Z,322,2026-10-08T16:37:10Z,521
2026-10-09T01:18:26Z,323,2026-10-08T19:36:51Z,341
2026-10-09T01:18:26Z,324,2026-10-08T23:58:08Z,80
2026-10-09T01:18:26Z,325,2026-10-08T18:02:15Z,436
2026-10-09T01:18:26Z,375,2026-10-08T22:41:36Z,156
2026-10-09T01:18:26Z,376,2026-10-09T00:04:47Z,73
2026-10-09T01:18:26Z,377,2026-08-10T09:54:33Z,85883
2026-10-09T01:18:26Z,378,2026-10-09T00:27:48Z,50
2026-10-09T01:18:26Z,379,2026-10-08T20:31:18Z,287
2026-10-09T01:18:26Z,380,2026-10-08T21:53:51Z,204
2026-10-09T01:18:26Z,381,2026-10-08T17:43:53Z,454
2026-10-09T01:18:26Z,382,2026-10-08T14:09:33Z,668
2026-10-09T01:18:26Z,383,2026-10-08T21:09:17Z,249
2026-10-09T01:18:26Z,384,2026-10-08T20:45:05Z,273
2026-10-09T01:18:26Z,385,2026-10-08T18:24:20Z,414
2026-10-09T01:18:26Z,386,2026-10-08T19:04:33Z,373
2026-10-09T01:18:26Z,387,2026-10-08T19:16:23Z,362
2026-10-09T01:18:26Z,388,2026-10-09T00:04:54Z,73
2026-10-09T01:18:26Z,389,2026-07-29T06:27:15Z,103371
2026-10-09T01:18:26Z,390,2026-10-02T07:22:23Z,9716
2026-10-09T01:18:26Z,396,2026-10-08T18:17:08Z,421
2026-10-09T01:18:26Z,397,2026-10-08T22:27:26Z,171
2026-10-09T01:18:26Z,398,2026-10-08T19:01:27Z,376
2026-10-09T01:18:26Z,401,2026-10-08T22:11:29Z,186
2026-10-09T01:18:26Z,402,2026-10-08T18:51:37Z,386
2026-10-09T01:18:26Z,403,2026-10-08T23:32:40Z,105
2026-10-09T01:18:26Z,404,2026-10-08T18:23:10Z,415
2026-10-09T01:18:26Z,406,2026-10-08T18:02:03Z,436
2026-10-09T01:18:26Z,408,2026-10-09T00:05:19Z,73
2026-10-09T01:18:26Z,409,2026-10-08T23:26:54Z,111
2026-10-09T01:18:26Z,410,2026-10-08T22:17:04Z,181
2026-10-09T01:18:26Z,412,2026-10-08T17:43:39Z,454
2026-10-09T01:18:26Z,413,2026-10-08T20:07:14Z,311
2026-10-09T01:18:26Z,414,2026-10-08T19:40:29Z,337
2026-10-09T01:18:26Z,416,2026-10-08T18:34:44Z,403
2026-10-09T01:18:26Z,417,2026-10-09T00:04:48Z,73
2026-10-09T01:18:26Z,418,2026-10-08T17:51:35Z,446
2026-10-09T01:18:26Z,419,2026-10-08T19:08:37Z,369
2026-10-09T01:18:26Z,420,2026-10-08T15:44:02Z,574
2026-10-09T01:18:26Z,421,2026-08-17T09:20:08Z,75838
2026-10-09T01:18:26Z,422,2026-10-08T17:25:27Z,472
2026-10-09T01:18:26Z,423,2026-10-08T23:02:33Z,135
2026-10-09T01:18:26Z,424,2026-10-08T19:42:52Z,335
2026-10-09T01:18:26Z,425,2026-10-08T17:16:10Z,482
2026-10-09T01:18:26Z,428,2026-10-09T01:14:40Z,3
2026-10-09T01:18:26Z,429,2026-10-08T18:16:00Z,422
2026-10-09T01:18:26Z,430,2026-10-08T18:12:06Z,426
2026-10-09T01:18:26Z,431,2026-10-08T21:43:06Z,215
2026-10-09T01:18:26Z,432,2026-10-08T20:24:21Z,294
2026-10-09T01:18:26Z,433,2026-10-08T23:45:36Z,92
2026-10-09T01:18:26Z,434,2026-10-08T23:52:26Z,86
2026-10-09T01:18:26Z,435,2026-10-08T17:49:02Z,449
2026-10-09T01:18:26Z,436,2026-10-07T14:11:47Z,2106
2026-10-09T01:18:26Z,439,2026-10-08T14:46:48Z,631
2026-10-09T01:18:26Z,440,2026-10-08T10:21:30Z,896
2026-10-09T01:18:26Z,441,2026-10-05T11:55:49Z,5122
2026-10-09T01:18:26Z,442,2026-10-08T19:30:07Z,348
2026-10-09T01:18:26Z,443,2026-10-08T21:51:41Z,206
2026-10-09T01:18:26Z,444,2026-01-06T13:23:56Z,396714
2026-10-09T01:18:26Z,451,2026-10-08T18:11:47Z,426
2026-10-09T01:18:26Z,454,2026-01-06T13:23:56Z,396714
2026-10-09T01:18:26Z,455,2026-10-08T20:11:58Z,306
2026-10-09T01:18:26Z,498,2026-10-08T21:20:33Z,237
2026-10-09T01:18:26Z,499,2026-10-08T21:20:39Z,237
2026-10-09T01:18:26Z,500,2026-10-08T21:20:46Z,237
2026-10-09T01:18:26Z,501,2026-04-14T16:06:24Z,255432
2026-10-09T01:18:26Z,502,2026-01-06T13:23:56Z,396714
2026-10-09T01:18:26Z,503,2026-09-24T13:53:59Z,20844
2026-10-09T01:18:26Z,504,2026-10-04T13:29:12Z,6469
2026-10-09T01:18:26Z,505,2026-10-07T17:38:51Z,1899
2026-10-09T01:18:26Z,507,2026-10-08T21:01:11Z,257
2026-10-09T01:18:26Z,508,2026-10-08T21:30:40Z,227
2026-10-09T01:18:26Z,509,2026-10-08T20:46:56Z,271
2026-10-09T01:18:26Z,510,2026-10-08T21:00:58Z,257
2026-10-09T01:18:26Z,511,2026-10-08T21:00:49Z,257
2026-10-09T01:18:26Z,512,2026-10-08T23:40:03Z,98
2026-10-09T01:18:26Z,513,2026-10-09T00:23:56Z,54
2026-10-09T01:18:26Z,514,2026-10-09T00:30:52Z,47
2026-10-09T01:18:26Z,515,2026-10-08T21:01:19Z,257
2026-10-09T01:18:26Z,516,2026-10-08T21:01:18Z,257
2026-10-09T01:18:26Z,517,2026-10-08T21:01:25Z,257
2026-10-09T01:18:26Z,518,2026-10-08T21:01:24Z,257
2026-10-09T01:18:26Z,519,2026-10-08T21:00:43Z,257
2026-10-09T01:18:26Z,520,2026-10-08T21:00:55Z,257
2026-10-09T01:18:26Z,521,2026-10-08T21:00:55Z,257
2026-10-09T01:18:26Z,522,2026-10-08T21:00:55Z,257
2026-10-09T01:18:26Z,523,2026-10-08T21:01:03Z,257
2026-10-09T01:18:26Z,524,2026-10-08T21:00:53Z,257
2026-10-09T01:18:26Z,526,2026-10-08T21:01:24Z,257
2026-10-09T01:18:26Z,530,2026-01-06T13:23:56Z,396714
2026-10-09T01:18:26Z,531,2026-10-09T01:07:27Z,10
2026-10-09T01:18:26Z,532,2026-10-08T07:53:00Z,1045
2026-10-09T01:18:26Z,535,2026-10-08T11:21:07Z,837
2026-10-09T01:18:26Z,536,2026-10-07T18:32:37Z,1845
2026-10-09T01:18:26Z,537,2026-10-08T21:01:40Z,256
2026-10-09T01:18:26Z,538,2026-10-08T14:48:59Z,629
2026-10-09T01:18:26Z,539,2026-10-08T20:20:59Z,297
2026-10-09T01:18:26Z,540,2026-10-04T19:03:59Z,6134
2026-10-09T01:18:26Z,584,2026-10-08T19:06:10Z,372
2026-10-09T01:18:26Z,585,2026-10-09T00:14:48Z,63
2026-10-09T01:18:26Z,586,2026-10-08T15:32:49Z,585
2026-10-09T01:18:26Z,589,2026-01-06T13:23:56Z,396714
2026-10-09T01:18:26Z,590,2026-01-06T13:23:56Z,396714
2026-10-09T01:18:26Z,592,2026-10-08T21:01:24Z,257
2026-10-09T01:18:26Z,593,2026-10-08T21:01:10Z,257
2026-10-09T01:18:26Z,594,2026-10-08T21:48:57Z,209
2026-10-09T01:18:26Z,596,2026-10-08T23:38:32Z,99
2026-10-09T01:18:26Z,597,2026-10-08T21:00:47Z,257
2026-10-09T01:18:26Z,598,2026-01-06T13:23:56Z,396714
2026-10-09T01:18:26Z,599,2026-01-06T13:23:56Z,396714
2026-10-09T01:18:26Z,600,2026-01-06T13:23:56Z,396714
2026-10-09T01:18:26Z,664,2026-01-06T13:23:56Z,396714
2026-10-09T01:18:26Z,670,2026-10-08T22:31:49Z,166
2026-10-09T01:18:26Z,671,2026-10-08T21:47:52Z,210
2026-10-09T01:18:26Z,672,2026-10-08T20:27:42Z,290
2026-10-09T01:18:26Z,677,2026-10-08T19:57:32Z,320
2026-10-09T01:18:26Z,678,2026-10-08T21:01:08Z,257
2026-10-09T01:18:26Z,679,2026-10-08T21:01:13Z,257
2026-10-09T01:18:26Z,703,2026-10-05T00:08:31Z,5829
2026-10-09T01:18:26Z,704,2026-10-08T18:39:27Z,398
2026-10-09T01:18:26Z,705,2026-10-08T20:51:25Z,267
2026-10-09T01:18:26Z,707,2026-10-08T13:18:25Z,720
2026-10-09T01:18:26Z,709,2026-10-08T13:34:26Z,704
2026-10-09T01:18:26Z,710,2026-10-09T00:01:17Z,77
2026-10-09T01:18:26Z,712,2026-10-08T13:23:41Z,714
2026-10-09T01:18:26Z,713,2026-10-08T17:51:40Z,446
2026-10-09T01:18:26Z,715,2026-10-08T13:21:57Z,716
2026-10-09T01:18:26Z,717,2026-10-08T18:52:36Z,385
2026-10-09T01:18:26Z,737,2026-10-09T00:59:03Z,19
2026-10-09T01:18:26Z,1269,2026-10-08T20:31:16Z,287
2026-10-09T01:18:26Z,1302,2026-10-08T20:26:08Z,292
2026-10-09T01:18:26Z,1314,2026-10-08T15:43:38Z,574
2026-10-09T01:18:26Z,1315,2026-10-08T19:27:20Z,351
2026-10-09T01:18:26Z,1316,2026-10-09T01:14:03Z,4
2026-10-09T01:18:26Z,1317,2026-10-08T13:38:16Z,700
2026-10-09T01:18:26Z,1321,2026-10-08T20:25:01Z,293
2026-10-09T01:18:26Z,1353,2026-10-08T19:08:13Z,370
2026-10-09T01:18:26Z,1354,2026-10-08T18:04:26Z,434
2026-10-09T01:18:26Z,1363,2026-10-08T13:23:49Z,714
2026-10-09T01:18:26Z,1364,2026-10-08T13:23:49Z,714
2026-10-09T01:18:26Z,1453,2026-10-08T21:01:13Z,257
2026-10-09T01:18:26Z,1454,2026-10-08T21:00:59Z,257
2026-10-09T01:18:26Z,1477,2026-10-03T00:12:47Z,8705
2026-10-09T01:18:26Z,1478,2026-10-04T00:19:38Z,7258
2026-10-09T01:18:26Z,1510,2026-10-09T01:15:03Z,3
2026-10-09T01:18:26Z,1512,2026-10-09T01:15:03Z,3
2026-10-09T01:18:26Z,1514,2026-10-09T01:15:03Z,3
2026-10-09T01:18:26Z,1515,2026-10-09T01:15:03Z,3
2026-10-09T01:18:26Z,1516,2026-10-09T01:15:03Z,3
2026-10-09T01:18:26Z,1517,2026-10-09T01:15:03Z,3
2026-10-09T01:18:26Z,1518,2026-10-09T01:15:03Z,3
2026-10-09T01:18:26Z,1522,2026-10-09T01:15:03Z,3
2026-10-09T01:18:26Z,1523,2026-10-09T01:15:03Z,3
2026-10-09T01:18:26Z,1524,2026-10-09T01:15:03Z,3
2026-10-09T01:18:26Z,1525,2026-10-09T01:15:03Z,3
2026-10-09T01:18:26Z,1529,2026-10-05T08:05:06Z,5353
2026-10-09T01:18:26Z,1530,2026-10-05T14:27:02Z,4971
2026-10-09T01:18:26Z,1531,2026-10-08T08:29:16Z,1009
2026-10-09T01:18:26Z,1532,2026-10-08T00:15:20Z,1503
2026-10-09T01:18:26Z,1534,2026-10-09T01:11:27Z,6
2026-10-09T01:18:26Z,1535,2026-10-09T01:15:03Z,3
2026-10-09T01:18:26Z,1554,2026-10-08T07:48:30Z,1049
2026-10-09T01:18:26Z,1556,2026-10-08T16:22:23Z,536
2026-10-09T01:18:26Z,1557,2026-10-08T20:11:22Z,307
2026-10-09T01:18:26Z,1562,2026-10-06T00:17:21Z,4381
2026-10-09T01:18:26Z,1641,2026-10-08T20:35:42Z,282
2026-10-09T01:18:26Z,1644,2026-10-08T15:32:09Z,586
2026-10-09T01:18:26Z,1645,2026-07-29T06:29:40Z,103368
2026-10-09T01:18:26Z,1647,2026-10-09T00:32:00Z,46
2026-10-09T01:18:26Z,1649,2026-10-08T21:00:54Z,257
2026-10-09T01:18:26Z,1650,2026-10-07T17:14:46Z,1923
2026-10-09T01:18:26Z,1653,2026-10-08T02:37:47Z,1360
2026-10-09T01:18:26Z,1655,2026-10-08T16:32:51Z,525
2026-10-09T01:18:26Z,1656,2026-10-08T14:43:50Z,634
2026-10-09T01:18:26Z,1658,2026-10-05T11:40:26Z,5138
2026-10-09T01:18:26Z,1659,2026-10-08T20:57:56Z,260
2026-10-09T01:18:26Z,1662,2026-10-08T00:04:18Z,1514
2026-10-09T01:18:26Z,1663,2026-10-08T21:38:20Z,220
2026-10-09T01:18:26Z,1664,2026-10-08T08:51:25Z,987
2026-10-09T01:18:26Z,1666,2026-10-07T14:12:19Z,2106
2026-10-09T01:18:26Z,1788,2026-10-09T01:15:06Z,3
2026-10-09T01:18:26Z,1789,2026-10-09T01:15:06Z,3
2026-10-09T01:18:26Z,1790,2026-10-09T01:15:06Z,3
2026-10-09T01:18:26Z,1791,2026-10-09T01:15:06Z,3
2026-10-09T01:18:26Z,1792,2026-10-09T01:15:06Z,3
2026-10-09T01:18:26Z,1793,2026-10-09T01:15:06Z,3
2026-10-09T01:18:26Z,1795,2026-10-09T01:15:06Z,3
2026-10-09T01:18:26Z,1796,2026-10-09T01:15:06Z,3
2026-10-09T01:18:26Z,1797,2026-10-09T01:15:06Z,3
2026-10-09T01:18:26Z,1798,2026-10-09T01:15:06Z,3
2026-10-09T01:18:26Z,1799,2026-10-09T01:15:06Z,3
2026-10-09T01:18:26Z,1800,2026-10-09T01:15:06Z,3
2026-10-09T01:18:26Z,1801,2026-10-09T01:15:06Z,3
2026-10-09T01:18:26Z,1802,2026-10-09T01:15:06Z,3
2026-10-09T01:18:26Z,1803,2026-10-09T01:15:06Z,3
2026-10-09T01:18:26Z,1804,2026-10-09T01:15:06Z,3
2026-10-09T01:18:26Z,1805,2026-10-09T01:15:06Z,3
2026-10-09T01:18:26Z,1806,2026-10-09T01:15:06Z,3
2026-10-09T01:18:26Z,1807,2026-10-09T01:15:06Z,3
2026-10-09T01:18:26Z,1808,2026-10-09T01:15:06Z,3
2026-10-09T01:18:26Z,1809,2026-10-09T01:15:06Z,3
2026-10-09T01:18:26Z,1810,2026-10-09T01:15:06Z,3
2026-10-09T01:18:26Z,1812,2026-10-09T01:15:06Z,3
2026-10-09T01:18:26Z,1813,2026-10-09T01:15:06Z,3
2026-10-09T01:18:26Z,1816,2026-10-09T01:15:06Z,3
2026-10-09T01:18:26Z,1817,2026-10-09T01:15:06Z,3
2026-10-09T01:18:26Z,1818,2026-10-09T01:15:06Z,3
2026-10-09T01:18:26Z,1819,2026-10-09T01:15:06Z,3
2026-10-09T01:18:26Z,1821,2026-10-09T01:15:06Z,3
2026-10-09T01:18:26Z,1822,2026-10-09T01:15:06Z,3
2026-10-09T01:18:26Z,1823,2026-10-09T01:15:06Z,3
2026-10-09T01:18:26Z,1824,2026-10-09T01:15:06Z,3
2026-10-09T01:18:26Z,1825,2026-10-09T01:15:06Z,3
2026-10-09T01:18:26Z,1826,2026-10-09T01:15:06Z,3
2026-10-09T01:18:26Z,1828,2026-10-09T01:15:06Z,3
2026-10-09T01:18:26Z,1829,2026-10-09T01:15:06Z,3
2026-10-09T01:18:26Z,1830,2026-10-09T01:15:06Z,3
2026-10-09T01:18:26Z,1832,2026-10-09T01:15:06Z,3
2026-10-09T01:18:26Z,1833,2026-10-09T01:15:06Z,3
2026-10-09T01:18:26Z,1834,2026-10-09T01:15:06Z,3
2026-10-09T01:18:26Z,1835,2026-10-09T01:15:06Z,3
2026-10-09T01:18:26Z,1836,2026-10-09T01:15:06Z,3
2026-10-09T01:18:26Z,1837,2026-10-09T01:15:06Z,3
2026-10-09T01:18:26Z,1838,2026-10-09T01:15:06Z,3
2026-10-09T01:18:26Z,1839,2026-10-09T01:15:06Z,3
2026-10-09T01:18:26Z,1840,2026-10-09T01:15:06Z,3
2026-10-09T01:18:26Z,1841,2026-10-09T01:15:06Z,3
2026-10-09T01:18:26Z,1842,2026-10-09T01:15:06Z,3
2026-10-09T01:18:26Z,1843,2026-10-09T01:15:06Z,3
2026-10-09T01:18:26Z,1844,2026-10-07T14:05:33Z,2112
2026-10-09T01:18:26Z,1845,2026-10-08T15:03:23Z,615
2026-10-09T01:18:26Z,1846,2026-10-09T00:53:01Z,25
2026-10-09T01:18:26Z,1847,2026-10-08T21:00:52Z,257
2026-10-09T01:18:26Z,1848,2026-10-09T00:21:40Z,56
2026-10-09T01:18:26Z,1851,2026-10-08T22:58:24Z,140
2026-10-09T01:18:26Z,1852,2026-10-07T07:21:05Z,2517
2026-10-09T01:18:26Z,1855,2026-10-08T05:47:59Z,1170
2026-10-09T01:18:26Z,1866,2026-09-22T16:10:30Z,23587
2026-10-09T01:18:26Z,1867,2026-09-29T14:42:26Z,13596
2026-10-09T01:18:26Z,1868,2026-10-08T08:07:59Z,1030
2026-10-09T01:18:26Z,1872,2026-01-06T13:23:56Z,396714
2026-10-09T01:18:26Z,1874,2026-10-08T05:59:20Z,1159
2026-10-09T01:18:26Z,1917,2026-10-07T07:01:09Z,2537
2026-10-09T01:18:26Z,1918,2026-10-09T00:01:43Z,76
2026-10-09T01:18:26Z,1919,2026-10-08T12:00:05Z,798
2026-10-09T01:18:26Z,1920,2026-10-08T15:30:07Z,588
2026-10-09T01:18:26Z,1921,2026-10-07T07:01:09Z,2537
2026-10-09T01:18:26Z,1922,2026-10-07T07:01:09Z,2537
2026-10-09T01:18:26Z,1923,2026-10-08T09:12:30Z,965
2026-10-09T01:18:26Z,1924,2026-10-08T18:37:07Z,401
2026-10-09T01:18:26Z,1925,2026-10-08T15:06:50Z,611
2026-10-09T01:18:26Z,1926,2026-10-08T16:08:40Z,549
2026-10-09T01:18:26Z,1927,2026-10-08T17:36:22Z,462
2026-10-09T01:18:26Z,1928,2026-10-07T12:38:49Z,2199
2026-10-09T01:18:26Z,1929,2026-10-07T19:13:30Z,1804
2026-10-09T01:18:26Z,1931,2026-10-08T17:28:46Z,469
2026-10-09T01:18:26Z,1932,2026-10-09T00:01:43Z,76
2026-10-09T01:18:26Z,1933,2026-10-08T09:36:58Z,941
2026-10-09T01:18:26Z,1937,2026-10-08T21:01:10Z,257
2026-10-09T01:18:26Z,1938,2026-10-08T16:43:26Z,515
2026-10-09T01:18:26Z,1939,2026-10-08T11:44:18Z,814
2026-10-09T01:18:26Z,1940,2026-10-09T00:35:41Z,42
2026-10-09T01:18:26Z,1941,2026-10-07T11:54:15Z,2244
2026-10-09T01:18:26Z,1942,2026-10-09T01:11:16Z,7
2026-10-09T01:18:26Z,1943,2026-10-07T07:01:09Z,2537
2026-10-09T01:18:26Z,1944,2026-10-08T06:56:44Z,1101
2026-10-09T01:18:26Z,2413,2026-10-08T19:11:32Z,366
2026-10-09T01:18:26Z,2414,2026-10-08T17:22:46Z,475
2026-10-09T01:18:26Z,2415,2026-10-08T19:18:31Z,359
2026-10-09T01:18:26Z,2416,2026-03-23T07:14:46Z,287643
2026-10-09T01:18:26Z,2417,2026-10-08T16:03:00Z,555
2026-10-09T01:18:26Z,2418,2026-10-08T03:22:19Z,1316
2026-10-09T01:18:26Z,2419,2026-03-23T08:11:39Z,287586
2026-10-09T01:18:26Z,2420,2026-10-08T18:02:41Z,435
2026-10-09T01:18:26Z,2421,2026-10-08T11:02:38Z,855
2026-10-09T01:18:26Z,2424,2026-10-08T16:06:37Z,551
2026-10-09T01:18:26Z,2425,2026-10-09T00:31:24Z,47
2026-10-09T01:18:26Z,2430,2026-10-08T22:48:31Z,149
2026-10-09T01:18:26Z,2435,2026-10-08T21:36:40Z,221
2026-10-09T01:18:26Z,2436,2026-10-09T01:00:58Z,17
2026-10-09T01:18:26Z,2437,2026-10-09T00:15:42Z,62
2026-10-09T01:18:26Z,2439,2026-10-07T13:09:36Z,2168
2026-10-09T01:18:26Z,2575,2026-10-08T23:34:39Z,103
2026-10-09T01:18:26Z,2576,2026-10-08T18:19:49Z,418
2026-10-09T01:18:26Z,2577,2026-10-08T13:18:25Z,720
2026-10-09T01:18:26Z,2580,2026-10-07T11:50:13Z,2248
2026-10-09T01:18:26Z,2581,2026-10-06T06:25:39Z,4012
2026-10-09T01:18:26Z,2584,2026-10-08T09:48:18Z,930
2026-10-09T01:18:26Z,2585,2026-10-08T10:35:28Z,882
2026-10-09T01:18:26Z,2586,2026-10-08T08:12:48Z,1025
2026-10-09T01:18:26Z,2587,2026-10-08T14:58:36Z,619
2026-10-09T01:18:26Z,2593,2026-10-09T00:59:06Z,19
2026-10-09T01:18:26Z,2594,2026-10-09T00:19:44Z,58
2026-10-09T01:18:26Z,2595,2026-10-08T22:59:26Z,139
2026-10-09T01:18:26Z,2596,2026-10-08T13:33:17Z,705
2026-10-09T01:18:26Z,2603,2026-10-09T00:03:00Z,75
2026-10-09T01:18:26Z,2604,2026-10-06T06:29:08Z,4009
2026-10-09T01:18:26Z,2605,2026-10-08T12:08:22Z,790
2026-10-09T01:18:26Z,2608,2026-10-08T23:43:48Z,94
2026-10-09T01:18:26Z,2609,2026-10-09T00:14:08Z,64
2026-10-09T01:18:26Z,2610,2026-10-08T22:45:10Z,153
2026-10-09T01:18:26Z,2611,2026-10-08T16:13:09Z,545
2026-10-09T01:18:26Z,2613,2026-10-08T13:30:34Z,707
2026-10-09T01:18:26Z,2615,2026-10-08T16:55:06Z,503
2026-10-09T01:18:26Z,2616,2026-10-06T13:01:44Z,3616
2026-10-09T01:18:26Z,2617,2026-10-08T13:40:23Z,698
2026-10-09T01:18:26Z,2618,2026-10-08T18:50:28Z,387
2026-10-09T01:18:26Z,2621,2026-10-07T13:31:28Z,2146
2026-10-09T01:18:26Z,2622,2026-10-08T21:01:26Z,257
2026-10-09T01:18:26Z,2623,2026-10-03T07:42:35Z,8255
2026-10-09T01:18:26Z,2624,2026-10-08T16:21:12Z,537
2026-10-09T01:18:26Z,2625,2026-10-08T22:58:54Z,139
2026-10-09T01:18:26Z,2626,2026-10-08T17:49:35Z,448
2026-10-09T01:18:26Z,2627,2026-10-09T00:59:21Z,19
2026-10-09T01:18:26Z,2628,2026-10-08T23:07:06Z,131
2026-10-09T01:18:26Z,2629,2026-10-08T20:02:33Z,315
2026-10-09T01:18:26Z,2630,2026-10-08T16:03:03Z,555
2026-10-09T01:18:26Z,2631,2026-10-01T13:09:09Z,10809
2026-10-09T01:18:26Z,2632,2026-10-08T12:25:56Z,772
2026-10-09T01:18:26Z,2633,2026-10-08T06:02:50Z,1155
2026-10-09T01:18:26Z,2634,2026-10-08T21:24:46Z,233
2026-10-09T01:18:26Z,2635,2026-10-08T16:41:24Z,517
2026-10-09T01:18:26Z,2636,2026-10-07T08:23:26Z,2455
2026-10-09T01:18:26Z,2644,2026-01-06T13:23:56Z,396714
2026-10-09T01:18:26Z,2646,2026-01-06T13:23:56Z,396714
2026-10-09T01:18:26Z,2648,2026-10-08T19:13:28Z,364
2026-10-09T01:18:26Z,2649,2026-10-08T23:58:40Z,79
2026-10-09T01:18:26Z,2650,2026-10-08T06:07:38Z,1150
2026-10-09T01:18:26Z,2651,2026-10-06T11:51:24Z,3687
2026-10-09T01:18:26Z,2652,2026-10-08T14:23:21Z,655
2026-10-09T01:18:26Z,2653,2026-10-08T09:15:41Z,962
2026-10-09T01:18:26Z,2654,2026-10-08T14:24:58Z,653
2026-10-09T01:18:26Z,2655,2026-10-08T12:39:49Z,758
2026-10-09T01:18:26Z,2656,2026-10-08T09:56:28Z,921
2026-10-09T01:18:26Z,2657,2026-10-07T06:12:18Z,2586
2026-10-09T01:18:26Z,2658,2026-10-08T17:33:04Z,465
2026-10-09T01:18:26Z,2659,2026-10-07T07:47:07Z,2491
2026-10-09T01:18:26Z,2661,2026-10-08T12:44:55Z,753
2026-10-09T01:18:26Z,2665,2026-10-08T21:17:55Z,240
2026-10-09T01:18:26Z,2666,2026-10-09T01:15:06Z,3
2026-10-09T01:18:26Z,2667,2026-10-09T01:15:06Z,3
2026-10-09T01:18:26Z,2668,2026-10-09T01:15:06Z,3
2026-10-09T01:18:26Z,2669,2026-10-05T13:28:09Z,5030
2026-10-09T01:18:26Z,2670,2026-10-09T01:14:46Z,3
2026-10-09T01:18:26Z,2671,2026-10-08T22:27:18Z,171
2026-10-09T01:18:26Z,2672,2026-10-08T10:21:04Z,897
2026-10-09T01:18:26Z,2673,2026-10-07T16:10:04Z,1988
2026-10-09T01:18:26Z,2674,2026-10-08T06:00:46Z,1157
2026-10-09T01:18:26Z,2675,2026-10-08T08:50:37Z,987
2026-10-09T01:18:26Z,2676,2026-10-08T18:52:55Z,385
2026-10-09T01:18:26Z,2677,2026-10-09T01:15:06Z,3
2026-10-09T01:18:26Z,2682,2026-10-08T13:18:17Z,720
2026-10-09T01:18:26Z,2683,2026-10-08T18:33:34Z,404
2026-10-09T01:18:26Z,2684,2026-10-08T17:32:26Z,466
2026-10-09T01:18:26Z,2686,2026-10-08T11:45:20Z,813
2026-10-09T01:18:26Z,2687,2026-10-08T22:40:08Z,158
2026-10-09T01:18:26Z,2688,2026-10-05T15:38:41Z,4899
2026-10-09T01:18:26Z,2689,2026-10-08T15:50:34Z,567
2026-10-09T01:18:26Z,2690,2026-10-08T07:35:25Z,1063
2026-10-09T01:18:26Z,2691,2026-10-08T15:59:13Z,559
2026-10-09T01:18:26Z,2692,2026-10-08T05:01:41Z,1216
2026-10-09T01:18:26Z,2693,2026-10-08T14:09:50Z,668
2026-10-09T01:18:26Z,2694,2026-10-08T19:44:07Z,334
2026-10-09T01:18:26Z,2696,2026-10-08T12:24:17Z,774
2026-10-09T01:18:26Z,2697,2026-10-08T16:04:55Z,553
2026-10-09T01:18:26Z,2698,2026-10-07T07:01:09Z,2537
2026-10-09T01:18:26Z,2699,2026-10-09T00:17:46Z,60
2026-10-09T01:18:26Z,2700,2026-10-07T00:04:18Z,2954
2026-10-09T01:18:26Z,2701,2026-10-08T16:19:21Z,539
2026-10-09T01:18:26Z,2702,2026-10-08T23:39:36Z,98
2026-10-09T01:18:26Z,2703,2026-10-07T07:01:09Z,2537
2026-10-09T01:18:26Z,2704,2026-10-07T20:43:53Z,1714
2026-10-09T01:18:26Z,2705,2026-10-08T17:13:27Z,484
2026-10-09T01:18:26Z,2706,2026-10-08T12:47:09Z,751
2026-10-09T01:18:26Z,2707,2026-10-08T09:01:19Z,977
2026-10-09T01:18:26Z,2708,2026-10-08T20:31:29Z,286
2026-10-09T01:18:26Z,2709,2026-10-08T12:27:02Z,771
2026-10-09T01:18:26Z,2710,2026-07-29T06:29:49Z,103368
2026-10-09T01:18:26Z,2716,2026-10-09T00:04:56Z,73
2026-10-09T01:18:26Z,2717,2026-10-08T17:42:46Z,455
2026-10-09T01:18:26Z,2718,2026-10-08T21:49:46Z,208
2026-10-09T01:18:26Z,2719,2026-10-08T18:51:18Z,387
2026-10-09T01:18:26Z,2722,2026-10-07T08:41:59Z,2436
2026-10-09T01:18:26Z,2724,2026-10-08T06:53:41Z,1104
2026-10-09T01:18:26Z,2726,2026-10-08T22:57:49Z,140
2026-10-09T01:18:26Z,2727,2026-10-08T11:26:47Z,831
2026-10-09T01:18:26Z,2728,2026-10-08T09:42:40Z,935
2026-10-09T01:18:26Z,2729,2026-10-08T18:31:02Z,407
2026-10-09T01:18:26Z,2734,2026-07-29T06:33:24Z,103365
2026-10-09T01:18:26Z,2736,2026-10-07T15:38:04Z,2020
2026-10-09T01:18:26Z,2738,2026-10-07T09:50:35Z,2367
2026-10-09T01:18:26Z,2739,2026-10-08T23:22:43Z,115
2026-10-09T01:18:26Z,2740,2026-10-08T19:21:07Z,357
2026-10-09T01:18:26Z,2743,2026-10-08T14:31:27Z,646
2026-10-09T01:18:26Z,2746,2026-10-06T06:10:02Z,4028
2026-10-09T01:18:26Z,2748,2026-10-08T08:16:20Z,1022
2026-10-09T01:18:26Z,2757,2026-10-08T15:51:22Z,567
2026-10-09T01:18:26Z,2758,2026-10-08T22:41:08Z,157
2026-10-09T01:18:26Z,2759,2026-10-08T18:03:21Z,435
2026-10-09T01:18:26Z,2760,2026-10-09T00:01:55Z,76
2026-10-09T01:18:26Z,2761,2026-10-08T20:30:33Z,287
2026-10-09T01:18:26Z,2763,2026-10-08T17:31:52Z,466
2026-10-09T01:18:26Z,2764,2026-10-08T19:51:47Z,326
2026-10-09T01:18:26Z,2765,2026-10-08T18:16:06Z,422
2026-10-09T01:18:26Z,2766,2026-10-08T17:33:35Z,464
2026-10-09T01:18:26Z,2767,2026-10-07T07:01:09Z,2537
2026-10-09T01:18:26Z,2768,2026-10-08T20:54:57Z,263
2026-10-09T01:18:26Z,2769,2026-10-08T13:37:57Z,700
2026-10-09T01:18:26Z,2770,2026-10-08T19:55:44Z,322
2026-10-09T01:18:26Z,2771,2026-10-09T01:15:06Z,3
2026-10-09T01:18:26Z,2772,2026-10-09T01:15:06Z,3
2026-10-09T01:18:26Z,2773,2026-10-08T21:01:29Z,256
2026-10-09T01:18:26Z,2774,2026-10-08T21:00:49Z,257
2026-10-09T01:18:26Z,2778,2026-10-08T21:01:14Z,257
2026-10-09T01:18:26Z,2779,2026-10-08T21:02:57Z,255
2026-10-09T01:18:26Z,2780,2026-10-08T21:00:51Z,257
2026-10-09T01:18:26Z,2782,2026-10-08T21:01:29Z,256
2026-10-09T01:18:26Z,2788,2026-10-08T21:01:07Z,257
2026-10-09T01:18:26Z,2789,2026-10-08T21:00:48Z,257
2026-10-09T01:18:26Z,2791,2026-10-08T21:01:29Z,256
2026-10-09T01:18:26Z,2792,2026-10-09T01:11:48Z,6
2026-10-09T01:18:26Z,2794,2026-10-08T21:01:15Z,257
2026-10-09T01:18:26Z,2795,2026-10-08T21:01:13Z,257
2026-10-09T01:18:26Z,2796,2026-10-08T21:01:12Z,257
2026-10-09T01:18:26Z,2797,2026-10-08T21:00:50Z,257
2026-10-09T01:18:26Z,2798,2026-10-08T21:00:43Z,257
2026-10-09T01:18:26Z,2799,2026-10-08T21:00:44Z,257
2026-10-09T01:18:26Z,2800,2026-10-08T21:01:18Z,257
2026-10-09T01:18:26Z,2802,2026-09-01T06:51:28Z,54386
2026-10-09T01:18:26Z,2803,2026-10-08T22:01:17Z,197
2026-10-09T01:18:26Z,2804,2026-10-08T21:01:03Z,257
2026-10-09T01:18:26Z,2805,2026-10-08T09:13:13Z,965
2026-10-09T01:18:26Z,2806,2026-10-08T21:00:52Z,257
2026-10-09T01:18:26Z,2807,2026-10-08T21:00:46Z,257
2026-10-09T01:18:26Z,2808,2026-10-09T00:23:07Z,55
2026-10-09T01:18:26Z,2809,2026-10-09T00:23:07Z,55
2026-10-09T01:18:26Z,2810,2026-10-09T00:28:43Z,49
2026-10-09T01:18:26Z,2811,2026-10-08T21:00:59Z,257
2026-10-09T01:18:26Z,2812,2026-10-08T21:00:51Z,257
2026-10-09T01:18:26Z,2813,2026-10-08T21:00:55Z,257
2026-10-09T01:18:26Z,2814,2026-10-08T21:00:42Z,257
2026-10-09T01:18:26Z,2815,2026-10-08T22:35:47Z,162
2026-10-09T01:18:26Z,2816,2026-10-08T22:41:14Z,157
2026-10-09T01:18:26Z,2817,2026-10-08T21:00:54Z,257
2026-10-09T01:18:26Z,2818,2026-10-08T21:01:11Z,257
2026-10-09T01:18:26Z,2819,2026-10-08T21:00:53Z,257
2026-10-09T01:18:26Z,2820,2026-10-08T18:28:10Z,410
2026-10-09T01:18:26Z,2821,2026-10-09T01:11:00Z,7
2026-10-09T01:18:26Z,2822,2026-10-09T00:27:50Z,50
2026-10-09T01:18:26Z,2824,2026-10-08T21:01:48Z,256
2026-10-09T01:18:26Z,2825,2026-02-23T12:04:04Z,327674
2026-10-09T01:18:26Z,2826,2026-10-08T21:01:25Z,257
2026-10-09T01:18:26Z,2827,2026-10-08T16:06:48Z,551
2026-10-09T01:18:26Z,2828,2026-10-08T21:02:26Z,256
2026-10-09T01:18:26Z,2829,2026-10-08T21:01:09Z,257
2026-10-09T01:18:26Z,2830,2026-10-08T21:00:47Z,257
2026-10-09T01:18:26Z,2831,2026-10-08T21:01:12Z,257
2026-10-09T01:18:26Z,2832,2026-10-08T21:00:51Z,257
2026-10-09T01:18:26Z,2833,2026-05-14T09:37:50Z,212620
2026-10-09T01:18:26Z,2834,2026-10-08T21:00:50Z,257
2026-10-09T01:18:26Z,2835,2026-10-08T21:01:23Z,257
2026-10-09T01:18:26Z,2836,2026-10-08T21:00:52Z,257
2026-10-09T01:18:26Z,2837,2026-10-08T21:01:10Z,257
2026-10-09T01:18:26Z,2838,2026-10-08T21:01:10Z,257
2026-10-09T01:18:26Z,2839,2026-10-08T21:00:57Z,257
2026-10-09T01:18:26Z,2840,2026-10-08T19:10:07Z,368
2026-10-09T01:18:26Z,2841,2026-10-09T00:50:57Z,27
2026-10-09T01:18:26Z,2843,2026-10-08T20:38:01Z,280
2026-10-09T01:18:26Z,2844,2026-10-08T21:12:34Z,245
2026-10-09T01:18:26Z,2845,2026-10-08T17:08:58Z,489
2026-10-09T01:18:26Z,2846,2026-10-04T16:35:41Z,6282
2026-10-09T01:18:26Z,2847,2026-10-09T01:07:39Z,10
2026-10-09T01:18:26Z,2848,2026-10-08T16:04:42Z,553
2026-10-09T01:18:26Z,2849,2026-10-08T13:39:27Z,698
2026-10-09T01:18:26Z,2850,2026-10-08T19:46:47Z,331
2026-10-09T01:18:26Z,2851,2026-10-09T00:30:45Z,47
2026-10-09T01:18:26Z,2852,2026-10-05T01:21:38Z,5756
2026-10-09T01:18:26Z,2853,2026-10-08T13:21:25Z,717
2026-10-09T01:18:26Z,2855,2026-10-08T11:47:23Z,811
2026-10-09T01:18:26Z,2856,2026-10-08T15:38:38Z,579
2026-10-09T01:18:26Z,2857,2026-10-08T17:13:28Z,484
2026-10-09T01:18:26Z,2858,2026-10-05T09:48:16Z,5250
2026-10-09T01:18:26Z,2859,2026-10-08T14:09:26Z,669
2026-10-09T01:18:26Z,2860,2026-10-08T09:36:50Z,941
2026-10-09T01:18:26Z,2861,2026-10-08T10:37:48Z,880
2026-10-09T01:18:26Z,2862,2026-10-08T05:33:43Z,1184
2026-10-09T01:18:26Z,2863,2026-10-08T10:20:42Z,897
2026-10-09T01:18:26Z,2864,2026-10-07T15:04:29Z,2053
2026-10-09T01:18:26Z,2865,2026-10-08T13:53:46Z,684
2026-10-09T01:18:26Z,2866,2026-10-07T08:34:19Z,2444
2026-10-09T01:18:26Z,2867,2026-10-08T20:28:20Z,290
2026-10-09T01:18:26Z,2868,2026-10-08T15:33:10Z,585
2026-10-09T01:18:26Z,2869,2026-10-08T11:51:18Z,807
2026-10-09T01:18:26Z,2870,2026-10-08T12:28:44Z,769
2026-10-09T01:18:26Z,2871,2026-10-08T19:06:05Z,372
2026-10-09T01:18:26Z,2872,2026-10-08T15:01:03Z,617
2026-10-09T01:18:26Z,2873,2026-10-08T09:34:41Z,943
2026-10-09T01:18:26Z,2874,2026-10-08T13:08:30Z,729
2026-10-09T01:18:26Z,2875,2026-10-08T08:28:56Z,1009
2026-10-09T01:18:26Z,2876,2026-10-08T19:07:15Z,371
2026-10-09T01:18:26Z,2877,2026-10-08T17:51:47Z,446
2026-10-09T01:18:26Z,2878,2026-10-08T00:02:10Z,1516
2026-10-09T01:18:26Z,2879,2026-10-08T19:33:40Z,344
2026-10-09T01:18:26Z,2880,2026-10-09T00:01:42Z,76
2026-10-09T01:18:26Z,2881,2026-10-08T01:17:40Z,1440
2026-10-09T01:18:26Z,2882,2026-10-09T00:02:11Z,76
2026-10-09T01:18:26Z,2883,2026-10-09T00:01:29Z,76
2026-10-09T01:18:26Z,2884,2026-10-09T00:01:48Z,76
2026-10-09T01:18:26Z,2885,2026-10-08T19:31:06Z,347
2026-10-09T01:18:26Z,2886,2026-10-07T07:01:09Z,2537
2026-10-09T01:18:26Z,2887,2026-10-07T11:32:47Z,2265
2026-10-09T01:18:26Z,2889,2026-10-09T00:01:21Z,77
2026-10-09T01:18:26Z,2890,2026-10-08T15:39:56Z,578
2026-10-09T01:18:26Z,2891,2026-10-08T11:57:22Z,801
2026-10-09T01:18:26Z,2892,2026-10-08T12:23:52Z,774
2026-10-09T01:18:26Z,2893,2026-10-08T12:53:06Z,745
2026-10-09T01:18:26Z,2894,2026-10-08T14:27:10Z,651
2026-10-09T01:18:26Z,2895,2026-10-08T16:18:12Z,540
2026-10-09T01:18:26Z,2896,2026-10-08T19:43:16Z,335
2026-10-09T01:18:26Z,2897,2026-10-09T00:03:55Z,74
2026-10-09T01:18:26Z,2898,2026-10-08T07:05:33Z,1092
2026-10-09T01:18:26Z,2899,2026-10-08T15:30:57Z,587
2026-10-09T01:18:26Z,2900,2026-10-06T04:31:31Z,4126
2026-10-09T01:18:26Z,2901,2026-10-08T20:34:56Z,283
2026-10-09T01:18:26Z,2902,2026-10-08T17:10:04Z,488
2026-10-09T01:18:26Z,2903,2026-10-08T19:40:16Z,338
2026-10-09T01:18:26Z,2904,2026-10-08T15:10:16Z,608
2026-10-09T01:18:26Z,2906,2026-10-09T00:01:34Z,76
2026-10-09T01:18:26Z,2907,2026-10-08T18:16:02Z,422
2026-10-09T01:18:26Z,2908,2026-10-07T15:08:03Z,2050
2026-10-09T01:18:26Z,2909,2026-10-08T14:18:28Z,659
2026-10-09T01:18:26Z,2911,2026-10-08T14:07:00Z,671
2026-10-09T01:18:26Z,2912,2026-10-08T15:35:57Z,582
2026-10-09T01:18:26Z,2913,2026-10-08T17:01:26Z,497
2026-10-09T01:18:26Z,2914,2026-10-08T16:01:00Z,557
2026-10-09T01:18:26Z,2915,2026-10-08T13:54:22Z,684
2026-10-09T01:18:26Z,2916,2026-10-08T09:23:06Z,955
2026-10-09T01:18:26Z,2917,2026-10-08T15:02:06Z,616
2026-10-09T01:18:26Z,2918,2026-10-08T14:37:10Z,641
2026-10-09T01:18:26Z,2919,2026-10-09T00:01:40Z,76
2026-10-09T01:18:26Z,2920,2026-10-09T00:02:13Z,76
2026-10-09T01:18:26Z,2921,2026-10-08T16:21:38Z,536
2026-10-09T01:18:26Z,2922,2026-10-07T07:09:19Z,2529
2026-10-09T01:18:26Z,2923,2026-10-05T08:48:50Z,5309
2026-10-09T01:18:26Z,2924,2026-10-07T12:05:22Z,2233
2026-10-09T01:18:26Z,2925,2026-10-05T11:02:46Z,5175
2026-10-09T01:18:26Z,2926,2026-10-08T13:27:39Z,710
2026-10-09T01:18:26Z,2927,2026-10-08T20:21:55Z,296
2026-10-09T01:18:26Z,2928,2026-10-08T06:48:58Z,1109
2026-10-09T01:18:26Z,2929,2026-10-08T16:58:44Z,499
2026-10-09T01:18:26Z,2930,2026-10-08T13:17:04Z,721
2026-10-09T01:18:26Z,2931,2026-10-08T14:47:43Z,630
2026-10-09T01:18:26Z,2932,2026-10-08T17:42:13Z,456
2026-10-09T01:18:26Z,2933,2026-10-08T20:34:59Z,283
2026-10-09T01:18:26Z,2934,2026-10-08T07:48:10Z,1050
2026-10-09T01:18:26Z,2935,2026-10-08T16:04:55Z,553
2026-10-09T01:18:26Z,2936,2026-10-08T10:56:26Z,862
2026-10-09T01:18:26Z,2937,2026-10-08T20:57:20Z,261
2026-10-09T01:18:26Z,2938,2026-10-08T08:47:58Z,990
2026-10-09T01:18:26Z,2939,2026-10-09T00:02:13Z,76
2026-10-09T01:18:26Z,2940,2026-10-08T15:18:44Z,599
2026-10-09T01:18:26Z,2941,2026-10-08T14:03:26Z,675
2026-10-09T01:18:26Z,2942,2026-10-08T15:51:41Z,566
2026-10-09T01:18:26Z,2943,2026-10-08T14:59:04Z,619
2026-10-09T01:18:26Z,2944,2026-10-08T13:56:08Z,682
2026-10-09T01:18:26Z,2945,2026-10-07T15:12:14Z,2046
2026-10-09T01:18:26Z,2981,2026-10-08T15:48:03Z,570
2026-10-09T01:18:26Z,2982,2026-10-03T11:15:04Z,8043
2026-10-09T01:18:26Z,2983,2026-10-08T17:39:57Z,458
2026-10-09T01:18:26Z,2984,2026-10-08T10:33:21Z,885
2026-10-09T01:18:26Z,2985,2026-10-08T13:42:32Z,695
2026-10-09T01:18:26Z,2986,2026-10-08T16:23:45Z,534
2026-10-09T01:18:26Z,2987,2026-10-08T20:55:30Z,262
2026-10-09T01:18:26Z,2988,2026-10-09T01:06:30Z,11
2026-10-09T01:18:26Z,2989,2026-10-08T18:42:35Z,395
2026-10-09T01:18:26Z,2990,2026-10-08T15:29:10Z,589
2026-10-09T01:18:26Z,2991,2026-10-08T15:42:07Z,576
2026-10-09T01:18:26Z,2992,2026-10-08T09:32:10Z,946
2026-10-09T01:18:26Z,2993,2026-10-08T11:45:17Z,813
2026-10-09T01:18:26Z,2994,2026-10-08T15:35:36Z,582
2026-10-09T01:18:26Z,2995,2026-10-07T14:59:31Z,2058
2026-10-09T01:18:26Z,2996,2026-10-08T20:33:29Z,284
2026-10-09T01:18:26Z,2997,2026-10-08T20:33:29Z,284
2026-10-09T01:18:26Z,2999,2026-10-08T14:02:45Z,675
2026-10-09T01:18:26Z,3000,2026-10-08T23:00:59Z,137
2026-10-09T01:18:26Z,3001,2026-10-08T18:26:30Z,411
2026-10-09T01:18:26Z,3002,2026-10-08T15:27:58Z,590
2026-10-09T01:18:26Z,3003,2026-10-08T15:14:50Z,603
2026-10-09T01:18:26Z,3009,2026-10-09T01:15:06Z,3
2026-10-09T01:18:26Z,3011,2026-10-09T01:15:17Z,3
2026-10-09T01:18:26Z,3035,2026-10-08T20:34:42Z,283
2026-10-09T01:18:26Z,3037,2026-10-09T00:29:08Z,49
2026-10-09T01:18:26Z,3038,2026-10-09T00:35:20Z,43
2026-10-09T01:18:26Z,3042,2026-10-09T00:09:10Z,69
2026-10-09T01:18:26Z,3043,2026-10-08T13:23:46Z,714
2026-10-09T01:18:26Z,3044,2026-10-08T20:30:32Z,287
2026-10-09T01:18:26Z,3045,2026-10-09T00:34:31Z,43
2026-10-09T01:18:26Z,3046,2026-10-08T20:38:03Z,280
2026-10-09T01:18:26Z,3049,2026-10-08T21:40:09Z,218
2026-10-09T01:18:26Z,3050,2026-10-08T17:30:16Z,468
2026-10-09T01:18:26Z,3052,2026-10-09T00:45:06Z,33
2026-10-09T01:18:26Z,3053,2026-10-08T18:46:24Z,392
2026-10-09T01:18:26Z,3054,2026-10-09T01:02:28Z,15
2026-10-09T01:18:26Z,3055,2026-10-08T13:34:36Z,703
2026-10-09T01:18:26Z,3056,2026-10-08T13:31:30Z,706
2026-10-09T01:18:26Z,3057,2026-10-08T13:31:49Z,706
2026-10-09T01:18:26Z,3058,2026-10-08T20:37:16Z,281
2026-10-09T01:18:26Z,3059,2026-10-08T23:33:47Z,104
2026-10-09T01:18:26Z,3060,2026-10-08T16:14:10Z,544
2026-10-09T01:18:26Z,3061,2026-10-09T01:15:06Z,3
2026-10-09T01:18:26Z,3062,2026-10-09T01:11:45Z,6
2026-10-09T01:18:26Z,3063,2026-10-08T00:01:57Z,1516
2026-10-09T01:18:26Z,3064,2026-10-08T05:30:58Z,1187
2026-10-09T01:18:26Z,3065,2026-10-08T18:22:42Z,415
2026-10-09T01:18:26Z,3066,2026-10-08T16:47:58Z,510
2026-10-09T01:18:26Z,3067,2026-10-08T12:04:15Z,794
2026-10-09T01:18:26Z,3068,2026-10-07T14:32:39Z,2085
2026-10-09T01:18:26Z,3069,2026-10-07T07:01:09Z,2537
2026-10-09T01:18:26Z,3070,2026-10-08T13:06:50Z,731
2026-10-09T01:18:26Z,3071,2026-10-08T17:03:48Z,494
2026-10-09T01:18:26Z,3072,2026-10-08T15:59:10Z,559
2026-10-09T01:18:26Z,3073,2026-10-09T01:07:30Z,10
2026-10-09T01:18:26Z,3074,2026-10-08T13:29:12Z,709
2026-10-09T01:18:26Z,3075,2026-10-08T13:29:03Z,709
2026-10-09T01:18:26Z,3076,2026-10-08T14:43:48Z,634
2026-10-09T01:18:26Z,3077,2026-10-08T11:32:04Z,826
2026-10-09T01:18:26Z,3078,2026-10-07T10:48:47Z,2309
2026-10-09T01:18:26Z,3079,2026-10-07T12:27:19Z,2211
2026-10-09T01:18:26Z,3080,2026-10-09T00:02:02Z,76
2026-10-09T01:18:26Z,3081,2026-10-08T10:45:39Z,872
2026-10-09T01:18:26Z,3082,2026-10-08T14:28:46Z,649
2026-10-09T01:18:26Z,3083,2026-10-08T16:21:58Z,536
2026-10-09T01:18:26Z,3084,2026-10-08T16:51:56Z,506
2026-10-09T01:18:26Z,3085,2026-10-07T16:35:10Z,1963
2026-10-09T01:18:26Z,3086,2026-10-08T16:55:58Z,502
2026-10-09T01:18:26Z,3087,2026-10-05T12:02:18Z,5116
2026-10-09T01:18:26Z,3088,2026-10-08T17:03:03Z,495
2026-10-09T01:18:26Z,3089,2026-10-08T15:40:12Z,578
2026-10-09T01:18:26Z,3091,2026-10-08T16:44:59Z,513
2026-10-09T01:18:26Z,3092,2026-10-08T17:34:41Z,463
2026-10-09T01:18:26Z,3093,2026-10-08T18:31:15Z,407
2026-10-09T01:18:26Z,3094,2026-10-08T22:55:35Z,142
2026-10-09T01:18:26Z,3095,2026-10-06T06:06:51Z,4031
2026-10-09T01:18:26Z,3096,2026-10-08T12:56:11Z,742
2026-10-09T01:18:26Z,3101,2026-10-08T09:44:43Z,933
2026-10-09T01:18:26Z,3102,2026-10-08T16:58:14Z,500
2026-10-09T01:18:26Z,3103,2026-10-08T21:00:55Z,257
2026-10-09T01:18:26Z,3105,2026-10-08T21:01:00Z,257
2026-10-09T01:18:26Z,3107,2026-10-08T18:18:38Z,419
2026-10-09T01:18:26Z,3108,2026-10-08T21:00:58Z,257
2026-10-09T01:18:26Z,3109,2026-10-08T21:00:56Z,257
2026-10-09T01:18:26Z,3110,2026-10-08T19:46:34Z,331
2026-10-09T01:18:26Z,3111,2026-10-08T18:13:43Z,424
2026-10-09T01:18:26Z,3112,2026-10-08T18:05:00Z,433
2026-10-09T01:18:26Z,3113,2026-10-08T18:53:19Z,385
2026-10-09T01:18:26Z,3116,2026-10-09T00:18:07Z,60
2026-10-09T01:18:26Z,3117,2026-10-08T13:30:35Z,707
2026-10-09T01:18:26Z,3118,2026-10-08T08:32:08Z,1006
2026-10-09T01:18:26Z,3131,2026-10-09T00:01:07Z,77
2026-10-09T01:18:26Z,3132,2026-10-09T01:15:03Z,3
2026-10-09T01:18:26Z,3133,2026-10-09T01:15:03Z,3
2026-10-09T01:18:26Z,3134,2026-10-09T01:15:03Z,3
2026-10-09T01:18:26Z,3135,2026-10-09T01:15:03Z,3
2026-10-09T01:18:26Z,3136,2026-10-09T01:15:03Z,3
2026-10-09T01:18:26Z,3137,2026-10-09T01:15:03Z,3
2026-10-09T01:18:26Z,3138,2026-10-09T01:15:03Z,3
2026-10-09T01:18:26Z,3139,2026-10-08T17:33:29Z,464
2026-10-09T01:18:26Z,3140,2026-10-08T13:09:00Z,729
2026-10-09T01:18:26Z,3141,2026-10-08T10:46:50Z,871
2026-10-09T01:18:26Z,3142,2026-10-08T23:00:50Z,137
2026-10-09T01:18:26Z,3143,2026-10-08T16:24:54Z,533
2026-10-09T01:18:26Z,3144,2026-10-08T20:44:55Z,273
2026-10-09T01:18:26Z,3149,2026-10-09T01:15:03Z,3
2026-10-09T01:18:26Z,3150,2026-10-09T01:15:03Z,3
2026-10-09T01:18:26Z,3151,2026-10-09T01:15:03Z,3
2026-10-09T01:18:26Z,3152,2026-10-09T01:15:03Z,3
2026-10-09T01:18:26Z,3153,2026-10-08T15:29:31Z,588
2026-10-09T01:18:26Z,3154,2026-10-08T23:59:48Z,78
2026-10-09T01:18:26Z,3155,2026-10-09T01:15:03Z,3
2026-10-09T01:18:26Z,3156,2026-10-09T01:15:03Z,3
2026-10-09T01:18:26Z,3157,2026-10-09T01:15:03Z,3
2026-10-09T01:18:26Z,3158,2026-10-09T01:15:03Z,3
2026-10-09T01:18:26Z,3159,2026-10-09T01:15:03Z,3
2026-10-09T01:18:26Z,3160,2026-10-08T13:15:16Z,723
2026-10-09T01:18:26Z,3161,2026-10-09T01:15:03Z,3
2026-10-09T01:18:26Z,3162,2026-10-09T01:15:03Z,3
2026-10-09T01:18:26Z,3163,2026-10-09T01:15:03Z,3
2026-10-09T01:18:26Z,3164,2026-10-09T01:15:03Z,3
2026-10-09T01:18:26Z,3166,2026-10-09T01:15:03Z,3
2026-10-09T01:18:26Z,3167,2026-10-09T01:15:03Z,3
2026-10-09T01:18:26Z,3168,2026-10-09T01:15:03Z,3
2026-10-09T01:18:26Z,3169,2026-10-09T01:15:03Z,3
2026-10-09T01:18:26Z,3170,2026-10-08T18:58:00Z,380
2026-10-09T01:18:26Z,3171,2026-10-09T01:15:03Z,3
2026-10-09T01:18:26Z,3173,2026-10-09T01:15:03Z,3
2026-10-09T01:18:26Z,3174,2026-10-09T01:15:03Z,3
2026-10-09T01:18:26Z,3176,2026-10-09T01:15:03Z,3
2026-10-09T01:18:26Z,3181,2026-10-09T01:15:03Z,3
2026-10-09T01:18:26Z,3182,2026-10-09T01:15:03Z,3
2026-10-09T01:18:26Z,3183,2026-10-08T19:08:20Z,370
2026-10-09T01:18:26Z,3184,2026-10-09T01:15:03Z,3
2026-10-09T01:18:26Z,3185,2026-10-09T01:15:03Z,3
2026-10-09T01:18:26Z,3186,2026-10-09T01:15:03Z,3
2026-10-09T01:18:26Z,3187,2026-10-09T01:15:03Z,3
2026-10-09T01:18:26Z,3189,2026-10-09T01:15:03Z,3
2026-10-09T01:18:26Z,3190,2026-10-09T01:15:03Z,3
2026-10-09T01:18:26Z,3193,2026-10-09T01:15:03Z,3
2026-10-09T01:18:26Z,3194,2026-10-09T01:15:03Z,3
2026-10-09T01:18:26Z,3195,2026-10-09T01:15:03Z,3
2026-10-09T01:18:26Z,3196,2026-10-09T01:15:03Z,3
2026-10-09T01:18:26Z,3201,2026-10-09T01:15:03Z,3
2026-10-09T01:18:26Z,3202,2026-10-08T17:01:20Z,497
2026-10-09T01:18:26Z,3203,2026-10-09T01:15:03Z,3
2026-10-09T01:18:26Z,3204,2026-10-09T01:15:03Z,3
2026-10-09T01:18:26Z,3205,2026-10-08T17:48:48Z,449
2026-10-09T01:18:26Z,3209,2026-10-09T01:15:03Z,3
2026-10-09T01:18:26Z,3210,2026-10-09T01:15:03Z,3
2026-10-09T01:18:26Z,3211,2026-10-09T01:10:03Z,8
2026-10-09T01:18:26Z,3213,2026-10-08T20:37:44Z,280
2026-10-09T01:18:26Z,3214,2026-10-08T19:33:38Z,344
2026-10-09T01:18:26Z,3216,2026-10-08T16:31:15Z,527
2026-10-09T01:18:26Z,3219,2026-10-08T21:01:10Z,257
2026-10-09T01:18:26Z,3220,2026-10-08T21:01:07Z,257
2026-10-09T01:18:26Z,3221,2026-10-08T21:00:51Z,257
2026-10-09T01:18:26Z,3222,2026-10-09T00:21:14Z,57
2026-10-09T01:18:26Z,3225,2026-10-08T19:16:18Z,362
2026-10-09T01:18:26Z,3226,2026-10-08T21:01:07Z,257
2026-10-09T01:18:26Z,3227,2026-10-08T20:43:19Z,275
2026-10-09T01:18:26Z,3228,2026-10-08T21:00:55Z,257
2026-10-09T01:18:26Z,3229,2026-10-08T21:01:27Z,256
2026-10-09T01:18:26Z,3230,2026-10-08T21:01:25Z,257
2026-10-09T01:18:26Z,3231,2026-10-08T21:00:42Z,257
2026-10-09T01:18:26Z,3233,2026-10-08T21:01:04Z,257
2026-10-09T01:18:26Z,3234,2026-10-08T21:01:24Z,257
2026-10-09T01:18:26Z,3240,2026-10-08T22:28:51Z,169
2026-10-09T01:18:26Z,3241,2026-10-08T18:09:25Z,429
2026-10-09T01:18:26Z,3242,2026-10-08T14:25:03Z,653
2026-10-09T01:18:26Z,3243,2026-10-08T13:51:51Z,686
2026-10-09T01:18:26Z,3244,2026-10-08T16:19:09Z,539
2026-10-09T01:18:26Z,3245,2026-10-08T11:55:35Z,802
2026-10-09T01:18:26Z,3246,2026-10-08T23:02:41Z,135
2026-10-09T01:18:26Z,3247,2026-10-09T00:01:54Z,76
2026-10-09T01:18:26Z,3248,2026-10-09T00:02:00Z,76
2026-10-09T01:18:26Z,3249,2026-10-08T11:32:54Z,825
2026-10-09T01:18:26Z,3250,2026-10-08T21:38:21Z,220
2026-10-09T01:18:26Z,3251,2026-10-09T00:01:38Z,76
2026-10-09T01:18:26Z,3252,2026-10-08T10:14:26Z,904
2026-10-09T01:18:26Z,3253,2026-10-08T17:13:32Z,484
2026-10-09T01:18:26Z,3254,2026-10-08T21:01:23Z,257
2026-10-09T01:18:26Z,3256,2026-10-08T19:26:06Z,352
2026-10-09T01:18:26Z,3258,2026-10-08T21:23:29Z,234
2026-10-09T01:18:26Z,3261,2026-10-08T21:00:49Z,257
2026-10-09T01:18:26Z,3276,2026-10-08T21:00:53Z,257
2026-10-09T01:18:26Z,3277,2026-10-08T21:01:09Z,257
2026-10-09T01:18:26Z,3278,2026-10-08T21:00:57Z,257
2026-10-09T01:18:26Z,3279,2026-10-08T21:00:57Z,257
2026-10-09T01:18:26Z,3280,2026-10-08T21:01:03Z,257
2026-10-09T01:18:26Z,3281,2026-10-08T21:01:08Z,257
2026-10-09T01:18:26Z,3283,2026-10-08T21:00:49Z,257
2026-10-09T01:18:26Z,3285,2026-10-08T21:00:38Z,257
2026-10-09T01:18:26Z,3287,2026-10-08T21:01:00Z,257
2026-10-09T01:18:26Z,3289,2026-10-08T21:01:05Z,257
2026-10-09T01:18:26Z,3294,2026-10-08T21:00:54Z,257
2026-10-09T01:18:26Z,3304,2026-10-09T00:34:09Z,44
2026-10-09T01:18:26Z,3305,2026-10-08T21:01:21Z,257
2026-10-09T01:18:26Z,3306,2026-10-08T21:00:50Z,257
2026-10-09T01:18:26Z,3308,2026-10-08T21:00:59Z,257
2026-10-09T01:18:26Z,3309,2026-10-08T21:00:48Z,257
2026-10-09T01:18:26Z,3318,2026-10-07T21:30:06Z,1668
2026-10-09T01:18:26Z,3319,2026-10-09T00:22:18Z,56
2026-10-09T01:18:26Z,3322,2026-09-29T10:14:53Z,13863
2026-10-09T01:18:26Z,3323,2026-10-03T08:24:49Z,8213
2026-10-09T01:18:26Z,3325,2026-10-08T21:01:19Z,257
2026-10-09T01:18:26Z,3328,2026-10-08T17:15:20Z,483
2026-10-09T01:18:26Z,3341,2026-10-08T15:21:06Z,597
2026-10-09T01:18:26Z,3380,2026-10-08T19:09:28Z,368
2026-10-09T01:18:26Z,3381,2026-10-08T19:09:26Z,369
2026-10-09T01:18:26Z,3382,2026-10-08T19:09:27Z,368
2026-10-09T01:18:26Z,3383,2026-10-08T19:09:25Z,369
2026-10-09T01:18:26Z,3384,2026-10-08T22:54:08Z,144
2026-10-09T01:18:26Z,3385,2026-10-08T19:09:26Z,369
2026-10-09T01:18:26Z,3386,2026-10-08T19:09:26Z,369
2026-10-09T01:18:26Z,3387,2026-10-08T19:09:18Z,369
2026-10-09T01:18:26Z,3389,2026-10-08T19:09:11Z,369
2026-10-09T01:18:26Z,3390,2026-10-08T19:09:12Z,369
2026-10-09T01:18:26Z,3391,2026-10-08T23:54:14Z,84
2026-10-09T01:18:26Z,3392,2026-10-08T21:49:35Z,208
2026-10-09T01:18:26Z,3393,2026-10-08T19:09:14Z,369
2026-10-09T01:18:26Z,3394,2026-10-08T19:09:14Z,369
2026-10-09T01:18:26Z,3395,2026-10-09T00:26:51Z,51
2026-10-09T01:18:26Z,3396,2026-10-08T19:09:15Z,369
2026-10-09T01:18:26Z,3397,2026-10-08T21:52:16Z,206
2026-10-09T01:18:26Z,3398,2026-10-08T23:50:22Z,88
2026-10-09T01:18:26Z,3399,2026-10-08T19:09:15Z,369
2026-10-09T01:18:26Z,3400,2026-10-08T19:09:16Z,369
2026-10-09T01:18:26Z,3401,2026-10-09T00:43:43Z,34
2026-10-09T01:18:26Z,3402,2026-10-08T19:09:17Z,369
2026-10-09T01:18:26Z,3404,2026-10-08T22:33:50Z,164
2026-10-09T01:18:26Z,3405,2026-10-08T19:09:56Z,368
2026-10-09T01:18:26Z,3406,2026-10-08T19:09:56Z,368
2026-10-09T01:18:26Z,3407,2026-10-08T19:09:45Z,368
2026-10-09T01:18:26Z,3408,2026-10-08T19:10:02Z,368
2026-10-09T01:18:26Z,3409,2026-10-08T19:09:13Z,369
2026-10-09T01:18:26Z,3410,2026-10-08T19:09:43Z,368
2026-10-09T01:18:26Z,3411,2026-10-08T23:20:28Z,117
2026-10-09T01:18:26Z,3412,2026-10-08T19:09:19Z,369
2026-10-09T01:18:26Z,3413,2026-10-08T19:09:19Z,369
2026-10-09T01:18:26Z,3414,2026-10-08T19:09:18Z,369
2026-10-09T01:18:26Z,3415,2026-10-08T19:09:18Z,369
2026-10-09T01:18:26Z,3416,2026-10-08T19:09:50Z,368
2026-10-09T01:18:26Z,3417,2026-10-09T00:26:54Z,51
2026-10-09T01:18:26Z,3418,2026-10-08T19:09:43Z,368
2026-10-09T01:18:26Z,3419,2026-10-08T19:09:21Z,369
2026-10-09T01:18:26Z,3420,2026-10-08T19:09:59Z,368
2026-10-09T01:18:26Z,3421,2026-10-09T00:18:02Z,60
2026-10-09T01:18:26Z,3423,2026-10-08T23:55:40Z,82
2026-10-09T01:18:26Z,3424,2026-10-08T19:09:19Z,369
2026-10-09T01:18:26Z,3425,2026-10-08T19:09:20Z,369
2026-10-09T01:18:26Z,3426,2026-10-08T22:10:42Z,187
2026-10-09T01:18:26Z,3427,2026-10-08T23:54:31Z,83
2026-10-09T01:18:26Z,3428,2026-10-09T00:47:58Z,30
2026-10-09T01:18:26Z,3429,2026-10-08T19:09:18Z,369
2026-10-09T01:18:26Z,3430,2026-10-08T19:09:20Z,369
2026-10-09T01:18:26Z,3431,2026-10-08T22:56:17Z,142
2026-10-09T01:18:26Z,3432,2026-10-08T19:09:21Z,369
2026-10-09T01:18:26Z,3433,2026-10-09T00:25:21Z,53
2026-10-09T01:18:26Z,3435,2026-10-08T19:09:22Z,369
2026-10-09T01:18:26Z,3436,2026-10-08T19:09:22Z,369
2026-10-09T01:18:26Z,3437,2026-10-08T19:09:44Z,368
2026-10-09T01:18:26Z,3438,2026-10-08T19:09:45Z,368
2026-10-09T01:18:26Z,3439,2026-10-08T23:55:44Z,82
2026-10-09T01:18:26Z,3440,2026-10-09T01:03:25Z,15
2026-10-09T01:18:26Z,3441,2026-10-08T19:20:25Z,358
2026-10-09T01:18:26Z,3442,2026-10-08T19:09:26Z,369
2026-10-09T01:18:26Z,3443,2026-10-08T19:13:38Z,364
2026-10-09T01:18:26Z,3444,2026-10-08T19:09:27Z,368
2026-10-09T01:18:26Z,3445,2026-10-08T19:09:27Z,368
2026-10-09T01:18:26Z,3446,2026-10-08T22:20:39Z,177
2026-10-09T01:18:26Z,3447,2026-10-08T19:09:38Z,368
2026-10-09T01:18:26Z,3448,2026-10-08T19:09:39Z,368
2026-10-09T01:18:26Z,3449,2026-10-08T19:09:39Z,368
2026-10-09T01:18:26Z,3450,2026-10-08T19:09:40Z,368
2026-10-09T01:18:26Z,3451,2026-10-08T22:06:07Z,192
2026-10-09T01:18:26Z,3452,2026-10-09T01:01:25Z,17
2026-10-09T01:18:26Z,3453,2026-10-08T23:54:35Z,83
2026-10-09T01:18:26Z,3454,2026-10-08T19:09:44Z,368
2026-10-09T01:18:26Z,3455,2026-10-08T19:09:51Z,368
2026-10-09T01:18:26Z,3456,2026-10-08T19:09:46Z,368
2026-10-09T01:18:26Z,3457,2026-10-08T19:09:46Z,368
2026-10-09T01:18:26Z,3458,2026-10-08T21:53:09Z,205
2026-10-09T01:18:26Z,3459,2026-10-08T19:09:47Z,368
2026-10-09T01:18:26Z,3460,2026-10-08T23:55:48Z,82
2026-10-09T01:18:26Z,3461,2026-10-09T01:04:54Z,13
2026-10-09T01:18:26Z,3462,2026-10-08T19:09:53Z,368
2026-10-09T01:18:26Z,3463,2026-10-08T19:09:55Z,368
2026-10-09T01:18:26Z,3464,2026-10-08T19:09:59Z,368
2026-10-09T01:18:26Z,3465,2026-10-08T19:10:00Z,368
2026-10-09T01:18:26Z,3466,2026-10-08T19:10:00Z,368
2026-10-09T01:18:26Z,3467,2026-10-08T22:11:10Z,187
2026-10-09T01:18:26Z,3468,2026-10-08T23:55:51Z,82
2026-10-09T01:18:26Z,3469,2026-10-08T20:34:10Z,284
2026-10-09T01:18:26Z,3470,2026-10-08T15:31:12Z,587
2026-10-09T01:18:26Z,3471,2026-08-31T10:04:31Z,55633
2026-10-09T01:18:26Z,3472,2026-10-08T21:01:04Z,257
2026-10-09T01:18:26Z,3473,2026-10-08T19:10:07Z,368
2026-10-09T01:18:26Z,3477,2026-10-08T17:25:11Z,473
2026-10-09T01:18:26Z,3478,2026-10-08T17:58:15Z,440
2026-10-09T01:18:26Z,3479,2026-10-08T15:07:48Z,610
2026-10-09T01:18:26Z,3488,2026-10-08T21:00:53Z,257
2026-10-09T01:18:26Z,3489,2026-10-08T23:12:14Z,126
2026-10-09T01:18:26Z,3490,2026-10-08T19:34:57Z,343
2026-10-09T01:18:26Z,3491,2026-10-08T23:28:01Z,110
2026-10-09T01:18:26Z,3594,2026-10-08T13:20:46Z,717
2026-10-09T01:18:26Z,3595,2026-10-08T13:29:50Z,708
2026-10-09T01:18:26Z,3596,2026-10-08T19:29:11Z,349
2026-10-09T01:18:26Z,3597,2026-10-08T23:44:49Z,93
2026-10-09T01:18:26Z,3598,2026-10-09T00:58:06Z,20
2026-10-09T01:18:26Z,3599,2026-10-08T21:22:50Z,235
2026-10-09T01:18:26Z,3600,2026-10-08T19:10:11Z,368
2026-10-09T01:18:26Z,3601,2026-10-08T19:10:11Z,368
2026-10-09T01:18:26Z,3602,2026-10-08T17:49:01Z,449
2026-10-09T01:18:26Z,3603,2026-10-08T19:10:11Z,368
2026-10-09T01:18:26Z,3605,2026-10-08T22:41:50Z,156
2026-10-09T01:18:26Z,3606,2026-10-08T19:05:45Z,372
2026-10-09T01:18:26Z,3607,2026-10-08T21:00:45Z,257
2026-10-09T01:18:26Z,3608,2026-10-09T00:24:44Z,53
2026-10-09T01:18:26Z,3609,2026-08-17T08:18:12Z,75900
2026-10-09T01:18:26Z,3615,2026-10-08T19:10:12Z,368
2026-10-09T01:18:26Z,3618,2026-10-08T19:10:13Z,368
2026-10-09T01:18:26Z,3619,2026-10-08T19:10:13Z,368
2026-10-09T01:18:26Z,3620,2026-10-08T19:09:36Z,368
2026-10-09T01:18:26Z,3621,2026-10-08T13:51:42Z,686
2026-10-09T01:18:26Z,3622,2026-10-08T15:28:35Z,589
2026-10-09T01:18:26Z,3623,2026-10-09T00:01:43Z,76
2026-10-09T01:18:26Z,3624,2026-10-08T18:56:19Z,382
2026-10-09T01:18:26Z,3625,2026-10-09T00:07:51Z,70
2026-10-09T01:18:26Z,3629,2026-10-08T15:13:25Z,605
2026-10-09T01:18:26Z,3630,2026-10-08T20:25:40Z,292
2026-10-09T01:18:26Z,3631,2026-10-08T19:18:41Z,359
2026-10-09T01:18:26Z,3632,2026-10-08T20:21:30Z,296
2026-10-09T01:18:26Z,3633,2026-09-29T17:29:28Z,13428
2026-10-09T01:18:26Z,3638,2026-07-25T13:14:56Z,108723
2026-10-09T01:18:26Z,3639,2026-10-08T18:38:23Z,400
2026-10-09T01:18:26Z,3641,2026-10-08T18:53:35Z,384
2026-10-09T01:18:26Z,3642,2026-10-08T08:14:01Z,1024
2026-10-09T01:18:26Z,3643,2026-10-08T08:39:07Z,999
2026-10-09T01:18:26Z,3644,2026-07-01T15:55:56Z,143122
2026-10-09T01:18:26Z,3645,2026-10-08T17:10:06Z,488
2026-10-09T01:18:26Z,3646,2026-10-08T21:01:26Z,257
2026-10-09T01:18:26Z,3678,2026-10-08T20:12:42Z,305
2026-10-09T01:18:26Z,3681,2026-10-09T00:09:34Z,68
2026-10-09T01:18:26Z,3682,2026-10-08T15:49:05Z,569
2026-10-09T01:18:26Z,3683,2026-10-08T15:49:03Z,569
2026-10-09T01:18:26Z,3684,2026-10-09T01:15:06Z,3
2026-10-09T01:18:26Z,3685,2026-10-09T01:15:19Z,3
2026-10-09T01:18:26Z,3686,2026-10-09T01:15:20Z,3
2026-10-09T01:18:26Z,3687,2026-10-08T05:28:04Z,1190
2026-10-09T01:18:26Z,3688,2026-10-08T14:04:03Z,674
2026-10-09T01:18:26Z,3690,2026-10-08T15:49:22Z,569
2026-10-09T01:18:26Z,3691,2026-10-08T15:49:03Z,569
2026-10-09T01:18:26Z,3692,2026-10-08T19:09:53Z,368
2026-10-09T01:18:26Z,3693,2026-10-08T15:49:04Z,569
2026-10-09T01:18:26Z,3694,2026-10-09T01:15:21Z,3
2026-10-09T01:18:26Z,3695,2026-10-08T15:49:04Z,569
2026-10-09T01:18:26Z,3696,2026-10-08T15:49:19Z,569
2026-10-09T01:18:26Z,3697,2026-10-09T01:15:21Z,3
2026-10-09T01:18:26Z,3698,2026-10-08T19:10:16Z,368
2026-10-09T01:18:26Z,3699,2026-10-08T15:49:08Z,569
2026-10-09T01:18:26Z,3700,2026-10-09T01:15:20Z,3
2026-10-09T01:18:26Z,3701,2026-10-09T01:15:20Z,3
2026-10-09T01:18:26Z,3702,2026-10-09T01:15:20Z,3
2026-10-09T01:18:26Z,3703,2026-10-08T15:49:07Z,569
2026-10-09T01:18:26Z,3704,2026-10-09T01:15:19Z,3
2026-10-09T01:18:26Z,3706,2026-10-08T20:32:24Z,286
2026-10-09T01:18:26Z,3707,2026-10-08T13:21:45Z,716
2026-10-09T01:18:26Z,3708,2026-10-08T13:21:00Z,717
2026-10-09T01:18:26Z,3709,2026-10-08T13:24:10Z,714
2026-10-09T01:18:26Z,3710,2026-10-08T13:21:02Z,717
2026-10-09T01:18:26Z,3711,2026-10-08T20:24:01Z,294
2026-10-09T01:18:26Z,3712,2026-10-08T20:35:41Z,282
2026-10-09T01:18:26Z,3714,2026-10-08T20:26:14Z,292
2026-10-09T01:18:26Z,3715,2026-10-08T13:21:34Z,716
2026-10-09T01:18:26Z,3716,2026-10-08T21:51:07Z,207
2026-10-09T01:18:26Z,3717,2026-10-08T21:00:54Z,257
2026-10-09T01:18:26Z,3718,2026-10-08T13:40:11Z,698
2026-10-09T01:18:26Z,3719,2026-10-09T00:01:49Z,76
2026-10-09T01:18:26Z,3720,2026-10-08T21:01:01Z,257
2026-10-09T01:18:26Z,3721,2026-10-08T14:56:47Z,621
2026-10-09T01:18:26Z,3723,2026-10-08T20:37:56Z,280
2026-10-09T01:18:26Z,3724,2026-10-09T01:15:16Z,3
2026-10-09T01:18:26Z,3725,2026-10-08T15:49:03Z,569
2026-10-09T01:18:26Z,3726,2026-10-08T15:49:05Z,569
2026-10-09T01:18:26Z,3727,2026-10-09T01:15:20Z,3
2026-10-09T01:18:26Z,3728,2026-10-09T01:15:21Z,3
2026-10-09T01:18:26Z,3729,2026-10-08T15:49:04Z,569
2026-10-09T01:18:26Z,3730,2026-10-09T01:15:15Z,3
2026-10-09T01:18:26Z,3732,2026-10-08T15:49:20Z,569
2026-10-09T01:18:26Z,3733,2026-10-08T15:48:51Z,569
2026-10-09T01:18:26Z,3734,2026-10-09T01:15:15Z,3
2026-10-09T01:18:26Z,3735,2026-10-09T01:15:20Z,3
2026-10-09T01:18:26Z,3736,2026-10-08T15:49:20Z,569
2026-10-09T01:18:26Z,3737,2026-10-08T15:49:06Z,569
2026-10-09T01:18:26Z,3738,2026-10-08T15:49:04Z,569
2026-10-09T01:18:26Z,3739,2026-10-09T01:15:20Z,3
2026-10-09T01:18:26Z,3740,2026-10-09T01:15:19Z,3
2026-10-09T01:18:26Z,3741,2026-09-08T03:30:17Z,44508
2026-10-09T01:18:26Z,3742,2026-10-08T20:24:15Z,294
2026-10-09T01:18:26Z,3743,2026-10-08T15:48:57Z,569
2026-10-09T01:18:26Z,3744,2026-10-09T01:15:19Z,3
2026-10-09T01:18:26Z,3745,2026-10-08T17:04:31Z,493
2026-10-09T01:18:26Z,3746,2026-10-08T15:49:00Z,569
2026-10-09T01:18:26Z,3747,2026-10-08T15:49:04Z,569
2026-10-09T01:18:26Z,3748,2026-10-08T15:49:07Z,569
2026-10-09T01:18:26Z,3749,2026-10-09T01:15:21Z,3
2026-10-09T01:18:26Z,3750,2026-10-08T15:49:07Z,569
2026-10-09T01:18:26Z,3751,2026-10-09T01:15:20Z,3
2026-10-09T01:18:26Z,3752,2026-10-08T15:49:06Z,569
2026-10-09T01:18:26Z,3753,2026-10-08T15:49:06Z,569
2026-10-09T01:18:26Z,3754,2026-10-08T15:49:05Z,569
2026-10-09T01:18:26Z,3755,2026-10-08T15:49:00Z,569
2026-10-09T01:18:26Z,3756,2026-10-09T01:15:21Z,3
2026-10-09T01:18:26Z,3757,2026-10-08T15:49:08Z,569
2026-10-09T01:18:26Z,3758,2026-10-09T01:15:19Z,3
2026-10-09T01:18:26Z,3759,2026-10-08T15:49:08Z,569
2026-10-09T01:18:26Z,3760,2026-10-09T01:15:20Z,3
2026-10-09T01:18:26Z,3762,2026-10-08T15:49:04Z,569
2026-10-09T01:18:26Z,3763,2026-10-08T15:48:58Z,569
2026-10-09T01:18:26Z,3764,2026-10-08T15:49:20Z,569
2026-10-09T01:18:26Z,3765,2026-10-08T15:49:04Z,569
2026-10-09T01:18:26Z,3766,2026-10-09T01:15:21Z,3
2026-10-09T01:18:26Z,3767,2026-10-08T18:31:25Z,407
2026-10-09T01:18:26Z,3768,2026-10-09T01:15:21Z,3
2026-10-09T01:18:26Z,3769,2026-10-08T19:42:44Z,335
2026-10-09T01:18:26Z,3770,2026-10-09T01:15:20Z,3
2026-10-09T01:18:26Z,3771,2026-10-08T15:50:04Z,568
2026-10-09T01:18:26Z,3772,2026-10-08T15:49:05Z,569
2026-10-09T01:18:26Z,3773,2026-10-08T15:49:03Z,569
2026-10-09T01:18:26Z,3774,2026-10-08T15:49:03Z,569
2026-10-09T01:18:26Z,3775,2026-10-08T15:49:05Z,569
2026-10-09T01:18:26Z,3776,2026-10-08T13:53:30Z,684
2026-10-09T01:18:26Z,3777,2026-08-05T05:12:17Z,93366
2026-10-09T01:18:26Z,3778,2026-10-08T15:49:09Z,569
2026-10-09T01:18:26Z,3779,2026-10-08T15:49:09Z,569
2026-10-09T01:18:26Z,3780,2026-10-09T01:14:53Z,3
2026-10-09T01:18:26Z,3781,2026-10-08T15:49:03Z,569
2026-10-09T01:18:26Z,3782,2026-10-08T15:49:01Z,569
2026-10-09T01:18:26Z,3783,2026-10-08T20:54:59Z,263
2026-10-09T01:18:26Z,3784,2026-10-09T01:14:51Z,3
2026-10-09T01:18:26Z,3785,2026-10-09T01:14:51Z,3
2026-10-09T01:18:26Z,3786,2026-10-08T15:49:03Z,569
2026-10-09T01:18:26Z,3787,2026-10-08T15:49:05Z,569
2026-10-09T01:18:26Z,3788,2026-10-08T15:49:01Z,569
2026-10-09T01:18:26Z,3789,2026-10-08T15:49:02Z,569
2026-10-09T01:18:26Z,3790,2026-10-09T01:14:51Z,3
2026-10-09T01:18:26Z,3792,2026-10-08T15:49:05Z,569
2026-10-09T01:18:26Z,3793,2026-10-08T15:49:02Z,569
2026-10-09T01:18:26Z,3794,2026-10-08T15:49:07Z,569
2026-10-09T01:18:26Z,3795,2026-10-08T15:48:58Z,569
2026-10-09T01:18:26Z,3796,2026-10-08T15:49:04Z,569
2026-10-09T01:18:26Z,3797,2026-10-08T15:49:07Z,569
2026-10-09T01:18:26Z,3798,2026-10-08T15:49:04Z,569
2026-10-09T01:18:26Z,3799,2026-10-08T15:49:06Z,569
2026-10-09T01:18:26Z,3800,2026-10-08T15:48:58Z,569
2026-10-09T01:18:26Z,3801,2026-10-08T20:48:28Z,269
2026-10-09T01:18:26Z,3802,2026-10-08T15:49:06Z,569
2026-10-09T01:18:26Z,3803,2026-10-09T01:14:53Z,3
2026-10-09T01:18:26Z,3804,2026-10-08T12:03:17Z,795
2026-10-09T01:18:26Z,3805,2026-10-09T00:31:23Z,47
2026-10-09T01:18:26Z,3806,2026-10-08T15:49:03Z,569
2026-10-09T01:18:26Z,3807,2026-10-08T15:49:03Z,569
2026-10-09T01:18:26Z,3808,2026-10-08T15:48:59Z,569
2026-10-09T01:18:26Z,3809,2026-10-08T15:49:03Z,569
2026-10-09T01:18:26Z,3810,2026-10-08T15:49:01Z,569
2026-10-09T01:18:26Z,3811,2026-10-09T01:15:19Z,3
2026-10-09T01:18:26Z,3812,2026-10-08T16:16:12Z,542
2026-10-09T01:18:26Z,3813,2026-10-08T15:49:02Z,569
2026-10-09T01:18:26Z,3814,2026-10-08T15:49:01Z,569
2026-10-09T01:18:26Z,3815,2026-10-08T18:40:44Z,397
2026-10-09T01:18:26Z,3820,2025-09-01T08:43:33Z,579874
2026-10-09T01:18:26Z,3821,2025-09-01T08:43:06Z,579875
2026-10-09T01:18:26Z,3822,2026-10-02T14:21:22Z,9297
2026-10-09T01:18:26Z,3823,2025-09-01T08:43:04Z,579875
2026-10-09T01:18:26Z,3824,2025-09-01T08:43:16Z,579875
2026-10-09T01:18:26Z,3825,2024-09-03T15:01:56Z,1102216
2026-10-09T01:18:26Z,3827,2026-09-07T13:52:03Z,45326
2026-10-09T01:18:26Z,3829,2026-10-08T09:07:20Z,971
2026-10-09T01:18:26Z,3831,2026-10-08T15:49:05Z,569
2026-10-09T01:18:26Z,3832,2026-10-08T15:49:03Z,569
2026-10-09T01:18:26Z,3833,2026-10-08T15:49:07Z,569
2026-10-09T01:18:26Z,3834,2026-10-08T19:27:53Z,350
2026-10-09T01:18:26Z,3835,2026-10-08T15:49:07Z,569
2026-10-09T01:18:26Z,3836,2026-10-08T15:49:06Z,569
2026-10-09T01:18:26Z,3837,2026-10-08T15:49:07Z,569
2026-10-09T01:18:26Z,3838,2026-10-08T19:53:35Z,324
2026-10-09T01:18:26Z,3839,2026-10-08T15:04:07Z,614
2026-10-09T01:18:26Z,3840,2026-10-08T17:15:32Z,482
2026-10-09T01:18:26Z,3841,2026-10-09T00:56:46Z,21
2026-10-09T01:18:26Z,3842,2026-10-08T19:02:07Z,376
2026-10-09T01:18:26Z,3843,2026-09-10T12:22:52Z,41095
2026-10-09T01:18:26Z,3844,2026-10-09T00:28:27Z,49
2026-10-09T01:18:26Z,3845,2026-10-08T16:39:35Z,518
2026-10-09T01:18:26Z,3846,2026-10-08T18:29:42Z,408
2026-10-09T01:18:26Z,3847,2026-10-08T15:49:02Z,569
2026-10-09T01:18:26Z,3848,2026-10-08T15:49:03Z,569
2026-10-09T01:18:26Z,3849,2026-10-09T01:14:51Z,3
2026-10-09T01:18:26Z,3850,2026-10-08T20:45:20Z,273
2026-10-09T01:18:26Z,3851,2026-10-09T01:14:51Z,3
2026-10-09T01:18:26Z,3852,2026-10-09T01:14:52Z,3
2026-10-09T01:18:26Z,3853,2026-10-08T16:59:08Z,499
2026-10-09T01:18:26Z,3854,2026-10-08T15:49:03Z,569
2026-10-09T01:18:26Z,3855,2026-10-08T15:49:05Z,569
2026-10-09T01:18:26Z,3856,2026-10-08T15:49:00Z,569
2026-10-09T01:18:26Z,3857,2026-10-08T15:49:02Z,569
2026-10-09T01:18:26Z,3858,2026-10-08T20:56:48Z,261
2026-10-09T01:18:26Z,3859,2026-10-08T15:49:00Z,569
2026-10-09T01:18:26Z,3860,2026-10-08T15:49:00Z,569
2026-10-09T01:18:26Z,3861,2026-10-08T15:49:01Z,569
2026-10-09T01:18:26Z,3862,2026-10-09T01:14:52Z,3
2026-10-09T01:18:26Z,3863,2026-10-08T16:09:01Z,549
2026-10-09T01:18:26Z,3864,2026-10-08T19:10:19Z,368
2026-10-09T01:18:26Z,3865,2026-10-08T15:49:03Z,569
2026-10-09T01:18:26Z,3866,2026-10-09T01:14:53Z,3
2026-10-09T01:18:26Z,3867,2026-10-08T15:49:01Z,569
2026-10-09T01:18:26Z,3868,2026-10-08T15:49:20Z,569
2026-10-09T01:18:26Z,3869,2026-10-09T01:14:35Z,3
2026-10-09T01:18:26Z,3870,2026-10-08T15:49:07Z,569
2026-10-09T01:18:26Z,3871,2026-10-09T01:14:53Z,3
2026-10-09T01:18:26Z,3872,2026-10-08T15:49:06Z,569
2026-10-09T01:18:26Z,3873,2026-10-08T15:49:06Z,569
2026-10-09T01:18:26Z,3874,2026-10-09T01:14:53Z,3
2026-10-09T01:18:26Z,3875,2026-10-08T15:49:02Z,569
2026-10-09T01:18:26Z,3876,2026-10-08T15:49:02Z,569
2026-10-09T01:18:26Z,3877,2026-10-09T01:14:51Z,3
2026-10-09T01:18:26Z,3878,2026-09-25T21:16:47Z,18961
2026-10-09T01:18:26Z,3879,2026-10-09T01:14:51Z,3
2026-10-09T01:18:26Z,3880,2026-10-08T15:49:11Z,569
2026-10-09T01:18:26Z,3881,2026-10-08T15:48:50Z,569
2026-10-09T01:18:26Z,3882,2026-10-05T02:23:32Z,5694
2026-10-09T01:18:26Z,3883,2026-10-08T19:42:31Z,335
2026-10-09T01:18:26Z,3884,2026-09-22T11:44:35Z,23853
2026-10-09T01:18:26Z,3885,2026-10-09T00:49:18Z,29
2026-10-09T01:18:26Z,3886,2026-10-09T01:14:52Z,3
2026-10-09T01:18:26Z,3887,2026-10-08T15:49:07Z,569
2026-10-09T01:18:26Z,3888,2026-10-09T01:14:53Z,3
2026-10-09T01:18:26Z,3889,2026-10-09T01:14:53Z,3
2026-10-09T01:18:26Z,3891,2026-10-08T15:49:09Z,569
2026-10-09T01:18:26Z,3892,2026-10-06T18:48:01Z,3270
2026-10-09T01:18:26Z,3893,2026-10-08T15:49:07Z,569
2026-10-09T01:18:26Z,3894,2026-10-08T15:49:20Z,569
2026-10-09T01:18:26Z,3895,2026-10-08T15:48:58Z,569
2026-10-09T01:18:26Z,3896,2026-10-08T15:49:08Z,569
2026-10-09T01:18:26Z,3897,2026-10-08T15:49:06Z,569
2026-10-09T01:18:26Z,3898,2026-10-09T01:14:52Z,3
2026-10-09T01:18:26Z,3899,2026-10-08T15:49:22Z,569
2026-10-09T01:18:26Z,3900,2026-10-08T15:49:07Z,569
2026-10-09T01:18:26Z,3901,2026-10-08T15:49:02Z,569
2026-10-09T01:18:26Z,3902,2026-10-09T01:14:53Z,3
2026-10-09T01:18:26Z,3903,2026-10-08T19:07:12Z,371
2026-10-09T01:18:26Z,3904,2026-10-08T15:49:07Z,569
2026-10-09T01:18:26Z,3905,2026-10-08T17:33:49Z,464
2026-10-09T01:18:26Z,3906,2026-10-08T15:49:04Z,569
2026-10-09T01:18:26Z,3907,2026-04-16T20:24:32Z,252293
2026-10-09T01:18:26Z,3908,2026-10-09T01:14:51Z,3
2026-10-09T01:18:26Z,3909,2026-10-08T15:49:02Z,569
2026-10-09T01:18:26Z,3910,2026-10-09T01:14:52Z,3
2026-10-09T01:18:26Z,3911,2026-10-08T18:15:49Z,422
2026-10-09T01:18:26Z,3912,2026-10-08T15:49:01Z,569
2026-10-09T01:18:26Z,3913,2026-10-08T15:49:19Z,569
2026-10-09T01:18:26Z,3914,2026-10-08T21:34:46Z,223
2026-10-09T01:18:26Z,3915,2026-10-08T15:48:57Z,569
2026-10-09T01:18:26Z,3916,2026-10-08T15:49:02Z,569
2026-10-09T01:18:26Z,3917,2026-10-09T01:14:51Z,3
2026-10-09T01:18:26Z,3918,2025-09-23T08:51:00Z,548187
2026-10-09T01:18:26Z,3919,2026-10-08T15:48:58Z,569
2026-10-09T01:18:26Z,3920,2026-10-09T01:14:52Z,3
2026-10-09T01:18:26Z,3921,2026-10-09T01:14:51Z,3
2026-10-09T01:18:26Z,3922,2026-10-09T01:14:52Z,3
2026-10-09T01:18:26Z,3923,2026-10-09T01:14:51Z,3
2026-10-09T01:18:26Z,3924,2026-10-08T15:49:03Z,569
2026-10-09T01:18:26Z,3925,2026-10-09T01:14:53Z,3
2026-10-09T01:18:26Z,3926,2026-10-09T01:14:51Z,3
2026-10-09T01:18:26Z,3927,2026-10-09T01:14:53Z,3
2026-10-09T01:18:26Z,3928,2026-10-08T15:48:58Z,569
2026-10-09T01:18:26Z,3929,2026-10-06T22:32:18Z,3046
2026-10-09T01:18:26Z,3930,2026-10-08T21:48:47Z,209
2026-10-09T01:18:26Z,3931,2026-10-08T15:49:06Z,569
2026-10-09T01:18:26Z,3932,2026-10-08T19:37:15Z,341
2026-10-09T01:18:26Z,3933,2026-10-09T01:14:51Z,3
2026-10-09T01:18:26Z,3934,2026-10-08T17:42:14Z,456
2026-10-09T01:18:26Z,3935,2026-10-09T01:14:51Z,3
2026-10-09T01:18:26Z,3936,2026-10-09T01:14:53Z,3
2026-10-09T01:18:26Z,3937,2026-10-08T15:49:05Z,569
2026-10-09T01:18:26Z,3938,2026-10-09T01:14:51Z,3
2026-10-09T01:18:26Z,3939,2026-10-08T15:48:57Z,569
2026-10-09T01:18:26Z,3940,2026-10-08T15:48:51Z,569
2026-10-09T01:18:26Z,3941,2026-10-09T01:14:52Z,3
2026-10-09T01:18:26Z,3942,2026-10-08T15:49:20Z,569
2026-10-09T01:18:26Z,3943,2026-10-08T15:49:08Z,569
2026-10-09T01:18:26Z,3944,2026-10-08T15:48:58Z,569
2026-10-09T01:18:26Z,3946,2026-10-08T16:09:51Z,548
2026-10-09T01:18:26Z,3947,2026-10-08T16:09:46Z,548
2026-10-09T01:18:26Z,3948,2026-10-08T15:49:02Z,569
2026-10-09T01:18:26Z,3949,2026-10-08T15:48:50Z,569
2026-10-09T01:18:26Z,3950,2026-10-09T01:14:53Z,3
2026-10-09T01:18:26Z,3951,2026-10-09T01:14:53Z,3
2026-10-09T01:18:26Z,3952,2026-10-08T15:49:06Z,569
2026-10-09T01:18:26Z,3953,2026-10-08T15:49:11Z,569
2026-10-09T01:18:26Z,3954,2026-10-08T15:49:04Z,569
2026-10-09T01:18:26Z,3955,2026-10-08T15:49:00Z,569
2026-10-09T01:18:26Z,3956,2026-10-08T15:49:16Z,569
2026-10-09T01:18:26Z,3957,2026-10-08T15:48:57Z,569
2026-10-09T01:18:26Z,3958,2026-10-08T15:49:03Z,569
2026-10-09T01:18:26Z,3959,2026-10-08T18:13:47Z,424
2026-10-09T01:18:26Z,3960,2026-10-08T15:49:04Z,569
2026-10-09T01:18:26Z,3961,2026-10-08T15:49:02Z,569
2026-10-09T01:18:26Z,3962,2026-10-08T15:49:00Z,569
2026-10-09T01:18:26Z,3963,2025-11-13T05:31:37Z,474946
2026-10-09T01:18:26Z,3964,2026-10-08T15:49:01Z,569
2026-10-09T01:18:26Z,3965,2026-10-02T22:15:32Z,8822
2026-10-09T01:18:26Z,3966,2026-10-09T01:14:52Z,3
2026-10-09T01:18:26Z,3967,2026-10-08T15:49:01Z,569
2026-10-09T01:18:26Z,3968,2026-10-08T15:49:02Z,569
2026-10-09T01:18:26Z,3969,2026-10-08T15:48:50Z,569
2026-10-09T01:18:26Z,3970,2026-10-08T15:49:30Z,568
2026-10-09T01:18:26Z,3971,2026-10-09T01:07:34Z,10
2026-10-09T01:18:26Z,3974,2026-10-08T15:49:01Z,569
2026-10-09T01:18:26Z,3975,2026-10-08T15:48:52Z,569
2026-10-09T01:18:26Z,3976,2026-10-08T15:48:50Z,569
2026-10-09T01:18:26Z,3977,2026-10-08T15:49:02Z,569
2026-10-09T01:18:26Z,3978,2026-10-09T01:14:51Z,3
2026-10-09T01:18:26Z,3979,2026-10-08T15:49:05Z,569
2026-10-09T01:18:26Z,3980,2026-10-09T01:14:52Z,3
2026-10-09T01:18:26Z,3986,2026-10-08T20:19:13Z,299
2026-10-09T01:18:26Z,3987,2026-10-08T21:01:11Z,257
2026-10-09T01:18:26Z,3988,2026-10-08T07:58:58Z,1039
2026-10-09T01:18:26Z,3989,2026-10-08T21:28:41Z,229
2026-10-09T01:18:26Z,3990,2026-10-08T16:57:59Z,500
2026-10-09T01:18:26Z,3991,2026-10-08T15:49:05Z,569
2026-10-09T01:18:26Z,3992,2026-10-08T18:52:45Z,385
2026-10-09T01:18:26Z,3993,2026-10-08T15:49:02Z,569
2026-10-09T01:18:26Z,3994,2025-12-01T16:51:17Z,448347
2026-10-09T01:18:26Z,3995,2026-03-13T20:54:47Z,301223
2026-10-09T01:18:26Z,3996,2026-10-08T19:10:20Z,368
2026-10-09T01:18:26Z,3997,2026-10-09T01:13:59Z,4
2026-10-09T01:18:26Z,3998,2026-10-08T21:36:27Z,221
2026-10-09T01:18:26Z,3999,2026-10-08T21:01:11Z,257
2026-10-09T01:18:26Z,4000,2026-10-08T08:18:21Z,1020
2026-10-09T01:18:26Z,4001,2026-10-09T01:15:19Z,3
2026-10-09T01:18:26Z,4002,2026-10-08T15:48:58Z,569
2026-10-09T01:18:26Z,4003,2026-10-08T15:49:01Z,569
2026-10-09T01:18:26Z,4004,2026-10-08T15:49:03Z,569
2026-10-09T01:18:26Z,4005,2026-10-08T15:49:00Z,569
2026-10-09T01:18:26Z,4006,2026-10-08T15:49:08Z,569
2026-10-09T01:18:26Z,4007,2026-10-08T15:49:06Z,569
2026-10-09T01:18:26Z,4008,2026-10-08T19:27:18Z,351
2026-10-09T01:18:26Z,4009,2026-10-08T19:40:40Z,337
2026-10-09T01:18:26Z,4010,2026-10-08T21:14:36Z,243
2026-10-09T01:18:26Z,4011,2026-10-08T21:14:36Z,243
2026-10-09T01:18:26Z,4012,2026-10-08T21:14:36Z,243
2026-10-09T01:18:26Z,4013,2026-10-08T15:49:02Z,569
2026-10-09T01:18:26Z,4014,2026-10-08T15:48:51Z,569
2026-10-09T01:18:26Z,4015,2026-10-08T15:49:06Z,569
2026-10-09T01:18:26Z,4017,2026-10-08T15:49:02Z,569
2026-10-09T01:18:26Z,4018,2026-10-08T15:49:08Z,569
2026-10-09T01:18:26Z,4019,2026-10-09T01:14:52Z,3
2026-10-09T01:18:26Z,4020,2026-10-08T15:49:02Z,569
2026-10-09T01:18:26Z,4021,2026-10-08T15:49:02Z,569
2026-10-09T01:18:26Z,4022,2026-10-08T15:49:01Z,569
2026-10-09T01:18:26Z,4023,2026-10-09T01:14:53Z,3
2026-10-09T01:18:26Z,4024,2025-09-23T08:50:51Z,548187
2026-10-09T01:18:26Z,4025,2026-10-08T15:49:01Z,569
2026-10-09T01:18:26Z,4026,2026-10-09T01:14:52Z,3
2026-10-09T01:18:26Z,4027,2026-10-08T15:49:05Z,569
2026-10-09T01:18:26Z,4028,2026-10-08T15:49:02Z,569
2026-10-09T01:18:26Z,4029,2026-10-08T15:49:08Z,569
2026-10-09T01:18:26Z,4030,2026-10-08T15:49:02Z,569
2026-10-09T01:18:26Z,4031,2026-10-08T15:48:57Z,569
2026-10-09T01:18:26Z,4032,2026-10-08T15:49:19Z,569
2026-10-09T01:18:26Z,4033,2026-10-08T15:48:57Z,569
2026-10-09T01:18:26Z,4034,2026-10-08T15:48:59Z,569
2026-10-09T01:18:26Z,4035,2026-10-08T15:49:07Z,569
2026-10-09T01:18:26Z,4036,2026-10-08T15:49:07Z,569
2026-10-09T01:18:26Z,4037,2026-10-09T01:14:52Z,3
2026-10-09T01:18:26Z,4038,2026-10-08T11:12:59Z,845
2026-10-09T01:18:26Z,4039,2026-10-09T01:14:53Z,3
2026-10-09T01:18:26Z,4040,2026-10-08T18:59:14Z,379
2026-10-09T01:18:26Z,4041,2026-09-30T21:46:11Z,11732
2026-10-09T01:18:26Z,4042,2026-10-07T04:25:12Z,2693
2026-10-09T01:18:26Z,4043,2026-10-09T01:14:51Z,3
2026-10-09T01:18:26Z,4044,2026-10-08T15:49:02Z,569
2026-10-09T01:18:26Z,4045,2026-10-08T15:49:19Z,569
2026-10-09T01:18:26Z,4046,2026-10-08T15:49:19Z,569
2026-10-09T01:18:26Z,4047,2026-10-08T15:49:20Z,569
2026-10-09T01:18:26Z,4048,2026-10-08T15:49:05Z,569
2026-10-09T01:18:26Z,4049,2026-10-08T15:48:58Z,569
2026-10-09T01:18:26Z,4050,2026-10-08T15:48:50Z,569
2026-10-09T01:18:26Z,4051,2026-10-08T15:48:51Z,569
2026-10-09T01:18:26Z,4052,2026-10-08T15:48:51Z,569
2026-10-09T01:18:26Z,4053,2026-10-09T01:14:52Z,3
2026-10-09T01:18:26Z,4054,2026-10-08T15:49:00Z,569
2026-10-09T01:18:26Z,4055,2026-10-08T15:49:00Z,569
2026-10-09T01:18:26Z,4056,2026-10-09T01:14:51Z,3
2026-10-09T01:18:26Z,4057,2026-10-08T15:49:06Z,569
2026-10-09T01:18:26Z,4058,2026-10-08T15:49:05Z,569
2026-10-09T01:18:26Z,4059,2026-10-08T15:49:07Z,569
2026-10-09T01:18:26Z,4060,2026-10-09T01:14:53Z,3
2026-10-09T01:18:26Z,4061,2026-10-08T15:49:01Z,569
2026-10-09T01:18:26Z,4062,2026-10-09T01:14:52Z,3
2026-10-09T01:18:26Z,4063,2026-10-08T15:49:05Z,569
2026-10-09T01:18:26Z,4064,2026-10-08T15:49:05Z,569
2026-10-09T01:18:26Z,4065,2026-10-08T17:56:55Z,441
2026-10-09T01:18:26Z,4066,2026-10-09T01:14:51Z,3
2026-10-09T01:18:26Z,4067,2026-10-08T15:48:52Z,569
2026-10-09T01:18:26Z,4068,2026-10-08T15:49:02Z,569
2026-10-09T01:18:26Z,4069,2026-10-08T17:47:00Z,451
2026-10-09T01:18:26Z,4070,2026-10-09T01:14:52Z,3
2026-10-09T01:18:26Z,4071,2026-10-08T19:05:41Z,372
2026-10-09T01:18:26Z,4072,2026-10-09T01:14:50Z,3
2026-10-09T01:18:26Z,4073,2026-10-09T01:14:50Z,3
2026-10-09T01:18:26Z,4074,2026-10-08T21:15:45Z,242
2026-10-09T01:18:26Z,4075,2026-10-09T01:14:53Z,3
2026-10-09T01:18:26Z,4076,2026-10-09T01:14:53Z,3
2026-10-09T01:18:26Z,4077,2026-10-08T17:02:44Z,495
2026-10-09T01:18:26Z,4078,2026-03-11T13:51:24Z,304527
2026-10-09T01:18:26Z,4079,2026-10-08T15:49:21Z,569
2026-10-09T01:18:26Z,4080,2026-10-08T21:37:00Z,221
2026-10-09T01:18:26Z,4081,2026-10-08T11:15:21Z,843
2026-10-09T01:18:26Z,4082,2026-10-08T19:02:00Z,376
2026-10-09T01:18:26Z,4083,2026-10-08T12:55:44Z,742
2026-10-09T01:18:26Z,4084,2026-10-08T18:12:32Z,425
2026-10-09T01:18:26Z,4085,2026-10-09T01:14:52Z,3
2026-10-09T01:18:26Z,4086,2026-10-08T19:25:08Z,353
2026-10-09T01:18:26Z,4087,2026-10-08T21:00:57Z,257
2026-10-09T01:18:26Z,4088,2026-10-09T01:08:39Z,9
2026-10-09T01:18:26Z,4089,2026-10-08T19:00:39Z,377
2026-10-09T01:18:26Z,4090,2026-10-08T17:41:10Z,457
2026-10-09T01:18:26Z,4091,2026-09-25T08:15:17Z,19743
2026-10-09T01:18:26Z,4092,2026-10-08T21:00:55Z,257
2026-10-09T01:18:26Z,4093,2026-10-09T01:14:53Z,3
2026-10-09T01:18:26Z,4094,2026-10-06T11:36:28Z,3701
2026-10-09T01:18:26Z,4095,2026-08-18T06:34:04Z,74564
2026-10-09T01:18:26Z,4096,2026-08-18T06:02:25Z,74596
2026-10-09T01:18:26Z,4097,2026-08-18T06:46:24Z,74552
2026-10-09T01:18:26Z,4099,2026-10-08T15:49:02Z,569
2026-10-09T01:18:26Z,4100,2026-10-08T15:55:30Z,562
2026-10-09T01:18:26Z,4101,2026-10-08T15:49:08Z,569
2026-10-09T01:18:26Z,4102,2026-10-08T15:49:05Z,569
2026-10-09T01:18:26Z,4103,2026-10-08T15:49:07Z,569
2026-10-09T01:18:26Z,4104,2026-10-08T15:49:22Z,569
2026-10-09T01:18:26Z,4105,2026-10-08T23:36:25Z,102
2026-10-09T01:18:26Z,4106,2026-10-09T01:14:53Z,3
2026-10-09T01:18:26Z,4108,2026-10-08T15:48:59Z,569
2026-10-09T01:18:26Z,4109,2026-10-09T01:14:53Z,3
2026-10-09T01:18:26Z,4110,2026-04-14T12:24:37Z,255653
2026-10-09T01:18:26Z,4111,2026-10-08T19:37:38Z,340
2026-10-09T01:18:26Z,4113,2026-03-06T07:58:24Z,312080
2026-10-09T01:18:26Z,4114,2026-10-09T01:14:51Z,3
2026-10-09T01:18:26Z,4115,2026-10-09T01:15:20Z,3
2026-10-09T01:18:26Z,4117,2026-10-08T15:49:11Z,569
2026-10-09T01:18:26Z,4118,2026-10-09T01:14:51Z,3
2026-10-09T01:18:26Z,4119,2026-10-09T01:14:53Z,3
2026-10-09T01:18:26Z,4121,2026-10-08T22:25:04Z,173
2026-10-09T01:18:26Z,4122,2026-10-08T19:03:10Z,375
2026-10-09T01:18:26Z,4123,2026-10-08T20:00:41Z,317
2026-10-09T01:18:26Z,4124,2026-10-08T19:30:37Z,347
2026-10-09T01:18:26Z,4125,2026-10-08T19:55:05Z,323
2026-10-09T01:18:26Z,4126,2026-10-08T19:05:32Z,372
2026-10-09T01:18:26Z,4127,2026-10-08T19:00:07Z,378
2026-10-09T01:18:26Z,4128,2026-10-07T18:42:14Z,1836
2026-10-09T01:18:26Z,4129,2026-10-08T18:44:36Z,393
2026-10-09T01:18:26Z,4130,2026-10-08T20:39:27Z,278
2026-10-09T01:18:26Z,4131,2026-10-08T21:46:39Z,211
2026-10-09T01:18:26Z,4132,2026-10-08T19:23:42Z,354
2026-10-09T01:18:26Z,4133,2026-10-08T19:16:00Z,362
2026-10-09T01:18:26Z,4134,2026-10-09T01:15:06Z,3
2026-10-09T01:18:26Z,4136,2026-10-08T13:36:26Z,702
2026-10-09T01:18:26Z,4137,2026-10-08T16:24:40Z,533
2026-10-09T01:18:26Z,4138,2026-10-08T15:49:01Z,569
2026-10-09T01:18:26Z,4141,2026-10-09T00:42:35Z,35
2026-10-09T01:18:26Z,4142,2026-10-08T15:30:30Z,587
2026-10-09T01:18:26Z,4145,2026-10-08T19:10:22Z,368
2026-10-09T01:18:26Z,4146,2026-10-08T21:00:43Z,257
2026-10-09T01:18:26Z,4147,2026-10-09T01:15:20Z,3
2026-10-09T01:18:26Z,4148,2026-10-08T15:49:03Z,569
2026-10-09T01:18:26Z,4149,2026-10-08T15:49:03Z,569
2026-10-09T01:18:26Z,4150,2026-10-08T15:49:06Z,569
2026-10-09T01:18:26Z,4151,2026-10-08T15:49:07Z,569
2026-10-09T01:18:26Z,4152,2026-10-08T15:48:58Z,569
2026-10-09T01:18:26Z,4153,2026-10-08T17:13:22Z,485
2026-10-09T01:18:26Z,4155,2026-10-08T23:11:40Z,126
2026-10-09T01:18:26Z,4156,2026-10-08T16:47:12Z,511
2026-10-09T01:18:26Z,4157,2026-10-09T01:14:25Z,4
2026-10-09T01:18:26Z,4158,2026-10-08T21:36:32Z,221
2026-10-09T01:18:26Z,4159,2026-10-08T21:36:29Z,221
2026-10-09T01:18:26Z,4160,2026-10-08T23:01:05Z,137
2026-10-09T01:18:26Z,4161,2026-10-08T19:10:22Z,368
2026-10-09T01:18:26Z,4162,2026-10-08T17:51:03Z,447
2026-10-09T01:18:26Z,4163,2026-10-08T23:07:20Z,131
2026-10-09T01:18:26Z,4165,2026-10-08T17:02:11Z,496
2026-10-09T01:18:26Z,4166,2026-10-08T17:40:02Z,458
2026-10-09T01:18:26Z,4167,2026-10-08T14:37:07Z,641
2026-10-09T01:18:26Z,4168,2026-10-08T19:10:22Z,368
2026-10-09T01:18:26Z,4169,2026-10-08T15:49:54Z,568
2026-10-09T01:18:26Z,4170,2026-10-08T15:48:57Z,569
2026-10-09T01:18:26Z,4171,2026-10-08T15:39:21Z,579
2026-10-09T01:18:26Z,4172,2026-10-09T01:14:51Z,3
2026-10-09T01:18:26Z,4173,2026-10-08T21:01:04Z,257
2026-10-09T01:18:26Z,4174,2026-10-08T15:49:02Z,569
2026-10-09T01:18:26Z,4175,2026-10-09T01:14:53Z,3
2026-10-09T01:18:26Z,4176,2026-10-08T15:49:04Z,569
2026-10-09T01:18:26Z,4177,2026-10-08T15:49:02Z,569
2026-10-09T01:18:26Z,4178,2026-10-09T01:14:51Z,3
2026-10-09T01:18:26Z,4179,2026-10-09T01:14:51Z,3
2026-10-09T01:18:26Z,4180,2026-10-08T15:48:57Z,569
2026-10-09T01:18:26Z,4181,2026-10-08T15:48:57Z,569
2026-10-09T01:18:26Z,4182,2026-10-08T15:49:11Z,569
2026-10-09T01:18:26Z,4183,2026-10-09T01:14:51Z,3
2026-10-09T01:18:26Z,4184,2026-10-08T15:48:58Z,569
2026-10-09T01:18:26Z,4185,2026-10-08T15:48:59Z,569
2026-10-09T01:18:26Z,4186,2026-10-09T01:14:53Z,3
2026-10-09T01:18:26Z,4187,2026-10-08T15:48:58Z,569
2026-10-09T01:18:26Z,4188,2026-10-09T01:14:53Z,3
2026-10-09T01:18:26Z,4189,2026-10-09T01:14:51Z,3
2026-10-09T01:18:26Z,4190,2026-10-08T15:48:58Z,569
2026-10-09T01:18:26Z,4191,2026-10-08T15:48:58Z,569
2026-10-09T01:18:26Z,4192,2026-08-26T02:53:10Z,63265
2026-10-09T01:18:26Z,4193,2026-08-25T03:01:06Z,64697
2026-10-09T01:18:26Z,4194,2026-10-09T01:14:53Z,3
2026-10-09T01:18:26Z,4195,2026-10-09T01:14:51Z,3
2026-10-09T01:18:26Z,4196,2026-10-08T15:49:17Z,569
2026-10-09T01:18:26Z,4197,2026-10-04T00:04:44Z,7273
2026-10-09T01:18:26Z,4198,2026-10-08T15:49:16Z,569
2026-10-09T01:18:26Z,4199,2026-10-09T01:14:51Z,3
2026-10-09T01:18:26Z,4200,2026-07-02T01:31:27Z,142546
2026-10-09T01:18:26Z,4201,2026-10-08T15:48:58Z,569
2026-10-09T01:18:26Z,4202,2026-10-09T01:14:52Z,3
2026-10-09T01:18:26Z,4203,2026-10-08T15:48:59Z,569
2026-10-09T01:18:26Z,4204,2026-10-08T15:48:59Z,569
2026-10-09T01:18:26Z,4205,2026-10-08T15:50:43Z,567
2026-10-09T01:18:26Z,4206,2026-10-08T18:52:22Z,386
2026-10-09T01:18:26Z,4207,2026-10-08T15:48:57Z,569
2026-10-09T01:18:26Z,4208,2026-10-09T01:14:53Z,3
2026-10-09T01:18:26Z,4209,2026-10-08T15:48:57Z,569
2026-10-09T01:18:26Z,4210,2026-10-08T15:48:59Z,569
2026-10-09T01:18:26Z,4211,2026-10-08T15:50:03Z,568
2026-10-09T01:18:26Z,4212,2026-10-09T01:14:52Z,3
2026-10-09T01:18:26Z,4213,2026-10-08T15:48:57Z,569
2026-10-09T01:18:26Z,4214,2026-10-08T19:43:07Z,335
2026-10-09T01:18:26Z,4216,2026-10-09T01:14:53Z,3
2026-10-09T01:18:26Z,4217,2026-10-08T15:48:59Z,569
2026-10-09T01:18:26Z,4218,2026-10-09T01:08:25Z,10
2026-10-09T01:18:26Z,4220,2026-10-09T01:14:51Z,3
2026-10-09T01:18:26Z,4221,2026-10-08T15:48:57Z,569
2026-10-09T01:18:26Z,4222,2026-10-08T15:48:58Z,569
2026-10-09T01:18:26Z,4223,2026-10-08T15:48:59Z,569
2026-10-09T01:18:26Z,4224,2026-10-08T15:48:57Z,569
2026-10-09T01:18:26Z,4225,2026-10-08T15:48:57Z,569
2026-10-09T01:18:26Z,4231,2026-10-08T15:49:08Z,569
2026-10-09T01:18:26Z,4233,2026-10-09T01:15:03Z,3
2026-10-09T01:18:26Z,4234,2026-10-09T01:14:51Z,3
2026-10-09T01:18:26Z,4235,2026-10-08T15:49:21Z,569
2026-10-09T01:18:26Z,4236,2026-10-08T13:55:00Z,683
2026-10-09T01:18:26Z,4237,2026-10-08T21:01:13Z,257
2026-10-09T01:18:26Z,4238,2026-10-08T19:25:50Z,352
2026-10-09T01:18:26Z,4239,2026-10-09T01:14:53Z,3
2026-10-09T01:18:26Z,4240,2026-10-09T00:58:15Z,20
2026-10-09T01:18:26Z,4241,2026-08-19T05:17:18Z,73201
2026-10-09T01:18:26Z,4242,2026-10-08T03:37:27Z,1300
2026-10-09T01:18:26Z,4243,2026-10-08T15:48:58Z,569
2026-10-09T01:18:26Z,4244,2026-10-08T15:48:59Z,569
2026-10-09T01:18:26Z,4245,2025-09-09T08:04:42Z,568393
2026-10-09T01:18:26Z,4246,2026-10-08T05:27:12Z,1191
2026-10-09T01:18:26Z,4247,2026-10-09T01:14:51Z,3
2026-10-09T01:18:26Z,4248,2026-10-08T15:48:57Z,569
2026-10-09T01:18:26Z,4249,2026-10-08T15:48:59Z,569
2026-10-09T01:18:26Z,4250,2026-10-08T18:20:50Z,417
2026-10-09T01:18:26Z,4251,2026-10-08T15:48:58Z,569
2026-10-09T01:18:26Z,4252,2026-10-08T15:48:58Z,569
2026-10-09T01:18:26Z,4253,2026-10-08T15:48:58Z,569
2026-10-09T01:18:26Z,4254,2026-10-08T15:48:58Z,569
2026-10-09T01:18:26Z,4255,2025-09-09T08:04:42Z,568393
2026-10-09T01:18:26Z,4256,2025-09-09T08:04:42Z,568393
2026-10-09T01:18:26Z,4257,2025-09-09T08:04:42Z,568393
2026-10-09T01:18:26Z,4258,2026-10-09T01:14:52Z,3
2026-10-09T01:18:26Z,4259,2026-10-09T01:14:51Z,3
2026-10-09T01:18:26Z,4260,2026-10-08T20:45:47Z,272
2026-10-09T01:18:26Z,4261,2026-10-08T21:01:19Z,257
2026-10-09T01:18:26Z,4262,2026-10-09T01:14:53Z,3
2026-10-09T01:18:26Z,4263,2026-10-08T15:48:57Z,569
2026-10-09T01:18:26Z,4264,2026-10-09T01:14:52Z,3
2026-10-09T01:18:26Z,4265,2026-10-08T15:49:16Z,569
2026-10-09T01:18:26Z,4266,2026-10-08T15:48:57Z,569
2026-10-09T01:18:26Z,4267,2026-09-23T06:04:27Z,22753
2026-10-09T01:18:26Z,4268,2026-10-08T21:00:51Z,257
2026-10-09T01:18:26Z,4270,2026-10-08T15:48:57Z,569
2026-10-09T01:18:26Z,4271,2026-10-08T15:48:57Z,569
2026-10-09T01:18:26Z,4272,2026-10-08T15:48:57Z,569
2026-10-09T01:18:26Z,4273,2026-10-09T01:14:52Z,3
2026-10-09T01:18:26Z,4274,2026-10-08T16:48:19Z,510
2026-10-09T01:18:26Z,4275,2026-10-08T17:05:51Z,492
2026-10-09T01:18:26Z,4277,2026-10-08T14:21:40Z,656
2026-10-09T01:18:26Z,4278,2026-10-08T23:11:36Z,126
2026-10-09T01:18:26Z,4279,2026-10-08T18:03:42Z,434
2026-10-09T01:18:26Z,4280,2026-10-08T18:32:56Z,405
2026-10-09T01:18:26Z,4281,2026-10-09T00:02:36Z,75
2026-10-09T01:18:26Z,4282,2026-10-08T17:32:51Z,465
2026-10-09T01:18:26Z,4283,2026-10-09T00:56:15Z,22
2026-10-09T01:18:26Z,4284,2026-10-08T09:38:55Z,939
2026-10-09T01:18:26Z,4285,2026-10-08T17:11:31Z,486
2026-10-09T01:18:26Z,4286,2026-10-08T17:33:56Z,464
2026-10-09T01:18:26Z,4287,2026-10-08T15:48:59Z,569
2026-10-09T01:18:26Z,4288,2026-10-08T15:48:58Z,569
2026-10-09T01:18:26Z,4289,2026-10-08T15:48:58Z,569
2026-10-09T01:18:26Z,4290,2026-10-08T15:48:58Z,569
2026-10-09T01:18:26Z,4291,2025-09-09T08:04:42Z,568393
2026-10-09T01:18:26Z,4292,2026-10-09T01:14:52Z,3
2026-10-09T01:18:26Z,4293,2026-10-09T01:14:52Z,3
2026-10-09T01:18:26Z,4294,2026-10-08T23:49:25Z,89
2026-10-09T01:18:26Z,4295,2026-08-12T02:28:09Z,83450
2026-10-09T01:18:26Z,4296,2026-10-09T01:15:19Z,3
2026-10-09T01:18:26Z,4297,2026-10-08T15:49:04Z,569
2026-10-09T01:18:26Z,4298,2026-10-08T15:52:01Z,566
2026-10-09T01:18:26Z,4299,2026-10-08T15:48:58Z,569
2026-10-09T01:18:26Z,4300,2026-10-09T01:14:53Z,3
2026-10-09T01:18:26Z,4301,2026-10-09T01:14:52Z,3
2026-10-09T01:18:26Z,4302,2026-10-08T15:48:57Z,569
2026-10-09T01:18:26Z,4303,2026-10-08T19:22:05Z,356
2026-10-09T01:18:26Z,4304,2026-10-08T09:23:22Z,955
2026-10-09T01:18:26Z,4305,2026-10-09T01:14:51Z,3
2026-10-09T01:18:26Z,4306,2026-10-08T15:49:02Z,569
2026-10-09T01:18:26Z,4307,2026-10-08T15:49:01Z,569
2026-10-09T01:18:26Z,4308,2026-10-08T15:49:43Z,568
2026-10-09T01:18:26Z,4309,2026-10-06T04:29:22Z,4129
2026-10-09T01:18:26Z,4310,2026-10-09T01:14:51Z,3
2026-10-09T01:18:26Z,4311,2026-10-08T13:56:46Z,681
2026-10-09T01:18:26Z,4312,2026-10-08T13:56:47Z,681
2026-10-09T01:18:26Z,4313,2026-10-08T13:56:48Z,681
2026-10-09T01:18:26Z,4315,2026-10-08T22:05:52Z,192
2026-10-09T01:18:26Z,4316,2026-10-08T19:49:29Z,328
2026-10-09T01:18:26Z,4317,2026-10-08T23:22:23Z,116
2026-10-09T01:18:26Z,4318,2026-09-29T10:14:55Z,13863
2026-10-09T01:18:26Z,4319,2026-10-08T22:24:24Z,174
2026-10-09T01:18:26Z,4320,2026-10-08T21:00:54Z,257
2026-10-09T01:18:26Z,4321,2026-10-08T15:09:51Z,608
2026-10-09T01:18:26Z,4322,2026-08-27T10:04:36Z,61393
2026-10-09T01:18:26Z,4323,2026-10-08T20:18:44Z,299
2026-10-09T01:18:26Z,4324,2026-10-08T19:10:31Z,367
2026-10-09T01:18:26Z,4326,2026-09-29T08:57:14Z,13941
2026-10-09T01:18:26Z,4327,2026-10-08T15:48:58Z,569
2026-10-09T01:18:26Z,4328,2026-10-08T19:10:33Z,367
2026-10-09T01:18:26Z,4331,2026-10-08T13:18:54Z,719
2026-10-09T01:18:26Z,4332,2026-10-08T21:54:52Z,203
2026-10-09T01:18:26Z,4333,2026-10-08T19:10:35Z,367
2026-10-09T01:18:26Z,4334,2026-10-08T13:37:31Z,700
2026-10-09T01:18:26Z,4335,2025-09-23T08:51:12Z,548187
2026-10-09T01:18:26Z,4336,2026-10-08T15:49:16Z,569
2026-10-09T01:18:26Z,4337,2026-10-08T15:48:58Z,569
2026-10-09T01:18:26Z,4338,2026-10-08T15:49:07Z,569
2026-10-09T01:18:26Z,4339,2026-10-09T00:59:13Z,19
2026-10-09T01:18:26Z,4340,2026-10-08T19:10:35Z,367
2026-10-09T01:18:26Z,4341,2026-10-08T19:10:35Z,367
2026-10-09T01:18:26Z,4342,2026-10-08T19:10:36Z,367
2026-10-09T01:18:26Z,4343,2026-10-08T19:10:36Z,367
2026-10-09T01:18:26Z,4344,2026-10-08T19:10:36Z,367
2026-10-09T01:18:26Z,4345,2026-10-08T19:10:36Z,367
2026-10-09T01:18:26Z,4346,2026-10-09T00:52:27Z,25
2026-10-09T01:18:26Z,4347,2026-10-08T19:10:37Z,367
2026-10-09T01:18:26Z,4348,2026-10-08T19:10:37Z,367
2026-10-09T01:18:26Z,4349,2026-10-09T01:15:06Z,3
2026-10-09T01:18:26Z,4352,2026-10-08T20:18:59Z,299
2026-10-09T01:18:26Z,4353,2026-10-09T00:22:49Z,55
2026-10-09T01:18:26Z,4354,2026-10-08T19:10:38Z,367
2026-10-09T01:18:26Z,4355,2026-10-09T00:27:15Z,51
2026-10-09T01:18:26Z,4360,2026-10-08T19:10:40Z,367
2026-10-09T01:18:26Z,4363,2026-10-08T13:58:14Z,680
2026-10-09T01:18:26Z,4366,2026-10-08T21:00:58Z,257
2026-10-09T01:18:26Z,4367,2026-10-09T01:02:55Z,15
2026-10-09T01:18:26Z,4368,2026-10-08T19:10:42Z,367
2026-10-09T01:18:26Z,4369,2026-10-08T19:10:42Z,367
2026-10-09T01:18:26Z,4370,2026-10-08T19:10:42Z,367
2026-10-09T01:18:26Z,4373,2026-10-08T15:50:13Z,568
2026-10-09T01:18:26Z,4374,2026-10-09T01:02:55Z,15
2026-10-09T01:18:26Z,4375,2026-10-08T19:10:42Z,367
2026-10-09T01:18:26Z,4376,2026-10-08T19:02:09Z,376
2026-10-09T01:18:26Z,4377,2026-10-08T13:31:08Z,707
2026-10-09T01:18:26Z,4378,2026-10-08T17:53:56Z,444
2026-10-09T01:18:26Z,4379,2026-10-08T19:10:43Z,367
2026-10-09T01:18:26Z,4380,2026-10-09T00:52:44Z,25
2026-10-09T01:18:26Z,4382,2026-10-08T16:19:16Z,539
2026-10-09T01:18:26Z,4383,2026-10-08T21:01:26Z,257
2026-10-09T01:18:26Z,4571,2026-10-08T19:10:44Z,367
2026-10-09T01:18:26Z,4572,2026-10-08T15:49:08Z,569
2026-10-09T01:18:26Z,4574,2026-10-08T19:10:45Z,367
2026-10-09T01:18:26Z,4575,2024-10-07T08:55:34Z,1053622
2026-10-09T01:18:26Z,4577,2026-10-09T00:14:54Z,63
2026-10-09T01:18:26Z,4578,2026-10-09T01:15:06Z,3
2026-10-09T01:18:26Z,4579,2026-10-08T19:10:45Z,367
2026-10-09T01:18:26Z,4580,2026-10-08T19:10:46Z,367
2026-10-09T01:18:26Z,4581,2026-10-08T19:10:46Z,367
2026-10-09T01:18:26Z,4582,2026-10-08T21:01:33Z,256
2026-10-09T01:18:26Z,4584,2026-10-08T19:10:46Z,367
2026-10-09T01:18:26Z,4585,2026-10-08T19:10:46Z,367
2026-10-09T01:18:26Z,4587,2026-10-08T21:00:49Z,257
2026-10-09T01:18:26Z,4588,2026-10-08T21:01:18Z,257
2026-10-09T01:18:26Z,4589,2026-10-09T01:15:03Z,3
2026-10-09T01:18:26Z,4590,2026-10-09T01:15:03Z,3
2026-10-09T01:18:26Z,4591,2026-10-09T01:15:03Z,3
2026-10-09T01:18:26Z,4593,2026-10-09T01:15:03Z,3
2026-10-09T01:18:26Z,4594,2026-10-09T01:15:03Z,3
2026-10-09T01:18:26Z,4595,2026-10-09T01:15:03Z,3
2026-10-09T01:18:26Z,4596,2026-10-09T01:15:03Z,3
2026-10-09T01:18:26Z,4597,2026-10-09T01:15:03Z,3
2026-10-09T01:18:26Z,4598,2026-10-09T01:15:03Z,3
2026-10-09T01:18:26Z,4599,2026-10-09T01:15:03Z,3
2026-10-09T01:18:26Z,4602,2026-10-09T01:15:03Z,3
2026-10-09T01:18:26Z,4687,2026-10-09T01:15:03Z,3
2026-10-09T01:18:26Z,4688,2026-10-09T01:15:03Z,3
2026-10-09T01:18:26Z,4689,2026-10-09T01:15:03Z,3
2026-10-09T01:18:26Z,4690,2026-10-09T01:15:03Z,3
2026-10-09T01:18:26Z,4702,2026-10-09T01:15:03Z,3
2026-10-09T01:18:26Z,4776,2026-10-09T01:15:03Z,3
2026-10-09T01:18:26Z,4777,2026-10-09T01:15:03Z,3
2026-10-09T01:18:26Z,4779,2026-10-09T01:15:03Z,3
2026-10-09T01:18:26Z,4780,2026-10-09T01:15:03Z,3
2026-10-09T01:18:26Z,4782,2026-10-09T01:15:03Z,3
2026-10-09T01:18:26Z,4784,2026-10-09T01:15:03Z,3
2026-10-09T01:18:26Z,4785,2026-10-09T01:15:03Z,3
2026-10-09T01:18:26Z,4786,2026-10-09T01:15:03Z,3
2026-10-09T01:18:26Z,4787,2026-10-09T01:15:03Z,3
2026-10-09T01:18:26Z,4788,2026-10-09T01:15:03Z,3
2026-10-09T01:18:26Z,4789,2026-10-09T01:15:03Z,3
2026-10-09T01:18:26Z,4790,2026-10-09T01:15:03Z,3
2026-10-09T01:18:26Z,4791,2026-10-09T01:15:03Z,3
2026-10-09T01:18:26Z,4792,2026-10-09T01:15:03Z,3
2026-10-09T01:18:26Z,4793,2026-10-09T01:15:03Z,3
2026-10-09T01:18:26Z,4794,2026-10-09T01:15:03Z,3
2026-10-09T01:18:26Z,4795,2026-10-09T01:15:03Z,3
2026-10-09T01:18:26Z,4796,2026-10-09T01:15:03Z,3
2026-10-09T01:18:26Z,4797,2026-10-09T01:15:03Z,3
2026-10-09T01:18:26Z,4798,2026-10-09T01:15:03Z,3
2026-10-09T01:18:26Z,4799,2026-10-09T01:15:03Z,3
2026-10-09T01:18:26Z,4800,2026-10-09T01:15:03Z,3
2026-10-09T01:18:26Z,4801,2026-10-09T01:15:03Z,3
2026-10-09T01:18:26Z,4804,2026-10-09T01:15:03Z,3
2026-10-09T01:18:26Z,4806,2026-10-09T01:15:03Z,3
2026-10-09T01:18:26Z,4807,2026-10-09T01:15:03Z,3
2026-10-09T01:18:26Z,4808,2026-10-09T01:15:03Z,3
2026-10-09T01:18:26Z,4809,2026-10-08T21:02:33Z,255
2026-10-09T01:18:26Z,4810,2026-10-08T21:00:44Z,257
2026-10-09T01:18:26Z,4811,2026-10-08T19:10:48Z,367
2026-10-09T01:18:26Z,4812,2026-10-08T19:10:48Z,367
2026-10-09T01:18:26Z,4813,2026-10-08T19:10:48Z,367
2026-10-09T01:18:26Z,4814,2026-10-08T19:10:49Z,367
2026-10-09T01:18:26Z,4816,2026-10-09T01:14:53Z,3
2026-10-09T01:18:26Z,4817,2026-10-08T15:48:57Z,569
2026-10-09T01:18:26Z,4818,2026-10-09T01:15:20Z,3
2026-10-09T01:18:26Z,4819,2026-10-08T15:49:02Z,569
2026-10-09T01:18:26Z,4820,2026-10-08T15:49:04Z,569
2026-10-09T01:18:26Z,4821,2026-10-09T01:14:52Z,3
2026-10-09T01:18:26Z,4822,2026-10-08T15:49:08Z,569
2026-10-09T01:18:26Z,4823,2026-10-09T01:15:20Z,3
2026-10-09T01:18:26Z,4824,2026-10-08T15:49:17Z,569
2026-10-09T01:18:26Z,4825,2026-10-08T19:10:49Z,367
2026-10-09T01:18:26Z,4826,2026-10-08T23:56:07Z,82
2026-10-09T01:18:26Z,4829,2026-10-08T19:05:25Z,373
2026-10-09T01:18:26Z,4830,2026-10-09T01:15:03Z,3
2026-10-09T01:18:26Z,4832,2026-10-09T01:10:56Z,7
2026-10-09T01:18:26Z,4833,2026-10-08T19:10:50Z,367
2026-10-09T01:18:26Z,4834,2026-10-08T21:00:46Z,257
2026-10-09T01:18:26Z,4837,2026-10-09T01:15:03Z,3
2026-10-09T01:18:26Z,4838,2026-10-09T01:15:03Z,3
2026-10-09T01:18:26Z,4839,2026-10-08T21:00:51Z,257
2026-10-09T01:18:26Z,4840,2026-10-05T05:02:16Z,5536
2026-10-09T01:18:26Z,4841,2026-10-05T05:02:25Z,5536
2026-10-09T01:18:26Z,4842,2026-10-05T05:02:16Z,5536
2026-10-09T01:18:26Z,4843,2026-10-05T05:02:25Z,5536
2026-10-09T01:18:26Z,4844,2026-10-05T05:02:04Z,5536
2026-10-09T01:18:26Z,4845,2026-10-08T14:09:06Z,669
2026-10-09T01:18:26Z,4847,2026-10-09T01:15:03Z,3
2026-10-09T01:18:26Z,4848,2026-10-09T01:15:03Z,3
2026-10-09T01:18:26Z,4849,2026-10-09T00:34:08Z,44
2026-10-09T01:18:26Z,4850,2026-10-09T00:34:14Z,44
2026-10-09T01:18:26Z,4851,2026-10-09T00:15:48Z,62
2026-10-09T01:18:26Z,4852,2026-10-09T00:34:08Z,44
2026-10-09T01:18:26Z,4853,2026-10-09T00:18:15Z,60
2026-10-09T01:18:26Z,4854,2026-10-09T01:07:02Z,11
2026-10-09T01:18:26Z,4855,2026-10-09T00:26:45Z,51
2026-10-09T01:18:26Z,4856,2026-10-09T01:07:54Z,10
2026-10-09T01:18:26Z,4857,2026-10-09T00:26:52Z,51
2026-10-09T01:18:26Z,4858,2026-10-09T00:14:23Z,64
2026-10-09T01:18:26Z,4859,2026-10-09T00:28:20Z,50
2026-10-09T01:18:26Z,4860,2026-10-08T19:10:51Z,367
2026-10-09T01:18:26Z,4861,2026-10-08T15:03:51Z,614
2026-10-09T01:18:26Z,5805,2026-10-08T23:53:07Z,85
2026-10-09T01:18:26Z,5806,2026-10-08T21:01:17Z,257
2026-10-09T01:18:26Z,5807,2026-10-08T23:55:11Z,83
2026-10-09T01:18:26Z,5808,2026-10-08T18:06:58Z,431
2026-10-09T01:18:26Z,5809,2026-10-09T01:11:45Z,6
2026-10-09T01:18:26Z,5810,2026-10-06T10:40:18Z,3758
2026-10-09T01:18:26Z,6797,2026-10-09T01:15:03Z,3
2026-10-09T01:18:26Z,6798,2026-10-09T01:15:03Z,3
2026-10-09T01:18:26Z,6799,2026-10-09T01:15:03Z,3
2026-10-09T01:18:26Z,6800,2026-10-09T01:15:03Z,3
2026-10-09T01:18:26Z,6801,2026-10-09T01:15:03Z,3
2026-10-09T01:18:26Z,6802,2026-10-09T01:15:03Z,3
2026-10-09T01:18:26Z,6803,2026-10-09T01:15:03Z,3
2026-10-09T01:18:26Z,6804,2026-10-09T01:15:03Z,3
2026-10-09T01:18:26Z,6812,2026-10-09T01:15:03Z,3
2026-10-09T01:18:26Z,6814,2026-10-09T01:15:03Z,3
2026-10-09T01:18:26Z,6815,2026-10-08T21:00:40Z,257
2026-10-09T01:18:26Z,6817,2026-10-09T01:15:03Z,3
2026-10-09T01:18:26Z,6818,2026-10-09T01:15:03Z,3
2026-10-09T01:18:26Z,6819,2026-10-09T01:15:03Z,3
2026-10-09T01:18:26Z,6820,2026-10-09T01:15:03Z,3
2026-10-09T01:18:26Z,6821,2026-10-09T01:15:03Z,3
2026-10-09T01:18:26Z,6822,2026-10-09T01:15:03Z,3
2026-10-09T01:18:26Z,6823,2026-10-09T01:15:03Z,3
2026-10-09T01:18:26Z,6825,2026-10-09T01:15:03Z,3
2026-10-09T01:18:26Z,6826,2026-10-09T01:15:03Z,3
2026-10-09T01:18:26Z,6827,2026-10-09T01:15:03Z,3
2026-10-09T01:18:26Z,6828,2026-10-08T19:10:52Z,367
2026-10-09T01:18:26Z,6830,2026-10-09T01:15:03Z,3
2026-10-09T01:18:26Z,6831,2026-10-09T01:15:03Z,3
2026-10-09T01:18:26Z,6832,2026-10-09T01:15:03Z,3
2026-10-09T01:18:26Z,6833,2026-10-09T01:15:03Z,3
2026-10-09T01:18:26Z,6834,2026-10-09T01:15:03Z,3
2026-10-09T01:18:26Z,6835,2026-10-08T18:20:50Z,417
2026-10-09T01:18:26Z,6837,2026-10-08T21:01:01Z,257
2026-10-09T01:18:26Z,6838,2026-10-08T20:32:29Z,285
2026-10-09T01:18:26Z,6839,2026-10-07T12:04:41Z,2233
2026-10-09T01:18:26Z,6841,2026-10-09T01:15:03Z,3
2026-10-09T01:18:26Z,6845,2026-10-08T21:01:14Z,257
2026-10-09T01:18:26Z,6847,2026-10-09T01:15:03Z,3
2026-10-09T01:18:26Z,6849,2026-10-09T01:15:03Z,3
2026-10-09T01:18:26Z,6850,2026-10-08T03:38:55Z,1299
2026-10-09T01:18:26Z,6853,2026-10-08T17:18:10Z,480
2026-10-09T01:18:26Z,6855,2026-10-08T16:29:26Z,529
2026-10-09T01:18:26Z,6856,2026-10-08T21:00:55Z,257
2026-10-09T01:18:26Z,6857,2026-10-08T19:10:54Z,367
2026-10-09T01:18:26Z,6858,2026-10-08T10:00:03Z,918
2026-10-09T01:18:26Z,6860,2026-10-09T01:14:53Z,3
2026-10-09T01:18:26Z,6862,2026-10-08T19:32:04Z,346
2026-10-09T01:18:26Z,6864,2026-10-08T16:47:59Z,510
2026-10-09T01:18:26Z,14360,2026-10-09T01:15:03Z,3
2026-10-09T01:18:26Z,14368,2026-10-07T06:37:59Z,2560
2026-10-09T01:18:26Z,14369,2026-10-08T20:43:31Z,274
2026-10-09T01:18:26Z,14370,2026-10-08T16:54:34Z,503
2026-10-09T01:18:26Z,14371,2026-10-08T04:35:49Z,1242
2026-10-09T01:18:26Z,14372,2026-10-08T22:31:48Z,166
2026-10-09T01:18:26Z,14374,2026-09-29T16:11:14Z,13507
2026-10-09T01:18:26Z,14375,2026-10-01T18:03:22Z,10515
2026-10-09T01:18:26Z,14376,2026-10-08T15:20:51Z,597
2026-10-09T01:18:26Z,14403,2026-10-09T00:23:34Z,54
2026-10-09T01:18:26Z,14404,2026-10-09T01:15:03Z,3
2026-10-09T01:18:26Z,14405,2026-09-12T15:14:13Z,38044
2026-10-09T01:18:26Z,14406,2026-10-08T19:36:52Z,341
2026-10-09T01:18:26Z,14407,2026-09-18T16:52:05Z,29306
2026-10-09T01:18:26Z,14408,2026-09-26T14:42:06Z,17916
2026-10-09T01:18:26Z,14409,2026-10-07T22:28:29Z,1609
2026-10-09T01:18:26Z,14410,2026-10-08T13:00:08Z,738
2026-10-09T01:18:26Z,14411,2026-10-09T01:15:03Z,3
2026-10-09T01:18:26Z,14412,2026-10-09T01:15:03Z,3
2026-10-09T01:18:26Z,14413,2026-10-09T01:15:03Z,3
2026-10-09T01:18:26Z,14414,2026-10-09T01:15:03Z,3
2026-10-09T01:18:26Z,14415,2026-10-09T01:15:03Z,3
2026-10-09T01:18:26Z,14416,2026-10-08T19:10:55Z,367
2026-10-09T01:18:26Z,14417,2026-10-09T01:15:03Z,3
2026-10-09T01:18:26Z,14418,2026-10-08T14:56:47Z,621
2026-10-09T01:18:26Z,14419,2026-10-08T17:22:45Z,475
2026-10-09T01:18:26Z,14420,2026-10-08T18:11:27Z,426
2026-10-09T01:18:26Z,14422,2026-10-09T01:15:03Z,3
2026-10-09T01:18:26Z,14423,2026-10-09T01:15:03Z,3
2026-10-09T01:18:26Z,14424,2026-10-08T21:01:23Z,257
2026-10-09T01:18:26Z,14427,2026-10-09T01:15:03Z,3
2026-10-09T01:18:26Z,14445,2026-10-09T01:15:03Z,3
2026-10-09T01:18:26Z,14446,2026-10-09T01:15:03Z,3
2026-10-09T01:18:26Z,14447,2026-10-09T01:15:03Z,3
2026-10-09T01:18:26Z,14448,2026-10-09T01:15:03Z,3
2026-10-09T01:18:26Z,14449,2026-10-08T21:01:18Z,257
2026-10-09T01:18:26Z,14451,2026-10-09T01:15:03Z,3
2026-10-09T01:18:26Z,14452,2026-10-09T01:15:03Z,3
2026-10-09T01:18:26Z,14453,2026-10-06T17:17:49Z,3360
2026-10-09T01:18:26Z,14454,2026-10-08T12:30:11Z,768
2026-10-09T01:18:26Z,14455,2026-10-09T01:06:52Z,11
2026-10-09T01:18:26Z,14456,2026-10-08T19:10:55Z,367
2026-10-09T01:18:26Z,14457,2026-10-08T19:10:55Z,367
2026-10-09T01:18:26Z,14458,2026-10-08T18:58:36Z,379
2026-10-09T01:18:26Z,14460,2025-08-24T21:39:38Z,590618
2026-10-09T01:18:26Z,14461,2026-10-08T15:48:57Z,569
2026-10-09T01:18:26Z,14464,2026-10-08T15:48:57Z,569
2026-10-09T01:18:26Z,14465,2025-08-24T21:39:38Z,590618
2026-10-09T01:18:26Z,14471,2026-10-09T00:26:53Z,51
2026-10-09T01:18:26Z,14473,2026-10-08T21:00:54Z,257
2026-10-09T01:18:26Z,14475,2026-10-08T17:47:32Z,450
2026-10-09T01:18:26Z,14476,2026-10-08T14:21:43Z,656
2026-10-09T01:18:26Z,14477,2026-10-09T00:01:51Z,76
2026-10-09T01:18:26Z,14478,2026-10-08T08:20:08Z,1018
2026-10-09T01:18:26Z,14479,2026-10-08T16:30:50Z,527
2026-10-09T01:18:26Z,14480,2026-10-08T19:10:55Z,367
2026-10-09T01:18:26Z,14481,2026-10-08T18:10:50Z,427
2026-10-09T01:18:26Z,14484,2026-10-07T00:05:35Z,2952
2026-10-09T01:18:26Z,14485,2026-10-08T21:00:49Z,257
2026-10-09T01:18:26Z,14486,2026-10-08T21:00:53Z,257
2026-10-09T01:18:26Z,14487,2026-10-08T21:00:52Z,257
2026-10-09T01:18:26Z,14488,2026-10-08T21:00:59Z,257
2026-10-09T01:18:26Z,14489,2026-10-08T21:00:45Z,257
2026-10-09T01:18:26Z,14490,2026-10-09T00:01:10Z,77
2026-10-09T01:18:26Z,14498,2026-10-08T16:00:26Z,558
2026-10-09T01:18:26Z,14499,2026-10-09T01:03:04Z,15
2026-10-09T01:18:26Z,14500,2026-10-09T00:32:04Z,46
2026-10-09T01:18:26Z,14502,2026-10-08T17:53:43Z,444
2026-10-09T01:18:26Z,14503,2026-10-09T01:07:13Z,11
2026-10-09T01:18:26Z,14504,2026-10-08T15:32:09Z,586
2026-10-09T01:18:26Z,14506,2026-10-08T21:00:55Z,257
2026-10-09T01:18:26Z,14509,2026-10-08T14:54:00Z,624
2026-10-09T01:18:26Z,14510,2026-10-08T19:10:55Z,367
2026-10-09T01:18:26Z,14511,2026-10-08T19:10:55Z,367
2026-10-09T01:18:26Z,14512,2026-10-08T19:10:56Z,367
2026-10-09T01:18:26Z,14513,2026-10-08T15:48:59Z,569
2026-10-09T01:18:26Z,14515,2026-10-09T01:15:06Z,3
2026-10-09T01:18:26Z,14517,2026-10-09T01:15:06Z,3
2026-10-09T01:18:26Z,14519,2026-10-08T17:06:33Z,491
2026-10-09T01:18:26Z,14521,2026-10-08T19:02:08Z,376
2026-10-09T01:18:26Z,14522,2026-10-08T16:05:21Z,553
2026-10-09T01:18:26Z,14523,2026-10-08T21:58:31Z,199
2026-10-09T01:18:26Z,14525,2026-09-22T10:42:18Z,23916
2026-10-09T01:18:26Z,14526,2026-10-09T01:15:06Z,3
2026-10-09T01:18:26Z,14527,2026-10-08T16:21:02Z,537
2026-10-09T01:18:26Z,14528,2026-10-08T21:21:14Z,237
2026-10-09T01:18:26Z,14529,2026-10-08T21:00:49Z,257
2026-10-09T01:18:26Z,14530,2026-10-08T17:34:57Z,463
2026-10-09T01:18:26Z,14531,2026-10-08T16:31:01Z,527
2026-10-09T01:18:26Z,14532,2026-10-08T15:49:15Z,569
2026-10-09T01:18:26Z,14533,2026-10-08T15:49:16Z,569
2026-10-09T01:18:26Z,14534,2026-10-09T01:14:53Z,3
2026-10-09T01:18:26Z,14535,2026-10-08T15:48:59Z,569
2026-10-09T01:18:26Z,14536,2026-10-08T15:48:59Z,569
2026-10-09T01:18:26Z,14537,2026-10-09T01:15:03Z,3
2026-10-09T01:18:26Z,15365,2026-10-09T00:28:33Z,49
2026-10-09T01:18:26Z,15366,2026-10-09T00:28:13Z,50
2026-10-09T01:18:26Z,15367,2026-10-08T21:01:00Z,257
2026-10-09T01:18:26Z,15368,2026-10-08T09:36:24Z,942
2026-10-09T01:18:26Z,15369,2026-10-08T22:42:52Z,155
2026-10-09T01:18:26Z,15370,2026-10-08T21:00:15Z,258
2026-10-09T01:18:26Z,15371,2026-10-08T12:00:57Z,797
2026-10-09T01:18:26Z,15372,2026-10-08T14:14:08Z,664
2026-10-09T01:18:26Z,15373,2026-10-08T19:10:57Z,367
2026-10-09T01:18:26Z,15374,2026-08-11T06:32:23Z,84646
2026-10-09T01:18:26Z,15377,2026-10-09T01:15:06Z,3
2026-10-09T01:18:26Z,15378,2026-10-09T01:15:06Z,3
2026-10-09T01:18:26Z,15379,2026-10-08T21:00:55Z,257
2026-10-09T01:18:26Z,15380,2026-10-08T21:01:03Z,257
2026-10-09T01:18:26Z,15381,2026-10-08T19:11:15Z,367
2026-10-09T01:18:26Z,15386,2026-10-08T22:08:32Z,189
2026-10-09T01:18:26Z,15387,2026-10-08T15:49:16Z,569
2026-10-09T01:18:26Z,15393,2026-10-08T20:57:42Z,260
2026-10-09T01:18:26Z,15394,2026-10-09T01:15:03Z,3
2026-10-09T01:18:26Z,15395,2026-10-08T16:18:33Z,539
2026-10-09T01:18:26Z,15396,2026-10-08T19:11:04Z,367
2026-10-09T01:18:26Z,15402,2026-10-08T19:11:05Z,367
2026-10-09T01:18:26Z,15403,2026-10-08T19:11:06Z,367
2026-10-09T01:18:26Z,15404,2026-10-08T19:11:07Z,367
2026-10-09T01:18:26Z,15405,2026-10-09T01:15:03Z,3
2026-10-09T01:18:26Z,15406,2026-10-09T01:15:03Z,3
2026-10-09T01:18:26Z,15407,2026-10-06T12:06:39Z,3671
2026-10-09T01:18:26Z,15408,2026-10-08T12:39:14Z,759
2026-10-09T01:18:26Z,15409,2026-10-08T13:41:09Z,697
2026-10-09T01:18:26Z,15410,2026-10-08T08:38:13Z,1000
2026-10-09T01:18:26Z,15411,2026-10-08T08:21:46Z,1016
2026-10-09T01:18:26Z,15413,2026-10-08T19:11:08Z,367
2026-10-09T01:18:26Z,15414,2026-10-01T09:45:04Z,11013
2026-10-09T01:18:26Z,15415,2026-10-01T09:45:04Z,11013
2026-10-09T01:18:26Z,15416,2026-10-08T12:37:51Z,760
2026-10-09T01:18:26Z,15418,2026-10-08T19:11:08Z,367
2026-10-09T01:18:26Z,15419,2026-10-08T19:11:09Z,367
2026-10-09T01:18:26Z,15420,2026-10-08T19:11:09Z,367
2026-10-09T01:18:26Z,15421,2026-10-08T17:46:25Z,452
2026-10-09T01:18:26Z,15422,2026-10-09T01:15:03Z,3
2026-10-09T01:18:26Z,15423,2026-10-09T00:35:30Z,42
2026-10-09T01:18:26Z,15424,2026-10-08T09:25:44Z,952
2026-10-09T01:18:26Z,15425,2026-10-05T21:34:47Z,4543
2026-10-09T01:18:26Z,15426,2026-10-06T08:16:32Z,3901
2026-10-09T01:18:26Z,15427,2026-10-09T01:15:03Z,3
2026-10-09T01:18:26Z,15428,2026-10-09T01:15:03Z,3
2026-10-09T01:18:26Z,15429,2026-10-09T01:15:03Z,3
2026-10-09T01:18:26Z,15430,2026-10-09T01:15:03Z,3
2026-10-09T01:18:26Z,15431,2026-10-09T01:15:03Z,3
2026-10-09T01:18:26Z,15432,2026-10-09T01:15:03Z,3
2026-10-09T01:18:26Z,15433,2026-10-09T01:15:03Z,3
2026-10-09T01:18:26Z,15434,2026-10-09T01:15:03Z,3
2026-10-09T01:18:26Z,15435,2026-10-09T01:15:03Z,3
2026-10-09T01:18:26Z,15436,2026-10-09T01:15:03Z,3
2026-10-09T01:18:26Z,15437,2026-10-09T01:15:03Z,3
2026-10-09T01:18:26Z,15438,2026-10-09T01:15:03Z,3
2026-10-09T01:18:26Z,15439,2026-10-09T01:15:03Z,3
2026-10-09T01:18:26Z,15440,2026-10-09T01:15:03Z,3
2026-10-09T01:18:26Z,15441,2026-10-09T01:15:03Z,3
2026-10-09T01:18:26Z,15442,2026-10-09T01:15:03Z,3
2026-10-09T01:18:26Z,15443,2026-10-09T01:15:03Z,3
2026-10-09T01:18:26Z,15444,2026-10-09T01:15:03Z,3
2026-10-09T01:18:26Z,15445,2026-10-09T01:15:03Z,3
2026-10-09T01:18:26Z,15446,2026-10-09T01:15:03Z,3
2026-10-09T01:18:26Z,15447,2026-10-09T01:15:03Z,3
2026-10-09T01:18:26Z,15448,2026-10-09T01:15:03Z,3
2026-10-09T01:18:26Z,15449,2026-10-09T01:15:03Z,3
2026-10-09T01:18:26Z,15450,2026-10-09T01:15:03Z,3
2026-10-09T01:18:26Z,15451,2026-10-09T01:15:03Z,3
2026-10-09T01:18:26Z,15452,2026-10-09T01:15:03Z,3
2026-10-09T01:18:26Z,15453,2026-10-09T01:15:03Z,3
2026-10-09T01:18:26Z,15454,2026-10-09T01:15:03Z,3
2026-10-09T01:18:26Z,15455,2026-10-09T01:15:03Z,3
2026-10-09T01:18:26Z,15456,2026-10-09T01:15:03Z,3
2026-10-09T01:18:26Z,15457,2026-10-09T01:15:03Z,3
2026-10-09T01:18:26Z,15458,2026-10-09T01:15:03Z,3
2026-10-09T01:18:26Z,15459,2026-10-09T01:15:03Z,3
2026-10-09T01:18:26Z,15460,2026-10-09T01:15:03Z,3
2026-10-09T01:18:26Z,15461,2026-10-09T01:15:03Z,3
2026-10-09T01:18:26Z,15462,2026-10-09T01:15:03Z,3
2026-10-09T01:18:26Z,15463,2026-10-09T01:15:03Z,3
2026-10-09T01:18:26Z,15464,2026-10-09T01:15:03Z,3
2026-10-09T01:18:26Z,15465,2026-10-09T01:15:03Z,3
2026-10-09T01:18:26Z,15466,2026-10-09T01:15:03Z,3
2026-10-09T01:18:26Z,15467,2026-10-09T01:15:03Z,3
2026-10-09T01:18:26Z,15468,2026-10-09T01:15:03Z,3
2026-10-09T01:18:26Z,15469,2026-10-09T01:15:03Z,3
2026-10-09T01:18:26Z,15470,2026-10-09T01:15:03Z,3
2026-10-09T01:18:26Z,15471,2026-10-09T01:15:03Z,3
2026-10-09T01:18:26Z,15472,2026-10-09T01:15:03Z,3
2026-10-09T01:18:26Z,15473,2026-10-09T01:15:03Z,3
2026-10-09T01:18:26Z,15474,2026-10-09T01:15:03Z,3
2026-10-09T01:18:26Z,15475,2026-10-09T01:15:03Z,3
2026-10-09T01:18:26Z,15476,2026-10-09T01:15:03Z,3
2026-10-09T01:18:26Z,15477,2026-10-09T01:15:03Z,3
2026-10-09T01:18:26Z,15478,2026-10-09T01:15:03Z,3
2026-10-09T01:18:26Z,15479,2026-10-09T01:15:03Z,3
2026-10-09T01:18:26Z,15480,2026-10-09T01:15:03Z,3
2026-10-09T01:18:26Z,15481,2026-10-09T01:15:03Z,3
2026-10-09T01:18:26Z,15482,2026-10-09T01:15:03Z,3
2026-10-09T01:18:26Z,15483,2026-10-09T01:15:03Z,3
2026-10-09T01:18:26Z,15484,2026-10-09T01:15:03Z,3
2026-10-09T01:18:26Z,15485,2026-10-09T01:15:03Z,3
2026-10-09T01:18:26Z,15486,2026-10-09T01:15:03Z,3
2026-10-09T01:18:26Z,15487,2026-10-09T01:15:03Z,3
2026-10-09T01:18:26Z,15488,2026-10-09T01:15:03Z,3
2026-10-09T01:18:26Z,15489,2026-10-09T01:15:03Z,3
2026-10-09T01:18:26Z,15490,2026-10-09T01:15:03Z,3
2026-10-09T01:18:26Z,15491,2026-10-09T01:15:03Z,3
2026-10-09T01:18:26Z,15492,2026-10-09T01:15:03Z,3
2026-10-09T01:18:26Z,15493,2026-10-09T01:15:03Z,3
2026-10-09T01:18:26Z,15494,2026-10-09T01:15:03Z,3
2026-10-09T01:18:26Z,15495,2026-10-09T01:15:03Z,3
2026-10-09T01:18:26Z,15496,2026-10-09T01:15:03Z,3
2026-10-09T01:18:26Z,15497,2026-10-09T01:15:03Z,3
2026-10-09T01:18:26Z,15498,2026-10-09T01:15:03Z,3
2026-10-09T01:18:26Z,15499,2026-10-09T01:15:03Z,3
2026-10-09T01:18:26Z,15500,2026-10-09T01:15:03Z,3
2026-10-09T01:18:26Z,15501,2026-10-09T01:15:03Z,3
2026-10-09T01:18:26Z,15502,2026-10-09T01:15:03Z,3
2026-10-09T01:18:26Z,15503,2026-10-09T01:15:03Z,3
2026-10-09T01:18:26Z,15504,2026-10-09T01:15:03Z,3
2026-10-09T01:18:26Z,15505,2026-10-09T01:15:03Z,3
2026-10-09T01:18:26Z,15506,2026-10-09T01:15:03Z,3
2026-10-09T01:18:26Z,15507,2026-10-09T01:15:03Z,3
2026-10-09T01:18:26Z,15508,2026-10-09T01:15:03Z,3
2026-10-09T01:18:26Z,15509,2026-10-09T01:15:03Z,3
2026-10-09T01:18:26Z,15510,2026-10-09T01:15:03Z,3
2026-10-09T01:18:26Z,15514,2026-10-09T01:15:03Z,3
2026-10-09T01:18:26Z,15515,2026-10-01T09:45:04Z,11013
2026-10-09T01:18:26Z,15516,2026-10-08T21:01:38Z,256
2026-10-09T01:18:26Z,15517,2026-10-08T21:00:59Z,257
2026-10-09T01:18:26Z,15518,2026-10-08T19:11:09Z,367
2026-10-09T01:18:26Z,15521,2026-10-08T10:45:44Z,872
2026-10-09T01:18:26Z,15522,2026-10-08T14:45:15Z,633
2026-10-09T01:18:26Z,15523,2026-10-08T10:34:30Z,883
2026-10-09T01:18:26Z,15525,2026-10-08T08:31:19Z,1007
2026-10-09T01:18:26Z,15526,2026-10-08T16:33:12Z,525
2026-10-09T01:18:26Z,15527,2026-10-08T11:53:09Z,805
2026-10-09T01:18:26Z,15528,2026-10-08T14:44:52Z,633
2026-10-09T01:18:26Z,15529,2026-10-08T16:35:59Z,522
2026-10-09T01:18:26Z,15530,2026-10-08T09:16:36Z,961
2026-10-09T01:18:26Z,15531,2026-10-08T16:57:32Z,500
2026-10-09T01:18:26Z,15532,2026-10-08T16:52:13Z,506
2026-10-09T01:18:26Z,15533,2026-10-08T16:50:41Z,507
2026-10-09T01:18:26Z,15534,2026-10-08T19:04:48Z,373
2026-10-09T01:18:26Z,15535,2026-10-01T14:48:13Z,10710
2026-10-09T01:18:26Z,15536,2026-10-08T17:59:41Z,438
2026-10-09T01:18:26Z,15537,2026-10-08T16:09:37Z,548
2026-10-09T01:18:26Z,15539,2026-10-08T16:31:43Z,526
2026-10-09T01:18:26Z,15540,2026-10-09T00:24:56Z,53
2026-10-09T01:18:26Z,15543,2026-10-08T17:27:14Z,471
2026-10-09T01:18:26Z,15544,2026-10-08T10:33:10Z,885
2026-10-09T01:18:26Z,15545,2026-10-08T14:16:11Z,662
2026-10-09T01:18:26Z,15546,2026-10-08T19:11:10Z,367
2026-10-09T01:18:26Z,15547,2026-10-08T19:11:11Z,367
2026-10-09T01:18:26Z,15548,2026-10-08T11:59:06Z,799
2026-10-09T01:18:26Z,15553,2026-10-09T01:15:03Z,3
2026-10-09T01:18:26Z,15554,2026-10-09T01:15:03Z,3
2026-10-09T01:18:26Z,15555,2026-10-09T01:15:03Z,3
2026-10-09T01:18:26Z,15556,2026-10-08T19:11:11Z,367
2026-10-09T01:18:26Z,15557,2026-10-08T19:11:12Z,367
2026-10-09T01:18:26Z,15558,2026-10-09T01:13:10Z,5
2026-10-09T01:18:26Z,15559,2026-10-08T19:11:13Z,367
2026-10-09T01:18:26Z,15560,2026-10-08T19:11:13Z,367
2026-10-09T01:18:26Z,15561,2026-10-09T01:15:06Z,3
2026-10-09T01:18:26Z,15562,2026-10-09T01:15:03Z,3
2026-10-09T01:18:26Z,15563,2026-10-08T21:00:58Z,257
2026-10-09T01:18:26Z,15564,2026-10-08T19:11:13Z,367
2026-10-09T01:18:26Z,15565,2026-10-08T21:01:21Z,257
2026-10-09T01:18:26Z,15566,2026-10-08T23:18:30Z,119
2026-10-09T01:18:26Z,15567,2026-10-08T21:00:53Z,257
2026-10-09T01:18:26Z,15568,2026-10-01T09:45:04Z,11013
2026-10-09T01:18:26Z,15569,2026-10-01T09:45:04Z,11013
2026-10-09T01:18:26Z,15570,2026-10-01T09:37:03Z,11021
2026-10-09T01:18:26Z,15571,2026-10-01T09:37:03Z,11021
2026-10-09T01:18:26Z,15572,2026-10-01T09:45:04Z,11013
2026-10-09T01:18:26Z,15573,2026-10-08T19:11:14Z,367
2026-10-09T01:18:26Z,15574,2026-10-08T19:11:14Z,367
2026-10-09T01:18:26Z,15575,2026-10-08T07:06:20Z,1092
2026-10-09T01:18:26Z,15576,2026-10-08T17:29:25Z,469
2026-10-09T01:18:26Z,15577,2026-10-07T18:29:54Z,1848
2026-10-09T01:18:26Z,15578,2026-10-08T18:18:00Z,420
2026-10-09T01:18:26Z,15579,2026-10-08T19:11:14Z,367
2026-10-09T01:18:26Z,15585,2026-10-08T12:52:19Z,746
2026-10-09T01:18:26Z,15586,2026-10-08T17:14:41Z,483
2026-10-09T01:18:26Z,15587,2026-10-08T08:27:37Z,1010
2026-10-09T01:18:26Z,15588,2026-10-08T17:34:55Z,463
2026-10-09T01:18:26Z,15589,2026-10-08T19:11:16Z,367
2026-10-09T01:18:26Z,15590,2026-10-09T01:15:03Z,3
2026-10-09T01:18:26Z,15591,2026-10-08T19:11:17Z,367
2026-10-09T01:18:26Z,15684,2026-10-08T21:01:27Z,256
2026-10-09T01:18:26Z,15686,2026-10-09T01:15:03Z,3
2026-10-09T01:18:26Z,15687,2026-10-09T01:15:03Z,3
2026-10-09T01:18:26Z,15688,2026-10-09T01:15:03Z,3
2026-10-09T01:18:26Z,15689,2026-10-09T01:15:03Z,3
2026-10-09T01:18:26Z,15690,2026-10-09T01:15:03Z,3
2026-10-09T01:18:26Z,15691,2026-10-09T01:15:03Z,3
2026-10-09T01:18:26Z,15692,2026-10-08T21:00:58Z,257
2026-10-09T01:18:26Z,15693,2026-10-08T14:17:12Z,661
2026-10-09T01:18:26Z,15701,2026-10-08T13:27:44Z,710
2026-10-09T01:18:26Z,15702,2026-10-08T19:02:14Z,376
2026-10-09T01:18:26Z,15703,2026-10-08T16:02:17Z,556
2026-10-09T01:18:26Z,15756,2026-10-09T01:15:03Z,3
2026-10-09T01:18:26Z,15757,2026-10-09T01:15:03Z,3
2026-10-09T01:18:26Z,15758,2026-10-09T01:15:03Z,3
2026-10-09T01:18:26Z,15759,2026-10-08T19:11:18Z,367
2026-10-09T01:18:26Z,15760,2026-10-09T01:15:03Z,3
2026-10-09T01:18:26Z,15763,2026-10-08T13:48:20Z,690
2026-10-09T01:18:26Z,15764,2026-10-08T19:11:19Z,367
2026-10-09T01:18:26Z,15765,2026-10-08T19:11:19Z,367
2026-10-09T01:18:26Z,15767,2026-10-08T19:11:20Z,367
2026-10-09T01:18:26Z,15768,2026-09-15T05:09:11Z,34329
2026-10-09T01:18:26Z,15769,2026-10-09T00:15:36Z,62
2026-10-09T01:18:26Z,15770,2026-10-09T01:15:03Z,3
2026-10-09T01:18:26Z,15771,2026-10-09T01:15:03Z,3
2026-10-09T01:18:26Z,15773,2026-10-09T01:15:03Z,3
2026-10-09T01:18:26Z,15774,2026-10-09T01:15:03Z,3
2026-10-09T01:18:26Z,15775,2026-10-09T01:15:03Z,3
2026-10-09T01:18:26Z,15776,2026-10-09T01:15:03Z,3
2026-10-09T01:18:26Z,15777,2026-10-08T21:00:58Z,257
2026-10-09T01:18:26Z,15778,2026-10-09T01:15:03Z,3
2026-10-09T01:18:26Z,15779,2026-09-16T10:39:13Z,32559
2026-10-09T01:18:26Z,15780,2026-09-16T10:47:02Z,32551
2026-10-09T01:18:26Z,15781,2026-09-16T11:13:56Z,32524
2026-10-09T01:18:26Z,15782,2026-09-16T11:16:36Z,32521
2026-10-09T01:18:26Z,15783,2026-09-30T11:49:10Z,12329
2026-10-09T01:18:26Z,15784,2026-09-16T11:45:31Z,32492
2026-10-09T01:18:26Z,15785,2026-09-22T13:01:43Z,23776
2026-10-09T01:18:26Z,15786,2026-09-16T12:34:55Z,32443
2026-10-09T01:18:26Z,15787,2026-09-16T12:38:19Z,32440
2026-10-09T01:18:26Z,15788,2026-09-16T12:40:56Z,32437
2026-10-09T01:18:26Z,15789,2026-10-08T20:01:52Z,316
2026-10-09T01:18:26Z,15790,2026-10-08T19:11:21Z,367
2026-10-09T01:18:26Z,15791,2026-10-08T19:11:21Z,367
2026-10-09T01:18:26Z,15792,2026-10-01T09:45:04Z,11013
2026-10-09T01:18:26Z,15793,2026-10-01T09:45:04Z,11013
2026-10-09T01:18:26Z,15794,2026-10-01T09:45:04Z,11013
2026-10-09T01:18:26Z,15795,2026-10-09T01:15:03Z,3
2026-10-09T01:18:26Z,15796,2026-10-09T01:15:03Z,3
2026-10-09T01:18:26Z,15797,2026-10-09T00:50:38Z,27
2026-10-09T01:18:26Z,15798,2026-10-08T22:58:16Z,140
2026-10-09T01:18:26Z,15799,2026-10-02T07:15:04Z,9723
2026-10-09T01:18:26Z,15800,2026-10-08T21:00:55Z,257
2026-10-09T01:18:26Z,15801,2026-10-08T21:01:13Z,257
2026-10-09T01:18:26Z,15802,2026-10-09T00:02:13Z,76
2026-10-09T01:18:26Z,15803,2026-10-08T21:01:22Z,257
2026-10-09T01:18:26Z,15804,2026-10-09T01:15:03Z,3
2026-10-09T01:50:37Z,258,2026-10-08T21:00:41Z,289
2026-10-09T01:50:37Z,259,2026-10-08T21:00:45Z,289
2026-10-09T01:50:37Z,260,2026-10-09T00:51:39Z,58
2026-10-09T01:50:37Z,261,2026-10-08T21:01:06Z,289
2026-10-09T01:50:37Z,263,2026-10-08T21:01:01Z,289
2026-10-09T01:50:37Z,264,2026-10-08T21:01:16Z,289
2026-10-09T01:50:37Z,265,2026-10-08T21:01:23Z,289
2026-10-09T01:50:37Z,267,2026-10-08T23:28:05Z,142
2026-10-09T01:50:37Z,268,2026-10-08T21:00:50Z,289
2026-10-09T01:50:37Z,270,2026-10-08T21:00:46Z,289
2026-10-09T01:50:37Z,271,2026-10-08T21:00:47Z,289
2026-10-09T01:50:37Z,272,2026-10-08T21:01:12Z,289
2026-10-09T01:50:37Z,275,2026-07-01T10:22:32Z,143488
2026-10-09T01:50:37Z,276,2026-10-09T00:55:48Z,54
2026-10-09T01:50:37Z,277,2026-07-02T07:26:05Z,142224
2026-10-09T01:50:37Z,278,2026-10-09T00:16:55Z,93
2026-10-09T01:50:37Z,279,2026-10-08T21:01:16Z,289
2026-10-09T01:50:37Z,280,2026-10-08T21:01:11Z,289
2026-10-09T01:50:37Z,281,2026-10-08T21:55:53Z,234
2026-10-09T01:50:37Z,285,2026-10-08T21:01:04Z,289
2026-10-09T01:50:37Z,320,2026-01-06T13:23:56Z,396746
2026-10-09T01:50:37Z,321,2026-10-08T20:14:32Z,336
2026-10-09T01:50:37Z,322,2026-10-08T16:37:10Z,553
2026-10-09T01:50:37Z,323,2026-10-08T19:36:51Z,373
2026-10-09T01:50:37Z,324,2026-10-08T23:58:08Z,112
2026-10-09T01:50:37Z,325,2026-10-08T18:02:15Z,468
2026-10-09T01:50:37Z,375,2026-10-08T22:41:36Z,189
2026-10-09T01:50:37Z,376,2026-10-09T00:04:47Z,105
2026-10-09T01:50:37Z,377,2026-08-10T09:54:33Z,85916
2026-10-09T01:50:37Z,378,2026-10-09T01:27:46Z,22
2026-10-09T01:50:37Z,379,2026-10-08T20:31:18Z,319
2026-10-09T01:50:37Z,380,2026-10-08T21:53:51Z,236
2026-10-09T01:50:37Z,381,2026-10-08T17:43:53Z,486
2026-10-09T01:50:37Z,382,2026-10-08T14:09:33Z,701
2026-10-09T01:50:37Z,383,2026-10-08T21:09:17Z,281
2026-10-09T01:50:37Z,384,2026-10-08T20:45:05Z,305
2026-10-09T01:50:37Z,385,2026-10-08T18:24:20Z,446
2026-10-09T01:50:37Z,386,2026-10-08T19:04:33Z,406
2026-10-09T01:50:37Z,387,2026-10-08T19:16:23Z,394
2026-10-09T01:50:37Z,388,2026-10-09T00:04:54Z,105
2026-10-09T01:50:37Z,389,2026-07-29T06:27:15Z,103403
2026-10-09T01:50:37Z,390,2026-10-02T07:22:23Z,9748
2026-10-09T01:50:37Z,396,2026-10-08T18:17:08Z,453
2026-10-09T01:50:37Z,397,2026-10-08T22:27:26Z,203
2026-10-09T01:50:37Z,398,2026-10-09T01:29:27Z,21
2026-10-09T01:50:37Z,401,2026-10-08T22:11:29Z,219
2026-10-09T01:50:37Z,402,2026-10-08T18:51:37Z,419
2026-10-09T01:50:37Z,403,2026-10-08T23:32:40Z,137
2026-10-09T01:50:37Z,404,2026-10-08T18:23:10Z,447
2026-10-09T01:50:37Z,406,2026-10-08T18:02:03Z,468
2026-10-09T01:50:37Z,408,2026-10-09T00:05:19Z,105
2026-10-09T01:50:37Z,409,2026-10-08T23:26:54Z,143
2026-10-09T01:50:37Z,410,2026-10-08T22:17:04Z,213
2026-10-09T01:50:37Z,412,2026-10-08T17:43:39Z,486
2026-10-09T01:50:37Z,413,2026-10-08T20:07:14Z,343
2026-10-09T01:50:37Z,414,2026-10-09T01:36:44Z,13
2026-10-09T01:50:37Z,416,2026-10-08T18:34:44Z,435
2026-10-09T01:50:37Z,417,2026-10-09T00:04:48Z,105
2026-10-09T01:50:37Z,418,2026-10-08T17:51:35Z,479
2026-10-09T01:50:37Z,419,2026-10-08T19:08:37Z,402
2026-10-09T01:50:37Z,420,2026-10-08T15:44:02Z,606
2026-10-09T01:50:37Z,421,2026-08-17T09:20:08Z,75870
2026-10-09T01:50:37Z,422,2026-10-08T17:25:27Z,505
2026-10-09T01:50:37Z,423,2026-10-08T23:02:33Z,168
2026-10-09T01:50:37Z,424,2026-10-08T19:42:52Z,367
2026-10-09T01:50:37Z,425,2026-10-08T17:16:10Z,514
2026-10-09T01:50:37Z,428,2026-10-09T01:41:31Z,9
2026-10-09T01:50:37Z,429,2026-10-08T18:16:00Z,454
2026-10-09T01:50:37Z,430,2026-10-08T18:12:06Z,458
2026-10-09T01:50:37Z,431,2026-10-08T21:43:06Z,247
2026-10-09T01:50:37Z,432,2026-10-08T20:24:21Z,326
2026-10-09T01:50:37Z,433,2026-10-09T01:27:17Z,23
2026-10-09T01:50:37Z,434,2026-10-08T23:52:26Z,118
2026-10-09T01:50:37Z,435,2026-10-08T17:49:02Z,481
2026-10-09T01:50:37Z,436,2026-10-07T14:11:47Z,2138
2026-10-09T01:50:37Z,439,2026-10-08T14:46:48Z,663
2026-10-09T01:50:37Z,440,2026-10-08T10:21:30Z,929
2026-10-09T01:50:37Z,441,2026-10-05T11:55:49Z,5154
2026-10-09T01:50:37Z,442,2026-10-08T19:30:07Z,380
2026-10-09T01:50:37Z,443,2026-10-08T21:51:41Z,238
2026-10-09T01:50:37Z,444,2026-01-06T13:23:56Z,396746
2026-10-09T01:50:37Z,451,2026-10-08T18:11:47Z,458
2026-10-09T01:50:37Z,454,2026-01-06T13:23:56Z,396746
2026-10-09T01:50:37Z,455,2026-10-08T20:11:58Z,338
2026-10-09T01:50:37Z,498,2026-10-08T21:20:33Z,270
2026-10-09T01:50:37Z,499,2026-10-08T21:20:39Z,269
2026-10-09T01:50:37Z,500,2026-10-08T21:20:46Z,269
2026-10-09T01:50:37Z,501,2026-04-14T16:06:24Z,255464
2026-10-09T01:50:37Z,502,2026-01-06T13:23:56Z,396746
2026-10-09T01:50:37Z,503,2026-09-24T13:53:59Z,20876
2026-10-09T01:50:37Z,504,2026-10-04T13:29:12Z,6501
2026-10-09T01:50:37Z,505,2026-10-07T17:38:51Z,1931
2026-10-09T01:50:37Z,507,2026-10-08T21:01:11Z,289
2026-10-09T01:50:37Z,508,2026-10-08T21:30:40Z,259
2026-10-09T01:50:37Z,509,2026-10-09T01:21:51Z,28
2026-10-09T01:50:37Z,510,2026-10-08T21:00:58Z,289
2026-10-09T01:50:37Z,511,2026-10-08T21:00:49Z,289
2026-10-09T01:50:37Z,512,2026-10-08T23:40:03Z,130
2026-10-09T01:50:37Z,513,2026-10-09T00:23:56Z,86
2026-10-09T01:50:37Z,514,2026-10-09T00:30:52Z,79
2026-10-09T01:50:37Z,515,2026-10-08T21:01:19Z,289
2026-10-09T01:50:37Z,516,2026-10-08T21:01:18Z,289
2026-10-09T01:50:37Z,517,2026-10-08T21:01:25Z,289
2026-10-09T01:50:37Z,518,2026-10-08T21:01:24Z,289
2026-10-09T01:50:37Z,519,2026-10-08T21:00:43Z,289
2026-10-09T01:50:37Z,520,2026-10-08T21:00:55Z,289
2026-10-09T01:50:37Z,521,2026-10-08T21:00:55Z,289
2026-10-09T01:50:37Z,522,2026-10-08T21:00:55Z,289
2026-10-09T01:50:37Z,523,2026-10-08T21:01:03Z,289
2026-10-09T01:50:37Z,524,2026-10-08T21:00:53Z,289
2026-10-09T01:50:37Z,526,2026-10-08T21:01:24Z,289
2026-10-09T01:50:37Z,530,2026-01-06T13:23:56Z,396746
2026-10-09T01:50:37Z,531,2026-10-09T01:38:37Z,12
2026-10-09T01:50:37Z,532,2026-10-08T07:53:00Z,1077
2026-10-09T01:50:37Z,535,2026-10-08T11:21:07Z,869
2026-10-09T01:50:37Z,536,2026-10-07T18:32:37Z,1878
2026-10-09T01:50:37Z,537,2026-10-08T21:01:40Z,288
2026-10-09T01:50:37Z,538,2026-10-08T14:48:59Z,661
2026-10-09T01:50:37Z,539,2026-10-08T20:20:59Z,329
2026-10-09T01:50:37Z,540,2026-10-04T19:03:59Z,6166
2026-10-09T01:50:37Z,584,2026-10-08T19:06:10Z,404
2026-10-09T01:50:37Z,585,2026-10-09T00:14:48Z,95
2026-10-09T01:50:37Z,586,2026-10-08T15:32:49Z,617
2026-10-09T01:50:37Z,589,2026-01-06T13:23:56Z,396746
2026-10-09T01:50:37Z,590,2026-01-06T13:23:56Z,396746
2026-10-09T01:50:37Z,592,2026-10-08T21:01:24Z,289
2026-10-09T01:50:37Z,593,2026-10-08T21:01:10Z,289
2026-10-09T01:50:37Z,594,2026-10-09T01:26:40Z,23
2026-10-09T01:50:37Z,596,2026-10-08T23:38:32Z,132
2026-10-09T01:50:37Z,597,2026-10-08T21:00:47Z,289
2026-10-09T01:50:37Z,598,2026-01-06T13:23:56Z,396746
2026-10-09T01:50:37Z,599,2026-01-06T13:23:56Z,396746
2026-10-09T01:50:37Z,600,2026-01-06T13:23:56Z,396746
2026-10-09T01:50:37Z,664,2026-01-06T13:23:56Z,396746
2026-10-09T01:50:37Z,670,2026-10-08T22:31:49Z,198
2026-10-09T01:50:37Z,671,2026-10-08T21:47:52Z,242
2026-10-09T01:50:37Z,672,2026-10-08T20:27:42Z,322
2026-10-09T01:50:37Z,677,2026-10-08T19:57:32Z,353
2026-10-09T01:50:37Z,678,2026-10-08T21:01:08Z,289
2026-10-09T01:50:37Z,679,2026-10-08T21:01:13Z,289
2026-10-09T01:50:37Z,703,2026-10-05T00:08:31Z,5862
2026-10-09T01:50:37Z,704,2026-10-08T18:39:27Z,431
2026-10-09T01:50:37Z,705,2026-10-08T20:51:25Z,299
2026-10-09T01:50:37Z,707,2026-10-08T13:18:25Z,752
2026-10-09T01:50:37Z,709,2026-10-08T13:34:26Z,736
2026-10-09T01:50:37Z,710,2026-10-09T00:01:17Z,109
2026-10-09T01:50:37Z,712,2026-10-08T13:23:41Z,746
2026-10-09T01:50:37Z,713,2026-10-09T01:17:14Z,33
2026-10-09T01:50:37Z,715,2026-10-08T13:21:57Z,748
2026-10-09T01:50:37Z,717,2026-10-08T18:52:36Z,418
2026-10-09T01:50:37Z,737,2026-10-09T00:59:03Z,51
2026-10-09T01:50:37Z,1269,2026-10-08T20:31:16Z,319
2026-10-09T01:50:37Z,1302,2026-10-08T20:26:08Z,324
2026-10-09T01:50:37Z,1314,2026-10-08T15:43:38Z,606
2026-10-09T01:50:37Z,1315,2026-10-08T19:27:20Z,383
2026-10-09T01:50:37Z,1316,2026-10-09T01:14:03Z,36
2026-10-09T01:50:37Z,1317,2026-10-08T13:38:16Z,732
2026-10-09T01:50:37Z,1321,2026-10-08T20:25:01Z,325
2026-10-09T01:50:37Z,1353,2026-10-08T19:08:13Z,402
2026-10-09T01:50:37Z,1354,2026-10-08T18:04:26Z,466
2026-10-09T01:50:37Z,1363,2026-10-08T13:23:49Z,746
2026-10-09T01:50:37Z,1364,2026-10-08T13:23:49Z,746
2026-10-09T01:50:37Z,1453,2026-10-08T21:01:13Z,289
2026-10-09T01:50:37Z,1454,2026-10-08T21:00:59Z,289
2026-10-09T01:50:37Z,1477,2026-10-03T00:12:47Z,8737
2026-10-09T01:50:37Z,1478,2026-10-04T00:19:38Z,7290
2026-10-09T01:50:37Z,1510,2026-10-09T01:45:03Z,5
2026-10-09T01:50:37Z,1512,2026-10-09T01:45:03Z,5
2026-10-09T01:50:37Z,1514,2026-10-09T01:45:03Z,5
2026-10-09T01:50:37Z,1515,2026-10-09T01:45:03Z,5
2026-10-09T01:50:37Z,1516,2026-10-09T01:45:03Z,5
2026-10-09T01:50:37Z,1517,2026-10-09T01:45:03Z,5
2026-10-09T01:50:37Z,1518,2026-10-09T01:45:03Z,5
2026-10-09T01:50:37Z,1522,2026-10-09T01:45:03Z,5
2026-10-09T01:50:37Z,1523,2026-10-09T01:45:03Z,5
2026-10-09T01:50:37Z,1524,2026-10-09T01:45:03Z,5
2026-10-09T01:50:37Z,1525,2026-10-09T01:45:03Z,5
2026-10-09T01:50:37Z,1529,2026-10-05T08:05:06Z,5385
2026-10-09T01:50:37Z,1530,2026-10-05T14:27:02Z,5003
2026-10-09T01:50:37Z,1531,2026-10-08T08:29:16Z,1041
2026-10-09T01:50:37Z,1532,2026-10-08T00:15:20Z,1535
2026-10-09T01:50:37Z,1534,2026-10-09T01:11:27Z,39
2026-10-09T01:50:37Z,1535,2026-10-09T01:45:03Z,5
2026-10-09T01:50:37Z,1554,2026-10-08T07:48:30Z,1082
2026-10-09T01:50:37Z,1556,2026-10-08T16:22:23Z,568
2026-10-09T01:50:37Z,1557,2026-10-08T20:11:22Z,339
2026-10-09T01:50:37Z,1562,2026-10-06T00:17:21Z,4413
2026-10-09T01:50:37Z,1641,2026-10-08T20:35:42Z,314
2026-10-09T01:50:37Z,1644,2026-10-08T15:32:09Z,618
2026-10-09T01:50:37Z,1645,2026-07-29T06:29:40Z,103400
2026-10-09T01:50:37Z,1647,2026-10-09T00:32:00Z,78
2026-10-09T01:50:37Z,1649,2026-10-08T21:00:54Z,289
2026-10-09T01:50:37Z,1650,2026-10-07T17:14:46Z,1955
2026-10-09T01:50:37Z,1653,2026-10-08T02:37:47Z,1392
2026-10-09T01:50:37Z,1655,2026-10-08T16:32:51Z,557
2026-10-09T01:50:37Z,1656,2026-10-08T14:43:50Z,666
2026-10-09T01:50:37Z,1658,2026-10-05T11:40:26Z,5170
2026-10-09T01:50:37Z,1659,2026-10-08T20:57:56Z,292
2026-10-09T01:50:37Z,1662,2026-10-08T00:04:18Z,1546
2026-10-09T01:50:37Z,1663,2026-10-08T21:38:20Z,252
2026-10-09T01:50:37Z,1664,2026-10-08T08:51:25Z,1019
2026-10-09T01:50:37Z,1666,2026-10-07T14:12:19Z,2138
2026-10-09T01:50:37Z,1788,2026-10-09T01:45:05Z,5
2026-10-09T01:50:37Z,1789,2026-10-09T01:45:05Z,5
2026-10-09T01:50:37Z,1790,2026-10-09T01:45:05Z,5
2026-10-09T01:50:37Z,1791,2026-10-09T01:45:05Z,5
2026-10-09T01:50:37Z,1792,2026-10-09T01:45:05Z,5
2026-10-09T01:50:37Z,1793,2026-10-09T01:45:05Z,5
2026-10-09T01:50:37Z,1795,2026-10-09T01:45:05Z,5
2026-10-09T01:50:37Z,1796,2026-10-09T01:45:05Z,5
2026-10-09T01:50:37Z,1797,2026-10-09T01:45:05Z,5
2026-10-09T01:50:37Z,1798,2026-10-09T01:45:05Z,5
2026-10-09T01:50:37Z,1799,2026-10-09T01:45:05Z,5
2026-10-09T01:50:37Z,1800,2026-10-09T01:45:05Z,5
2026-10-09T01:50:37Z,1801,2026-10-09T01:45:05Z,5
2026-10-09T01:50:37Z,1802,2026-10-09T01:45:05Z,5
2026-10-09T01:50:37Z,1803,2026-10-09T01:45:05Z,5
2026-10-09T01:50:37Z,1804,2026-10-09T01:45:05Z,5
2026-10-09T01:50:37Z,1805,2026-10-09T01:45:05Z,5
2026-10-09T01:50:37Z,1806,2026-10-09T01:45:05Z,5
2026-10-09T01:50:37Z,1807,2026-10-09T01:45:05Z,5
2026-10-09T01:50:37Z,1808,2026-10-09T01:45:05Z,5
2026-10-09T01:50:37Z,1809,2026-10-09T01:45:05Z,5
2026-10-09T01:50:37Z,1810,2026-10-09T01:45:05Z,5
2026-10-09T01:50:37Z,1812,2026-10-09T01:45:05Z,5
2026-10-09T01:50:37Z,1813,2026-10-09T01:45:05Z,5
2026-10-09T01:50:37Z,1816,2026-10-09T01:45:05Z,5
2026-10-09T01:50:37Z,1817,2026-10-09T01:45:05Z,5
2026-10-09T01:50:37Z,1818,2026-10-09T01:45:05Z,5
2026-10-09T01:50:37Z,1819,2026-10-09T01:45:05Z,5
2026-10-09T01:50:37Z,1821,2026-10-09T01:45:05Z,5
2026-10-09T01:50:37Z,1822,2026-10-09T01:45:05Z,5
2026-10-09T01:50:37Z,1823,2026-10-09T01:45:05Z,5
2026-10-09T01:50:37Z,1824,2026-10-09T01:45:05Z,5
2026-10-09T01:50:37Z,1825,2026-10-09T01:45:05Z,5
2026-10-09T01:50:37Z,1826,2026-10-09T01:45:05Z,5
2026-10-09T01:50:37Z,1828,2026-10-09T01:45:05Z,5
2026-10-09T01:50:37Z,1829,2026-10-09T01:45:05Z,5
2026-10-09T01:50:37Z,1830,2026-10-09T01:45:05Z,5
2026-10-09T01:50:37Z,1832,2026-10-09T01:45:05Z,5
2026-10-09T01:50:37Z,1833,2026-10-09T01:45:05Z,5
2026-10-09T01:50:37Z,1834,2026-10-09T01:45:05Z,5
2026-10-09T01:50:37Z,1835,2026-10-09T01:45:05Z,5
2026-10-09T01:50:37Z,1836,2026-10-09T01:45:05Z,5
2026-10-09T01:50:37Z,1837,2026-10-09T01:45:05Z,5
2026-10-09T01:50:37Z,1838,2026-10-09T01:45:05Z,5
2026-10-09T01:50:37Z,1839,2026-10-09T01:45:05Z,5
2026-10-09T01:50:37Z,1840,2026-10-09T01:45:05Z,5
2026-10-09T01:50:37Z,1841,2026-10-09T01:45:05Z,5
2026-10-09T01:50:37Z,1842,2026-10-09T01:45:05Z,5
2026-10-09T01:50:37Z,1843,2026-10-09T01:45:05Z,5
2026-10-09T01:50:37Z,1844,2026-10-07T14:05:33Z,2145
2026-10-09T01:50:37Z,1845,2026-10-08T15:03:23Z,647
2026-10-09T01:50:37Z,1846,2026-10-09T00:53:01Z,57
2026-10-09T01:50:37Z,1847,2026-10-08T21:00:52Z,289
2026-10-09T01:50:37Z,1848,2026-10-09T00:21:40Z,88
2026-10-09T01:50:37Z,1851,2026-10-08T22:58:24Z,172
2026-10-09T01:50:37Z,1852,2026-10-07T07:21:05Z,2549
2026-10-09T01:50:37Z,1855,2026-10-08T05:47:59Z,1202
2026-10-09T01:50:37Z,1866,2026-09-22T16:10:30Z,23620
2026-10-09T01:50:37Z,1867,2026-09-29T14:42:26Z,13628
2026-10-09T01:50:37Z,1868,2026-10-08T08:07:59Z,1062
2026-10-09T01:50:37Z,1872,2026-01-06T13:23:56Z,396746
2026-10-09T01:50:37Z,1874,2026-10-08T05:59:20Z,1191
2026-10-09T01:50:37Z,1917,2026-10-07T07:01:09Z,2569
2026-10-09T01:50:37Z,1918,2026-10-09T00:01:43Z,108
2026-10-09T01:50:37Z,1919,2026-10-08T12:00:05Z,830
2026-10-09T01:50:37Z,1920,2026-10-08T15:30:07Z,620
2026-10-09T01:50:37Z,1921,2026-10-07T07:01:09Z,2569
2026-10-09T01:50:37Z,1922,2026-10-07T07:01:09Z,2569
2026-10-09T01:50:37Z,1923,2026-10-08T09:12:30Z,998
2026-10-09T01:50:37Z,1924,2026-10-08T18:37:07Z,433
2026-10-09T01:50:37Z,1925,2026-10-08T15:06:50Z,643
2026-10-09T01:50:37Z,1926,2026-10-08T16:08:40Z,581
2026-10-09T01:50:37Z,1927,2026-10-08T17:36:22Z,494
2026-10-09T01:50:37Z,1928,2026-10-07T12:38:49Z,2231
2026-10-09T01:50:37Z,1929,2026-10-07T19:13:30Z,1837
2026-10-09T01:50:37Z,1931,2026-10-08T17:28:46Z,501
2026-10-09T01:50:37Z,1932,2026-10-09T00:01:43Z,108
2026-10-09T01:50:37Z,1933,2026-10-08T09:36:58Z,973
2026-10-09T01:50:37Z,1937,2026-10-09T01:24:35Z,26
2026-10-09T01:50:37Z,1938,2026-10-08T16:43:26Z,547
2026-10-09T01:50:37Z,1939,2026-10-08T11:44:18Z,846
2026-10-09T01:50:37Z,1940,2026-10-09T00:35:41Z,74
2026-10-09T01:50:37Z,1941,2026-10-07T11:54:15Z,2276
2026-10-09T01:50:37Z,1942,2026-10-09T01:11:16Z,39
2026-10-09T01:50:37Z,1943,2026-10-07T07:01:09Z,2569
2026-10-09T01:50:37Z,1944,2026-10-08T06:56:44Z,1133
2026-10-09T01:50:37Z,2413,2026-10-08T19:11:32Z,399
2026-10-09T01:50:37Z,2414,2026-10-08T17:22:46Z,507
2026-10-09T01:50:37Z,2415,2026-10-08T19:18:31Z,392
2026-10-09T01:50:37Z,2416,2026-03-23T07:14:46Z,287675
2026-10-09T01:50:37Z,2417,2026-10-08T16:03:00Z,587
2026-10-09T01:50:37Z,2418,2026-10-08T03:22:19Z,1348
2026-10-09T01:50:37Z,2419,2026-03-23T08:11:39Z,287618
2026-10-09T01:50:37Z,2420,2026-10-08T18:02:41Z,467
2026-10-09T01:50:37Z,2421,2026-10-08T11:02:38Z,887
2026-10-09T01:50:37Z,2424,2026-10-08T16:06:37Z,584
2026-10-09T01:50:37Z,2425,2026-10-09T00:31:24Z,79
2026-10-09T01:50:37Z,2430,2026-10-08T22:48:31Z,182
2026-10-09T01:50:37Z,2435,2026-10-08T21:36:40Z,253
2026-10-09T01:50:37Z,2436,2026-10-09T01:00:58Z,49
2026-10-09T01:50:37Z,2437,2026-10-09T00:15:42Z,94
2026-10-09T01:50:37Z,2439,2026-10-07T13:09:36Z,2201
2026-10-09T01:50:37Z,2575,2026-10-08T23:34:39Z,135
2026-10-09T01:50:37Z,2576,2026-10-08T18:19:49Z,450
2026-10-09T01:50:37Z,2577,2026-10-08T13:18:25Z,752
2026-10-09T01:50:37Z,2580,2026-10-07T11:50:13Z,2280
2026-10-09T01:50:37Z,2581,2026-10-06T06:25:39Z,4044
2026-10-09T01:50:37Z,2584,2026-10-08T09:48:18Z,962
2026-10-09T01:50:37Z,2585,2026-10-08T10:35:28Z,915
2026-10-09T01:50:37Z,2586,2026-10-08T08:12:48Z,1057
2026-10-09T01:50:37Z,2587,2026-10-08T14:58:36Z,652
2026-10-09T01:50:37Z,2593,2026-10-09T00:59:06Z,51
2026-10-09T01:50:37Z,2594,2026-10-09T00:19:44Z,90
2026-10-09T01:50:37Z,2595,2026-10-08T22:59:26Z,171
2026-10-09T01:50:37Z,2596,2026-10-08T13:33:17Z,737
2026-10-09T01:50:37Z,2603,2026-10-09T00:03:00Z,107
2026-10-09T01:50:37Z,2604,2026-10-06T06:29:08Z,4041
2026-10-09T01:50:37Z,2605,2026-10-08T12:08:22Z,822
2026-10-09T01:50:37Z,2608,2026-10-08T23:43:48Z,126
2026-10-09T01:50:37Z,2609,2026-10-09T00:14:08Z,96
2026-10-09T01:50:37Z,2610,2026-10-08T22:45:10Z,185
2026-10-09T01:50:37Z,2611,2026-10-08T16:13:09Z,577
2026-10-09T01:50:37Z,2613,2026-10-08T13:30:34Z,740
2026-10-09T01:50:37Z,2615,2026-10-08T16:55:06Z,535
2026-10-09T01:50:37Z,2616,2026-10-06T13:01:44Z,3648
2026-10-09T01:50:37Z,2617,2026-10-08T13:40:23Z,730
2026-10-09T01:50:37Z,2618,2026-10-08T18:50:28Z,420
2026-10-09T01:50:37Z,2621,2026-10-07T13:31:28Z,2179
2026-10-09T01:50:37Z,2622,2026-10-08T21:01:26Z,289
2026-10-09T01:50:37Z,2623,2026-10-03T07:42:35Z,8288
2026-10-09T01:50:37Z,2624,2026-10-08T16:21:12Z,569
2026-10-09T01:50:37Z,2625,2026-10-08T22:58:54Z,171
2026-10-09T01:50:37Z,2626,2026-10-08T17:49:35Z,481
2026-10-09T01:50:37Z,2627,2026-10-09T00:59:21Z,51
2026-10-09T01:50:37Z,2628,2026-10-08T23:07:06Z,163
2026-10-09T01:50:37Z,2629,2026-10-08T20:02:33Z,348
2026-10-09T01:50:37Z,2630,2026-10-08T16:03:03Z,587
2026-10-09T01:50:37Z,2631,2026-10-01T13:09:09Z,10841
2026-10-09T01:50:37Z,2632,2026-10-08T12:25:56Z,804
2026-10-09T01:50:37Z,2633,2026-10-08T06:02:50Z,1187
2026-10-09T01:50:37Z,2634,2026-10-08T21:24:46Z,265
2026-10-09T01:50:37Z,2635,2026-10-08T16:41:24Z,549
2026-10-09T01:50:37Z,2636,2026-10-07T08:23:26Z,2487
2026-10-09T01:50:37Z,2644,2026-01-06T13:23:56Z,396746
2026-10-09T01:50:37Z,2646,2026-01-06T13:23:56Z,396746
2026-10-09T01:50:37Z,2648,2026-10-08T19:13:28Z,397
2026-10-09T01:50:37Z,2649,2026-10-08T23:58:40Z,111
2026-10-09T01:50:37Z,2650,2026-10-08T06:07:38Z,1182
2026-10-09T01:50:37Z,2651,2026-10-06T11:51:24Z,3719
2026-10-09T01:50:37Z,2652,2026-10-08T14:23:21Z,687
2026-10-09T01:50:37Z,2653,2026-10-08T09:15:41Z,994
2026-10-09T01:50:37Z,2654,2026-10-08T14:24:58Z,685
2026-10-09T01:50:37Z,2655,2026-10-08T12:39:49Z,790
2026-10-09T01:50:37Z,2656,2026-10-08T09:56:28Z,954
2026-10-09T01:50:37Z,2657,2026-10-07T06:12:18Z,2618
2026-10-09T01:50:37Z,2658,2026-10-08T17:33:04Z,497
2026-10-09T01:50:37Z,2659,2026-10-07T07:47:07Z,2523
2026-10-09T01:50:37Z,2661,2026-10-08T12:44:55Z,785
2026-10-09T01:50:37Z,2665,2026-10-08T21:17:55Z,272
2026-10-09T01:50:37Z,2666,2026-10-09T01:45:05Z,5
2026-10-09T01:50:37Z,2667,2026-10-09T01:45:05Z,5
2026-10-09T01:50:37Z,2668,2026-10-09T01:45:05Z,5
2026-10-09T01:50:37Z,2669,2026-10-05T13:28:09Z,5062
2026-10-09T01:50:37Z,2670,2026-10-09T01:44:33Z,6
2026-10-09T01:50:37Z,2671,2026-10-08T22:27:18Z,203
2026-10-09T01:50:37Z,2672,2026-10-08T10:21:04Z,929
2026-10-09T01:50:37Z,2673,2026-10-07T16:10:04Z,2020
2026-10-09T01:50:37Z,2674,2026-10-08T06:00:46Z,1189
2026-10-09T01:50:37Z,2675,2026-10-08T08:50:37Z,1020
2026-10-09T01:50:37Z,2676,2026-10-08T18:52:55Z,417
2026-10-09T01:50:37Z,2677,2026-10-09T01:45:05Z,5
2026-10-09T01:50:37Z,2682,2026-10-08T13:18:17Z,752
2026-10-09T01:50:37Z,2683,2026-10-08T18:33:34Z,437
2026-10-09T01:50:37Z,2684,2026-10-08T17:32:26Z,498
2026-10-09T01:50:37Z,2686,2026-10-08T11:45:20Z,845
2026-10-09T01:50:37Z,2687,2026-10-08T22:40:08Z,190
2026-10-09T01:50:37Z,2688,2026-10-05T15:38:41Z,4931
2026-10-09T01:50:37Z,2689,2026-10-08T15:50:34Z,600
2026-10-09T01:50:37Z,2690,2026-10-08T07:35:25Z,1095
2026-10-09T01:50:37Z,2691,2026-10-08T15:59:13Z,591
2026-10-09T01:50:37Z,2692,2026-10-08T05:01:41Z,1248
2026-10-09T01:50:37Z,2693,2026-10-08T14:09:50Z,700
2026-10-09T01:50:37Z,2694,2026-10-08T19:44:07Z,366
2026-10-09T01:50:37Z,2696,2026-10-08T12:24:17Z,806
2026-10-09T01:50:37Z,2697,2026-10-08T16:04:55Z,585
2026-10-09T01:50:37Z,2698,2026-10-07T07:01:09Z,2569
2026-10-09T01:50:37Z,2699,2026-10-09T01:36:43Z,13
2026-10-09T01:50:37Z,2700,2026-10-07T00:04:18Z,2986
2026-10-09T01:50:37Z,2701,2026-10-08T16:19:21Z,571
2026-10-09T01:50:37Z,2702,2026-10-08T23:39:36Z,131
2026-10-09T01:50:37Z,2703,2026-10-07T07:01:09Z,2569
2026-10-09T01:50:37Z,2704,2026-10-07T20:43:53Z,1746
2026-10-09T01:50:37Z,2705,2026-10-08T17:13:27Z,517
2026-10-09T01:50:37Z,2706,2026-10-08T12:47:09Z,783
2026-10-09T01:50:37Z,2707,2026-10-08T09:01:19Z,1009
2026-10-09T01:50:37Z,2708,2026-10-08T20:31:29Z,319
2026-10-09T01:50:37Z,2709,2026-10-08T12:27:02Z,803
2026-10-09T01:50:37Z,2710,2026-07-29T06:29:49Z,103400
2026-10-09T01:50:37Z,2716,2026-10-09T00:04:56Z,105
2026-10-09T01:50:37Z,2717,2026-10-08T17:42:46Z,487
2026-10-09T01:50:37Z,2718,2026-10-08T21:49:46Z,240
2026-10-09T01:50:37Z,2719,2026-10-08T18:51:18Z,419
2026-10-09T01:50:37Z,2722,2026-10-07T08:41:59Z,2468
2026-10-09T01:50:37Z,2724,2026-10-08T06:53:41Z,1136
2026-10-09T01:50:37Z,2726,2026-10-08T22:57:49Z,172
2026-10-09T01:50:37Z,2727,2026-10-08T11:26:47Z,863
2026-10-09T01:50:37Z,2728,2026-10-08T09:42:40Z,967
2026-10-09T01:50:37Z,2729,2026-10-08T18:31:02Z,439
2026-10-09T01:50:37Z,2734,2026-07-29T06:33:24Z,103397
2026-10-09T01:50:37Z,2736,2026-10-07T15:38:04Z,2052
2026-10-09T01:50:37Z,2738,2026-10-07T09:50:35Z,2400
2026-10-09T01:50:37Z,2739,2026-10-08T23:22:43Z,147
2026-10-09T01:50:37Z,2740,2026-10-08T19:21:07Z,389
2026-10-09T01:50:37Z,2743,2026-10-08T14:31:27Z,679
2026-10-09T01:50:37Z,2746,2026-10-06T06:10:02Z,4060
2026-10-09T01:50:37Z,2748,2026-10-08T08:16:20Z,1054
2026-10-09T01:50:37Z,2757,2026-10-08T15:51:22Z,599
2026-10-09T01:50:37Z,2758,2026-10-08T22:41:08Z,189
2026-10-09T01:50:37Z,2759,2026-10-08T18:03:21Z,467
2026-10-09T01:50:37Z,2760,2026-10-09T00:01:55Z,108
2026-10-09T01:50:37Z,2761,2026-10-08T20:30:33Z,320
2026-10-09T01:50:37Z,2763,2026-10-08T17:31:52Z,498
2026-10-09T01:50:37Z,2764,2026-10-08T19:51:47Z,358
2026-10-09T01:50:37Z,2765,2026-10-08T18:16:06Z,454
2026-10-09T01:50:37Z,2766,2026-10-08T17:33:35Z,497
2026-10-09T01:50:37Z,2767,2026-10-07T07:01:09Z,2569
2026-10-09T01:50:37Z,2768,2026-10-08T20:54:57Z,295
2026-10-09T01:50:37Z,2769,2026-10-08T13:37:57Z,732
2026-10-09T01:50:37Z,2770,2026-10-08T19:55:44Z,354
2026-10-09T01:50:37Z,2771,2026-10-09T01:45:05Z,5
2026-10-09T01:50:37Z,2772,2026-10-09T01:45:05Z,5
2026-10-09T01:50:37Z,2773,2026-10-08T21:01:29Z,289
2026-10-09T01:50:37Z,2774,2026-10-08T21:00:49Z,289
2026-10-09T01:50:37Z,2778,2026-10-08T21:01:14Z,289
2026-10-09T01:50:37Z,2779,2026-10-08T21:02:57Z,287
2026-10-09T01:50:37Z,2780,2026-10-08T21:00:51Z,289
2026-10-09T01:50:37Z,2782,2026-10-08T21:01:29Z,289
2026-10-09T01:50:37Z,2788,2026-10-08T21:01:07Z,289
2026-10-09T01:50:37Z,2789,2026-10-08T21:00:48Z,289
2026-10-09T01:50:37Z,2791,2026-10-08T21:01:29Z,289
2026-10-09T01:50:37Z,2792,2026-10-09T01:22:31Z,28
2026-10-09T01:50:37Z,2794,2026-10-08T21:01:15Z,289
2026-10-09T01:50:37Z,2795,2026-10-08T21:01:13Z,289
2026-10-09T01:50:37Z,2796,2026-10-08T21:01:12Z,289
2026-10-09T01:50:37Z,2797,2026-10-08T21:00:50Z,289
2026-10-09T01:50:37Z,2798,2026-10-08T21:00:43Z,289
2026-10-09T01:50:37Z,2799,2026-10-08T21:00:44Z,289
2026-10-09T01:50:37Z,2800,2026-10-08T21:01:18Z,289
2026-10-09T01:50:37Z,2802,2026-09-01T06:51:28Z,54419
2026-10-09T01:50:37Z,2803,2026-10-08T22:01:17Z,229
2026-10-09T01:50:37Z,2804,2026-10-08T21:01:03Z,289
2026-10-09T01:50:37Z,2805,2026-10-08T09:13:13Z,997
2026-10-09T01:50:37Z,2806,2026-10-08T21:00:52Z,289
2026-10-09T01:50:37Z,2807,2026-10-08T21:00:46Z,289
2026-10-09T01:50:37Z,2808,2026-10-09T00:23:07Z,87
2026-10-09T01:50:37Z,2809,2026-10-09T00:23:07Z,87
2026-10-09T01:50:37Z,2810,2026-10-09T00:28:43Z,81
2026-10-09T01:50:37Z,2811,2026-10-08T21:00:59Z,289
2026-10-09T01:50:37Z,2812,2026-10-08T21:00:51Z,289
2026-10-09T01:50:37Z,2813,2026-10-08T21:00:55Z,289
2026-10-09T01:50:37Z,2814,2026-10-08T21:00:42Z,289
2026-10-09T01:50:37Z,2815,2026-10-08T22:35:47Z,194
2026-10-09T01:50:37Z,2816,2026-10-08T22:41:14Z,189
2026-10-09T01:50:37Z,2817,2026-10-08T21:00:54Z,289
2026-10-09T01:50:37Z,2818,2026-10-08T21:01:11Z,289
2026-10-09T01:50:37Z,2819,2026-10-08T21:00:53Z,289
2026-10-09T01:50:37Z,2820,2026-10-08T18:28:10Z,442
2026-10-09T01:50:37Z,2821,2026-10-09T01:28:24Z,22
2026-10-09T01:50:37Z,2822,2026-10-09T00:27:50Z,82
2026-10-09T01:50:37Z,2824,2026-10-08T21:01:48Z,288
2026-10-09T01:50:37Z,2825,2026-02-23T12:04:04Z,327706
2026-10-09T01:50:37Z,2826,2026-10-08T21:01:25Z,289
2026-10-09T01:50:37Z,2827,2026-10-08T16:06:48Z,583
2026-10-09T01:50:37Z,2828,2026-10-08T21:02:26Z,288
2026-10-09T01:50:37Z,2829,2026-10-08T21:01:09Z,289
2026-10-09T01:50:37Z,2830,2026-10-08T21:00:47Z,289
2026-10-09T01:50:37Z,2831,2026-10-08T21:01:12Z,289
2026-10-09T01:50:37Z,2832,2026-10-08T21:00:51Z,289
2026-10-09T01:50:37Z,2833,2026-05-14T09:37:50Z,212652
2026-10-09T01:50:37Z,2834,2026-10-08T21:00:50Z,289
2026-10-09T01:50:37Z,2835,2026-10-08T21:01:23Z,289
2026-10-09T01:50:37Z,2836,2026-10-08T21:00:52Z,289
2026-10-09T01:50:37Z,2837,2026-10-08T21:01:10Z,289
2026-10-09T01:50:37Z,2838,2026-10-08T21:01:10Z,289
2026-10-09T01:50:37Z,2839,2026-10-08T21:00:57Z,289
2026-10-09T01:50:37Z,2840,2026-10-08T19:10:07Z,400
2026-10-09T01:50:37Z,2841,2026-10-09T00:50:57Z,59
2026-10-09T01:50:37Z,2843,2026-10-08T20:38:01Z,312
2026-10-09T01:50:37Z,2844,2026-10-08T21:12:34Z,278
2026-10-09T01:50:37Z,2845,2026-10-08T17:08:58Z,521
2026-10-09T01:50:37Z,2846,2026-10-04T16:35:41Z,6314
2026-10-09T01:50:37Z,2847,2026-10-09T01:38:50Z,11
2026-10-09T01:50:37Z,2848,2026-10-08T16:04:42Z,585
2026-10-09T01:50:37Z,2849,2026-10-08T13:39:27Z,731
2026-10-09T01:50:37Z,2850,2026-10-08T19:46:47Z,363
2026-10-09T01:50:37Z,2851,2026-10-09T00:30:45Z,79
2026-10-09T01:50:37Z,2852,2026-10-05T01:21:38Z,5788
2026-10-09T01:50:37Z,2853,2026-10-08T13:21:25Z,749
2026-10-09T01:50:37Z,2855,2026-10-08T11:47:23Z,843
2026-10-09T01:50:37Z,2856,2026-10-08T15:38:38Z,611
2026-10-09T01:50:37Z,2857,2026-10-08T17:13:28Z,517
2026-10-09T01:50:37Z,2858,2026-10-05T09:48:16Z,5282
2026-10-09T01:50:37Z,2859,2026-10-08T14:09:26Z,701
2026-10-09T01:50:37Z,2860,2026-10-08T09:36:50Z,973
2026-10-09T01:50:37Z,2861,2026-10-08T10:37:48Z,912
2026-10-09T01:50:37Z,2862,2026-10-08T05:33:43Z,1216
2026-10-09T01:50:37Z,2863,2026-10-08T10:20:42Z,929
2026-10-09T01:50:37Z,2864,2026-10-07T15:04:29Z,2086
2026-10-09T01:50:37Z,2865,2026-10-08T13:53:46Z,716
2026-10-09T01:50:37Z,2866,2026-10-07T08:34:19Z,2476
2026-10-09T01:50:37Z,2867,2026-10-08T20:28:20Z,322
2026-10-09T01:50:37Z,2868,2026-10-08T15:33:10Z,617
2026-10-09T01:50:37Z,2869,2026-10-08T11:51:18Z,839
2026-10-09T01:50:37Z,2870,2026-10-08T12:28:44Z,801
2026-10-09T01:50:37Z,2871,2026-10-08T19:06:05Z,404
2026-10-09T01:50:37Z,2872,2026-10-08T15:01:03Z,649
2026-10-09T01:50:37Z,2873,2026-10-08T09:34:41Z,975
2026-10-09T01:50:37Z,2874,2026-10-08T13:08:30Z,762
2026-10-09T01:50:37Z,2875,2026-10-08T08:28:56Z,1041
2026-10-09T01:50:37Z,2876,2026-10-08T19:07:15Z,403
2026-10-09T01:50:37Z,2877,2026-10-08T17:51:47Z,478
2026-10-09T01:50:37Z,2878,2026-10-08T00:02:10Z,1548
2026-10-09T01:50:37Z,2879,2026-10-08T19:33:40Z,376
2026-10-09T01:50:37Z,2880,2026-10-09T00:01:42Z,108
2026-10-09T01:50:37Z,2881,2026-10-08T01:17:40Z,1472
2026-10-09T01:50:37Z,2882,2026-10-09T00:02:11Z,108
2026-10-09T01:50:37Z,2883,2026-10-09T00:01:29Z,109
2026-10-09T01:50:37Z,2884,2026-10-09T00:01:48Z,108
2026-10-09T01:50:37Z,2885,2026-10-08T19:31:06Z,379
2026-10-09T01:50:37Z,2886,2026-10-07T07:01:09Z,2569
2026-10-09T01:50:37Z,2887,2026-10-07T11:32:47Z,2297
2026-10-09T01:50:37Z,2889,2026-10-09T00:01:21Z,109
2026-10-09T01:50:37Z,2890,2026-10-08T15:39:56Z,610
2026-10-09T01:50:37Z,2891,2026-10-08T11:57:22Z,833
2026-10-09T01:50:37Z,2892,2026-10-08T12:23:52Z,806
2026-10-09T01:50:37Z,2893,2026-10-08T12:53:06Z,777
2026-10-09T01:50:37Z,2894,2026-10-08T14:27:10Z,683
2026-10-09T01:50:37Z,2895,2026-10-08T16:18:12Z,572
2026-10-09T01:50:37Z,2896,2026-10-08T19:43:16Z,367
2026-10-09T01:50:37Z,2897,2026-10-09T00:03:55Z,106
2026-10-09T01:50:37Z,2898,2026-10-08T07:05:33Z,1125
2026-10-09T01:50:37Z,2899,2026-10-08T15:30:57Z,619
2026-10-09T01:50:37Z,2900,2026-10-06T04:31:31Z,4159
2026-10-09T01:50:37Z,2901,2026-10-08T20:34:56Z,315
2026-10-09T01:50:37Z,2902,2026-10-08T17:10:04Z,520
2026-10-09T01:50:37Z,2903,2026-10-08T19:40:16Z,370
2026-10-09T01:50:37Z,2904,2026-10-08T15:10:16Z,640
2026-10-09T01:50:37Z,2906,2026-10-09T00:01:34Z,109
2026-10-09T01:50:37Z,2907,2026-10-08T18:16:02Z,454
2026-10-09T01:50:37Z,2908,2026-10-07T15:08:03Z,2082
2026-10-09T01:50:37Z,2909,2026-10-08T14:18:28Z,692
2026-10-09T01:50:37Z,2911,2026-10-08T14:07:00Z,703
2026-10-09T01:50:37Z,2912,2026-10-08T15:35:57Z,614
2026-10-09T01:50:37Z,2913,2026-10-08T17:01:26Z,529
2026-10-09T01:50:37Z,2914,2026-10-08T16:01:00Z,589
2026-10-09T01:50:37Z,2915,2026-10-08T13:54:22Z,716
2026-10-09T01:50:37Z,2916,2026-10-08T09:23:06Z,987
2026-10-09T01:50:37Z,2917,2026-10-08T15:02:06Z,648
2026-10-09T01:50:37Z,2918,2026-10-08T14:37:10Z,673
2026-10-09T01:50:37Z,2919,2026-10-09T00:01:40Z,108
2026-10-09T01:50:37Z,2920,2026-10-09T00:02:13Z,108
2026-10-09T01:50:37Z,2921,2026-10-08T16:21:38Z,568
2026-10-09T01:50:37Z,2922,2026-10-07T07:09:19Z,2561
2026-10-09T01:50:37Z,2923,2026-10-05T08:48:50Z,5341
2026-10-09T01:50:37Z,2924,2026-10-07T12:05:22Z,2265
2026-10-09T01:50:37Z,2925,2026-10-05T11:02:46Z,5207
2026-10-09T01:50:37Z,2926,2026-10-08T13:27:39Z,742
2026-10-09T01:50:37Z,2927,2026-10-08T20:21:55Z,328
2026-10-09T01:50:37Z,2928,2026-10-08T06:48:58Z,1141
2026-10-09T01:50:37Z,2929,2026-10-08T16:58:44Z,531
2026-10-09T01:50:37Z,2930,2026-10-08T13:17:04Z,753
2026-10-09T01:50:37Z,2931,2026-10-08T14:47:43Z,662
2026-10-09T01:50:37Z,2932,2026-10-08T17:42:13Z,488
2026-10-09T01:50:37Z,2933,2026-10-08T20:34:59Z,315
2026-10-09T01:50:37Z,2934,2026-10-08T07:48:10Z,1082
2026-10-09T01:50:37Z,2935,2026-10-08T16:04:55Z,585
2026-10-09T01:50:37Z,2936,2026-10-08T10:56:26Z,894
2026-10-09T01:50:37Z,2937,2026-10-08T20:57:20Z,293
2026-10-09T01:50:37Z,2938,2026-10-08T08:47:58Z,1022
2026-10-09T01:50:37Z,2939,2026-10-09T00:02:13Z,108
2026-10-09T01:50:37Z,2940,2026-10-08T15:18:44Z,631
2026-10-09T01:50:37Z,2941,2026-10-08T14:03:26Z,707
2026-10-09T01:50:37Z,2942,2026-10-08T15:51:41Z,598
2026-10-09T01:50:37Z,2943,2026-10-08T14:59:04Z,651
2026-10-09T01:50:37Z,2944,2026-10-08T13:56:08Z,714
2026-10-09T01:50:37Z,2945,2026-10-07T15:12:14Z,2078
2026-10-09T01:50:37Z,2981,2026-10-08T15:48:03Z,602
2026-10-09T01:50:37Z,2982,2026-10-03T11:15:04Z,8075
2026-10-09T01:50:37Z,2983,2026-10-08T17:39:57Z,490
2026-10-09T01:50:37Z,2984,2026-10-08T10:33:21Z,917
2026-10-09T01:50:37Z,2985,2026-10-08T13:42:32Z,728
2026-10-09T01:50:37Z,2986,2026-10-08T16:23:45Z,566
2026-10-09T01:50:37Z,2987,2026-10-08T20:55:30Z,295
2026-10-09T01:50:37Z,2988,2026-10-09T01:37:30Z,13
2026-10-09T01:50:37Z,2989,2026-10-08T18:42:35Z,428
2026-10-09T01:50:37Z,2990,2026-10-08T15:29:10Z,621
2026-10-09T01:50:37Z,2991,2026-10-08T15:42:07Z,608
2026-10-09T01:50:37Z,2992,2026-10-08T09:32:10Z,978
2026-10-09T01:50:37Z,2993,2026-10-08T11:45:17Z,845
2026-10-09T01:50:37Z,2994,2026-10-08T15:35:36Z,615
2026-10-09T01:50:37Z,2995,2026-10-07T14:59:31Z,2091
2026-10-09T01:50:37Z,2996,2026-10-08T20:33:29Z,317
2026-10-09T01:50:37Z,2997,2026-10-08T20:33:29Z,317
2026-10-09T01:50:37Z,2999,2026-10-08T14:02:45Z,707
2026-10-09T01:50:37Z,3000,2026-10-08T23:00:59Z,169
2026-10-09T01:50:37Z,3001,2026-10-08T18:26:30Z,444
2026-10-09T01:50:37Z,3002,2026-10-08T15:27:58Z,622
2026-10-09T01:50:37Z,3003,2026-10-08T15:14:50Z,635
2026-10-09T01:50:37Z,3009,2026-10-09T01:45:05Z,5
2026-10-09T01:50:37Z,3011,2026-10-09T01:37:12Z,13
2026-10-09T01:50:37Z,3035,2026-10-08T20:34:42Z,315
2026-10-09T01:50:37Z,3037,2026-10-09T00:29:08Z,81
2026-10-09T01:50:37Z,3038,2026-10-09T01:44:09Z,6
2026-10-09T01:50:37Z,3042,2026-10-09T00:09:10Z,101
2026-10-09T01:50:37Z,3043,2026-10-08T13:23:46Z,746
2026-10-09T01:50:37Z,3044,2026-10-08T20:30:32Z,320
2026-10-09T01:50:37Z,3045,2026-10-09T00:34:31Z,76
2026-10-09T01:50:37Z,3046,2026-10-08T20:38:03Z,312
2026-10-09T01:50:37Z,3049,2026-10-08T21:40:09Z,250
2026-10-09T01:50:37Z,3050,2026-10-08T17:30:16Z,500
2026-10-09T01:50:37Z,3052,2026-10-09T00:45:06Z,65
2026-10-09T01:50:37Z,3053,2026-10-08T18:46:24Z,424
2026-10-09T01:50:37Z,3054,2026-10-09T01:02:28Z,48
2026-10-09T01:50:37Z,3055,2026-10-08T13:34:36Z,736
2026-10-09T01:50:37Z,3056,2026-10-08T13:31:30Z,739
2026-10-09T01:50:37Z,3057,2026-10-08T13:31:49Z,738
2026-10-09T01:50:37Z,3058,2026-10-08T20:37:16Z,313
2026-10-09T01:50:37Z,3059,2026-10-08T23:33:47Z,136
2026-10-09T01:50:37Z,3060,2026-10-08T16:14:10Z,576
2026-10-09T01:50:37Z,3061,2026-10-09T01:45:05Z,5
2026-10-09T01:50:37Z,3062,2026-10-09T01:42:45Z,7
2026-10-09T01:50:37Z,3063,2026-10-08T00:01:57Z,1548
2026-10-09T01:50:37Z,3064,2026-10-08T05:30:58Z,1219
2026-10-09T01:50:37Z,3065,2026-10-08T18:22:42Z,447
2026-10-09T01:50:37Z,3066,2026-10-08T16:47:58Z,542
2026-10-09T01:50:37Z,3067,2026-10-08T12:04:15Z,826
2026-10-09T01:50:37Z,3068,2026-10-07T14:32:39Z,2117
2026-10-09T01:50:37Z,3069,2026-10-07T07:01:09Z,2569
2026-10-09T01:50:37Z,3070,2026-10-08T13:06:50Z,763
2026-10-09T01:50:37Z,3071,2026-10-08T17:03:48Z,526
2026-10-09T01:50:37Z,3072,2026-10-08T15:59:10Z,591
2026-10-09T01:50:37Z,3073,2026-10-09T01:07:30Z,43
2026-10-09T01:50:37Z,3074,2026-10-08T13:29:12Z,741
2026-10-09T01:50:37Z,3075,2026-10-08T13:29:03Z,741
2026-10-09T01:50:37Z,3076,2026-10-08T14:43:48Z,666
2026-10-09T01:50:37Z,3077,2026-10-08T11:32:04Z,858
2026-10-09T01:50:37Z,3078,2026-10-07T10:48:47Z,2341
2026-10-09T01:50:37Z,3079,2026-10-07T12:27:19Z,2243
2026-10-09T01:50:37Z,3080,2026-10-09T00:02:02Z,108
2026-10-09T01:50:37Z,3081,2026-10-08T10:45:39Z,904
2026-10-09T01:50:37Z,3082,2026-10-08T14:28:46Z,681
2026-10-09T01:50:37Z,3083,2026-10-08T16:21:58Z,568
2026-10-09T01:50:37Z,3084,2026-10-08T16:51:56Z,538
2026-10-09T01:50:37Z,3085,2026-10-07T16:35:10Z,1995
2026-10-09T01:50:37Z,3086,2026-10-08T16:55:58Z,534
2026-10-09T01:50:37Z,3087,2026-10-05T12:02:18Z,5148
2026-10-09T01:50:37Z,3088,2026-10-08T17:03:03Z,527
2026-10-09T01:50:37Z,3089,2026-10-08T15:40:12Z,610
2026-10-09T01:50:37Z,3091,2026-10-08T16:44:59Z,545
2026-10-09T01:50:37Z,3092,2026-10-08T17:34:41Z,495
2026-10-09T01:50:37Z,3093,2026-10-08T18:31:15Z,439
2026-10-09T01:50:37Z,3094,2026-10-08T22:55:35Z,175
2026-10-09T01:50:37Z,3095,2026-10-06T06:06:51Z,4063
2026-10-09T01:50:37Z,3096,2026-10-08T12:56:11Z,774
2026-10-09T01:50:37Z,3101,2026-10-08T09:44:43Z,965
2026-10-09T01:50:37Z,3102,2026-10-08T16:58:14Z,532
2026-10-09T01:50:37Z,3103,2026-10-09T01:36:58Z,13
2026-10-09T01:50:37Z,3105,2026-10-09T01:36:58Z,13
2026-10-09T01:50:37Z,3107,2026-10-08T18:18:38Z,451
2026-10-09T01:50:37Z,3108,2026-10-08T21:00:58Z,289
2026-10-09T01:50:37Z,3109,2026-10-08T21:00:56Z,289
2026-10-09T01:50:37Z,3110,2026-10-08T19:46:34Z,364
2026-10-09T01:50:37Z,3111,2026-10-08T18:13:43Z,456
2026-10-09T01:50:37Z,3112,2026-10-08T18:05:00Z,465
2026-10-09T01:50:37Z,3113,2026-10-08T18:53:19Z,417
2026-10-09T01:50:37Z,3116,2026-10-09T00:18:07Z,92
2026-10-09T01:50:37Z,3117,2026-10-08T13:30:35Z,740
2026-10-09T01:50:37Z,3118,2026-10-08T08:32:08Z,1038
2026-10-09T01:50:37Z,3131,2026-10-09T00:01:07Z,109
2026-10-09T01:50:37Z,3132,2026-10-09T01:45:03Z,5
2026-10-09T01:50:37Z,3133,2026-10-09T01:45:03Z,5
2026-10-09T01:50:37Z,3134,2026-10-09T01:45:03Z,5
2026-10-09T01:50:37Z,3135,2026-10-09T01:45:03Z,5
2026-10-09T01:50:37Z,3136,2026-10-09T01:45:03Z,5
2026-10-09T01:50:37Z,3137,2026-10-09T01:45:03Z,5
2026-10-09T01:50:37Z,3138,2026-10-09T01:45:03Z,5
2026-10-09T01:50:37Z,3139,2026-10-08T17:33:29Z,497
2026-10-09T01:50:37Z,3140,2026-10-08T13:09:00Z,761
2026-10-09T01:50:37Z,3141,2026-10-08T10:46:50Z,903
2026-10-09T01:50:37Z,3142,2026-10-08T23:00:50Z,169
2026-10-09T01:50:37Z,3143,2026-10-08T16:24:54Z,565
2026-10-09T01:50:37Z,3144,2026-10-08T20:44:55Z,305
2026-10-09T01:50:37Z,3149,2026-10-09T01:45:03Z,5
2026-10-09T01:50:37Z,3150,2026-10-09T01:45:03Z,5
2026-10-09T01:50:37Z,3151,2026-10-09T01:45:03Z,5
2026-10-09T01:50:37Z,3152,2026-10-09T01:45:03Z,5
2026-10-09T01:50:37Z,3153,2026-10-08T15:29:31Z,621
2026-10-09T01:50:37Z,3154,2026-10-08T23:59:48Z,110
2026-10-09T01:50:37Z,3155,2026-10-09T01:45:03Z,5
2026-10-09T01:50:37Z,3156,2026-10-09T01:45:03Z,5
2026-10-09T01:50:37Z,3157,2026-10-09T01:45:03Z,5
2026-10-09T01:50:37Z,3158,2026-10-09T01:45:03Z,5
2026-10-09T01:50:37Z,3159,2026-10-09T01:45:03Z,5
2026-10-09T01:50:37Z,3160,2026-10-08T13:15:16Z,755
2026-10-09T01:50:37Z,3161,2026-10-09T01:45:03Z,5
2026-10-09T01:50:37Z,3162,2026-10-09T01:45:03Z,5
2026-10-09T01:50:37Z,3163,2026-10-09T01:45:03Z,5
2026-10-09T01:50:37Z,3164,2026-10-09T01:45:03Z,5
2026-10-09T01:50:37Z,3166,2026-10-09T01:45:03Z,5
2026-10-09T01:50:37Z,3167,2026-10-09T01:45:03Z,5
2026-10-09T01:50:37Z,3168,2026-10-09T01:45:03Z,5
2026-10-09T01:50:37Z,3169,2026-10-09T01:45:03Z,5
2026-10-09T01:50:37Z,3170,2026-10-08T18:58:00Z,412
2026-10-09T01:50:37Z,3171,2026-10-09T01:45:03Z,5
2026-10-09T01:50:37Z,3173,2026-10-09T01:45:03Z,5
2026-10-09T01:50:37Z,3174,2026-10-09T01:45:03Z,5
2026-10-09T01:50:37Z,3176,2026-10-09T01:45:03Z,5
2026-10-09T01:50:37Z,3181,2026-10-09T01:45:03Z,5
2026-10-09T01:50:37Z,3182,2026-10-09T01:45:03Z,5
2026-10-09T01:50:37Z,3183,2026-10-08T19:08:20Z,402
2026-10-09T01:50:37Z,3184,2026-10-09T01:45:03Z,5
2026-10-09T01:50:37Z,3185,2026-10-09T01:45:03Z,5
2026-10-09T01:50:37Z,3186,2026-10-09T01:45:03Z,5
2026-10-09T01:50:37Z,3187,2026-10-09T01:45:03Z,5
2026-10-09T01:50:37Z,3189,2026-10-09T01:45:03Z,5
2026-10-09T01:50:37Z,3190,2026-10-09T01:45:03Z,5
2026-10-09T01:50:37Z,3193,2026-10-09T01:45:03Z,5
2026-10-09T01:50:37Z,3194,2026-10-09T01:45:03Z,5
2026-10-09T01:50:37Z,3195,2026-10-09T01:45:03Z,5
2026-10-09T01:50:37Z,3196,2026-10-09T01:45:03Z,5
2026-10-09T01:50:37Z,3201,2026-10-09T01:45:03Z,5
2026-10-09T01:50:37Z,3202,2026-10-08T17:01:20Z,529
2026-10-09T01:50:37Z,3203,2026-10-09T01:45:03Z,5
2026-10-09T01:50:37Z,3204,2026-10-09T01:45:03Z,5
2026-10-09T01:50:37Z,3205,2026-10-08T17:48:48Z,481
2026-10-09T01:50:37Z,3209,2026-10-09T01:45:03Z,5
2026-10-09T01:50:37Z,3210,2026-10-09T01:45:03Z,5
2026-10-09T01:50:37Z,3211,2026-10-09T01:10:03Z,40
2026-10-09T01:50:37Z,3213,2026-10-08T20:37:44Z,312
2026-10-09T01:50:37Z,3214,2026-10-08T19:33:38Z,376
2026-10-09T01:50:37Z,3216,2026-10-08T16:31:15Z,559
2026-10-09T01:50:37Z,3219,2026-10-08T21:01:10Z,289
2026-10-09T01:50:37Z,3220,2026-10-08T21:01:07Z,289
2026-10-09T01:50:37Z,3221,2026-10-08T21:00:51Z,289
2026-10-09T01:50:37Z,3222,2026-10-09T00:21:14Z,89
2026-10-09T01:50:37Z,3225,2026-10-08T19:16:18Z,394
2026-10-09T01:50:37Z,3226,2026-10-08T21:01:07Z,289
2026-10-09T01:50:37Z,3227,2026-10-08T20:43:19Z,307
2026-10-09T01:50:37Z,3228,2026-10-08T21:00:55Z,289
2026-10-09T01:50:37Z,3229,2026-10-08T21:01:27Z,289
2026-10-09T01:50:37Z,3230,2026-10-08T21:01:25Z,289
2026-10-09T01:50:37Z,3231,2026-10-08T21:00:42Z,289
2026-10-09T01:50:37Z,3233,2026-10-08T21:01:04Z,289
2026-10-09T01:50:37Z,3234,2026-10-08T21:01:24Z,289
2026-10-09T01:50:37Z,3240,2026-10-08T22:28:51Z,201
2026-10-09T01:50:37Z,3241,2026-10-08T18:09:25Z,461
2026-10-09T01:50:37Z,3242,2026-10-08T14:25:03Z,685
2026-10-09T01:50:37Z,3243,2026-10-08T13:51:51Z,718
2026-10-09T01:50:37Z,3244,2026-10-08T16:19:09Z,571
2026-10-09T01:50:37Z,3245,2026-10-08T11:55:35Z,835
2026-10-09T01:50:37Z,3246,2026-10-08T23:02:41Z,167
2026-10-09T01:50:37Z,3247,2026-10-09T00:01:54Z,108
2026-10-09T01:50:37Z,3248,2026-10-09T00:02:00Z,108
2026-10-09T01:50:37Z,3249,2026-10-08T11:32:54Z,857
2026-10-09T01:50:37Z,3250,2026-10-08T21:38:21Z,252
2026-10-09T01:50:37Z,3251,2026-10-09T00:01:38Z,108
2026-10-09T01:50:37Z,3252,2026-10-08T10:14:26Z,936
2026-10-09T01:50:37Z,3253,2026-10-08T17:13:32Z,517
2026-10-09T01:50:37Z,3254,2026-10-08T21:01:23Z,289
2026-10-09T01:50:37Z,3256,2026-10-08T19:26:06Z,384
2026-10-09T01:50:37Z,3258,2026-10-08T21:23:29Z,267
2026-10-09T01:50:37Z,3261,2026-10-08T21:00:49Z,289
2026-10-09T01:50:37Z,3276,2026-10-08T21:00:53Z,289
2026-10-09T01:50:37Z,3277,2026-10-08T21:01:09Z,289
2026-10-09T01:50:37Z,3278,2026-10-08T21:00:57Z,289
2026-10-09T01:50:37Z,3279,2026-10-08T21:00:57Z,289
2026-10-09T01:50:37Z,3280,2026-10-08T21:01:03Z,289
2026-10-09T01:50:37Z,3281,2026-10-08T21:01:08Z,289
2026-10-09T01:50:37Z,3283,2026-10-08T21:00:49Z,289
2026-10-09T01:50:37Z,3285,2026-10-08T21:00:38Z,289
2026-10-09T01:50:37Z,3287,2026-10-08T21:01:00Z,289
2026-10-09T01:50:37Z,3289,2026-10-08T21:01:05Z,289
2026-10-09T01:50:37Z,3294,2026-10-08T21:00:54Z,289
2026-10-09T01:50:37Z,3304,2026-10-09T00:34:09Z,76
2026-10-09T01:50:37Z,3305,2026-10-08T21:01:21Z,289
2026-10-09T01:50:37Z,3306,2026-10-08T21:00:50Z,289
2026-10-09T01:50:37Z,3308,2026-10-08T21:00:59Z,289
2026-10-09T01:50:37Z,3309,2026-10-08T21:00:48Z,289
2026-10-09T01:50:37Z,3318,2026-10-07T21:30:06Z,1700
2026-10-09T01:50:37Z,3319,2026-10-09T00:22:18Z,88
2026-10-09T01:50:37Z,3322,2026-09-29T10:14:53Z,13895
2026-10-09T01:50:37Z,3323,2026-10-03T08:24:49Z,8245
2026-10-09T01:50:37Z,3325,2026-10-08T21:01:19Z,289
2026-10-09T01:50:37Z,3328,2026-10-08T17:15:20Z,515
2026-10-09T01:50:37Z,3341,2026-10-09T01:22:43Z,27
2026-10-09T01:50:37Z,3380,2026-10-08T19:09:28Z,401
2026-10-09T01:50:37Z,3381,2026-10-08T19:09:26Z,401
2026-10-09T01:50:37Z,3382,2026-10-08T19:09:27Z,401
2026-10-09T01:50:37Z,3383,2026-10-08T19:09:25Z,401
2026-10-09T01:50:37Z,3384,2026-10-09T01:28:44Z,21
2026-10-09T01:50:37Z,3385,2026-10-08T19:09:26Z,401
2026-10-09T01:50:37Z,3386,2026-10-08T19:09:26Z,401
2026-10-09T01:50:37Z,3387,2026-10-08T19:09:18Z,401
2026-10-09T01:50:37Z,3389,2026-10-08T19:09:11Z,401
2026-10-09T01:50:37Z,3390,2026-10-08T19:09:12Z,401
2026-10-09T01:50:37Z,3391,2026-10-08T23:54:14Z,116
2026-10-09T01:50:37Z,3392,2026-10-08T21:49:35Z,241
2026-10-09T01:50:37Z,3393,2026-10-08T19:09:14Z,401
2026-10-09T01:50:37Z,3394,2026-10-08T19:09:14Z,401
2026-10-09T01:50:37Z,3395,2026-10-09T00:26:51Z,83
2026-10-09T01:50:37Z,3396,2026-10-08T19:09:15Z,401
2026-10-09T01:50:37Z,3397,2026-10-08T21:52:16Z,238
2026-10-09T01:50:37Z,3398,2026-10-08T23:50:22Z,120
2026-10-09T01:50:37Z,3399,2026-10-08T19:09:15Z,401
2026-10-09T01:50:37Z,3400,2026-10-08T19:09:16Z,401
2026-10-09T01:50:37Z,3401,2026-10-09T00:43:43Z,66
2026-10-09T01:50:37Z,3402,2026-10-08T19:09:17Z,401
2026-10-09T01:50:37Z,3404,2026-10-08T22:33:50Z,196
2026-10-09T01:50:37Z,3405,2026-10-08T19:09:56Z,400
2026-10-09T01:50:37Z,3406,2026-10-08T19:09:56Z,400
2026-10-09T01:50:37Z,3407,2026-10-08T19:09:45Z,400
2026-10-09T01:50:37Z,3408,2026-10-08T19:10:02Z,400
2026-10-09T01:50:37Z,3409,2026-10-08T19:09:13Z,401
2026-10-09T01:50:37Z,3410,2026-10-08T19:09:43Z,400
2026-10-09T01:50:37Z,3411,2026-10-08T23:20:28Z,150
2026-10-09T01:50:37Z,3412,2026-10-08T19:09:19Z,401
2026-10-09T01:50:37Z,3413,2026-10-08T19:09:19Z,401
2026-10-09T01:50:37Z,3414,2026-10-08T19:09:18Z,401
2026-10-09T01:50:37Z,3415,2026-10-08T19:09:18Z,401
2026-10-09T01:50:37Z,3416,2026-10-08T19:09:50Z,400
2026-10-09T01:50:37Z,3417,2026-10-09T00:26:54Z,83
2026-10-09T01:50:37Z,3418,2026-10-08T19:09:43Z,400
2026-10-09T01:50:37Z,3419,2026-10-08T19:09:21Z,401
2026-10-09T01:50:37Z,3420,2026-10-08T19:09:59Z,400
2026-10-09T01:50:37Z,3421,2026-10-09T00:18:02Z,92
2026-10-09T01:50:37Z,3423,2026-10-08T23:55:40Z,114
2026-10-09T01:50:37Z,3424,2026-10-08T19:09:19Z,401
2026-10-09T01:50:37Z,3425,2026-10-08T19:09:20Z,401
2026-10-09T01:50:37Z,3426,2026-10-08T22:10:42Z,219
2026-10-09T01:50:37Z,3427,2026-10-08T23:54:31Z,116
2026-10-09T01:50:37Z,3428,2026-10-09T01:23:23Z,27
2026-10-09T01:50:37Z,3429,2026-10-08T19:09:18Z,401
2026-10-09T01:50:37Z,3430,2026-10-08T19:09:20Z,401
2026-10-09T01:50:37Z,3431,2026-10-08T22:56:17Z,174
2026-10-09T01:50:37Z,3432,2026-10-08T19:09:21Z,401
2026-10-09T01:50:37Z,3433,2026-10-09T00:25:21Z,85
2026-10-09T01:50:37Z,3435,2026-10-08T19:09:22Z,401
2026-10-09T01:50:37Z,3436,2026-10-08T19:09:22Z,401
2026-10-09T01:50:37Z,3437,2026-10-08T19:09:44Z,400
2026-10-09T01:50:37Z,3438,2026-10-08T19:09:45Z,400
2026-10-09T01:50:37Z,3439,2026-10-08T23:55:44Z,114
2026-10-09T01:50:37Z,3440,2026-10-09T01:03:25Z,47
2026-10-09T01:50:37Z,3441,2026-10-08T19:20:25Z,390
2026-10-09T01:50:37Z,3442,2026-10-08T19:09:26Z,401
2026-10-09T01:50:37Z,3443,2026-10-08T19:13:38Z,396
2026-10-09T01:50:37Z,3444,2026-10-08T19:09:27Z,401
2026-10-09T01:50:37Z,3445,2026-10-08T19:09:27Z,401
2026-10-09T01:50:37Z,3446,2026-10-08T22:20:39Z,209
2026-10-09T01:50:37Z,3447,2026-10-08T19:09:38Z,400
2026-10-09T01:50:37Z,3448,2026-10-08T19:09:39Z,400
2026-10-09T01:50:37Z,3449,2026-10-08T19:09:39Z,400
2026-10-09T01:50:37Z,3450,2026-10-08T19:09:40Z,400
2026-10-09T01:50:37Z,3451,2026-10-08T22:06:07Z,224
2026-10-09T01:50:37Z,3452,2026-10-09T01:01:25Z,49
2026-10-09T01:50:37Z,3453,2026-10-08T23:54:35Z,116
2026-10-09T01:50:37Z,3454,2026-10-08T19:09:44Z,400
2026-10-09T01:50:37Z,3455,2026-10-08T19:09:51Z,400
2026-10-09T01:50:37Z,3456,2026-10-08T19:09:46Z,400
2026-10-09T01:50:37Z,3457,2026-10-08T19:09:46Z,400
2026-10-09T01:50:37Z,3458,2026-10-08T21:53:09Z,237
2026-10-09T01:50:37Z,3459,2026-10-08T19:09:47Z,400
2026-10-09T01:50:37Z,3460,2026-10-08T23:55:48Z,114
2026-10-09T01:50:37Z,3461,2026-10-09T01:04:54Z,45
2026-10-09T01:50:37Z,3462,2026-10-08T19:09:53Z,400
2026-10-09T01:50:37Z,3463,2026-10-08T19:09:55Z,400
2026-10-09T01:50:37Z,3464,2026-10-08T19:09:59Z,400
2026-10-09T01:50:37Z,3465,2026-10-08T19:10:00Z,400
2026-10-09T01:50:37Z,3466,2026-10-08T19:10:00Z,400
2026-10-09T01:50:37Z,3467,2026-10-08T22:11:10Z,219
2026-10-09T01:50:37Z,3468,2026-10-08T23:55:51Z,114
2026-10-09T01:50:37Z,3469,2026-10-08T20:34:10Z,316
2026-10-09T01:50:37Z,3470,2026-10-08T15:31:12Z,619
2026-10-09T01:50:37Z,3471,2026-08-31T10:04:31Z,55666
2026-10-09T01:50:37Z,3472,2026-10-08T21:01:04Z,289
2026-10-09T01:50:37Z,3473,2026-10-08T19:10:07Z,400
2026-10-09T01:50:37Z,3477,2026-10-08T17:25:11Z,505
2026-10-09T01:50:37Z,3478,2026-10-08T17:58:15Z,472
2026-10-09T01:50:37Z,3479,2026-10-08T15:07:48Z,642
2026-10-09T01:50:37Z,3488,2026-10-08T21:00:53Z,289
2026-10-09T01:50:37Z,3489,2026-10-08T23:12:14Z,158
2026-10-09T01:50:37Z,3490,2026-10-08T19:34:57Z,375
2026-10-09T01:50:37Z,3491,2026-10-08T23:28:01Z,142
2026-10-09T01:50:37Z,3594,2026-10-08T13:20:46Z,749
2026-10-09T01:50:37Z,3595,2026-10-08T13:29:50Z,740
2026-10-09T01:50:37Z,3596,2026-10-08T19:29:11Z,381
2026-10-09T01:50:37Z,3597,2026-10-08T23:44:49Z,125
2026-10-09T01:50:37Z,3598,2026-10-09T00:58:06Z,52
2026-10-09T01:50:37Z,3599,2026-10-09T01:37:29Z,13
2026-10-09T01:50:37Z,3600,2026-10-08T19:10:11Z,400
2026-10-09T01:50:37Z,3601,2026-10-08T19:10:11Z,400
2026-10-09T01:50:37Z,3602,2026-10-08T17:49:01Z,481
2026-10-09T01:50:37Z,3603,2026-10-08T19:10:11Z,400
2026-10-09T01:50:37Z,3605,2026-10-08T22:41:50Z,188
2026-10-09T01:50:37Z,3606,2026-10-08T19:05:45Z,404
2026-10-09T01:50:37Z,3607,2026-10-08T21:00:45Z,289
2026-10-09T01:50:37Z,3608,2026-10-09T00:24:44Z,85
2026-10-09T01:50:37Z,3609,2026-08-17T08:18:12Z,75932
2026-10-09T01:50:37Z,3615,2026-10-08T19:10:12Z,400
2026-10-09T01:50:37Z,3618,2026-10-08T19:10:13Z,400
2026-10-09T01:50:37Z,3619,2026-10-08T19:10:13Z,400
2026-10-09T01:50:37Z,3620,2026-10-08T19:09:36Z,401
2026-10-09T01:50:37Z,3621,2026-10-08T13:51:42Z,718
2026-10-09T01:50:37Z,3622,2026-10-08T15:28:35Z,622
2026-10-09T01:50:37Z,3623,2026-10-09T00:01:43Z,108
2026-10-09T01:50:37Z,3624,2026-10-08T18:56:19Z,414
2026-10-09T01:50:37Z,3625,2026-10-09T01:35:14Z,15
2026-10-09T01:50:37Z,3629,2026-10-08T15:13:25Z,637
2026-10-09T01:50:37Z,3630,2026-10-08T20:25:40Z,324
2026-10-09T01:50:37Z,3631,2026-10-08T19:18:41Z,391
2026-10-09T01:50:37Z,3632,2026-10-08T20:21:30Z,329
2026-10-09T01:50:37Z,3633,2026-09-29T17:29:28Z,13461
2026-10-09T01:50:37Z,3638,2026-07-25T13:14:56Z,108755
2026-10-09T01:50:37Z,3639,2026-10-08T18:38:23Z,432
2026-10-09T01:50:37Z,3641,2026-10-08T18:53:35Z,417
2026-10-09T01:50:37Z,3642,2026-10-08T08:14:01Z,1056
2026-10-09T01:50:37Z,3643,2026-10-08T08:39:07Z,1031
2026-10-09T01:50:37Z,3644,2026-07-01T15:55:56Z,143154
2026-10-09T01:50:37Z,3645,2026-10-08T17:10:06Z,520
2026-10-09T01:50:37Z,3646,2026-10-08T21:01:26Z,289
2026-10-09T01:50:37Z,3678,2026-10-08T20:12:42Z,337
2026-10-09T01:50:37Z,3681,2026-10-09T00:09:34Z,101
2026-10-09T01:50:37Z,3682,2026-10-08T15:49:05Z,601
2026-10-09T01:50:37Z,3683,2026-10-08T15:49:03Z,601
2026-10-09T01:50:37Z,3684,2026-10-09T01:45:05Z,5
2026-10-09T01:50:37Z,3685,2026-10-09T01:36:51Z,13
2026-10-09T01:50:37Z,3686,2026-10-09T01:36:53Z,13
2026-10-09T01:50:37Z,3687,2026-10-08T05:28:04Z,1222
2026-10-09T01:50:37Z,3688,2026-10-08T14:04:03Z,706
2026-10-09T01:50:37Z,3690,2026-10-08T15:49:22Z,601
2026-10-09T01:50:37Z,3691,2026-10-08T15:49:03Z,601
2026-10-09T01:50:37Z,3692,2026-10-08T19:09:53Z,400
2026-10-09T01:50:37Z,3693,2026-10-08T15:49:04Z,601
2026-10-09T01:50:37Z,3694,2026-10-09T01:36:53Z,13
2026-10-09T01:50:37Z,3695,2026-10-08T15:49:04Z,601
2026-10-09T01:50:37Z,3696,2026-10-08T15:49:19Z,601
2026-10-09T01:50:37Z,3697,2026-10-09T01:36:53Z,13
2026-10-09T01:50:37Z,3698,2026-10-08T19:10:16Z,400
2026-10-09T01:50:37Z,3699,2026-10-08T15:49:08Z,601
2026-10-09T01:50:37Z,3700,2026-10-09T01:36:52Z,13
2026-10-09T01:50:37Z,3701,2026-10-09T01:36:52Z,13
2026-10-09T01:50:37Z,3702,2026-10-09T01:36:52Z,13
2026-10-09T01:50:37Z,3703,2026-10-08T15:49:07Z,601
2026-10-09T01:50:37Z,3704,2026-10-09T01:36:51Z,13
2026-10-09T01:50:37Z,3706,2026-10-08T20:32:24Z,318
2026-10-09T01:50:37Z,3707,2026-10-08T13:21:45Z,748
2026-10-09T01:50:37Z,3708,2026-10-08T13:21:00Z,749
2026-10-09T01:50:37Z,3709,2026-10-08T13:24:10Z,746
2026-10-09T01:50:37Z,3710,2026-10-08T13:21:02Z,749
2026-10-09T01:50:37Z,3711,2026-10-08T20:24:01Z,326
2026-10-09T01:50:37Z,3712,2026-10-08T20:35:41Z,314
2026-10-09T01:50:37Z,3714,2026-10-08T20:26:14Z,324
2026-10-09T01:50:37Z,3715,2026-10-08T13:21:34Z,749
2026-10-09T01:50:37Z,3716,2026-10-08T21:51:07Z,239
2026-10-09T01:50:37Z,3717,2026-10-08T21:00:54Z,289
2026-10-09T01:50:37Z,3718,2026-10-08T13:40:11Z,730
2026-10-09T01:50:37Z,3719,2026-10-09T00:01:49Z,108
2026-10-09T01:50:37Z,3720,2026-10-08T21:01:01Z,289
2026-10-09T01:50:37Z,3721,2026-10-08T14:56:47Z,653
2026-10-09T01:50:37Z,3723,2026-10-08T20:37:56Z,312
2026-10-09T01:50:37Z,3724,2026-10-09T01:36:53Z,13
2026-10-09T01:50:37Z,3725,2026-10-08T15:49:03Z,601
2026-10-09T01:50:37Z,3726,2026-10-08T15:49:05Z,601
2026-10-09T01:50:37Z,3727,2026-10-09T01:25:04Z,25
2026-10-09T01:50:37Z,3728,2026-10-09T01:36:53Z,13
2026-10-09T01:50:37Z,3729,2026-10-08T15:49:04Z,601
2026-10-09T01:50:37Z,3730,2026-10-09T01:36:53Z,13
2026-10-09T01:50:37Z,3732,2026-10-08T15:49:20Z,601
2026-10-09T01:50:37Z,3733,2026-10-08T15:48:51Z,601
2026-10-09T01:50:37Z,3734,2026-10-09T01:36:53Z,13
2026-10-09T01:50:37Z,3735,2026-10-09T01:36:52Z,13
2026-10-09T01:50:37Z,3736,2026-10-08T15:49:20Z,601
2026-10-09T01:50:37Z,3737,2026-10-08T15:49:06Z,601
2026-10-09T01:50:37Z,3738,2026-10-08T15:49:04Z,601
2026-10-09T01:50:37Z,3739,2026-10-09T01:36:52Z,13
2026-10-09T01:50:37Z,3740,2026-10-09T01:36:51Z,13
2026-10-09T01:50:37Z,3741,2026-09-08T03:30:17Z,44540
2026-10-09T01:50:37Z,3742,2026-10-08T20:24:15Z,326
2026-10-09T01:50:37Z,3743,2026-10-08T15:48:57Z,601
2026-10-09T01:50:37Z,3744,2026-10-09T01:36:51Z,13
2026-10-09T01:50:37Z,3745,2026-10-08T17:04:31Z,526
2026-10-09T01:50:37Z,3746,2026-10-08T15:49:00Z,601
2026-10-09T01:50:37Z,3747,2026-10-08T15:49:04Z,601
2026-10-09T01:50:37Z,3748,2026-10-08T15:49:07Z,601
2026-10-09T01:50:37Z,3749,2026-10-09T01:36:53Z,13
2026-10-09T01:50:37Z,3750,2026-10-08T15:49:07Z,601
2026-10-09T01:50:37Z,3751,2026-10-09T01:36:52Z,13
2026-10-09T01:50:37Z,3752,2026-10-08T15:49:06Z,601
2026-10-09T01:50:37Z,3753,2026-10-08T15:49:06Z,601
2026-10-09T01:50:37Z,3754,2026-10-08T15:49:05Z,601
2026-10-09T01:50:37Z,3755,2026-10-08T15:49:00Z,601
2026-10-09T01:50:37Z,3756,2026-10-09T01:36:52Z,13
2026-10-09T01:50:37Z,3757,2026-10-08T15:49:08Z,601
2026-10-09T01:50:37Z,3758,2026-10-09T01:36:51Z,13
2026-10-09T01:50:37Z,3759,2026-10-08T15:49:08Z,601
2026-10-09T01:50:37Z,3760,2026-10-09T01:36:52Z,13
2026-10-09T01:50:37Z,3762,2026-10-08T15:49:04Z,601
2026-10-09T01:50:37Z,3763,2026-10-08T15:48:58Z,601
2026-10-09T01:50:37Z,3764,2026-10-08T15:49:20Z,601
2026-10-09T01:50:37Z,3765,2026-10-08T15:49:04Z,601
2026-10-09T01:50:37Z,3766,2026-10-09T01:36:53Z,13
2026-10-09T01:50:37Z,3767,2026-10-08T18:31:25Z,439
2026-10-09T01:50:37Z,3768,2026-10-09T01:36:53Z,13
2026-10-09T01:50:37Z,3769,2026-10-08T19:42:44Z,367
2026-10-09T01:50:37Z,3770,2026-10-09T01:36:52Z,13
2026-10-09T01:50:37Z,3771,2026-10-08T15:50:04Z,600
2026-10-09T01:50:37Z,3772,2026-10-08T15:49:05Z,601
2026-10-09T01:50:37Z,3773,2026-10-08T15:49:03Z,601
2026-10-09T01:50:37Z,3774,2026-10-08T15:49:03Z,601
2026-10-09T01:50:37Z,3775,2026-10-08T15:49:05Z,601
2026-10-09T01:50:37Z,3776,2026-10-08T13:53:30Z,717
2026-10-09T01:50:37Z,3777,2026-08-05T05:12:17Z,93398
2026-10-09T01:50:37Z,3778,2026-10-08T15:49:09Z,601
2026-10-09T01:50:37Z,3779,2026-10-08T15:49:09Z,601
2026-10-09T01:50:37Z,3780,2026-10-09T01:36:53Z,13
2026-10-09T01:50:37Z,3781,2026-10-08T15:49:03Z,601
2026-10-09T01:50:37Z,3782,2026-10-08T15:49:01Z,601
2026-10-09T01:50:37Z,3783,2026-10-08T20:54:59Z,295
2026-10-09T01:50:37Z,3784,2026-10-09T01:36:51Z,13
2026-10-09T01:50:37Z,3785,2026-10-09T01:36:51Z,13
2026-10-09T01:50:37Z,3786,2026-10-08T15:49:03Z,601
2026-10-09T01:50:37Z,3787,2026-10-08T15:49:05Z,601
2026-10-09T01:50:37Z,3788,2026-10-08T15:49:01Z,601
2026-10-09T01:50:37Z,3789,2026-10-08T15:49:02Z,601
2026-10-09T01:50:37Z,3790,2026-10-09T01:36:52Z,13
2026-10-09T01:50:37Z,3792,2026-10-08T15:49:05Z,601
2026-10-09T01:50:37Z,3793,2026-10-08T15:49:02Z,601
2026-10-09T01:50:37Z,3794,2026-10-08T15:49:07Z,601
2026-10-09T01:50:37Z,3795,2026-10-08T15:48:58Z,601
2026-10-09T01:50:37Z,3796,2026-10-08T15:49:04Z,601
2026-10-09T01:50:37Z,3797,2026-10-08T15:49:07Z,601
2026-10-09T01:50:37Z,3798,2026-10-08T15:49:04Z,601
2026-10-09T01:50:37Z,3799,2026-10-08T15:49:06Z,601
2026-10-09T01:50:37Z,3800,2026-10-08T15:48:58Z,601
2026-10-09T01:50:37Z,3801,2026-10-08T20:48:28Z,302
2026-10-09T01:50:37Z,3802,2026-10-08T15:49:06Z,601
2026-10-09T01:50:37Z,3803,2026-10-09T01:36:53Z,13
2026-10-09T01:50:37Z,3804,2026-10-08T12:03:17Z,827
2026-10-09T01:50:37Z,3805,2026-10-09T01:40:01Z,10
2026-10-09T01:50:37Z,3806,2026-10-08T15:49:03Z,601
2026-10-09T01:50:37Z,3807,2026-10-08T15:49:03Z,601
2026-10-09T01:50:37Z,3808,2026-10-08T15:48:59Z,601
2026-10-09T01:50:37Z,3809,2026-10-08T15:49:03Z,601
2026-10-09T01:50:37Z,3810,2026-10-08T15:49:01Z,601
2026-10-09T01:50:37Z,3811,2026-10-09T01:36:51Z,13
2026-10-09T01:50:37Z,3812,2026-10-08T16:16:12Z,574
2026-10-09T01:50:37Z,3813,2026-10-08T15:49:02Z,601
2026-10-09T01:50:37Z,3814,2026-10-08T15:49:01Z,601
2026-10-09T01:50:37Z,3815,2026-10-08T18:40:44Z,429
2026-10-09T01:50:37Z,3820,2025-09-01T08:43:33Z,579907
2026-10-09T01:50:37Z,3821,2025-09-01T08:43:06Z,579907
2026-10-09T01:50:37Z,3822,2026-10-02T14:21:22Z,9329
2026-10-09T01:50:37Z,3823,2025-09-01T08:43:04Z,579907
2026-10-09T01:50:37Z,3824,2025-09-01T08:43:16Z,579907
2026-10-09T01:50:37Z,3825,2024-09-03T15:01:56Z,1102248
2026-10-09T01:50:37Z,3827,2026-09-07T13:52:03Z,45358
2026-10-09T01:50:37Z,3829,2026-10-08T09:07:20Z,1003
2026-10-09T01:50:37Z,3831,2026-10-08T15:49:05Z,601
2026-10-09T01:50:37Z,3832,2026-10-08T15:49:03Z,601
2026-10-09T01:50:37Z,3833,2026-10-08T15:49:07Z,601
2026-10-09T01:50:37Z,3834,2026-10-08T19:27:53Z,382
2026-10-09T01:50:37Z,3835,2026-10-08T15:49:07Z,601
2026-10-09T01:50:37Z,3836,2026-10-08T15:49:06Z,601
2026-10-09T01:50:37Z,3837,2026-10-08T15:49:07Z,601
2026-10-09T01:50:37Z,3838,2026-10-08T19:53:35Z,357
2026-10-09T01:50:37Z,3839,2026-10-08T15:04:07Z,646
2026-10-09T01:50:37Z,3840,2026-10-08T17:15:32Z,515
2026-10-09T01:50:37Z,3841,2026-10-09T00:56:46Z,53
2026-10-09T01:50:37Z,3842,2026-10-08T19:02:07Z,408
2026-10-09T01:50:37Z,3843,2026-09-10T12:22:52Z,41127
2026-10-09T01:50:37Z,3844,2026-10-09T00:28:27Z,82
2026-10-09T01:50:37Z,3845,2026-10-08T16:39:35Z,551
2026-10-09T01:50:37Z,3846,2026-10-09T01:41:22Z,9
2026-10-09T01:50:37Z,3847,2026-10-08T15:49:02Z,601
2026-10-09T01:50:37Z,3848,2026-10-08T15:49:03Z,601
2026-10-09T01:50:37Z,3849,2026-10-09T01:36:51Z,13
2026-10-09T01:50:37Z,3850,2026-10-08T20:45:20Z,305
2026-10-09T01:50:37Z,3851,2026-10-09T01:36:51Z,13
2026-10-09T01:50:37Z,3852,2026-10-09T01:36:52Z,13
2026-10-09T01:50:37Z,3853,2026-10-08T16:59:08Z,531
2026-10-09T01:50:37Z,3854,2026-10-08T15:49:03Z,601
2026-10-09T01:50:37Z,3855,2026-10-08T15:49:05Z,601
2026-10-09T01:50:37Z,3856,2026-10-08T15:49:00Z,601
2026-10-09T01:50:37Z,3857,2026-10-08T15:49:02Z,601
2026-10-09T01:50:37Z,3858,2026-10-08T20:56:48Z,293
2026-10-09T01:50:37Z,3859,2026-10-08T15:49:00Z,601
2026-10-09T01:50:37Z,3860,2026-10-08T15:49:00Z,601
2026-10-09T01:50:37Z,3861,2026-10-08T15:49:01Z,601
2026-10-09T01:50:37Z,3862,2026-10-09T01:36:52Z,13
2026-10-09T01:50:37Z,3863,2026-10-08T16:09:01Z,581
2026-10-09T01:50:37Z,3864,2026-10-08T19:10:19Z,400
2026-10-09T01:50:37Z,3865,2026-10-08T15:49:03Z,601
2026-10-09T01:50:37Z,3866,2026-10-09T01:36:53Z,13
2026-10-09T01:50:37Z,3867,2026-10-08T15:49:01Z,601
2026-10-09T01:50:37Z,3868,2026-10-08T15:49:20Z,601
2026-10-09T01:50:37Z,3869,2026-10-09T01:33:17Z,17
2026-10-09T01:50:37Z,3870,2026-10-08T15:49:07Z,601
2026-10-09T01:50:37Z,3871,2026-10-09T01:36:53Z,13
2026-10-09T01:50:37Z,3872,2026-10-08T15:49:06Z,601
2026-10-09T01:50:37Z,3873,2026-10-08T15:49:06Z,601
2026-10-09T01:50:37Z,3874,2026-10-09T01:36:53Z,13
2026-10-09T01:50:37Z,3875,2026-10-08T15:49:02Z,601
2026-10-09T01:50:37Z,3876,2026-10-08T15:49:02Z,601
2026-10-09T01:50:37Z,3877,2026-10-09T01:36:52Z,13
2026-10-09T01:50:37Z,3878,2026-09-25T21:16:47Z,18993
2026-10-09T01:50:37Z,3879,2026-10-09T01:36:51Z,13
2026-10-09T01:50:37Z,3880,2026-10-08T15:49:11Z,601
2026-10-09T01:50:37Z,3881,2026-10-08T15:48:50Z,601
2026-10-09T01:50:37Z,3882,2026-10-05T02:23:32Z,5727
2026-10-09T01:50:37Z,3883,2026-10-08T19:42:31Z,368
2026-10-09T01:50:37Z,3884,2026-09-22T11:44:35Z,23886
2026-10-09T01:50:37Z,3885,2026-10-09T00:49:18Z,61
2026-10-09T01:50:37Z,3886,2026-10-09T01:36:52Z,13
2026-10-09T01:50:37Z,3887,2026-10-08T15:49:07Z,601
2026-10-09T01:50:37Z,3888,2026-10-09T01:36:53Z,13
2026-10-09T01:50:37Z,3889,2026-10-09T01:36:53Z,13
2026-10-09T01:50:37Z,3891,2026-10-08T15:49:09Z,601
2026-10-09T01:50:37Z,3892,2026-10-06T18:48:01Z,3302
2026-10-09T01:50:37Z,3893,2026-10-08T15:49:07Z,601
2026-10-09T01:50:37Z,3894,2026-10-08T15:49:20Z,601
2026-10-09T01:50:37Z,3895,2026-10-08T15:48:58Z,601
2026-10-09T01:50:37Z,3896,2026-10-08T15:49:08Z,601
2026-10-09T01:50:37Z,3897,2026-10-08T15:49:06Z,601
2026-10-09T01:50:37Z,3898,2026-10-09T01:36:52Z,13
2026-10-09T01:50:37Z,3899,2026-10-08T15:49:22Z,601
2026-10-09T01:50:37Z,3900,2026-10-08T15:49:07Z,601
2026-10-09T01:50:37Z,3901,2026-10-08T15:49:02Z,601
2026-10-09T01:50:37Z,3902,2026-10-09T01:36:53Z,13
2026-10-09T01:50:37Z,3903,2026-10-08T19:07:12Z,403
2026-10-09T01:50:37Z,3904,2026-10-08T15:49:07Z,601
2026-10-09T01:50:37Z,3905,2026-10-08T17:33:49Z,496
2026-10-09T01:50:37Z,3906,2026-10-08T15:49:04Z,601
2026-10-09T01:50:37Z,3907,2026-04-16T20:24:32Z,252326
2026-10-09T01:50:37Z,3908,2026-10-09T01:36:51Z,13
2026-10-09T01:50:37Z,3909,2026-10-08T15:49:02Z,601
2026-10-09T01:50:37Z,3910,2026-10-09T01:36:52Z,13
2026-10-09T01:50:37Z,3911,2026-10-08T18:15:49Z,454
2026-10-09T01:50:37Z,3912,2026-10-08T15:49:01Z,601
2026-10-09T01:50:37Z,3913,2026-10-08T15:49:19Z,601
2026-10-09T01:50:37Z,3914,2026-10-08T21:34:46Z,255
2026-10-09T01:50:37Z,3915,2026-10-08T15:48:57Z,601
2026-10-09T01:50:37Z,3916,2026-10-08T15:49:02Z,601
2026-10-09T01:50:37Z,3917,2026-10-09T01:36:51Z,13
2026-10-09T01:50:37Z,3918,2025-09-23T08:51:00Z,548219
2026-10-09T01:50:37Z,3919,2026-10-08T15:48:58Z,601
2026-10-09T01:50:37Z,3920,2026-10-09T01:36:52Z,13
2026-10-09T01:50:37Z,3921,2026-10-09T01:36:51Z,13
2026-10-09T01:50:37Z,3922,2026-10-09T01:36:52Z,13
2026-10-09T01:50:37Z,3923,2026-10-09T01:36:51Z,13
2026-10-09T01:50:37Z,3924,2026-10-08T15:49:03Z,601
2026-10-09T01:50:37Z,3925,2026-10-09T01:36:53Z,13
2026-10-09T01:50:37Z,3926,2026-10-09T01:36:51Z,13
2026-10-09T01:50:37Z,3927,2026-10-09T01:36:53Z,13
2026-10-09T01:50:37Z,3928,2026-10-08T15:48:58Z,601
2026-10-09T01:50:37Z,3929,2026-10-06T22:32:18Z,3078
2026-10-09T01:50:37Z,3930,2026-10-08T21:48:47Z,241
2026-10-09T01:50:37Z,3931,2026-10-08T15:49:06Z,601
2026-10-09T01:50:37Z,3932,2026-10-08T19:37:15Z,373
2026-10-09T01:50:37Z,3933,2026-10-09T01:36:51Z,13
2026-10-09T01:50:37Z,3934,2026-10-08T17:42:14Z,488
2026-10-09T01:50:37Z,3935,2026-10-09T01:36:51Z,13
2026-10-09T01:50:37Z,3936,2026-10-09T01:36:53Z,13
2026-10-09T01:50:37Z,3937,2026-10-08T15:49:05Z,601
2026-10-09T01:50:37Z,3938,2026-10-09T01:36:51Z,13
2026-10-09T01:50:37Z,3939,2026-10-08T15:48:57Z,601
2026-10-09T01:50:37Z,3940,2026-10-08T15:48:51Z,601
2026-10-09T01:50:37Z,3941,2026-10-09T01:36:52Z,13
2026-10-09T01:50:37Z,3942,2026-10-08T15:49:20Z,601
2026-10-09T01:50:37Z,3943,2026-10-08T15:49:08Z,601
2026-10-09T01:50:37Z,3944,2026-10-08T15:48:58Z,601
2026-10-09T01:50:37Z,3946,2026-10-08T16:09:51Z,580
2026-10-09T01:50:37Z,3947,2026-10-08T16:09:46Z,580
2026-10-09T01:50:37Z,3948,2026-10-08T15:49:02Z,601
2026-10-09T01:50:37Z,3949,2026-10-08T15:48:50Z,601
2026-10-09T01:50:37Z,3950,2026-10-09T01:36:53Z,13
2026-10-09T01:50:37Z,3951,2026-10-09T01:36:53Z,13
2026-10-09T01:50:37Z,3952,2026-10-08T15:49:06Z,601
2026-10-09T01:50:37Z,3953,2026-10-08T15:49:11Z,601
2026-10-09T01:50:37Z,3954,2026-10-08T15:49:04Z,601
2026-10-09T01:50:37Z,3955,2026-10-08T15:49:00Z,601
2026-10-09T01:50:37Z,3956,2026-10-08T15:49:16Z,601
2026-10-09T01:50:37Z,3957,2026-10-08T15:48:57Z,601
2026-10-09T01:50:37Z,3958,2026-10-08T15:49:03Z,601
2026-10-09T01:50:37Z,3959,2026-10-08T18:13:47Z,456
2026-10-09T01:50:37Z,3960,2026-10-08T15:49:04Z,601
2026-10-09T01:50:37Z,3961,2026-10-08T15:49:02Z,601
2026-10-09T01:50:37Z,3962,2026-10-08T15:49:00Z,601
2026-10-09T01:50:37Z,3963,2025-11-13T05:31:37Z,474979
2026-10-09T01:50:37Z,3964,2026-10-08T15:49:01Z,601
2026-10-09T01:50:37Z,3965,2026-10-02T22:15:32Z,8855
2026-10-09T01:50:37Z,3966,2026-10-09T01:36:52Z,13
2026-10-09T01:50:37Z,3967,2026-10-08T15:49:01Z,601
2026-10-09T01:50:37Z,3968,2026-10-08T15:49:02Z,601
2026-10-09T01:50:37Z,3969,2026-10-08T15:48:50Z,601
2026-10-09T01:50:37Z,3970,2026-10-08T15:49:30Z,601
2026-10-09T01:50:37Z,3971,2026-10-09T01:27:48Z,22
2026-10-09T01:50:37Z,3974,2026-10-08T15:49:01Z,601
2026-10-09T01:50:37Z,3975,2026-10-08T15:48:52Z,601
2026-10-09T01:50:37Z,3976,2026-10-08T15:48:50Z,601
2026-10-09T01:50:37Z,3977,2026-10-08T15:49:02Z,601
2026-10-09T01:50:37Z,3978,2026-10-09T01:36:51Z,13
2026-10-09T01:50:37Z,3979,2026-10-08T15:49:05Z,601
2026-10-09T01:50:37Z,3980,2026-10-09T01:36:53Z,13
2026-10-09T01:50:37Z,3986,2026-10-08T20:19:13Z,331
2026-10-09T01:50:37Z,3987,2026-10-08T21:01:11Z,289
2026-10-09T01:50:37Z,3988,2026-10-08T07:58:58Z,1071
2026-10-09T01:50:37Z,3989,2026-10-08T21:28:41Z,261
2026-10-09T01:50:37Z,3990,2026-10-08T16:57:59Z,532
2026-10-09T01:50:37Z,3991,2026-10-08T15:49:05Z,601
2026-10-09T01:50:37Z,3992,2026-10-08T18:52:45Z,417
2026-10-09T01:50:37Z,3993,2026-10-08T15:49:02Z,601
2026-10-09T01:50:37Z,3994,2025-12-01T16:51:17Z,448379
2026-10-09T01:50:37Z,3995,2026-03-13T20:54:47Z,301255
2026-10-09T01:50:37Z,3996,2026-10-08T19:10:20Z,400
2026-10-09T01:50:37Z,3997,2026-10-09T01:13:59Z,36
2026-10-09T01:50:37Z,3998,2026-10-08T21:36:27Z,254
2026-10-09T01:50:37Z,3999,2026-10-08T21:01:11Z,289
2026-10-09T01:50:37Z,4000,2026-10-08T08:18:21Z,1052
2026-10-09T01:50:37Z,4001,2026-10-09T01:36:51Z,13
2026-10-09T01:50:37Z,4002,2026-10-08T15:48:58Z,601
2026-10-09T01:50:37Z,4003,2026-10-08T15:49:01Z,601
2026-10-09T01:50:37Z,4004,2026-10-08T15:49:03Z,601
2026-10-09T01:50:37Z,4005,2026-10-08T15:49:00Z,601
2026-10-09T01:50:37Z,4006,2026-10-08T15:49:08Z,601
2026-10-09T01:50:37Z,4007,2026-10-08T15:49:06Z,601
2026-10-09T01:50:37Z,4008,2026-10-08T19:27:18Z,383
2026-10-09T01:50:37Z,4009,2026-10-08T19:40:40Z,369
2026-10-09T01:50:37Z,4010,2026-10-08T21:14:36Z,276
2026-10-09T01:50:37Z,4011,2026-10-08T21:14:36Z,276
2026-10-09T01:50:37Z,4012,2026-10-08T21:14:36Z,276
2026-10-09T01:50:37Z,4013,2026-10-08T15:49:02Z,601
2026-10-09T01:50:37Z,4014,2026-10-08T15:48:51Z,601
2026-10-09T01:50:37Z,4015,2026-10-08T15:49:06Z,601
2026-10-09T01:50:37Z,4017,2026-10-08T15:49:02Z,601
2026-10-09T01:50:37Z,4018,2026-10-08T15:49:08Z,601
2026-10-09T01:50:37Z,4019,2026-10-09T01:36:52Z,13
2026-10-09T01:50:37Z,4020,2026-10-08T15:49:02Z,601
2026-10-09T01:50:37Z,4021,2026-10-08T15:49:02Z,601
2026-10-09T01:50:37Z,4022,2026-10-08T15:49:01Z,601
2026-10-09T01:50:37Z,4023,2026-10-09T01:36:53Z,13
2026-10-09T01:50:37Z,4024,2025-09-23T08:50:51Z,548219
2026-10-09T01:50:37Z,4025,2026-10-08T15:49:01Z,601
2026-10-09T01:50:37Z,4026,2026-10-09T01:36:52Z,13
2026-10-09T01:50:37Z,4027,2026-10-08T15:49:05Z,601
2026-10-09T01:50:37Z,4028,2026-10-08T15:49:02Z,601
2026-10-09T01:50:37Z,4029,2026-10-08T15:49:08Z,601
2026-10-09T01:50:37Z,4030,2026-10-08T15:49:02Z,601
2026-10-09T01:50:37Z,4031,2026-10-08T15:48:57Z,601
2026-10-09T01:50:37Z,4032,2026-10-08T15:49:19Z,601
2026-10-09T01:50:37Z,4033,2026-10-08T15:48:57Z,601
2026-10-09T01:50:37Z,4034,2026-10-08T15:48:59Z,601
2026-10-09T01:50:37Z,4035,2026-10-08T15:49:07Z,601
2026-10-09T01:50:37Z,4036,2026-10-08T15:49:07Z,601
2026-10-09T01:50:37Z,4037,2026-10-09T01:36:52Z,13
2026-10-09T01:50:37Z,4038,2026-10-08T11:12:59Z,877
2026-10-09T01:50:37Z,4039,2026-10-09T01:36:53Z,13
2026-10-09T01:50:37Z,4040,2026-10-08T18:59:14Z,411
2026-10-09T01:50:37Z,4041,2026-09-30T21:46:11Z,11764
2026-10-09T01:50:37Z,4042,2026-10-07T04:25:12Z,2725
2026-10-09T01:50:37Z,4043,2026-10-09T01:36:51Z,13
2026-10-09T01:50:37Z,4044,2026-10-08T15:49:02Z,601
2026-10-09T01:50:37Z,4045,2026-10-08T15:49:19Z,601
2026-10-09T01:50:37Z,4046,2026-10-08T15:49:19Z,601
2026-10-09T01:50:37Z,4047,2026-10-08T15:49:20Z,601
2026-10-09T01:50:37Z,4048,2026-10-08T15:49:05Z,601
2026-10-09T01:50:37Z,4049,2026-10-08T15:48:58Z,601
2026-10-09T01:50:37Z,4050,2026-10-08T15:48:50Z,601
2026-10-09T01:50:37Z,4051,2026-10-08T15:48:51Z,601
2026-10-09T01:50:37Z,4052,2026-10-08T15:48:51Z,601
2026-10-09T01:50:37Z,4053,2026-10-09T01:36:52Z,13
2026-10-09T01:50:37Z,4054,2026-10-08T15:49:00Z,601
2026-10-09T01:50:37Z,4055,2026-10-08T15:49:00Z,601
2026-10-09T01:50:37Z,4056,2026-10-09T01:36:52Z,13
2026-10-09T01:50:37Z,4057,2026-10-08T15:49:06Z,601
2026-10-09T01:50:37Z,4058,2026-10-08T15:49:05Z,601
2026-10-09T01:50:37Z,4059,2026-10-08T15:49:07Z,601
2026-10-09T01:50:37Z,4060,2026-10-09T01:36:53Z,13
2026-10-09T01:50:37Z,4061,2026-10-08T15:49:01Z,601
2026-10-09T01:50:37Z,4062,2026-10-09T01:36:52Z,13
2026-10-09T01:50:37Z,4063,2026-10-08T15:49:05Z,601
2026-10-09T01:50:37Z,4064,2026-10-08T15:49:05Z,601
2026-10-09T01:50:37Z,4065,2026-10-08T17:56:55Z,473
2026-10-09T01:50:37Z,4066,2026-10-09T01:36:51Z,13
2026-10-09T01:50:37Z,4067,2026-10-08T15:48:52Z,601
2026-10-09T01:50:37Z,4068,2026-10-08T15:49:02Z,601
2026-10-09T01:50:37Z,4069,2026-10-08T17:47:00Z,483
2026-10-09T01:50:37Z,4070,2026-10-09T01:36:52Z,13
2026-10-09T01:50:37Z,4071,2026-10-08T19:05:41Z,404
2026-10-09T01:50:37Z,4072,2026-10-09T01:36:51Z,13
2026-10-09T01:50:37Z,4073,2026-10-09T01:36:51Z,13
2026-10-09T01:50:37Z,4074,2026-10-08T21:15:45Z,274
2026-10-09T01:50:37Z,4075,2026-10-09T01:36:53Z,13
2026-10-09T01:50:37Z,4076,2026-10-09T01:36:51Z,13
2026-10-09T01:50:37Z,4077,2026-10-08T17:02:44Z,527
2026-10-09T01:50:37Z,4078,2026-03-11T13:51:24Z,304559
2026-10-09T01:50:37Z,4079,2026-10-08T15:49:21Z,601
2026-10-09T01:50:37Z,4080,2026-10-08T21:37:00Z,253
2026-10-09T01:50:37Z,4081,2026-10-08T11:15:21Z,875
2026-10-09T01:50:37Z,4082,2026-10-08T19:02:00Z,408
2026-10-09T01:50:37Z,4083,2026-10-08T12:55:44Z,774
2026-10-09T01:50:37Z,4084,2026-10-08T18:12:32Z,458
2026-10-09T01:50:37Z,4085,2026-10-09T01:36:52Z,13
2026-10-09T01:50:37Z,4086,2026-10-08T19:25:08Z,385
2026-10-09T01:50:37Z,4087,2026-10-08T21:00:57Z,289
2026-10-09T01:50:37Z,4088,2026-10-09T01:08:39Z,41
2026-10-09T01:50:37Z,4089,2026-10-08T19:00:39Z,409
2026-10-09T01:50:37Z,4090,2026-10-08T17:41:10Z,489
2026-10-09T01:50:37Z,4091,2026-09-25T08:15:17Z,19775
2026-10-09T01:50:37Z,4092,2026-10-08T21:00:55Z,289
2026-10-09T01:50:37Z,4093,2026-10-09T01:36:52Z,13
2026-10-09T01:50:37Z,4094,2026-10-06T11:36:28Z,3734
2026-10-09T01:50:37Z,4095,2026-08-18T06:34:04Z,74596
2026-10-09T01:50:37Z,4096,2026-08-18T06:02:25Z,74628
2026-10-09T01:50:37Z,4097,2026-08-18T06:46:24Z,74584
2026-10-09T01:50:37Z,4099,2026-10-08T15:49:02Z,601
2026-10-09T01:50:37Z,4100,2026-10-08T15:55:30Z,595
2026-10-09T01:50:37Z,4101,2026-10-08T15:49:08Z,601
2026-10-09T01:50:37Z,4102,2026-10-08T15:49:05Z,601
2026-10-09T01:50:37Z,4103,2026-10-08T15:49:07Z,601
2026-10-09T01:50:37Z,4104,2026-10-08T15:49:22Z,601
2026-10-09T01:50:37Z,4105,2026-10-08T23:36:25Z,134
2026-10-09T01:50:37Z,4106,2026-10-09T01:36:53Z,13
2026-10-09T01:50:37Z,4108,2026-10-08T15:48:59Z,601
2026-10-09T01:50:37Z,4109,2026-10-09T01:36:53Z,13
2026-10-09T01:50:37Z,4110,2026-04-14T12:24:37Z,255686
2026-10-09T01:50:37Z,4111,2026-10-08T19:37:38Z,372
2026-10-09T01:50:37Z,4113,2026-03-06T07:58:24Z,312112
2026-10-09T01:50:37Z,4114,2026-10-09T01:36:52Z,13
2026-10-09T01:50:37Z,4115,2026-10-09T01:36:52Z,13
2026-10-09T01:50:37Z,4117,2026-10-08T15:49:11Z,601
2026-10-09T01:50:37Z,4118,2026-10-09T01:36:51Z,13
2026-10-09T01:50:37Z,4119,2026-10-09T01:36:53Z,13
2026-10-09T01:50:37Z,4121,2026-10-08T22:25:04Z,205
2026-10-09T01:50:37Z,4122,2026-10-08T19:03:10Z,407
2026-10-09T01:50:37Z,4123,2026-10-08T20:00:41Z,349
2026-10-09T01:50:37Z,4124,2026-10-08T19:30:37Z,380
2026-10-09T01:50:37Z,4125,2026-10-08T19:55:05Z,355
2026-10-09T01:50:37Z,4126,2026-10-08T19:05:32Z,405
2026-10-09T01:50:37Z,4127,2026-10-08T19:00:07Z,410
2026-10-09T01:50:37Z,4128,2026-10-07T18:42:14Z,1868
2026-10-09T01:50:37Z,4129,2026-10-08T18:44:36Z,426
2026-10-09T01:50:37Z,4130,2026-10-08T20:39:27Z,311
2026-10-09T01:50:37Z,4131,2026-10-08T21:46:39Z,243
2026-10-09T01:50:37Z,4132,2026-10-08T19:23:42Z,386
2026-10-09T01:50:37Z,4133,2026-10-08T19:16:00Z,394
2026-10-09T01:50:37Z,4134,2026-10-09T01:45:05Z,5
2026-10-09T01:50:37Z,4136,2026-10-08T13:36:26Z,734
2026-10-09T01:50:37Z,4137,2026-10-08T16:24:40Z,565
2026-10-09T01:50:37Z,4138,2026-10-08T15:49:01Z,601
2026-10-09T01:50:37Z,4141,2026-10-09T00:42:35Z,68
2026-10-09T01:50:37Z,4142,2026-10-08T15:30:30Z,620
2026-10-09T01:50:37Z,4145,2026-10-08T19:10:22Z,400
2026-10-09T01:50:37Z,4146,2026-10-08T21:00:43Z,289
2026-10-09T01:50:37Z,4147,2026-10-09T01:36:52Z,13
2026-10-09T01:50:37Z,4148,2026-10-08T15:49:03Z,601
2026-10-09T01:50:37Z,4149,2026-10-08T15:49:03Z,601
2026-10-09T01:50:37Z,4150,2026-10-08T15:49:06Z,601
2026-10-09T01:50:37Z,4151,2026-10-08T15:49:07Z,601
2026-10-09T01:50:37Z,4152,2026-10-08T15:48:58Z,601
2026-10-09T01:50:37Z,4153,2026-10-08T17:13:22Z,517
2026-10-09T01:50:37Z,4155,2026-10-08T23:11:40Z,158
2026-10-09T01:50:37Z,4156,2026-10-08T16:47:12Z,543
2026-10-09T01:50:37Z,4157,2026-10-09T01:35:58Z,14
2026-10-09T01:50:37Z,4158,2026-10-08T21:36:32Z,254
2026-10-09T01:50:37Z,4159,2026-10-08T21:36:29Z,254
2026-10-09T01:50:37Z,4160,2026-10-08T23:01:05Z,169
2026-10-09T01:50:37Z,4161,2026-10-08T19:10:22Z,400
2026-10-09T01:50:37Z,4162,2026-10-08T17:51:03Z,479
2026-10-09T01:50:37Z,4163,2026-10-08T23:07:20Z,163
2026-10-09T01:50:37Z,4165,2026-10-09T01:26:11Z,24
2026-10-09T01:50:37Z,4166,2026-10-08T17:40:02Z,490
2026-10-09T01:50:37Z,4167,2026-10-08T14:37:07Z,673
2026-10-09T01:50:37Z,4168,2026-10-08T19:10:22Z,400
2026-10-09T01:50:37Z,4169,2026-10-08T15:49:54Z,600
2026-10-09T01:50:37Z,4170,2026-10-08T15:48:57Z,601
2026-10-09T01:50:37Z,4171,2026-10-08T15:39:21Z,611
2026-10-09T01:50:37Z,4172,2026-10-09T01:36:51Z,13
2026-10-09T01:50:37Z,4173,2026-10-08T21:01:04Z,289
2026-10-09T01:50:37Z,4174,2026-10-08T15:49:02Z,601
2026-10-09T01:50:37Z,4175,2026-10-09T01:36:53Z,13
2026-10-09T01:50:37Z,4176,2026-10-08T15:49:04Z,601
2026-10-09T01:50:37Z,4177,2026-10-08T15:49:02Z,601
2026-10-09T01:50:37Z,4178,2026-10-09T01:36:51Z,13
2026-10-09T01:50:37Z,4179,2026-10-09T01:36:51Z,13
2026-10-09T01:50:37Z,4180,2026-10-08T15:48:57Z,601
2026-10-09T01:50:37Z,4181,2026-10-08T15:48:57Z,601
2026-10-09T01:50:37Z,4182,2026-10-08T15:49:11Z,601
2026-10-09T01:50:37Z,4183,2026-10-09T01:36:52Z,13
2026-10-09T01:50:37Z,4184,2026-10-08T15:48:58Z,601
2026-10-09T01:50:37Z,4185,2026-10-08T15:48:59Z,601
2026-10-09T01:50:37Z,4186,2026-10-09T01:36:53Z,13
2026-10-09T01:50:37Z,4187,2026-10-08T15:48:58Z,601
2026-10-09T01:50:37Z,4188,2026-10-09T01:36:53Z,13
2026-10-09T01:50:37Z,4189,2026-10-09T01:36:52Z,13
2026-10-09T01:50:37Z,4190,2026-10-08T15:48:58Z,601
2026-10-09T01:50:37Z,4191,2026-10-08T15:48:58Z,601
2026-10-09T01:50:37Z,4192,2026-08-26T02:53:10Z,63297
2026-10-09T01:50:37Z,4193,2026-08-25T03:01:06Z,64729
2026-10-09T01:50:37Z,4194,2026-10-09T01:36:53Z,13
2026-10-09T01:50:37Z,4195,2026-10-09T01:36:51Z,13
2026-10-09T01:50:37Z,4196,2026-10-08T15:49:17Z,601
2026-10-09T01:50:37Z,4197,2026-10-04T00:04:44Z,7305
2026-10-09T01:50:37Z,4198,2026-10-08T15:49:16Z,601
2026-10-09T01:50:37Z,4199,2026-10-09T01:36:51Z,13
2026-10-09T01:50:37Z,4200,2026-07-02T01:31:27Z,142579
2026-10-09T01:50:37Z,4201,2026-10-08T15:48:58Z,601
2026-10-09T01:50:37Z,4202,2026-10-09T01:36:52Z,13
2026-10-09T01:50:37Z,4203,2026-10-08T15:48:59Z,601
2026-10-09T01:50:37Z,4204,2026-10-08T15:48:59Z,601
2026-10-09T01:50:37Z,4205,2026-10-08T15:50:43Z,599
2026-10-09T01:50:37Z,4206,2026-10-08T18:52:22Z,418
2026-10-09T01:50:37Z,4207,2026-10-08T15:48:57Z,601
2026-10-09T01:50:37Z,4208,2026-10-09T01:36:52Z,13
2026-10-09T01:50:37Z,4209,2026-10-08T15:48:57Z,601
2026-10-09T01:50:37Z,4210,2026-10-08T15:48:59Z,601
2026-10-09T01:50:37Z,4211,2026-10-08T15:50:03Z,600
2026-10-09T01:50:37Z,4212,2026-10-09T01:36:52Z,13
2026-10-09T01:50:37Z,4213,2026-10-08T15:48:57Z,601
2026-10-09T01:50:37Z,4214,2026-10-08T19:43:07Z,367
2026-10-09T01:50:37Z,4216,2026-10-09T01:36:53Z,13
2026-10-09T01:50:37Z,4217,2026-10-08T15:48:59Z,601
2026-10-09T01:50:37Z,4218,2026-10-09T01:23:00Z,27
2026-10-09T01:50:37Z,4220,2026-10-09T01:36:53Z,13
2026-10-09T01:50:37Z,4221,2026-10-08T15:48:57Z,601
2026-10-09T01:50:37Z,4222,2026-10-08T15:48:58Z,601
2026-10-09T01:50:37Z,4223,2026-10-08T15:48:59Z,601
2026-10-09T01:50:37Z,4224,2026-10-08T15:48:57Z,601
2026-10-09T01:50:37Z,4225,2026-10-08T15:48:57Z,601
2026-10-09T01:50:37Z,4231,2026-10-08T15:49:08Z,601
2026-10-09T01:50:37Z,4233,2026-10-09T01:45:03Z,5
2026-10-09T01:50:37Z,4234,2026-10-09T01:36:52Z,13
2026-10-09T01:50:37Z,4235,2026-10-08T15:49:21Z,601
2026-10-09T01:50:37Z,4236,2026-10-08T13:55:00Z,715
2026-10-09T01:50:37Z,4237,2026-10-08T21:01:13Z,289
2026-10-09T01:50:37Z,4238,2026-10-08T19:25:50Z,384
2026-10-09T01:50:37Z,4239,2026-10-09T01:36:53Z,13
2026-10-09T01:50:37Z,4240,2026-10-09T01:30:54Z,19
2026-10-09T01:50:37Z,4241,2026-08-19T05:17:18Z,73233
2026-10-09T01:50:37Z,4242,2026-10-08T03:37:27Z,1333
2026-10-09T01:50:37Z,4243,2026-10-08T15:48:58Z,601
2026-10-09T01:50:37Z,4244,2026-10-08T15:48:59Z,601
2026-10-09T01:50:37Z,4245,2025-09-09T08:04:42Z,568425
2026-10-09T01:50:37Z,4246,2026-10-08T05:27:12Z,1223
2026-10-09T01:50:37Z,4247,2026-10-09T01:36:52Z,13
2026-10-09T01:50:37Z,4248,2026-10-08T15:48:57Z,601
2026-10-09T01:50:37Z,4249,2026-10-08T15:48:59Z,601
2026-10-09T01:50:37Z,4250,2026-10-08T18:20:50Z,449
2026-10-09T01:50:37Z,4251,2026-10-08T15:48:58Z,601
2026-10-09T01:50:37Z,4252,2026-10-08T15:48:58Z,601
2026-10-09T01:50:37Z,4253,2026-10-08T15:48:58Z,601
2026-10-09T01:50:37Z,4254,2026-10-08T15:48:58Z,601
2026-10-09T01:50:37Z,4255,2025-09-09T08:04:42Z,568425
2026-10-09T01:50:37Z,4256,2025-09-09T08:04:42Z,568425
2026-10-09T01:50:37Z,4257,2025-09-09T08:04:42Z,568425
2026-10-09T01:50:37Z,4258,2026-10-09T01:36:52Z,13
2026-10-09T01:50:37Z,4259,2026-10-09T01:36:51Z,13
2026-10-09T01:50:37Z,4260,2026-10-08T20:45:47Z,304
2026-10-09T01:50:37Z,4261,2026-10-08T21:01:19Z,289
2026-10-09T01:50:37Z,4262,2026-10-09T01:36:53Z,13
2026-10-09T01:50:37Z,4263,2026-10-08T15:48:57Z,601
2026-10-09T01:50:37Z,4264,2026-10-09T01:36:52Z,13
2026-10-09T01:50:37Z,4265,2026-10-08T15:49:16Z,601
2026-10-09T01:50:37Z,4266,2026-10-08T15:48:57Z,601
2026-10-09T01:50:37Z,4267,2026-09-23T06:04:27Z,22786
2026-10-09T01:50:37Z,4268,2026-10-08T21:00:51Z,289
2026-10-09T01:50:37Z,4270,2026-10-08T15:48:57Z,601
2026-10-09T01:50:37Z,4271,2026-10-08T15:48:57Z,601
2026-10-09T01:50:37Z,4272,2026-10-08T15:48:57Z,601
2026-10-09T01:50:37Z,4273,2026-10-09T01:36:52Z,13
2026-10-09T01:50:37Z,4274,2026-10-08T16:48:19Z,542
2026-10-09T01:50:37Z,4275,2026-10-08T17:05:51Z,524
2026-10-09T01:50:37Z,4277,2026-10-08T14:21:40Z,688
2026-10-09T01:50:37Z,4278,2026-10-08T23:11:36Z,159
2026-10-09T01:50:37Z,4279,2026-10-08T18:03:42Z,466
2026-10-09T01:50:37Z,4280,2026-10-08T18:32:56Z,437
2026-10-09T01:50:37Z,4281,2026-10-09T00:02:36Z,108
2026-10-09T01:50:37Z,4282,2026-10-08T17:32:51Z,497
2026-10-09T01:50:37Z,4283,2026-10-09T00:56:15Z,54
2026-10-09T01:50:37Z,4284,2026-10-08T09:38:55Z,971
2026-10-09T01:50:37Z,4285,2026-10-08T17:11:31Z,519
2026-10-09T01:50:37Z,4286,2026-10-08T17:33:56Z,496
2026-10-09T01:50:37Z,4287,2026-10-08T15:48:59Z,601
2026-10-09T01:50:37Z,4288,2026-10-08T15:48:58Z,601
2026-10-09T01:50:37Z,4289,2026-10-08T15:48:58Z,601
2026-10-09T01:50:37Z,4290,2026-10-08T15:48:58Z,601
2026-10-09T01:50:37Z,4291,2025-09-09T08:04:42Z,568425
2026-10-09T01:50:37Z,4292,2026-10-09T01:36:52Z,13
2026-10-09T01:50:37Z,4293,2026-10-09T01:36:52Z,13
2026-10-09T01:50:37Z,4294,2026-10-08T23:49:25Z,121
2026-10-09T01:50:37Z,4295,2026-08-12T02:28:09Z,83482
2026-10-09T01:50:37Z,4296,2026-10-09T01:36:51Z,13
2026-10-09T01:50:37Z,4297,2026-10-08T15:49:04Z,601
2026-10-09T01:50:37Z,4298,2026-10-08T15:52:01Z,598
2026-10-09T01:50:37Z,4299,2026-10-08T15:48:58Z,601
2026-10-09T01:50:37Z,4300,2026-10-09T01:36:51Z,13
2026-10-09T01:50:37Z,4301,2026-10-09T01:36:52Z,13
2026-10-09T01:50:37Z,4302,2026-10-08T15:48:57Z,601
2026-10-09T01:50:37Z,4303,2026-10-08T19:22:05Z,388
2026-10-09T01:50:37Z,4304,2026-10-08T09:23:22Z,987
2026-10-09T01:50:37Z,4305,2026-10-09T01:36:51Z,13
2026-10-09T01:50:37Z,4306,2026-10-08T15:49:02Z,601
2026-10-09T01:50:37Z,4307,2026-10-08T15:49:01Z,601
2026-10-09T01:50:37Z,4308,2026-10-08T15:49:43Z,600
2026-10-09T01:50:37Z,4309,2026-10-06T04:29:22Z,4161
2026-10-09T01:50:37Z,4310,2026-10-09T01:36:52Z,13
2026-10-09T01:50:37Z,4311,2026-10-08T13:56:46Z,713
2026-10-09T01:50:37Z,4312,2026-10-08T13:56:47Z,713
2026-10-09T01:50:37Z,4313,2026-10-08T13:56:48Z,713
2026-10-09T01:50:37Z,4315,2026-10-09T01:32:59Z,17
2026-10-09T01:50:37Z,4316,2026-10-09T01:26:12Z,24
2026-10-09T01:50:37Z,4317,2026-10-08T23:22:23Z,148
2026-10-09T01:50:37Z,4318,2026-09-29T10:14:55Z,13895
2026-10-09T01:50:37Z,4319,2026-10-08T22:24:24Z,206
2026-10-09T01:50:37Z,4320,2026-10-08T21:00:54Z,289
2026-10-09T01:50:37Z,4321,2026-10-08T15:09:51Z,640
2026-10-09T01:50:37Z,4322,2026-08-27T10:04:36Z,61426
2026-10-09T01:50:37Z,4323,2026-10-09T01:24:50Z,25
2026-10-09T01:50:37Z,4324,2026-10-08T19:10:31Z,400
2026-10-09T01:50:37Z,4326,2026-09-29T08:57:14Z,13973
2026-10-09T01:50:37Z,4327,2026-10-08T15:48:58Z,601
2026-10-09T01:50:37Z,4328,2026-10-08T19:10:33Z,400
2026-10-09T01:50:37Z,4331,2026-10-08T13:18:54Z,751
2026-10-09T01:50:37Z,4332,2026-10-08T21:54:52Z,235
2026-10-09T01:50:37Z,4333,2026-10-08T19:10:35Z,400
2026-10-09T01:50:37Z,4334,2026-10-08T13:37:31Z,733
2026-10-09T01:50:37Z,4335,2025-09-23T08:51:12Z,548219
2026-10-09T01:50:37Z,4336,2026-10-08T15:49:16Z,601
2026-10-09T01:50:37Z,4337,2026-10-08T15:48:58Z,601
2026-10-09T01:50:37Z,4338,2026-10-08T15:49:07Z,601
2026-10-09T01:50:37Z,4339,2026-10-09T00:59:13Z,51
2026-10-09T01:50:37Z,4340,2026-10-08T19:10:35Z,400
2026-10-09T01:50:37Z,4341,2026-10-08T19:10:35Z,400
2026-10-09T01:50:37Z,4342,2026-10-08T19:10:36Z,400
2026-10-09T01:50:37Z,4343,2026-10-08T19:10:36Z,400
2026-10-09T01:50:37Z,4344,2026-10-08T19:10:36Z,400
2026-10-09T01:50:37Z,4345,2026-10-08T19:10:36Z,400
2026-10-09T01:50:37Z,4346,2026-10-09T00:52:27Z,58
2026-10-09T01:50:37Z,4347,2026-10-08T19:10:37Z,400
2026-10-09T01:50:37Z,4348,2026-10-08T19:10:37Z,400
2026-10-09T01:50:37Z,4349,2026-10-09T01:45:05Z,5
2026-10-09T01:50:37Z,4352,2026-10-09T01:26:54Z,23
2026-10-09T01:50:37Z,4353,2026-10-09T00:22:49Z,87
2026-10-09T01:50:37Z,4354,2026-10-08T19:10:38Z,399
2026-10-09T01:50:37Z,4355,2026-10-09T01:43:21Z,7
2026-10-09T01:50:37Z,4360,2026-10-08T19:10:40Z,399
2026-10-09T01:50:37Z,4363,2026-10-08T13:58:14Z,712
2026-10-09T01:50:37Z,4366,2026-10-08T21:00:58Z,289
2026-10-09T01:50:37Z,4367,2026-10-09T01:02:55Z,47
2026-10-09T01:50:37Z,4368,2026-10-08T19:10:42Z,399
2026-10-09T01:50:37Z,4369,2026-10-08T19:10:42Z,399
2026-10-09T01:50:37Z,4370,2026-10-08T19:10:42Z,399
2026-10-09T01:50:37Z,4373,2026-10-08T15:50:13Z,600
2026-10-09T01:50:37Z,4374,2026-10-09T01:02:55Z,47
2026-10-09T01:50:37Z,4375,2026-10-08T19:10:42Z,399
2026-10-09T01:50:37Z,4376,2026-10-08T19:02:09Z,408
2026-10-09T01:50:37Z,4377,2026-10-08T13:31:08Z,739
2026-10-09T01:50:37Z,4378,2026-10-08T17:53:56Z,476
2026-10-09T01:50:37Z,4379,2026-10-08T19:10:43Z,399
2026-10-09T01:50:37Z,4380,2026-10-09T00:52:44Z,57
2026-10-09T01:50:37Z,4382,2026-10-08T16:19:16Z,571
2026-10-09T01:50:37Z,4383,2026-10-08T21:01:26Z,289
2026-10-09T01:50:37Z,4571,2026-10-09T01:26:14Z,24
2026-10-09T01:50:37Z,4572,2026-10-08T15:49:08Z,601
2026-10-09T01:50:37Z,4574,2026-10-08T19:10:45Z,399
2026-10-09T01:50:37Z,4575,2024-10-07T08:55:34Z,1053655
2026-10-09T01:50:37Z,4577,2026-10-09T00:14:54Z,95
2026-10-09T01:50:37Z,4578,2026-10-09T01:45:05Z,5
2026-10-09T01:50:37Z,4579,2026-10-08T19:10:45Z,399
2026-10-09T01:50:37Z,4580,2026-10-08T19:10:46Z,399
2026-10-09T01:50:37Z,4581,2026-10-08T19:10:46Z,399
2026-10-09T01:50:37Z,4582,2026-10-08T21:01:33Z,289
2026-10-09T01:50:37Z,4584,2026-10-08T19:10:46Z,399
2026-10-09T01:50:37Z,4585,2026-10-08T19:10:46Z,399
2026-10-09T01:50:37Z,4587,2026-10-08T21:00:49Z,289
2026-10-09T01:50:37Z,4588,2026-10-08T21:01:18Z,289
2026-10-09T01:50:37Z,4589,2026-10-09T01:45:03Z,5
2026-10-09T01:50:37Z,4590,2026-10-09T01:45:03Z,5
2026-10-09T01:50:37Z,4591,2026-10-09T01:45:03Z,5
2026-10-09T01:50:37Z,4593,2026-10-09T01:45:03Z,5
2026-10-09T01:50:37Z,4594,2026-10-09T01:45:03Z,5
2026-10-09T01:50:37Z,4595,2026-10-09T01:45:03Z,5
2026-10-09T01:50:37Z,4596,2026-10-09T01:45:03Z,5
2026-10-09T01:50:37Z,4597,2026-10-09T01:45:03Z,5
2026-10-09T01:50:37Z,4598,2026-10-09T01:45:03Z,5
2026-10-09T01:50:37Z,4599,2026-10-09T01:45:03Z,5
2026-10-09T01:50:37Z,4602,2026-10-09T01:45:03Z,5
2026-10-09T01:50:37Z,4687,2026-10-09T01:45:03Z,5
2026-10-09T01:50:37Z,4688,2026-10-09T01:45:03Z,5
2026-10-09T01:50:37Z,4689,2026-10-09T01:45:03Z,5
2026-10-09T01:50:37Z,4690,2026-10-09T01:45:03Z,5
2026-10-09T01:50:37Z,4702,2026-10-09T01:45:03Z,5
2026-10-09T01:50:37Z,4776,2026-10-09T01:45:03Z,5
2026-10-09T01:50:37Z,4777,2026-10-09T01:45:03Z,5
2026-10-09T01:50:37Z,4779,2026-10-09T01:45:03Z,5
2026-10-09T01:50:37Z,4780,2026-10-09T01:45:03Z,5
2026-10-09T01:50:37Z,4782,2026-10-09T01:45:03Z,5
2026-10-09T01:50:37Z,4784,2026-10-09T01:45:03Z,5
2026-10-09T01:50:37Z,4785,2026-10-09T01:45:03Z,5
2026-10-09T01:50:37Z,4786,2026-10-09T01:45:03Z,5
2026-10-09T01:50:37Z,4787,2026-10-09T01:45:03Z,5
2026-10-09T01:50:37Z,4788,2026-10-09T01:45:03Z,5
2026-10-09T01:50:37Z,4789,2026-10-09T01:45:03Z,5
2026-10-09T01:50:37Z,4790,2026-10-09T01:45:03Z,5
2026-10-09T01:50:37Z,4791,2026-10-09T01:45:03Z,5
2026-10-09T01:50:37Z,4792,2026-10-09T01:45:03Z,5
2026-10-09T01:50:37Z,4793,2026-10-09T01:45:03Z,5
2026-10-09T01:50:37Z,4794,2026-10-09T01:45:03Z,5
2026-10-09T01:50:37Z,4795,2026-10-09T01:45:03Z,5
2026-10-09T01:50:37Z,4796,2026-10-09T01:45:03Z,5
2026-10-09T01:50:37Z,4797,2026-10-09T01:45:03Z,5
2026-10-09T01:50:37Z,4798,2026-10-09T01:45:03Z,5
2026-10-09T01:50:37Z,4799,2026-10-09T01:45:03Z,5
2026-10-09T01:50:37Z,4800,2026-10-09T01:45:03Z,5
2026-10-09T01:50:37Z,4801,2026-10-09T01:45:03Z,5
2026-10-09T01:50:37Z,4804,2026-10-09T01:45:03Z,5
2026-10-09T01:50:37Z,4806,2026-10-09T01:45:03Z,5
2026-10-09T01:50:37Z,4807,2026-10-09T01:45:03Z,5
2026-10-09T01:50:37Z,4808,2026-10-09T01:45:03Z,5
2026-10-09T01:50:37Z,4809,2026-10-08T21:02:33Z,288
2026-10-09T01:50:37Z,4810,2026-10-08T21:00:44Z,289
2026-10-09T01:50:37Z,4811,2026-10-08T19:10:48Z,399
2026-10-09T01:50:37Z,4812,2026-10-08T19:10:48Z,399
2026-10-09T01:50:37Z,4813,2026-10-08T19:10:48Z,399
2026-10-09T01:50:37Z,4814,2026-10-08T19:10:49Z,399
2026-10-09T01:50:37Z,4816,2026-10-09T01:36:53Z,13
2026-10-09T01:50:37Z,4817,2026-10-08T15:48:57Z,601
2026-10-09T01:50:37Z,4818,2026-10-09T01:36:53Z,13
2026-10-09T01:50:37Z,4819,2026-10-08T15:49:02Z,601
2026-10-09T01:50:37Z,4820,2026-10-08T15:49:04Z,601
2026-10-09T01:50:37Z,4821,2026-10-09T01:36:52Z,13
2026-10-09T01:50:37Z,4822,2026-10-08T15:49:08Z,601
2026-10-09T01:50:37Z,4823,2026-10-09T01:36:52Z,13
2026-10-09T01:50:37Z,4824,2026-10-08T15:49:17Z,601
2026-10-09T01:50:37Z,4825,2026-10-08T19:10:49Z,399
2026-10-09T01:50:37Z,4826,2026-10-08T23:56:07Z,114
2026-10-09T01:50:37Z,4829,2026-10-08T19:05:25Z,405
2026-10-09T01:50:37Z,4830,2026-10-09T01:45:03Z,5
2026-10-09T01:50:37Z,4832,2026-10-09T01:41:41Z,8
2026-10-09T01:50:37Z,4833,2026-10-08T19:10:50Z,399
2026-10-09T01:50:37Z,4834,2026-10-08T21:00:46Z,289
2026-10-09T01:50:37Z,4837,2026-10-09T01:45:03Z,5
2026-10-09T01:50:37Z,4838,2026-10-09T01:45:03Z,5
2026-10-09T01:50:37Z,4839,2026-10-08T21:00:51Z,289
2026-10-09T01:50:37Z,4840,2026-10-05T05:02:16Z,5568
2026-10-09T01:50:37Z,4841,2026-10-05T05:02:25Z,5568
2026-10-09T01:50:37Z,4842,2026-10-05T05:02:16Z,5568
2026-10-09T01:50:37Z,4843,2026-10-05T05:02:25Z,5568
2026-10-09T01:50:37Z,4844,2026-10-05T05:02:04Z,5568
2026-10-09T01:50:37Z,4845,2026-10-08T14:09:06Z,701
2026-10-09T01:50:37Z,4847,2026-10-09T01:45:03Z,5
2026-10-09T01:50:37Z,4848,2026-10-09T01:45:03Z,5
2026-10-09T01:50:37Z,4849,2026-10-09T00:34:08Z,76
2026-10-09T01:50:37Z,4850,2026-10-09T00:34:14Z,76
2026-10-09T01:50:37Z,4851,2026-10-09T00:15:48Z,94
2026-10-09T01:50:37Z,4852,2026-10-09T00:34:08Z,76
2026-10-09T01:50:37Z,4853,2026-10-09T00:18:15Z,92
2026-10-09T01:50:37Z,4854,2026-10-09T01:07:02Z,43
2026-10-09T01:50:37Z,4855,2026-10-09T00:26:45Z,83
2026-10-09T01:50:37Z,4856,2026-10-09T01:07:54Z,42
2026-10-09T01:50:37Z,4857,2026-10-09T00:26:52Z,83
2026-10-09T01:50:37Z,4858,2026-10-09T00:14:23Z,96
2026-10-09T01:50:37Z,4859,2026-10-09T00:28:20Z,82
2026-10-09T01:50:37Z,4860,2026-10-08T19:10:51Z,399
2026-10-09T01:50:37Z,4861,2026-10-08T15:03:51Z,646
2026-10-09T01:50:37Z,5805,2026-10-08T23:53:07Z,117
2026-10-09T01:50:37Z,5806,2026-10-08T21:01:17Z,289
2026-10-09T01:50:37Z,5807,2026-10-08T23:55:11Z,115
2026-10-09T01:50:37Z,5808,2026-10-08T18:06:58Z,463
2026-10-09T01:50:37Z,5809,2026-10-09T01:27:25Z,23
2026-10-09T01:50:37Z,5810,2026-10-06T10:40:18Z,3790
2026-10-09T01:50:37Z,6797,2026-10-09T01:45:03Z,5
2026-10-09T01:50:37Z,6798,2026-10-09T01:45:03Z,5
2026-10-09T01:50:37Z,6799,2026-10-09T01:45:03Z,5
2026-10-09T01:50:37Z,6800,2026-10-09T01:45:03Z,5
2026-10-09T01:50:37Z,6801,2026-10-09T01:45:03Z,5
2026-10-09T01:50:37Z,6802,2026-10-09T01:45:03Z,5
2026-10-09T01:50:37Z,6803,2026-10-09T01:45:03Z,5
2026-10-09T01:50:37Z,6804,2026-10-09T01:45:03Z,5
2026-10-09T01:50:37Z,6812,2026-10-09T01:45:03Z,5
2026-10-09T01:50:37Z,6814,2026-10-09T01:45:03Z,5
2026-10-09T01:50:37Z,6815,2026-10-08T21:00:40Z,289
2026-10-09T01:50:37Z,6817,2026-10-09T01:45:03Z,5
2026-10-09T01:50:37Z,6818,2026-10-09T01:45:03Z,5
2026-10-09T01:50:37Z,6819,2026-10-09T01:45:03Z,5
2026-10-09T01:50:37Z,6820,2026-10-09T01:45:03Z,5
2026-10-09T01:50:37Z,6821,2026-10-09T01:45:03Z,5
2026-10-09T01:50:37Z,6822,2026-10-09T01:45:03Z,5
2026-10-09T01:50:37Z,6823,2026-10-09T01:45:03Z,5
2026-10-09T01:50:37Z,6825,2026-10-09T01:45:03Z,5
2026-10-09T01:50:37Z,6826,2026-10-09T01:45:03Z,5
2026-10-09T01:50:37Z,6827,2026-10-09T01:45:03Z,5
2026-10-09T01:50:37Z,6828,2026-10-08T19:10:52Z,399
2026-10-09T01:50:37Z,6830,2026-10-09T01:45:03Z,5
2026-10-09T01:50:37Z,6831,2026-10-09T01:45:03Z,5
2026-10-09T01:50:37Z,6832,2026-10-09T01:45:03Z,5
2026-10-09T01:50:37Z,6833,2026-10-09T01:45:03Z,5
2026-10-09T01:50:37Z,6834,2026-10-09T01:45:03Z,5
2026-10-09T01:50:37Z,6835,2026-10-08T18:20:50Z,449
2026-10-09T01:50:37Z,6837,2026-10-09T01:33:42Z,16
2026-10-09T01:50:37Z,6838,2026-10-08T20:32:29Z,318
2026-10-09T01:50:37Z,6839,2026-10-07T12:04:41Z,2265
2026-10-09T01:50:37Z,6841,2026-10-09T01:45:03Z,5
2026-10-09T01:50:37Z,6845,2026-10-08T21:01:14Z,289
2026-10-09T01:50:37Z,6847,2026-10-09T01:45:03Z,5
2026-10-09T01:50:37Z,6849,2026-10-09T01:45:03Z,5
2026-10-09T01:50:37Z,6850,2026-10-08T03:38:55Z,1331
2026-10-09T01:50:37Z,6853,2026-10-08T17:18:10Z,512
2026-10-09T01:50:37Z,6855,2026-10-08T16:29:26Z,561
2026-10-09T01:50:37Z,6856,2026-10-08T21:00:55Z,289
2026-10-09T01:50:37Z,6857,2026-10-08T19:10:54Z,399
2026-10-09T01:50:37Z,6858,2026-10-08T10:00:03Z,950
2026-10-09T01:50:37Z,6860,2026-10-09T01:36:53Z,13
2026-10-09T01:50:37Z,6862,2026-10-08T19:32:04Z,378
2026-10-09T01:50:37Z,6864,2026-10-08T16:47:59Z,542
2026-10-09T01:50:37Z,14360,2026-10-09T01:45:03Z,5
2026-10-09T01:50:37Z,14368,2026-10-07T06:37:59Z,2592
2026-10-09T01:50:37Z,14369,2026-10-08T20:43:31Z,307
2026-10-09T01:50:37Z,14370,2026-10-08T16:54:34Z,536
2026-10-09T01:50:37Z,14371,2026-10-08T04:35:49Z,1274
2026-10-09T01:50:37Z,14372,2026-10-08T22:31:48Z,198
2026-10-09T01:50:37Z,14374,2026-09-29T16:11:14Z,13539
2026-10-09T01:50:37Z,14375,2026-10-01T18:03:22Z,10547
2026-10-09T01:50:37Z,14376,2026-10-08T15:20:51Z,629
2026-10-09T01:50:37Z,14403,2026-10-09T00:23:34Z,87
2026-10-09T01:50:37Z,14404,2026-10-09T01:45:03Z,5
2026-10-09T01:50:37Z,14405,2026-09-12T15:14:13Z,38076
2026-10-09T01:50:37Z,14406,2026-10-08T19:36:52Z,373
2026-10-09T01:50:37Z,14407,2026-09-18T16:52:05Z,29338
2026-10-09T01:50:37Z,14408,2026-09-26T14:42:06Z,17948
2026-10-09T01:50:37Z,14409,2026-10-07T22:28:29Z,1642
2026-10-09T01:50:37Z,14410,2026-10-08T13:00:08Z,770
2026-10-09T01:50:37Z,14411,2026-10-09T01:45:03Z,5
2026-10-09T01:50:37Z,14412,2026-10-09T01:45:03Z,5
2026-10-09T01:50:37Z,14413,2026-10-09T01:45:03Z,5
2026-10-09T01:50:37Z,14414,2026-10-09T01:45:03Z,5
2026-10-09T01:50:37Z,14415,2026-10-09T01:45:03Z,5
2026-10-09T01:50:37Z,14416,2026-10-08T19:10:55Z,399
2026-10-09T01:50:37Z,14417,2026-10-09T01:45:03Z,5
2026-10-09T01:50:37Z,14418,2026-10-08T14:56:47Z,653
2026-10-09T01:50:37Z,14419,2026-10-08T17:22:45Z,507
2026-10-09T01:50:37Z,14420,2026-10-08T18:11:27Z,459
2026-10-09T01:50:37Z,14422,2026-10-09T01:45:03Z,5
2026-10-09T01:50:37Z,14423,2026-10-09T01:45:03Z,5
2026-10-09T01:50:37Z,14424,2026-10-08T21:01:23Z,289
2026-10-09T01:50:37Z,14427,2026-10-09T01:45:03Z,5
2026-10-09T01:50:37Z,14445,2026-10-09T01:45:03Z,5
2026-10-09T01:50:37Z,14446,2026-10-09T01:45:03Z,5
2026-10-09T01:50:37Z,14447,2026-10-09T01:45:03Z,5
2026-10-09T01:50:37Z,14448,2026-10-09T01:45:03Z,5
2026-10-09T01:50:37Z,14449,2026-10-08T21:01:18Z,289
2026-10-09T01:50:37Z,14451,2026-10-09T01:45:03Z,5
2026-10-09T01:50:37Z,14452,2026-10-09T01:45:03Z,5
2026-10-09T01:50:37Z,14453,2026-10-06T17:17:49Z,3392
2026-10-09T01:50:37Z,14454,2026-10-08T12:30:11Z,800
2026-10-09T01:50:37Z,14455,2026-10-09T01:37:51Z,12
2026-10-09T01:50:37Z,14456,2026-10-08T19:10:55Z,399
2026-10-09T01:50:37Z,14457,2026-10-08T19:10:55Z,399
2026-10-09T01:50:37Z,14458,2026-10-08T18:58:36Z,412
2026-10-09T01:50:37Z,14460,2025-08-24T21:39:38Z,590650
2026-10-09T01:50:37Z,14461,2026-10-08T15:48:57Z,601
2026-10-09T01:50:37Z,14464,2026-10-08T15:48:57Z,601
2026-10-09T01:50:37Z,14465,2025-08-24T21:39:38Z,590650
2026-10-09T01:50:37Z,14471,2026-10-09T00:26:53Z,83
2026-10-09T01:50:37Z,14473,2026-10-08T21:00:54Z,289
2026-10-09T01:50:37Z,14475,2026-10-08T17:47:32Z,483
2026-10-09T01:50:37Z,14476,2026-10-08T14:21:43Z,688
2026-10-09T01:50:37Z,14477,2026-10-09T00:01:51Z,108
2026-10-09T01:50:37Z,14478,2026-10-08T08:20:08Z,1050
2026-10-09T01:50:37Z,14479,2026-10-08T16:30:50Z,559
2026-10-09T01:50:37Z,14480,2026-10-08T19:10:55Z,399
2026-10-09T01:50:37Z,14481,2026-10-08T18:10:50Z,459
2026-10-09T01:50:37Z,14484,2026-10-07T00:05:35Z,2985
2026-10-09T01:50:37Z,14485,2026-10-08T21:00:49Z,289
2026-10-09T01:50:37Z,14486,2026-10-08T21:00:53Z,289
2026-10-09T01:50:37Z,14487,2026-10-08T21:00:52Z,289
2026-10-09T01:50:37Z,14488,2026-10-08T21:00:59Z,289
2026-10-09T01:50:37Z,14489,2026-10-08T21:00:45Z,289
2026-10-09T01:50:37Z,14490,2026-10-09T00:01:10Z,109
2026-10-09T01:50:37Z,14498,2026-10-08T16:00:26Z,590
2026-10-09T01:50:37Z,14499,2026-10-09T01:03:04Z,47
2026-10-09T01:50:37Z,14500,2026-10-09T00:32:04Z,78
2026-10-09T01:50:37Z,14502,2026-10-08T17:53:43Z,476
2026-10-09T01:50:37Z,14503,2026-10-09T01:27:12Z,23
2026-10-09T01:50:37Z,14504,2026-10-08T15:32:09Z,618
2026-10-09T01:50:37Z,14506,2026-10-08T21:00:55Z,289
2026-10-09T01:50:37Z,14509,2026-10-08T14:54:00Z,656
2026-10-09T01:50:37Z,14510,2026-10-08T19:10:55Z,399
2026-10-09T01:50:37Z,14511,2026-10-08T19:10:55Z,399
2026-10-09T01:50:37Z,14512,2026-10-08T19:10:56Z,399
2026-10-09T01:50:37Z,14513,2026-10-08T15:48:59Z,601
2026-10-09T01:50:37Z,14515,2026-10-09T01:45:05Z,5
2026-10-09T01:50:37Z,14517,2026-10-09T01:45:05Z,5
2026-10-09T01:50:37Z,14519,2026-10-08T17:06:33Z,524
2026-10-09T01:50:37Z,14521,2026-10-08T19:02:08Z,408
2026-10-09T01:50:37Z,14522,2026-10-08T16:05:21Z,585
2026-10-09T01:50:37Z,14523,2026-10-08T21:58:31Z,232
2026-10-09T01:50:37Z,14525,2026-09-22T10:42:18Z,23948
2026-10-09T01:50:37Z,14526,2026-10-09T01:45:05Z,5
2026-10-09T01:50:37Z,14527,2026-10-08T16:21:02Z,569
2026-10-09T01:50:37Z,14528,2026-10-08T21:21:14Z,269
2026-10-09T01:50:37Z,14529,2026-10-08T21:00:49Z,289
2026-10-09T01:50:37Z,14530,2026-10-08T17:34:57Z,495
2026-10-09T01:50:37Z,14531,2026-10-08T16:31:01Z,559
2026-10-09T01:50:37Z,14532,2026-10-08T15:49:15Z,601
2026-10-09T01:50:37Z,14533,2026-10-08T15:49:16Z,601
2026-10-09T01:50:37Z,14534,2026-10-09T01:36:53Z,13
2026-10-09T01:50:37Z,14535,2026-10-08T15:48:59Z,601
2026-10-09T01:50:37Z,14536,2026-10-08T15:48:59Z,601
2026-10-09T01:50:37Z,14537,2026-10-09T01:45:03Z,5
2026-10-09T01:50:37Z,15365,2026-10-09T00:28:33Z,82
2026-10-09T01:50:37Z,15366,2026-10-09T00:28:13Z,82
2026-10-09T01:50:37Z,15367,2026-10-08T21:01:00Z,289
2026-10-09T01:50:37Z,15368,2026-10-08T09:36:24Z,974
2026-10-09T01:50:37Z,15369,2026-10-09T01:34:45Z,15
2026-10-09T01:50:37Z,15370,2026-10-08T21:00:15Z,290
2026-10-09T01:50:37Z,15371,2026-10-08T12:00:57Z,829
2026-10-09T01:50:37Z,15372,2026-10-08T14:14:08Z,696
2026-10-09T01:50:37Z,15373,2026-10-08T19:10:57Z,399
2026-10-09T01:50:37Z,15374,2026-08-11T06:32:23Z,84678
2026-10-09T01:50:37Z,15377,2026-10-09T01:45:05Z,5
2026-10-09T01:50:37Z,15378,2026-10-09T01:45:05Z,5
2026-10-09T01:50:37Z,15379,2026-10-08T21:00:55Z,289
2026-10-09T01:50:37Z,15380,2026-10-08T21:01:03Z,289
2026-10-09T01:50:37Z,15381,2026-10-08T19:11:15Z,399
2026-10-09T01:50:37Z,15386,2026-10-09T01:34:47Z,15
2026-10-09T01:50:37Z,15387,2026-10-08T15:49:16Z,601
2026-10-09T01:50:37Z,15393,2026-10-08T20:57:42Z,292
2026-10-09T01:50:37Z,15394,2026-10-09T01:45:03Z,5
2026-10-09T01:50:37Z,15395,2026-10-08T16:18:33Z,572
2026-10-09T01:50:37Z,15396,2026-10-08T19:11:04Z,399
2026-10-09T01:50:37Z,15402,2026-10-08T19:11:05Z,399
2026-10-09T01:50:37Z,15403,2026-10-08T19:11:06Z,399
2026-10-09T01:50:37Z,15404,2026-10-08T19:11:07Z,399
2026-10-09T01:50:37Z,15405,2026-10-09T01:45:03Z,5
2026-10-09T01:50:37Z,15406,2026-10-09T01:45:03Z,5
2026-10-09T01:50:37Z,15407,2026-10-06T12:06:39Z,3703
2026-10-09T01:50:37Z,15408,2026-10-08T12:39:14Z,791
2026-10-09T01:50:37Z,15409,2026-10-08T13:41:09Z,729
2026-10-09T01:50:37Z,15410,2026-10-08T08:38:13Z,1032
2026-10-09T01:50:37Z,15411,2026-10-08T08:21:46Z,1048
2026-10-09T01:50:37Z,15413,2026-10-08T19:11:08Z,399
2026-10-09T01:50:37Z,15414,2026-10-01T09:45:04Z,11045
2026-10-09T01:50:37Z,15415,2026-10-01T09:45:04Z,11045
2026-10-09T01:50:37Z,15416,2026-10-08T12:37:51Z,792
2026-10-09T01:50:37Z,15418,2026-10-08T19:11:08Z,399
2026-10-09T01:50:37Z,15419,2026-10-08T19:11:09Z,399
2026-10-09T01:50:37Z,15420,2026-10-08T19:11:09Z,399
2026-10-09T01:50:37Z,15421,2026-10-08T17:46:25Z,484
2026-10-09T01:50:37Z,15422,2026-10-09T01:45:03Z,5
2026-10-09T01:50:37Z,15423,2026-10-09T01:22:40Z,27
2026-10-09T01:50:37Z,15424,2026-10-08T09:25:44Z,984
2026-10-09T01:50:37Z,15425,2026-10-05T21:34:47Z,4575
2026-10-09T01:50:37Z,15426,2026-10-06T08:16:32Z,3934
2026-10-09T01:50:37Z,15427,2026-10-09T01:45:03Z,5
2026-10-09T01:50:37Z,15428,2026-10-09T01:45:03Z,5
2026-10-09T01:50:37Z,15429,2026-10-09T01:45:03Z,5
2026-10-09T01:50:37Z,15430,2026-10-09T01:45:03Z,5
2026-10-09T01:50:37Z,15431,2026-10-09T01:45:03Z,5
2026-10-09T01:50:37Z,15432,2026-10-09T01:45:03Z,5
2026-10-09T01:50:37Z,15433,2026-10-09T01:45:03Z,5
2026-10-09T01:50:37Z,15434,2026-10-09T01:45:03Z,5
2026-10-09T01:50:37Z,15435,2026-10-09T01:45:03Z,5
2026-10-09T01:50:37Z,15436,2026-10-09T01:45:03Z,5
2026-10-09T01:50:37Z,15437,2026-10-09T01:45:03Z,5
2026-10-09T01:50:37Z,15438,2026-10-09T01:45:03Z,5
2026-10-09T01:50:37Z,15439,2026-10-09T01:45:03Z,5
2026-10-09T01:50:37Z,15440,2026-10-09T01:45:03Z,5
2026-10-09T01:50:37Z,15441,2026-10-09T01:45:03Z,5
2026-10-09T01:50:37Z,15442,2026-10-09T01:45:03Z,5
2026-10-09T01:50:37Z,15443,2026-10-09T01:45:03Z,5
2026-10-09T01:50:37Z,15444,2026-10-09T01:45:03Z,5
2026-10-09T01:50:37Z,15445,2026-10-09T01:45:03Z,5
2026-10-09T01:50:37Z,15446,2026-10-09T01:45:03Z,5
2026-10-09T01:50:37Z,15447,2026-10-09T01:45:03Z,5
2026-10-09T01:50:37Z,15448,2026-10-09T01:45:03Z,5
2026-10-09T01:50:37Z,15449,2026-10-09T01:45:03Z,5
2026-10-09T01:50:37Z,15450,2026-10-09T01:45:03Z,5
2026-10-09T01:50:37Z,15451,2026-10-09T01:45:03Z,5
2026-10-09T01:50:37Z,15452,2026-10-09T01:45:03Z,5
2026-10-09T01:50:37Z,15453,2026-10-09T01:45:03Z,5
2026-10-09T01:50:37Z,15454,2026-10-09T01:45:03Z,5
2026-10-09T01:50:37Z,15455,2026-10-09T01:45:03Z,5
2026-10-09T01:50:37Z,15456,2026-10-09T01:45:03Z,5
2026-10-09T01:50:37Z,15457,2026-10-09T01:45:03Z,5
2026-10-09T01:50:37Z,15458,2026-10-09T01:45:03Z,5
2026-10-09T01:50:37Z,15459,2026-10-09T01:45:03Z,5
2026-10-09T01:50:37Z,15460,2026-10-09T01:45:03Z,5
2026-10-09T01:50:37Z,15461,2026-10-09T01:45:03Z,5
2026-10-09T01:50:37Z,15462,2026-10-09T01:45:03Z,5
2026-10-09T01:50:37Z,15463,2026-10-09T01:45:03Z,5
2026-10-09T01:50:37Z,15464,2026-10-09T01:45:03Z,5
2026-10-09T01:50:37Z,15465,2026-10-09T01:45:03Z,5
2026-10-09T01:50:37Z,15466,2026-10-09T01:45:03Z,5
2026-10-09T01:50:37Z,15467,2026-10-09T01:45:03Z,5
2026-10-09T01:50:37Z,15468,2026-10-09T01:45:03Z,5
2026-10-09T01:50:37Z,15469,2026-10-09T01:45:03Z,5
2026-10-09T01:50:37Z,15470,2026-10-09T01:45:03Z,5
2026-10-09T01:50:37Z,15471,2026-10-09T01:45:03Z,5
2026-10-09T01:50:37Z,15472,2026-10-09T01:45:03Z,5
2026-10-09T01:50:37Z,15473,2026-10-09T01:45:03Z,5
2026-10-09T01:50:37Z,15474,2026-10-09T01:45:03Z,5
2026-10-09T01:50:37Z,15475,2026-10-09T01:45:03Z,5
2026-10-09T01:50:37Z,15476,2026-10-09T01:45:03Z,5
2026-10-09T01:50:37Z,15477,2026-10-09T01:45:03Z,5
2026-10-09T01:50:37Z,15478,2026-10-09T01:45:03Z,5
2026-10-09T01:50:37Z,15479,2026-10-09T01:45:03Z,5
2026-10-09T01:50:37Z,15480,2026-10-09T01:45:03Z,5
2026-10-09T01:50:37Z,15481,2026-10-09T01:45:03Z,5
2026-10-09T01:50:37Z,15482,2026-10-09T01:45:03Z,5
2026-10-09T01:50:37Z,15483,2026-10-09T01:45:03Z,5
2026-10-09T01:50:37Z,15484,2026-10-09T01:45:03Z,5
2026-10-09T01:50:37Z,15485,2026-10-09T01:45:03Z,5
2026-10-09T01:50:37Z,15486,2026-10-09T01:45:03Z,5
2026-10-09T01:50:37Z,15487,2026-10-09T01:45:03Z,5
2026-10-09T01:50:37Z,15488,2026-10-09T01:45:03Z,5
2026-10-09T01:50:37Z,15489,2026-10-09T01:45:03Z,5
2026-10-09T01:50:37Z,15490,2026-10-09T01:45:03Z,5
2026-10-09T01:50:37Z,15491,2026-10-09T01:45:03Z,5
2026-10-09T01:50:37Z,15492,2026-10-09T01:45:03Z,5
2026-10-09T01:50:37Z,15493,2026-10-09T01:45:03Z,5
2026-10-09T01:50:37Z,15494,2026-10-09T01:45:03Z,5
2026-10-09T01:50:37Z,15495,2026-10-09T01:45:03Z,5
2026-10-09T01:50:37Z,15496,2026-10-09T01:45:03Z,5
2026-10-09T01:50:37Z,15497,2026-10-09T01:45:03Z,5
2026-10-09T01:50:37Z,15498,2026-10-09T01:45:03Z,5
2026-10-09T01:50:37Z,15499,2026-10-09T01:45:03Z,5
2026-10-09T01:50:37Z,15500,2026-10-09T01:45:03Z,5
2026-10-09T01:50:37Z,15501,2026-10-09T01:45:03Z,5
2026-10-09T01:50:37Z,15502,2026-10-09T01:45:03Z,5
2026-10-09T01:50:37Z,15503,2026-10-09T01:45:03Z,5
2026-10-09T01:50:37Z,15504,2026-10-09T01:45:03Z,5
2026-10-09T01:50:37Z,15505,2026-10-09T01:45:03Z,5
2026-10-09T01:50:37Z,15506,2026-10-09T01:45:03Z,5
2026-10-09T01:50:37Z,15507,2026-10-09T01:45:03Z,5
2026-10-09T01:50:37Z,15508,2026-10-09T01:45:03Z,5
2026-10-09T01:50:37Z,15509,2026-10-09T01:45:03Z,5
2026-10-09T01:50:37Z,15510,2026-10-09T01:45:03Z,5
2026-10-09T01:50:37Z,15514,2026-10-09T01:45:03Z,5
2026-10-09T01:50:37Z,15515,2026-10-01T09:45:04Z,11045
2026-10-09T01:50:37Z,15516,2026-10-08T21:01:38Z,288
2026-10-09T01:50:37Z,15517,2026-10-08T21:00:59Z,289
2026-10-09T01:50:37Z,15518,2026-10-08T19:11:09Z,399
2026-10-09T01:50:37Z,15521,2026-10-08T10:45:44Z,904
2026-10-09T01:50:37Z,15522,2026-10-08T14:45:15Z,665
2026-10-09T01:50:37Z,15523,2026-10-08T10:34:30Z,916
2026-10-09T01:50:37Z,15525,2026-10-08T08:31:19Z,1039
2026-10-09T01:50:37Z,15526,2026-10-08T16:33:12Z,557
2026-10-09T01:50:37Z,15527,2026-10-08T11:53:09Z,837
2026-10-09T01:50:37Z,15528,2026-10-08T14:44:52Z,665
2026-10-09T01:50:37Z,15529,2026-10-08T16:35:59Z,554
2026-10-09T01:50:37Z,15530,2026-10-08T09:16:36Z,994
2026-10-09T01:50:37Z,15531,2026-10-08T16:57:32Z,533
2026-10-09T01:50:37Z,15532,2026-10-08T16:52:13Z,538
2026-10-09T01:50:37Z,15533,2026-10-08T16:50:41Z,539
2026-10-09T01:50:37Z,15534,2026-10-08T19:04:48Z,405
2026-10-09T01:50:37Z,15535,2026-10-01T14:48:13Z,10742
2026-10-09T01:50:37Z,15536,2026-10-08T17:59:41Z,470
2026-10-09T01:50:37Z,15537,2026-10-08T16:09:37Z,581
2026-10-09T01:50:37Z,15539,2026-10-08T16:31:43Z,558
2026-10-09T01:50:37Z,15540,2026-10-09T01:17:16Z,33
2026-10-09T01:50:37Z,15543,2026-10-08T17:27:14Z,503
2026-10-09T01:50:37Z,15544,2026-10-08T10:33:10Z,917
2026-10-09T01:50:37Z,15545,2026-10-08T14:16:11Z,694
2026-10-09T01:50:37Z,15546,2026-10-08T19:11:10Z,399
2026-10-09T01:50:37Z,15547,2026-10-08T19:11:11Z,399
2026-10-09T01:50:37Z,15548,2026-10-08T11:59:06Z,831
2026-10-09T01:50:37Z,15553,2026-10-09T01:45:03Z,5
2026-10-09T01:50:37Z,15554,2026-10-09T01:45:03Z,5
2026-10-09T01:50:37Z,15555,2026-10-09T01:45:03Z,5
2026-10-09T01:50:37Z,15556,2026-10-09T01:38:01Z,12
2026-10-09T01:50:37Z,15557,2026-10-08T19:11:12Z,399
2026-10-09T01:50:37Z,15558,2026-10-09T01:33:11Z,17
2026-10-09T01:50:37Z,15559,2026-10-08T19:11:13Z,399
2026-10-09T01:50:37Z,15560,2026-10-08T19:11:13Z,399
2026-10-09T01:50:37Z,15561,2026-10-09T01:45:05Z,5
2026-10-09T01:50:37Z,15562,2026-10-09T01:45:03Z,5
2026-10-09T01:50:37Z,15563,2026-10-08T21:00:58Z,289
2026-10-09T01:50:37Z,15564,2026-10-08T19:11:13Z,399
2026-10-09T01:50:37Z,15565,2026-10-08T21:01:21Z,289
2026-10-09T01:50:37Z,15566,2026-10-08T23:18:30Z,152
2026-10-09T01:50:37Z,15567,2026-10-08T21:00:53Z,289
2026-10-09T01:50:37Z,15568,2026-10-01T09:45:04Z,11045
2026-10-09T01:50:37Z,15569,2026-10-01T09:45:04Z,11045
2026-10-09T01:50:37Z,15570,2026-10-01T09:37:03Z,11053
2026-10-09T01:50:37Z,15571,2026-10-01T09:37:03Z,11053
2026-10-09T01:50:37Z,15572,2026-10-01T09:45:04Z,11045
2026-10-09T01:50:37Z,15573,2026-10-08T19:11:14Z,399
2026-10-09T01:50:37Z,15574,2026-10-08T19:11:14Z,399
2026-10-09T01:50:37Z,15575,2026-10-08T07:06:20Z,1124
2026-10-09T01:50:37Z,15576,2026-10-08T17:29:25Z,501
2026-10-09T01:50:37Z,15577,2026-10-07T18:29:54Z,1880
2026-10-09T01:50:37Z,15578,2026-10-08T18:18:00Z,452
2026-10-09T01:50:37Z,15579,2026-10-08T19:11:14Z,399
2026-10-09T01:50:37Z,15585,2026-10-08T12:52:19Z,778
2026-10-09T01:50:37Z,15586,2026-10-08T17:14:41Z,515
2026-10-09T01:50:37Z,15587,2026-10-08T08:27:37Z,1043
2026-10-09T01:50:37Z,15588,2026-10-08T17:34:55Z,495
2026-10-09T01:50:37Z,15589,2026-10-08T19:11:16Z,399
2026-10-09T01:50:37Z,15590,2026-10-09T01:45:03Z,5
2026-10-09T01:50:37Z,15591,2026-10-08T19:11:17Z,399
2026-10-09T01:50:37Z,15684,2026-10-08T21:01:27Z,289
2026-10-09T01:50:37Z,15686,2026-10-09T01:45:03Z,5
2026-10-09T01:50:37Z,15687,2026-10-09T01:45:03Z,5
2026-10-09T01:50:37Z,15688,2026-10-09T01:45:03Z,5
2026-10-09T01:50:37Z,15689,2026-10-09T01:45:03Z,5
2026-10-09T01:50:37Z,15690,2026-10-09T01:45:03Z,5
2026-10-09T01:50:37Z,15691,2026-10-09T01:45:03Z,5
2026-10-09T01:50:37Z,15692,2026-10-08T21:00:58Z,289
2026-10-09T01:50:37Z,15693,2026-10-08T14:17:12Z,693
2026-10-09T01:50:37Z,15701,2026-10-08T13:27:44Z,742
2026-10-09T01:50:37Z,15702,2026-10-08T19:02:14Z,408
2026-10-09T01:50:37Z,15703,2026-10-08T16:02:17Z,588
2026-10-09T01:50:37Z,15756,2026-10-09T01:45:03Z,5
2026-10-09T01:50:37Z,15757,2026-10-09T01:45:03Z,5
2026-10-09T01:50:37Z,15758,2026-10-09T01:45:03Z,5
2026-10-09T01:50:37Z,15759,2026-10-08T19:11:18Z,399
2026-10-09T01:50:37Z,15760,2026-10-09T01:45:03Z,5
2026-10-09T01:50:37Z,15763,2026-10-08T13:48:20Z,722
2026-10-09T01:50:37Z,15764,2026-10-08T19:11:19Z,399
2026-10-09T01:50:37Z,15765,2026-10-08T19:11:19Z,399
2026-10-09T01:50:37Z,15767,2026-10-08T19:11:20Z,399
2026-10-09T01:50:37Z,15768,2026-09-15T05:09:11Z,34361
2026-10-09T01:50:37Z,15769,2026-10-09T00:15:36Z,95
2026-10-09T01:50:37Z,15770,2026-10-09T01:45:03Z,5
2026-10-09T01:50:37Z,15771,2026-10-09T01:45:03Z,5
2026-10-09T01:50:37Z,15773,2026-10-09T01:45:03Z,5
2026-10-09T01:50:37Z,15774,2026-10-09T01:45:03Z,5
2026-10-09T01:50:37Z,15775,2026-10-09T01:45:03Z,5
2026-10-09T01:50:37Z,15776,2026-10-09T01:45:03Z,5
2026-10-09T01:50:37Z,15777,2026-10-08T21:00:58Z,289
2026-10-09T01:50:37Z,15778,2026-10-09T01:45:03Z,5
2026-10-09T01:50:37Z,15779,2026-09-16T10:39:13Z,32591
2026-10-09T01:50:37Z,15780,2026-09-16T10:47:02Z,32583
2026-10-09T01:50:37Z,15781,2026-09-16T11:13:56Z,32556
2026-10-09T01:50:37Z,15782,2026-09-16T11:16:36Z,32554
2026-10-09T01:50:37Z,15783,2026-09-30T11:49:10Z,12361
2026-10-09T01:50:37Z,15784,2026-09-16T11:45:31Z,32525
2026-10-09T01:50:37Z,15785,2026-09-22T13:01:43Z,23808
2026-10-09T01:50:37Z,15786,2026-09-16T12:34:55Z,32475
2026-10-09T01:50:37Z,15787,2026-09-16T12:38:19Z,32472
2026-10-09T01:50:37Z,15788,2026-09-16T12:40:56Z,32469
2026-10-09T01:50:37Z,15789,2026-10-08T20:01:52Z,348
2026-10-09T01:50:37Z,15790,2026-10-08T19:11:21Z,399
2026-10-09T01:50:37Z,15791,2026-10-08T19:11:21Z,399
2026-10-09T01:50:37Z,15792,2026-10-01T09:45:04Z,11045
2026-10-09T01:50:37Z,15793,2026-10-01T09:45:04Z,11045
2026-10-09T01:50:37Z,15794,2026-10-01T09:45:04Z,11045
2026-10-09T01:50:37Z,15795,2026-10-09T01:45:03Z,5
2026-10-09T01:50:37Z,15796,2026-10-09T01:45:03Z,5
2026-10-09T01:50:37Z,15797,2026-10-09T00:50:38Z,59
2026-10-09T01:50:37Z,15798,2026-10-08T22:58:16Z,172
2026-10-09T01:50:37Z,15799,2026-10-02T07:15:04Z,9755
2026-10-09T01:50:37Z,15800,2026-10-08T21:00:55Z,289
2026-10-09T01:50:37Z,15801,2026-10-08T21:01:13Z,289
2026-10-09T01:50:37Z,15802,2026-10-09T00:02:13Z,108
2026-10-09T01:50:37Z,15803,2026-10-08T21:01:22Z,289
2026-10-09T01:50:37Z,15804,2026-10-09T01:45:03Z,5
2026-10-09T02:20:37Z,258,2026-10-08T21:00:41Z,319
2026-10-09T02:20:37Z,259,2026-10-08T21:00:45Z,319
2026-10-09T02:20:37Z,260,2026-10-09T00:51:39Z,88
2026-10-09T02:20:37Z,261,2026-10-08T21:01:06Z,319
2026-10-09T02:20:37Z,263,2026-10-08T21:01:01Z,319
2026-10-09T02:20:37Z,264,2026-10-08T21:01:16Z,319
2026-10-09T02:20:37Z,265,2026-10-08T21:01:23Z,319
2026-10-09T02:20:37Z,267,2026-10-08T23:28:05Z,172
2026-10-09T02:20:37Z,268,2026-10-08T21:00:50Z,319
2026-10-09T02:20:37Z,270,2026-10-08T21:00:46Z,319
2026-10-09T02:20:37Z,271,2026-10-08T21:00:47Z,319
2026-10-09T02:20:37Z,272,2026-10-08T21:01:12Z,319
2026-10-09T02:20:37Z,275,2026-07-01T10:22:32Z,143518
2026-10-09T02:20:37Z,276,2026-10-09T00:55:48Z,84
2026-10-09T02:20:37Z,277,2026-07-02T07:26:05Z,142254
2026-10-09T02:20:37Z,278,2026-10-09T00:16:55Z,123
2026-10-09T02:20:37Z,279,2026-10-08T21:01:16Z,319
2026-10-09T02:20:37Z,280,2026-10-08T21:01:11Z,319
2026-10-09T02:20:37Z,281,2026-10-08T21:55:53Z,264
2026-10-09T02:20:37Z,285,2026-10-08T21:01:04Z,319
2026-10-09T02:20:37Z,320,2026-01-06T13:23:56Z,396776
2026-10-09T02:20:37Z,321,2026-10-08T20:14:32Z,366
2026-10-09T02:20:37Z,322,2026-10-08T16:37:10Z,583
2026-10-09T02:20:37Z,323,2026-10-08T19:36:51Z,403
2026-10-09T02:20:37Z,324,2026-10-08T23:58:08Z,142
2026-10-09T02:20:37Z,325,2026-10-08T18:02:15Z,498
2026-10-09T02:20:37Z,375,2026-10-08T22:41:36Z,219
2026-10-09T02:20:37Z,376,2026-10-09T00:04:47Z,135
2026-10-09T02:20:37Z,377,2026-08-10T09:54:33Z,85946
2026-10-09T02:20:37Z,378,2026-10-09T01:27:46Z,52
2026-10-09T02:20:37Z,379,2026-10-08T20:31:18Z,349
2026-10-09T02:20:37Z,380,2026-10-08T21:53:51Z,266
2026-10-09T02:20:37Z,381,2026-10-08T17:43:53Z,516
2026-10-09T02:20:37Z,382,2026-10-08T14:09:33Z,731
2026-10-09T02:20:37Z,383,2026-10-08T21:09:17Z,311
2026-10-09T02:20:37Z,384,2026-10-08T20:45:05Z,335
2026-10-09T02:20:37Z,385,2026-10-08T18:24:20Z,476
2026-10-09T02:20:37Z,386,2026-10-08T19:04:33Z,436
2026-10-09T02:20:37Z,387,2026-10-08T19:16:23Z,424
2026-10-09T02:20:37Z,388,2026-10-09T00:04:54Z,135
2026-10-09T02:20:37Z,389,2026-07-29T06:27:15Z,103433
2026-10-09T02:20:37Z,390,2026-10-02T07:22:23Z,9778
2026-10-09T02:20:37Z,396,2026-10-08T18:17:08Z,483
2026-10-09T02:20:37Z,397,2026-10-08T22:27:26Z,233
2026-10-09T02:20:37Z,398,2026-10-09T01:49:33Z,31
2026-10-09T02:20:37Z,401,2026-10-08T22:11:29Z,249
2026-10-09T02:20:37Z,402,2026-10-08T18:51:37Z,449
2026-10-09T02:20:37Z,403,2026-10-08T23:32:40Z,167
2026-10-09T02:20:37Z,404,2026-10-08T18:23:10Z,477
2026-10-09T02:20:37Z,406,2026-10-08T18:02:03Z,498
2026-10-09T02:20:37Z,408,2026-10-09T00:05:19Z,135
2026-10-09T02:20:37Z,409,2026-10-08T23:26:54Z,173
2026-10-09T02:20:37Z,410,2026-10-08T22:17:04Z,243
2026-10-09T02:20:37Z,412,2026-10-08T17:43:39Z,516
2026-10-09T02:20:37Z,413,2026-10-08T20:07:14Z,373
2026-10-09T02:20:37Z,414,2026-10-09T01:36:44Z,43
2026-10-09T02:20:37Z,416,2026-10-08T18:34:44Z,465
2026-10-09T02:20:37Z,417,2026-10-09T00:04:48Z,135
2026-10-09T02:20:37Z,418,2026-10-08T17:51:35Z,509
2026-10-09T02:20:37Z,419,2026-10-08T19:08:37Z,432
2026-10-09T02:20:37Z,420,2026-10-08T15:44:02Z,636
2026-10-09T02:20:37Z,421,2026-08-17T09:20:08Z,75900
2026-10-09T02:20:37Z,422,2026-10-08T17:25:27Z,535
2026-10-09T02:20:37Z,423,2026-10-08T23:02:33Z,198
2026-10-09T02:20:37Z,424,2026-10-08T19:42:52Z,397
2026-10-09T02:20:37Z,425,2026-10-08T17:16:10Z,544
2026-10-09T02:20:37Z,428,2026-10-09T02:14:18Z,6
2026-10-09T02:20:37Z,429,2026-10-08T18:16:00Z,484
2026-10-09T02:20:37Z,430,2026-10-08T18:12:06Z,488
2026-10-09T02:20:37Z,431,2026-10-08T21:43:06Z,277
2026-10-09T02:20:37Z,432,2026-10-08T20:24:21Z,356
2026-10-09T02:20:37Z,433,2026-10-09T01:27:17Z,53
2026-10-09T02:20:37Z,434,2026-10-09T01:58:36Z,22
2026-10-09T02:20:37Z,435,2026-10-08T17:49:02Z,511
2026-10-09T02:20:37Z,436,2026-10-07T14:11:47Z,2168
2026-10-09T02:20:37Z,439,2026-10-08T14:46:48Z,693
2026-10-09T02:20:37Z,440,2026-10-08T10:21:30Z,959
2026-10-09T02:20:37Z,441,2026-10-05T11:55:49Z,5184
2026-10-09T02:20:37Z,442,2026-10-08T19:30:07Z,410
2026-10-09T02:20:37Z,443,2026-10-08T21:51:41Z,268
2026-10-09T02:20:37Z,444,2026-01-06T13:23:56Z,396776
2026-10-09T02:20:37Z,451,2026-10-08T18:11:47Z,488
2026-10-09T02:20:37Z,454,2026-01-06T13:23:56Z,396776
2026-10-09T02:20:37Z,455,2026-10-08T20:11:58Z,368
2026-10-09T02:20:37Z,498,2026-10-09T02:08:42Z,11
2026-10-09T02:20:37Z,499,2026-10-08T21:20:39Z,299
2026-10-09T02:20:37Z,500,2026-10-08T21:20:46Z,299
2026-10-09T02:20:37Z,501,2026-04-14T16:06:24Z,255494
2026-10-09T02:20:37Z,502,2026-01-06T13:23:56Z,396776
2026-10-09T02:20:37Z,503,2026-09-24T13:53:59Z,20906
2026-10-09T02:20:37Z,504,2026-10-04T13:29:12Z,6531
2026-10-09T02:20:37Z,505,2026-10-07T17:38:51Z,1961
2026-10-09T02:20:37Z,507,2026-10-08T21:01:11Z,319
2026-10-09T02:20:37Z,508,2026-10-08T21:30:40Z,289
2026-10-09T02:20:37Z,509,2026-10-09T01:21:51Z,58
2026-10-09T02:20:37Z,510,2026-10-08T21:00:58Z,319
2026-10-09T02:20:37Z,511,2026-10-08T21:00:49Z,319
2026-10-09T02:20:37Z,512,2026-10-08T23:40:03Z,160
2026-10-09T02:20:37Z,513,2026-10-09T00:23:56Z,116
2026-10-09T02:20:37Z,514,2026-10-09T00:30:52Z,109
2026-10-09T02:20:37Z,515,2026-10-08T21:01:19Z,319
2026-10-09T02:20:37Z,516,2026-10-08T21:01:18Z,319
2026-10-09T02:20:37Z,517,2026-10-08T21:01:25Z,319
2026-10-09T02:20:37Z,518,2026-10-08T21:01:24Z,319
2026-10-09T02:20:37Z,519,2026-10-08T21:00:43Z,319
2026-10-09T02:20:37Z,520,2026-10-08T21:00:55Z,319
2026-10-09T02:20:37Z,521,2026-10-08T21:00:55Z,319
2026-10-09T02:20:37Z,522,2026-10-08T21:00:55Z,319
2026-10-09T02:20:37Z,523,2026-10-08T21:01:03Z,319
2026-10-09T02:20:37Z,524,2026-10-08T21:00:53Z,319
2026-10-09T02:20:37Z,526,2026-10-08T21:01:24Z,319
2026-10-09T02:20:37Z,530,2026-01-06T13:23:56Z,396776
2026-10-09T02:20:37Z,531,2026-10-09T02:09:27Z,11
2026-10-09T02:20:37Z,532,2026-10-08T07:53:00Z,1107
2026-10-09T02:20:37Z,535,2026-10-08T11:21:07Z,899
2026-10-09T02:20:37Z,536,2026-10-07T18:32:37Z,1908
2026-10-09T02:20:37Z,537,2026-10-08T21:01:40Z,318
2026-10-09T02:20:37Z,538,2026-10-08T14:48:59Z,691
2026-10-09T02:20:37Z,539,2026-10-08T20:20:59Z,359
2026-10-09T02:20:37Z,540,2026-10-04T19:03:59Z,6196
2026-10-09T02:20:37Z,584,2026-10-08T19:06:10Z,434
2026-10-09T02:20:37Z,585,2026-10-09T00:14:48Z,125
2026-10-09T02:20:37Z,586,2026-10-08T15:32:49Z,647
2026-10-09T02:20:37Z,589,2026-01-06T13:23:56Z,396776
2026-10-09T02:20:37Z,590,2026-01-06T13:23:56Z,396776
2026-10-09T02:20:37Z,592,2026-10-08T21:01:24Z,319
2026-10-09T02:20:37Z,593,2026-10-08T21:01:10Z,319
2026-10-09T02:20:37Z,594,2026-10-09T01:26:40Z,53
2026-10-09T02:20:37Z,596,2026-10-08T23:38:32Z,162
2026-10-09T02:20:37Z,597,2026-10-08T21:00:47Z,319
2026-10-09T02:20:37Z,598,2026-01-06T13:23:56Z,396776
2026-10-09T02:20:37Z,599,2026-01-06T13:23:56Z,396776
2026-10-09T02:20:37Z,600,2026-01-06T13:23:56Z,396776
2026-10-09T02:20:37Z,664,2026-01-06T13:23:56Z,396776
2026-10-09T02:20:37Z,670,2026-10-08T22:31:49Z,228
2026-10-09T02:20:37Z,671,2026-10-08T21:47:52Z,272
2026-10-09T02:20:37Z,672,2026-10-08T20:27:42Z,352
2026-10-09T02:20:37Z,677,2026-10-08T19:57:32Z,383
2026-10-09T02:20:37Z,678,2026-10-08T21:01:08Z,319
2026-10-09T02:20:37Z,679,2026-10-08T21:01:13Z,319
2026-10-09T02:20:37Z,703,2026-10-05T00:08:31Z,5892
2026-10-09T02:20:37Z,704,2026-10-08T18:39:27Z,461
2026-10-09T02:20:37Z,705,2026-10-08T20:51:25Z,329
2026-10-09T02:20:37Z,707,2026-10-08T13:18:25Z,782
2026-10-09T02:20:37Z,709,2026-10-08T13:34:26Z,766
2026-10-09T02:20:37Z,710,2026-10-09T00:01:17Z,139
2026-10-09T02:20:37Z,712,2026-10-08T13:23:41Z,776
2026-10-09T02:20:37Z,713,2026-10-09T01:17:14Z,63
2026-10-09T02:20:37Z,715,2026-10-08T13:21:57Z,778
2026-10-09T02:20:37Z,717,2026-10-08T18:52:36Z,448
2026-10-09T02:20:37Z,737,2026-10-09T00:59:03Z,81
2026-10-09T02:20:37Z,1269,2026-10-08T20:31:16Z,349
2026-10-09T02:20:37Z,1302,2026-10-08T20:26:08Z,354
2026-10-09T02:20:37Z,1314,2026-10-08T15:43:38Z,636
2026-10-09T02:20:37Z,1315,2026-10-08T19:27:20Z,413
2026-10-09T02:20:37Z,1316,2026-10-09T01:14:03Z,66
2026-10-09T02:20:37Z,1317,2026-10-08T13:38:16Z,762
2026-10-09T02:20:37Z,1321,2026-10-08T20:25:01Z,355
2026-10-09T02:20:37Z,1353,2026-10-08T19:08:13Z,432
2026-10-09T02:20:37Z,1354,2026-10-08T18:04:26Z,496
2026-10-09T02:20:37Z,1363,2026-10-08T13:23:49Z,776
2026-10-09T02:20:37Z,1364,2026-10-08T13:23:49Z,776
2026-10-09T02:20:37Z,1453,2026-10-08T21:01:13Z,319
2026-10-09T02:20:37Z,1454,2026-10-08T21:00:59Z,319
2026-10-09T02:20:37Z,1477,2026-10-03T00:12:47Z,8767
2026-10-09T02:20:37Z,1478,2026-10-04T00:19:38Z,7320
2026-10-09T02:20:37Z,1510,2026-10-09T02:15:04Z,5
2026-10-09T02:20:37Z,1512,2026-10-09T02:15:04Z,5
2026-10-09T02:20:37Z,1514,2026-10-09T02:15:04Z,5
2026-10-09T02:20:37Z,1515,2026-10-09T02:15:04Z,5
2026-10-09T02:20:37Z,1516,2026-10-09T02:15:04Z,5
2026-10-09T02:20:37Z,1517,2026-10-09T02:15:04Z,5
2026-10-09T02:20:37Z,1518,2026-10-09T02:15:04Z,5
2026-10-09T02:20:37Z,1522,2026-10-09T02:15:04Z,5
2026-10-09T02:20:37Z,1523,2026-10-09T02:15:04Z,5
2026-10-09T02:20:37Z,1524,2026-10-09T02:15:04Z,5
2026-10-09T02:20:37Z,1525,2026-10-09T02:15:04Z,5
2026-10-09T02:20:37Z,1529,2026-10-05T08:05:06Z,5415
2026-10-09T02:20:37Z,1530,2026-10-05T14:27:02Z,5033
2026-10-09T02:20:37Z,1531,2026-10-08T08:29:16Z,1071
2026-10-09T02:20:37Z,1532,2026-10-08T00:15:20Z,1565
2026-10-09T02:20:37Z,1534,2026-10-09T02:11:37Z,9
2026-10-09T02:20:37Z,1535,2026-10-09T02:15:04Z,5
2026-10-09T02:20:37Z,1554,2026-10-08T07:48:30Z,1112
2026-10-09T02:20:37Z,1556,2026-10-08T16:22:23Z,598
2026-10-09T02:20:37Z,1557,2026-10-08T20:11:22Z,369
2026-10-09T02:20:37Z,1562,2026-10-06T00:17:21Z,4443
2026-10-09T02:20:37Z,1641,2026-10-08T20:35:42Z,344
2026-10-09T02:20:37Z,1644,2026-10-08T15:32:09Z,648
2026-10-09T02:20:37Z,1645,2026-07-29T06:29:40Z,103430
2026-10-09T02:20:37Z,1647,2026-10-09T00:32:00Z,108
2026-10-09T02:20:37Z,1649,2026-10-08T21:00:54Z,319
2026-10-09T02:20:37Z,1650,2026-10-07T17:14:46Z,1985
2026-10-09T02:20:37Z,1653,2026-10-08T02:37:47Z,1422
2026-10-09T02:20:37Z,1655,2026-10-08T16:32:51Z,587
2026-10-09T02:20:37Z,1656,2026-10-08T14:43:50Z,696
2026-10-09T02:20:37Z,1658,2026-10-05T11:40:26Z,5200
2026-10-09T02:20:37Z,1659,2026-10-08T20:57:56Z,322
2026-10-09T02:20:37Z,1662,2026-10-08T00:04:18Z,1576
2026-10-09T02:20:37Z,1663,2026-10-08T21:38:20Z,282
2026-10-09T02:20:37Z,1664,2026-10-08T08:51:25Z,1049
2026-10-09T02:20:37Z,1666,2026-10-07T14:12:19Z,2168
2026-10-09T02:20:37Z,1788,2026-10-09T02:15:05Z,5
2026-10-09T02:20:37Z,1789,2026-10-09T02:15:05Z,5
2026-10-09T02:20:37Z,1790,2026-10-09T02:15:05Z,5
2026-10-09T02:20:37Z,1791,2026-10-09T02:15:05Z,5
2026-10-09T02:20:37Z,1792,2026-10-09T02:15:05Z,5
2026-10-09T02:20:37Z,1793,2026-10-09T02:15:05Z,5
2026-10-09T02:20:37Z,1795,2026-10-09T02:15:05Z,5
2026-10-09T02:20:37Z,1796,2026-10-09T02:15:05Z,5
2026-10-09T02:20:37Z,1797,2026-10-09T02:15:05Z,5
2026-10-09T02:20:37Z,1798,2026-10-09T02:15:05Z,5
2026-10-09T02:20:37Z,1799,2026-10-09T02:15:05Z,5
2026-10-09T02:20:37Z,1800,2026-10-09T02:15:05Z,5
2026-10-09T02:20:37Z,1801,2026-10-09T02:15:05Z,5
2026-10-09T02:20:37Z,1802,2026-10-09T02:15:05Z,5
2026-10-09T02:20:37Z,1803,2026-10-09T02:15:05Z,5
2026-10-09T02:20:37Z,1804,2026-10-09T02:15:05Z,5
2026-10-09T02:20:37Z,1805,2026-10-09T02:15:05Z,5
2026-10-09T02:20:37Z,1806,2026-10-09T02:15:05Z,5
2026-10-09T02:20:37Z,1807,2026-10-09T02:15:05Z,5
2026-10-09T02:20:37Z,1808,2026-10-09T02:15:05Z,5
2026-10-09T02:20:37Z,1809,2026-10-09T02:15:05Z,5
2026-10-09T02:20:37Z,1810,2026-10-09T02:15:05Z,5
2026-10-09T02:20:37Z,1812,2026-10-09T02:15:05Z,5
2026-10-09T02:20:37Z,1813,2026-10-09T02:15:05Z,5
2026-10-09T02:20:37Z,1816,2026-10-09T02:15:05Z,5
2026-10-09T02:20:37Z,1817,2026-10-09T02:15:05Z,5
2026-10-09T02:20:37Z,1818,2026-10-09T02:15:05Z,5
2026-10-09T02:20:37Z,1819,2026-10-09T02:15:05Z,5
2026-10-09T02:20:37Z,1821,2026-10-09T02:15:05Z,5
2026-10-09T02:20:37Z,1822,2026-10-09T02:15:05Z,5
2026-10-09T02:20:37Z,1823,2026-10-09T02:15:05Z,5
2026-10-09T02:20:37Z,1824,2026-10-09T02:15:05Z,5
2026-10-09T02:20:37Z,1825,2026-10-09T02:15:05Z,5
2026-10-09T02:20:37Z,1826,2026-10-09T02:15:05Z,5
2026-10-09T02:20:37Z,1828,2026-10-09T02:15:05Z,5
2026-10-09T02:20:37Z,1829,2026-10-09T02:15:05Z,5
2026-10-09T02:20:37Z,1830,2026-10-09T02:15:05Z,5
2026-10-09T02:20:37Z,1832,2026-10-09T02:15:05Z,5
2026-10-09T02:20:37Z,1833,2026-10-09T02:15:05Z,5
2026-10-09T02:20:37Z,1834,2026-10-09T02:15:05Z,5
2026-10-09T02:20:37Z,1835,2026-10-09T02:15:05Z,5
2026-10-09T02:20:37Z,1836,2026-10-09T02:15:05Z,5
2026-10-09T02:20:37Z,1837,2026-10-09T02:15:05Z,5
2026-10-09T02:20:37Z,1838,2026-10-09T02:15:05Z,5
2026-10-09T02:20:37Z,1839,2026-10-09T02:15:05Z,5
2026-10-09T02:20:37Z,1840,2026-10-09T02:15:05Z,5
2026-10-09T02:20:37Z,1841,2026-10-09T02:15:05Z,5
2026-10-09T02:20:37Z,1842,2026-10-09T02:15:05Z,5
2026-10-09T02:20:37Z,1843,2026-10-09T02:15:05Z,5
2026-10-09T02:20:37Z,1844,2026-10-07T14:05:33Z,2175
2026-10-09T02:20:37Z,1845,2026-10-08T15:03:23Z,677
2026-10-09T02:20:37Z,1846,2026-10-09T00:53:01Z,87
2026-10-09T02:20:37Z,1847,2026-10-08T21:00:52Z,319
2026-10-09T02:20:37Z,1848,2026-10-09T00:21:40Z,118
2026-10-09T02:20:37Z,1851,2026-10-08T22:58:24Z,202
2026-10-09T02:20:37Z,1852,2026-10-07T07:21:05Z,2579
2026-10-09T02:20:37Z,1855,2026-10-08T05:47:59Z,1232
2026-10-09T02:20:37Z,1866,2026-09-22T16:10:30Z,23650
2026-10-09T02:20:37Z,1867,2026-09-29T14:42:26Z,13658
2026-10-09T02:20:37Z,1868,2026-10-08T08:07:59Z,1092
2026-10-09T02:20:37Z,1872,2026-01-06T13:23:56Z,396776
2026-10-09T02:20:37Z,1874,2026-10-08T05:59:20Z,1221
2026-10-09T02:20:37Z,1917,2026-10-07T07:01:09Z,2599
2026-10-09T02:20:37Z,1918,2026-10-09T00:01:43Z,138
2026-10-09T02:20:37Z,1919,2026-10-08T12:00:05Z,860
2026-10-09T02:20:37Z,1920,2026-10-08T15:30:07Z,650
2026-10-09T02:20:37Z,1921,2026-10-07T07:01:09Z,2599
2026-10-09T02:20:37Z,1922,2026-10-07T07:01:09Z,2599
2026-10-09T02:20:37Z,1923,2026-10-08T09:12:30Z,1028
2026-10-09T02:20:37Z,1924,2026-10-08T18:37:07Z,463
2026-10-09T02:20:37Z,1925,2026-10-08T15:06:50Z,673
2026-10-09T02:20:37Z,1926,2026-10-08T16:08:40Z,611
2026-10-09T02:20:37Z,1927,2026-10-08T17:36:22Z,524
2026-10-09T02:20:37Z,1928,2026-10-07T12:38:49Z,2261
2026-10-09T02:20:37Z,1929,2026-10-07T19:13:30Z,1867
2026-10-09T02:20:37Z,1931,2026-10-08T17:28:46Z,531
2026-10-09T02:20:37Z,1932,2026-10-09T00:01:43Z,138
2026-10-09T02:20:37Z,1933,2026-10-08T09:36:58Z,1003
2026-10-09T02:20:37Z,1937,2026-10-09T01:24:35Z,56
2026-10-09T02:20:37Z,1938,2026-10-08T16:43:26Z,577
2026-10-09T02:20:37Z,1939,2026-10-08T11:44:18Z,876
2026-10-09T02:20:37Z,1940,2026-10-09T00:35:41Z,104
2026-10-09T02:20:37Z,1941,2026-10-07T11:54:15Z,2306
2026-10-09T02:20:37Z,1942,2026-10-09T01:11:16Z,69
2026-10-09T02:20:37Z,1943,2026-10-07T07:01:09Z,2599
2026-10-09T02:20:37Z,1944,2026-10-08T06:56:44Z,1163
2026-10-09T02:20:37Z,2413,2026-10-08T19:11:32Z,429
2026-10-09T02:20:37Z,2414,2026-10-08T17:22:46Z,537
2026-10-09T02:20:37Z,2415,2026-10-08T19:18:31Z,422
2026-10-09T02:20:37Z,2416,2026-03-23T07:14:46Z,287705
2026-10-09T02:20:37Z,2417,2026-10-08T16:03:00Z,617
2026-10-09T02:20:37Z,2418,2026-10-08T03:22:19Z,1378
2026-10-09T02:20:37Z,2419,2026-03-23T08:11:39Z,287648
2026-10-09T02:20:37Z,2420,2026-10-08T18:02:41Z,497
2026-10-09T02:20:37Z,2421,2026-10-08T11:02:38Z,917
2026-10-09T02:20:37Z,2424,2026-10-08T16:06:37Z,614
2026-10-09T02:20:37Z,2425,2026-10-09T00:31:24Z,109
2026-10-09T02:20:37Z,2430,2026-10-08T22:48:31Z,212
2026-10-09T02:20:37Z,2435,2026-10-08T21:36:40Z,283
2026-10-09T02:20:37Z,2436,2026-10-09T01:00:58Z,79
2026-10-09T02:20:37Z,2437,2026-10-09T00:15:42Z,124
2026-10-09T02:20:37Z,2439,2026-10-07T13:09:36Z,2231
2026-10-09T02:20:37Z,2575,2026-10-08T23:34:39Z,165
2026-10-09T02:20:37Z,2576,2026-10-08T18:19:49Z,480
2026-10-09T02:20:37Z,2577,2026-10-08T13:18:25Z,782
2026-10-09T02:20:37Z,2580,2026-10-07T11:50:13Z,2310
2026-10-09T02:20:37Z,2581,2026-10-06T06:25:39Z,4074
2026-10-09T02:20:37Z,2584,2026-10-08T09:48:18Z,992
2026-10-09T02:20:37Z,2585,2026-10-08T10:35:28Z,945
2026-10-09T02:20:37Z,2586,2026-10-08T08:12:48Z,1087
2026-10-09T02:20:37Z,2587,2026-10-08T14:58:36Z,682
2026-10-09T02:20:37Z,2593,2026-10-09T00:59:06Z,81
2026-10-09T02:20:37Z,2594,2026-10-09T00:19:44Z,120
2026-10-09T02:20:37Z,2595,2026-10-08T22:59:26Z,201
2026-10-09T02:20:37Z,2596,2026-10-08T13:33:17Z,767
2026-10-09T02:20:37Z,2603,2026-10-09T00:03:00Z,137
2026-10-09T02:20:37Z,2604,2026-10-06T06:29:08Z,4071
2026-10-09T02:20:37Z,2605,2026-10-08T12:08:22Z,852
2026-10-09T02:20:37Z,2608,2026-10-08T23:43:48Z,156
2026-10-09T02:20:37Z,2609,2026-10-09T00:14:08Z,126
2026-10-09T02:20:37Z,2610,2026-10-08T22:45:10Z,215
2026-10-09T02:20:37Z,2611,2026-10-08T16:13:09Z,607
2026-10-09T02:20:37Z,2613,2026-10-08T13:30:34Z,770
2026-10-09T02:20:37Z,2615,2026-10-08T16:55:06Z,565
2026-10-09T02:20:37Z,2616,2026-10-06T13:01:44Z,3678
2026-10-09T02:20:37Z,2617,2026-10-08T13:40:23Z,760
2026-10-09T02:20:37Z,2618,2026-10-08T18:50:28Z,450
2026-10-09T02:20:37Z,2621,2026-10-07T13:31:28Z,2209
2026-10-09T02:20:37Z,2622,2026-10-08T21:01:26Z,319
2026-10-09T02:20:37Z,2623,2026-10-03T07:42:35Z,8318
2026-10-09T02:20:37Z,2624,2026-10-08T16:21:12Z,599
2026-10-09T02:20:37Z,2625,2026-10-08T22:58:54Z,201
2026-10-09T02:20:37Z,2626,2026-10-08T17:49:35Z,511
2026-10-09T02:20:37Z,2627,2026-10-09T00:59:21Z,81
2026-10-09T02:20:37Z,2628,2026-10-08T23:07:06Z,193
2026-10-09T02:20:37Z,2629,2026-10-08T20:02:33Z,378
2026-10-09T02:20:37Z,2630,2026-10-08T16:03:03Z,617
2026-10-09T02:20:37Z,2631,2026-10-01T13:09:09Z,10871
2026-10-09T02:20:37Z,2632,2026-10-08T12:25:56Z,834
2026-10-09T02:20:37Z,2633,2026-10-08T06:02:50Z,1217
2026-10-09T02:20:37Z,2634,2026-10-08T21:24:46Z,295
2026-10-09T02:20:37Z,2635,2026-10-09T02:06:50Z,13
2026-10-09T02:20:37Z,2636,2026-10-07T08:23:26Z,2517
2026-10-09T02:20:37Z,2644,2026-01-06T13:23:56Z,396776
2026-10-09T02:20:37Z,2646,2026-01-06T13:23:56Z,396776
2026-10-09T02:20:37Z,2648,2026-10-08T19:13:28Z,427
2026-10-09T02:20:37Z,2649,2026-10-09T02:13:40Z,6
2026-10-09T02:20:37Z,2650,2026-10-08T06:07:38Z,1212
2026-10-09T02:20:37Z,2651,2026-10-06T11:51:24Z,3749
2026-10-09T02:20:37Z,2652,2026-10-08T14:23:21Z,717
2026-10-09T02:20:37Z,2653,2026-10-08T09:15:41Z,1024
2026-10-09T02:20:37Z,2654,2026-10-08T14:24:58Z,715
2026-10-09T02:20:37Z,2655,2026-10-08T12:39:49Z,820
2026-10-09T02:20:37Z,2656,2026-10-08T09:56:28Z,984
2026-10-09T02:20:37Z,2657,2026-10-07T06:12:18Z,2648
2026-10-09T02:20:37Z,2658,2026-10-08T17:33:04Z,527
2026-10-09T02:20:37Z,2659,2026-10-07T07:47:07Z,2553
2026-10-09T02:20:37Z,2661,2026-10-08T12:44:55Z,815
2026-10-09T02:20:37Z,2665,2026-10-08T21:17:55Z,302
2026-10-09T02:20:37Z,2666,2026-10-09T02:15:05Z,5
2026-10-09T02:20:37Z,2667,2026-10-09T02:15:05Z,5
2026-10-09T02:20:37Z,2668,2026-10-09T02:15:05Z,5
2026-10-09T02:20:37Z,2669,2026-10-05T13:28:09Z,5092
2026-10-09T02:20:37Z,2670,2026-10-09T02:14:43Z,5
2026-10-09T02:20:37Z,2671,2026-10-09T02:07:04Z,13
2026-10-09T02:20:37Z,2672,2026-10-08T10:21:04Z,959
2026-10-09T02:20:37Z,2673,2026-10-07T16:10:04Z,2050
2026-10-09T02:20:37Z,2674,2026-10-08T06:00:46Z,1219
2026-10-09T02:20:37Z,2675,2026-10-08T08:50:37Z,1050
2026-10-09T02:20:37Z,2676,2026-10-08T18:52:55Z,447
2026-10-09T02:20:37Z,2677,2026-10-09T02:15:05Z,5
2026-10-09T02:20:37Z,2682,2026-10-08T13:18:17Z,782
2026-10-09T02:20:37Z,2683,2026-10-09T02:09:11Z,11
2026-10-09T02:20:37Z,2684,2026-10-08T17:32:26Z,528
2026-10-09T02:20:37Z,2686,2026-10-08T11:45:20Z,875
2026-10-09T02:20:37Z,2687,2026-10-08T22:40:08Z,220
2026-10-09T02:20:37Z,2688,2026-10-05T15:38:41Z,4961
2026-10-09T02:20:37Z,2689,2026-10-08T15:50:34Z,630
2026-10-09T02:20:37Z,2690,2026-10-08T07:35:25Z,1125
2026-10-09T02:20:37Z,2691,2026-10-08T15:59:13Z,621
2026-10-09T02:20:37Z,2692,2026-10-08T05:01:41Z,1278
2026-10-09T02:20:37Z,2693,2026-10-08T14:09:50Z,730
2026-10-09T02:20:37Z,2694,2026-10-08T19:44:07Z,396
2026-10-09T02:20:37Z,2696,2026-10-08T12:24:17Z,836
2026-10-09T02:20:37Z,2697,2026-10-08T16:04:55Z,615
2026-10-09T02:20:37Z,2698,2026-10-07T07:01:09Z,2599
2026-10-09T02:20:37Z,2699,2026-10-09T01:36:43Z,43
2026-10-09T02:20:37Z,2700,2026-10-07T00:04:18Z,3016
2026-10-09T02:20:37Z,2701,2026-10-08T16:19:21Z,601
2026-10-09T02:20:37Z,2702,2026-10-08T23:39:36Z,161
2026-10-09T02:20:37Z,2703,2026-10-07T07:01:09Z,2599
2026-10-09T02:20:37Z,2704,2026-10-07T20:43:53Z,1776
2026-10-09T02:20:37Z,2705,2026-10-08T17:13:27Z,547
2026-10-09T02:20:37Z,2706,2026-10-08T12:47:09Z,813
2026-10-09T02:20:37Z,2707,2026-10-08T09:01:19Z,1039
2026-10-09T02:20:37Z,2708,2026-10-08T20:31:29Z,349
2026-10-09T02:20:37Z,2709,2026-10-08T12:27:02Z,833
2026-10-09T02:20:37Z,2710,2026-07-29T06:29:49Z,103430
2026-10-09T02:20:37Z,2716,2026-10-09T00:04:56Z,135
2026-10-09T02:20:37Z,2717,2026-10-08T17:42:46Z,517
2026-10-09T02:20:37Z,2718,2026-10-08T21:49:46Z,270
2026-10-09T02:20:37Z,2719,2026-10-08T18:51:18Z,449
2026-10-09T02:20:37Z,2722,2026-10-07T08:41:59Z,2498
2026-10-09T02:20:37Z,2724,2026-10-08T06:53:41Z,1166
2026-10-09T02:20:37Z,2726,2026-10-08T22:57:49Z,202
2026-10-09T02:20:37Z,2727,2026-10-08T11:26:47Z,893
2026-10-09T02:20:37Z,2728,2026-10-08T09:42:40Z,997
2026-10-09T02:20:37Z,2729,2026-10-08T18:31:02Z,469
2026-10-09T02:20:37Z,2734,2026-07-29T06:33:24Z,103427
2026-10-09T02:20:37Z,2736,2026-10-07T15:38:04Z,2082
2026-10-09T02:20:37Z,2738,2026-10-07T09:50:35Z,2430
2026-10-09T02:20:37Z,2739,2026-10-08T23:22:43Z,177
2026-10-09T02:20:37Z,2740,2026-10-08T19:21:07Z,419
2026-10-09T02:20:37Z,2743,2026-10-08T14:31:27Z,709
2026-10-09T02:20:37Z,2746,2026-10-06T06:10:02Z,4090
2026-10-09T02:20:37Z,2748,2026-10-08T08:16:20Z,1084
2026-10-09T02:20:37Z,2757,2026-10-08T15:51:22Z,629
2026-10-09T02:20:37Z,2758,2026-10-08T22:41:08Z,219
2026-10-09T02:20:37Z,2759,2026-10-08T18:03:21Z,497
2026-10-09T02:20:37Z,2760,2026-10-09T00:01:55Z,138
2026-10-09T02:20:37Z,2761,2026-10-08T20:30:33Z,350
2026-10-09T02:20:37Z,2763,2026-10-08T17:31:52Z,528
2026-10-09T02:20:37Z,2764,2026-10-08T19:51:47Z,388
2026-10-09T02:20:37Z,2765,2026-10-08T18:16:06Z,484
2026-10-09T02:20:37Z,2766,2026-10-08T17:33:35Z,527
2026-10-09T02:20:37Z,2767,2026-10-07T07:01:09Z,2599
2026-10-09T02:20:37Z,2768,2026-10-08T20:54:57Z,325
2026-10-09T02:20:37Z,2769,2026-10-08T13:37:57Z,762
2026-10-09T02:20:37Z,2770,2026-10-08T19:55:44Z,384
2026-10-09T02:20:37Z,2771,2026-10-09T02:15:05Z,5
2026-10-09T02:20:37Z,2772,2026-10-09T02:15:05Z,5
2026-10-09T02:20:37Z,2773,2026-10-08T21:01:29Z,319
2026-10-09T02:20:37Z,2774,2026-10-08T21:00:49Z,319
2026-10-09T02:20:37Z,2778,2026-10-08T21:01:14Z,319
2026-10-09T02:20:37Z,2779,2026-10-08T21:02:57Z,317
2026-10-09T02:20:37Z,2780,2026-10-08T21:00:51Z,319
2026-10-09T02:20:37Z,2782,2026-10-08T21:01:29Z,319
2026-10-09T02:20:37Z,2788,2026-10-08T21:01:07Z,319
2026-10-09T02:20:37Z,2789,2026-10-08T21:00:48Z,319
2026-10-09T02:20:37Z,2791,2026-10-08T21:01:29Z,319
2026-10-09T02:20:37Z,2792,2026-10-09T01:22:31Z,58
2026-10-09T02:20:37Z,2794,2026-10-08T21:01:15Z,319
2026-10-09T02:20:37Z,2795,2026-10-08T21:01:13Z,319
2026-10-09T02:20:37Z,2796,2026-10-08T21:01:12Z,319
2026-10-09T02:20:37Z,2797,2026-10-08T21:00:50Z,319
2026-10-09T02:20:37Z,2798,2026-10-08T21:00:43Z,319
2026-10-09T02:20:37Z,2799,2026-10-08T21:00:44Z,319
2026-10-09T02:20:37Z,2800,2026-10-08T21:01:18Z,319
2026-10-09T02:20:37Z,2802,2026-09-01T06:51:28Z,54449
2026-10-09T02:20:37Z,2803,2026-10-08T22:01:17Z,259
2026-10-09T02:20:37Z,2804,2026-10-08T21:01:03Z,319
2026-10-09T02:20:37Z,2805,2026-10-08T09:13:13Z,1027
2026-10-09T02:20:37Z,2806,2026-10-08T21:00:52Z,319
2026-10-09T02:20:37Z,2807,2026-10-08T21:00:46Z,319
2026-10-09T02:20:37Z,2808,2026-10-09T00:23:07Z,117
2026-10-09T02:20:37Z,2809,2026-10-09T00:23:07Z,117
2026-10-09T02:20:37Z,2810,2026-10-09T00:28:43Z,111
2026-10-09T02:20:37Z,2811,2026-10-08T21:00:59Z,319
2026-10-09T02:20:37Z,2812,2026-10-08T21:00:51Z,319
2026-10-09T02:20:37Z,2813,2026-10-08T21:00:55Z,319
2026-10-09T02:20:37Z,2814,2026-10-08T21:00:42Z,319
2026-10-09T02:20:37Z,2815,2026-10-08T22:35:47Z,224
2026-10-09T02:20:37Z,2816,2026-10-08T22:41:14Z,219
2026-10-09T02:20:37Z,2817,2026-10-08T21:00:54Z,319
2026-10-09T02:20:37Z,2818,2026-10-08T21:01:11Z,319
2026-10-09T02:20:37Z,2819,2026-10-08T21:00:53Z,319
2026-10-09T02:20:37Z,2820,2026-10-08T18:28:10Z,472
2026-10-09T02:20:37Z,2821,2026-10-09T01:28:24Z,52
2026-10-09T02:20:37Z,2822,2026-10-09T00:27:50Z,112
2026-10-09T02:20:37Z,2824,2026-10-08T21:01:48Z,318
2026-10-09T02:20:37Z,2825,2026-02-23T12:04:04Z,327736
2026-10-09T02:20:37Z,2826,2026-10-08T21:01:25Z,319
2026-10-09T02:20:37Z,2827,2026-10-08T16:06:48Z,613
2026-10-09T02:20:37Z,2828,2026-10-08T21:02:26Z,318
2026-10-09T02:20:37Z,2829,2026-10-08T21:01:09Z,319
2026-10-09T02:20:37Z,2830,2026-10-08T21:00:47Z,319
2026-10-09T02:20:37Z,2831,2026-10-08T21:01:12Z,319
2026-10-09T02:20:37Z,2832,2026-10-08T21:00:51Z,319
2026-10-09T02:20:37Z,2833,2026-05-14T09:37:50Z,212682
2026-10-09T02:20:37Z,2834,2026-10-08T21:00:50Z,319
2026-10-09T02:20:37Z,2835,2026-10-08T21:01:23Z,319
2026-10-09T02:20:37Z,2836,2026-10-08T21:00:52Z,319
2026-10-09T02:20:37Z,2837,2026-10-08T21:01:10Z,319
2026-10-09T02:20:37Z,2838,2026-10-08T21:01:10Z,319
2026-10-09T02:20:37Z,2839,2026-10-08T21:00:57Z,319
2026-10-09T02:20:37Z,2840,2026-10-08T19:10:07Z,430
2026-10-09T02:20:37Z,2841,2026-10-09T00:50:57Z,89
2026-10-09T02:20:37Z,2843,2026-10-08T20:38:01Z,342
2026-10-09T02:20:37Z,2844,2026-10-08T21:12:34Z,308
2026-10-09T02:20:37Z,2845,2026-10-08T17:08:58Z,551
2026-10-09T02:20:37Z,2846,2026-10-04T16:35:41Z,6344
2026-10-09T02:20:37Z,2847,2026-10-09T02:10:01Z,10
2026-10-09T02:20:37Z,2848,2026-10-08T16:04:42Z,615
2026-10-09T02:20:37Z,2849,2026-10-08T13:39:27Z,761
2026-10-09T02:20:37Z,2850,2026-10-08T19:46:47Z,393
2026-10-09T02:20:37Z,2851,2026-10-09T00:30:45Z,109
2026-10-09T02:20:37Z,2852,2026-10-05T01:21:38Z,5818
2026-10-09T02:20:37Z,2853,2026-10-08T13:21:25Z,779
2026-10-09T02:20:37Z,2855,2026-10-08T11:47:23Z,873
2026-10-09T02:20:37Z,2856,2026-10-08T15:38:38Z,641
2026-10-09T02:20:37Z,2857,2026-10-08T17:13:28Z,547
2026-10-09T02:20:37Z,2858,2026-10-05T09:48:16Z,5312
2026-10-09T02:20:37Z,2859,2026-10-08T14:09:26Z,731
2026-10-09T02:20:37Z,2860,2026-10-08T09:36:50Z,1003
2026-10-09T02:20:37Z,2861,2026-10-08T10:37:48Z,942
2026-10-09T02:20:37Z,2862,2026-10-08T05:33:43Z,1246
2026-10-09T02:20:37Z,2863,2026-10-08T10:20:42Z,959
2026-10-09T02:20:37Z,2864,2026-10-07T15:04:29Z,2116
2026-10-09T02:20:37Z,2865,2026-10-08T13:53:46Z,746
2026-10-09T02:20:37Z,2866,2026-10-07T08:34:19Z,2506
2026-10-09T02:20:37Z,2867,2026-10-08T20:28:20Z,352
2026-10-09T02:20:37Z,2868,2026-10-08T15:33:10Z,647
2026-10-09T02:20:37Z,2869,2026-10-08T11:51:18Z,869
2026-10-09T02:20:37Z,2870,2026-10-08T12:28:44Z,831
2026-10-09T02:20:37Z,2871,2026-10-08T19:06:05Z,434
2026-10-09T02:20:37Z,2872,2026-10-08T15:01:03Z,679
2026-10-09T02:20:37Z,2873,2026-10-08T09:34:41Z,1005
2026-10-09T02:20:37Z,2874,2026-10-08T13:08:30Z,792
2026-10-09T02:20:37Z,2875,2026-10-08T08:28:56Z,1071
2026-10-09T02:20:37Z,2876,2026-10-08T19:07:15Z,433
2026-10-09T02:20:37Z,2877,2026-10-08T17:51:47Z,508
2026-10-09T02:20:37Z,2878,2026-10-08T00:02:10Z,1578
2026-10-09T02:20:37Z,2879,2026-10-08T19:33:40Z,406
2026-10-09T02:20:37Z,2880,2026-10-09T00:01:42Z,138
2026-10-09T02:20:37Z,2881,2026-10-08T01:17:40Z,1502
2026-10-09T02:20:37Z,2882,2026-10-09T00:02:11Z,138
2026-10-09T02:20:37Z,2883,2026-10-09T00:01:29Z,139
2026-10-09T02:20:37Z,2884,2026-10-09T00:01:48Z,138
2026-10-09T02:20:37Z,2885,2026-10-08T19:31:06Z,409
2026-10-09T02:20:37Z,2886,2026-10-07T07:01:09Z,2599
2026-10-09T02:20:37Z,2887,2026-10-07T11:32:47Z,2327
2026-10-09T02:20:37Z,2889,2026-10-09T00:01:21Z,139
2026-10-09T02:20:37Z,2890,2026-10-08T15:39:56Z,640
2026-10-09T02:20:37Z,2891,2026-10-08T11:57:22Z,863
2026-10-09T02:20:37Z,2892,2026-10-08T12:23:52Z,836
2026-10-09T02:20:37Z,2893,2026-10-08T12:53:06Z,807
2026-10-09T02:20:37Z,2894,2026-10-08T14:27:10Z,713
2026-10-09T02:20:37Z,2895,2026-10-08T16:18:12Z,602
2026-10-09T02:20:37Z,2896,2026-10-08T19:43:16Z,397
2026-10-09T02:20:37Z,2897,2026-10-09T00:03:55Z,136
2026-10-09T02:20:37Z,2898,2026-10-08T07:05:33Z,1155
2026-10-09T02:20:37Z,2899,2026-10-08T15:30:57Z,649
2026-10-09T02:20:37Z,2900,2026-10-06T04:31:31Z,4189
2026-10-09T02:20:37Z,2901,2026-10-08T20:34:56Z,345
2026-10-09T02:20:37Z,2902,2026-10-08T17:10:04Z,550
2026-10-09T02:20:37Z,2903,2026-10-08T19:40:16Z,400
2026-10-09T02:20:37Z,2904,2026-10-08T15:10:16Z,670
2026-10-09T02:20:37Z,2906,2026-10-09T00:01:34Z,139
2026-10-09T02:20:37Z,2907,2026-10-08T18:16:02Z,484
2026-10-09T02:20:37Z,2908,2026-10-07T15:08:03Z,2112
2026-10-09T02:20:37Z,2909,2026-10-08T14:18:28Z,722
2026-10-09T02:20:37Z,2911,2026-10-08T14:07:00Z,733
2026-10-09T02:20:37Z,2912,2026-10-08T15:35:57Z,644
2026-10-09T02:20:37Z,2913,2026-10-08T17:01:26Z,559
2026-10-09T02:20:37Z,2914,2026-10-08T16:01:00Z,619
2026-10-09T02:20:37Z,2915,2026-10-08T13:54:22Z,746
2026-10-09T02:20:37Z,2916,2026-10-08T09:23:06Z,1017
2026-10-09T02:20:37Z,2917,2026-10-08T15:02:06Z,678
2026-10-09T02:20:37Z,2918,2026-10-08T14:37:10Z,703
2026-10-09T02:20:37Z,2919,2026-10-09T01:51:29Z,29
2026-10-09T02:20:37Z,2920,2026-10-09T00:02:13Z,138
2026-10-09T02:20:37Z,2921,2026-10-08T16:21:38Z,598
2026-10-09T02:20:37Z,2922,2026-10-07T07:09:19Z,2591
2026-10-09T02:20:37Z,2923,2026-10-05T08:48:50Z,5371
2026-10-09T02:20:37Z,2924,2026-10-07T12:05:22Z,2295
2026-10-09T02:20:37Z,2925,2026-10-05T11:02:46Z,5237
2026-10-09T02:20:37Z,2926,2026-10-08T13:27:39Z,772
2026-10-09T02:20:37Z,2927,2026-10-08T20:21:55Z,358
2026-10-09T02:20:37Z,2928,2026-10-08T06:48:58Z,1171
2026-10-09T02:20:37Z,2929,2026-10-08T16:58:44Z,561
2026-10-09T02:20:37Z,2930,2026-10-08T13:17:04Z,783
2026-10-09T02:20:37Z,2931,2026-10-08T14:47:43Z,692
2026-10-09T02:20:37Z,2932,2026-10-08T17:42:13Z,518
2026-10-09T02:20:37Z,2933,2026-10-08T20:34:59Z,345
2026-10-09T02:20:37Z,2934,2026-10-08T07:48:10Z,1112
2026-10-09T02:20:37Z,2935,2026-10-08T16:04:55Z,615
2026-10-09T02:20:37Z,2936,2026-10-08T10:56:26Z,924
2026-10-09T02:20:37Z,2937,2026-10-08T20:57:20Z,323
2026-10-09T02:20:37Z,2938,2026-10-08T08:47:58Z,1052
2026-10-09T02:20:37Z,2939,2026-10-09T00:02:13Z,138
2026-10-09T02:20:37Z,2940,2026-10-08T15:18:44Z,661
2026-10-09T02:20:37Z,2941,2026-10-08T14:03:26Z,737
2026-10-09T02:20:37Z,2942,2026-10-08T15:51:41Z,628
2026-10-09T02:20:37Z,2943,2026-10-08T14:59:04Z,681
2026-10-09T02:20:37Z,2944,2026-10-08T13:56:08Z,744
2026-10-09T02:20:37Z,2945,2026-10-07T15:12:14Z,2108
2026-10-09T02:20:37Z,2981,2026-10-08T15:48:03Z,632
2026-10-09T02:20:37Z,2982,2026-10-03T11:15:04Z,8105
2026-10-09T02:20:37Z,2983,2026-10-08T17:39:57Z,520
2026-10-09T02:20:37Z,2984,2026-10-08T10:33:21Z,947
2026-10-09T02:20:37Z,2985,2026-10-08T13:42:32Z,758
2026-10-09T02:20:37Z,2986,2026-10-08T16:23:45Z,596
2026-10-09T02:20:37Z,2987,2026-10-08T20:55:30Z,325
2026-10-09T02:20:37Z,2988,2026-10-09T02:08:30Z,12
2026-10-09T02:20:37Z,2989,2026-10-08T18:42:35Z,458
2026-10-09T02:20:37Z,2990,2026-10-08T15:29:10Z,651
2026-10-09T02:20:37Z,2991,2026-10-08T15:42:07Z,638
2026-10-09T02:20:37Z,2992,2026-10-08T09:32:10Z,1008
2026-10-09T02:20:37Z,2993,2026-10-08T11:45:17Z,875
2026-10-09T02:20:37Z,2994,2026-10-08T15:35:36Z,645
2026-10-09T02:20:37Z,2995,2026-10-07T14:59:31Z,2121
2026-10-09T02:20:37Z,2996,2026-10-08T20:33:29Z,347
2026-10-09T02:20:37Z,2997,2026-10-08T20:33:29Z,347
2026-10-09T02:20:37Z,2999,2026-10-08T14:02:45Z,737
2026-10-09T02:20:37Z,3000,2026-10-08T23:00:59Z,199
2026-10-09T02:20:37Z,3001,2026-10-08T18:26:30Z,474
2026-10-09T02:20:37Z,3002,2026-10-08T15:27:58Z,652
2026-10-09T02:20:37Z,3003,2026-10-08T15:14:50Z,665
2026-10-09T02:20:37Z,3009,2026-10-09T02:15:05Z,5
2026-10-09T02:20:37Z,3011,2026-10-09T01:37:12Z,43
2026-10-09T02:20:37Z,3035,2026-10-08T20:34:42Z,345
2026-10-09T02:20:37Z,3037,2026-10-09T00:29:08Z,111
2026-10-09T02:20:37Z,3038,2026-10-09T01:54:48Z,25
2026-10-09T02:20:37Z,3042,2026-10-09T00:09:10Z,131
2026-10-09T02:20:37Z,3043,2026-10-08T13:23:46Z,776
2026-10-09T02:20:37Z,3044,2026-10-08T20:30:32Z,350
2026-10-09T02:20:37Z,3045,2026-10-09T00:34:31Z,106
2026-10-09T02:20:37Z,3046,2026-10-08T20:38:03Z,342
2026-10-09T02:20:37Z,3049,2026-10-08T21:40:09Z,280
2026-10-09T02:20:37Z,3050,2026-10-08T17:30:16Z,530
2026-10-09T02:20:37Z,3052,2026-10-09T00:45:06Z,95
2026-10-09T02:20:37Z,3053,2026-10-08T18:46:24Z,454
2026-10-09T02:20:37Z,3054,2026-10-09T01:02:28Z,78
2026-10-09T02:20:37Z,3055,2026-10-08T13:34:36Z,766
2026-10-09T02:20:37Z,3056,2026-10-08T13:31:30Z,769
2026-10-09T02:20:37Z,3057,2026-10-08T13:31:49Z,768
2026-10-09T02:20:37Z,3058,2026-10-08T20:37:16Z,343
2026-10-09T02:20:37Z,3059,2026-10-09T01:47:37Z,33
2026-10-09T02:20:37Z,3060,2026-10-08T16:14:10Z,606
2026-10-09T02:20:37Z,3061,2026-10-09T02:15:05Z,5
2026-10-09T02:20:37Z,3062,2026-10-09T02:13:45Z,6
2026-10-09T02:20:37Z,3063,2026-10-08T00:01:57Z,1578
2026-10-09T02:20:37Z,3064,2026-10-08T05:30:58Z,1249
2026-10-09T02:20:37Z,3065,2026-10-08T18:22:42Z,477
2026-10-09T02:20:37Z,3066,2026-10-08T16:47:58Z,572
2026-10-09T02:20:37Z,3067,2026-10-08T12:04:15Z,856
2026-10-09T02:20:37Z,3068,2026-10-07T14:32:39Z,2147
2026-10-09T02:20:37Z,3069,2026-10-07T07:01:09Z,2599
2026-10-09T02:20:37Z,3070,2026-10-08T13:06:50Z,793
2026-10-09T02:20:37Z,3071,2026-10-08T17:03:48Z,556
2026-10-09T02:20:37Z,3072,2026-10-08T15:59:10Z,621
2026-10-09T02:20:37Z,3073,2026-10-09T01:07:30Z,73
2026-10-09T02:20:37Z,3074,2026-10-08T13:29:12Z,771
2026-10-09T02:20:37Z,3075,2026-10-08T13:29:03Z,771
2026-10-09T02:20:37Z,3076,2026-10-08T14:43:48Z,696
2026-10-09T02:20:37Z,3077,2026-10-08T11:32:04Z,888
2026-10-09T02:20:37Z,3078,2026-10-07T10:48:47Z,2371
2026-10-09T02:20:37Z,3079,2026-10-07T12:27:19Z,2273
2026-10-09T02:20:37Z,3080,2026-10-09T00:02:02Z,138
2026-10-09T02:20:37Z,3081,2026-10-08T10:45:39Z,934
2026-10-09T02:20:37Z,3082,2026-10-08T14:28:46Z,711
2026-10-09T02:20:37Z,3083,2026-10-09T02:07:42Z,12
2026-10-09T02:20:37Z,3084,2026-10-08T16:51:56Z,568
2026-10-09T02:20:37Z,3085,2026-10-07T16:35:10Z,2025
2026-10-09T02:20:37Z,3086,2026-10-08T16:55:58Z,564
2026-10-09T02:20:37Z,3087,2026-10-05T12:02:18Z,5178
2026-10-09T02:20:37Z,3088,2026-10-08T17:03:03Z,557
2026-10-09T02:20:37Z,3089,2026-10-08T15:40:12Z,640
2026-10-09T02:20:37Z,3091,2026-10-08T16:44:59Z,575
2026-10-09T02:20:37Z,3092,2026-10-08T17:34:41Z,525
2026-10-09T02:20:37Z,3093,2026-10-08T18:31:15Z,469
2026-10-09T02:20:37Z,3094,2026-10-08T22:55:35Z,205
2026-10-09T02:20:37Z,3095,2026-10-06T06:06:51Z,4093
2026-10-09T02:20:37Z,3096,2026-10-08T12:56:11Z,804
2026-10-09T02:20:37Z,3101,2026-10-08T09:44:43Z,995
2026-10-09T02:20:37Z,3102,2026-10-08T16:58:14Z,562
2026-10-09T02:20:37Z,3103,2026-10-09T01:36:58Z,43
2026-10-09T02:20:37Z,3105,2026-10-09T01:36:58Z,43
2026-10-09T02:20:37Z,3107,2026-10-09T01:59:12Z,21
2026-10-09T02:20:37Z,3108,2026-10-08T21:00:58Z,319
2026-10-09T02:20:37Z,3109,2026-10-09T01:45:13Z,35
2026-10-09T02:20:37Z,3110,2026-10-08T19:46:34Z,394
2026-10-09T02:20:37Z,3111,2026-10-08T18:13:43Z,486
2026-10-09T02:20:37Z,3112,2026-10-08T18:05:00Z,495
2026-10-09T02:20:37Z,3113,2026-10-08T18:53:19Z,447
2026-10-09T02:20:37Z,3116,2026-10-09T00:18:07Z,122
2026-10-09T02:20:37Z,3117,2026-10-08T13:30:35Z,770
2026-10-09T02:20:37Z,3118,2026-10-08T08:32:08Z,1068
2026-10-09T02:20:37Z,3131,2026-10-09T00:01:07Z,139
2026-10-09T02:20:37Z,3132,2026-10-09T02:15:04Z,5
2026-10-09T02:20:37Z,3133,2026-10-09T02:15:04Z,5
2026-10-09T02:20:37Z,3134,2026-10-09T02:15:04Z,5
2026-10-09T02:20:37Z,3135,2026-10-09T02:15:04Z,5
2026-10-09T02:20:37Z,3136,2026-10-09T02:15:04Z,5
2026-10-09T02:20:37Z,3137,2026-10-09T02:15:04Z,5
2026-10-09T02:20:37Z,3138,2026-10-09T02:15:04Z,5
2026-10-09T02:20:37Z,3139,2026-10-08T17:33:29Z,527
2026-10-09T02:20:37Z,3140,2026-10-08T13:09:00Z,791
2026-10-09T02:20:37Z,3141,2026-10-08T10:46:50Z,933
2026-10-09T02:20:37Z,3142,2026-10-08T23:00:50Z,199
2026-10-09T02:20:37Z,3143,2026-10-08T16:24:54Z,595
2026-10-09T02:20:37Z,3144,2026-10-08T20:44:55Z,335
2026-10-09T02:20:37Z,3149,2026-10-09T02:15:04Z,5
2026-10-09T02:20:37Z,3150,2026-10-09T02:15:04Z,5
2026-10-09T02:20:37Z,3151,2026-10-09T02:15:04Z,5
2026-10-09T02:20:37Z,3152,2026-10-09T02:15:04Z,5
2026-10-09T02:20:37Z,3153,2026-10-08T15:29:31Z,651
2026-10-09T02:20:37Z,3154,2026-10-09T02:10:26Z,10
2026-10-09T02:20:37Z,3155,2026-10-09T02:15:04Z,5
2026-10-09T02:20:37Z,3156,2026-10-09T02:15:04Z,5
2026-10-09T02:20:37Z,3157,2026-10-09T02:15:04Z,5
2026-10-09T02:20:37Z,3158,2026-10-09T02:15:04Z,5
2026-10-09T02:20:37Z,3159,2026-10-09T02:15:04Z,5
2026-10-09T02:20:37Z,3160,2026-10-08T13:15:16Z,785
2026-10-09T02:20:37Z,3161,2026-10-09T02:15:04Z,5
2026-10-09T02:20:37Z,3162,2026-10-09T02:15:04Z,5
2026-10-09T02:20:37Z,3163,2026-10-09T02:15:04Z,5
2026-10-09T02:20:37Z,3164,2026-10-09T02:15:04Z,5
2026-10-09T02:20:37Z,3166,2026-10-09T02:15:04Z,5
2026-10-09T02:20:37Z,3167,2026-10-09T02:15:04Z,5
2026-10-09T02:20:37Z,3168,2026-10-09T02:15:04Z,5
2026-10-09T02:20:37Z,3169,2026-10-09T02:15:04Z,5
2026-10-09T02:20:37Z,3170,2026-10-08T18:58:00Z,442
2026-10-09T02:20:37Z,3171,2026-10-09T02:15:04Z,5
2026-10-09T02:20:37Z,3173,2026-10-09T02:15:04Z,5
2026-10-09T02:20:37Z,3174,2026-10-09T02:15:04Z,5
2026-10-09T02:20:37Z,3176,2026-10-09T02:15:04Z,5
2026-10-09T02:20:37Z,3181,2026-10-09T02:15:04Z,5
2026-10-09T02:20:37Z,3182,2026-10-09T02:15:04Z,5
2026-10-09T02:20:37Z,3183,2026-10-08T19:08:20Z,432
2026-10-09T02:20:37Z,3184,2026-10-09T02:15:04Z,5
2026-10-09T02:20:37Z,3185,2026-10-09T02:15:04Z,5
2026-10-09T02:20:37Z,3186,2026-10-09T02:15:04Z,5
2026-10-09T02:20:37Z,3187,2026-10-09T02:15:04Z,5
2026-10-09T02:20:37Z,3189,2026-10-09T02:15:04Z,5
2026-10-09T02:20:37Z,3190,2026-10-09T02:15:04Z,5
2026-10-09T02:20:37Z,3193,2026-10-09T02:15:04Z,5
2026-10-09T02:20:37Z,3194,2026-10-09T02:15:04Z,5
2026-10-09T02:20:37Z,3195,2026-10-09T02:15:04Z,5
2026-10-09T02:20:37Z,3196,2026-10-09T02:15:04Z,5
2026-10-09T02:20:37Z,3201,2026-10-09T02:15:04Z,5
2026-10-09T02:20:37Z,3202,2026-10-08T17:01:20Z,559
2026-10-09T02:20:37Z,3203,2026-10-09T02:15:04Z,5
2026-10-09T02:20:37Z,3204,2026-10-09T02:15:04Z,5
2026-10-09T02:20:37Z,3205,2026-10-08T17:48:48Z,511
2026-10-09T02:20:37Z,3209,2026-10-09T02:15:04Z,5
2026-10-09T02:20:37Z,3210,2026-10-09T02:15:04Z,5
2026-10-09T02:20:37Z,3211,2026-10-09T01:10:03Z,70
2026-10-09T02:20:37Z,3213,2026-10-08T20:37:44Z,342
2026-10-09T02:20:37Z,3214,2026-10-08T19:33:38Z,406
2026-10-09T02:20:37Z,3216,2026-10-08T16:31:15Z,589
2026-10-09T02:20:37Z,3219,2026-10-08T21:01:10Z,319
2026-10-09T02:20:37Z,3220,2026-10-08T21:01:07Z,319
2026-10-09T02:20:37Z,3221,2026-10-08T21:00:51Z,319
2026-10-09T02:20:37Z,3222,2026-10-09T00:21:14Z,119
2026-10-09T02:20:37Z,3225,2026-10-08T19:16:18Z,424
2026-10-09T02:20:37Z,3226,2026-10-08T21:01:07Z,319
2026-10-09T02:20:37Z,3227,2026-10-08T20:43:19Z,337
2026-10-09T02:20:37Z,3228,2026-10-08T21:00:55Z,319
2026-10-09T02:20:37Z,3229,2026-10-08T21:01:27Z,319
2026-10-09T02:20:37Z,3230,2026-10-08T21:01:25Z,319
2026-10-09T02:20:37Z,3231,2026-10-08T21:00:42Z,319
2026-10-09T02:20:37Z,3233,2026-10-08T21:01:04Z,319
2026-10-09T02:20:37Z,3234,2026-10-08T21:01:24Z,319
2026-10-09T02:20:37Z,3240,2026-10-08T22:28:51Z,231
2026-10-09T02:20:37Z,3241,2026-10-08T18:09:25Z,491
2026-10-09T02:20:37Z,3242,2026-10-08T14:25:03Z,715
2026-10-09T02:20:37Z,3243,2026-10-08T13:51:51Z,748
2026-10-09T02:20:37Z,3244,2026-10-08T16:19:09Z,601
2026-10-09T02:20:37Z,3245,2026-10-08T11:55:35Z,865
2026-10-09T02:20:37Z,3246,2026-10-09T02:14:19Z,6
2026-10-09T02:20:37Z,3247,2026-10-09T00:01:54Z,138
2026-10-09T02:20:37Z,3248,2026-10-09T02:06:36Z,14
2026-10-09T02:20:37Z,3249,2026-10-08T11:32:54Z,887
2026-10-09T02:20:37Z,3250,2026-10-08T21:38:21Z,282
2026-10-09T02:20:37Z,3251,2026-10-09T00:01:38Z,138
2026-10-09T02:20:37Z,3252,2026-10-08T10:14:26Z,966
2026-10-09T02:20:37Z,3253,2026-10-08T17:13:32Z,547
2026-10-09T02:20:37Z,3254,2026-10-08T21:01:23Z,319
2026-10-09T02:20:37Z,3256,2026-10-08T19:26:06Z,414
2026-10-09T02:20:37Z,3258,2026-10-08T21:23:29Z,297
2026-10-09T02:20:37Z,3261,2026-10-08T21:00:49Z,319
2026-10-09T02:20:37Z,3276,2026-10-08T21:00:53Z,319
2026-10-09T02:20:37Z,3277,2026-10-08T21:01:09Z,319
2026-10-09T02:20:37Z,3278,2026-10-08T21:00:57Z,319
2026-10-09T02:20:37Z,3279,2026-10-08T21:00:57Z,319
2026-10-09T02:20:37Z,3280,2026-10-08T21:01:03Z,319
2026-10-09T02:20:37Z,3281,2026-10-08T21:01:08Z,319
2026-10-09T02:20:37Z,3283,2026-10-08T21:00:49Z,319
2026-10-09T02:20:37Z,3285,2026-10-08T21:00:38Z,319
2026-10-09T02:20:37Z,3287,2026-10-08T21:01:00Z,319
2026-10-09T02:20:37Z,3289,2026-10-08T21:01:05Z,319
2026-10-09T02:20:37Z,3294,2026-10-08T21:00:54Z,319
2026-10-09T02:20:37Z,3304,2026-10-09T00:34:09Z,106
2026-10-09T02:20:37Z,3305,2026-10-08T21:01:21Z,319
2026-10-09T02:20:37Z,3306,2026-10-08T21:00:50Z,319
2026-10-09T02:20:37Z,3308,2026-10-08T21:00:59Z,319
2026-10-09T02:20:37Z,3309,2026-10-08T21:00:48Z,319
2026-10-09T02:20:37Z,3318,2026-10-07T21:30:06Z,1730
2026-10-09T02:20:37Z,3319,2026-10-09T00:22:18Z,118
2026-10-09T02:20:37Z,3322,2026-09-29T10:14:53Z,13925
2026-10-09T02:20:37Z,3323,2026-10-03T08:24:49Z,8275
2026-10-09T02:20:37Z,3325,2026-10-08T21:01:19Z,319
2026-10-09T02:20:37Z,3328,2026-10-08T17:15:20Z,545
2026-10-09T02:20:37Z,3341,2026-10-09T01:53:03Z,27
2026-10-09T02:20:37Z,3380,2026-10-08T19:09:28Z,431
2026-10-09T02:20:37Z,3381,2026-10-08T19:09:26Z,431
2026-10-09T02:20:37Z,3382,2026-10-08T19:09:27Z,431
2026-10-09T02:20:37Z,3383,2026-10-08T19:09:25Z,431
2026-10-09T02:20:37Z,3384,2026-10-09T01:28:44Z,51
2026-10-09T02:20:37Z,3385,2026-10-08T19:09:26Z,431
2026-10-09T02:20:37Z,3386,2026-10-08T19:09:26Z,431
2026-10-09T02:20:37Z,3387,2026-10-08T19:09:18Z,431
2026-10-09T02:20:37Z,3389,2026-10-08T19:09:11Z,431
2026-10-09T02:20:37Z,3390,2026-10-08T19:09:12Z,431
2026-10-09T02:20:37Z,3391,2026-10-08T23:54:14Z,146
2026-10-09T02:20:37Z,3392,2026-10-08T21:49:35Z,271
2026-10-09T02:20:37Z,3393,2026-10-08T19:09:14Z,431
2026-10-09T02:20:37Z,3394,2026-10-08T19:09:14Z,431
2026-10-09T02:20:37Z,3395,2026-10-09T00:26:51Z,113
2026-10-09T02:20:37Z,3396,2026-10-08T19:09:15Z,431
2026-10-09T02:20:37Z,3397,2026-10-08T21:52:16Z,268
2026-10-09T02:20:37Z,3398,2026-10-08T23:50:22Z,150
2026-10-09T02:20:37Z,3399,2026-10-08T19:09:15Z,431
2026-10-09T02:20:37Z,3400,2026-10-08T19:09:16Z,431
2026-10-09T02:20:37Z,3401,2026-10-09T00:43:43Z,96
2026-10-09T02:20:37Z,3402,2026-10-08T19:09:17Z,431
2026-10-09T02:20:37Z,3404,2026-10-08T22:33:50Z,226
2026-10-09T02:20:37Z,3405,2026-10-08T19:09:56Z,430
2026-10-09T02:20:37Z,3406,2026-10-08T19:09:56Z,430
2026-10-09T02:20:37Z,3407,2026-10-08T19:09:45Z,430
2026-10-09T02:20:37Z,3408,2026-10-08T19:10:02Z,430
2026-10-09T02:20:37Z,3409,2026-10-08T19:09:13Z,431
2026-10-09T02:20:37Z,3410,2026-10-08T19:09:43Z,430
2026-10-09T02:20:37Z,3411,2026-10-08T23:20:28Z,180
2026-10-09T02:20:37Z,3412,2026-10-08T19:09:19Z,431
2026-10-09T02:20:37Z,3413,2026-10-08T19:09:19Z,431
2026-10-09T02:20:37Z,3414,2026-10-08T19:09:18Z,431
2026-10-09T02:20:37Z,3415,2026-10-08T19:09:18Z,431
2026-10-09T02:20:37Z,3416,2026-10-08T19:09:50Z,430
2026-10-09T02:20:37Z,3417,2026-10-09T00:26:54Z,113
2026-10-09T02:20:37Z,3418,2026-10-08T19:09:43Z,430
2026-10-09T02:20:37Z,3419,2026-10-08T19:09:21Z,431
2026-10-09T02:20:37Z,3420,2026-10-08T19:09:59Z,430
2026-10-09T02:20:37Z,3421,2026-10-09T00:18:02Z,122
2026-10-09T02:20:37Z,3423,2026-10-08T23:55:40Z,144
2026-10-09T02:20:37Z,3424,2026-10-08T19:09:19Z,431
2026-10-09T02:20:37Z,3425,2026-10-08T19:09:20Z,431
2026-10-09T02:20:37Z,3426,2026-10-08T22:10:42Z,249
2026-10-09T02:20:37Z,3427,2026-10-08T23:54:31Z,146
2026-10-09T02:20:37Z,3428,2026-10-09T01:23:23Z,57
2026-10-09T02:20:37Z,3429,2026-10-08T19:09:18Z,431
2026-10-09T02:20:37Z,3430,2026-10-08T19:09:20Z,431
2026-10-09T02:20:37Z,3431,2026-10-08T22:56:17Z,204
2026-10-09T02:20:37Z,3432,2026-10-08T19:09:21Z,431
2026-10-09T02:20:37Z,3433,2026-10-09T00:25:21Z,115
2026-10-09T02:20:37Z,3435,2026-10-08T19:09:22Z,431
2026-10-09T02:20:37Z,3436,2026-10-08T19:09:22Z,431
2026-10-09T02:20:37Z,3437,2026-10-08T19:09:44Z,430
2026-10-09T02:20:37Z,3438,2026-10-08T19:09:45Z,430
2026-10-09T02:20:37Z,3439,2026-10-08T23:55:44Z,144
2026-10-09T02:20:37Z,3440,2026-10-09T01:03:25Z,77
2026-10-09T02:20:37Z,3441,2026-10-08T19:20:25Z,420
2026-10-09T02:20:37Z,3442,2026-10-08T19:09:26Z,431
2026-10-09T02:20:37Z,3443,2026-10-08T19:13:38Z,426
2026-10-09T02:20:37Z,3444,2026-10-08T19:09:27Z,431
2026-10-09T02:20:37Z,3445,2026-10-08T19:09:27Z,431
2026-10-09T02:20:37Z,3446,2026-10-08T22:20:39Z,239
2026-10-09T02:20:37Z,3447,2026-10-08T19:09:38Z,430
2026-10-09T02:20:37Z,3448,2026-10-08T19:09:39Z,430
2026-10-09T02:20:37Z,3449,2026-10-08T19:09:39Z,430
2026-10-09T02:20:37Z,3450,2026-10-08T19:09:40Z,430
2026-10-09T02:20:37Z,3451,2026-10-08T22:06:07Z,254
2026-10-09T02:20:37Z,3452,2026-10-09T01:01:25Z,79
2026-10-09T02:20:37Z,3453,2026-10-08T23:54:35Z,146
2026-10-09T02:20:37Z,3454,2026-10-08T19:09:44Z,430
2026-10-09T02:20:37Z,3455,2026-10-08T19:09:51Z,430
2026-10-09T02:20:37Z,3456,2026-10-08T19:09:46Z,430
2026-10-09T02:20:37Z,3457,2026-10-08T19:09:46Z,430
2026-10-09T02:20:37Z,3458,2026-10-08T21:53:09Z,267
2026-10-09T02:20:37Z,3459,2026-10-08T19:09:47Z,430
2026-10-09T02:20:37Z,3460,2026-10-08T23:55:48Z,144
2026-10-09T02:20:37Z,3461,2026-10-09T01:04:54Z,75
2026-10-09T02:20:37Z,3462,2026-10-08T19:09:53Z,430
2026-10-09T02:20:37Z,3463,2026-10-08T19:09:55Z,430
2026-10-09T02:20:37Z,3464,2026-10-08T19:09:59Z,430
2026-10-09T02:20:37Z,3465,2026-10-08T19:10:00Z,430
2026-10-09T02:20:37Z,3466,2026-10-08T19:10:00Z,430
2026-10-09T02:20:37Z,3467,2026-10-08T22:11:10Z,249
2026-10-09T02:20:37Z,3468,2026-10-08T23:55:51Z,144
2026-10-09T02:20:37Z,3469,2026-10-09T02:08:34Z,12
2026-10-09T02:20:37Z,3470,2026-10-08T15:31:12Z,649
2026-10-09T02:20:37Z,3471,2026-08-31T10:04:31Z,55696
2026-10-09T02:20:37Z,3472,2026-10-08T21:01:04Z,319
2026-10-09T02:20:37Z,3473,2026-10-08T19:10:07Z,430
2026-10-09T02:20:37Z,3477,2026-10-08T17:25:11Z,535
2026-10-09T02:20:37Z,3478,2026-10-08T17:58:15Z,502
2026-10-09T02:20:37Z,3479,2026-10-08T15:07:48Z,672
2026-10-09T02:20:37Z,3488,2026-10-09T01:48:56Z,31
2026-10-09T02:20:37Z,3489,2026-10-08T23:12:14Z,188
2026-10-09T02:20:37Z,3490,2026-10-08T19:34:57Z,405
2026-10-09T02:20:37Z,3491,2026-10-08T23:28:01Z,172
2026-10-09T02:20:37Z,3594,2026-10-08T13:20:46Z,779
2026-10-09T02:20:37Z,3595,2026-10-08T13:29:50Z,770
2026-10-09T02:20:37Z,3596,2026-10-08T19:29:11Z,411
2026-10-09T02:20:37Z,3597,2026-10-08T23:44:49Z,155
2026-10-09T02:20:37Z,3598,2026-10-09T00:58:06Z,82
2026-10-09T02:20:37Z,3599,2026-10-09T01:37:29Z,43
2026-10-09T02:20:37Z,3600,2026-10-08T19:10:11Z,430
2026-10-09T02:20:37Z,3601,2026-10-08T19:10:11Z,430
2026-10-09T02:20:37Z,3602,2026-10-08T17:49:01Z,511
2026-10-09T02:20:37Z,3603,2026-10-08T19:10:11Z,430
2026-10-09T02:20:37Z,3605,2026-10-08T22:41:50Z,218
2026-10-09T02:20:37Z,3606,2026-10-08T19:05:45Z,434
2026-10-09T02:20:37Z,3607,2026-10-08T21:00:45Z,319
2026-10-09T02:20:37Z,3608,2026-10-09T00:24:44Z,115
2026-10-09T02:20:37Z,3609,2026-08-17T08:18:12Z,75962
2026-10-09T02:20:37Z,3615,2026-10-08T19:10:12Z,430
2026-10-09T02:20:37Z,3618,2026-10-08T19:10:13Z,430
2026-10-09T02:20:37Z,3619,2026-10-08T19:10:13Z,430
2026-10-09T02:20:37Z,3620,2026-10-08T19:09:36Z,431
2026-10-09T02:20:37Z,3621,2026-10-08T13:51:42Z,748
2026-10-09T02:20:37Z,3622,2026-10-08T15:28:35Z,652
2026-10-09T02:20:37Z,3623,2026-10-09T00:01:43Z,138
2026-10-09T02:20:37Z,3624,2026-10-08T18:56:19Z,444
2026-10-09T02:20:37Z,3625,2026-10-09T01:35:14Z,45
2026-10-09T02:20:37Z,3629,2026-10-08T15:13:25Z,667
2026-10-09T02:20:37Z,3630,2026-10-08T20:25:40Z,354
2026-10-09T02:20:37Z,3631,2026-10-08T19:18:41Z,421
2026-10-09T02:20:37Z,3632,2026-10-08T20:21:30Z,359
2026-10-09T02:20:37Z,3633,2026-09-29T17:29:28Z,13491
2026-10-09T02:20:37Z,3638,2026-07-25T13:14:56Z,108785
2026-10-09T02:20:37Z,3639,2026-10-08T18:38:23Z,462
2026-10-09T02:20:37Z,3641,2026-10-08T18:53:35Z,447
2026-10-09T02:20:37Z,3642,2026-10-08T08:14:01Z,1086
2026-10-09T02:20:37Z,3643,2026-10-08T08:39:07Z,1061
2026-10-09T02:20:37Z,3644,2026-07-01T15:55:56Z,143184
2026-10-09T02:20:37Z,3645,2026-10-08T17:10:06Z,550
2026-10-09T02:20:37Z,3646,2026-10-08T21:01:26Z,319
2026-10-09T02:20:37Z,3678,2026-10-08T20:12:42Z,367
2026-10-09T02:20:37Z,3681,2026-10-09T00:09:34Z,131
2026-10-09T02:20:37Z,3682,2026-10-08T15:49:05Z,631
2026-10-09T02:20:37Z,3683,2026-10-08T15:49:03Z,631
2026-10-09T02:20:37Z,3684,2026-10-09T02:15:05Z,5
2026-10-09T02:20:37Z,3685,2026-10-09T01:36:51Z,43
2026-10-09T02:20:37Z,3686,2026-10-09T01:36:53Z,43
2026-10-09T02:20:37Z,3687,2026-10-08T05:28:04Z,1252
2026-10-09T02:20:37Z,3688,2026-10-08T14:04:03Z,736
2026-10-09T02:20:37Z,3690,2026-10-08T15:49:22Z,631
2026-10-09T02:20:37Z,3691,2026-10-08T15:49:03Z,631
2026-10-09T02:20:37Z,3692,2026-10-08T19:09:53Z,430
2026-10-09T02:20:37Z,3693,2026-10-08T15:49:04Z,631
2026-10-09T02:20:37Z,3694,2026-10-09T01:36:53Z,43
2026-10-09T02:20:37Z,3695,2026-10-08T15:49:04Z,631
2026-10-09T02:20:37Z,3696,2026-10-08T15:49:19Z,631
2026-10-09T02:20:37Z,3697,2026-10-09T01:36:53Z,43
2026-10-09T02:20:37Z,3698,2026-10-08T19:10:16Z,430
2026-10-09T02:20:37Z,3699,2026-10-08T15:49:08Z,631
2026-10-09T02:20:37Z,3700,2026-10-09T01:36:52Z,43
2026-10-09T02:20:37Z,3701,2026-10-09T01:36:52Z,43
2026-10-09T02:20:37Z,3702,2026-10-09T01:36:52Z,43
2026-10-09T02:20:37Z,3703,2026-10-08T15:49:07Z,631
2026-10-09T02:20:37Z,3704,2026-10-09T01:36:51Z,43
2026-10-09T02:20:37Z,3706,2026-10-08T20:32:24Z,348
2026-10-09T02:20:37Z,3707,2026-10-08T13:21:45Z,778
2026-10-09T02:20:37Z,3708,2026-10-08T13:21:00Z,779
2026-10-09T02:20:37Z,3709,2026-10-08T13:24:10Z,776
2026-10-09T02:20:37Z,3710,2026-10-08T13:21:02Z,779
2026-10-09T02:20:37Z,3711,2026-10-08T20:24:01Z,356
2026-10-09T02:20:37Z,3712,2026-10-08T20:35:41Z,344
2026-10-09T02:20:37Z,3714,2026-10-08T20:26:14Z,354
2026-10-09T02:20:37Z,3715,2026-10-08T13:21:34Z,779
2026-10-09T02:20:37Z,3716,2026-10-08T21:51:07Z,269
2026-10-09T02:20:37Z,3717,2026-10-08T21:00:54Z,319
2026-10-09T02:20:37Z,3718,2026-10-08T13:40:11Z,760
2026-10-09T02:20:37Z,3719,2026-10-09T00:01:49Z,138
2026-10-09T02:20:37Z,3720,2026-10-08T21:01:01Z,319
2026-10-09T02:20:37Z,3721,2026-10-08T14:56:47Z,683
2026-10-09T02:20:37Z,3723,2026-10-08T20:37:56Z,342
2026-10-09T02:20:37Z,3724,2026-10-09T01:36:53Z,43
2026-10-09T02:20:37Z,3725,2026-10-08T15:49:03Z,631
2026-10-09T02:20:37Z,3726,2026-10-08T15:49:05Z,631
2026-10-09T02:20:37Z,3727,2026-10-09T01:25:04Z,55
2026-10-09T02:20:37Z,3728,2026-10-09T01:36:53Z,43
2026-10-09T02:20:37Z,3729,2026-10-08T15:49:04Z,631
2026-10-09T02:20:37Z,3730,2026-10-09T01:36:53Z,43
2026-10-09T02:20:37Z,3732,2026-10-08T15:49:20Z,631
2026-10-09T02:20:37Z,3733,2026-10-08T15:48:51Z,631
2026-10-09T02:20:37Z,3734,2026-10-09T01:36:53Z,43
2026-10-09T02:20:37Z,3735,2026-10-09T01:36:52Z,43
2026-10-09T02:20:37Z,3736,2026-10-08T15:49:20Z,631
2026-10-09T02:20:37Z,3737,2026-10-08T15:49:06Z,631
2026-10-09T02:20:37Z,3738,2026-10-08T15:49:04Z,631
2026-10-09T02:20:37Z,3739,2026-10-09T01:36:52Z,43
2026-10-09T02:20:37Z,3740,2026-10-09T01:36:51Z,43
2026-10-09T02:20:37Z,3741,2026-09-08T03:30:17Z,44570
2026-10-09T02:20:37Z,3742,2026-10-08T20:24:15Z,356
2026-10-09T02:20:37Z,3743,2026-10-08T15:48:57Z,631
2026-10-09T02:20:37Z,3744,2026-10-09T01:36:51Z,43
2026-10-09T02:20:37Z,3745,2026-10-08T17:04:31Z,556
2026-10-09T02:20:37Z,3746,2026-10-08T15:49:00Z,631
2026-10-09T02:20:37Z,3747,2026-10-08T15:49:04Z,631
2026-10-09T02:20:37Z,3748,2026-10-08T15:49:07Z,631
2026-10-09T02:20:37Z,3749,2026-10-09T01:36:53Z,43
2026-10-09T02:20:37Z,3750,2026-10-08T15:49:07Z,631
2026-10-09T02:20:37Z,3751,2026-10-09T01:36:52Z,43
2026-10-09T02:20:37Z,3752,2026-10-08T15:49:06Z,631
2026-10-09T02:20:37Z,3753,2026-10-08T15:49:06Z,631
2026-10-09T02:20:37Z,3754,2026-10-08T15:49:05Z,631
2026-10-09T02:20:37Z,3755,2026-10-08T15:49:00Z,631
2026-10-09T02:20:37Z,3756,2026-10-09T01:36:52Z,43
2026-10-09T02:20:37Z,3757,2026-10-08T15:49:08Z,631
2026-10-09T02:20:37Z,3758,2026-10-09T01:36:51Z,43
2026-10-09T02:20:37Z,3759,2026-10-08T15:49:08Z,631
2026-10-09T02:20:37Z,3760,2026-10-09T01:36:52Z,43
2026-10-09T02:20:37Z,3762,2026-10-08T15:49:04Z,631
2026-10-09T02:20:37Z,3763,2026-10-08T15:48:58Z,631
2026-10-09T02:20:37Z,3764,2026-10-08T15:49:20Z,631
2026-10-09T02:20:37Z,3765,2026-10-08T15:49:04Z,631
2026-10-09T02:20:37Z,3766,2026-10-09T01:36:53Z,43
2026-10-09T02:20:37Z,3767,2026-10-08T18:31:25Z,469
2026-10-09T02:20:37Z,3768,2026-10-09T01:36:53Z,43
2026-10-09T02:20:37Z,3769,2026-10-08T19:42:44Z,397
2026-10-09T02:20:37Z,3770,2026-10-09T01:36:52Z,43
2026-10-09T02:20:37Z,3771,2026-10-08T15:50:04Z,630
2026-10-09T02:20:37Z,3772,2026-10-08T15:49:05Z,631
2026-10-09T02:20:37Z,3773,2026-10-08T15:49:03Z,631
2026-10-09T02:20:37Z,3774,2026-10-08T15:49:03Z,631
2026-10-09T02:20:37Z,3775,2026-10-08T15:49:05Z,631
2026-10-09T02:20:37Z,3776,2026-10-08T13:53:30Z,747
2026-10-09T02:20:37Z,3777,2026-08-05T05:12:17Z,93428
2026-10-09T02:20:37Z,3778,2026-10-08T15:49:09Z,631
2026-10-09T02:20:37Z,3779,2026-10-08T15:49:09Z,631
2026-10-09T02:20:37Z,3780,2026-10-09T01:36:53Z,43
2026-10-09T02:20:37Z,3781,2026-10-08T15:49:03Z,631
2026-10-09T02:20:37Z,3782,2026-10-08T15:49:01Z,631
2026-10-09T02:20:37Z,3783,2026-10-08T20:54:59Z,325
2026-10-09T02:20:37Z,3784,2026-10-09T01:36:51Z,43
2026-10-09T02:20:37Z,3785,2026-10-09T01:36:51Z,43
2026-10-09T02:20:37Z,3786,2026-10-08T15:49:03Z,631
2026-10-09T02:20:37Z,3787,2026-10-08T15:49:05Z,631
2026-10-09T02:20:37Z,3788,2026-10-08T15:49:01Z,631
2026-10-09T02:20:37Z,3789,2026-10-08T15:49:02Z,631
2026-10-09T02:20:37Z,3790,2026-10-09T01:36:52Z,43
2026-10-09T02:20:37Z,3792,2026-10-08T15:49:05Z,631
2026-10-09T02:20:37Z,3793,2026-10-08T15:49:02Z,631
2026-10-09T02:20:37Z,3794,2026-10-08T15:49:07Z,631
2026-10-09T02:20:37Z,3795,2026-10-08T15:48:58Z,631
2026-10-09T02:20:37Z,3796,2026-10-08T15:49:04Z,631
2026-10-09T02:20:37Z,3797,2026-10-08T15:49:07Z,631
2026-10-09T02:20:37Z,3798,2026-10-08T15:49:04Z,631
2026-10-09T02:20:37Z,3799,2026-10-08T15:49:06Z,631
2026-10-09T02:20:37Z,3800,2026-10-08T15:48:58Z,631
2026-10-09T02:20:37Z,3801,2026-10-08T20:48:28Z,332
2026-10-09T02:20:37Z,3802,2026-10-08T15:49:06Z,631
2026-10-09T02:20:37Z,3803,2026-10-09T01:36:53Z,43
2026-10-09T02:20:37Z,3804,2026-10-08T12:03:17Z,857
2026-10-09T02:20:37Z,3805,2026-10-09T02:12:19Z,8
2026-10-09T02:20:37Z,3806,2026-10-08T15:49:03Z,631
2026-10-09T02:20:37Z,3807,2026-10-08T15:49:03Z,631
2026-10-09T02:20:37Z,3808,2026-10-08T15:48:59Z,631
2026-10-09T02:20:37Z,3809,2026-10-08T15:49:03Z,631
2026-10-09T02:20:37Z,3810,2026-10-08T15:49:01Z,631
2026-10-09T02:20:37Z,3811,2026-10-09T01:36:51Z,43
2026-10-09T02:20:37Z,3812,2026-10-08T16:16:12Z,604
2026-10-09T02:20:37Z,3813,2026-10-08T15:49:02Z,631
2026-10-09T02:20:37Z,3814,2026-10-08T15:49:01Z,631
2026-10-09T02:20:37Z,3815,2026-10-08T18:40:44Z,459
2026-10-09T02:20:37Z,3820,2025-09-01T08:43:33Z,579937
2026-10-09T02:20:37Z,3821,2025-09-01T08:43:06Z,579937
2026-10-09T02:20:37Z,3822,2026-10-02T14:21:22Z,9359
2026-10-09T02:20:37Z,3823,2025-09-01T08:43:04Z,579937
2026-10-09T02:20:37Z,3824,2025-09-01T08:43:16Z,579937
2026-10-09T02:20:37Z,3825,2024-09-03T15:01:56Z,1102278
2026-10-09T02:20:37Z,3827,2026-09-07T13:52:03Z,45388
2026-10-09T02:20:37Z,3829,2026-10-08T09:07:20Z,1033
2026-10-09T02:20:37Z,3831,2026-10-08T15:49:05Z,631
2026-10-09T02:20:37Z,3832,2026-10-08T15:49:03Z,631
2026-10-09T02:20:37Z,3833,2026-10-08T15:49:07Z,631
2026-10-09T02:20:37Z,3834,2026-10-08T19:27:53Z,412
2026-10-09T02:20:37Z,3835,2026-10-08T15:49:07Z,631
2026-10-09T02:20:37Z,3836,2026-10-08T15:49:06Z,631
2026-10-09T02:20:37Z,3837,2026-10-08T15:49:07Z,631
2026-10-09T02:20:37Z,3838,2026-10-08T19:53:35Z,387
2026-10-09T02:20:37Z,3839,2026-10-08T15:04:07Z,676
2026-10-09T02:20:37Z,3840,2026-10-08T17:15:32Z,545
2026-10-09T02:20:37Z,3841,2026-10-09T00:56:46Z,83
2026-10-09T02:20:37Z,3842,2026-10-08T19:02:07Z,438
2026-10-09T02:20:37Z,3843,2026-09-10T12:22:52Z,41157
2026-10-09T02:20:37Z,3844,2026-10-09T00:28:27Z,112
2026-10-09T02:20:37Z,3845,2026-10-08T16:39:35Z,581
2026-10-09T02:20:37Z,3846,2026-10-09T01:46:45Z,33
2026-10-09T02:20:37Z,3847,2026-10-08T15:49:02Z,631
2026-10-09T02:20:37Z,3848,2026-10-08T15:49:03Z,631
2026-10-09T02:20:37Z,3849,2026-10-09T01:36:51Z,43
2026-10-09T02:20:37Z,3850,2026-10-08T20:45:20Z,335
2026-10-09T02:20:37Z,3851,2026-10-09T01:36:51Z,43
2026-10-09T02:20:37Z,3852,2026-10-09T01:36:52Z,43
2026-10-09T02:20:37Z,3853,2026-10-08T16:59:08Z,561
2026-10-09T02:20:37Z,3854,2026-10-08T15:49:03Z,631
2026-10-09T02:20:37Z,3855,2026-10-08T15:49:05Z,631
2026-10-09T02:20:37Z,3856,2026-10-08T15:49:00Z,631
2026-10-09T02:20:37Z,3857,2026-10-08T15:49:02Z,631
2026-10-09T02:20:37Z,3858,2026-10-08T20:56:48Z,323
2026-10-09T02:20:37Z,3859,2026-10-08T15:49:00Z,631
2026-10-09T02:20:37Z,3860,2026-10-08T15:49:00Z,631
2026-10-09T02:20:37Z,3861,2026-10-08T15:49:01Z,631
2026-10-09T02:20:37Z,3862,2026-10-09T01:36:52Z,43
2026-10-09T02:20:37Z,3863,2026-10-08T16:09:01Z,611
2026-10-09T02:20:37Z,3864,2026-10-08T19:10:19Z,430
2026-10-09T02:20:37Z,3865,2026-10-08T15:49:03Z,631
2026-10-09T02:20:37Z,3866,2026-10-09T01:36:53Z,43
2026-10-09T02:20:37Z,3867,2026-10-08T15:49:01Z,631
2026-10-09T02:20:37Z,3868,2026-10-08T15:49:20Z,631
2026-10-09T02:20:37Z,3869,2026-10-09T01:33:17Z,47
2026-10-09T02:20:37Z,3870,2026-10-08T15:49:07Z,631
2026-10-09T02:20:37Z,3871,2026-10-09T01:36:53Z,43
2026-10-09T02:20:37Z,3872,2026-10-08T15:49:06Z,631
2026-10-09T02:20:37Z,3873,2026-10-08T15:49:06Z,631
2026-10-09T02:20:37Z,3874,2026-10-09T01:36:53Z,43
2026-10-09T02:20:37Z,3875,2026-10-08T15:49:02Z,631
2026-10-09T02:20:37Z,3876,2026-10-08T15:49:02Z,631
2026-10-09T02:20:37Z,3877,2026-10-09T01:36:52Z,43
2026-10-09T02:20:37Z,3878,2026-09-25T21:16:47Z,19023
2026-10-09T02:20:37Z,3879,2026-10-09T01:36:51Z,43
2026-10-09T02:20:37Z,3880,2026-10-08T15:49:11Z,631
2026-10-09T02:20:37Z,3881,2026-10-08T15:48:50Z,631
2026-10-09T02:20:37Z,3882,2026-10-05T02:23:32Z,5757
2026-10-09T02:20:37Z,3883,2026-10-08T19:42:31Z,398
2026-10-09T02:20:37Z,3884,2026-09-22T11:44:35Z,23916
2026-10-09T02:20:37Z,3885,2026-10-09T00:49:18Z,91
2026-10-09T02:20:37Z,3886,2026-10-09T01:36:52Z,43
2026-10-09T02:20:37Z,3887,2026-10-08T15:49:07Z,631
2026-10-09T02:20:37Z,3888,2026-10-09T01:36:53Z,43
2026-10-09T02:20:37Z,3889,2026-10-09T01:36:53Z,43
2026-10-09T02:20:37Z,3891,2026-10-08T15:49:09Z,631
2026-10-09T02:20:37Z,3892,2026-10-06T18:48:01Z,3332
2026-10-09T02:20:37Z,3893,2026-10-08T15:49:07Z,631
2026-10-09T02:20:37Z,3894,2026-10-08T15:49:20Z,631
2026-10-09T02:20:37Z,3895,2026-10-08T15:48:58Z,631
2026-10-09T02:20:37Z,3896,2026-10-08T15:49:08Z,631
2026-10-09T02:20:37Z,3897,2026-10-08T15:49:06Z,631
2026-10-09T02:20:37Z,3898,2026-10-09T01:36:52Z,43
2026-10-09T02:20:37Z,3899,2026-10-08T15:49:22Z,631
2026-10-09T02:20:37Z,3900,2026-10-08T15:49:07Z,631
2026-10-09T02:20:37Z,3901,2026-10-08T15:49:02Z,631
2026-10-09T02:20:37Z,3902,2026-10-09T01:36:53Z,43
2026-10-09T02:20:37Z,3903,2026-10-08T19:07:12Z,433
2026-10-09T02:20:37Z,3904,2026-10-08T15:49:07Z,631
2026-10-09T02:20:37Z,3905,2026-10-08T17:33:49Z,526
2026-10-09T02:20:37Z,3906,2026-10-08T15:49:04Z,631
2026-10-09T02:20:37Z,3907,2026-04-16T20:24:32Z,252356
2026-10-09T02:20:37Z,3908,2026-10-09T01:36:51Z,43
2026-10-09T02:20:37Z,3909,2026-10-08T15:49:02Z,631
2026-10-09T02:20:37Z,3910,2026-10-09T01:36:52Z,43
2026-10-09T02:20:37Z,3911,2026-10-08T18:15:49Z,484
2026-10-09T02:20:37Z,3912,2026-10-08T15:49:01Z,631
2026-10-09T02:20:37Z,3913,2026-10-08T15:49:19Z,631
2026-10-09T02:20:37Z,3914,2026-10-08T21:34:46Z,285
2026-10-09T02:20:37Z,3915,2026-10-08T15:48:57Z,631
2026-10-09T02:20:37Z,3916,2026-10-08T15:49:02Z,631
2026-10-09T02:20:37Z,3917,2026-10-09T01:36:51Z,43
2026-10-09T02:20:37Z,3918,2025-09-23T08:51:00Z,548249
2026-10-09T02:20:37Z,3919,2026-10-08T15:48:58Z,631
2026-10-09T02:20:37Z,3920,2026-10-09T01:36:52Z,43
2026-10-09T02:20:37Z,3921,2026-10-09T01:36:51Z,43
2026-10-09T02:20:37Z,3922,2026-10-09T01:36:52Z,43
2026-10-09T02:20:37Z,3923,2026-10-09T01:36:51Z,43
2026-10-09T02:20:37Z,3924,2026-10-08T15:49:03Z,631
2026-10-09T02:20:37Z,3925,2026-10-09T01:36:53Z,43
2026-10-09T02:20:37Z,3926,2026-10-09T01:36:51Z,43
2026-10-09T02:20:37Z,3927,2026-10-09T01:36:53Z,43
2026-10-09T02:20:37Z,3928,2026-10-08T15:48:58Z,631
2026-10-09T02:20:37Z,3929,2026-10-06T22:32:18Z,3108
2026-10-09T02:20:37Z,3930,2026-10-08T21:48:47Z,271
2026-10-09T02:20:37Z,3931,2026-10-08T15:49:06Z,631
2026-10-09T02:20:37Z,3932,2026-10-08T19:37:15Z,403
2026-10-09T02:20:37Z,3933,2026-10-09T01:36:51Z,43
2026-10-09T02:20:37Z,3934,2026-10-08T17:42:14Z,518
2026-10-09T02:20:37Z,3935,2026-10-09T01:36:51Z,43
2026-10-09T02:20:37Z,3936,2026-10-09T01:36:53Z,43
2026-10-09T02:20:37Z,3937,2026-10-08T15:49:05Z,631
2026-10-09T02:20:37Z,3938,2026-10-09T01:36:51Z,43
2026-10-09T02:20:37Z,3939,2026-10-08T15:48:57Z,631
2026-10-09T02:20:37Z,3940,2026-10-08T15:48:51Z,631
2026-10-09T02:20:37Z,3941,2026-10-09T01:36:52Z,43
2026-10-09T02:20:37Z,3942,2026-10-08T15:49:20Z,631
2026-10-09T02:20:37Z,3943,2026-10-08T15:49:08Z,631
2026-10-09T02:20:37Z,3944,2026-10-08T15:48:58Z,631
2026-10-09T02:20:37Z,3946,2026-10-08T16:09:51Z,610
2026-10-09T02:20:37Z,3947,2026-10-08T16:09:46Z,610
2026-10-09T02:20:37Z,3948,2026-10-08T15:49:02Z,631
2026-10-09T02:20:37Z,3949,2026-10-08T15:48:50Z,631
2026-10-09T02:20:37Z,3950,2026-10-09T01:36:53Z,43
2026-10-09T02:20:37Z,3951,2026-10-09T01:36:53Z,43
2026-10-09T02:20:37Z,3952,2026-10-08T15:49:06Z,631
2026-10-09T02:20:37Z,3953,2026-10-08T15:49:11Z,631
2026-10-09T02:20:37Z,3954,2026-10-08T15:49:04Z,631
2026-10-09T02:20:37Z,3955,2026-10-08T15:49:00Z,631
2026-10-09T02:20:37Z,3956,2026-10-08T15:49:16Z,631
2026-10-09T02:20:37Z,3957,2026-10-08T15:48:57Z,631
2026-10-09T02:20:37Z,3958,2026-10-08T15:49:03Z,631
2026-10-09T02:20:37Z,3959,2026-10-08T18:13:47Z,486
2026-10-09T02:20:37Z,3960,2026-10-08T15:49:04Z,631
2026-10-09T02:20:37Z,3961,2026-10-08T15:49:02Z,631
2026-10-09T02:20:37Z,3962,2026-10-08T15:49:00Z,631
2026-10-09T02:20:37Z,3963,2025-11-13T05:31:37Z,475009
2026-10-09T02:20:37Z,3964,2026-10-08T15:49:01Z,631
2026-10-09T02:20:37Z,3965,2026-10-02T22:15:32Z,8885
2026-10-09T02:20:37Z,3966,2026-10-09T01:36:52Z,43
2026-10-09T02:20:37Z,3967,2026-10-08T15:49:01Z,631
2026-10-09T02:20:37Z,3968,2026-10-08T15:49:02Z,631
2026-10-09T02:20:37Z,3969,2026-10-08T15:48:50Z,631
2026-10-09T02:20:37Z,3970,2026-10-08T15:49:30Z,631
2026-10-09T02:20:37Z,3971,2026-10-09T01:27:48Z,52
2026-10-09T02:20:37Z,3974,2026-10-08T15:49:01Z,631
2026-10-09T02:20:37Z,3975,2026-10-08T15:48:52Z,631
2026-10-09T02:20:37Z,3976,2026-10-08T15:48:50Z,631
2026-10-09T02:20:37Z,3977,2026-10-08T15:49:02Z,631
2026-10-09T02:20:37Z,3978,2026-10-09T01:36:51Z,43
2026-10-09T02:20:37Z,3979,2026-10-08T15:49:05Z,631
2026-10-09T02:20:37Z,3980,2026-10-09T01:36:53Z,43
2026-10-09T02:20:37Z,3986,2026-10-08T20:19:13Z,361
2026-10-09T02:20:37Z,3987,2026-10-08T21:01:11Z,319
2026-10-09T02:20:37Z,3988,2026-10-08T07:58:58Z,1101
2026-10-09T02:20:37Z,3989,2026-10-08T21:28:41Z,291
2026-10-09T02:20:37Z,3990,2026-10-08T16:57:59Z,562
2026-10-09T02:20:37Z,3991,2026-10-08T15:49:05Z,631
2026-10-09T02:20:37Z,3992,2026-10-08T18:52:45Z,447
2026-10-09T02:20:37Z,3993,2026-10-08T15:49:02Z,631
2026-10-09T02:20:37Z,3994,2025-12-01T16:51:17Z,448409
2026-10-09T02:20:37Z,3995,2026-03-13T20:54:47Z,301285
2026-10-09T02:20:37Z,3996,2026-10-08T19:10:20Z,430
2026-10-09T02:20:37Z,3997,2026-10-09T01:13:59Z,66
2026-10-09T02:20:37Z,3998,2026-10-08T21:36:27Z,284
2026-10-09T02:20:37Z,3999,2026-10-08T21:01:11Z,319
2026-10-09T02:20:37Z,4000,2026-10-08T08:18:21Z,1082
2026-10-09T02:20:37Z,4001,2026-10-09T01:36:51Z,43
2026-10-09T02:20:37Z,4002,2026-10-08T15:48:58Z,631
2026-10-09T02:20:37Z,4003,2026-10-08T15:49:01Z,631
2026-10-09T02:20:37Z,4004,2026-10-08T15:49:03Z,631
2026-10-09T02:20:37Z,4005,2026-10-08T15:49:00Z,631
2026-10-09T02:20:37Z,4006,2026-10-08T15:49:08Z,631
2026-10-09T02:20:37Z,4007,2026-10-08T15:49:06Z,631
2026-10-09T02:20:37Z,4008,2026-10-08T19:27:18Z,413
2026-10-09T02:20:37Z,4009,2026-10-08T19:40:40Z,399
2026-10-09T02:20:37Z,4010,2026-10-08T21:14:36Z,306
2026-10-09T02:20:37Z,4011,2026-10-08T21:14:36Z,306
2026-10-09T02:20:37Z,4012,2026-10-08T21:14:36Z,306
2026-10-09T02:20:37Z,4013,2026-10-08T15:49:02Z,631
2026-10-09T02:20:37Z,4014,2026-10-08T15:48:51Z,631
2026-10-09T02:20:37Z,4015,2026-10-08T15:49:06Z,631
2026-10-09T02:20:37Z,4017,2026-10-08T15:49:02Z,631
2026-10-09T02:20:37Z,4018,2026-10-08T15:49:08Z,631
2026-10-09T02:20:37Z,4019,2026-10-09T01:36:52Z,43
2026-10-09T02:20:37Z,4020,2026-10-08T15:49:02Z,631
2026-10-09T02:20:37Z,4021,2026-10-08T15:49:02Z,631
2026-10-09T02:20:37Z,4022,2026-10-08T15:49:01Z,631
2026-10-09T02:20:37Z,4023,2026-10-09T01:36:53Z,43
2026-10-09T02:20:37Z,4024,2025-09-23T08:50:51Z,548249
2026-10-09T02:20:37Z,4025,2026-10-08T15:49:01Z,631
2026-10-09T02:20:37Z,4026,2026-10-09T01:36:52Z,43
2026-10-09T02:20:37Z,4027,2026-10-08T15:49:05Z,631
2026-10-09T02:20:37Z,4028,2026-10-08T15:49:02Z,631
2026-10-09T02:20:37Z,4029,2026-10-08T15:49:08Z,631
2026-10-09T02:20:37Z,4030,2026-10-08T15:49:02Z,631
2026-10-09T02:20:37Z,4031,2026-10-08T15:48:57Z,631
2026-10-09T02:20:37Z,4032,2026-10-08T15:49:19Z,631
2026-10-09T02:20:37Z,4033,2026-10-08T15:48:57Z,631
2026-10-09T02:20:37Z,4034,2026-10-08T15:48:59Z,631
2026-10-09T02:20:37Z,4035,2026-10-08T15:49:07Z,631
2026-10-09T02:20:37Z,4036,2026-10-08T15:49:07Z,631
2026-10-09T02:20:37Z,4037,2026-10-09T01:36:52Z,43
2026-10-09T02:20:37Z,4038,2026-10-08T11:12:59Z,907
2026-10-09T02:20:37Z,4039,2026-10-09T01:36:53Z,43
2026-10-09T02:20:37Z,4040,2026-10-08T18:59:14Z,441
2026-10-09T02:20:37Z,4041,2026-09-30T21:46:11Z,11794
2026-10-09T02:20:37Z,4042,2026-10-07T04:25:12Z,2755
2026-10-09T02:20:37Z,4043,2026-10-09T01:36:51Z,43
2026-10-09T02:20:37Z,4044,2026-10-08T15:49:02Z,631
2026-10-09T02:20:37Z,4045,2026-10-08T15:49:19Z,631
2026-10-09T02:20:37Z,4046,2026-10-08T15:49:19Z,631
2026-10-09T02:20:37Z,4047,2026-10-08T15:49:20Z,631
2026-10-09T02:20:37Z,4048,2026-10-08T15:49:05Z,631
2026-10-09T02:20:37Z,4049,2026-10-08T15:48:58Z,631
2026-10-09T02:20:37Z,4050,2026-10-08T15:48:50Z,631
2026-10-09T02:20:37Z,4051,2026-10-08T15:48:51Z,631
2026-10-09T02:20:37Z,4052,2026-10-08T15:48:51Z,631
2026-10-09T02:20:37Z,4053,2026-10-09T01:36:52Z,43
2026-10-09T02:20:37Z,4054,2026-10-08T15:49:00Z,631
2026-10-09T02:20:37Z,4055,2026-10-08T15:49:00Z,631
2026-10-09T02:20:37Z,4056,2026-10-09T01:36:52Z,43
2026-10-09T02:20:37Z,4057,2026-10-08T15:49:06Z,631
2026-10-09T02:20:37Z,4058,2026-10-08T15:49:05Z,631
2026-10-09T02:20:37Z,4059,2026-10-08T15:49:07Z,631
2026-10-09T02:20:37Z,4060,2026-10-09T01:36:53Z,43
2026-10-09T02:20:37Z,4061,2026-10-08T15:49:01Z,631
2026-10-09T02:20:37Z,4062,2026-10-09T01:36:52Z,43
2026-10-09T02:20:37Z,4063,2026-10-08T15:49:05Z,631
2026-10-09T02:20:37Z,4064,2026-10-08T15:49:05Z,631
2026-10-09T02:20:37Z,4065,2026-10-08T17:56:55Z,503
2026-10-09T02:20:37Z,4066,2026-10-09T01:36:51Z,43
2026-10-09T02:20:37Z,4067,2026-10-08T15:48:52Z,631
2026-10-09T02:20:37Z,4068,2026-10-08T15:49:02Z,631
2026-10-09T02:20:37Z,4069,2026-10-08T17:47:00Z,513
2026-10-09T02:20:37Z,4070,2026-10-09T01:36:52Z,43
2026-10-09T02:20:37Z,4071,2026-10-08T19:05:41Z,434
2026-10-09T02:20:37Z,4072,2026-10-09T01:36:51Z,43
2026-10-09T02:20:37Z,4073,2026-10-09T01:36:51Z,43
2026-10-09T02:20:37Z,4074,2026-10-08T21:15:45Z,304
2026-10-09T02:20:37Z,4075,2026-10-09T01:36:53Z,43
2026-10-09T02:20:37Z,4076,2026-10-09T01:36:51Z,43
2026-10-09T02:20:37Z,4077,2026-10-08T17:02:44Z,557
2026-10-09T02:20:37Z,4078,2026-03-11T13:51:24Z,304589
2026-10-09T02:20:37Z,4079,2026-10-08T15:49:21Z,631
2026-10-09T02:20:37Z,4080,2026-10-08T21:37:00Z,283
2026-10-09T02:20:37Z,4081,2026-10-08T11:15:21Z,905
2026-10-09T02:20:37Z,4082,2026-10-08T19:02:00Z,438
2026-10-09T02:20:37Z,4083,2026-10-08T12:55:44Z,804
2026-10-09T02:20:37Z,4084,2026-10-08T18:12:32Z,488
2026-10-09T02:20:37Z,4085,2026-10-09T01:36:52Z,43
2026-10-09T02:20:37Z,4086,2026-10-08T19:25:08Z,415
2026-10-09T02:20:37Z,4087,2026-10-08T21:00:57Z,319
2026-10-09T02:20:37Z,4088,2026-10-09T01:08:39Z,71
2026-10-09T02:20:37Z,4089,2026-10-08T19:00:39Z,439
2026-10-09T02:20:37Z,4090,2026-10-08T17:41:10Z,519
2026-10-09T02:20:37Z,4091,2026-09-25T08:15:17Z,19805
2026-10-09T02:20:37Z,4092,2026-10-08T21:00:55Z,319
2026-10-09T02:20:37Z,4093,2026-10-09T01:36:52Z,43
2026-10-09T02:20:37Z,4094,2026-10-06T11:36:28Z,3764
2026-10-09T02:20:37Z,4095,2026-08-18T06:34:04Z,74626
2026-10-09T02:20:37Z,4096,2026-08-18T06:02:25Z,74658
2026-10-09T02:20:37Z,4097,2026-08-18T06:46:24Z,74614
2026-10-09T02:20:37Z,4099,2026-10-08T15:49:02Z,631
2026-10-09T02:20:37Z,4100,2026-10-08T15:55:30Z,625
2026-10-09T02:20:37Z,4101,2026-10-08T15:49:08Z,631
2026-10-09T02:20:37Z,4102,2026-10-08T15:49:05Z,631
2026-10-09T02:20:37Z,4103,2026-10-08T15:49:07Z,631
2026-10-09T02:20:37Z,4104,2026-10-08T15:49:22Z,631
2026-10-09T02:20:37Z,4105,2026-10-08T23:36:25Z,164
2026-10-09T02:20:37Z,4106,2026-10-09T01:36:53Z,43
2026-10-09T02:20:37Z,4108,2026-10-08T15:48:59Z,631
2026-10-09T02:20:37Z,4109,2026-10-09T01:36:53Z,43
2026-10-09T02:20:37Z,4110,2026-04-14T12:24:37Z,255716
2026-10-09T02:20:37Z,4111,2026-10-08T19:37:38Z,402
2026-10-09T02:20:37Z,4113,2026-03-06T07:58:24Z,312142
2026-10-09T02:20:37Z,4114,2026-10-09T01:36:52Z,43
2026-10-09T02:20:37Z,4115,2026-10-09T01:36:52Z,43
2026-10-09T02:20:37Z,4117,2026-10-08T15:49:11Z,631
2026-10-09T02:20:37Z,4118,2026-10-09T01:36:51Z,43
2026-10-09T02:20:37Z,4119,2026-10-09T01:36:53Z,43
2026-10-09T02:20:37Z,4121,2026-10-08T22:25:04Z,235
2026-10-09T02:20:37Z,4122,2026-10-08T19:03:10Z,437
2026-10-09T02:20:37Z,4123,2026-10-08T20:00:41Z,379
2026-10-09T02:20:37Z,4124,2026-10-08T19:30:37Z,410
2026-10-09T02:20:37Z,4125,2026-10-08T19:55:05Z,385
2026-10-09T02:20:37Z,4126,2026-10-08T19:05:32Z,435
2026-10-09T02:20:37Z,4127,2026-10-08T19:00:07Z,440
2026-10-09T02:20:37Z,4128,2026-10-07T18:42:14Z,1898
2026-10-09T02:20:37Z,4129,2026-10-08T18:44:36Z,456
2026-10-09T02:20:37Z,4130,2026-10-08T20:39:27Z,341
2026-10-09T02:20:37Z,4131,2026-10-08T21:46:39Z,273
2026-10-09T02:20:37Z,4132,2026-10-08T19:23:42Z,416
2026-10-09T02:20:37Z,4133,2026-10-08T19:16:00Z,424
2026-10-09T02:20:37Z,4134,2026-10-09T02:15:05Z,5
2026-10-09T02:20:37Z,4136,2026-10-08T13:36:26Z,764
2026-10-09T02:20:37Z,4137,2026-10-08T16:24:40Z,595
2026-10-09T02:20:37Z,4138,2026-10-08T15:49:01Z,631
2026-10-09T02:20:37Z,4141,2026-10-09T00:42:35Z,98
2026-10-09T02:20:37Z,4142,2026-10-08T15:30:30Z,650
2026-10-09T02:20:37Z,4145,2026-10-08T19:10:22Z,430
2026-10-09T02:20:37Z,4146,2026-10-08T21:00:43Z,319
2026-10-09T02:20:37Z,4147,2026-10-09T01:36:52Z,43
2026-10-09T02:20:37Z,4148,2026-10-08T15:49:03Z,631
2026-10-09T02:20:37Z,4149,2026-10-08T15:49:03Z,631
2026-10-09T02:20:37Z,4150,2026-10-08T15:49:06Z,631
2026-10-09T02:20:37Z,4151,2026-10-08T15:49:07Z,631
2026-10-09T02:20:37Z,4152,2026-10-08T15:48:58Z,631
2026-10-09T02:20:37Z,4153,2026-10-08T17:13:22Z,547
2026-10-09T02:20:37Z,4155,2026-10-08T23:11:40Z,188
2026-10-09T02:20:37Z,4156,2026-10-08T16:47:12Z,573
2026-10-09T02:20:37Z,4157,2026-10-09T01:35:58Z,44
2026-10-09T02:20:37Z,4158,2026-10-08T21:36:32Z,284
2026-10-09T02:20:37Z,4159,2026-10-08T21:36:29Z,284
2026-10-09T02:20:37Z,4160,2026-10-08T23:01:05Z,199
2026-10-09T02:20:37Z,4161,2026-10-08T19:10:22Z,430
2026-10-09T02:20:37Z,4162,2026-10-08T17:51:03Z,509
2026-10-09T02:20:37Z,4163,2026-10-08T23:07:20Z,193
2026-10-09T02:20:37Z,4165,2026-10-09T01:26:11Z,54
2026-10-09T02:20:37Z,4166,2026-10-08T17:40:02Z,520
2026-10-09T02:20:37Z,4167,2026-10-08T14:37:07Z,703
2026-10-09T02:20:37Z,4168,2026-10-08T19:10:22Z,430
2026-10-09T02:20:37Z,4169,2026-10-08T15:49:54Z,630
2026-10-09T02:20:37Z,4170,2026-10-08T15:48:57Z,631
2026-10-09T02:20:37Z,4171,2026-10-08T15:39:21Z,641
2026-10-09T02:20:37Z,4172,2026-10-09T01:36:51Z,43
2026-10-09T02:20:37Z,4173,2026-10-08T21:01:04Z,319
2026-10-09T02:20:37Z,4174,2026-10-08T15:49:02Z,631
2026-10-09T02:20:37Z,4175,2026-10-09T01:36:53Z,43
2026-10-09T02:20:37Z,4176,2026-10-08T15:49:04Z,631
2026-10-09T02:20:37Z,4177,2026-10-08T15:49:02Z,631
2026-10-09T02:20:37Z,4178,2026-10-09T01:36:51Z,43
2026-10-09T02:20:37Z,4179,2026-10-09T01:36:51Z,43
2026-10-09T02:20:37Z,4180,2026-10-08T15:48:57Z,631
2026-10-09T02:20:37Z,4181,2026-10-08T15:48:57Z,631
2026-10-09T02:20:37Z,4182,2026-10-08T15:49:11Z,631
2026-10-09T02:20:37Z,4183,2026-10-09T01:36:52Z,43
2026-10-09T02:20:37Z,4184,2026-10-08T15:48:58Z,631
2026-10-09T02:20:37Z,4185,2026-10-08T15:48:59Z,631
2026-10-09T02:20:37Z,4186,2026-10-09T01:36:53Z,43
2026-10-09T02:20:37Z,4187,2026-10-08T15:48:58Z,631
2026-10-09T02:20:37Z,4188,2026-10-09T01:36:53Z,43
2026-10-09T02:20:37Z,4189,2026-10-09T01:36:52Z,43
2026-10-09T02:20:37Z,4190,2026-10-08T15:48:58Z,631
2026-10-09T02:20:37Z,4191,2026-10-08T15:48:58Z,631
2026-10-09T02:20:37Z,4192,2026-08-26T02:53:10Z,63327
2026-10-09T02:20:37Z,4193,2026-08-25T03:01:06Z,64759
2026-10-09T02:20:37Z,4194,2026-10-09T01:36:53Z,43
2026-10-09T02:20:37Z,4195,2026-10-09T01:36:51Z,43
2026-10-09T02:20:37Z,4196,2026-10-08T15:49:17Z,631
2026-10-09T02:20:37Z,4197,2026-10-04T00:04:44Z,7335
2026-10-09T02:20:37Z,4198,2026-10-08T15:49:16Z,631
2026-10-09T02:20:37Z,4199,2026-10-09T01:36:51Z,43
2026-10-09T02:20:37Z,4200,2026-07-02T01:31:27Z,142609
2026-10-09T02:20:37Z,4201,2026-10-08T15:48:58Z,631
2026-10-09T02:20:37Z,4202,2026-10-09T01:36:52Z,43
2026-10-09T02:20:37Z,4203,2026-10-08T15:48:59Z,631
2026-10-09T02:20:37Z,4204,2026-10-08T15:48:59Z,631
2026-10-09T02:20:37Z,4205,2026-10-08T15:50:43Z,629
2026-10-09T02:20:37Z,4206,2026-10-08T18:52:22Z,448
2026-10-09T02:20:37Z,4207,2026-10-08T15:48:57Z,631
2026-10-09T02:20:37Z,4208,2026-10-09T01:36:52Z,43
2026-10-09T02:20:37Z,4209,2026-10-08T15:48:57Z,631
2026-10-09T02:20:37Z,4210,2026-10-08T15:48:59Z,631
2026-10-09T02:20:37Z,4211,2026-10-08T15:50:03Z,630
2026-10-09T02:20:37Z,4212,2026-10-09T01:36:52Z,43
2026-10-09T02:20:37Z,4213,2026-10-08T15:48:57Z,631
2026-10-09T02:20:37Z,4214,2026-10-08T19:43:07Z,397
2026-10-09T02:20:37Z,4216,2026-10-09T01:36:53Z,43
2026-10-09T02:20:37Z,4217,2026-10-08T15:48:59Z,631
2026-10-09T02:20:37Z,4218,2026-10-09T01:23:00Z,57
2026-10-09T02:20:37Z,4220,2026-10-09T01:36:53Z,43
2026-10-09T02:20:37Z,4221,2026-10-08T15:48:57Z,631
2026-10-09T02:20:37Z,4222,2026-10-08T15:48:58Z,631
2026-10-09T02:20:37Z,4223,2026-10-08T15:48:59Z,631
2026-10-09T02:20:37Z,4224,2026-10-08T15:48:57Z,631
2026-10-09T02:20:37Z,4225,2026-10-08T15:48:57Z,631
2026-10-09T02:20:37Z,4231,2026-10-08T15:49:08Z,631
2026-10-09T02:20:37Z,4233,2026-10-09T02:15:04Z,5
2026-10-09T02:20:37Z,4234,2026-10-09T01:36:52Z,43
2026-10-09T02:20:37Z,4235,2026-10-08T15:49:21Z,631
2026-10-09T02:20:37Z,4236,2026-10-08T13:55:00Z,745
2026-10-09T02:20:37Z,4237,2026-10-08T21:01:13Z,319
2026-10-09T02:20:37Z,4238,2026-10-08T19:25:50Z,414
2026-10-09T02:20:37Z,4239,2026-10-09T01:36:53Z,43
2026-10-09T02:20:37Z,4240,2026-10-09T01:30:54Z,49
2026-10-09T02:20:37Z,4241,2026-08-19T05:17:18Z,73263
2026-10-09T02:20:37Z,4242,2026-10-08T03:37:27Z,1363
2026-10-09T02:20:37Z,4243,2026-10-08T15:48:58Z,631
2026-10-09T02:20:37Z,4244,2026-10-08T15:48:59Z,631
2026-10-09T02:20:37Z,4245,2025-09-09T08:04:42Z,568455
2026-10-09T02:20:37Z,4246,2026-10-08T05:27:12Z,1253
2026-10-09T02:20:37Z,4247,2026-10-09T01:36:52Z,43
2026-10-09T02:20:37Z,4248,2026-10-08T15:48:57Z,631
2026-10-09T02:20:37Z,4249,2026-10-08T15:48:59Z,631
2026-10-09T02:20:37Z,4250,2026-10-08T18:20:50Z,479
2026-10-09T02:20:37Z,4251,2026-10-08T15:48:58Z,631
2026-10-09T02:20:37Z,4252,2026-10-08T15:48:58Z,631
2026-10-09T02:20:37Z,4253,2026-10-08T15:48:58Z,631
2026-10-09T02:20:37Z,4254,2026-10-08T15:48:58Z,631
2026-10-09T02:20:37Z,4255,2025-09-09T08:04:42Z,568455
2026-10-09T02:20:37Z,4256,2025-09-09T08:04:42Z,568455
2026-10-09T02:20:37Z,4257,2025-09-09T08:04:42Z,568455
2026-10-09T02:20:37Z,4258,2026-10-09T01:36:52Z,43
2026-10-09T02:20:37Z,4259,2026-10-09T01:36:51Z,43
2026-10-09T02:20:37Z,4260,2026-10-08T20:45:47Z,334
2026-10-09T02:20:37Z,4261,2026-10-08T21:01:19Z,319
2026-10-09T02:20:37Z,4262,2026-10-09T01:36:53Z,43
2026-10-09T02:20:37Z,4263,2026-10-08T15:48:57Z,631
2026-10-09T02:20:37Z,4264,2026-10-09T01:36:52Z,43
2026-10-09T02:20:37Z,4265,2026-10-08T15:49:16Z,631
2026-10-09T02:20:37Z,4266,2026-10-08T15:48:57Z,631
2026-10-09T02:20:37Z,4267,2026-09-23T06:04:27Z,22816
2026-10-09T02:20:37Z,4268,2026-10-08T21:00:51Z,319
2026-10-09T02:20:37Z,4270,2026-10-08T15:48:57Z,631
2026-10-09T02:20:37Z,4271,2026-10-08T15:48:57Z,631
2026-10-09T02:20:37Z,4272,2026-10-08T15:48:57Z,631
2026-10-09T02:20:37Z,4273,2026-10-09T01:36:52Z,43
2026-10-09T02:20:37Z,4274,2026-10-08T16:48:19Z,572
2026-10-09T02:20:37Z,4275,2026-10-08T17:05:51Z,554
2026-10-09T02:20:37Z,4277,2026-10-08T14:21:40Z,718
2026-10-09T02:20:37Z,4278,2026-10-08T23:11:36Z,189
2026-10-09T02:20:37Z,4279,2026-10-08T18:03:42Z,496
2026-10-09T02:20:37Z,4280,2026-10-08T18:32:56Z,467
2026-10-09T02:20:37Z,4281,2026-10-09T00:02:36Z,138
2026-10-09T02:20:37Z,4282,2026-10-08T17:32:51Z,527
2026-10-09T02:20:37Z,4283,2026-10-09T00:56:15Z,84
2026-10-09T02:20:37Z,4284,2026-10-08T09:38:55Z,1001
2026-10-09T02:20:37Z,4285,2026-10-08T17:11:31Z,549
2026-10-09T02:20:37Z,4286,2026-10-08T17:33:56Z,526
2026-10-09T02:20:37Z,4287,2026-10-08T15:48:59Z,631
2026-10-09T02:20:37Z,4288,2026-10-08T15:48:58Z,631
2026-10-09T02:20:37Z,4289,2026-10-08T15:48:58Z,631
2026-10-09T02:20:37Z,4290,2026-10-08T15:48:58Z,631
2026-10-09T02:20:37Z,4291,2025-09-09T08:04:42Z,568455
2026-10-09T02:20:37Z,4292,2026-10-09T01:36:52Z,43
2026-10-09T02:20:37Z,4293,2026-10-09T01:36:52Z,43
2026-10-09T02:20:37Z,4294,2026-10-08T23:49:25Z,151
2026-10-09T02:20:37Z,4295,2026-08-12T02:28:09Z,83512
2026-10-09T02:20:37Z,4296,2026-10-09T01:36:51Z,43
2026-10-09T02:20:37Z,4297,2026-10-08T15:49:04Z,631
2026-10-09T02:20:37Z,4298,2026-10-08T15:52:01Z,628
2026-10-09T02:20:37Z,4299,2026-10-08T15:48:58Z,631
2026-10-09T02:20:37Z,4300,2026-10-09T01:36:51Z,43
2026-10-09T02:20:37Z,4301,2026-10-09T01:36:52Z,43
2026-10-09T02:20:37Z,4302,2026-10-08T15:48:57Z,631
2026-10-09T02:20:37Z,4303,2026-10-08T19:22:05Z,418
2026-10-09T02:20:37Z,4304,2026-10-08T09:23:22Z,1017
2026-10-09T02:20:37Z,4305,2026-10-09T01:36:51Z,43
2026-10-09T02:20:37Z,4306,2026-10-08T15:49:02Z,631
2026-10-09T02:20:37Z,4307,2026-10-08T15:49:01Z,631
2026-10-09T02:20:37Z,4308,2026-10-08T15:49:43Z,630
2026-10-09T02:20:37Z,4309,2026-10-06T04:29:22Z,4191
2026-10-09T02:20:37Z,4310,2026-10-09T01:36:52Z,43
2026-10-09T02:20:37Z,4311,2026-10-08T13:56:46Z,743
2026-10-09T02:20:37Z,4312,2026-10-08T13:56:47Z,743
2026-10-09T02:20:37Z,4313,2026-10-08T13:56:48Z,743
2026-10-09T02:20:37Z,4315,2026-10-09T01:32:59Z,47
2026-10-09T02:20:37Z,4316,2026-10-09T01:26:12Z,54
2026-10-09T02:20:37Z,4317,2026-10-08T23:22:23Z,178
2026-10-09T02:20:37Z,4318,2026-09-29T10:14:55Z,13925
2026-10-09T02:20:37Z,4319,2026-10-08T22:24:24Z,236
2026-10-09T02:20:37Z,4320,2026-10-08T21:00:54Z,319
2026-10-09T02:20:37Z,4321,2026-10-08T15:09:51Z,670
2026-10-09T02:20:37Z,4322,2026-08-27T10:04:36Z,61456
2026-10-09T02:20:37Z,4323,2026-10-09T01:24:50Z,55
2026-10-09T02:20:37Z,4324,2026-10-08T19:10:31Z,430
2026-10-09T02:20:37Z,4326,2026-09-29T08:57:14Z,14003
2026-10-09T02:20:37Z,4327,2026-10-08T15:48:58Z,631
2026-10-09T02:20:37Z,4328,2026-10-08T19:10:33Z,430
2026-10-09T02:20:37Z,4331,2026-10-08T13:18:54Z,781
2026-10-09T02:20:37Z,4332,2026-10-08T21:54:52Z,265
2026-10-09T02:20:37Z,4333,2026-10-08T19:10:35Z,430
2026-10-09T02:20:37Z,4334,2026-10-08T13:37:31Z,763
2026-10-09T02:20:37Z,4335,2025-09-23T08:51:12Z,548249
2026-10-09T02:20:37Z,4336,2026-10-08T15:49:16Z,631
2026-10-09T02:20:37Z,4337,2026-10-08T15:48:58Z,631
2026-10-09T02:20:37Z,4338,2026-10-08T15:49:07Z,631
2026-10-09T02:20:37Z,4339,2026-10-09T00:59:13Z,81
2026-10-09T02:20:37Z,4340,2026-10-08T19:10:35Z,430
2026-10-09T02:20:37Z,4341,2026-10-08T19:10:35Z,430
2026-10-09T02:20:37Z,4342,2026-10-08T19:10:36Z,430
2026-10-09T02:20:37Z,4343,2026-10-08T19:10:36Z,430
2026-10-09T02:20:37Z,4344,2026-10-08T19:10:36Z,430
2026-10-09T02:20:37Z,4345,2026-10-08T19:10:36Z,430
2026-10-09T02:20:37Z,4346,2026-10-09T00:52:27Z,88
2026-10-09T02:20:37Z,4347,2026-10-08T19:10:37Z,430
2026-10-09T02:20:37Z,4348,2026-10-08T19:10:37Z,430
2026-10-09T02:20:37Z,4349,2026-10-09T02:15:05Z,5
2026-10-09T02:20:37Z,4352,2026-10-09T01:26:54Z,53
2026-10-09T02:20:37Z,4353,2026-10-09T00:22:49Z,117
2026-10-09T02:20:37Z,4354,2026-10-08T19:10:38Z,429
2026-10-09T02:20:37Z,4355,2026-10-09T01:43:21Z,37
2026-10-09T02:20:37Z,4360,2026-10-08T19:10:40Z,429
2026-10-09T02:20:37Z,4363,2026-10-08T13:58:14Z,742
2026-10-09T02:20:37Z,4366,2026-10-08T21:00:58Z,319
2026-10-09T02:20:37Z,4367,2026-10-09T01:02:55Z,77
2026-10-09T02:20:37Z,4368,2026-10-08T19:10:42Z,429
2026-10-09T02:20:37Z,4369,2026-10-08T19:10:42Z,429
2026-10-09T02:20:37Z,4370,2026-10-08T19:10:42Z,429
2026-10-09T02:20:37Z,4373,2026-10-08T15:50:13Z,630
2026-10-09T02:20:37Z,4374,2026-10-09T01:02:55Z,77
2026-10-09T02:20:37Z,4375,2026-10-08T19:10:42Z,429
2026-10-09T02:20:37Z,4376,2026-10-08T19:02:09Z,438
2026-10-09T02:20:37Z,4377,2026-10-08T13:31:08Z,769
2026-10-09T02:20:37Z,4378,2026-10-08T17:53:56Z,506
2026-10-09T02:20:37Z,4379,2026-10-08T19:10:43Z,429
2026-10-09T02:20:37Z,4380,2026-10-09T00:52:44Z,87
2026-10-09T02:20:37Z,4382,2026-10-08T16:19:16Z,601
2026-10-09T02:20:37Z,4383,2026-10-08T21:01:26Z,319
2026-10-09T02:20:37Z,4571,2026-10-09T01:26:14Z,54
2026-10-09T02:20:37Z,4572,2026-10-08T15:49:08Z,631
2026-10-09T02:20:37Z,4574,2026-10-08T19:10:45Z,429
2026-10-09T02:20:37Z,4575,2024-10-07T08:55:34Z,1053685
2026-10-09T02:20:37Z,4577,2026-10-09T00:14:54Z,125
2026-10-09T02:20:37Z,4578,2026-10-09T02:15:05Z,5
2026-10-09T02:20:37Z,4579,2026-10-08T19:10:45Z,429
2026-10-09T02:20:37Z,4580,2026-10-08T19:10:46Z,429
2026-10-09T02:20:37Z,4581,2026-10-08T19:10:46Z,429
2026-10-09T02:20:37Z,4582,2026-10-08T21:01:33Z,319
2026-10-09T02:20:37Z,4584,2026-10-08T19:10:46Z,429
2026-10-09T02:20:37Z,4585,2026-10-08T19:10:46Z,429
2026-10-09T02:20:37Z,4587,2026-10-08T21:00:49Z,319
2026-10-09T02:20:37Z,4588,2026-10-08T21:01:18Z,319
2026-10-09T02:20:37Z,4589,2026-10-09T02:15:04Z,5
2026-10-09T02:20:37Z,4590,2026-10-09T02:15:04Z,5
2026-10-09T02:20:37Z,4591,2026-10-09T02:15:04Z,5
2026-10-09T02:20:37Z,4593,2026-10-09T02:15:04Z,5
2026-10-09T02:20:37Z,4594,2026-10-09T02:15:04Z,5
2026-10-09T02:20:37Z,4595,2026-10-09T02:15:04Z,5
2026-10-09T02:20:37Z,4596,2026-10-09T02:15:04Z,5
2026-10-09T02:20:37Z,4597,2026-10-09T02:15:04Z,5
2026-10-09T02:20:37Z,4598,2026-10-09T02:15:04Z,5
2026-10-09T02:20:37Z,4599,2026-10-09T02:15:04Z,5
2026-10-09T02:20:37Z,4602,2026-10-09T02:15:04Z,5
2026-10-09T02:20:37Z,4687,2026-10-09T02:15:04Z,5
2026-10-09T02:20:37Z,4688,2026-10-09T02:15:04Z,5
2026-10-09T02:20:37Z,4689,2026-10-09T02:15:04Z,5
2026-10-09T02:20:37Z,4690,2026-10-09T02:15:04Z,5
2026-10-09T02:20:37Z,4702,2026-10-09T02:15:04Z,5
2026-10-09T02:20:37Z,4776,2026-10-09T02:15:04Z,5
2026-10-09T02:20:37Z,4777,2026-10-09T02:15:04Z,5
2026-10-09T02:20:37Z,4779,2026-10-09T02:15:04Z,5
2026-10-09T02:20:37Z,4780,2026-10-09T02:15:04Z,5
2026-10-09T02:20:37Z,4782,2026-10-09T02:15:04Z,5
2026-10-09T02:20:37Z,4784,2026-10-09T02:15:04Z,5
2026-10-09T02:20:37Z,4785,2026-10-09T02:15:04Z,5
2026-10-09T02:20:37Z,4786,2026-10-09T02:15:04Z,5
2026-10-09T02:20:37Z,4787,2026-10-09T02:15:04Z,5
2026-10-09T02:20:37Z,4788,2026-10-09T02:15:04Z,5
2026-10-09T02:20:37Z,4789,2026-10-09T02:15:04Z,5
2026-10-09T02:20:37Z,4790,2026-10-09T02:15:04Z,5
2026-10-09T02:20:37Z,4791,2026-10-09T02:15:04Z,5
2026-10-09T02:20:37Z,4792,2026-10-09T02:15:04Z,5
2026-10-09T02:20:37Z,4793,2026-10-09T02:15:04Z,5
2026-10-09T02:20:37Z,4794,2026-10-09T02:15:04Z,5
2026-10-09T02:20:37Z,4795,2026-10-09T02:15:04Z,5
2026-10-09T02:20:37Z,4796,2026-10-09T02:15:04Z,5
2026-10-09T02:20:37Z,4797,2026-10-09T02:15:04Z,5
2026-10-09T02:20:37Z,4798,2026-10-09T02:15:04Z,5
2026-10-09T02:20:37Z,4799,2026-10-09T02:15:04Z,5
2026-10-09T02:20:37Z,4800,2026-10-09T02:15:04Z,5
2026-10-09T02:20:37Z,4801,2026-10-09T02:15:04Z,5
2026-10-09T02:20:37Z,4804,2026-10-09T02:15:04Z,5
2026-10-09T02:20:37Z,4806,2026-10-09T02:15:04Z,5
2026-10-09T02:20:37Z,4807,2026-10-09T02:15:04Z,5
2026-10-09T02:20:37Z,4808,2026-10-09T02:15:04Z,5
2026-10-09T02:20:37Z,4809,2026-10-08T21:02:33Z,318
2026-10-09T02:20:37Z,4810,2026-10-08T21:00:44Z,319
2026-10-09T02:20:37Z,4811,2026-10-08T19:10:48Z,429
2026-10-09T02:20:37Z,4812,2026-10-09T02:10:22Z,10
2026-10-09T02:20:37Z,4813,2026-10-08T19:10:48Z,429
2026-10-09T02:20:37Z,4814,2026-10-08T19:10:49Z,429
2026-10-09T02:20:37Z,4816,2026-10-09T01:36:53Z,43
2026-10-09T02:20:37Z,4817,2026-10-08T15:48:57Z,631
2026-10-09T02:20:37Z,4818,2026-10-09T01:36:53Z,43
2026-10-09T02:20:37Z,4819,2026-10-08T15:49:02Z,631
2026-10-09T02:20:37Z,4820,2026-10-08T15:49:04Z,631
2026-10-09T02:20:37Z,4821,2026-10-09T01:36:52Z,43
2026-10-09T02:20:37Z,4822,2026-10-08T15:49:08Z,631
2026-10-09T02:20:37Z,4823,2026-10-09T01:36:52Z,43
2026-10-09T02:20:37Z,4824,2026-10-08T15:49:17Z,631
2026-10-09T02:20:37Z,4825,2026-10-08T19:10:49Z,429
2026-10-09T02:20:37Z,4826,2026-10-08T23:56:07Z,144
2026-10-09T02:20:37Z,4829,2026-10-08T19:05:25Z,435
2026-10-09T02:20:37Z,4830,2026-10-09T02:15:04Z,5
2026-10-09T02:20:37Z,4832,2026-10-09T01:41:41Z,38
2026-10-09T02:20:37Z,4833,2026-10-08T19:10:50Z,429
2026-10-09T02:20:37Z,4834,2026-10-08T21:00:46Z,319
2026-10-09T02:20:37Z,4837,2026-10-09T02:15:04Z,5
2026-10-09T02:20:37Z,4838,2026-10-09T02:15:04Z,5
2026-10-09T02:20:37Z,4839,2026-10-08T21:00:51Z,319
2026-10-09T02:20:37Z,4840,2026-10-05T05:02:16Z,5598
2026-10-09T02:20:37Z,4841,2026-10-05T05:02:25Z,5598
2026-10-09T02:20:37Z,4842,2026-10-05T05:02:16Z,5598
2026-10-09T02:20:37Z,4843,2026-10-05T05:02:25Z,5598
2026-10-09T02:20:37Z,4844,2026-10-05T05:02:04Z,5598
2026-10-09T02:20:37Z,4845,2026-10-08T14:09:06Z,731
2026-10-09T02:20:37Z,4847,2026-10-09T02:15:04Z,5
2026-10-09T02:20:37Z,4848,2026-10-09T02:15:04Z,5
2026-10-09T02:20:37Z,4849,2026-10-09T00:34:08Z,106
2026-10-09T02:20:37Z,4850,2026-10-09T00:34:14Z,106
2026-10-09T02:20:37Z,4851,2026-10-09T00:15:48Z,124
2026-10-09T02:20:37Z,4852,2026-10-09T00:34:08Z,106
2026-10-09T02:20:37Z,4853,2026-10-09T00:18:15Z,122
2026-10-09T02:20:37Z,4854,2026-10-09T01:07:02Z,73
2026-10-09T02:20:37Z,4855,2026-10-09T00:26:45Z,113
2026-10-09T02:20:37Z,4856,2026-10-09T01:07:54Z,72
2026-10-09T02:20:37Z,4857,2026-10-09T00:26:52Z,113
2026-10-09T02:20:37Z,4858,2026-10-09T00:14:23Z,126
2026-10-09T02:20:37Z,4859,2026-10-09T00:28:20Z,112
2026-10-09T02:20:37Z,4860,2026-10-08T19:10:51Z,429
2026-10-09T02:20:37Z,4861,2026-10-08T15:03:51Z,676
2026-10-09T02:20:37Z,5805,2026-10-08T23:53:07Z,147
2026-10-09T02:20:37Z,5806,2026-10-08T21:01:17Z,319
2026-10-09T02:20:37Z,5807,2026-10-08T23:55:11Z,145
2026-10-09T02:20:37Z,5808,2026-10-08T18:06:58Z,493
2026-10-09T02:20:37Z,5809,2026-10-09T01:27:25Z,53
2026-10-09T02:20:37Z,5810,2026-10-06T10:40:18Z,3820
2026-10-09T02:20:37Z,6797,2026-10-09T02:15:04Z,5
2026-10-09T02:20:37Z,6798,2026-10-09T02:15:04Z,5
2026-10-09T02:20:37Z,6799,2026-10-09T02:15:04Z,5
2026-10-09T02:20:37Z,6800,2026-10-09T02:15:04Z,5
2026-10-09T02:20:37Z,6801,2026-10-09T02:15:04Z,5
2026-10-09T02:20:37Z,6802,2026-10-09T02:15:04Z,5
2026-10-09T02:20:37Z,6803,2026-10-09T02:15:04Z,5
2026-10-09T02:20:37Z,6804,2026-10-09T02:15:04Z,5
2026-10-09T02:20:37Z,6812,2026-10-09T02:15:04Z,5
2026-10-09T02:20:37Z,6814,2026-10-09T02:15:04Z,5
2026-10-09T02:20:37Z,6815,2026-10-08T21:00:40Z,319
2026-10-09T02:20:37Z,6817,2026-10-09T02:15:04Z,5
2026-10-09T02:20:37Z,6818,2026-10-09T02:15:04Z,5
2026-10-09T02:20:37Z,6819,2026-10-09T02:15:04Z,5
2026-10-09T02:20:37Z,6820,2026-10-09T02:15:04Z,5
2026-10-09T02:20:37Z,6821,2026-10-09T02:15:04Z,5
2026-10-09T02:20:37Z,6822,2026-10-09T02:15:04Z,5
2026-10-09T02:20:37Z,6823,2026-10-09T02:15:04Z,5
2026-10-09T02:20:37Z,6825,2026-10-09T02:15:04Z,5
2026-10-09T02:20:37Z,6826,2026-10-09T02:15:04Z,5
2026-10-09T02:20:37Z,6827,2026-10-09T02:15:04Z,5
2026-10-09T02:20:37Z,6828,2026-10-08T19:10:52Z,429
2026-10-09T02:20:37Z,6830,2026-10-09T02:15:04Z,5
2026-10-09T02:20:37Z,6831,2026-10-09T02:15:04Z,5
2026-10-09T02:20:37Z,6832,2026-10-09T02:15:04Z,5
2026-10-09T02:20:37Z,6833,2026-10-09T02:15:04Z,5
2026-10-09T02:20:37Z,6834,2026-10-09T02:15:04Z,5
2026-10-09T02:20:37Z,6835,2026-10-08T18:20:50Z,479
2026-10-09T02:20:37Z,6837,2026-10-09T01:33:42Z,46
2026-10-09T02:20:37Z,6838,2026-10-08T20:32:29Z,348
2026-10-09T02:20:37Z,6839,2026-10-07T12:04:41Z,2295
2026-10-09T02:20:37Z,6841,2026-10-09T02:15:04Z,5
2026-10-09T02:20:37Z,6845,2026-10-08T21:01:14Z,319
2026-10-09T02:20:37Z,6847,2026-10-09T02:15:04Z,5
2026-10-09T02:20:37Z,6849,2026-10-09T02:15:04Z,5
2026-10-09T02:20:37Z,6850,2026-10-08T03:38:55Z,1361
2026-10-09T02:20:37Z,6853,2026-10-08T17:18:10Z,542
2026-10-09T02:20:37Z,6855,2026-10-08T16:29:26Z,591
2026-10-09T02:20:37Z,6856,2026-10-08T21:00:55Z,319
2026-10-09T02:20:37Z,6857,2026-10-08T19:10:54Z,429
2026-10-09T02:20:37Z,6858,2026-10-08T10:00:03Z,980
2026-10-09T02:20:37Z,6860,2026-10-09T01:36:53Z,43
2026-10-09T02:20:37Z,6862,2026-10-08T19:32:04Z,408
2026-10-09T02:20:37Z,6864,2026-10-08T16:47:59Z,572
2026-10-09T02:20:37Z,14360,2026-10-09T02:15:04Z,5
2026-10-09T02:20:37Z,14368,2026-10-07T06:37:59Z,2622
2026-10-09T02:20:37Z,14369,2026-10-08T20:43:31Z,337
2026-10-09T02:20:37Z,14370,2026-10-08T16:54:34Z,566
2026-10-09T02:20:37Z,14371,2026-10-08T04:35:49Z,1304
2026-10-09T02:20:37Z,14372,2026-10-08T22:31:48Z,228
2026-10-09T02:20:37Z,14374,2026-09-29T16:11:14Z,13569
2026-10-09T02:20:37Z,14375,2026-10-01T18:03:22Z,10577
2026-10-09T02:20:37Z,14376,2026-10-08T15:20:51Z,659
2026-10-09T02:20:37Z,14403,2026-10-09T00:23:34Z,117
2026-10-09T02:20:37Z,14404,2026-10-09T02:15:04Z,5
2026-10-09T02:20:37Z,14405,2026-09-12T15:14:13Z,38106
2026-10-09T02:20:37Z,14406,2026-10-08T19:36:52Z,403
2026-10-09T02:20:37Z,14407,2026-09-18T16:52:05Z,29368
2026-10-09T02:20:37Z,14408,2026-09-26T14:42:06Z,17978
2026-10-09T02:20:37Z,14409,2026-10-07T22:28:29Z,1672
2026-10-09T02:20:37Z,14410,2026-10-08T13:00:08Z,800
2026-10-09T02:20:37Z,14411,2026-10-09T02:15:04Z,5
2026-10-09T02:20:37Z,14412,2026-10-09T02:15:04Z,5
2026-10-09T02:20:37Z,14413,2026-10-09T02:15:04Z,5
2026-10-09T02:20:37Z,14414,2026-10-09T02:15:04Z,5
2026-10-09T02:20:37Z,14415,2026-10-09T02:15:04Z,5
2026-10-09T02:20:37Z,14416,2026-10-08T19:10:55Z,429
2026-10-09T02:20:37Z,14417,2026-10-09T02:15:04Z,5
2026-10-09T02:20:37Z,14418,2026-10-08T14:56:47Z,683
2026-10-09T02:20:37Z,14419,2026-10-08T17:22:45Z,537
2026-10-09T02:20:37Z,14420,2026-10-08T18:11:27Z,489
2026-10-09T02:20:37Z,14422,2026-10-09T02:15:04Z,5
2026-10-09T02:20:37Z,14423,2026-10-09T02:15:04Z,5
2026-10-09T02:20:37Z,14424,2026-10-08T21:01:23Z,319
2026-10-09T02:20:37Z,14427,2026-10-09T02:15:04Z,5
2026-10-09T02:20:37Z,14445,2026-10-09T02:15:04Z,5
2026-10-09T02:20:37Z,14446,2026-10-09T02:15:04Z,5
2026-10-09T02:20:37Z,14447,2026-10-09T02:15:04Z,5
2026-10-09T02:20:37Z,14448,2026-10-09T02:15:04Z,5
2026-10-09T02:20:37Z,14449,2026-10-08T21:01:18Z,319
2026-10-09T02:20:37Z,14451,2026-10-09T02:15:04Z,5
2026-10-09T02:20:37Z,14452,2026-10-09T02:15:04Z,5
2026-10-09T02:20:37Z,14453,2026-10-06T17:17:49Z,3422
2026-10-09T02:20:37Z,14454,2026-10-08T12:30:11Z,830
2026-10-09T02:20:37Z,14455,2026-10-09T02:08:51Z,11
2026-10-09T02:20:37Z,14456,2026-10-08T19:10:55Z,429
2026-10-09T02:20:37Z,14457,2026-10-08T19:10:55Z,429
2026-10-09T02:20:37Z,14458,2026-10-08T18:58:36Z,442
2026-10-09T02:20:37Z,14460,2025-08-24T21:39:38Z,590680
2026-10-09T02:20:37Z,14461,2026-10-08T15:48:57Z,631
2026-10-09T02:20:37Z,14464,2026-10-08T15:48:57Z,631
2026-10-09T02:20:37Z,14465,2025-08-24T21:39:38Z,590680
2026-10-09T02:20:37Z,14471,2026-10-09T00:26:53Z,113
2026-10-09T02:20:37Z,14473,2026-10-08T21:00:54Z,319
2026-10-09T02:20:37Z,14475,2026-10-08T17:47:32Z,513
2026-10-09T02:20:37Z,14476,2026-10-08T14:21:43Z,718
2026-10-09T02:20:37Z,14477,2026-10-09T00:01:51Z,138
2026-10-09T02:20:37Z,14478,2026-10-08T08:20:08Z,1080
2026-10-09T02:20:37Z,14479,2026-10-08T16:30:50Z,589
2026-10-09T02:20:37Z,14480,2026-10-08T19:10:55Z,429
2026-10-09T02:20:37Z,14481,2026-10-08T18:10:50Z,489
2026-10-09T02:20:37Z,14484,2026-10-07T00:05:35Z,3015
2026-10-09T02:20:37Z,14485,2026-10-08T21:00:49Z,319
2026-10-09T02:20:37Z,14486,2026-10-08T21:00:53Z,319
2026-10-09T02:20:37Z,14487,2026-10-08T21:00:52Z,319
2026-10-09T02:20:37Z,14488,2026-10-08T21:00:59Z,319
2026-10-09T02:20:37Z,14489,2026-10-08T21:00:45Z,319
2026-10-09T02:20:37Z,14490,2026-10-09T00:01:10Z,139
2026-10-09T02:20:37Z,14498,2026-10-08T16:00:26Z,620
2026-10-09T02:20:37Z,14499,2026-10-09T01:03:04Z,77
2026-10-09T02:20:37Z,14500,2026-10-09T00:32:04Z,108
2026-10-09T02:20:37Z,14502,2026-10-08T17:53:43Z,506
2026-10-09T02:20:37Z,14503,2026-10-09T02:07:13Z,13
2026-10-09T02:20:37Z,14504,2026-10-08T15:32:09Z,648
2026-10-09T02:20:37Z,14506,2026-10-08T21:00:55Z,319
2026-10-09T02:20:37Z,14509,2026-10-08T14:54:00Z,686
2026-10-09T02:20:37Z,14510,2026-10-08T19:10:55Z,429
2026-10-09T02:20:37Z,14511,2026-10-08T19:10:55Z,429
2026-10-09T02:20:37Z,14512,2026-10-08T19:10:56Z,429
2026-10-09T02:20:37Z,14513,2026-10-08T15:48:59Z,631
2026-10-09T02:20:37Z,14515,2026-10-09T02:15:05Z,5
2026-10-09T02:20:37Z,14517,2026-10-09T02:15:05Z,5
2026-10-09T02:20:37Z,14519,2026-10-08T17:06:33Z,554
2026-10-09T02:20:37Z,14521,2026-10-08T19:02:08Z,438
2026-10-09T02:20:37Z,14522,2026-10-08T16:05:21Z,615
2026-10-09T02:20:37Z,14523,2026-10-08T21:58:31Z,262
2026-10-09T02:20:37Z,14525,2026-09-22T10:42:18Z,23978
2026-10-09T02:20:37Z,14526,2026-10-09T02:15:05Z,5
2026-10-09T02:20:37Z,14527,2026-10-08T16:21:02Z,599
2026-10-09T02:20:37Z,14528,2026-10-08T21:21:14Z,299
2026-10-09T02:20:37Z,14529,2026-10-08T21:00:49Z,319
2026-10-09T02:20:37Z,14530,2026-10-08T17:34:57Z,525
2026-10-09T02:20:37Z,14531,2026-10-08T16:31:01Z,589
2026-10-09T02:20:37Z,14532,2026-10-08T15:49:15Z,631
2026-10-09T02:20:37Z,14533,2026-10-08T15:49:16Z,631
2026-10-09T02:20:37Z,14534,2026-10-09T01:36:53Z,43
2026-10-09T02:20:37Z,14535,2026-10-08T15:48:59Z,631
2026-10-09T02:20:37Z,14536,2026-10-08T15:48:59Z,631
2026-10-09T02:20:37Z,14537,2026-10-09T02:15:04Z,5
2026-10-09T02:20:37Z,15365,2026-10-09T00:28:33Z,112
2026-10-09T02:20:37Z,15366,2026-10-09T00:28:13Z,112
2026-10-09T02:20:37Z,15367,2026-10-08T21:01:00Z,319
2026-10-09T02:20:37Z,15368,2026-10-08T09:36:24Z,1004
2026-10-09T02:20:37Z,15369,2026-10-09T01:34:45Z,45
2026-10-09T02:20:37Z,15370,2026-10-09T02:01:06Z,19
2026-10-09T02:20:37Z,15371,2026-10-08T12:00:57Z,859
2026-10-09T02:20:37Z,15372,2026-10-08T14:14:08Z,726
2026-10-09T02:20:37Z,15373,2026-10-08T19:10:57Z,429
2026-10-09T02:20:37Z,15374,2026-08-11T06:32:23Z,84708
2026-10-09T02:20:37Z,15377,2026-10-09T02:15:05Z,5
2026-10-09T02:20:37Z,15378,2026-10-09T02:15:05Z,5
2026-10-09T02:20:37Z,15379,2026-10-08T21:00:55Z,319
2026-10-09T02:20:37Z,15380,2026-10-08T21:01:03Z,319
2026-10-09T02:20:37Z,15381,2026-10-08T19:11:15Z,429
2026-10-09T02:20:37Z,15386,2026-10-09T01:34:47Z,45
2026-10-09T02:20:37Z,15387,2026-10-08T15:49:16Z,631
2026-10-09T02:20:37Z,15393,2026-10-08T20:57:42Z,322
2026-10-09T02:20:37Z,15394,2026-10-09T02:15:04Z,5
2026-10-09T02:20:37Z,15395,2026-10-08T16:18:33Z,602
2026-10-09T02:20:37Z,15396,2026-10-08T19:11:04Z,429
2026-10-09T02:20:37Z,15402,2026-10-08T19:11:05Z,429
2026-10-09T02:20:37Z,15403,2026-10-08T19:11:06Z,429
2026-10-09T02:20:37Z,15404,2026-10-08T19:11:07Z,429
2026-10-09T02:20:37Z,15405,2026-10-09T02:15:04Z,5
2026-10-09T02:20:37Z,15406,2026-10-09T02:15:04Z,5
2026-10-09T02:20:37Z,15407,2026-10-06T12:06:39Z,3733
2026-10-09T02:20:37Z,15408,2026-10-08T12:39:14Z,821
2026-10-09T02:20:37Z,15409,2026-10-08T13:41:09Z,759
2026-10-09T02:20:37Z,15410,2026-10-08T08:38:13Z,1062
2026-10-09T02:20:37Z,15411,2026-10-08T08:21:46Z,1078
2026-10-09T02:20:37Z,15413,2026-10-08T19:11:08Z,429
2026-10-09T02:20:37Z,15414,2026-10-01T09:45:04Z,11075
2026-10-09T02:20:37Z,15415,2026-10-01T09:45:04Z,11075
2026-10-09T02:20:37Z,15416,2026-10-08T12:37:51Z,822
2026-10-09T02:20:37Z,15418,2026-10-08T19:11:08Z,429
2026-10-09T02:20:37Z,15419,2026-10-08T19:11:09Z,429
2026-10-09T02:20:37Z,15420,2026-10-08T19:11:09Z,429
2026-10-09T02:20:37Z,15421,2026-10-08T17:46:25Z,514
2026-10-09T02:20:37Z,15422,2026-10-09T02:15:04Z,5
2026-10-09T02:20:37Z,15423,2026-10-09T01:22:40Z,57
2026-10-09T02:20:37Z,15424,2026-10-08T09:25:44Z,1014
2026-10-09T02:20:37Z,15425,2026-10-05T21:34:47Z,4605
2026-10-09T02:20:37Z,15426,2026-10-06T08:16:32Z,3964
2026-10-09T02:20:37Z,15427,2026-10-09T02:15:04Z,5
2026-10-09T02:20:37Z,15428,2026-10-09T02:15:04Z,5
2026-10-09T02:20:37Z,15429,2026-10-09T02:15:04Z,5
2026-10-09T02:20:37Z,15430,2026-10-09T02:15:04Z,5
2026-10-09T02:20:37Z,15431,2026-10-09T02:15:04Z,5
2026-10-09T02:20:37Z,15432,2026-10-09T02:15:04Z,5
2026-10-09T02:20:37Z,15433,2026-10-09T02:15:04Z,5
2026-10-09T02:20:37Z,15434,2026-10-09T02:15:04Z,5
2026-10-09T02:20:37Z,15435,2026-10-09T02:15:04Z,5
2026-10-09T02:20:37Z,15436,2026-10-09T02:15:04Z,5
2026-10-09T02:20:37Z,15437,2026-10-09T02:15:04Z,5
2026-10-09T02:20:37Z,15438,2026-10-09T02:15:04Z,5
2026-10-09T02:20:37Z,15439,2026-10-09T02:15:04Z,5
2026-10-09T02:20:37Z,15440,2026-10-09T02:15:04Z,5
2026-10-09T02:20:37Z,15441,2026-10-09T02:15:04Z,5
2026-10-09T02:20:37Z,15442,2026-10-09T02:15:04Z,5
2026-10-09T02:20:37Z,15443,2026-10-09T02:15:04Z,5
2026-10-09T02:20:37Z,15444,2026-10-09T02:15:04Z,5
2026-10-09T02:20:37Z,15445,2026-10-09T02:15:04Z,5
2026-10-09T02:20:37Z,15446,2026-10-09T02:15:04Z,5
2026-10-09T02:20:37Z,15447,2026-10-09T02:15:04Z,5
2026-10-09T02:20:37Z,15448,2026-10-09T02:15:04Z,5
2026-10-09T02:20:37Z,15449,2026-10-09T02:15:04Z,5
2026-10-09T02:20:37Z,15450,2026-10-09T02:15:04Z,5
2026-10-09T02:20:37Z,15451,2026-10-09T02:15:04Z,5
2026-10-09T02:20:37Z,15452,2026-10-09T02:15:04Z,5
2026-10-09T02:20:37Z,15453,2026-10-09T02:15:04Z,5
2026-10-09T02:20:37Z,15454,2026-10-09T02:15:04Z,5
2026-10-09T02:20:37Z,15455,2026-10-09T02:15:04Z,5
2026-10-09T02:20:37Z,15456,2026-10-09T02:15:04Z,5
2026-10-09T02:20:37Z,15457,2026-10-09T02:15:04Z,5
2026-10-09T02:20:37Z,15458,2026-10-09T02:15:04Z,5
2026-10-09T02:20:37Z,15459,2026-10-09T02:15:04Z,5
2026-10-09T02:20:37Z,15460,2026-10-09T02:15:04Z,5
2026-10-09T02:20:37Z,15461,2026-10-09T02:15:04Z,5
2026-10-09T02:20:37Z,15462,2026-10-09T02:15:04Z,5
2026-10-09T02:20:37Z,15463,2026-10-09T02:15:04Z,5
2026-10-09T02:20:37Z,15464,2026-10-09T02:15:04Z,5
2026-10-09T02:20:37Z,15465,2026-10-09T02:15:04Z,5
2026-10-09T02:20:37Z,15466,2026-10-09T02:15:04Z,5
2026-10-09T02:20:37Z,15467,2026-10-09T02:15:04Z,5
2026-10-09T02:20:37Z,15468,2026-10-09T02:15:04Z,5
2026-10-09T02:20:37Z,15469,2026-10-09T02:15:04Z,5
2026-10-09T02:20:37Z,15470,2026-10-09T02:15:04Z,5
2026-10-09T02:20:37Z,15471,2026-10-09T02:15:04Z,5
2026-10-09T02:20:37Z,15472,2026-10-09T02:15:04Z,5
2026-10-09T02:20:37Z,15473,2026-10-09T02:15:04Z,5
2026-10-09T02:20:37Z,15474,2026-10-09T02:15:04Z,5
2026-10-09T02:20:37Z,15475,2026-10-09T02:15:04Z,5
2026-10-09T02:20:37Z,15476,2026-10-09T02:15:04Z,5
2026-10-09T02:20:37Z,15477,2026-10-09T02:15:04Z,5
2026-10-09T02:20:37Z,15478,2026-10-09T02:15:04Z,5
2026-10-09T02:20:37Z,15479,2026-10-09T02:15:04Z,5
2026-10-09T02:20:37Z,15480,2026-10-09T02:15:04Z,5
2026-10-09T02:20:37Z,15481,2026-10-09T02:15:04Z,5
2026-10-09T02:20:37Z,15482,2026-10-09T02:15:04Z,5
2026-10-09T02:20:37Z,15483,2026-10-09T02:15:04Z,5
2026-10-09T02:20:37Z,15484,2026-10-09T02:15:04Z,5
2026-10-09T02:20:37Z,15485,2026-10-09T02:15:04Z,5
2026-10-09T02:20:37Z,15486,2026-10-09T02:15:04Z,5
2026-10-09T02:20:37Z,15487,2026-10-09T02:15:04Z,5
2026-10-09T02:20:37Z,15488,2026-10-09T02:15:04Z,5
2026-10-09T02:20:37Z,15489,2026-10-09T02:15:04Z,5
2026-10-09T02:20:37Z,15490,2026-10-09T02:15:04Z,5
2026-10-09T02:20:37Z,15491,2026-10-09T02:15:04Z,5
2026-10-09T02:20:37Z,15492,2026-10-09T02:15:04Z,5
2026-10-09T02:20:37Z,15493,2026-10-09T02:15:04Z,5
2026-10-09T02:20:37Z,15494,2026-10-09T02:15:04Z,5
2026-10-09T02:20:37Z,15495,2026-10-09T02:15:04Z,5
2026-10-09T02:20:37Z,15496,2026-10-09T02:15:04Z,5
2026-10-09T02:20:37Z,15497,2026-10-09T02:15:04Z,5
2026-10-09T02:20:37Z,15498,2026-10-09T02:15:04Z,5
2026-10-09T02:20:37Z,15499,2026-10-09T02:15:04Z,5
2026-10-09T02:20:37Z,15500,2026-10-09T02:15:04Z,5
2026-10-09T02:20:37Z,15501,2026-10-09T02:15:04Z,5
2026-10-09T02:20:37Z,15502,2026-10-09T02:15:04Z,5
2026-10-09T02:20:37Z,15503,2026-10-09T02:15:04Z,5
2026-10-09T02:20:37Z,15504,2026-10-09T02:15:04Z,5
2026-10-09T02:20:37Z,15505,2026-10-09T02:15:04Z,5
2026-10-09T02:20:37Z,15506,2026-10-09T02:15:04Z,5
2026-10-09T02:20:37Z,15507,2026-10-09T02:15:04Z,5
2026-10-09T02:20:37Z,15508,2026-10-09T02:15:04Z,5
2026-10-09T02:20:37Z,15509,2026-10-09T02:15:04Z,5
2026-10-09T02:20:37Z,15510,2026-10-09T02:15:04Z,5
2026-10-09T02:20:37Z,15514,2026-10-09T02:15:04Z,5
2026-10-09T02:20:37Z,15515,2026-10-01T09:45:04Z,11075
2026-10-09T02:20:37Z,15516,2026-10-08T21:01:38Z,318
2026-10-09T02:20:37Z,15517,2026-10-08T21:00:59Z,319
2026-10-09T02:20:37Z,15518,2026-10-08T19:11:09Z,429
2026-10-09T02:20:37Z,15521,2026-10-08T10:45:44Z,934
2026-10-09T02:20:37Z,15522,2026-10-08T14:45:15Z,695
2026-10-09T02:20:37Z,15523,2026-10-08T10:34:30Z,946
2026-10-09T02:20:37Z,15525,2026-10-08T08:31:19Z,1069
2026-10-09T02:20:37Z,15526,2026-10-08T16:33:12Z,587
2026-10-09T02:20:37Z,15527,2026-10-08T11:53:09Z,867
2026-10-09T02:20:37Z,15528,2026-10-08T14:44:52Z,695
2026-10-09T02:20:37Z,15529,2026-10-08T16:35:59Z,584
2026-10-09T02:20:37Z,15530,2026-10-08T09:16:36Z,1024
2026-10-09T02:20:37Z,15531,2026-10-08T16:57:32Z,563
2026-10-09T02:20:37Z,15532,2026-10-08T16:52:13Z,568
2026-10-09T02:20:37Z,15533,2026-10-08T16:50:41Z,569
2026-10-09T02:20:37Z,15534,2026-10-08T19:04:48Z,435
2026-10-09T02:20:37Z,15535,2026-10-01T14:48:13Z,10772
2026-10-09T02:20:37Z,15536,2026-10-08T17:59:41Z,500
2026-10-09T02:20:37Z,15537,2026-10-08T16:09:37Z,611
2026-10-09T02:20:37Z,15539,2026-10-08T16:31:43Z,588
2026-10-09T02:20:37Z,15540,2026-10-09T01:17:16Z,63
2026-10-09T02:20:37Z,15543,2026-10-08T17:27:14Z,533
2026-10-09T02:20:37Z,15544,2026-10-08T10:33:10Z,947
2026-10-09T02:20:37Z,15545,2026-10-08T14:16:11Z,724
2026-10-09T02:20:37Z,15546,2026-10-08T19:11:10Z,429
2026-10-09T02:20:37Z,15547,2026-10-08T19:11:11Z,429
2026-10-09T02:20:37Z,15548,2026-10-08T11:59:06Z,861
2026-10-09T02:20:37Z,15553,2026-10-09T02:15:04Z,5
2026-10-09T02:20:37Z,15554,2026-10-09T02:15:04Z,5
2026-10-09T02:20:37Z,15555,2026-10-09T02:15:04Z,5
2026-10-09T02:20:37Z,15556,2026-10-09T01:38:01Z,42
2026-10-09T02:20:37Z,15557,2026-10-08T19:11:12Z,429
2026-10-09T02:20:37Z,15558,2026-10-09T02:12:22Z,8
2026-10-09T02:20:37Z,15559,2026-10-08T19:11:13Z,429
2026-10-09T02:20:37Z,15560,2026-10-08T19:11:13Z,429
2026-10-09T02:20:37Z,15561,2026-10-09T02:15:05Z,5
2026-10-09T02:20:37Z,15562,2026-10-09T02:15:04Z,5
2026-10-09T02:20:37Z,15563,2026-10-08T21:00:58Z,319
2026-10-09T02:20:37Z,15564,2026-10-08T19:11:13Z,429
2026-10-09T02:20:37Z,15565,2026-10-08T21:01:21Z,319
2026-10-09T02:20:37Z,15566,2026-10-08T23:18:30Z,182
2026-10-09T02:20:37Z,15567,2026-10-08T21:00:53Z,319
2026-10-09T02:20:37Z,15568,2026-10-01T09:45:04Z,11075
2026-10-09T02:20:37Z,15569,2026-10-01T09:45:04Z,11075
2026-10-09T02:20:37Z,15570,2026-10-01T09:37:03Z,11083
2026-10-09T02:20:37Z,15571,2026-10-01T09:37:03Z,11083
2026-10-09T02:20:37Z,15572,2026-10-01T09:45:04Z,11075
2026-10-09T02:20:37Z,15573,2026-10-08T19:11:14Z,429
2026-10-09T02:20:37Z,15574,2026-10-08T19:11:14Z,429
2026-10-09T02:20:37Z,15575,2026-10-08T07:06:20Z,1154
2026-10-09T02:20:37Z,15576,2026-10-08T17:29:25Z,531
2026-10-09T02:20:37Z,15577,2026-10-07T18:29:54Z,1910
2026-10-09T02:20:37Z,15578,2026-10-08T18:18:00Z,482
2026-10-09T02:20:37Z,15579,2026-10-08T19:11:14Z,429
2026-10-09T02:20:37Z,15585,2026-10-08T12:52:19Z,808
2026-10-09T02:20:37Z,15586,2026-10-08T17:14:41Z,545
2026-10-09T02:20:37Z,15587,2026-10-08T08:27:37Z,1073
2026-10-09T02:20:37Z,15588,2026-10-08T17:34:55Z,525
2026-10-09T02:20:37Z,15589,2026-10-08T19:11:16Z,429
2026-10-09T02:20:37Z,15590,2026-10-09T02:15:04Z,5
2026-10-09T02:20:37Z,15591,2026-10-09T02:09:32Z,11
2026-10-09T02:20:37Z,15684,2026-10-08T21:01:27Z,319
2026-10-09T02:20:37Z,15686,2026-10-09T02:15:04Z,5
2026-10-09T02:20:37Z,15687,2026-10-09T02:15:04Z,5
2026-10-09T02:20:37Z,15688,2026-10-09T02:15:04Z,5
2026-10-09T02:20:37Z,15689,2026-10-09T02:15:04Z,5
2026-10-09T02:20:37Z,15690,2026-10-09T02:15:04Z,5
2026-10-09T02:20:37Z,15691,2026-10-09T02:15:04Z,5
2026-10-09T02:20:37Z,15692,2026-10-09T02:05:33Z,15
2026-10-09T02:20:37Z,15693,2026-10-08T14:17:12Z,723
2026-10-09T02:20:37Z,15701,2026-10-08T13:27:44Z,772
2026-10-09T02:20:37Z,15702,2026-10-08T19:02:14Z,438
2026-10-09T02:20:37Z,15703,2026-10-08T16:02:17Z,618
2026-10-09T02:20:37Z,15756,2026-10-09T02:15:04Z,5
2026-10-09T02:20:37Z,15757,2026-10-09T02:15:04Z,5
2026-10-09T02:20:37Z,15758,2026-10-09T02:15:04Z,5
2026-10-09T02:20:37Z,15759,2026-10-09T02:09:09Z,11
2026-10-09T02:20:37Z,15760,2026-10-09T02:15:04Z,5
2026-10-09T02:20:37Z,15763,2026-10-08T13:48:20Z,752
2026-10-09T02:20:37Z,15764,2026-10-08T19:11:19Z,429
2026-10-09T02:20:37Z,15765,2026-10-08T19:11:19Z,429
2026-10-09T02:20:37Z,15767,2026-10-08T19:11:20Z,429
2026-10-09T02:20:37Z,15768,2026-09-15T05:09:11Z,34391
2026-10-09T02:20:37Z,15769,2026-10-09T00:15:36Z,125
2026-10-09T02:20:37Z,15770,2026-10-09T02:15:04Z,5
2026-10-09T02:20:37Z,15771,2026-10-09T02:15:04Z,5
2026-10-09T02:20:37Z,15773,2026-10-09T02:15:04Z,5
2026-10-09T02:20:37Z,15774,2026-10-09T02:15:04Z,5
2026-10-09T02:20:37Z,15775,2026-10-09T02:15:04Z,5
2026-10-09T02:20:37Z,15776,2026-10-09T02:15:04Z,5
2026-10-09T02:20:37Z,15777,2026-10-08T21:00:58Z,319
2026-10-09T02:20:37Z,15778,2026-10-09T02:15:04Z,5
2026-10-09T02:20:37Z,15779,2026-09-16T10:39:13Z,32621
2026-10-09T02:20:37Z,15780,2026-09-16T10:47:02Z,32613
2026-10-09T02:20:37Z,15781,2026-09-16T11:13:56Z,32586
2026-10-09T02:20:37Z,15782,2026-09-16T11:16:36Z,32584
2026-10-09T02:20:37Z,15783,2026-09-30T11:49:10Z,12391
2026-10-09T02:20:37Z,15784,2026-09-16T11:45:31Z,32555
2026-10-09T02:20:37Z,15785,2026-09-22T13:01:43Z,23838
2026-10-09T02:20:37Z,15786,2026-09-16T12:34:55Z,32505
2026-10-09T02:20:37Z,15787,2026-09-16T12:38:19Z,32502
2026-10-09T02:20:37Z,15788,2026-09-16T12:40:56Z,32499
2026-10-09T02:20:37Z,15789,2026-10-08T20:01:52Z,378
2026-10-09T02:20:37Z,15790,2026-10-08T19:11:21Z,429
2026-10-09T02:20:37Z,15791,2026-10-08T19:11:21Z,429
2026-10-09T02:20:37Z,15792,2026-10-01T09:45:04Z,11075
2026-10-09T02:20:37Z,15793,2026-10-01T09:45:04Z,11075
2026-10-09T02:20:37Z,15794,2026-10-01T09:45:04Z,11075
2026-10-09T02:20:37Z,15795,2026-10-09T02:15:04Z,5
2026-10-09T02:20:37Z,15796,2026-10-09T02:15:04Z,5
2026-10-09T02:20:37Z,15797,2026-10-09T02:03:45Z,16
2026-10-09T02:20:37Z,15798,2026-10-08T22:58:16Z,202
2026-10-09T02:20:37Z,15799,2026-10-02T07:15:04Z,9785
2026-10-09T02:20:37Z,15800,2026-10-08T21:00:55Z,319
2026-10-09T02:20:37Z,15801,2026-10-08T21:01:13Z,319
2026-10-09T02:20:37Z,15802,2026-10-09T00:02:13Z,138
2026-10-09T02:20:37Z,15803,2026-10-08T21:01:22Z,319
2026-10-09T02:20:37Z,15804,2026-10-09T02:15:04Z,5
2026-10-09T02:50:39Z,258,2026-10-08T21:00:41Z,349
2026-10-09T02:50:39Z,259,2026-10-08T21:00:45Z,349
2026-10-09T02:50:39Z,260,2026-10-09T00:51:39Z,119
2026-10-09T02:50:39Z,261,2026-10-08T21:01:06Z,349
2026-10-09T02:50:39Z,263,2026-10-08T21:01:01Z,349
2026-10-09T02:50:39Z,264,2026-10-08T21:01:16Z,349
2026-10-09T02:50:39Z,265,2026-10-08T21:01:23Z,349
2026-10-09T02:50:39Z,267,2026-10-08T23:28:05Z,202
2026-10-09T02:50:39Z,268,2026-10-08T21:00:50Z,349
2026-10-09T02:50:39Z,270,2026-10-08T21:00:46Z,349
2026-10-09T02:50:39Z,271,2026-10-08T21:00:47Z,349
2026-10-09T02:50:39Z,272,2026-10-08T21:01:12Z,349
2026-10-09T02:50:39Z,275,2026-07-01T10:22:32Z,143548
2026-10-09T02:50:39Z,276,2026-10-09T00:55:48Z,114
2026-10-09T02:50:39Z,277,2026-07-02T07:26:05Z,142284
2026-10-09T02:50:39Z,278,2026-10-09T00:16:55Z,153
2026-10-09T02:50:39Z,279,2026-10-08T21:01:16Z,349
2026-10-09T02:50:39Z,280,2026-10-08T21:01:11Z,349
2026-10-09T02:50:39Z,281,2026-10-08T21:55:53Z,294
2026-10-09T02:50:39Z,285,2026-10-08T21:01:04Z,349
2026-10-09T02:50:39Z,320,2026-01-06T13:23:56Z,396806
2026-10-09T02:50:39Z,321,2026-10-08T20:14:32Z,396
2026-10-09T02:50:39Z,322,2026-10-08T16:37:10Z,613
2026-10-09T02:50:39Z,323,2026-10-08T19:36:51Z,433
2026-10-09T02:50:39Z,324,2026-10-09T02:36:38Z,14
2026-10-09T02:50:39Z,325,2026-10-08T18:02:15Z,528
2026-10-09T02:50:39Z,375,2026-10-08T22:41:36Z,249
2026-10-09T02:50:39Z,376,2026-10-09T00:04:47Z,165
2026-10-09T02:50:39Z,377,2026-08-10T09:54:33Z,85976
2026-10-09T02:50:39Z,378,2026-10-09T01:27:46Z,82
2026-10-09T02:50:39Z,379,2026-10-08T20:31:18Z,379
2026-10-09T02:50:39Z,380,2026-10-08T21:53:51Z,296
2026-10-09T02:50:39Z,381,2026-10-08T17:43:53Z,546
2026-10-09T02:50:39Z,382,2026-10-08T14:09:33Z,761
2026-10-09T02:50:39Z,383,2026-10-08T21:09:17Z,341
2026-10-09T02:50:39Z,384,2026-10-08T20:45:05Z,365
2026-10-09T02:50:39Z,385,2026-10-08T18:24:20Z,506
2026-10-09T02:50:39Z,386,2026-10-08T19:04:33Z,466
2026-10-09T02:50:39Z,387,2026-10-08T19:16:23Z,454
2026-10-09T02:50:39Z,388,2026-10-09T00:04:54Z,165
2026-10-09T02:50:39Z,389,2026-07-29T06:27:15Z,103463
2026-10-09T02:50:39Z,390,2026-10-02T07:22:23Z,9808
2026-10-09T02:50:39Z,396,2026-10-08T18:17:08Z,513
2026-10-09T02:50:39Z,397,2026-10-08T22:27:26Z,263
2026-10-09T02:50:39Z,398,2026-10-09T01:49:33Z,61
2026-10-09T02:50:39Z,401,2026-10-08T22:11:29Z,279
2026-10-09T02:50:39Z,402,2026-10-08T18:51:37Z,479
2026-10-09T02:50:39Z,403,2026-10-08T23:32:40Z,197
2026-10-09T02:50:39Z,404,2026-10-08T18:23:10Z,507
2026-10-09T02:50:39Z,406,2026-10-08T18:02:03Z,528
2026-10-09T02:50:39Z,408,2026-10-09T00:05:19Z,165
2026-10-09T02:50:39Z,409,2026-10-08T23:26:54Z,203
2026-10-09T02:50:39Z,410,2026-10-08T22:17:04Z,273
2026-10-09T02:50:39Z,412,2026-10-08T17:43:39Z,547
2026-10-09T02:50:39Z,413,2026-10-08T20:07:14Z,403
2026-10-09T02:50:39Z,414,2026-10-09T01:36:44Z,73
2026-10-09T02:50:39Z,416,2026-10-08T18:34:44Z,495
2026-10-09T02:50:39Z,417,2026-10-09T00:04:48Z,165
2026-10-09T02:50:39Z,418,2026-10-08T17:51:35Z,539
2026-10-09T02:50:39Z,419,2026-10-08T19:08:37Z,462
2026-10-09T02:50:39Z,420,2026-10-09T02:31:37Z,19
2026-10-09T02:50:39Z,421,2026-08-17T09:20:08Z,75930
2026-10-09T02:50:39Z,422,2026-10-08T17:25:27Z,565
2026-10-09T02:50:39Z,423,2026-10-08T23:02:33Z,228
2026-10-09T02:50:39Z,424,2026-10-08T19:42:52Z,427
2026-10-09T02:50:39Z,425,2026-10-08T17:16:10Z,574
2026-10-09T02:50:39Z,428,2026-10-09T02:43:27Z,7
2026-10-09T02:50:39Z,429,2026-10-08T18:16:00Z,514
2026-10-09T02:50:39Z,430,2026-10-08T18:12:06Z,518
2026-10-09T02:50:39Z,431,2026-10-08T21:43:06Z,307
2026-10-09T02:50:39Z,432,2026-10-08T20:24:21Z,386
2026-10-09T02:50:39Z,433,2026-10-09T02:34:27Z,16
2026-10-09T02:50:39Z,434,2026-10-09T02:34:56Z,15
2026-10-09T02:50:39Z,435,2026-10-08T17:49:02Z,541
2026-10-09T02:50:39Z,436,2026-10-07T14:11:47Z,2198
2026-10-09T02:50:39Z,439,2026-10-08T14:46:48Z,723
2026-10-09T02:50:39Z,440,2026-10-08T10:21:30Z,989
2026-10-09T02:50:39Z,441,2026-10-05T11:55:49Z,5214
2026-10-09T02:50:39Z,442,2026-10-08T19:30:07Z,440
2026-10-09T02:50:39Z,443,2026-10-09T02:30:12Z,20
2026-10-09T02:50:39Z,444,2026-01-06T13:23:56Z,396806
2026-10-09T02:50:39Z,451,2026-10-08T18:11:47Z,518
2026-10-09T02:50:39Z,454,2026-01-06T13:23:56Z,396806
2026-10-09T02:50:39Z,455,2026-10-08T20:11:58Z,398
2026-10-09T02:50:39Z,498,2026-10-09T02:08:42Z,41
2026-10-09T02:50:39Z,499,2026-10-08T21:20:39Z,330
2026-10-09T02:50:39Z,500,2026-10-08T21:20:46Z,329
2026-10-09T02:50:39Z,501,2026-04-14T16:06:24Z,255524
2026-10-09T02:50:39Z,502,2026-01-06T13:23:56Z,396806
2026-10-09T02:50:39Z,503,2026-09-24T13:53:59Z,20936
2026-10-09T02:50:39Z,504,2026-10-04T13:29:12Z,6561
2026-10-09T02:50:39Z,505,2026-10-07T17:38:51Z,1991
2026-10-09T02:50:39Z,507,2026-10-08T21:01:11Z,349
2026-10-09T02:50:39Z,508,2026-10-08T21:30:40Z,319
2026-10-09T02:50:39Z,509,2026-10-09T01:21:51Z,88
2026-10-09T02:50:39Z,510,2026-10-08T21:00:58Z,349
2026-10-09T02:50:39Z,511,2026-10-08T21:00:49Z,349
2026-10-09T02:50:39Z,512,2026-10-08T23:40:03Z,190
2026-10-09T02:50:39Z,513,2026-10-09T00:23:56Z,146
2026-10-09T02:50:39Z,514,2026-10-09T00:30:52Z,139
2026-10-09T02:50:39Z,515,2026-10-08T21:01:19Z,349
2026-10-09T02:50:39Z,516,2026-10-08T21:01:18Z,349
2026-10-09T02:50:39Z,517,2026-10-08T21:01:25Z,349
2026-10-09T02:50:39Z,518,2026-10-08T21:01:24Z,349
2026-10-09T02:50:39Z,519,2026-10-08T21:00:43Z,349
2026-10-09T02:50:39Z,520,2026-10-08T21:00:55Z,349
2026-10-09T02:50:39Z,521,2026-10-08T21:00:55Z,349
2026-10-09T02:50:39Z,522,2026-10-08T21:00:55Z,349
2026-10-09T02:50:39Z,523,2026-10-08T21:01:03Z,349
2026-10-09T02:50:39Z,524,2026-10-08T21:00:53Z,349
2026-10-09T02:50:39Z,526,2026-10-08T21:01:24Z,349
2026-10-09T02:50:39Z,530,2026-01-06T13:23:56Z,396806
2026-10-09T02:50:39Z,531,2026-10-09T02:40:38Z,10
2026-10-09T02:50:39Z,532,2026-10-08T07:53:00Z,1137
2026-10-09T02:50:39Z,535,2026-10-08T11:21:07Z,929
2026-10-09T02:50:39Z,536,2026-10-07T18:32:37Z,1938
2026-10-09T02:50:39Z,537,2026-10-08T21:01:40Z,348
2026-10-09T02:50:39Z,538,2026-10-08T14:48:59Z,721
2026-10-09T02:50:39Z,539,2026-10-08T20:20:59Z,389
2026-10-09T02:50:39Z,540,2026-10-04T19:03:59Z,6226
2026-10-09T02:50:39Z,584,2026-10-08T19:06:10Z,464
2026-10-09T02:50:39Z,585,2026-10-09T00:14:48Z,155
2026-10-09T02:50:39Z,586,2026-10-08T15:32:49Z,677
2026-10-09T02:50:39Z,589,2026-01-06T13:23:56Z,396806
2026-10-09T02:50:39Z,590,2026-01-06T13:23:56Z,396806
2026-10-09T02:50:39Z,592,2026-10-08T21:01:24Z,349
2026-10-09T02:50:39Z,593,2026-10-08T21:01:10Z,349
2026-10-09T02:50:39Z,594,2026-10-09T01:26:40Z,83
2026-10-09T02:50:39Z,596,2026-10-08T23:38:32Z,192
2026-10-09T02:50:39Z,597,2026-10-08T21:00:47Z,349
2026-10-09T02:50:39Z,598,2026-01-06T13:23:56Z,396806
2026-10-09T02:50:39Z,599,2026-01-06T13:23:56Z,396806
2026-10-09T02:50:39Z,600,2026-01-06T13:23:56Z,396806
2026-10-09T02:50:39Z,664,2026-01-06T13:23:56Z,396806
2026-10-09T02:50:39Z,670,2026-10-09T02:30:34Z,20
2026-10-09T02:50:39Z,671,2026-10-08T21:47:52Z,302
2026-10-09T02:50:39Z,672,2026-10-08T20:27:42Z,382
2026-10-09T02:50:39Z,677,2026-10-08T19:57:32Z,413
2026-10-09T02:50:39Z,678,2026-10-08T21:01:08Z,349
2026-10-09T02:50:39Z,679,2026-10-08T21:01:13Z,349
2026-10-09T02:50:39Z,703,2026-10-05T00:08:31Z,5922
2026-10-09T02:50:39Z,704,2026-10-08T18:39:27Z,491
2026-10-09T02:50:39Z,705,2026-10-09T02:34:06Z,16
2026-10-09T02:50:39Z,707,2026-10-08T13:18:25Z,812
2026-10-09T02:50:39Z,709,2026-10-08T13:34:26Z,796
2026-10-09T02:50:39Z,710,2026-10-09T00:01:17Z,169
2026-10-09T02:50:39Z,712,2026-10-08T13:23:41Z,806
2026-10-09T02:50:39Z,713,2026-10-09T01:17:14Z,93
2026-10-09T02:50:39Z,715,2026-10-08T13:21:57Z,808
2026-10-09T02:50:39Z,717,2026-10-08T18:52:36Z,478
2026-10-09T02:50:39Z,737,2026-10-09T00:59:03Z,111
2026-10-09T02:50:39Z,1269,2026-10-08T20:31:16Z,379
2026-10-09T02:50:39Z,1302,2026-10-08T20:26:08Z,384
2026-10-09T02:50:39Z,1314,2026-10-08T15:43:38Z,667
2026-10-09T02:50:39Z,1315,2026-10-08T19:27:20Z,443
2026-10-09T02:50:39Z,1316,2026-10-09T01:14:03Z,96
2026-10-09T02:50:39Z,1317,2026-10-08T13:38:16Z,792
2026-10-09T02:50:39Z,1321,2026-10-08T20:25:01Z,385
2026-10-09T02:50:39Z,1353,2026-10-08T19:08:13Z,462
2026-10-09T02:50:39Z,1354,2026-10-08T18:04:26Z,526
2026-10-09T02:50:39Z,1363,2026-10-08T13:23:49Z,806
2026-10-09T02:50:39Z,1364,2026-10-08T13:23:49Z,806
2026-10-09T02:50:39Z,1453,2026-10-08T21:01:13Z,349
2026-10-09T02:50:39Z,1454,2026-10-08T21:00:59Z,349
2026-10-09T02:50:39Z,1477,2026-10-03T00:12:47Z,8797
2026-10-09T02:50:39Z,1478,2026-10-04T00:19:38Z,7351
2026-10-09T02:50:39Z,1510,2026-10-09T02:45:03Z,5
2026-10-09T02:50:39Z,1512,2026-10-09T02:45:03Z,5
2026-10-09T02:50:39Z,1514,2026-10-09T02:45:03Z,5
2026-10-09T02:50:39Z,1515,2026-10-09T02:45:03Z,5
2026-10-09T02:50:39Z,1516,2026-10-09T02:45:03Z,5
2026-10-09T02:50:39Z,1517,2026-10-09T02:45:03Z,5
2026-10-09T02:50:39Z,1518,2026-10-09T02:45:03Z,5
2026-10-09T02:50:39Z,1522,2026-10-09T02:45:03Z,5
2026-10-09T02:50:39Z,1523,2026-10-09T02:45:03Z,5
2026-10-09T02:50:39Z,1524,2026-10-09T02:45:03Z,5
2026-10-09T02:50:39Z,1525,2026-10-09T02:45:03Z,5
2026-10-09T02:50:39Z,1529,2026-10-05T08:05:06Z,5445
2026-10-09T02:50:39Z,1530,2026-10-05T14:27:02Z,5063
2026-10-09T02:50:39Z,1531,2026-10-08T08:29:16Z,1101
2026-10-09T02:50:39Z,1532,2026-10-08T00:15:20Z,1595
2026-10-09T02:50:39Z,1534,2026-10-09T02:11:37Z,39
2026-10-09T02:50:39Z,1535,2026-10-09T02:45:03Z,5
2026-10-09T02:50:39Z,1554,2026-10-08T07:48:30Z,1142
2026-10-09T02:50:39Z,1556,2026-10-08T16:22:23Z,628
2026-10-09T02:50:39Z,1557,2026-10-08T20:11:22Z,399
2026-10-09T02:50:39Z,1562,2026-10-06T00:17:21Z,4473
2026-10-09T02:50:39Z,1641,2026-10-09T02:35:52Z,14
2026-10-09T02:50:39Z,1644,2026-10-08T15:32:09Z,678
2026-10-09T02:50:39Z,1645,2026-07-29T06:29:40Z,103460
2026-10-09T02:50:39Z,1647,2026-10-09T00:32:00Z,138
2026-10-09T02:50:39Z,1649,2026-10-08T21:00:54Z,349
2026-10-09T02:50:39Z,1650,2026-10-07T17:14:46Z,2015
2026-10-09T02:50:39Z,1653,2026-10-09T02:35:30Z,15
2026-10-09T02:50:39Z,1655,2026-10-08T16:32:51Z,617
2026-10-09T02:50:39Z,1656,2026-10-08T14:43:50Z,726
2026-10-09T02:50:39Z,1658,2026-10-05T11:40:26Z,5230
2026-10-09T02:50:39Z,1659,2026-10-08T20:57:56Z,352
2026-10-09T02:50:39Z,1662,2026-10-08T00:04:18Z,1606
2026-10-09T02:50:39Z,1663,2026-10-09T02:34:10Z,16
2026-10-09T02:50:39Z,1664,2026-10-08T08:51:25Z,1079
2026-10-09T02:50:39Z,1666,2026-10-07T14:12:19Z,2198
2026-10-09T02:50:39Z,1788,2026-10-09T02:45:05Z,5
2026-10-09T02:50:39Z,1789,2026-10-09T02:45:05Z,5
2026-10-09T02:50:39Z,1790,2026-10-09T02:45:05Z,5
2026-10-09T02:50:39Z,1791,2026-10-09T02:45:05Z,5
2026-10-09T02:50:39Z,1792,2026-10-09T02:45:05Z,5
2026-10-09T02:50:39Z,1793,2026-10-09T02:45:05Z,5
2026-10-09T02:50:39Z,1795,2026-10-09T02:45:05Z,5
2026-10-09T02:50:39Z,1796,2026-10-09T02:45:05Z,5
2026-10-09T02:50:39Z,1797,2026-10-09T02:45:05Z,5
2026-10-09T02:50:39Z,1798,2026-10-09T02:45:05Z,5
2026-10-09T02:50:39Z,1799,2026-10-09T02:45:05Z,5
2026-10-09T02:50:39Z,1800,2026-10-09T02:45:05Z,5
2026-10-09T02:50:39Z,1801,2026-10-09T02:45:05Z,5
2026-10-09T02:50:39Z,1802,2026-10-09T02:45:05Z,5
2026-10-09T02:50:39Z,1803,2026-10-09T02:45:05Z,5
2026-10-09T02:50:39Z,1804,2026-10-09T02:45:05Z,5
2026-10-09T02:50:39Z,1805,2026-10-09T02:45:05Z,5
2026-10-09T02:50:39Z,1806,2026-10-09T02:45:05Z,5
2026-10-09T02:50:39Z,1807,2026-10-09T02:45:05Z,5
2026-10-09T02:50:39Z,1808,2026-10-09T02:45:05Z,5
2026-10-09T02:50:39Z,1809,2026-10-09T02:45:05Z,5
2026-10-09T02:50:39Z,1810,2026-10-09T02:45:05Z,5
2026-10-09T02:50:39Z,1812,2026-10-09T02:45:05Z,5
2026-10-09T02:50:39Z,1813,2026-10-09T02:45:05Z,5
2026-10-09T02:50:39Z,1816,2026-10-09T02:45:05Z,5
2026-10-09T02:50:39Z,1817,2026-10-09T02:45:05Z,5
2026-10-09T02:50:39Z,1818,2026-10-09T02:45:05Z,5
2026-10-09T02:50:39Z,1819,2026-10-09T02:45:05Z,5
2026-10-09T02:50:39Z,1821,2026-10-09T02:45:05Z,5
2026-10-09T02:50:39Z,1822,2026-10-09T02:45:05Z,5
2026-10-09T02:50:39Z,1823,2026-10-09T02:45:05Z,5
2026-10-09T02:50:39Z,1824,2026-10-09T02:45:05Z,5
2026-10-09T02:50:39Z,1825,2026-10-09T02:45:05Z,5
2026-10-09T02:50:39Z,1826,2026-10-09T02:45:05Z,5
2026-10-09T02:50:39Z,1828,2026-10-09T02:45:05Z,5
2026-10-09T02:50:39Z,1829,2026-10-09T02:45:05Z,5
2026-10-09T02:50:39Z,1830,2026-10-09T02:45:05Z,5
2026-10-09T02:50:39Z,1832,2026-10-09T02:45:05Z,5
2026-10-09T02:50:39Z,1833,2026-10-09T02:45:05Z,5
2026-10-09T02:50:39Z,1834,2026-10-09T02:45:05Z,5
2026-10-09T02:50:39Z,1835,2026-10-09T02:45:05Z,5
2026-10-09T02:50:39Z,1836,2026-10-09T02:45:05Z,5
2026-10-09T02:50:39Z,1837,2026-10-09T02:45:05Z,5
2026-10-09T02:50:39Z,1838,2026-10-09T02:45:05Z,5
2026-10-09T02:50:39Z,1839,2026-10-09T02:45:05Z,5
2026-10-09T02:50:39Z,1840,2026-10-09T02:45:05Z,5
2026-10-09T02:50:39Z,1841,2026-10-09T02:45:05Z,5
2026-10-09T02:50:39Z,1842,2026-10-09T02:45:05Z,5
2026-10-09T02:50:39Z,1843,2026-10-09T02:45:05Z,5
2026-10-09T02:50:39Z,1844,2026-10-07T14:05:33Z,2205
2026-10-09T02:50:39Z,1845,2026-10-08T15:03:23Z,707
2026-10-09T02:50:39Z,1846,2026-10-09T02:31:02Z,19
2026-10-09T02:50:39Z,1847,2026-10-08T21:00:52Z,349
2026-10-09T02:50:39Z,1848,2026-10-09T00:21:40Z,148
2026-10-09T02:50:39Z,1851,2026-10-09T02:30:54Z,19
2026-10-09T02:50:39Z,1852,2026-10-07T07:21:05Z,2609
2026-10-09T02:50:39Z,1855,2026-10-08T05:47:59Z,1262
2026-10-09T02:50:39Z,1866,2026-09-22T16:10:30Z,23680
2026-10-09T02:50:39Z,1867,2026-09-29T14:42:26Z,13688
2026-10-09T02:50:39Z,1868,2026-10-08T08:07:59Z,1122
2026-10-09T02:50:39Z,1872,2026-01-06T13:23:56Z,396806
2026-10-09T02:50:39Z,1874,2026-10-08T05:59:20Z,1251
2026-10-09T02:50:39Z,1917,2026-10-07T07:01:09Z,2629
2026-10-09T02:50:39Z,1918,2026-10-09T00:01:43Z,168
2026-10-09T02:50:39Z,1919,2026-10-08T12:00:05Z,890
2026-10-09T02:50:39Z,1920,2026-10-08T15:30:07Z,680
2026-10-09T02:50:39Z,1921,2026-10-07T07:01:09Z,2629
2026-10-09T02:50:39Z,1922,2026-10-07T07:01:09Z,2629
2026-10-09T02:50:39Z,1923,2026-10-08T09:12:30Z,1058
2026-10-09T02:50:39Z,1924,2026-10-08T18:37:07Z,493
2026-10-09T02:50:39Z,1925,2026-10-08T15:06:50Z,703
2026-10-09T02:50:39Z,1926,2026-10-08T16:08:40Z,641
2026-10-09T02:50:39Z,1927,2026-10-08T17:36:22Z,554
2026-10-09T02:50:39Z,1928,2026-10-07T12:38:49Z,2291
2026-10-09T02:50:39Z,1929,2026-10-07T19:13:30Z,1897
2026-10-09T02:50:39Z,1931,2026-10-08T17:28:46Z,561
2026-10-09T02:50:39Z,1932,2026-10-09T00:01:43Z,168
2026-10-09T02:50:39Z,1933,2026-10-08T09:36:58Z,1033
2026-10-09T02:50:39Z,1937,2026-10-09T01:24:35Z,86
2026-10-09T02:50:39Z,1938,2026-10-08T16:43:26Z,607
2026-10-09T02:50:39Z,1939,2026-10-08T11:44:18Z,906
2026-10-09T02:50:39Z,1940,2026-10-09T00:35:41Z,134
2026-10-09T02:50:39Z,1941,2026-10-07T11:54:15Z,2336
2026-10-09T02:50:39Z,1942,2026-10-09T01:11:16Z,99
2026-10-09T02:50:39Z,1943,2026-10-07T07:01:09Z,2629
2026-10-09T02:50:39Z,1944,2026-10-08T06:56:44Z,1193
2026-10-09T02:50:39Z,2413,2026-10-08T19:11:32Z,459
2026-10-09T02:50:39Z,2414,2026-10-08T17:22:46Z,567
2026-10-09T02:50:39Z,2415,2026-10-08T19:18:31Z,452
2026-10-09T02:50:39Z,2416,2026-03-23T07:14:46Z,287735
2026-10-09T02:50:39Z,2417,2026-10-08T16:03:00Z,647
2026-10-09T02:50:39Z,2418,2026-10-08T03:22:19Z,1408
2026-10-09T02:50:39Z,2419,2026-03-23T08:11:39Z,287679
2026-10-09T02:50:39Z,2420,2026-10-08T18:02:41Z,527
2026-10-09T02:50:39Z,2421,2026-10-08T11:02:38Z,948
2026-10-09T02:50:39Z,2424,2026-10-08T16:06:37Z,644
2026-10-09T02:50:39Z,2425,2026-10-09T00:31:24Z,139
2026-10-09T02:50:39Z,2430,2026-10-08T22:48:31Z,242
2026-10-09T02:50:39Z,2435,2026-10-08T21:36:40Z,313
2026-10-09T02:50:39Z,2436,2026-10-09T01:00:58Z,109
2026-10-09T02:50:39Z,2437,2026-10-09T00:15:42Z,154
2026-10-09T02:50:39Z,2439,2026-10-07T13:09:36Z,2261
2026-10-09T02:50:39Z,2575,2026-10-09T02:33:19Z,17
2026-10-09T02:50:39Z,2576,2026-10-08T18:19:49Z,510
2026-10-09T02:50:39Z,2577,2026-10-08T13:18:25Z,812
2026-10-09T02:50:39Z,2580,2026-10-07T11:50:13Z,2340
2026-10-09T02:50:39Z,2581,2026-10-06T06:25:39Z,4105
2026-10-09T02:50:39Z,2584,2026-10-08T09:48:18Z,1022
2026-10-09T02:50:39Z,2585,2026-10-08T10:35:28Z,975
2026-10-09T02:50:39Z,2586,2026-10-08T08:12:48Z,1117
2026-10-09T02:50:39Z,2587,2026-10-08T14:58:36Z,712
2026-10-09T02:50:39Z,2593,2026-10-09T00:59:06Z,111
2026-10-09T02:50:39Z,2594,2026-10-09T02:33:35Z,17
2026-10-09T02:50:39Z,2595,2026-10-09T02:34:07Z,16
2026-10-09T02:50:39Z,2596,2026-10-08T13:33:17Z,797
2026-10-09T02:50:39Z,2603,2026-10-09T02:31:01Z,19
2026-10-09T02:50:39Z,2604,2026-10-06T06:29:08Z,4101
2026-10-09T02:50:39Z,2605,2026-10-08T12:08:22Z,882
2026-10-09T02:50:39Z,2608,2026-10-09T02:31:04Z,19
2026-10-09T02:50:39Z,2609,2026-10-09T00:14:08Z,156
2026-10-09T02:50:39Z,2610,2026-10-09T02:36:51Z,13
2026-10-09T02:50:39Z,2611,2026-10-08T16:13:09Z,637
2026-10-09T02:50:39Z,2613,2026-10-08T13:30:34Z,800
2026-10-09T02:50:39Z,2615,2026-10-08T16:55:06Z,595
2026-10-09T02:50:39Z,2616,2026-10-06T13:01:44Z,3708
2026-10-09T02:50:39Z,2617,2026-10-08T13:40:23Z,790
2026-10-09T02:50:39Z,2618,2026-10-08T18:50:28Z,480
2026-10-09T02:50:39Z,2621,2026-10-07T13:31:28Z,2239
2026-10-09T02:50:39Z,2622,2026-10-09T02:35:37Z,15
2026-10-09T02:50:39Z,2623,2026-10-03T07:42:35Z,8348
2026-10-09T02:50:39Z,2624,2026-10-08T16:21:12Z,629
2026-10-09T02:50:39Z,2625,2026-10-08T22:58:54Z,231
2026-10-09T02:50:39Z,2626,2026-10-08T17:49:35Z,541
2026-10-09T02:50:39Z,2627,2026-10-09T00:59:21Z,111
2026-10-09T02:50:39Z,2628,2026-10-09T02:31:48Z,18
2026-10-09T02:50:39Z,2629,2026-10-08T20:02:33Z,408
2026-10-09T02:50:39Z,2630,2026-10-08T16:03:03Z,647
2026-10-09T02:50:39Z,2631,2026-10-01T13:09:09Z,10901
2026-10-09T02:50:39Z,2632,2026-10-08T12:25:56Z,864
2026-10-09T02:50:39Z,2633,2026-10-08T06:02:50Z,1247
2026-10-09T02:50:39Z,2634,2026-10-09T02:35:35Z,15
2026-10-09T02:50:39Z,2635,2026-10-09T02:06:50Z,43
2026-10-09T02:50:39Z,2636,2026-10-07T08:23:26Z,2547
2026-10-09T02:50:39Z,2644,2026-01-06T13:23:56Z,396806
2026-10-09T02:50:39Z,2646,2026-01-06T13:23:56Z,396806
2026-10-09T02:50:39Z,2648,2026-10-08T19:13:28Z,457
2026-10-09T02:50:39Z,2649,2026-10-09T02:28:51Z,21
2026-10-09T02:50:39Z,2650,2026-10-08T06:07:38Z,1243
2026-10-09T02:50:39Z,2651,2026-10-06T11:51:24Z,3779
2026-10-09T02:50:39Z,2652,2026-10-08T14:23:21Z,747
2026-10-09T02:50:39Z,2653,2026-10-08T09:15:41Z,1054
2026-10-09T02:50:39Z,2654,2026-10-08T14:24:58Z,745
2026-10-09T02:50:39Z,2655,2026-10-08T12:39:49Z,850
2026-10-09T02:50:39Z,2656,2026-10-08T09:56:28Z,1014
2026-10-09T02:50:39Z,2657,2026-10-07T06:12:18Z,2678
2026-10-09T02:50:39Z,2658,2026-10-08T17:33:04Z,557
2026-10-09T02:50:39Z,2659,2026-10-07T07:47:07Z,2583
2026-10-09T02:50:39Z,2661,2026-10-08T12:44:55Z,845
2026-10-09T02:50:39Z,2665,2026-10-09T02:31:26Z,19
2026-10-09T02:50:39Z,2666,2026-10-09T02:45:05Z,5
2026-10-09T02:50:39Z,2667,2026-10-09T02:45:05Z,5
2026-10-09T02:50:39Z,2668,2026-10-09T02:45:05Z,5
2026-10-09T02:50:39Z,2669,2026-10-05T13:28:09Z,5122
2026-10-09T02:50:39Z,2670,2026-10-09T02:44:37Z,6
2026-10-09T02:50:39Z,2671,2026-10-09T02:07:04Z,43
2026-10-09T02:50:39Z,2672,2026-10-08T10:21:04Z,989
2026-10-09T02:50:39Z,2673,2026-10-07T16:10:04Z,2080
2026-10-09T02:50:39Z,2674,2026-10-08T06:00:46Z,1249
2026-10-09T02:50:39Z,2675,2026-10-08T08:50:37Z,1080
2026-10-09T02:50:39Z,2676,2026-10-08T18:52:55Z,477
2026-10-09T02:50:39Z,2677,2026-10-09T02:45:05Z,5
2026-10-09T02:50:39Z,2682,2026-10-08T13:18:17Z,812
2026-10-09T02:50:39Z,2683,2026-10-09T02:09:11Z,41
2026-10-09T02:50:39Z,2684,2026-10-08T17:32:26Z,558
2026-10-09T02:50:39Z,2686,2026-10-08T11:45:20Z,905
2026-10-09T02:50:39Z,2687,2026-10-08T22:40:08Z,250
2026-10-09T02:50:39Z,2688,2026-10-05T15:38:41Z,4991
2026-10-09T02:50:39Z,2689,2026-10-08T15:50:34Z,660
2026-10-09T02:50:39Z,2690,2026-10-08T07:35:25Z,1155
2026-10-09T02:50:39Z,2691,2026-10-08T15:59:13Z,651
2026-10-09T02:50:39Z,2692,2026-10-08T05:01:41Z,1308
2026-10-09T02:50:39Z,2693,2026-10-08T14:09:50Z,760
2026-10-09T02:50:39Z,2694,2026-10-08T19:44:07Z,426
2026-10-09T02:50:39Z,2696,2026-10-08T12:24:17Z,866
2026-10-09T02:50:39Z,2697,2026-10-08T16:04:55Z,645
2026-10-09T02:50:39Z,2698,2026-10-07T07:01:09Z,2629
2026-10-09T02:50:39Z,2699,2026-10-09T02:18:37Z,32
2026-10-09T02:50:39Z,2700,2026-10-07T00:04:18Z,3046
2026-10-09T02:50:39Z,2701,2026-10-08T16:19:21Z,631
2026-10-09T02:50:39Z,2702,2026-10-08T23:39:36Z,191
2026-10-09T02:50:39Z,2703,2026-10-07T07:01:09Z,2629
2026-10-09T02:50:39Z,2704,2026-10-07T20:43:53Z,1806
2026-10-09T02:50:39Z,2705,2026-10-08T17:13:27Z,577
2026-10-09T02:50:39Z,2706,2026-10-08T12:47:09Z,843
2026-10-09T02:50:39Z,2707,2026-10-08T09:01:19Z,1069
2026-10-09T02:50:39Z,2708,2026-10-08T20:31:29Z,379
2026-10-09T02:50:39Z,2709,2026-10-08T12:27:02Z,863
2026-10-09T02:50:39Z,2710,2026-07-29T06:29:49Z,103460
2026-10-09T02:50:39Z,2716,2026-10-09T00:04:56Z,165
2026-10-09T02:50:39Z,2717,2026-10-08T17:42:46Z,547
2026-10-09T02:50:39Z,2718,2026-10-08T21:49:46Z,300
2026-10-09T02:50:39Z,2719,2026-10-09T02:36:41Z,13
2026-10-09T02:50:39Z,2722,2026-10-07T08:41:59Z,2528
2026-10-09T02:50:39Z,2724,2026-10-08T06:53:41Z,1196
2026-10-09T02:50:39Z,2726,2026-10-09T02:31:40Z,18
2026-10-09T02:50:39Z,2727,2026-10-08T11:26:47Z,923
2026-10-09T02:50:39Z,2728,2026-10-08T09:42:40Z,1027
2026-10-09T02:50:39Z,2729,2026-10-08T18:31:02Z,499
2026-10-09T02:50:39Z,2734,2026-07-29T06:33:24Z,103457
2026-10-09T02:50:39Z,2736,2026-10-07T15:38:04Z,2112
2026-10-09T02:50:39Z,2738,2026-10-07T09:50:35Z,2460
2026-10-09T02:50:39Z,2739,2026-10-08T23:22:43Z,207
2026-10-09T02:50:39Z,2740,2026-10-08T19:21:07Z,449
2026-10-09T02:50:39Z,2743,2026-10-08T14:31:27Z,739
2026-10-09T02:50:39Z,2746,2026-10-06T06:10:02Z,4120
2026-10-09T02:50:39Z,2748,2026-10-08T08:16:20Z,1114
2026-10-09T02:50:39Z,2757,2026-10-08T15:51:22Z,659
2026-10-09T02:50:39Z,2758,2026-10-08T22:41:08Z,249
2026-10-09T02:50:39Z,2759,2026-10-08T18:03:21Z,527
2026-10-09T02:50:39Z,2760,2026-10-09T00:01:55Z,168
2026-10-09T02:50:39Z,2761,2026-10-08T20:30:33Z,380
2026-10-09T02:50:39Z,2763,2026-10-08T17:31:52Z,558
2026-10-09T02:50:39Z,2764,2026-10-08T19:51:47Z,418
2026-10-09T02:50:39Z,2765,2026-10-08T18:16:06Z,514
2026-10-09T02:50:39Z,2766,2026-10-08T17:33:35Z,557
2026-10-09T02:50:39Z,2767,2026-10-07T07:01:09Z,2629
2026-10-09T02:50:39Z,2768,2026-10-08T20:54:57Z,355
2026-10-09T02:50:39Z,2769,2026-10-08T13:37:57Z,792
2026-10-09T02:50:39Z,2770,2026-10-08T19:55:44Z,414
2026-10-09T02:50:39Z,2771,2026-10-09T02:45:05Z,5
2026-10-09T02:50:39Z,2772,2026-10-09T02:45:05Z,5
2026-10-09T02:50:39Z,2773,2026-10-08T21:01:29Z,349
2026-10-09T02:50:39Z,2774,2026-10-08T21:00:49Z,349
2026-10-09T02:50:39Z,2778,2026-10-08T21:01:14Z,349
2026-10-09T02:50:39Z,2779,2026-10-08T21:02:57Z,347
2026-10-09T02:50:39Z,2780,2026-10-08T21:00:51Z,349
2026-10-09T02:50:39Z,2782,2026-10-08T21:01:29Z,349
2026-10-09T02:50:39Z,2788,2026-10-08T21:01:07Z,349
2026-10-09T02:50:39Z,2789,2026-10-08T21:00:48Z,349
2026-10-09T02:50:39Z,2791,2026-10-08T21:01:29Z,349
2026-10-09T02:50:39Z,2792,2026-10-09T01:22:31Z,88
2026-10-09T02:50:39Z,2794,2026-10-08T21:01:15Z,349
2026-10-09T02:50:39Z,2795,2026-10-08T21:01:13Z,349
2026-10-09T02:50:39Z,2796,2026-10-08T21:01:12Z,349
2026-10-09T02:50:39Z,2797,2026-10-08T21:00:50Z,349
2026-10-09T02:50:39Z,2798,2026-10-08T21:00:43Z,349
2026-10-09T02:50:39Z,2799,2026-10-08T21:00:44Z,349
2026-10-09T02:50:39Z,2800,2026-10-08T21:01:18Z,349
2026-10-09T02:50:39Z,2802,2026-09-01T06:51:28Z,54479
2026-10-09T02:50:39Z,2803,2026-10-08T22:01:17Z,289
2026-10-09T02:50:39Z,2804,2026-10-08T21:01:03Z,349
2026-10-09T02:50:39Z,2805,2026-10-08T09:13:13Z,1057
2026-10-09T02:50:39Z,2806,2026-10-08T21:00:52Z,349
2026-10-09T02:50:39Z,2807,2026-10-08T21:00:46Z,349
2026-10-09T02:50:39Z,2808,2026-10-09T00:23:07Z,147
2026-10-09T02:50:39Z,2809,2026-10-09T00:23:07Z,147
2026-10-09T02:50:39Z,2810,2026-10-09T00:28:43Z,141
2026-10-09T02:50:39Z,2811,2026-10-08T21:00:59Z,349
2026-10-09T02:50:39Z,2812,2026-10-08T21:00:51Z,349
2026-10-09T02:50:39Z,2813,2026-10-08T21:00:55Z,349
2026-10-09T02:50:39Z,2814,2026-10-08T21:00:42Z,349
2026-10-09T02:50:39Z,2815,2026-10-08T22:35:47Z,254
2026-10-09T02:50:39Z,2816,2026-10-08T22:41:14Z,249
2026-10-09T02:50:39Z,2817,2026-10-08T21:00:54Z,349
2026-10-09T02:50:39Z,2818,2026-10-08T21:01:11Z,349
2026-10-09T02:50:39Z,2819,2026-10-08T21:00:53Z,349
2026-10-09T02:50:39Z,2820,2026-10-08T18:28:10Z,502
2026-10-09T02:50:39Z,2821,2026-10-09T01:28:24Z,82
2026-10-09T02:50:39Z,2822,2026-10-09T00:27:50Z,142
2026-10-09T02:50:39Z,2824,2026-10-08T21:01:48Z,348
2026-10-09T02:50:39Z,2825,2026-02-23T12:04:04Z,327766
2026-10-09T02:50:39Z,2826,2026-10-08T21:01:25Z,349
2026-10-09T02:50:39Z,2827,2026-10-08T16:06:48Z,643
2026-10-09T02:50:39Z,2828,2026-10-08T21:02:26Z,348
2026-10-09T02:50:39Z,2829,2026-10-08T21:01:09Z,349
2026-10-09T02:50:39Z,2830,2026-10-08T21:00:47Z,349
2026-10-09T02:50:39Z,2831,2026-10-08T21:01:12Z,349
2026-10-09T02:50:39Z,2832,2026-10-08T21:00:51Z,349
2026-10-09T02:50:39Z,2833,2026-05-14T09:37:50Z,212712
2026-10-09T02:50:39Z,2834,2026-10-08T21:00:50Z,349
2026-10-09T02:50:39Z,2835,2026-10-08T21:01:23Z,349
2026-10-09T02:50:39Z,2836,2026-10-08T21:00:52Z,349
2026-10-09T02:50:39Z,2837,2026-10-08T21:01:10Z,349
2026-10-09T02:50:39Z,2838,2026-10-08T21:01:10Z,349
2026-10-09T02:50:39Z,2839,2026-10-08T21:00:57Z,349
2026-10-09T02:50:39Z,2840,2026-10-08T19:10:07Z,460
2026-10-09T02:50:39Z,2841,2026-10-09T00:50:57Z,119
2026-10-09T02:50:39Z,2843,2026-10-08T20:38:01Z,372
2026-10-09T02:50:39Z,2844,2026-10-08T21:12:34Z,338
2026-10-09T02:50:39Z,2845,2026-10-09T02:27:32Z,23
2026-10-09T02:50:39Z,2846,2026-10-04T16:35:41Z,6374
2026-10-09T02:50:39Z,2847,2026-10-09T02:41:12Z,9
2026-10-09T02:50:39Z,2848,2026-10-08T16:04:42Z,645
2026-10-09T02:50:39Z,2849,2026-10-08T13:39:27Z,791
2026-10-09T02:50:39Z,2850,2026-10-08T19:46:47Z,423
2026-10-09T02:50:39Z,2851,2026-10-09T00:30:45Z,139
2026-10-09T02:50:39Z,2852,2026-10-05T01:21:38Z,5849
2026-10-09T02:50:39Z,2853,2026-10-08T13:21:25Z,809
2026-10-09T02:50:39Z,2855,2026-10-09T02:40:12Z,10
2026-10-09T02:50:39Z,2856,2026-10-08T15:38:38Z,672
2026-10-09T02:50:39Z,2857,2026-10-08T17:13:28Z,577
2026-10-09T02:50:39Z,2858,2026-10-05T09:48:16Z,5342
2026-10-09T02:50:39Z,2859,2026-10-08T14:09:26Z,761
2026-10-09T02:50:39Z,2860,2026-10-08T09:36:50Z,1033
2026-10-09T02:50:39Z,2861,2026-10-08T10:37:48Z,972
2026-10-09T02:50:39Z,2862,2026-10-08T05:33:43Z,1276
2026-10-09T02:50:39Z,2863,2026-10-08T10:20:42Z,989
2026-10-09T02:50:39Z,2864,2026-10-07T15:04:29Z,2146
2026-10-09T02:50:39Z,2865,2026-10-08T13:53:46Z,776
2026-10-09T02:50:39Z,2866,2026-10-07T08:34:19Z,2536
2026-10-09T02:50:39Z,2867,2026-10-08T20:28:20Z,382
2026-10-09T02:50:39Z,2868,2026-10-08T15:33:10Z,677
2026-10-09T02:50:39Z,2869,2026-10-08T11:51:18Z,899
2026-10-09T02:50:39Z,2870,2026-10-08T12:28:44Z,861
2026-10-09T02:50:39Z,2871,2026-10-08T19:06:05Z,464
2026-10-09T02:50:39Z,2872,2026-10-08T15:01:03Z,709
2026-10-09T02:50:39Z,2873,2026-10-08T09:34:41Z,1035
2026-10-09T02:50:39Z,2874,2026-10-08T13:08:30Z,822
2026-10-09T02:50:39Z,2875,2026-10-08T08:28:56Z,1101
2026-10-09T02:50:39Z,2876,2026-10-08T19:07:15Z,463
2026-10-09T02:50:39Z,2877,2026-10-08T17:51:47Z,538
2026-10-09T02:50:39Z,2878,2026-10-08T00:02:10Z,1608
2026-10-09T02:50:39Z,2879,2026-10-08T19:33:40Z,436
2026-10-09T02:50:39Z,2880,2026-10-09T00:01:42Z,168
2026-10-09T02:50:39Z,2881,2026-10-08T01:17:40Z,1532
2026-10-09T02:50:39Z,2882,2026-10-09T00:02:11Z,168
2026-10-09T02:50:39Z,2883,2026-10-09T00:01:29Z,169
2026-10-09T02:50:39Z,2884,2026-10-09T00:01:48Z,168
2026-10-09T02:50:39Z,2885,2026-10-08T19:31:06Z,439
2026-10-09T02:50:39Z,2886,2026-10-07T07:01:09Z,2629
2026-10-09T02:50:39Z,2887,2026-10-07T11:32:47Z,2357
2026-10-09T02:50:39Z,2889,2026-10-09T00:01:21Z,169
2026-10-09T02:50:39Z,2890,2026-10-08T15:39:56Z,670
2026-10-09T02:50:39Z,2891,2026-10-08T11:57:22Z,893
2026-10-09T02:50:39Z,2892,2026-10-08T12:23:52Z,866
2026-10-09T02:50:39Z,2893,2026-10-08T12:53:06Z,837
2026-10-09T02:50:39Z,2894,2026-10-08T14:27:10Z,743
2026-10-09T02:50:39Z,2895,2026-10-08T16:18:12Z,632
2026-10-09T02:50:39Z,2896,2026-10-08T19:43:16Z,427
2026-10-09T02:50:39Z,2897,2026-10-09T00:03:55Z,166
2026-10-09T02:50:39Z,2898,2026-10-08T07:05:33Z,1185
2026-10-09T02:50:39Z,2899,2026-10-08T15:30:57Z,679
2026-10-09T02:50:39Z,2900,2026-10-06T04:31:31Z,4219
2026-10-09T02:50:39Z,2901,2026-10-08T20:34:56Z,375
2026-10-09T02:50:39Z,2902,2026-10-08T17:10:04Z,580
2026-10-09T02:50:39Z,2903,2026-10-08T19:40:16Z,430
2026-10-09T02:50:39Z,2904,2026-10-08T15:10:16Z,700
2026-10-09T02:50:39Z,2906,2026-10-09T00:01:34Z,169
2026-10-09T02:50:39Z,2907,2026-10-08T18:16:02Z,514
2026-10-09T02:50:39Z,2908,2026-10-07T15:08:03Z,2142
2026-10-09T02:50:39Z,2909,2026-10-08T14:18:28Z,752
2026-10-09T02:50:39Z,2911,2026-10-08T14:07:00Z,763
2026-10-09T02:50:39Z,2912,2026-10-08T15:35:57Z,674
2026-10-09T02:50:39Z,2913,2026-10-08T17:01:26Z,589
2026-10-09T02:50:39Z,2914,2026-10-08T16:01:00Z,649
2026-10-09T02:50:39Z,2915,2026-10-08T13:54:22Z,776
2026-10-09T02:50:39Z,2916,2026-10-08T09:23:06Z,1047
2026-10-09T02:50:39Z,2917,2026-10-08T15:02:06Z,708
2026-10-09T02:50:39Z,2918,2026-10-08T14:37:10Z,733
2026-10-09T02:50:39Z,2919,2026-10-09T01:51:29Z,59
2026-10-09T02:50:39Z,2920,2026-10-09T00:02:13Z,168
2026-10-09T02:50:39Z,2921,2026-10-08T16:21:38Z,629
2026-10-09T02:50:39Z,2922,2026-10-07T07:09:19Z,2621
2026-10-09T02:50:39Z,2923,2026-10-05T08:48:50Z,5401
2026-10-09T02:50:39Z,2924,2026-10-07T12:05:22Z,2325
2026-10-09T02:50:39Z,2925,2026-10-05T11:02:46Z,5267
2026-10-09T02:50:39Z,2926,2026-10-08T13:27:39Z,803
2026-10-09T02:50:39Z,2927,2026-10-08T20:21:55Z,388
2026-10-09T02:50:39Z,2928,2026-10-08T06:48:58Z,1201
2026-10-09T02:50:39Z,2929,2026-10-08T16:58:44Z,591
2026-10-09T02:50:39Z,2930,2026-10-08T13:17:04Z,813
2026-10-09T02:50:39Z,2931,2026-10-08T14:47:43Z,722
2026-10-09T02:50:39Z,2932,2026-10-08T17:42:13Z,548
2026-10-09T02:50:39Z,2933,2026-10-08T20:34:59Z,375
2026-10-09T02:50:39Z,2934,2026-10-08T07:48:10Z,1142
2026-10-09T02:50:39Z,2935,2026-10-08T16:04:55Z,645
2026-10-09T02:50:39Z,2936,2026-10-08T10:56:26Z,954
2026-10-09T02:50:39Z,2937,2026-10-08T20:57:20Z,353
2026-10-09T02:50:39Z,2938,2026-10-08T08:47:58Z,1082
2026-10-09T02:50:39Z,2939,2026-10-09T00:02:13Z,168
2026-10-09T02:50:39Z,2940,2026-10-08T15:18:44Z,691
2026-10-09T02:50:39Z,2941,2026-10-08T14:03:26Z,767
2026-10-09T02:50:39Z,2942,2026-10-08T15:51:41Z,658
2026-10-09T02:50:39Z,2943,2026-10-08T14:59:04Z,711
2026-10-09T02:50:39Z,2944,2026-10-08T13:56:08Z,774
2026-10-09T02:50:39Z,2945,2026-10-07T15:12:14Z,2138
2026-10-09T02:50:39Z,2981,2026-10-08T15:48:03Z,662
2026-10-09T02:50:39Z,2982,2026-10-03T11:15:04Z,8135
2026-10-09T02:50:39Z,2983,2026-10-08T17:39:57Z,550
2026-10-09T02:50:39Z,2984,2026-10-08T10:33:21Z,977
2026-10-09T02:50:39Z,2985,2026-10-08T13:42:32Z,788
2026-10-09T02:50:39Z,2986,2026-10-08T16:23:45Z,626
2026-10-09T02:50:39Z,2987,2026-10-08T20:55:30Z,355
2026-10-09T02:50:39Z,2988,2026-10-09T02:39:30Z,11
2026-10-09T02:50:39Z,2989,2026-10-08T18:42:35Z,488
2026-10-09T02:50:39Z,2990,2026-10-08T15:29:10Z,681
2026-10-09T02:50:39Z,2991,2026-10-08T15:42:07Z,668
2026-10-09T02:50:39Z,2992,2026-10-08T09:32:10Z,1038
2026-10-09T02:50:39Z,2993,2026-10-08T11:45:17Z,905
2026-10-09T02:50:39Z,2994,2026-10-08T15:35:36Z,675
2026-10-09T02:50:39Z,2995,2026-10-07T14:59:31Z,2151
2026-10-09T02:50:39Z,2996,2026-10-08T20:33:29Z,377
2026-10-09T02:50:39Z,2997,2026-10-08T20:33:29Z,377
2026-10-09T02:50:39Z,2999,2026-10-08T14:02:45Z,767
2026-10-09T02:50:39Z,3000,2026-10-08T23:00:59Z,229
2026-10-09T02:50:39Z,3001,2026-10-08T18:26:30Z,504
2026-10-09T02:50:39Z,3002,2026-10-08T15:27:58Z,682
2026-10-09T02:50:39Z,3003,2026-10-08T15:14:50Z,695
2026-10-09T02:50:39Z,3009,2026-10-09T02:45:05Z,5
2026-10-09T02:50:39Z,3011,2026-10-09T01:37:12Z,73
2026-10-09T02:50:39Z,3035,2026-10-08T20:34:42Z,375
2026-10-09T02:50:39Z,3037,2026-10-09T00:29:08Z,141
2026-10-09T02:50:39Z,3038,2026-10-09T02:22:54Z,27
2026-10-09T02:50:39Z,3042,2026-10-09T00:09:10Z,161
2026-10-09T02:50:39Z,3043,2026-10-08T13:23:46Z,806
2026-10-09T02:50:39Z,3044,2026-10-08T20:30:32Z,380
2026-10-09T02:50:39Z,3045,2026-10-09T00:34:31Z,136
2026-10-09T02:50:39Z,3046,2026-10-08T20:38:03Z,372
2026-10-09T02:50:39Z,3049,2026-10-08T21:40:09Z,310
2026-10-09T02:50:39Z,3050,2026-10-08T17:30:16Z,560
2026-10-09T02:50:39Z,3052,2026-10-09T00:45:06Z,125
2026-10-09T02:50:39Z,3053,2026-10-08T18:46:24Z,484
2026-10-09T02:50:39Z,3054,2026-10-09T01:02:28Z,108
2026-10-09T02:50:39Z,3055,2026-10-08T13:34:36Z,796
2026-10-09T02:50:39Z,3056,2026-10-08T13:31:30Z,799
2026-10-09T02:50:39Z,3057,2026-10-08T13:31:49Z,798
2026-10-09T02:50:39Z,3058,2026-10-08T20:37:16Z,373
2026-10-09T02:50:39Z,3059,2026-10-09T01:47:37Z,63
2026-10-09T02:50:39Z,3060,2026-10-08T16:14:10Z,636
2026-10-09T02:50:39Z,3061,2026-10-09T02:45:05Z,5
2026-10-09T02:50:39Z,3062,2026-10-09T02:44:44Z,5
2026-10-09T02:50:39Z,3063,2026-10-08T00:01:57Z,1608
2026-10-09T02:50:39Z,3064,2026-10-08T05:30:58Z,1279
2026-10-09T02:50:39Z,3065,2026-10-08T18:22:42Z,507
2026-10-09T02:50:39Z,3066,2026-10-08T16:47:58Z,602
2026-10-09T02:50:39Z,3067,2026-10-08T12:04:15Z,886
2026-10-09T02:50:39Z,3068,2026-10-07T14:32:39Z,2178
2026-10-09T02:50:39Z,3069,2026-10-07T07:01:09Z,2629
2026-10-09T02:50:39Z,3070,2026-10-08T13:06:50Z,823
2026-10-09T02:50:39Z,3071,2026-10-08T17:03:48Z,586
2026-10-09T02:50:39Z,3072,2026-10-08T15:59:10Z,651
2026-10-09T02:50:39Z,3073,2026-10-09T01:07:30Z,103
2026-10-09T02:50:39Z,3074,2026-10-08T13:29:12Z,801
2026-10-09T02:50:39Z,3075,2026-10-08T13:29:03Z,801
2026-10-09T02:50:39Z,3076,2026-10-08T14:43:48Z,726
2026-10-09T02:50:39Z,3077,2026-10-08T11:32:04Z,918
2026-10-09T02:50:39Z,3078,2026-10-07T10:48:47Z,2401
2026-10-09T02:50:39Z,3079,2026-10-07T12:27:19Z,2303
2026-10-09T02:50:39Z,3080,2026-10-09T00:02:02Z,168
2026-10-09T02:50:39Z,3081,2026-10-09T02:22:56Z,27
2026-10-09T02:50:39Z,3082,2026-10-08T14:28:46Z,741
2026-10-09T02:50:39Z,3083,2026-10-09T02:28:14Z,22
2026-10-09T02:50:39Z,3084,2026-10-08T16:51:56Z,598
2026-10-09T02:50:39Z,3085,2026-10-07T16:35:10Z,2055
2026-10-09T02:50:39Z,3086,2026-10-08T16:55:58Z,594
2026-10-09T02:50:39Z,3087,2026-10-05T12:02:18Z,5208
2026-10-09T02:50:39Z,3088,2026-10-08T17:03:03Z,587
2026-10-09T02:50:39Z,3089,2026-10-08T15:40:12Z,670
2026-10-09T02:50:39Z,3091,2026-10-08T16:44:59Z,605
2026-10-09T02:50:39Z,3092,2026-10-08T17:34:41Z,555
2026-10-09T02:50:39Z,3093,2026-10-08T18:31:15Z,499
2026-10-09T02:50:39Z,3094,2026-10-08T22:55:35Z,235
2026-10-09T02:50:39Z,3095,2026-10-06T06:06:51Z,4123
2026-10-09T02:50:39Z,3096,2026-10-08T12:56:11Z,834
2026-10-09T02:50:39Z,3101,2026-10-08T09:44:43Z,1025
2026-10-09T02:50:39Z,3102,2026-10-08T16:58:14Z,592
2026-10-09T02:50:39Z,3103,2026-10-09T01:36:58Z,73
2026-10-09T02:50:39Z,3105,2026-10-09T01:36:58Z,73
2026-10-09T02:50:39Z,3107,2026-10-09T01:59:12Z,51
2026-10-09T02:50:39Z,3108,2026-10-08T21:00:58Z,349
2026-10-09T02:50:39Z,3109,2026-10-09T01:45:13Z,65
2026-10-09T02:50:39Z,3110,2026-10-08T19:46:34Z,424
2026-10-09T02:50:39Z,3111,2026-10-08T18:13:43Z,516
2026-10-09T02:50:39Z,3112,2026-10-08T18:05:00Z,525
2026-10-09T02:50:39Z,3113,2026-10-08T18:53:19Z,477
2026-10-09T02:50:39Z,3116,2026-10-09T00:18:07Z,152
2026-10-09T02:50:39Z,3117,2026-10-08T13:30:35Z,800
2026-10-09T02:50:39Z,3118,2026-10-08T08:32:08Z,1098
2026-10-09T02:50:39Z,3131,2026-10-09T00:01:07Z,169
2026-10-09T02:50:39Z,3132,2026-10-09T02:45:03Z,5
2026-10-09T02:50:39Z,3133,2026-10-09T02:45:03Z,5
2026-10-09T02:50:39Z,3134,2026-10-09T02:45:03Z,5
2026-10-09T02:50:39Z,3135,2026-10-09T02:45:03Z,5
2026-10-09T02:50:39Z,3136,2026-10-09T02:45:03Z,5
2026-10-09T02:50:39Z,3137,2026-10-09T02:45:03Z,5
2026-10-09T02:50:39Z,3138,2026-10-09T02:45:03Z,5
2026-10-09T02:50:39Z,3139,2026-10-08T17:33:29Z,557
2026-10-09T02:50:39Z,3140,2026-10-08T13:09:00Z,821
2026-10-09T02:50:39Z,3141,2026-10-08T10:46:50Z,963
2026-10-09T02:50:39Z,3142,2026-10-08T23:00:50Z,229
2026-10-09T02:50:39Z,3143,2026-10-09T02:32:38Z,18
2026-10-09T02:50:39Z,3144,2026-10-08T20:44:55Z,365
2026-10-09T02:50:39Z,3149,2026-10-09T02:45:03Z,5
2026-10-09T02:50:39Z,3150,2026-10-09T02:45:03Z,5
2026-10-09T02:50:39Z,3151,2026-10-09T02:45:03Z,5
2026-10-09T02:50:39Z,3152,2026-10-09T02:45:03Z,5
2026-10-09T02:50:39Z,3153,2026-10-08T15:29:31Z,681
2026-10-09T02:50:39Z,3154,2026-10-09T02:10:26Z,40
2026-10-09T02:50:39Z,3155,2026-10-09T02:45:03Z,5
2026-10-09T02:50:39Z,3156,2026-10-09T02:45:03Z,5
2026-10-09T02:50:39Z,3157,2026-10-09T02:45:03Z,5
2026-10-09T02:50:39Z,3158,2026-10-09T02:45:03Z,5
2026-10-09T02:50:39Z,3159,2026-10-09T02:45:03Z,5
2026-10-09T02:50:39Z,3160,2026-10-08T13:15:16Z,815
2026-10-09T02:50:39Z,3161,2026-10-09T02:45:03Z,5
2026-10-09T02:50:39Z,3162,2026-10-09T02:45:03Z,5
2026-10-09T02:50:39Z,3163,2026-10-09T02:45:03Z,5
2026-10-09T02:50:39Z,3164,2026-10-09T02:45:03Z,5
2026-10-09T02:50:39Z,3166,2026-10-09T02:45:03Z,5
2026-10-09T02:50:39Z,3167,2026-10-09T02:45:03Z,5
2026-10-09T02:50:39Z,3168,2026-10-09T02:45:03Z,5
2026-10-09T02:50:39Z,3169,2026-10-09T02:45:03Z,5
2026-10-09T02:50:39Z,3170,2026-10-08T18:58:00Z,472
2026-10-09T02:50:39Z,3171,2026-10-09T02:45:03Z,5
2026-10-09T02:50:39Z,3173,2026-10-09T02:45:03Z,5
2026-10-09T02:50:39Z,3174,2026-10-09T02:45:03Z,5
2026-10-09T02:50:39Z,3176,2026-10-09T02:45:03Z,5
2026-10-09T02:50:39Z,3181,2026-10-09T02:45:03Z,5
2026-10-09T02:50:39Z,3182,2026-10-09T02:45:03Z,5
2026-10-09T02:50:39Z,3183,2026-10-08T19:08:20Z,462
2026-10-09T02:50:39Z,3184,2026-10-09T02:45:03Z,5
2026-10-09T02:50:39Z,3185,2026-10-09T02:45:03Z,5
2026-10-09T02:50:39Z,3186,2026-10-09T02:45:03Z,5
2026-10-09T02:50:39Z,3187,2026-10-09T02:45:03Z,5
2026-10-09T02:50:39Z,3189,2026-10-09T02:45:03Z,5
2026-10-09T02:50:39Z,3190,2026-10-09T02:45:03Z,5
2026-10-09T02:50:39Z,3193,2026-10-09T02:45:03Z,5
2026-10-09T02:50:39Z,3194,2026-10-09T02:45:03Z,5
2026-10-09T02:50:39Z,3195,2026-10-09T02:45:03Z,5
2026-10-09T02:50:39Z,3196,2026-10-09T02:45:03Z,5
2026-10-09T02:50:39Z,3201,2026-10-09T02:45:03Z,5
2026-10-09T02:50:39Z,3202,2026-10-08T17:01:20Z,589
2026-10-09T02:50:39Z,3203,2026-10-09T02:45:03Z,5
2026-10-09T02:50:39Z,3204,2026-10-09T02:45:03Z,5
2026-10-09T02:50:39Z,3205,2026-10-08T17:48:48Z,541
2026-10-09T02:50:39Z,3209,2026-10-09T02:45:03Z,5
2026-10-09T02:50:39Z,3210,2026-10-09T02:45:03Z,5
2026-10-09T02:50:39Z,3211,2026-10-09T01:10:03Z,100
2026-10-09T02:50:39Z,3213,2026-10-08T20:37:44Z,372
2026-10-09T02:50:39Z,3214,2026-10-08T19:33:38Z,437
2026-10-09T02:50:39Z,3216,2026-10-08T16:31:15Z,619
2026-10-09T02:50:39Z,3219,2026-10-08T21:01:10Z,349
2026-10-09T02:50:39Z,3220,2026-10-08T21:01:07Z,349
2026-10-09T02:50:39Z,3221,2026-10-08T21:00:51Z,349
2026-10-09T02:50:39Z,3222,2026-10-09T00:21:14Z,149
2026-10-09T02:50:39Z,3225,2026-10-08T19:16:18Z,454
2026-10-09T02:50:39Z,3226,2026-10-08T21:01:07Z,349
2026-10-09T02:50:39Z,3227,2026-10-08T20:43:19Z,367
2026-10-09T02:50:39Z,3228,2026-10-08T21:00:55Z,349
2026-10-09T02:50:39Z,3229,2026-10-08T21:01:27Z,349
2026-10-09T02:50:39Z,3230,2026-10-08T21:01:25Z,349
2026-10-09T02:50:39Z,3231,2026-10-08T21:00:42Z,349
2026-10-09T02:50:39Z,3233,2026-10-08T21:01:04Z,349
2026-10-09T02:50:39Z,3234,2026-10-08T21:01:24Z,349
2026-10-09T02:50:39Z,3240,2026-10-08T22:28:51Z,261
2026-10-09T02:50:39Z,3241,2026-10-08T18:09:25Z,521
2026-10-09T02:50:39Z,3242,2026-10-08T14:25:03Z,745
2026-10-09T02:50:39Z,3243,2026-10-08T13:51:51Z,778
2026-10-09T02:50:39Z,3244,2026-10-08T16:19:09Z,631
2026-10-09T02:50:39Z,3245,2026-10-08T11:55:35Z,895
2026-10-09T02:50:39Z,3246,2026-10-09T02:14:19Z,36
2026-10-09T02:50:39Z,3247,2026-10-09T00:01:54Z,168
2026-10-09T02:50:39Z,3248,2026-10-09T02:22:20Z,28
2026-10-09T02:50:39Z,3249,2026-10-08T11:32:54Z,917
2026-10-09T02:50:39Z,3250,2026-10-08T21:38:21Z,312
2026-10-09T02:50:39Z,3251,2026-10-09T00:01:38Z,169
2026-10-09T02:50:39Z,3252,2026-10-08T10:14:26Z,996
2026-10-09T02:50:39Z,3253,2026-10-08T17:13:32Z,577
2026-10-09T02:50:39Z,3254,2026-10-08T21:01:23Z,349
2026-10-09T02:50:39Z,3256,2026-10-08T19:26:06Z,444
2026-10-09T02:50:39Z,3258,2026-10-08T21:23:29Z,327
2026-10-09T02:50:39Z,3261,2026-10-08T21:00:49Z,349
2026-10-09T02:50:39Z,3276,2026-10-08T21:00:53Z,349
2026-10-09T02:50:39Z,3277,2026-10-08T21:01:09Z,349
2026-10-09T02:50:39Z,3278,2026-10-08T21:00:57Z,349
2026-10-09T02:50:39Z,3279,2026-10-08T21:00:57Z,349
2026-10-09T02:50:39Z,3280,2026-10-08T21:01:03Z,349
2026-10-09T02:50:39Z,3281,2026-10-08T21:01:08Z,349
2026-10-09T02:50:39Z,3283,2026-10-08T21:00:49Z,349
2026-10-09T02:50:39Z,3285,2026-10-08T21:00:38Z,350
2026-10-09T02:50:39Z,3287,2026-10-08T21:01:00Z,349
2026-10-09T02:50:39Z,3289,2026-10-08T21:01:05Z,349
2026-10-09T02:50:39Z,3294,2026-10-08T21:00:54Z,349
2026-10-09T02:50:39Z,3304,2026-10-09T00:34:09Z,136
2026-10-09T02:50:39Z,3305,2026-10-08T21:01:21Z,349
2026-10-09T02:50:39Z,3306,2026-10-08T21:00:50Z,349
2026-10-09T02:50:39Z,3308,2026-10-08T21:00:59Z,349
2026-10-09T02:50:39Z,3309,2026-10-08T21:00:48Z,349
2026-10-09T02:50:39Z,3318,2026-10-07T21:30:06Z,1760
2026-10-09T02:50:39Z,3319,2026-10-09T00:22:18Z,148
2026-10-09T02:50:39Z,3322,2026-09-29T10:14:53Z,13955
2026-10-09T02:50:39Z,3323,2026-10-03T08:24:49Z,8305
2026-10-09T02:50:39Z,3325,2026-10-08T21:01:19Z,349
2026-10-09T02:50:39Z,3328,2026-10-08T17:15:20Z,575
2026-10-09T02:50:39Z,3341,2026-10-09T01:53:03Z,57
2026-10-09T02:50:39Z,3380,2026-10-08T19:09:28Z,461
2026-10-09T02:50:39Z,3381,2026-10-08T19:09:26Z,461
2026-10-09T02:50:39Z,3382,2026-10-08T19:09:27Z,461
2026-10-09T02:50:39Z,3383,2026-10-08T19:09:25Z,461
2026-10-09T02:50:39Z,3384,2026-10-09T01:28:44Z,81
2026-10-09T02:50:39Z,3385,2026-10-08T19:09:26Z,461
2026-10-09T02:50:39Z,3386,2026-10-08T19:09:26Z,461
2026-10-09T02:50:39Z,3387,2026-10-08T19:09:18Z,461
2026-10-09T02:50:39Z,3389,2026-10-08T19:09:11Z,461
2026-10-09T02:50:39Z,3390,2026-10-08T19:09:12Z,461
2026-10-09T02:50:39Z,3391,2026-10-08T23:54:14Z,176
2026-10-09T02:50:39Z,3392,2026-10-08T21:49:35Z,301
2026-10-09T02:50:39Z,3393,2026-10-08T19:09:14Z,461
2026-10-09T02:50:39Z,3394,2026-10-08T19:09:14Z,461
2026-10-09T02:50:39Z,3395,2026-10-09T00:26:51Z,143
2026-10-09T02:50:39Z,3396,2026-10-08T19:09:15Z,461
2026-10-09T02:50:39Z,3397,2026-10-08T21:52:16Z,298
2026-10-09T02:50:39Z,3398,2026-10-08T23:50:22Z,180
2026-10-09T02:50:39Z,3399,2026-10-08T19:09:15Z,461
2026-10-09T02:50:39Z,3400,2026-10-08T19:09:16Z,461
2026-10-09T02:50:39Z,3401,2026-10-09T00:43:43Z,126
2026-10-09T02:50:39Z,3402,2026-10-08T19:09:17Z,461
2026-10-09T02:50:39Z,3404,2026-10-08T22:33:50Z,256
2026-10-09T02:50:39Z,3405,2026-10-08T19:09:56Z,460
2026-10-09T02:50:39Z,3406,2026-10-08T19:09:56Z,460
2026-10-09T02:50:39Z,3407,2026-10-08T19:09:45Z,460
2026-10-09T02:50:39Z,3408,2026-10-08T19:10:02Z,460
2026-10-09T02:50:39Z,3409,2026-10-08T19:09:13Z,461
2026-10-09T02:50:39Z,3410,2026-10-08T19:09:43Z,460
2026-10-09T02:50:39Z,3411,2026-10-08T23:20:28Z,210
2026-10-09T02:50:39Z,3412,2026-10-08T19:09:19Z,461
2026-10-09T02:50:39Z,3413,2026-10-08T19:09:19Z,461
2026-10-09T02:50:39Z,3414,2026-10-08T19:09:18Z,461
2026-10-09T02:50:39Z,3415,2026-10-08T19:09:18Z,461
2026-10-09T02:50:39Z,3416,2026-10-08T19:09:50Z,460
2026-10-09T02:50:39Z,3417,2026-10-09T00:26:54Z,143
2026-10-09T02:50:39Z,3418,2026-10-08T19:09:43Z,460
2026-10-09T02:50:39Z,3419,2026-10-08T19:09:21Z,461
2026-10-09T02:50:39Z,3420,2026-10-08T19:09:59Z,460
2026-10-09T02:50:39Z,3421,2026-10-09T00:18:02Z,152
2026-10-09T02:50:39Z,3423,2026-10-08T23:55:40Z,174
2026-10-09T02:50:39Z,3424,2026-10-08T19:09:19Z,461
2026-10-09T02:50:39Z,3425,2026-10-08T19:09:20Z,461
2026-10-09T02:50:39Z,3426,2026-10-08T22:10:42Z,279
2026-10-09T02:50:39Z,3427,2026-10-08T23:54:31Z,176
2026-10-09T02:50:39Z,3428,2026-10-09T01:23:23Z,87
2026-10-09T02:50:39Z,3429,2026-10-08T19:09:18Z,461
2026-10-09T02:50:39Z,3430,2026-10-08T19:09:20Z,461
2026-10-09T02:50:39Z,3431,2026-10-08T22:56:17Z,234
2026-10-09T02:50:39Z,3432,2026-10-08T19:09:21Z,461
2026-10-09T02:50:39Z,3433,2026-10-09T00:25:21Z,145
2026-10-09T02:50:39Z,3435,2026-10-08T19:09:22Z,461
2026-10-09T02:50:39Z,3436,2026-10-08T19:09:22Z,461
2026-10-09T02:50:39Z,3437,2026-10-08T19:09:44Z,460
2026-10-09T02:50:39Z,3438,2026-10-08T19:09:45Z,460
2026-10-09T02:50:39Z,3439,2026-10-08T23:55:44Z,174
2026-10-09T02:50:39Z,3440,2026-10-09T01:03:25Z,107
2026-10-09T02:50:39Z,3441,2026-10-08T19:20:25Z,450
2026-10-09T02:50:39Z,3442,2026-10-08T19:09:26Z,461
2026-10-09T02:50:39Z,3443,2026-10-08T19:13:38Z,457
2026-10-09T02:50:39Z,3444,2026-10-08T19:09:27Z,461
2026-10-09T02:50:39Z,3445,2026-10-08T19:09:27Z,461
2026-10-09T02:50:39Z,3446,2026-10-08T22:20:39Z,270
2026-10-09T02:50:39Z,3447,2026-10-08T19:09:38Z,461
2026-10-09T02:50:39Z,3448,2026-10-08T19:09:39Z,461
2026-10-09T02:50:39Z,3449,2026-10-08T19:09:39Z,461
2026-10-09T02:50:39Z,3450,2026-10-08T19:09:40Z,460
2026-10-09T02:50:39Z,3451,2026-10-08T22:06:07Z,284
2026-10-09T02:50:39Z,3452,2026-10-09T02:21:00Z,29
2026-10-09T02:50:39Z,3453,2026-10-08T23:54:35Z,176
2026-10-09T02:50:39Z,3454,2026-10-08T19:09:44Z,460
2026-10-09T02:50:39Z,3455,2026-10-08T19:09:51Z,460
2026-10-09T02:50:39Z,3456,2026-10-08T19:09:46Z,460
2026-10-09T02:50:39Z,3457,2026-10-08T19:09:46Z,460
2026-10-09T02:50:39Z,3458,2026-10-08T21:53:09Z,297
2026-10-09T02:50:39Z,3459,2026-10-08T19:09:47Z,460
2026-10-09T02:50:39Z,3460,2026-10-08T23:55:48Z,174
2026-10-09T02:50:39Z,3461,2026-10-09T01:04:54Z,105
2026-10-09T02:50:39Z,3462,2026-10-09T02:38:34Z,12
2026-10-09T02:50:39Z,3463,2026-10-08T19:09:55Z,460
2026-10-09T02:50:39Z,3464,2026-10-08T19:09:59Z,460
2026-10-09T02:50:39Z,3465,2026-10-08T19:10:00Z,460
2026-10-09T02:50:39Z,3466,2026-10-08T19:10:00Z,460
2026-10-09T02:50:39Z,3467,2026-10-08T22:11:10Z,279
2026-10-09T02:50:39Z,3468,2026-10-08T23:55:51Z,174
2026-10-09T02:50:39Z,3469,2026-10-09T02:08:34Z,42
2026-10-09T02:50:39Z,3470,2026-10-08T15:31:12Z,679
2026-10-09T02:50:39Z,3471,2026-08-31T10:04:31Z,55726
2026-10-09T02:50:39Z,3472,2026-10-08T21:01:04Z,349
2026-10-09T02:50:39Z,3473,2026-10-08T19:10:07Z,460
2026-10-09T02:50:39Z,3477,2026-10-08T17:25:11Z,565
2026-10-09T02:50:39Z,3478,2026-10-08T17:58:15Z,532
2026-10-09T02:50:39Z,3479,2026-10-09T02:21:44Z,28
2026-10-09T02:50:39Z,3488,2026-10-09T01:48:56Z,61
2026-10-09T02:50:39Z,3489,2026-10-08T23:12:14Z,218
2026-10-09T02:50:39Z,3490,2026-10-08T19:34:57Z,435
2026-10-09T02:50:39Z,3491,2026-10-08T23:28:01Z,202
2026-10-09T02:50:39Z,3594,2026-10-08T13:20:46Z,809
2026-10-09T02:50:39Z,3595,2026-10-08T13:29:50Z,800
2026-10-09T02:50:39Z,3596,2026-10-08T19:29:11Z,441
2026-10-09T02:50:39Z,3597,2026-10-08T23:44:49Z,185
2026-10-09T02:50:39Z,3598,2026-10-09T00:58:06Z,112
2026-10-09T02:50:39Z,3599,2026-10-09T01:37:29Z,73
2026-10-09T02:50:39Z,3600,2026-10-08T19:10:11Z,460
2026-10-09T02:50:39Z,3601,2026-10-08T19:10:11Z,460
2026-10-09T02:50:39Z,3602,2026-10-08T17:49:01Z,541
2026-10-09T02:50:39Z,3603,2026-10-08T19:10:11Z,460
2026-10-09T02:50:39Z,3605,2026-10-08T22:41:50Z,248
2026-10-09T02:50:39Z,3606,2026-10-08T19:05:45Z,464
2026-10-09T02:50:39Z,3607,2026-10-08T21:00:45Z,349
2026-10-09T02:50:39Z,3608,2026-10-09T00:24:44Z,145
2026-10-09T02:50:39Z,3609,2026-08-17T08:18:12Z,75992
2026-10-09T02:50:39Z,3615,2026-10-08T19:10:12Z,460
2026-10-09T02:50:39Z,3618,2026-10-08T19:10:13Z,460
2026-10-09T02:50:39Z,3619,2026-10-08T19:10:13Z,460
2026-10-09T02:50:39Z,3620,2026-10-08T19:09:36Z,461
2026-10-09T02:50:39Z,3621,2026-10-08T13:51:42Z,778
2026-10-09T02:50:39Z,3622,2026-10-08T15:28:35Z,682
2026-10-09T02:50:39Z,3623,2026-10-09T00:01:43Z,168
2026-10-09T02:50:39Z,3624,2026-10-08T18:56:19Z,474
2026-10-09T02:50:39Z,3625,2026-10-09T01:35:14Z,75
2026-10-09T02:50:39Z,3629,2026-10-08T15:13:25Z,697
2026-10-09T02:50:39Z,3630,2026-10-08T20:25:40Z,384
2026-10-09T02:50:39Z,3631,2026-10-08T19:18:41Z,451
2026-10-09T02:50:39Z,3632,2026-10-08T20:21:30Z,389
2026-10-09T02:50:39Z,3633,2026-09-29T17:29:28Z,13521
2026-10-09T02:50:39Z,3638,2026-07-25T13:14:56Z,108815
2026-10-09T02:50:39Z,3639,2026-10-08T18:38:23Z,492
2026-10-09T02:50:39Z,3641,2026-10-08T18:53:35Z,477
2026-10-09T02:50:39Z,3642,2026-10-08T08:14:01Z,1116
2026-10-09T02:50:39Z,3643,2026-10-08T08:39:07Z,1091
2026-10-09T02:50:39Z,3644,2026-07-01T15:55:56Z,143214
2026-10-09T02:50:39Z,3645,2026-10-08T17:10:06Z,580
2026-10-09T02:50:39Z,3646,2026-10-08T21:01:26Z,349
2026-10-09T02:50:39Z,3678,2026-10-08T20:12:42Z,397
2026-10-09T02:50:39Z,3681,2026-10-09T00:09:34Z,161
2026-10-09T02:50:39Z,3682,2026-10-08T15:49:05Z,661
2026-10-09T02:50:39Z,3683,2026-10-08T15:49:03Z,661
2026-10-09T02:50:39Z,3684,2026-10-09T02:45:05Z,5
2026-10-09T02:50:39Z,3685,2026-10-09T01:36:51Z,73
2026-10-09T02:50:39Z,3686,2026-10-09T01:36:53Z,73
2026-10-09T02:50:39Z,3687,2026-10-08T05:28:04Z,1282
2026-10-09T02:50:39Z,3688,2026-10-08T14:04:03Z,766
2026-10-09T02:50:39Z,3690,2026-10-08T15:49:22Z,661
2026-10-09T02:50:39Z,3691,2026-10-08T15:49:03Z,661
2026-10-09T02:50:39Z,3692,2026-10-08T19:09:53Z,460
2026-10-09T02:50:39Z,3693,2026-10-08T15:49:04Z,661
2026-10-09T02:50:39Z,3694,2026-10-09T01:36:53Z,73
2026-10-09T02:50:39Z,3695,2026-10-08T15:49:04Z,661
2026-10-09T02:50:39Z,3696,2026-10-08T15:49:19Z,661
2026-10-09T02:50:39Z,3697,2026-10-09T01:36:53Z,73
2026-10-09T02:50:39Z,3698,2026-10-08T19:10:16Z,460
2026-10-09T02:50:39Z,3699,2026-10-08T15:49:08Z,661
2026-10-09T02:50:39Z,3700,2026-10-09T01:36:52Z,73
2026-10-09T02:50:39Z,3701,2026-10-09T01:36:52Z,73
2026-10-09T02:50:39Z,3702,2026-10-09T01:36:52Z,73
2026-10-09T02:50:39Z,3703,2026-10-08T15:49:07Z,661
2026-10-09T02:50:39Z,3704,2026-10-09T01:36:51Z,73
2026-10-09T02:50:39Z,3706,2026-10-08T20:32:24Z,378
2026-10-09T02:50:39Z,3707,2026-10-08T13:21:45Z,808
2026-10-09T02:50:39Z,3708,2026-10-08T13:21:00Z,809
2026-10-09T02:50:39Z,3709,2026-10-08T13:24:10Z,806
2026-10-09T02:50:39Z,3710,2026-10-08T13:21:02Z,809
2026-10-09T02:50:39Z,3711,2026-10-08T20:24:01Z,386
2026-10-09T02:50:39Z,3712,2026-10-08T20:35:41Z,374
2026-10-09T02:50:39Z,3714,2026-10-08T20:26:14Z,384
2026-10-09T02:50:39Z,3715,2026-10-08T13:21:34Z,809
2026-10-09T02:50:39Z,3716,2026-10-08T21:51:07Z,299
2026-10-09T02:50:39Z,3717,2026-10-08T21:00:54Z,349
2026-10-09T02:50:39Z,3718,2026-10-08T13:40:11Z,790
2026-10-09T02:50:39Z,3719,2026-10-09T00:01:49Z,168
2026-10-09T02:50:39Z,3720,2026-10-08T21:01:01Z,349
2026-10-09T02:50:39Z,3721,2026-10-08T14:56:47Z,713
2026-10-09T02:50:39Z,3723,2026-10-08T20:37:56Z,372
2026-10-09T02:50:39Z,3724,2026-10-09T01:36:53Z,73
2026-10-09T02:50:39Z,3725,2026-10-08T15:49:03Z,661
2026-10-09T02:50:39Z,3726,2026-10-08T15:49:05Z,661
2026-10-09T02:50:39Z,3727,2026-10-09T01:25:04Z,85
2026-10-09T02:50:39Z,3728,2026-10-09T01:36:53Z,73
2026-10-09T02:50:39Z,3729,2026-10-08T15:49:04Z,661
2026-10-09T02:50:39Z,3730,2026-10-09T01:36:53Z,73
2026-10-09T02:50:39Z,3732,2026-10-08T15:49:20Z,661
2026-10-09T02:50:39Z,3733,2026-10-08T15:48:51Z,661
2026-10-09T02:50:39Z,3734,2026-10-09T01:36:53Z,73
2026-10-09T02:50:39Z,3735,2026-10-09T01:36:52Z,73
2026-10-09T02:50:39Z,3736,2026-10-08T15:49:20Z,661
2026-10-09T02:50:39Z,3737,2026-10-08T15:49:06Z,661
2026-10-09T02:50:39Z,3738,2026-10-08T15:49:04Z,661
2026-10-09T02:50:39Z,3739,2026-10-09T01:36:52Z,73
2026-10-09T02:50:39Z,3740,2026-10-09T01:36:51Z,73
2026-10-09T02:50:39Z,3741,2026-09-08T03:30:17Z,44600
2026-10-09T02:50:39Z,3742,2026-10-08T20:24:15Z,386
2026-10-09T02:50:39Z,3743,2026-10-08T15:48:57Z,661
2026-10-09T02:50:39Z,3744,2026-10-09T01:36:51Z,73
2026-10-09T02:50:39Z,3745,2026-10-08T17:04:31Z,586
2026-10-09T02:50:39Z,3746,2026-10-08T15:49:00Z,661
2026-10-09T02:50:39Z,3747,2026-10-08T15:49:04Z,661
2026-10-09T02:50:39Z,3748,2026-10-08T15:49:07Z,661
2026-10-09T02:50:39Z,3749,2026-10-09T01:36:53Z,73
2026-10-09T02:50:39Z,3750,2026-10-08T15:49:07Z,661
2026-10-09T02:50:39Z,3751,2026-10-09T01:36:52Z,73
2026-10-09T02:50:39Z,3752,2026-10-08T15:49:06Z,661
2026-10-09T02:50:39Z,3753,2026-10-08T15:49:06Z,661
2026-10-09T02:50:39Z,3754,2026-10-08T15:49:05Z,661
2026-10-09T02:50:39Z,3755,2026-10-08T15:49:00Z,661
2026-10-09T02:50:39Z,3756,2026-10-09T01:36:52Z,73
2026-10-09T02:50:39Z,3757,2026-10-08T15:49:08Z,661
2026-10-09T02:50:39Z,3758,2026-10-09T01:36:51Z,73
2026-10-09T02:50:39Z,3759,2026-10-08T15:49:08Z,661
2026-10-09T02:50:39Z,3760,2026-10-09T01:36:52Z,73
2026-10-09T02:50:39Z,3762,2026-10-08T15:49:04Z,661
2026-10-09T02:50:39Z,3763,2026-10-08T15:48:58Z,661
2026-10-09T02:50:39Z,3764,2026-10-08T15:49:20Z,661
2026-10-09T02:50:39Z,3765,2026-10-08T15:49:04Z,661
2026-10-09T02:50:39Z,3766,2026-10-09T01:36:53Z,73
2026-10-09T02:50:39Z,3767,2026-10-08T18:31:25Z,499
2026-10-09T02:50:39Z,3768,2026-10-09T01:36:53Z,73
2026-10-09T02:50:39Z,3769,2026-10-08T19:42:44Z,427
2026-10-09T02:50:39Z,3770,2026-10-09T01:36:52Z,73
2026-10-09T02:50:39Z,3771,2026-10-08T15:50:04Z,660
2026-10-09T02:50:39Z,3772,2026-10-08T15:49:05Z,661
2026-10-09T02:50:39Z,3773,2026-10-08T15:49:03Z,661
2026-10-09T02:50:39Z,3774,2026-10-08T15:49:03Z,661
2026-10-09T02:50:39Z,3775,2026-10-08T15:49:05Z,661
2026-10-09T02:50:39Z,3776,2026-10-08T13:53:30Z,777
2026-10-09T02:50:39Z,3777,2026-08-05T05:12:17Z,93458
2026-10-09T02:50:39Z,3778,2026-10-08T15:49:09Z,661
2026-10-09T02:50:39Z,3779,2026-10-08T15:49:09Z,661
2026-10-09T02:50:39Z,3780,2026-10-09T01:36:53Z,73
2026-10-09T02:50:39Z,3781,2026-10-08T15:49:03Z,661
2026-10-09T02:50:39Z,3782,2026-10-08T15:49:01Z,661
2026-10-09T02:50:39Z,3783,2026-10-08T20:54:59Z,355
2026-10-09T02:50:39Z,3784,2026-10-09T01:36:51Z,73
2026-10-09T02:50:39Z,3785,2026-10-09T01:36:51Z,73
2026-10-09T02:50:39Z,3786,2026-10-08T15:49:03Z,661
2026-10-09T02:50:39Z,3787,2026-10-08T15:49:05Z,661
2026-10-09T02:50:39Z,3788,2026-10-08T15:49:01Z,661
2026-10-09T02:50:39Z,3789,2026-10-08T15:49:02Z,661
2026-10-09T02:50:39Z,3790,2026-10-09T01:36:52Z,73
2026-10-09T02:50:39Z,3792,2026-10-08T15:49:05Z,661
2026-10-09T02:50:39Z,3793,2026-10-08T15:49:02Z,661
2026-10-09T02:50:39Z,3794,2026-10-08T15:49:07Z,661
2026-10-09T02:50:39Z,3795,2026-10-08T15:48:58Z,661
2026-10-09T02:50:39Z,3796,2026-10-08T15:49:04Z,661
2026-10-09T02:50:39Z,3797,2026-10-08T15:49:07Z,661
2026-10-09T02:50:39Z,3798,2026-10-08T15:49:04Z,661
2026-10-09T02:50:39Z,3799,2026-10-08T15:49:06Z,661
2026-10-09T02:50:39Z,3800,2026-10-08T15:48:58Z,661
2026-10-09T02:50:39Z,3801,2026-10-08T20:48:28Z,362
2026-10-09T02:50:39Z,3802,2026-10-08T15:49:06Z,661
2026-10-09T02:50:39Z,3803,2026-10-09T01:36:53Z,73
2026-10-09T02:50:39Z,3804,2026-10-08T12:03:17Z,887
2026-10-09T02:50:39Z,3805,2026-10-09T02:12:19Z,38
2026-10-09T02:50:39Z,3806,2026-10-08T15:49:03Z,661
2026-10-09T02:50:39Z,3807,2026-10-08T15:49:03Z,661
2026-10-09T02:50:39Z,3808,2026-10-08T15:48:59Z,661
2026-10-09T02:50:39Z,3809,2026-10-08T15:49:03Z,661
2026-10-09T02:50:39Z,3810,2026-10-08T15:49:01Z,661
2026-10-09T02:50:39Z,3811,2026-10-09T01:36:51Z,73
2026-10-09T02:50:39Z,3812,2026-10-08T16:16:12Z,634
2026-10-09T02:50:39Z,3813,2026-10-08T15:49:02Z,661
2026-10-09T02:50:39Z,3814,2026-10-08T15:49:01Z,661
2026-10-09T02:50:39Z,3815,2026-10-08T18:40:44Z,489
2026-10-09T02:50:39Z,3820,2025-09-01T08:43:33Z,579967
2026-10-09T02:50:39Z,3821,2025-09-01T08:43:06Z,579967
2026-10-09T02:50:39Z,3822,2026-10-02T14:21:22Z,9389
2026-10-09T02:50:39Z,3823,2025-09-01T08:43:04Z,579967
2026-10-09T02:50:39Z,3824,2025-09-01T08:43:16Z,579967
2026-10-09T02:50:39Z,3825,2024-09-03T15:01:56Z,1102308
2026-10-09T02:50:39Z,3827,2026-09-07T13:52:03Z,45418
2026-10-09T02:50:39Z,3829,2026-10-08T09:07:20Z,1063
2026-10-09T02:50:39Z,3831,2026-10-08T15:49:05Z,661
2026-10-09T02:50:39Z,3832,2026-10-08T15:49:03Z,661
2026-10-09T02:50:39Z,3833,2026-10-08T15:49:07Z,661
2026-10-09T02:50:39Z,3834,2026-10-08T19:27:53Z,442
2026-10-09T02:50:39Z,3835,2026-10-08T15:49:07Z,661
2026-10-09T02:50:39Z,3836,2026-10-08T15:49:06Z,661
2026-10-09T02:50:39Z,3837,2026-10-08T15:49:07Z,661
2026-10-09T02:50:39Z,3838,2026-10-08T19:53:35Z,417
2026-10-09T02:50:39Z,3839,2026-10-08T15:04:07Z,706
2026-10-09T02:50:39Z,3840,2026-10-08T17:15:32Z,575
2026-10-09T02:50:39Z,3841,2026-10-09T02:26:02Z,24
2026-10-09T02:50:39Z,3842,2026-10-08T19:02:07Z,468
2026-10-09T02:50:39Z,3843,2026-09-10T12:22:52Z,41187
2026-10-09T02:50:39Z,3844,2026-10-09T02:35:57Z,14
2026-10-09T02:50:39Z,3845,2026-10-08T16:39:35Z,611
2026-10-09T02:50:39Z,3846,2026-10-09T01:46:45Z,63
2026-10-09T02:50:39Z,3847,2026-10-08T15:49:02Z,661
2026-10-09T02:50:39Z,3848,2026-10-08T15:49:03Z,661
2026-10-09T02:50:39Z,3849,2026-10-09T01:36:51Z,73
2026-10-09T02:50:39Z,3850,2026-10-08T20:45:20Z,365
2026-10-09T02:50:39Z,3851,2026-10-09T01:36:51Z,73
2026-10-09T02:50:39Z,3852,2026-10-09T01:36:52Z,73
2026-10-09T02:50:39Z,3853,2026-10-08T16:59:08Z,591
2026-10-09T02:50:39Z,3854,2026-10-08T15:49:03Z,661
2026-10-09T02:50:39Z,3855,2026-10-08T15:49:05Z,661
2026-10-09T02:50:39Z,3856,2026-10-08T15:49:00Z,661
2026-10-09T02:50:39Z,3857,2026-10-08T15:49:02Z,661
2026-10-09T02:50:39Z,3858,2026-10-08T20:56:48Z,353
2026-10-09T02:50:39Z,3859,2026-10-08T15:49:00Z,661
2026-10-09T02:50:39Z,3860,2026-10-08T15:49:00Z,661
2026-10-09T02:50:39Z,3861,2026-10-08T15:49:01Z,661
2026-10-09T02:50:39Z,3862,2026-10-09T01:36:52Z,73
2026-10-09T02:50:39Z,3863,2026-10-08T16:09:01Z,641
2026-10-09T02:50:39Z,3864,2026-10-08T19:10:19Z,460
2026-10-09T02:50:39Z,3865,2026-10-08T15:49:03Z,661
2026-10-09T02:50:39Z,3866,2026-10-09T01:36:53Z,73
2026-10-09T02:50:39Z,3867,2026-10-08T15:49:01Z,661
2026-10-09T02:50:39Z,3868,2026-10-08T15:49:20Z,661
2026-10-09T02:50:39Z,3869,2026-10-09T01:33:17Z,77
2026-10-09T02:50:39Z,3870,2026-10-08T15:49:07Z,661
2026-10-09T02:50:39Z,3871,2026-10-09T01:36:53Z,73
2026-10-09T02:50:39Z,3872,2026-10-08T15:49:06Z,661
2026-10-09T02:50:39Z,3873,2026-10-08T15:49:06Z,661
2026-10-09T02:50:39Z,3874,2026-10-09T01:36:53Z,73
2026-10-09T02:50:39Z,3875,2026-10-08T15:49:02Z,661
2026-10-09T02:50:39Z,3876,2026-10-08T15:49:02Z,661
2026-10-09T02:50:39Z,3877,2026-10-09T01:36:52Z,73
2026-10-09T02:50:39Z,3878,2026-09-25T21:16:47Z,19053
2026-10-09T02:50:39Z,3879,2026-10-09T01:36:51Z,73
2026-10-09T02:50:39Z,3880,2026-10-08T15:49:11Z,661
2026-10-09T02:50:39Z,3881,2026-10-08T15:48:50Z,661
2026-10-09T02:50:39Z,3882,2026-10-05T02:23:32Z,5787
2026-10-09T02:50:39Z,3883,2026-10-08T19:42:31Z,428
2026-10-09T02:50:39Z,3884,2026-09-22T11:44:35Z,23946
2026-10-09T02:50:39Z,3885,2026-10-09T00:49:18Z,121
2026-10-09T02:50:39Z,3886,2026-10-09T01:36:52Z,73
2026-10-09T02:50:39Z,3887,2026-10-08T15:49:07Z,661
2026-10-09T02:50:39Z,3888,2026-10-09T01:36:53Z,73
2026-10-09T02:50:39Z,3889,2026-10-09T01:36:53Z,73
2026-10-09T02:50:39Z,3891,2026-10-08T15:49:09Z,661
2026-10-09T02:50:39Z,3892,2026-10-06T18:48:01Z,3362
2026-10-09T02:50:39Z,3893,2026-10-08T15:49:07Z,661
2026-10-09T02:50:39Z,3894,2026-10-08T15:49:20Z,661
2026-10-09T02:50:39Z,3895,2026-10-08T15:48:58Z,661
2026-10-09T02:50:39Z,3896,2026-10-08T15:49:08Z,661
2026-10-09T02:50:39Z,3897,2026-10-08T15:49:06Z,661
2026-10-09T02:50:39Z,3898,2026-10-09T01:36:52Z,73
2026-10-09T02:50:39Z,3899,2026-10-08T15:49:22Z,661
2026-10-09T02:50:39Z,3900,2026-10-08T15:49:07Z,661
2026-10-09T02:50:39Z,3901,2026-10-08T15:49:02Z,661
2026-10-09T02:50:39Z,3902,2026-10-09T01:36:53Z,73
2026-10-09T02:50:39Z,3903,2026-10-08T19:07:12Z,463
2026-10-09T02:50:39Z,3904,2026-10-08T15:49:07Z,661
2026-10-09T02:50:39Z,3905,2026-10-08T17:33:49Z,556
2026-10-09T02:50:39Z,3906,2026-10-08T15:49:04Z,661
2026-10-09T02:50:39Z,3907,2026-04-16T20:24:32Z,252386
2026-10-09T02:50:39Z,3908,2026-10-09T01:36:51Z,73
2026-10-09T02:50:39Z,3909,2026-10-08T15:49:02Z,661
2026-10-09T02:50:39Z,3910,2026-10-09T01:36:52Z,73
2026-10-09T02:50:39Z,3911,2026-10-08T18:15:49Z,514
2026-10-09T02:50:39Z,3912,2026-10-08T15:49:01Z,661
2026-10-09T02:50:39Z,3913,2026-10-08T15:49:19Z,661
2026-10-09T02:50:39Z,3914,2026-10-08T21:34:46Z,315
2026-10-09T02:50:39Z,3915,2026-10-08T15:48:57Z,661
2026-10-09T02:50:39Z,3916,2026-10-08T15:49:02Z,661
2026-10-09T02:50:39Z,3917,2026-10-09T01:36:51Z,73
2026-10-09T02:50:39Z,3918,2025-09-23T08:51:00Z,548279
2026-10-09T02:50:39Z,3919,2026-10-08T15:48:58Z,661
2026-10-09T02:50:39Z,3920,2026-10-09T01:36:52Z,73
2026-10-09T02:50:39Z,3921,2026-10-09T01:36:51Z,73
2026-10-09T02:50:39Z,3922,2026-10-09T01:36:52Z,73
2026-10-09T02:50:39Z,3923,2026-10-09T01:36:51Z,73
2026-10-09T02:50:39Z,3924,2026-10-08T15:49:03Z,661
2026-10-09T02:50:39Z,3925,2026-10-09T01:36:53Z,73
2026-10-09T02:50:39Z,3926,2026-10-09T01:36:51Z,73
2026-10-09T02:50:39Z,3927,2026-10-09T01:36:53Z,73
2026-10-09T02:50:39Z,3928,2026-10-08T15:48:58Z,661
2026-10-09T02:50:39Z,3929,2026-10-06T22:32:18Z,3138
2026-10-09T02:50:39Z,3930,2026-10-08T21:48:47Z,301
2026-10-09T02:50:39Z,3931,2026-10-08T15:49:06Z,661
2026-10-09T02:50:39Z,3932,2026-10-08T19:37:15Z,433
2026-10-09T02:50:39Z,3933,2026-10-09T01:36:51Z,73
2026-10-09T02:50:39Z,3934,2026-10-08T17:42:14Z,548
2026-10-09T02:50:39Z,3935,2026-10-09T01:36:51Z,73
2026-10-09T02:50:39Z,3936,2026-10-09T01:36:53Z,73
2026-10-09T02:50:39Z,3937,2026-10-08T15:49:05Z,661
2026-10-09T02:50:39Z,3938,2026-10-09T01:36:51Z,73
2026-10-09T02:50:39Z,3939,2026-10-08T15:48:57Z,661
2026-10-09T02:50:39Z,3940,2026-10-08T15:48:51Z,661
2026-10-09T02:50:39Z,3941,2026-10-09T01:36:52Z,73
2026-10-09T02:50:39Z,3942,2026-10-08T15:49:20Z,661
2026-10-09T02:50:39Z,3943,2026-10-08T15:49:08Z,661
2026-10-09T02:50:39Z,3944,2026-10-08T15:48:58Z,661
2026-10-09T02:50:39Z,3946,2026-10-08T16:09:51Z,640
2026-10-09T02:50:39Z,3947,2026-10-08T16:09:46Z,640
2026-10-09T02:50:39Z,3948,2026-10-08T15:49:02Z,661
2026-10-09T02:50:39Z,3949,2026-10-08T15:48:50Z,661
2026-10-09T02:50:39Z,3950,2026-10-09T01:36:53Z,73
2026-10-09T02:50:39Z,3951,2026-10-09T01:36:53Z,73
2026-10-09T02:50:39Z,3952,2026-10-08T15:49:06Z,661
2026-10-09T02:50:39Z,3953,2026-10-08T15:49:11Z,661
2026-10-09T02:50:39Z,3954,2026-10-08T15:49:04Z,661
2026-10-09T02:50:39Z,3955,2026-10-08T15:49:00Z,661
2026-10-09T02:50:39Z,3956,2026-10-08T15:49:16Z,661
2026-10-09T02:50:39Z,3957,2026-10-08T15:48:57Z,661
2026-10-09T02:50:39Z,3958,2026-10-08T15:49:03Z,661
2026-10-09T02:50:39Z,3959,2026-10-08T18:13:47Z,516
2026-10-09T02:50:39Z,3960,2026-10-08T15:49:04Z,661
2026-10-09T02:50:39Z,3961,2026-10-08T15:49:02Z,661
2026-10-09T02:50:39Z,3962,2026-10-08T15:49:00Z,661
2026-10-09T02:50:39Z,3963,2025-11-13T05:31:37Z,475039
2026-10-09T02:50:39Z,3964,2026-10-08T15:49:01Z,661
2026-10-09T02:50:39Z,3965,2026-10-02T22:15:32Z,8915
2026-10-09T02:50:39Z,3966,2026-10-09T01:36:52Z,73
2026-10-09T02:50:39Z,3967,2026-10-08T15:49:01Z,661
2026-10-09T02:50:39Z,3968,2026-10-08T15:49:02Z,661
2026-10-09T02:50:39Z,3969,2026-10-08T15:48:50Z,661
2026-10-09T02:50:39Z,3970,2026-10-08T15:49:30Z,661
2026-10-09T02:50:39Z,3971,2026-10-09T01:27:48Z,82
2026-10-09T02:50:39Z,3974,2026-10-08T15:49:01Z,661
2026-10-09T02:50:39Z,3975,2026-10-08T15:48:52Z,661
2026-10-09T02:50:39Z,3976,2026-10-08T15:48:50Z,661
2026-10-09T02:50:39Z,3977,2026-10-08T15:49:02Z,661
2026-10-09T02:50:39Z,3978,2026-10-09T01:36:51Z,73
2026-10-09T02:50:39Z,3979,2026-10-08T15:49:05Z,661
2026-10-09T02:50:39Z,3980,2026-10-09T01:36:53Z,73
2026-10-09T02:50:39Z,3986,2026-10-08T20:19:13Z,391
2026-10-09T02:50:39Z,3987,2026-10-08T21:01:11Z,349
2026-10-09T02:50:39Z,3988,2026-10-08T07:58:58Z,1131
2026-10-09T02:50:39Z,3989,2026-10-08T21:28:41Z,321
2026-10-09T02:50:39Z,3990,2026-10-08T16:57:59Z,592
2026-10-09T02:50:39Z,3991,2026-10-08T15:49:05Z,661
2026-10-09T02:50:39Z,3992,2026-10-08T18:52:45Z,477
2026-10-09T02:50:39Z,3993,2026-10-08T15:49:02Z,661
2026-10-09T02:50:39Z,3994,2025-12-01T16:51:17Z,448439
2026-10-09T02:50:39Z,3995,2026-03-13T20:54:47Z,301315
2026-10-09T02:50:39Z,3996,2026-10-08T19:10:20Z,460
2026-10-09T02:50:39Z,3997,2026-10-09T01:13:59Z,96
2026-10-09T02:50:39Z,3998,2026-10-08T21:36:27Z,314
2026-10-09T02:50:39Z,3999,2026-10-08T21:01:11Z,349
2026-10-09T02:50:39Z,4000,2026-10-08T08:18:21Z,1112
2026-10-09T02:50:39Z,4001,2026-10-09T01:36:51Z,73
2026-10-09T02:50:39Z,4002,2026-10-08T15:48:58Z,661
2026-10-09T02:50:39Z,4003,2026-10-08T15:49:01Z,661
2026-10-09T02:50:39Z,4004,2026-10-08T15:49:03Z,661
2026-10-09T02:50:39Z,4005,2026-10-08T15:49:00Z,661
2026-10-09T02:50:39Z,4006,2026-10-08T15:49:08Z,661
2026-10-09T02:50:39Z,4007,2026-10-08T15:49:06Z,661
2026-10-09T02:50:39Z,4008,2026-10-08T19:27:18Z,443
2026-10-09T02:50:39Z,4009,2026-10-08T19:40:40Z,429
2026-10-09T02:50:39Z,4010,2026-10-08T21:14:36Z,336
2026-10-09T02:50:39Z,4011,2026-10-08T21:14:36Z,336
2026-10-09T02:50:39Z,4012,2026-10-08T21:14:36Z,336
2026-10-09T02:50:39Z,4013,2026-10-08T15:49:02Z,661
2026-10-09T02:50:39Z,4014,2026-10-08T15:48:51Z,661
2026-10-09T02:50:39Z,4015,2026-10-08T15:49:06Z,661
2026-10-09T02:50:39Z,4017,2026-10-08T15:49:02Z,661
2026-10-09T02:50:39Z,4018,2026-10-08T15:49:08Z,661
2026-10-09T02:50:39Z,4019,2026-10-09T01:36:52Z,73
2026-10-09T02:50:39Z,4020,2026-10-08T15:49:02Z,661
2026-10-09T02:50:39Z,4021,2026-10-08T15:49:02Z,661
2026-10-09T02:50:39Z,4022,2026-10-08T15:49:01Z,661
2026-10-09T02:50:39Z,4023,2026-10-09T01:36:53Z,73
2026-10-09T02:50:39Z,4024,2025-09-23T08:50:51Z,548279
2026-10-09T02:50:39Z,4025,2026-10-08T15:49:01Z,661
2026-10-09T02:50:39Z,4026,2026-10-09T01:36:52Z,73
2026-10-09T02:50:39Z,4027,2026-10-08T15:49:05Z,661
2026-10-09T02:50:39Z,4028,2026-10-08T15:49:02Z,661
2026-10-09T02:50:39Z,4029,2026-10-08T15:49:08Z,661
2026-10-09T02:50:39Z,4030,2026-10-08T15:49:02Z,661
2026-10-09T02:50:39Z,4031,2026-10-08T15:48:57Z,661
2026-10-09T02:50:39Z,4032,2026-10-08T15:49:19Z,661
2026-10-09T02:50:39Z,4033,2026-10-08T15:48:57Z,661
2026-10-09T02:50:39Z,4034,2026-10-08T15:48:59Z,661
2026-10-09T02:50:39Z,4035,2026-10-08T15:49:07Z,661
2026-10-09T02:50:39Z,4036,2026-10-08T15:49:07Z,661
2026-10-09T02:50:39Z,4037,2026-10-09T01:36:52Z,73
2026-10-09T02:50:39Z,4038,2026-10-08T11:12:59Z,937
2026-10-09T02:50:39Z,4039,2026-10-09T01:36:53Z,73
2026-10-09T02:50:39Z,4040,2026-10-08T18:59:14Z,471
2026-10-09T02:50:39Z,4041,2026-09-30T21:46:11Z,11824
2026-10-09T02:50:39Z,4042,2026-10-07T04:25:12Z,2785
2026-10-09T02:50:39Z,4043,2026-10-09T01:36:51Z,73
2026-10-09T02:50:39Z,4044,2026-10-08T15:49:02Z,661
2026-10-09T02:50:39Z,4045,2026-10-08T15:49:19Z,661
2026-10-09T02:50:39Z,4046,2026-10-08T15:49:19Z,661
2026-10-09T02:50:39Z,4047,2026-10-08T15:49:20Z,661
2026-10-09T02:50:39Z,4048,2026-10-08T15:49:05Z,661
2026-10-09T02:50:39Z,4049,2026-10-08T15:48:58Z,661
2026-10-09T02:50:39Z,4050,2026-10-08T15:48:50Z,661
2026-10-09T02:50:39Z,4051,2026-10-08T15:48:51Z,661
2026-10-09T02:50:39Z,4052,2026-10-08T15:48:51Z,661
2026-10-09T02:50:39Z,4053,2026-10-09T01:36:52Z,73
2026-10-09T02:50:39Z,4054,2026-10-08T15:49:00Z,661
2026-10-09T02:50:39Z,4055,2026-10-08T15:49:00Z,661
2026-10-09T02:50:39Z,4056,2026-10-09T01:36:52Z,73
2026-10-09T02:50:39Z,4057,2026-10-08T15:49:06Z,661
2026-10-09T02:50:39Z,4058,2026-10-08T15:49:05Z,661
2026-10-09T02:50:39Z,4059,2026-10-08T15:49:07Z,661
2026-10-09T02:50:39Z,4060,2026-10-09T01:36:53Z,73
2026-10-09T02:50:39Z,4061,2026-10-08T15:49:01Z,661
2026-10-09T02:50:39Z,4062,2026-10-09T01:36:52Z,73
2026-10-09T02:50:39Z,4063,2026-10-08T15:49:05Z,661
2026-10-09T02:50:39Z,4064,2026-10-08T15:49:05Z,661
2026-10-09T02:50:39Z,4065,2026-10-08T17:56:55Z,533
2026-10-09T02:50:39Z,4066,2026-10-09T01:36:51Z,73
2026-10-09T02:50:39Z,4067,2026-10-08T15:48:52Z,661
2026-10-09T02:50:39Z,4068,2026-10-08T15:49:02Z,661
2026-10-09T02:50:39Z,4069,2026-10-08T17:47:00Z,543
2026-10-09T02:50:39Z,4070,2026-10-09T01:36:52Z,73
2026-10-09T02:50:39Z,4071,2026-10-08T19:05:41Z,464
2026-10-09T02:50:39Z,4072,2026-10-09T01:36:51Z,73
2026-10-09T02:50:39Z,4073,2026-10-09T01:36:51Z,73
2026-10-09T02:50:39Z,4074,2026-10-08T21:15:45Z,334
2026-10-09T02:50:39Z,4075,2026-10-09T01:36:53Z,73
2026-10-09T02:50:39Z,4076,2026-10-09T01:36:51Z,73
2026-10-09T02:50:39Z,4077,2026-10-08T17:02:44Z,587
2026-10-09T02:50:39Z,4078,2026-03-11T13:51:24Z,304619
2026-10-09T02:50:39Z,4079,2026-10-08T15:49:21Z,661
2026-10-09T02:50:39Z,4080,2026-10-08T21:37:00Z,313
2026-10-09T02:50:39Z,4081,2026-10-08T11:15:21Z,935
2026-10-09T02:50:39Z,4082,2026-10-08T19:02:00Z,468
2026-10-09T02:50:39Z,4083,2026-10-08T12:55:44Z,834
2026-10-09T02:50:39Z,4084,2026-10-08T18:12:32Z,518
2026-10-09T02:50:39Z,4085,2026-10-09T01:36:52Z,73
2026-10-09T02:50:39Z,4086,2026-10-08T19:25:08Z,445
2026-10-09T02:50:39Z,4087,2026-10-08T21:00:57Z,349
2026-10-09T02:50:39Z,4088,2026-10-09T01:08:39Z,102
2026-10-09T02:50:39Z,4089,2026-10-08T19:00:39Z,470
2026-10-09T02:50:39Z,4090,2026-10-08T17:41:10Z,549
2026-10-09T02:50:39Z,4091,2026-09-25T08:15:17Z,19835
2026-10-09T02:50:39Z,4092,2026-10-08T21:00:55Z,349
2026-10-09T02:50:39Z,4093,2026-10-09T01:36:52Z,73
2026-10-09T02:50:39Z,4094,2026-10-06T11:36:28Z,3794
2026-10-09T02:50:39Z,4095,2026-08-18T06:34:04Z,74656
2026-10-09T02:50:39Z,4096,2026-08-18T06:02:25Z,74688
2026-10-09T02:50:39Z,4097,2026-08-18T06:46:24Z,74644
2026-10-09T02:50:39Z,4099,2026-10-08T15:49:02Z,661
2026-10-09T02:50:39Z,4100,2026-10-08T15:55:30Z,655
2026-10-09T02:50:39Z,4101,2026-10-08T15:49:08Z,661
2026-10-09T02:50:39Z,4102,2026-10-08T15:49:05Z,661
2026-10-09T02:50:39Z,4103,2026-10-08T15:49:07Z,661
2026-10-09T02:50:39Z,4104,2026-10-08T15:49:22Z,661
2026-10-09T02:50:39Z,4105,2026-10-08T23:36:25Z,194
2026-10-09T02:50:39Z,4106,2026-10-09T01:36:53Z,73
2026-10-09T02:50:39Z,4108,2026-10-08T15:48:59Z,661
2026-10-09T02:50:39Z,4109,2026-10-09T01:36:53Z,73
2026-10-09T02:50:39Z,4110,2026-04-14T12:24:37Z,255746
2026-10-09T02:50:39Z,4111,2026-10-08T19:37:38Z,433
2026-10-09T02:50:39Z,4113,2026-03-06T07:58:24Z,312172
2026-10-09T02:50:39Z,4114,2026-10-09T01:36:52Z,73
2026-10-09T02:50:39Z,4115,2026-10-09T01:36:52Z,73
2026-10-09T02:50:39Z,4117,2026-10-08T15:49:11Z,661
2026-10-09T02:50:39Z,4118,2026-10-09T01:36:51Z,73
2026-10-09T02:50:39Z,4119,2026-10-09T01:36:53Z,73
2026-10-09T02:50:39Z,4121,2026-10-08T22:25:04Z,265
2026-10-09T02:50:39Z,4122,2026-10-08T19:03:10Z,467
2026-10-09T02:50:39Z,4123,2026-10-08T20:00:41Z,409
2026-10-09T02:50:39Z,4124,2026-10-08T19:30:37Z,440
2026-10-09T02:50:39Z,4125,2026-10-08T19:55:05Z,415
2026-10-09T02:50:39Z,4126,2026-10-08T19:05:32Z,465
2026-10-09T02:50:39Z,4127,2026-10-08T19:00:07Z,470
2026-10-09T02:50:39Z,4128,2026-10-07T18:42:14Z,1928
2026-10-09T02:50:39Z,4129,2026-10-08T18:44:36Z,486
2026-10-09T02:50:39Z,4130,2026-10-08T20:39:27Z,371
2026-10-09T02:50:39Z,4131,2026-10-08T21:46:39Z,304
2026-10-09T02:50:39Z,4132,2026-10-08T19:23:42Z,446
2026-10-09T02:50:39Z,4133,2026-10-08T19:16:00Z,454
2026-10-09T02:50:39Z,4134,2026-10-09T02:45:05Z,5
2026-10-09T02:50:39Z,4136,2026-10-08T13:36:26Z,794
2026-10-09T02:50:39Z,4137,2026-10-08T16:24:40Z,625
2026-10-09T02:50:39Z,4138,2026-10-08T15:49:01Z,661
2026-10-09T02:50:39Z,4141,2026-10-09T00:42:35Z,128
2026-10-09T02:50:39Z,4142,2026-10-08T15:30:30Z,680
2026-10-09T02:50:39Z,4145,2026-10-08T19:10:22Z,460
2026-10-09T02:50:39Z,4146,2026-10-08T21:00:43Z,349
2026-10-09T02:50:39Z,4147,2026-10-09T01:36:52Z,73
2026-10-09T02:50:39Z,4148,2026-10-08T15:49:03Z,661
2026-10-09T02:50:39Z,4149,2026-10-08T15:49:03Z,661
2026-10-09T02:50:39Z,4150,2026-10-08T15:49:06Z,661
2026-10-09T02:50:39Z,4151,2026-10-08T15:49:07Z,661
2026-10-09T02:50:39Z,4152,2026-10-08T15:48:58Z,661
2026-10-09T02:50:39Z,4153,2026-10-08T17:13:22Z,577
2026-10-09T02:50:39Z,4155,2026-10-08T23:11:40Z,218
2026-10-09T02:50:39Z,4156,2026-10-08T16:47:12Z,603
2026-10-09T02:50:39Z,4157,2026-10-09T01:35:58Z,74
2026-10-09T02:50:39Z,4158,2026-10-08T21:36:32Z,314
2026-10-09T02:50:39Z,4159,2026-10-08T21:36:29Z,314
2026-10-09T02:50:39Z,4160,2026-10-08T23:01:05Z,229
2026-10-09T02:50:39Z,4161,2026-10-08T19:10:22Z,460
2026-10-09T02:50:39Z,4162,2026-10-08T17:51:03Z,539
2026-10-09T02:50:39Z,4163,2026-10-08T23:07:20Z,223
2026-10-09T02:50:39Z,4165,2026-10-09T01:26:11Z,84
2026-10-09T02:50:39Z,4166,2026-10-08T17:40:02Z,550
2026-10-09T02:50:39Z,4167,2026-10-08T14:37:07Z,733
2026-10-09T02:50:39Z,4168,2026-10-08T19:10:22Z,460
2026-10-09T02:50:39Z,4169,2026-10-08T15:49:54Z,660
2026-10-09T02:50:39Z,4170,2026-10-08T15:48:57Z,661
2026-10-09T02:50:39Z,4171,2026-10-08T15:39:21Z,671
2026-10-09T02:50:39Z,4172,2026-10-09T01:36:51Z,73
2026-10-09T02:50:39Z,4173,2026-10-09T02:39:26Z,11
2026-10-09T02:50:39Z,4174,2026-10-08T15:49:02Z,661
2026-10-09T02:50:39Z,4175,2026-10-09T01:36:53Z,73
2026-10-09T02:50:39Z,4176,2026-10-08T15:49:04Z,661
2026-10-09T02:50:39Z,4177,2026-10-08T15:49:02Z,661
2026-10-09T02:50:39Z,4178,2026-10-09T01:36:51Z,73
2026-10-09T02:50:39Z,4179,2026-10-09T01:36:51Z,73
2026-10-09T02:50:39Z,4180,2026-10-08T15:48:57Z,661
2026-10-09T02:50:39Z,4181,2026-10-08T15:48:57Z,661
2026-10-09T02:50:39Z,4182,2026-10-08T15:49:11Z,661
2026-10-09T02:50:39Z,4183,2026-10-09T01:36:52Z,73
2026-10-09T02:50:39Z,4184,2026-10-08T15:48:58Z,661
2026-10-09T02:50:39Z,4185,2026-10-08T15:48:59Z,661
2026-10-09T02:50:39Z,4186,2026-10-09T01:36:53Z,73
2026-10-09T02:50:39Z,4187,2026-10-08T15:48:58Z,661
2026-10-09T02:50:39Z,4188,2026-10-09T01:36:53Z,73
2026-10-09T02:50:39Z,4189,2026-10-09T01:36:52Z,73
2026-10-09T02:50:39Z,4190,2026-10-08T15:48:58Z,661
2026-10-09T02:50:39Z,4191,2026-10-08T15:48:58Z,661
2026-10-09T02:50:39Z,4192,2026-08-26T02:53:10Z,63357
2026-10-09T02:50:39Z,4193,2026-08-25T03:01:06Z,64789
2026-10-09T02:50:39Z,4194,2026-10-09T01:36:53Z,73
2026-10-09T02:50:39Z,4195,2026-10-09T01:36:51Z,73
2026-10-09T02:50:39Z,4196,2026-10-08T15:49:17Z,661
2026-10-09T02:50:39Z,4197,2026-10-04T00:04:44Z,7365
2026-10-09T02:50:39Z,4198,2026-10-08T15:49:16Z,661
2026-10-09T02:50:39Z,4199,2026-10-09T01:36:51Z,73
2026-10-09T02:50:39Z,4200,2026-07-02T01:31:27Z,142639
2026-10-09T02:50:39Z,4201,2026-10-08T15:48:58Z,661
2026-10-09T02:50:39Z,4202,2026-10-09T01:36:52Z,73
2026-10-09T02:50:39Z,4203,2026-10-08T15:48:59Z,661
2026-10-09T02:50:39Z,4204,2026-10-08T15:48:59Z,661
2026-10-09T02:50:39Z,4205,2026-10-08T15:50:43Z,659
2026-10-09T02:50:39Z,4206,2026-10-08T18:52:22Z,478
2026-10-09T02:50:39Z,4207,2026-10-08T15:48:57Z,661
2026-10-09T02:50:39Z,4208,2026-10-09T01:36:52Z,73
2026-10-09T02:50:39Z,4209,2026-10-08T15:48:57Z,661
2026-10-09T02:50:39Z,4210,2026-10-08T15:48:59Z,661
2026-10-09T02:50:39Z,4211,2026-10-08T15:50:03Z,660
2026-10-09T02:50:39Z,4212,2026-10-09T01:36:52Z,73
2026-10-09T02:50:39Z,4213,2026-10-08T15:48:57Z,661
2026-10-09T02:50:39Z,4214,2026-10-08T19:43:07Z,427
2026-10-09T02:50:39Z,4216,2026-10-09T01:36:53Z,73
2026-10-09T02:50:39Z,4217,2026-10-08T15:48:59Z,661
2026-10-09T02:50:39Z,4218,2026-10-09T01:23:00Z,87
2026-10-09T02:50:39Z,4220,2026-10-09T01:36:53Z,73
2026-10-09T02:50:39Z,4221,2026-10-08T15:48:57Z,661
2026-10-09T02:50:39Z,4222,2026-10-08T15:48:58Z,661
2026-10-09T02:50:39Z,4223,2026-10-08T15:48:59Z,661
2026-10-09T02:50:39Z,4224,2026-10-08T15:48:57Z,661
2026-10-09T02:50:39Z,4225,2026-10-08T15:48:57Z,661
2026-10-09T02:50:39Z,4231,2026-10-08T15:49:08Z,661
2026-10-09T02:50:39Z,4233,2026-10-09T02:45:03Z,5
2026-10-09T02:50:39Z,4234,2026-10-09T01:36:52Z,73
2026-10-09T02:50:39Z,4235,2026-10-08T15:49:21Z,661
2026-10-09T02:50:39Z,4236,2026-10-08T13:55:00Z,775
2026-10-09T02:50:39Z,4237,2026-10-08T21:01:13Z,349
2026-10-09T02:50:39Z,4238,2026-10-08T19:25:50Z,444
2026-10-09T02:50:39Z,4239,2026-10-09T01:36:53Z,73
2026-10-09T02:50:39Z,4240,2026-10-09T01:30:54Z,79
2026-10-09T02:50:39Z,4241,2026-08-19T05:17:18Z,73293
2026-10-09T02:50:39Z,4242,2026-10-08T03:37:27Z,1393
2026-10-09T02:50:39Z,4243,2026-10-08T15:48:58Z,661
2026-10-09T02:50:39Z,4244,2026-10-08T15:48:59Z,661
2026-10-09T02:50:39Z,4245,2025-09-09T08:04:42Z,568485
2026-10-09T02:50:39Z,4246,2026-10-08T05:27:12Z,1283
2026-10-09T02:50:39Z,4247,2026-10-09T01:36:52Z,73
2026-10-09T02:50:39Z,4248,2026-10-08T15:48:57Z,661
2026-10-09T02:50:39Z,4249,2026-10-08T15:48:59Z,661
2026-10-09T02:50:39Z,4250,2026-10-08T18:20:50Z,509
2026-10-09T02:50:39Z,4251,2026-10-08T15:48:58Z,661
2026-10-09T02:50:39Z,4252,2026-10-08T15:48:58Z,661
2026-10-09T02:50:39Z,4253,2026-10-08T15:48:58Z,661
2026-10-09T02:50:39Z,4254,2026-10-08T15:48:58Z,661
2026-10-09T02:50:39Z,4255,2025-09-09T08:04:42Z,568485
2026-10-09T02:50:39Z,4256,2025-09-09T08:04:42Z,568485
2026-10-09T02:50:39Z,4257,2025-09-09T08:04:42Z,568485
2026-10-09T02:50:39Z,4258,2026-10-09T01:36:52Z,73
2026-10-09T02:50:39Z,4259,2026-10-09T01:36:51Z,73
2026-10-09T02:50:39Z,4260,2026-10-08T20:45:47Z,364
2026-10-09T02:50:39Z,4261,2026-10-08T21:01:19Z,349
2026-10-09T02:50:39Z,4262,2026-10-09T01:36:53Z,73
2026-10-09T02:50:39Z,4263,2026-10-08T15:48:57Z,661
2026-10-09T02:50:39Z,4264,2026-10-09T01:36:52Z,73
2026-10-09T02:50:39Z,4265,2026-10-08T15:49:16Z,661
2026-10-09T02:50:39Z,4266,2026-10-08T15:48:57Z,661
2026-10-09T02:50:39Z,4267,2026-09-23T06:04:27Z,22846
2026-10-09T02:50:39Z,4268,2026-10-08T21:00:51Z,349
2026-10-09T02:50:39Z,4270,2026-10-08T15:48:57Z,661
2026-10-09T02:50:39Z,4271,2026-10-08T15:48:57Z,661
2026-10-09T02:50:39Z,4272,2026-10-08T15:48:57Z,661
2026-10-09T02:50:39Z,4273,2026-10-09T01:36:52Z,73
2026-10-09T02:50:39Z,4274,2026-10-08T16:48:19Z,602
2026-10-09T02:50:39Z,4275,2026-10-08T17:05:51Z,584
2026-10-09T02:50:39Z,4277,2026-10-08T14:21:40Z,748
2026-10-09T02:50:39Z,4278,2026-10-09T02:39:22Z,11
2026-10-09T02:50:39Z,4279,2026-10-08T18:03:42Z,526
2026-10-09T02:50:39Z,4280,2026-10-08T18:32:56Z,497
2026-10-09T02:50:39Z,4281,2026-10-09T00:02:36Z,168
2026-10-09T02:50:39Z,4282,2026-10-08T17:32:51Z,557
2026-10-09T02:50:39Z,4283,2026-10-09T00:56:15Z,114
2026-10-09T02:50:39Z,4284,2026-10-08T09:38:55Z,1031
2026-10-09T02:50:39Z,4285,2026-10-08T17:11:31Z,579
2026-10-09T02:50:39Z,4286,2026-10-08T17:33:56Z,556
2026-10-09T02:50:39Z,4287,2026-10-08T15:48:59Z,661
2026-10-09T02:50:39Z,4288,2026-10-08T15:48:58Z,661
2026-10-09T02:50:39Z,4289,2026-10-08T15:48:58Z,661
2026-10-09T02:50:39Z,4290,2026-10-08T15:48:58Z,661
2026-10-09T02:50:39Z,4291,2025-09-09T08:04:42Z,568485
2026-10-09T02:50:39Z,4292,2026-10-09T01:36:52Z,73
2026-10-09T02:50:39Z,4293,2026-10-09T01:36:52Z,73
2026-10-09T02:50:39Z,4294,2026-10-08T23:49:25Z,181
2026-10-09T02:50:39Z,4295,2026-08-12T02:28:09Z,83542
2026-10-09T02:50:39Z,4296,2026-10-09T01:36:51Z,73
2026-10-09T02:50:39Z,4297,2026-10-08T15:49:04Z,661
2026-10-09T02:50:39Z,4298,2026-10-08T15:52:01Z,658
2026-10-09T02:50:39Z,4299,2026-10-08T15:48:58Z,661
2026-10-09T02:50:39Z,4300,2026-10-09T01:36:51Z,73
2026-10-09T02:50:39Z,4301,2026-10-09T01:36:52Z,73
2026-10-09T02:50:39Z,4302,2026-10-08T15:48:57Z,661
2026-10-09T02:50:39Z,4303,2026-10-08T19:22:05Z,448
2026-10-09T02:50:39Z,4304,2026-10-08T09:23:22Z,1047
2026-10-09T02:50:39Z,4305,2026-10-09T01:36:51Z,73
2026-10-09T02:50:39Z,4306,2026-10-08T15:49:02Z,661
2026-10-09T02:50:39Z,4307,2026-10-08T15:49:01Z,661
2026-10-09T02:50:39Z,4308,2026-10-08T15:49:43Z,660
2026-10-09T02:50:39Z,4309,2026-10-06T04:29:22Z,4221
2026-10-09T02:50:39Z,4310,2026-10-09T01:36:52Z,73
2026-10-09T02:50:39Z,4311,2026-10-08T13:56:46Z,773
2026-10-09T02:50:39Z,4312,2026-10-08T13:56:47Z,773
2026-10-09T02:50:39Z,4313,2026-10-08T13:56:48Z,773
2026-10-09T02:50:39Z,4315,2026-10-09T02:41:34Z,9
2026-10-09T02:50:39Z,4316,2026-10-09T01:26:12Z,84
2026-10-09T02:50:39Z,4317,2026-10-08T23:22:23Z,208
2026-10-09T02:50:39Z,4318,2026-09-29T10:14:55Z,13955
2026-10-09T02:50:39Z,4319,2026-10-08T22:24:24Z,266
2026-10-09T02:50:39Z,4320,2026-10-08T21:00:54Z,349
2026-10-09T02:50:39Z,4321,2026-10-08T15:09:51Z,700
2026-10-09T02:50:39Z,4322,2026-08-27T10:04:36Z,61486
2026-10-09T02:50:39Z,4323,2026-10-09T01:24:50Z,85
2026-10-09T02:50:39Z,4324,2026-10-08T19:10:31Z,460
2026-10-09T02:50:39Z,4326,2026-09-29T08:57:14Z,14033
2026-10-09T02:50:39Z,4327,2026-10-08T15:48:58Z,661
2026-10-09T02:50:39Z,4328,2026-10-08T19:10:33Z,460
2026-10-09T02:50:39Z,4331,2026-10-08T13:18:54Z,811
2026-10-09T02:50:39Z,4332,2026-10-08T21:54:52Z,295
2026-10-09T02:50:39Z,4333,2026-10-08T19:10:35Z,460
2026-10-09T02:50:39Z,4334,2026-10-08T13:37:31Z,793
2026-10-09T02:50:39Z,4335,2025-09-23T08:51:12Z,548279
2026-10-09T02:50:39Z,4336,2026-10-08T15:49:16Z,661
2026-10-09T02:50:39Z,4337,2026-10-08T15:48:58Z,661
2026-10-09T02:50:39Z,4338,2026-10-08T15:49:07Z,661
2026-10-09T02:50:39Z,4339,2026-10-09T00:59:13Z,111
2026-10-09T02:50:39Z,4340,2026-10-08T19:10:35Z,460
2026-10-09T02:50:39Z,4341,2026-10-08T19:10:35Z,460
2026-10-09T02:50:39Z,4342,2026-10-08T19:10:36Z,460
2026-10-09T02:50:39Z,4343,2026-10-08T19:10:36Z,460
2026-10-09T02:50:39Z,4344,2026-10-08T19:10:36Z,460
2026-10-09T02:50:39Z,4345,2026-10-08T19:10:36Z,460
2026-10-09T02:50:39Z,4346,2026-10-09T00:52:27Z,118
2026-10-09T02:50:39Z,4347,2026-10-08T19:10:37Z,460
2026-10-09T02:50:39Z,4348,2026-10-08T19:10:37Z,460
2026-10-09T02:50:39Z,4349,2026-10-09T02:45:05Z,5
2026-10-09T02:50:39Z,4352,2026-10-09T01:26:54Z,83
2026-10-09T02:50:39Z,4353,2026-10-09T00:22:49Z,147
2026-10-09T02:50:39Z,4354,2026-10-08T19:10:38Z,460
2026-10-09T02:50:39Z,4355,2026-10-09T01:43:21Z,67
2026-10-09T02:50:39Z,4360,2026-10-08T19:10:40Z,459
2026-10-09T02:50:39Z,4363,2026-10-08T13:58:14Z,772
2026-10-09T02:50:39Z,4366,2026-10-08T21:00:58Z,349
2026-10-09T02:50:39Z,4367,2026-10-09T01:02:55Z,107
2026-10-09T02:50:39Z,4368,2026-10-08T19:10:42Z,459
2026-10-09T02:50:39Z,4369,2026-10-08T19:10:42Z,459
2026-10-09T02:50:39Z,4370,2026-10-08T19:10:42Z,459
2026-10-09T02:50:39Z,4373,2026-10-08T15:50:13Z,660
2026-10-09T02:50:39Z,4374,2026-10-09T01:02:55Z,107
2026-10-09T02:50:39Z,4375,2026-10-08T19:10:42Z,459
2026-10-09T02:50:39Z,4376,2026-10-08T19:02:09Z,468
2026-10-09T02:50:39Z,4377,2026-10-08T13:31:08Z,799
2026-10-09T02:50:39Z,4378,2026-10-08T17:53:56Z,536
2026-10-09T02:50:39Z,4379,2026-10-08T19:10:43Z,459
2026-10-09T02:50:39Z,4380,2026-10-09T00:52:44Z,117
2026-10-09T02:50:39Z,4382,2026-10-08T16:19:16Z,631
2026-10-09T02:50:39Z,4383,2026-10-08T21:01:26Z,349
2026-10-09T02:50:39Z,4571,2026-10-09T01:26:14Z,84
2026-10-09T02:50:39Z,4572,2026-10-08T15:49:08Z,661
2026-10-09T02:50:39Z,4574,2026-10-08T19:10:45Z,459
2026-10-09T02:50:39Z,4575,2024-10-07T08:55:34Z,1053715
2026-10-09T02:50:39Z,4577,2026-10-09T00:14:54Z,155
2026-10-09T02:50:39Z,4578,2026-10-09T02:45:05Z,5
2026-10-09T02:50:39Z,4579,2026-10-08T19:10:45Z,459
2026-10-09T02:50:39Z,4580,2026-10-08T19:10:46Z,459
2026-10-09T02:50:39Z,4581,2026-10-08T19:10:46Z,459
2026-10-09T02:50:39Z,4582,2026-10-08T21:01:33Z,349
2026-10-09T02:50:39Z,4584,2026-10-08T19:10:46Z,459
2026-10-09T02:50:39Z,4585,2026-10-08T19:10:46Z,459
2026-10-09T02:50:39Z,4587,2026-10-08T21:00:49Z,349
2026-10-09T02:50:39Z,4588,2026-10-08T21:01:18Z,349
2026-10-09T02:50:39Z,4589,2026-10-09T02:45:03Z,5
2026-10-09T02:50:39Z,4590,2026-10-09T02:45:03Z,5
2026-10-09T02:50:39Z,4591,2026-10-09T02:45:03Z,5
2026-10-09T02:50:39Z,4593,2026-10-09T02:45:03Z,5
2026-10-09T02:50:39Z,4594,2026-10-09T02:45:03Z,5
2026-10-09T02:50:39Z,4595,2026-10-09T02:45:03Z,5
2026-10-09T02:50:39Z,4596,2026-10-09T02:45:03Z,5
2026-10-09T02:50:39Z,4597,2026-10-09T02:45:03Z,5
2026-10-09T02:50:39Z,4598,2026-10-09T02:45:03Z,5
2026-10-09T02:50:39Z,4599,2026-10-09T02:45:03Z,5
2026-10-09T02:50:39Z,4602,2026-10-09T02:45:03Z,5
2026-10-09T02:50:39Z,4687,2026-10-09T02:45:03Z,5
2026-10-09T02:50:39Z,4688,2026-10-09T02:45:03Z,5
2026-10-09T02:50:39Z,4689,2026-10-09T02:45:03Z,5
2026-10-09T02:50:39Z,4690,2026-10-09T02:45:03Z,5
2026-10-09T02:50:39Z,4702,2026-10-09T02:45:03Z,5
2026-10-09T02:50:39Z,4776,2026-10-09T02:45:03Z,5
2026-10-09T02:50:39Z,4777,2026-10-09T02:45:03Z,5
2026-10-09T02:50:39Z,4779,2026-10-09T02:45:03Z,5
2026-10-09T02:50:39Z,4780,2026-10-09T02:45:03Z,5
2026-10-09T02:50:39Z,4782,2026-10-09T02:45:03Z,5
2026-10-09T02:50:39Z,4784,2026-10-09T02:45:03Z,5
2026-10-09T02:50:39Z,4785,2026-10-09T02:45:03Z,5
2026-10-09T02:50:39Z,4786,2026-10-09T02:45:03Z,5
2026-10-09T02:50:39Z,4787,2026-10-09T02:45:03Z,5
2026-10-09T02:50:39Z,4788,2026-10-09T02:45:03Z,5
2026-10-09T02:50:39Z,4789,2026-10-09T02:45:03Z,5
2026-10-09T02:50:39Z,4790,2026-10-09T02:45:03Z,5
2026-10-09T02:50:39Z,4791,2026-10-09T02:45:03Z,5
2026-10-09T02:50:39Z,4792,2026-10-09T02:45:03Z,5
2026-10-09T02:50:39Z,4793,2026-10-09T02:45:03Z,5
2026-10-09T02:50:39Z,4794,2026-10-09T02:45:03Z,5
2026-10-09T02:50:39Z,4795,2026-10-09T02:45:03Z,5
2026-10-09T02:50:39Z,4796,2026-10-09T02:45:03Z,5
2026-10-09T02:50:39Z,4797,2026-10-09T02:45:03Z,5
2026-10-09T02:50:39Z,4798,2026-10-09T02:45:03Z,5
2026-10-09T02:50:39Z,4799,2026-10-09T02:45:03Z,5
2026-10-09T02:50:39Z,4800,2026-10-09T02:45:03Z,5
2026-10-09T02:50:39Z,4801,2026-10-09T02:45:03Z,5
2026-10-09T02:50:39Z,4804,2026-10-09T02:45:03Z,5
2026-10-09T02:50:39Z,4806,2026-10-09T02:45:03Z,5
2026-10-09T02:50:39Z,4807,2026-10-09T02:45:03Z,5
2026-10-09T02:50:39Z,4808,2026-10-09T02:45:03Z,5
2026-10-09T02:50:39Z,4809,2026-10-08T21:02:33Z,348
2026-10-09T02:50:39Z,4810,2026-10-08T21:00:44Z,349
2026-10-09T02:50:39Z,4811,2026-10-08T19:10:48Z,459
2026-10-09T02:50:39Z,4812,2026-10-09T02:16:08Z,34
2026-10-09T02:50:39Z,4813,2026-10-09T02:38:38Z,12
2026-10-09T02:50:39Z,4814,2026-10-08T19:10:49Z,459
2026-10-09T02:50:39Z,4816,2026-10-09T01:36:53Z,73
2026-10-09T02:50:39Z,4817,2026-10-08T15:48:57Z,661
2026-10-09T02:50:39Z,4818,2026-10-09T01:36:53Z,73
2026-10-09T02:50:39Z,4819,2026-10-08T15:49:02Z,661
2026-10-09T02:50:39Z,4820,2026-10-08T15:49:04Z,661
2026-10-09T02:50:39Z,4821,2026-10-09T01:36:52Z,73
2026-10-09T02:50:39Z,4822,2026-10-08T15:49:08Z,661
2026-10-09T02:50:39Z,4823,2026-10-09T01:36:52Z,73
2026-10-09T02:50:39Z,4824,2026-10-08T15:49:17Z,661
2026-10-09T02:50:39Z,4825,2026-10-08T19:10:49Z,459
2026-10-09T02:50:39Z,4826,2026-10-08T23:56:07Z,174
2026-10-09T02:50:39Z,4829,2026-10-08T19:05:25Z,465
2026-10-09T02:50:39Z,4830,2026-10-09T02:45:03Z,5
2026-10-09T02:50:39Z,4832,2026-10-09T02:44:50Z,5
2026-10-09T02:50:39Z,4833,2026-10-08T19:10:50Z,459
2026-10-09T02:50:39Z,4834,2026-10-08T21:00:46Z,349
2026-10-09T02:50:39Z,4837,2026-10-09T02:45:03Z,5
2026-10-09T02:50:39Z,4838,2026-10-09T02:45:03Z,5
2026-10-09T02:50:39Z,4839,2026-10-08T21:00:51Z,349
2026-10-09T02:50:39Z,4840,2026-10-05T05:02:16Z,5628
2026-10-09T02:50:39Z,4841,2026-10-05T05:02:25Z,5628
2026-10-09T02:50:39Z,4842,2026-10-05T05:02:16Z,5628
2026-10-09T02:50:39Z,4843,2026-10-05T05:02:25Z,5628
2026-10-09T02:50:39Z,4844,2026-10-05T05:02:04Z,5628
2026-10-09T02:50:39Z,4845,2026-10-08T14:09:06Z,761
2026-10-09T02:50:39Z,4847,2026-10-09T02:45:03Z,5
2026-10-09T02:50:39Z,4848,2026-10-09T02:45:03Z,5
2026-10-09T02:50:39Z,4849,2026-10-09T00:34:08Z,136
2026-10-09T02:50:39Z,4850,2026-10-09T00:34:14Z,136
2026-10-09T02:50:39Z,4851,2026-10-09T00:15:48Z,154
2026-10-09T02:50:39Z,4852,2026-10-09T00:34:08Z,136
2026-10-09T02:50:39Z,4853,2026-10-09T00:18:15Z,152
2026-10-09T02:50:39Z,4854,2026-10-09T01:07:02Z,103
2026-10-09T02:50:39Z,4855,2026-10-09T00:26:45Z,143
2026-10-09T02:50:39Z,4856,2026-10-09T01:07:54Z,102
2026-10-09T02:50:39Z,4857,2026-10-09T00:26:52Z,143
2026-10-09T02:50:39Z,4858,2026-10-09T00:14:23Z,156
2026-10-09T02:50:39Z,4859,2026-10-09T00:28:20Z,142
2026-10-09T02:50:39Z,4860,2026-10-08T19:10:51Z,459
2026-10-09T02:50:39Z,4861,2026-10-08T15:03:51Z,706
2026-10-09T02:50:39Z,5805,2026-10-08T23:53:07Z,177
2026-10-09T02:50:39Z,5806,2026-10-08T21:01:17Z,349
2026-10-09T02:50:39Z,5807,2026-10-08T23:55:11Z,175
2026-10-09T02:50:39Z,5808,2026-10-08T18:06:58Z,523
2026-10-09T02:50:39Z,5809,2026-10-09T01:27:25Z,83
2026-10-09T02:50:39Z,5810,2026-10-06T10:40:18Z,3850
2026-10-09T02:50:39Z,6797,2026-10-09T02:45:03Z,5
2026-10-09T02:50:39Z,6798,2026-10-09T02:45:03Z,5
2026-10-09T02:50:39Z,6799,2026-10-09T02:45:03Z,5
2026-10-09T02:50:39Z,6800,2026-10-09T02:45:03Z,5
2026-10-09T02:50:39Z,6801,2026-10-09T02:45:03Z,5
2026-10-09T02:50:39Z,6802,2026-10-09T02:45:03Z,5
2026-10-09T02:50:39Z,6803,2026-10-09T02:45:03Z,5
2026-10-09T02:50:39Z,6804,2026-10-09T02:45:03Z,5
2026-10-09T02:50:39Z,6812,2026-10-09T02:45:03Z,5
2026-10-09T02:50:39Z,6814,2026-10-09T02:45:03Z,5
2026-10-09T02:50:39Z,6815,2026-10-08T21:00:40Z,349
2026-10-09T02:50:39Z,6817,2026-10-09T02:45:03Z,5
2026-10-09T02:50:39Z,6818,2026-10-09T02:45:03Z,5
2026-10-09T02:50:39Z,6819,2026-10-09T02:45:03Z,5
2026-10-09T02:50:39Z,6820,2026-10-09T02:45:03Z,5
2026-10-09T02:50:39Z,6821,2026-10-09T02:45:03Z,5
2026-10-09T02:50:39Z,6822,2026-10-09T02:45:03Z,5
2026-10-09T02:50:39Z,6823,2026-10-09T02:45:03Z,5
2026-10-09T02:50:39Z,6825,2026-10-09T02:45:03Z,5
2026-10-09T02:50:39Z,6826,2026-10-09T02:45:03Z,5
2026-10-09T02:50:39Z,6827,2026-10-09T02:45:03Z,5
2026-10-09T02:50:39Z,6828,2026-10-08T19:10:52Z,459
2026-10-09T02:50:39Z,6830,2026-10-09T02:45:03Z,5
2026-10-09T02:50:39Z,6831,2026-10-09T02:45:03Z,5
2026-10-09T02:50:39Z,6832,2026-10-09T02:45:03Z,5
2026-10-09T02:50:39Z,6833,2026-10-09T02:45:03Z,5
2026-10-09T02:50:39Z,6834,2026-10-09T02:45:03Z,5
2026-10-09T02:50:39Z,6835,2026-10-08T18:20:50Z,509
2026-10-09T02:50:39Z,6837,2026-10-09T01:33:42Z,76
2026-10-09T02:50:39Z,6838,2026-10-08T20:32:29Z,378
2026-10-09T02:50:39Z,6839,2026-10-07T12:04:41Z,2325
2026-10-09T02:50:39Z,6841,2026-10-09T02:45:03Z,5
2026-10-09T02:50:39Z,6845,2026-10-08T21:01:14Z,349
2026-10-09T02:50:39Z,6847,2026-10-09T02:45:03Z,5
2026-10-09T02:50:39Z,6849,2026-10-09T02:45:03Z,5
2026-10-09T02:50:39Z,6850,2026-10-08T03:38:55Z,1391
2026-10-09T02:50:39Z,6853,2026-10-08T17:18:10Z,572
2026-10-09T02:50:39Z,6855,2026-10-08T16:29:26Z,621
2026-10-09T02:50:39Z,6856,2026-10-09T02:39:31Z,11
2026-10-09T02:50:39Z,6857,2026-10-08T19:10:54Z,459
2026-10-09T02:50:39Z,6858,2026-10-08T10:00:03Z,1010
2026-10-09T02:50:39Z,6860,2026-10-09T01:36:53Z,73
2026-10-09T02:50:39Z,6862,2026-10-08T19:32:04Z,438
2026-10-09T02:50:39Z,6864,2026-10-08T16:47:59Z,602
2026-10-09T02:50:39Z,14360,2026-10-09T02:45:03Z,5
2026-10-09T02:50:39Z,14368,2026-10-07T06:37:59Z,2652
2026-10-09T02:50:39Z,14369,2026-10-08T20:43:31Z,367
2026-10-09T02:50:39Z,14370,2026-10-08T16:54:34Z,596
2026-10-09T02:50:39Z,14371,2026-10-08T04:35:49Z,1334
2026-10-09T02:50:39Z,14372,2026-10-08T22:31:48Z,258
2026-10-09T02:50:39Z,14374,2026-09-29T16:11:14Z,13599
2026-10-09T02:50:39Z,14375,2026-10-01T18:03:22Z,10607
2026-10-09T02:50:39Z,14376,2026-10-08T15:20:51Z,689
2026-10-09T02:50:39Z,14403,2026-10-09T00:23:34Z,147
2026-10-09T02:50:39Z,14404,2026-10-09T02:45:03Z,5
2026-10-09T02:50:39Z,14405,2026-09-12T15:14:13Z,38136
2026-10-09T02:50:39Z,14406,2026-10-08T19:36:52Z,433
2026-10-09T02:50:39Z,14407,2026-09-18T16:52:05Z,29398
2026-10-09T02:50:39Z,14408,2026-09-26T14:42:06Z,18008
2026-10-09T02:50:39Z,14409,2026-10-07T22:28:29Z,1702
2026-10-09T02:50:39Z,14410,2026-10-08T13:00:08Z,830
2026-10-09T02:50:39Z,14411,2026-10-09T02:45:03Z,5
2026-10-09T02:50:39Z,14412,2026-10-09T02:45:03Z,5
2026-10-09T02:50:39Z,14413,2026-10-09T02:45:03Z,5
2026-10-09T02:50:39Z,14414,2026-10-09T02:45:03Z,5
2026-10-09T02:50:39Z,14415,2026-10-09T02:45:03Z,5
2026-10-09T02:50:39Z,14416,2026-10-08T19:10:55Z,459
2026-10-09T02:50:39Z,14417,2026-10-09T02:45:03Z,5
2026-10-09T02:50:39Z,14418,2026-10-08T14:56:47Z,713
2026-10-09T02:50:39Z,14419,2026-10-08T17:22:45Z,567
2026-10-09T02:50:39Z,14420,2026-10-08T18:11:27Z,519
2026-10-09T02:50:39Z,14422,2026-10-09T02:45:03Z,5
2026-10-09T02:50:39Z,14423,2026-10-09T02:45:03Z,5
2026-10-09T02:50:39Z,14424,2026-10-08T21:01:23Z,349
2026-10-09T02:50:39Z,14427,2026-10-09T02:45:03Z,5
2026-10-09T02:50:39Z,14445,2026-10-09T02:45:03Z,5
2026-10-09T02:50:39Z,14446,2026-10-09T02:45:03Z,5
2026-10-09T02:50:39Z,14447,2026-10-09T02:45:03Z,5
2026-10-09T02:50:39Z,14448,2026-10-09T02:45:03Z,5
2026-10-09T02:50:39Z,14449,2026-10-08T21:01:18Z,349
2026-10-09T02:50:39Z,14451,2026-10-09T02:45:03Z,5
2026-10-09T02:50:39Z,14452,2026-10-09T02:45:03Z,5
2026-10-09T02:50:39Z,14453,2026-10-06T17:17:49Z,3452
2026-10-09T02:50:39Z,14454,2026-10-08T12:30:11Z,860
2026-10-09T02:50:39Z,14455,2026-10-09T02:39:52Z,10
2026-10-09T02:50:39Z,14456,2026-10-08T19:10:55Z,459
2026-10-09T02:50:39Z,14457,2026-10-08T19:10:55Z,459
2026-10-09T02:50:39Z,14458,2026-10-08T18:58:36Z,472
2026-10-09T02:50:39Z,14460,2025-08-24T21:39:38Z,590711
2026-10-09T02:50:39Z,14461,2026-10-08T15:48:57Z,661
2026-10-09T02:50:39Z,14464,2026-10-08T15:48:57Z,661
2026-10-09T02:50:39Z,14465,2025-08-24T21:39:38Z,590711
2026-10-09T02:50:39Z,14471,2026-10-09T00:26:53Z,143
2026-10-09T02:50:39Z,14473,2026-10-08T21:00:54Z,349
2026-10-09T02:50:39Z,14475,2026-10-08T17:47:32Z,543
2026-10-09T02:50:39Z,14476,2026-10-08T14:21:43Z,748
2026-10-09T02:50:39Z,14477,2026-10-09T00:01:51Z,168
2026-10-09T02:50:39Z,14478,2026-10-08T08:20:08Z,1110
2026-10-09T02:50:39Z,14479,2026-10-08T16:30:50Z,619
2026-10-09T02:50:39Z,14480,2026-10-08T19:10:55Z,459
2026-10-09T02:50:39Z,14481,2026-10-08T18:10:50Z,519
2026-10-09T02:50:39Z,14484,2026-10-07T00:05:35Z,3045
2026-10-09T02:50:39Z,14485,2026-10-08T21:00:49Z,349
2026-10-09T02:50:39Z,14486,2026-10-08T21:00:53Z,349
2026-10-09T02:50:39Z,14487,2026-10-08T21:00:52Z,349
2026-10-09T02:50:39Z,14488,2026-10-08T21:00:59Z,349
2026-10-09T02:50:39Z,14489,2026-10-08T21:00:45Z,349
2026-10-09T02:50:39Z,14490,2026-10-09T00:01:10Z,169
2026-10-09T02:50:39Z,14498,2026-10-08T16:00:26Z,650
2026-10-09T02:50:39Z,14499,2026-10-09T01:03:04Z,107
2026-10-09T02:50:39Z,14500,2026-10-09T00:32:04Z,138
2026-10-09T02:50:39Z,14502,2026-10-08T17:53:43Z,536
2026-10-09T02:50:39Z,14503,2026-10-09T02:27:12Z,23
2026-10-09T02:50:39Z,14504,2026-10-08T15:32:09Z,678
2026-10-09T02:50:39Z,14506,2026-10-08T21:00:55Z,349
2026-10-09T02:50:39Z,14509,2026-10-08T14:54:00Z,716
2026-10-09T02:50:39Z,14510,2026-10-08T19:10:55Z,459
2026-10-09T02:50:39Z,14511,2026-10-08T19:10:55Z,459
2026-10-09T02:50:39Z,14512,2026-10-08T19:10:56Z,459
2026-10-09T02:50:39Z,14513,2026-10-08T15:48:59Z,661
2026-10-09T02:50:39Z,14515,2026-10-09T02:45:05Z,5
2026-10-09T02:50:39Z,14517,2026-10-09T02:45:05Z,5
2026-10-09T02:50:39Z,14519,2026-10-08T17:06:33Z,584
2026-10-09T02:50:39Z,14521,2026-10-08T19:02:08Z,468
2026-10-09T02:50:39Z,14522,2026-10-08T16:05:21Z,645
2026-10-09T02:50:39Z,14523,2026-10-08T21:58:31Z,292
2026-10-09T02:50:39Z,14525,2026-09-22T10:42:18Z,24008
2026-10-09T02:50:39Z,14526,2026-10-09T02:45:05Z,5
2026-10-09T02:50:39Z,14527,2026-10-08T16:21:02Z,629
2026-10-09T02:50:39Z,14528,2026-10-08T21:21:14Z,329
2026-10-09T02:50:39Z,14529,2026-10-08T21:00:49Z,349
2026-10-09T02:50:39Z,14530,2026-10-08T17:34:57Z,555
2026-10-09T02:50:39Z,14531,2026-10-08T16:31:01Z,619
2026-10-09T02:50:39Z,14532,2026-10-08T15:49:15Z,661
2026-10-09T02:50:39Z,14533,2026-10-08T15:49:16Z,661
2026-10-09T02:50:39Z,14534,2026-10-09T01:36:53Z,73
2026-10-09T02:50:39Z,14535,2026-10-08T15:48:59Z,661
2026-10-09T02:50:39Z,14536,2026-10-08T15:48:59Z,661
2026-10-09T02:50:39Z,14537,2026-10-09T02:45:03Z,5
2026-10-09T02:50:39Z,15365,2026-10-09T00:28:33Z,142
2026-10-09T02:50:39Z,15366,2026-10-09T00:28:13Z,142
2026-10-09T02:50:39Z,15367,2026-10-08T21:01:00Z,349
2026-10-09T02:50:39Z,15368,2026-10-08T09:36:24Z,1034
2026-10-09T02:50:39Z,15369,2026-10-09T01:34:45Z,75
2026-10-09T02:50:39Z,15370,2026-10-09T02:01:06Z,49
2026-10-09T02:50:39Z,15371,2026-10-08T12:00:57Z,889
2026-10-09T02:50:39Z,15372,2026-10-08T14:14:08Z,756
2026-10-09T02:50:39Z,15373,2026-10-08T19:10:57Z,459
2026-10-09T02:50:39Z,15374,2026-08-11T06:32:23Z,84738
2026-10-09T02:50:39Z,15377,2026-10-09T02:45:05Z,5
2026-10-09T02:50:39Z,15378,2026-10-09T02:45:05Z,5
2026-10-09T02:50:39Z,15379,2026-10-08T21:00:55Z,349
2026-10-09T02:50:39Z,15380,2026-10-08T21:01:03Z,349
2026-10-09T02:50:39Z,15381,2026-10-08T19:11:15Z,459
2026-10-09T02:50:39Z,15386,2026-10-09T01:34:47Z,75
2026-10-09T02:50:39Z,15387,2026-10-08T15:49:16Z,661
2026-10-09T02:50:39Z,15393,2026-10-09T02:18:27Z,32
2026-10-09T02:50:39Z,15394,2026-10-09T02:45:03Z,5
2026-10-09T02:50:39Z,15395,2026-10-08T16:18:33Z,632
2026-10-09T02:50:39Z,15396,2026-10-08T19:11:04Z,459
2026-10-09T02:50:39Z,15402,2026-10-08T19:11:05Z,459
2026-10-09T02:50:39Z,15403,2026-10-08T19:11:06Z,459
2026-10-09T02:50:39Z,15404,2026-10-08T19:11:07Z,459
2026-10-09T02:50:39Z,15405,2026-10-09T02:45:03Z,5
2026-10-09T02:50:39Z,15406,2026-10-09T02:45:03Z,5
2026-10-09T02:50:39Z,15407,2026-10-06T12:06:39Z,3764
2026-10-09T02:50:39Z,15408,2026-10-08T12:39:14Z,851
2026-10-09T02:50:39Z,15409,2026-10-08T13:41:09Z,789
2026-10-09T02:50:39Z,15410,2026-10-08T08:38:13Z,1092
2026-10-09T02:50:39Z,15411,2026-10-08T08:21:46Z,1108
2026-10-09T02:50:39Z,15413,2026-10-08T19:11:08Z,459
2026-10-09T02:50:39Z,15414,2026-10-01T09:45:04Z,11105
2026-10-09T02:50:39Z,15415,2026-10-01T09:45:04Z,11105
2026-10-09T02:50:39Z,15416,2026-10-08T12:37:51Z,852
2026-10-09T02:50:39Z,15418,2026-10-08T19:11:08Z,459
2026-10-09T02:50:39Z,15419,2026-10-08T19:11:09Z,459
2026-10-09T02:50:39Z,15420,2026-10-08T19:11:09Z,459
2026-10-09T02:50:39Z,15421,2026-10-08T17:46:25Z,544
2026-10-09T02:50:39Z,15422,2026-10-09T02:45:03Z,5
2026-10-09T02:50:39Z,15423,2026-10-09T01:22:40Z,87
2026-10-09T02:50:39Z,15424,2026-10-08T09:25:44Z,1044
2026-10-09T02:50:39Z,15425,2026-10-05T21:34:47Z,4635
2026-10-09T02:50:39Z,15426,2026-10-06T08:16:32Z,3994
2026-10-09T02:50:39Z,15427,2026-10-09T02:45:03Z,5
2026-10-09T02:50:39Z,15428,2026-10-09T02:45:03Z,5
2026-10-09T02:50:39Z,15429,2026-10-09T02:45:03Z,5
2026-10-09T02:50:39Z,15430,2026-10-09T02:45:03Z,5
2026-10-09T02:50:39Z,15431,2026-10-09T02:45:03Z,5
2026-10-09T02:50:39Z,15432,2026-10-09T02:45:03Z,5
2026-10-09T02:50:39Z,15433,2026-10-09T02:45:03Z,5
2026-10-09T02:50:39Z,15434,2026-10-09T02:45:03Z,5
2026-10-09T02:50:39Z,15435,2026-10-09T02:45:03Z,5
2026-10-09T02:50:39Z,15436,2026-10-09T02:45:03Z,5
2026-10-09T02:50:39Z,15437,2026-10-09T02:45:03Z,5
2026-10-09T02:50:39Z,15438,2026-10-09T02:45:03Z,5
2026-10-09T02:50:39Z,15439,2026-10-09T02:45:03Z,5
2026-10-09T02:50:39Z,15440,2026-10-09T02:45:03Z,5
2026-10-09T02:50:39Z,15441,2026-10-09T02:45:03Z,5
2026-10-09T02:50:39Z,15442,2026-10-09T02:45:03Z,5
2026-10-09T02:50:39Z,15443,2026-10-09T02:45:03Z,5
2026-10-09T02:50:39Z,15444,2026-10-09T02:45:03Z,5
2026-10-09T02:50:39Z,15445,2026-10-09T02:45:03Z,5
2026-10-09T02:50:39Z,15446,2026-10-09T02:45:03Z,5
2026-10-09T02:50:39Z,15447,2026-10-09T02:45:03Z,5
2026-10-09T02:50:39Z,15448,2026-10-09T02:45:03Z,5
2026-10-09T02:50:39Z,15449,2026-10-09T02:45:03Z,5
2026-10-09T02:50:39Z,15450,2026-10-09T02:45:03Z,5
2026-10-09T02:50:39Z,15451,2026-10-09T02:45:03Z,5
2026-10-09T02:50:39Z,15452,2026-10-09T02:45:03Z,5
2026-10-09T02:50:39Z,15453,2026-10-09T02:45:03Z,5
2026-10-09T02:50:39Z,15454,2026-10-09T02:45:03Z,5
2026-10-09T02:50:39Z,15455,2026-10-09T02:45:03Z,5
2026-10-09T02:50:39Z,15456,2026-10-09T02:45:03Z,5
2026-10-09T02:50:39Z,15457,2026-10-09T02:45:03Z,5
2026-10-09T02:50:39Z,15458,2026-10-09T02:45:03Z,5
2026-10-09T02:50:39Z,15459,2026-10-09T02:45:03Z,5
2026-10-09T02:50:39Z,15460,2026-10-09T02:45:03Z,5
2026-10-09T02:50:39Z,15461,2026-10-09T02:45:03Z,5
2026-10-09T02:50:39Z,15462,2026-10-09T02:45:03Z,5
2026-10-09T02:50:39Z,15463,2026-10-09T02:45:03Z,5
2026-10-09T02:50:39Z,15464,2026-10-09T02:45:03Z,5
2026-10-09T02:50:39Z,15465,2026-10-09T02:45:03Z,5
2026-10-09T02:50:39Z,15466,2026-10-09T02:45:03Z,5
2026-10-09T02:50:39Z,15467,2026-10-09T02:45:03Z,5
2026-10-09T02:50:39Z,15468,2026-10-09T02:45:03Z,5
2026-10-09T02:50:39Z,15469,2026-10-09T02:45:03Z,5
2026-10-09T02:50:39Z,15470,2026-10-09T02:45:03Z,5
2026-10-09T02:50:39Z,15471,2026-10-09T02:45:03Z,5
2026-10-09T02:50:39Z,15472,2026-10-09T02:45:03Z,5
2026-10-09T02:50:39Z,15473,2026-10-09T02:45:03Z,5
2026-10-09T02:50:39Z,15474,2026-10-09T02:45:03Z,5
2026-10-09T02:50:39Z,15475,2026-10-09T02:45:03Z,5
2026-10-09T02:50:39Z,15476,2026-10-09T02:45:03Z,5
2026-10-09T02:50:39Z,15477,2026-10-09T02:45:03Z,5
2026-10-09T02:50:39Z,15478,2026-10-09T02:45:03Z,5
2026-10-09T02:50:39Z,15479,2026-10-09T02:45:03Z,5
2026-10-09T02:50:39Z,15480,2026-10-09T02:45:03Z,5
2026-10-09T02:50:39Z,15481,2026-10-09T02:45:03Z,5
2026-10-09T02:50:39Z,15482,2026-10-09T02:45:03Z,5
2026-10-09T02:50:39Z,15483,2026-10-09T02:45:03Z,5
2026-10-09T02:50:39Z,15484,2026-10-09T02:45:03Z,5
2026-10-09T02:50:39Z,15485,2026-10-09T02:45:03Z,5
2026-10-09T02:50:39Z,15486,2026-10-09T02:45:03Z,5
2026-10-09T02:50:39Z,15487,2026-10-09T02:45:03Z,5
2026-10-09T02:50:39Z,15488,2026-10-09T02:45:03Z,5
2026-10-09T02:50:39Z,15489,2026-10-09T02:45:03Z,5
2026-10-09T02:50:39Z,15490,2026-10-09T02:45:03Z,5
2026-10-09T02:50:39Z,15491,2026-10-09T02:45:03Z,5
2026-10-09T02:50:39Z,15492,2026-10-09T02:45:03Z,5
2026-10-09T02:50:39Z,15493,2026-10-09T02:45:03Z,5
2026-10-09T02:50:39Z,15494,2026-10-09T02:45:03Z,5
2026-10-09T02:50:39Z,15495,2026-10-09T02:45:03Z,5
2026-10-09T02:50:39Z,15496,2026-10-09T02:45:03Z,5
2026-10-09T02:50:39Z,15497,2026-10-09T02:45:03Z,5
2026-10-09T02:50:39Z,15498,2026-10-09T02:45:03Z,5
2026-10-09T02:50:39Z,15499,2026-10-09T02:45:03Z,5
2026-10-09T02:50:39Z,15500,2026-10-09T02:45:03Z,5
2026-10-09T02:50:39Z,15501,2026-10-09T02:45:03Z,5
2026-10-09T02:50:39Z,15502,2026-10-09T02:45:03Z,5
2026-10-09T02:50:39Z,15503,2026-10-09T02:45:03Z,5
2026-10-09T02:50:39Z,15504,2026-10-09T02:45:03Z,5
2026-10-09T02:50:39Z,15505,2026-10-09T02:45:03Z,5
2026-10-09T02:50:39Z,15506,2026-10-09T02:45:03Z,5
2026-10-09T02:50:39Z,15507,2026-10-09T02:45:03Z,5
2026-10-09T02:50:39Z,15508,2026-10-09T02:45:03Z,5
2026-10-09T02:50:39Z,15509,2026-10-09T02:45:03Z,5
2026-10-09T02:50:39Z,15510,2026-10-09T02:45:03Z,5
2026-10-09T02:50:39Z,15514,2026-10-09T02:45:03Z,5
2026-10-09T02:50:39Z,15515,2026-10-01T09:45:04Z,11105
2026-10-09T02:50:39Z,15516,2026-10-08T21:01:38Z,349
2026-10-09T02:50:39Z,15517,2026-10-08T21:00:59Z,349
2026-10-09T02:50:39Z,15518,2026-10-08T19:11:09Z,459
2026-10-09T02:50:39Z,15521,2026-10-08T10:45:44Z,964
2026-10-09T02:50:39Z,15522,2026-10-08T14:45:15Z,725
2026-10-09T02:50:39Z,15523,2026-10-08T10:34:30Z,976
2026-10-09T02:50:39Z,15525,2026-10-08T08:31:19Z,1099
2026-10-09T02:50:39Z,15526,2026-10-08T16:33:12Z,617
2026-10-09T02:50:39Z,15527,2026-10-08T11:53:09Z,897
2026-10-09T02:50:39Z,15528,2026-10-08T14:44:52Z,725
2026-10-09T02:50:39Z,15529,2026-10-08T16:35:59Z,614
2026-10-09T02:50:39Z,15530,2026-10-08T09:16:36Z,1054
2026-10-09T02:50:39Z,15531,2026-10-08T16:57:32Z,593
2026-10-09T02:50:39Z,15532,2026-10-08T16:52:13Z,598
2026-10-09T02:50:39Z,15533,2026-10-08T16:50:41Z,599
2026-10-09T02:50:39Z,15534,2026-10-08T19:04:48Z,465
2026-10-09T02:50:39Z,15535,2026-10-01T14:48:13Z,10802
2026-10-09T02:50:39Z,15536,2026-10-08T17:59:41Z,530
2026-10-09T02:50:39Z,15537,2026-10-08T16:09:37Z,641
2026-10-09T02:50:39Z,15539,2026-10-08T16:31:43Z,618
2026-10-09T02:50:39Z,15540,2026-10-09T01:17:16Z,93
2026-10-09T02:50:39Z,15543,2026-10-08T17:27:14Z,563
2026-10-09T02:50:39Z,15544,2026-10-08T10:33:10Z,977
2026-10-09T02:50:39Z,15545,2026-10-08T14:16:11Z,754
2026-10-09T02:50:39Z,15546,2026-10-08T19:11:10Z,459
2026-10-09T02:50:39Z,15547,2026-10-08T19:11:11Z,459
2026-10-09T02:50:39Z,15548,2026-10-08T11:59:06Z,891
2026-10-09T02:50:39Z,15553,2026-10-09T02:45:03Z,5
2026-10-09T02:50:39Z,15554,2026-10-09T02:45:03Z,5
2026-10-09T02:50:39Z,15555,2026-10-09T02:45:03Z,5
2026-10-09T02:50:39Z,15556,2026-10-09T01:38:01Z,72
2026-10-09T02:50:39Z,15557,2026-10-08T19:11:12Z,459
2026-10-09T02:50:39Z,15558,2026-10-09T02:32:21Z,18
2026-10-09T02:50:39Z,15559,2026-10-08T19:11:13Z,459
2026-10-09T02:50:39Z,15560,2026-10-08T19:11:13Z,459
2026-10-09T02:50:39Z,15561,2026-10-09T02:45:05Z,5
2026-10-09T02:50:39Z,15562,2026-10-09T02:45:03Z,5
2026-10-09T02:50:39Z,15563,2026-10-08T21:00:58Z,349
2026-10-09T02:50:39Z,15564,2026-10-08T19:11:13Z,459
2026-10-09T02:50:39Z,15565,2026-10-08T21:01:21Z,349
2026-10-09T02:50:39Z,15566,2026-10-08T23:18:30Z,212
2026-10-09T02:50:39Z,15567,2026-10-08T21:00:53Z,349
2026-10-09T02:50:39Z,15568,2026-10-01T09:45:04Z,11105
2026-10-09T02:50:39Z,15569,2026-10-01T09:45:04Z,11105
2026-10-09T02:50:39Z,15570,2026-10-01T09:37:03Z,11113
2026-10-09T02:50:39Z,15571,2026-10-01T09:37:03Z,11113
2026-10-09T02:50:39Z,15572,2026-10-01T09:45:04Z,11105
2026-10-09T02:50:39Z,15573,2026-10-08T19:11:14Z,459
2026-10-09T02:50:39Z,15574,2026-10-08T19:11:14Z,459
2026-10-09T02:50:39Z,15575,2026-10-08T07:06:20Z,1184
2026-10-09T02:50:39Z,15576,2026-10-08T17:29:25Z,561
2026-10-09T02:50:39Z,15577,2026-10-07T18:29:54Z,1940
2026-10-09T02:50:39Z,15578,2026-10-08T18:18:00Z,512
2026-10-09T02:50:39Z,15579,2026-10-08T19:11:14Z,459
2026-10-09T02:50:39Z,15585,2026-10-08T12:52:19Z,838
2026-10-09T02:50:39Z,15586,2026-10-08T17:14:41Z,575
2026-10-09T02:50:39Z,15587,2026-10-08T08:27:37Z,1103
2026-10-09T02:50:39Z,15588,2026-10-08T17:34:55Z,555
2026-10-09T02:50:39Z,15589,2026-10-08T19:11:16Z,459
2026-10-09T02:50:39Z,15590,2026-10-09T02:45:03Z,5
2026-10-09T02:50:39Z,15591,2026-10-09T02:09:32Z,41
2026-10-09T02:50:39Z,15684,2026-10-08T21:01:27Z,349
2026-10-09T02:50:39Z,15686,2026-10-09T02:45:03Z,5
2026-10-09T02:50:39Z,15687,2026-10-09T02:45:03Z,5
2026-10-09T02:50:39Z,15688,2026-10-09T02:45:03Z,5
2026-10-09T02:50:39Z,15689,2026-10-09T02:45:03Z,5
2026-10-09T02:50:39Z,15690,2026-10-09T02:45:03Z,5
2026-10-09T02:50:39Z,15691,2026-10-09T02:45:03Z,5
2026-10-09T02:50:39Z,15692,2026-10-09T02:05:33Z,45
2026-10-09T02:50:39Z,15693,2026-10-08T14:17:12Z,753
2026-10-09T02:50:39Z,15701,2026-10-08T13:27:44Z,802
2026-10-09T02:50:39Z,15702,2026-10-08T19:02:14Z,468
2026-10-09T02:50:39Z,15703,2026-10-08T16:02:17Z,648
2026-10-09T02:50:39Z,15756,2026-10-09T02:45:03Z,5
2026-10-09T02:50:39Z,15757,2026-10-09T02:45:03Z,5
2026-10-09T02:50:39Z,15758,2026-10-09T02:45:03Z,5
2026-10-09T02:50:39Z,15759,2026-10-09T02:09:09Z,41
2026-10-09T02:50:39Z,15760,2026-10-09T02:45:03Z,5
2026-10-09T02:50:39Z,15763,2026-10-08T13:48:20Z,782
2026-10-09T02:50:39Z,15764,2026-10-08T19:11:19Z,459
2026-10-09T02:50:39Z,15765,2026-10-08T19:11:19Z,459
2026-10-09T02:50:39Z,15767,2026-10-08T19:11:20Z,459
2026-10-09T02:50:39Z,15768,2026-09-15T05:09:11Z,34421
2026-10-09T02:50:39Z,15769,2026-10-09T00:15:36Z,155
2026-10-09T02:50:39Z,15770,2026-10-09T02:45:03Z,5
2026-10-09T02:50:39Z,15771,2026-10-09T02:45:03Z,5
2026-10-09T02:50:39Z,15773,2026-10-09T02:45:03Z,5
2026-10-09T02:50:39Z,15774,2026-10-09T02:45:03Z,5
2026-10-09T02:50:39Z,15775,2026-10-09T02:45:03Z,5
2026-10-09T02:50:39Z,15776,2026-10-09T02:45:03Z,5
2026-10-09T02:50:39Z,15777,2026-10-08T21:00:58Z,349
2026-10-09T02:50:39Z,15778,2026-10-09T02:45:03Z,5
2026-10-09T02:50:39Z,15779,2026-09-16T10:39:13Z,32651
2026-10-09T02:50:39Z,15780,2026-09-16T10:47:02Z,32643
2026-10-09T02:50:39Z,15781,2026-09-16T11:13:56Z,32616
2026-10-09T02:50:39Z,15782,2026-09-16T11:16:36Z,32614
2026-10-09T02:50:39Z,15783,2026-09-30T11:49:10Z,12421
2026-10-09T02:50:39Z,15784,2026-09-16T11:45:31Z,32585
2026-10-09T02:50:39Z,15785,2026-09-22T13:01:43Z,23868
2026-10-09T02:50:39Z,15786,2026-09-16T12:34:55Z,32535
2026-10-09T02:50:39Z,15787,2026-09-16T12:38:19Z,32532
2026-10-09T02:50:39Z,15788,2026-09-16T12:40:56Z,32529
2026-10-09T02:50:39Z,15789,2026-10-08T20:01:52Z,408
2026-10-09T02:50:39Z,15790,2026-10-08T19:11:21Z,459
2026-10-09T02:50:39Z,15791,2026-10-08T19:11:21Z,459
2026-10-09T02:50:39Z,15792,2026-10-01T09:45:04Z,11105
2026-10-09T02:50:39Z,15793,2026-10-01T09:45:04Z,11105
2026-10-09T02:50:39Z,15794,2026-10-01T09:45:04Z,11105
2026-10-09T02:50:39Z,15795,2026-10-09T02:45:03Z,5
2026-10-09T02:50:39Z,15796,2026-10-09T02:45:03Z,5
2026-10-09T02:50:39Z,15797,2026-10-09T02:03:45Z,46
2026-10-09T02:50:39Z,15798,2026-10-08T22:58:16Z,232
2026-10-09T02:50:39Z,15799,2026-10-02T07:15:04Z,9815
2026-10-09T02:50:39Z,15800,2026-10-08T21:00:55Z,349
2026-10-09T02:50:39Z,15801,2026-10-08T21:01:13Z,349
2026-10-09T02:50:39Z,15802,2026-10-09T00:02:13Z,168
2026-10-09T02:50:39Z,15803,2026-10-08T21:01:22Z,349
2026-10-09T02:50:39Z,15804,2026-10-09T02:45:03Z,5
2026-10-09T03:22:21Z,258,2026-10-08T21:00:41Z,381
2026-10-09T03:22:21Z,259,2026-10-08T21:00:45Z,381
2026-10-09T03:22:21Z,260,2026-10-09T00:51:39Z,150
2026-10-09T03:22:21Z,261,2026-10-08T21:01:06Z,381
2026-10-09T03:22:21Z,263,2026-10-08T21:01:01Z,381
2026-10-09T03:22:21Z,264,2026-10-08T21:01:16Z,381
2026-10-09T03:22:21Z,265,2026-10-08T21:01:23Z,380
2026-10-09T03:22:21Z,267,2026-10-08T23:28:05Z,234
2026-10-09T03:22:21Z,268,2026-10-08T21:00:50Z,381
2026-10-09T03:22:21Z,270,2026-10-08T21:00:46Z,381
2026-10-09T03:22:21Z,271,2026-10-08T21:00:47Z,381
2026-10-09T03:22:21Z,272,2026-10-08T21:01:12Z,381
2026-10-09T03:22:21Z,275,2026-07-01T10:22:32Z,143579
2026-10-09T03:22:21Z,276,2026-10-09T00:55:48Z,146
2026-10-09T03:22:21Z,277,2026-07-02T07:26:05Z,142316
2026-10-09T03:22:21Z,278,2026-10-09T00:16:55Z,185
2026-10-09T03:22:21Z,279,2026-10-08T21:01:16Z,381
2026-10-09T03:22:21Z,280,2026-10-08T21:01:11Z,381
2026-10-09T03:22:21Z,281,2026-10-08T21:55:53Z,326
2026-10-09T03:22:21Z,285,2026-10-08T21:01:04Z,381
2026-10-09T03:22:21Z,320,2026-01-06T13:23:56Z,396838
2026-10-09T03:22:21Z,321,2026-10-09T03:05:36Z,16
2026-10-09T03:22:21Z,322,2026-10-08T16:37:10Z,645
2026-10-09T03:22:21Z,323,2026-10-08T19:36:51Z,465
2026-10-09T03:22:21Z,324,2026-10-09T02:36:38Z,45
2026-10-09T03:22:21Z,325,2026-10-08T18:02:15Z,560
2026-10-09T03:22:21Z,375,2026-10-09T03:05:27Z,16
2026-10-09T03:22:21Z,376,2026-10-09T00:04:47Z,197
2026-10-09T03:22:21Z,377,2026-08-10T09:54:33Z,86007
2026-10-09T03:22:21Z,378,2026-10-09T03:05:02Z,17
2026-10-09T03:22:21Z,379,2026-10-08T20:31:18Z,411
2026-10-09T03:22:21Z,380,2026-10-09T03:05:58Z,16
2026-10-09T03:22:21Z,381,2026-10-09T03:05:41Z,16
2026-10-09T03:22:21Z,382,2026-10-09T03:05:37Z,16
2026-10-09T03:22:21Z,383,2026-10-09T03:07:11Z,15
2026-10-09T03:22:21Z,384,2026-10-09T03:05:16Z,17
2026-10-09T03:22:21Z,385,2026-10-09T03:05:36Z,16
2026-10-09T03:22:21Z,386,2026-10-09T03:05:38Z,16
2026-10-09T03:22:21Z,387,2026-10-08T19:16:23Z,485
2026-10-09T03:22:21Z,388,2026-10-09T00:04:54Z,197
2026-10-09T03:22:21Z,389,2026-07-29T06:27:15Z,103495
2026-10-09T03:22:21Z,390,2026-10-02T07:22:23Z,9839
2026-10-09T03:22:21Z,396,2026-10-08T18:17:08Z,545
2026-10-09T03:22:21Z,397,2026-10-09T03:05:13Z,17
2026-10-09T03:22:21Z,398,2026-10-09T01:49:33Z,92
2026-10-09T03:22:21Z,401,2026-10-09T03:05:18Z,17
2026-10-09T03:22:21Z,402,2026-10-09T03:05:20Z,17
2026-10-09T03:22:21Z,403,2026-10-09T02:46:32Z,35
2026-10-09T03:22:21Z,404,2026-10-09T03:11:53Z,10
2026-10-09T03:22:21Z,406,2026-10-09T03:05:13Z,17
2026-10-09T03:22:21Z,408,2026-10-09T00:05:19Z,197
2026-10-09T03:22:21Z,409,2026-10-08T23:26:54Z,235
2026-10-09T03:22:21Z,410,2026-10-09T03:05:02Z,17
2026-10-09T03:22:21Z,412,2026-10-08T17:43:39Z,578
2026-10-09T03:22:21Z,413,2026-10-09T03:05:26Z,16
2026-10-09T03:22:21Z,414,2026-10-09T03:05:33Z,16
2026-10-09T03:22:21Z,416,2026-10-09T02:56:38Z,25
2026-10-09T03:22:21Z,417,2026-10-09T00:04:48Z,197
2026-10-09T03:22:21Z,418,2026-10-08T17:51:35Z,570
2026-10-09T03:22:21Z,419,2026-10-08T19:08:37Z,493
2026-10-09T03:22:21Z,420,2026-10-09T03:05:30Z,16
2026-10-09T03:22:21Z,421,2026-08-17T09:20:08Z,75962
2026-10-09T03:22:21Z,422,2026-10-08T17:25:27Z,596
2026-10-09T03:22:21Z,423,2026-10-09T03:05:50Z,16
2026-10-09T03:22:21Z,424,2026-10-09T03:05:36Z,16
2026-10-09T03:22:21Z,425,2026-10-09T02:59:53Z,22
2026-10-09T03:22:21Z,428,2026-10-09T03:14:13Z,8
2026-10-09T03:22:21Z,429,2026-10-09T03:05:18Z,17
2026-10-09T03:22:21Z,430,2026-10-09T03:05:15Z,17
2026-10-09T03:22:21Z,431,2026-10-08T21:43:06Z,339
2026-10-09T03:22:21Z,432,2026-10-08T20:24:21Z,418
2026-10-09T03:22:21Z,433,2026-10-09T02:34:27Z,47
2026-10-09T03:22:21Z,434,2026-10-09T02:34:56Z,47
2026-10-09T03:22:21Z,435,2026-10-08T17:49:02Z,573
2026-10-09T03:22:21Z,436,2026-10-07T14:11:47Z,2230
2026-10-09T03:22:21Z,439,2026-10-09T03:11:16Z,11
2026-10-09T03:22:21Z,440,2026-10-08T10:21:30Z,1020
2026-10-09T03:22:21Z,441,2026-10-05T11:55:49Z,5246
2026-10-09T03:22:21Z,442,2026-10-08T19:30:07Z,472
2026-10-09T03:22:21Z,443,2026-10-09T02:30:12Z,52
2026-10-09T03:22:21Z,444,2026-01-06T13:23:56Z,396838
2026-10-09T03:22:21Z,451,2026-10-08T18:11:47Z,550
2026-10-09T03:22:21Z,454,2026-01-06T13:23:56Z,396838
2026-10-09T03:22:21Z,455,2026-10-08T20:11:58Z,430
2026-10-09T03:22:21Z,498,2026-10-09T02:08:42Z,73
2026-10-09T03:22:21Z,499,2026-10-08T21:20:39Z,361
2026-10-09T03:22:21Z,500,2026-10-08T21:20:46Z,361
2026-10-09T03:22:21Z,501,2026-04-14T16:06:24Z,255555
2026-10-09T03:22:21Z,502,2026-01-06T13:23:56Z,396838
2026-10-09T03:22:21Z,503,2026-09-24T13:53:59Z,20968
2026-10-09T03:22:21Z,504,2026-10-04T13:29:12Z,6593
2026-10-09T03:22:21Z,505,2026-10-07T17:38:51Z,2023
2026-10-09T03:22:21Z,507,2026-10-08T21:01:11Z,381
2026-10-09T03:22:21Z,508,2026-10-08T21:30:40Z,351
2026-10-09T03:22:21Z,509,2026-10-09T01:21:51Z,120
2026-10-09T03:22:21Z,510,2026-10-08T21:00:58Z,381
2026-10-09T03:22:21Z,511,2026-10-08T21:00:49Z,381
2026-10-09T03:22:21Z,512,2026-10-08T23:40:03Z,222
2026-10-09T03:22:21Z,513,2026-10-09T00:23:56Z,178
2026-10-09T03:22:21Z,514,2026-10-09T00:30:52Z,171
2026-10-09T03:22:21Z,515,2026-10-08T21:01:19Z,381
2026-10-09T03:22:21Z,516,2026-10-08T21:01:18Z,381
2026-10-09T03:22:21Z,517,2026-10-08T21:01:25Z,380
2026-10-09T03:22:21Z,518,2026-10-08T21:01:24Z,380
2026-10-09T03:22:21Z,519,2026-10-08T21:00:43Z,381
2026-10-09T03:22:21Z,520,2026-10-08T21:00:55Z,381
2026-10-09T03:22:21Z,521,2026-10-08T21:00:55Z,381
2026-10-09T03:22:21Z,522,2026-10-08T21:00:55Z,381
2026-10-09T03:22:21Z,523,2026-10-08T21:01:03Z,381
2026-10-09T03:22:21Z,524,2026-10-08T21:00:53Z,381
2026-10-09T03:22:21Z,526,2026-10-08T21:01:24Z,380
2026-10-09T03:22:21Z,530,2026-01-06T13:23:56Z,396838
2026-10-09T03:22:21Z,531,2026-10-09T03:11:27Z,10
2026-10-09T03:22:21Z,532,2026-10-08T07:53:00Z,1169
2026-10-09T03:22:21Z,535,2026-10-08T11:21:07Z,961
2026-10-09T03:22:21Z,536,2026-10-07T18:32:37Z,1969
2026-10-09T03:22:21Z,537,2026-10-08T21:01:40Z,380
2026-10-09T03:22:21Z,538,2026-10-08T14:48:59Z,753
2026-10-09T03:22:21Z,539,2026-10-08T20:20:59Z,421
2026-10-09T03:22:21Z,540,2026-10-04T19:03:59Z,6258
2026-10-09T03:22:21Z,584,2026-10-08T19:06:10Z,496
2026-10-09T03:22:21Z,585,2026-10-09T00:14:48Z,187
2026-10-09T03:22:21Z,586,2026-10-08T15:32:49Z,709
2026-10-09T03:22:21Z,589,2026-01-06T13:23:56Z,396838
2026-10-09T03:22:21Z,590,2026-01-06T13:23:56Z,396838
2026-10-09T03:22:21Z,592,2026-10-08T21:01:24Z,380
2026-10-09T03:22:21Z,593,2026-10-08T21:01:10Z,381
2026-10-09T03:22:21Z,594,2026-10-09T01:26:40Z,115
2026-10-09T03:22:21Z,596,2026-10-08T23:38:32Z,223
2026-10-09T03:22:21Z,597,2026-10-08T21:00:47Z,381
2026-10-09T03:22:21Z,598,2026-01-06T13:23:56Z,396838
2026-10-09T03:22:21Z,599,2026-01-06T13:23:56Z,396838
2026-10-09T03:22:21Z,600,2026-01-06T13:23:56Z,396838
2026-10-09T03:22:21Z,664,2026-01-06T13:23:56Z,396838
2026-10-09T03:22:21Z,670,2026-10-09T02:52:54Z,29
2026-10-09T03:22:21Z,671,2026-10-08T21:47:52Z,334
2026-10-09T03:22:21Z,672,2026-10-08T20:27:42Z,414
2026-10-09T03:22:21Z,677,2026-10-08T19:57:32Z,444
2026-10-09T03:22:21Z,678,2026-10-08T21:01:08Z,381
2026-10-09T03:22:21Z,679,2026-10-08T21:01:13Z,381
2026-10-09T03:22:21Z,703,2026-10-05T00:08:31Z,5953
2026-10-09T03:22:21Z,704,2026-10-08T18:39:27Z,522
2026-10-09T03:22:21Z,705,2026-10-09T02:34:06Z,48
2026-10-09T03:22:21Z,707,2026-10-08T13:18:25Z,843
2026-10-09T03:22:21Z,709,2026-10-08T13:34:26Z,827
2026-10-09T03:22:21Z,710,2026-10-09T00:01:17Z,201
2026-10-09T03:22:21Z,712,2026-10-08T13:23:41Z,838
2026-10-09T03:22:21Z,713,2026-10-09T01:17:14Z,125
2026-10-09T03:22:21Z,715,2026-10-08T13:21:57Z,840
2026-10-09T03:22:21Z,717,2026-10-08T18:52:36Z,509
2026-10-09T03:22:21Z,737,2026-10-09T00:59:03Z,143
2026-10-09T03:22:21Z,1269,2026-10-08T20:31:16Z,411
2026-10-09T03:22:21Z,1302,2026-10-08T20:26:08Z,416
2026-10-09T03:22:21Z,1314,2026-10-08T15:43:38Z,698
2026-10-09T03:22:21Z,1315,2026-10-08T19:27:20Z,475
2026-10-09T03:22:21Z,1316,2026-10-09T01:14:03Z,128
2026-10-09T03:22:21Z,1317,2026-10-08T13:38:16Z,824
2026-10-09T03:22:21Z,1321,2026-10-08T20:25:01Z,417
2026-10-09T03:22:21Z,1353,2026-10-08T19:08:13Z,494
2026-10-09T03:22:21Z,1354,2026-10-08T18:04:26Z,557
2026-10-09T03:22:21Z,1363,2026-10-08T13:23:49Z,838
2026-10-09T03:22:21Z,1364,2026-10-08T13:23:49Z,838
2026-10-09T03:22:21Z,1453,2026-10-08T21:01:13Z,381
2026-10-09T03:22:21Z,1454,2026-10-08T21:00:59Z,381
2026-10-09T03:22:21Z,1477,2026-10-03T00:12:47Z,8829
2026-10-09T03:22:21Z,1478,2026-10-04T00:19:38Z,7382
2026-10-09T03:22:21Z,1510,2026-10-09T03:15:03Z,7
2026-10-09T03:22:21Z,1512,2026-10-09T03:15:03Z,7
2026-10-09T03:22:21Z,1514,2026-10-09T03:15:03Z,7
2026-10-09T03:22:21Z,1515,2026-10-09T03:15:03Z,7
2026-10-09T03:22:21Z,1516,2026-10-09T03:15:03Z,7
2026-10-09T03:22:21Z,1517,2026-10-09T03:15:03Z,7
2026-10-09T03:22:21Z,1518,2026-10-09T03:15:03Z,7
2026-10-09T03:22:21Z,1522,2026-10-09T03:15:03Z,7
2026-10-09T03:22:21Z,1523,2026-10-09T03:15:03Z,7
2026-10-09T03:22:21Z,1524,2026-10-09T03:15:03Z,7
2026-10-09T03:22:21Z,1525,2026-10-09T03:15:03Z,7
2026-10-09T03:22:21Z,1529,2026-10-05T08:05:06Z,5477
2026-10-09T03:22:21Z,1530,2026-10-05T14:27:02Z,5095
2026-10-09T03:22:21Z,1531,2026-10-08T08:29:16Z,1133
2026-10-09T03:22:21Z,1532,2026-10-08T00:15:20Z,1627
2026-10-09T03:22:21Z,1534,2026-10-09T02:11:37Z,70
2026-10-09T03:22:21Z,1535,2026-10-09T03:15:03Z,7
2026-10-09T03:22:21Z,1554,2026-10-08T07:48:30Z,1173
2026-10-09T03:22:21Z,1556,2026-10-08T16:22:23Z,659
2026-10-09T03:22:21Z,1557,2026-10-08T20:11:22Z,430
2026-10-09T03:22:21Z,1562,2026-10-06T00:17:21Z,4505
2026-10-09T03:22:21Z,1641,2026-10-09T02:35:52Z,46
2026-10-09T03:22:21Z,1644,2026-10-08T15:32:09Z,710
2026-10-09T03:22:21Z,1645,2026-07-29T06:29:40Z,103492
2026-10-09T03:22:21Z,1647,2026-10-09T00:32:00Z,170
2026-10-09T03:22:21Z,1649,2026-10-08T21:00:54Z,381
2026-10-09T03:22:21Z,1650,2026-10-07T17:14:46Z,2047
2026-10-09T03:22:21Z,1653,2026-10-09T02:35:30Z,46
2026-10-09T03:22:21Z,1655,2026-10-08T16:32:51Z,649
2026-10-09T03:22:21Z,1656,2026-10-08T14:43:50Z,758
2026-10-09T03:22:21Z,1658,2026-10-05T11:40:26Z,5261
2026-10-09T03:22:21Z,1659,2026-10-08T20:57:56Z,384
2026-10-09T03:22:21Z,1662,2026-10-08T00:04:18Z,1638
2026-10-09T03:22:21Z,1663,2026-10-09T02:34:10Z,48
2026-10-09T03:22:21Z,1664,2026-10-08T08:51:25Z,1110
2026-10-09T03:22:21Z,1666,2026-10-07T14:12:19Z,2230
2026-10-09T03:22:21Z,1788,2026-10-09T03:15:06Z,7
2026-10-09T03:22:21Z,1789,2026-10-09T03:15:06Z,7
2026-10-09T03:22:21Z,1790,2026-10-09T03:15:06Z,7
2026-10-09T03:22:21Z,1791,2026-10-09T03:15:06Z,7
2026-10-09T03:22:21Z,1792,2026-10-09T03:15:06Z,7
2026-10-09T03:22:21Z,1793,2026-10-09T03:15:06Z,7
2026-10-09T03:22:21Z,1795,2026-10-09T03:15:06Z,7
2026-10-09T03:22:21Z,1796,2026-10-09T03:15:06Z,7
2026-10-09T03:22:21Z,1797,2026-10-09T03:15:06Z,7
2026-10-09T03:22:21Z,1798,2026-10-09T03:15:06Z,7
2026-10-09T03:22:21Z,1799,2026-10-09T03:15:06Z,7
2026-10-09T03:22:21Z,1800,2026-10-09T03:15:06Z,7
2026-10-09T03:22:21Z,1801,2026-10-09T03:15:06Z,7
2026-10-09T03:22:21Z,1802,2026-10-09T03:15:06Z,7
2026-10-09T03:22:21Z,1803,2026-10-09T03:15:06Z,7
2026-10-09T03:22:21Z,1804,2026-10-09T03:15:06Z,7
2026-10-09T03:22:21Z,1805,2026-10-09T03:15:06Z,7
2026-10-09T03:22:21Z,1806,2026-10-09T03:15:06Z,7
2026-10-09T03:22:21Z,1807,2026-10-09T03:15:06Z,7
2026-10-09T03:22:21Z,1808,2026-10-09T03:15:06Z,7
2026-10-09T03:22:21Z,1809,2026-10-09T03:15:06Z,7
2026-10-09T03:22:21Z,1810,2026-10-09T03:15:06Z,7
2026-10-09T03:22:21Z,1812,2026-10-09T03:15:06Z,7
2026-10-09T03:22:21Z,1813,2026-10-09T03:15:06Z,7
2026-10-09T03:22:21Z,1816,2026-10-09T03:15:06Z,7
2026-10-09T03:22:21Z,1817,2026-10-09T03:15:06Z,7
2026-10-09T03:22:21Z,1818,2026-10-09T03:15:06Z,7
2026-10-09T03:22:21Z,1819,2026-10-09T03:15:06Z,7
2026-10-09T03:22:21Z,1821,2026-10-09T03:15:06Z,7
2026-10-09T03:22:21Z,1822,2026-10-09T03:15:06Z,7
2026-10-09T03:22:21Z,1823,2026-10-09T03:15:06Z,7
2026-10-09T03:22:21Z,1824,2026-10-09T03:15:06Z,7
2026-10-09T03:22:21Z,1825,2026-10-09T03:15:06Z,7
2026-10-09T03:22:21Z,1826,2026-10-09T03:15:06Z,7
2026-10-09T03:22:21Z,1828,2026-10-09T03:15:06Z,7
2026-10-09T03:22:21Z,1829,2026-10-09T03:15:06Z,7
2026-10-09T03:22:21Z,1830,2026-10-09T03:15:06Z,7
2026-10-09T03:22:21Z,1832,2026-10-09T03:15:06Z,7
2026-10-09T03:22:21Z,1833,2026-10-09T03:15:06Z,7
2026-10-09T03:22:21Z,1834,2026-10-09T03:15:06Z,7
2026-10-09T03:22:21Z,1835,2026-10-09T03:15:06Z,7
2026-10-09T03:22:21Z,1836,2026-10-09T03:15:06Z,7
2026-10-09T03:22:21Z,1837,2026-10-09T03:15:06Z,7
2026-10-09T03:22:21Z,1838,2026-10-09T03:15:06Z,7
2026-10-09T03:22:21Z,1839,2026-10-09T03:15:06Z,7
2026-10-09T03:22:21Z,1840,2026-10-09T03:15:06Z,7
2026-10-09T03:22:21Z,1841,2026-10-09T03:15:06Z,7
2026-10-09T03:22:21Z,1842,2026-10-09T03:15:06Z,7
2026-10-09T03:22:21Z,1843,2026-10-09T03:15:06Z,7
2026-10-09T03:22:21Z,1844,2026-10-07T14:05:33Z,2236
2026-10-09T03:22:21Z,1845,2026-10-08T15:03:23Z,738
2026-10-09T03:22:21Z,1846,2026-10-09T02:31:02Z,51
2026-10-09T03:22:21Z,1847,2026-10-08T21:00:52Z,381
2026-10-09T03:22:21Z,1848,2026-10-09T03:12:54Z,9
2026-10-09T03:22:21Z,1851,2026-10-09T02:53:24Z,28
2026-10-09T03:22:21Z,1852,2026-10-07T07:21:05Z,2641
2026-10-09T03:22:21Z,1855,2026-10-08T05:47:59Z,1294
2026-10-09T03:22:21Z,1866,2026-09-22T16:10:30Z,23711
2026-10-09T03:22:21Z,1867,2026-09-29T14:42:26Z,13719
2026-10-09T03:22:21Z,1868,2026-10-08T08:07:59Z,1154
2026-10-09T03:22:21Z,1872,2026-01-06T13:23:56Z,396838
2026-10-09T03:22:21Z,1874,2026-10-08T05:59:20Z,1283
2026-10-09T03:22:21Z,1917,2026-10-07T07:01:09Z,2661
2026-10-09T03:22:21Z,1918,2026-10-09T02:51:15Z,31
2026-10-09T03:22:21Z,1919,2026-10-08T12:00:05Z,922
2026-10-09T03:22:21Z,1920,2026-10-08T15:30:07Z,712
2026-10-09T03:22:21Z,1921,2026-10-07T07:01:09Z,2661
2026-10-09T03:22:21Z,1922,2026-10-07T07:01:09Z,2661
2026-10-09T03:22:21Z,1923,2026-10-08T09:12:30Z,1089
2026-10-09T03:22:21Z,1924,2026-10-08T18:37:07Z,525
2026-10-09T03:22:21Z,1925,2026-10-08T15:06:50Z,735
2026-10-09T03:22:21Z,1926,2026-10-08T16:08:40Z,673
2026-10-09T03:22:21Z,1927,2026-10-08T17:36:22Z,585
2026-10-09T03:22:21Z,1928,2026-10-07T12:38:49Z,2323
2026-10-09T03:22:21Z,1929,2026-10-07T19:13:30Z,1928
2026-10-09T03:22:21Z,1931,2026-10-08T17:28:46Z,593
2026-10-09T03:22:21Z,1932,2026-10-09T00:01:43Z,200
2026-10-09T03:22:21Z,1933,2026-10-08T09:36:58Z,1065
2026-10-09T03:22:21Z,1937,2026-10-09T01:24:35Z,117
2026-10-09T03:22:21Z,1938,2026-10-08T16:43:26Z,638
2026-10-09T03:22:21Z,1939,2026-10-08T11:44:18Z,938
2026-10-09T03:22:21Z,1940,2026-10-09T00:35:41Z,166
2026-10-09T03:22:21Z,1941,2026-10-07T11:54:15Z,2368
2026-10-09T03:22:21Z,1942,2026-10-09T01:11:16Z,131
2026-10-09T03:22:21Z,1943,2026-10-07T07:01:09Z,2661
2026-10-09T03:22:21Z,1944,2026-10-08T06:56:44Z,1225
2026-10-09T03:22:21Z,2413,2026-10-08T19:11:32Z,490
2026-10-09T03:22:21Z,2414,2026-10-08T17:22:46Z,599
2026-10-09T03:22:21Z,2415,2026-10-08T19:18:31Z,483
2026-10-09T03:22:21Z,2416,2026-03-23T07:14:46Z,287767
2026-10-09T03:22:21Z,2417,2026-10-08T16:03:00Z,679
2026-10-09T03:22:21Z,2418,2026-10-08T03:22:19Z,1440
2026-10-09T03:22:21Z,2419,2026-03-23T08:11:39Z,287710
2026-10-09T03:22:21Z,2420,2026-10-08T18:02:41Z,559
2026-10-09T03:22:21Z,2421,2026-10-08T11:02:38Z,979
2026-10-09T03:22:21Z,2424,2026-10-08T16:06:37Z,675
2026-10-09T03:22:21Z,2425,2026-10-09T00:31:24Z,170
2026-10-09T03:22:21Z,2430,2026-10-08T22:48:31Z,273
2026-10-09T03:22:21Z,2435,2026-10-08T21:36:40Z,345
2026-10-09T03:22:21Z,2436,2026-10-09T01:00:58Z,141
2026-10-09T03:22:21Z,2437,2026-10-09T00:15:42Z,186
2026-10-09T03:22:21Z,2439,2026-10-07T13:09:36Z,2292
2026-10-09T03:22:21Z,2575,2026-10-09T02:33:19Z,49
2026-10-09T03:22:21Z,2576,2026-10-08T18:19:49Z,542
2026-10-09T03:22:21Z,2577,2026-10-08T13:18:25Z,843
2026-10-09T03:22:21Z,2580,2026-10-07T11:50:13Z,2372
2026-10-09T03:22:21Z,2581,2026-10-06T06:25:39Z,4136
2026-10-09T03:22:21Z,2584,2026-10-08T09:48:18Z,1054
2026-10-09T03:22:21Z,2585,2026-10-08T10:35:28Z,1006
2026-10-09T03:22:21Z,2586,2026-10-08T08:12:48Z,1149
2026-10-09T03:22:21Z,2587,2026-10-08T14:58:36Z,743
2026-10-09T03:22:21Z,2593,2026-10-09T00:59:06Z,143
2026-10-09T03:22:21Z,2594,2026-10-09T02:33:35Z,48
2026-10-09T03:22:21Z,2595,2026-10-09T02:34:07Z,48
2026-10-09T03:22:21Z,2596,2026-10-08T13:33:17Z,829
2026-10-09T03:22:21Z,2603,2026-10-09T02:31:01Z,51
2026-10-09T03:22:21Z,2604,2026-10-06T06:29:08Z,4133
2026-10-09T03:22:21Z,2605,2026-10-08T12:08:22Z,913
2026-10-09T03:22:21Z,2608,2026-10-09T02:31:04Z,51
2026-10-09T03:22:21Z,2609,2026-10-09T00:14:08Z,188
2026-10-09T03:22:21Z,2610,2026-10-09T02:36:51Z,45
2026-10-09T03:22:21Z,2611,2026-10-08T16:13:09Z,669
2026-10-09T03:22:21Z,2613,2026-10-08T13:30:34Z,831
2026-10-09T03:22:21Z,2615,2026-10-08T16:55:06Z,627
2026-10-09T03:22:21Z,2616,2026-10-06T13:01:44Z,3740
2026-10-09T03:22:21Z,2617,2026-10-08T13:40:23Z,821
2026-10-09T03:22:21Z,2618,2026-10-08T18:50:28Z,511
2026-10-09T03:22:21Z,2621,2026-10-07T13:31:28Z,2270
2026-10-09T03:22:21Z,2622,2026-10-09T02:35:37Z,46
2026-10-09T03:22:21Z,2623,2026-10-03T07:42:35Z,8379
2026-10-09T03:22:21Z,2624,2026-10-08T16:21:12Z,661
2026-10-09T03:22:21Z,2625,2026-10-08T22:58:54Z,263
2026-10-09T03:22:21Z,2626,2026-10-08T17:49:35Z,572
2026-10-09T03:22:21Z,2627,2026-10-09T00:59:21Z,143
2026-10-09T03:22:21Z,2628,2026-10-09T02:31:48Z,50
2026-10-09T03:22:21Z,2629,2026-10-09T03:02:55Z,19
2026-10-09T03:22:21Z,2630,2026-10-08T16:03:03Z,679
2026-10-09T03:22:21Z,2631,2026-10-01T13:09:09Z,10933
2026-10-09T03:22:21Z,2632,2026-10-08T12:25:56Z,896
2026-10-09T03:22:21Z,2633,2026-10-08T06:02:50Z,1279
2026-10-09T03:22:21Z,2634,2026-10-09T02:35:35Z,46
2026-10-09T03:22:21Z,2635,2026-10-09T02:06:50Z,75
2026-10-09T03:22:21Z,2636,2026-10-07T08:23:26Z,2578
2026-10-09T03:22:21Z,2644,2026-01-06T13:23:56Z,396838
2026-10-09T03:22:21Z,2646,2026-01-06T13:23:56Z,396838
2026-10-09T03:22:21Z,2648,2026-10-08T19:13:28Z,488
2026-10-09T03:22:21Z,2649,2026-10-09T02:28:51Z,53
2026-10-09T03:22:21Z,2650,2026-10-08T06:07:38Z,1274
2026-10-09T03:22:21Z,2651,2026-10-06T11:51:24Z,3810
2026-10-09T03:22:21Z,2652,2026-10-08T14:23:21Z,779
2026-10-09T03:22:21Z,2653,2026-10-08T09:15:41Z,1086
2026-10-09T03:22:21Z,2654,2026-10-08T14:24:58Z,777
2026-10-09T03:22:21Z,2655,2026-10-08T12:39:49Z,882
2026-10-09T03:22:21Z,2656,2026-10-09T02:53:35Z,28
2026-10-09T03:22:21Z,2657,2026-10-07T06:12:18Z,2710
2026-10-09T03:22:21Z,2658,2026-10-08T17:33:04Z,589
2026-10-09T03:22:21Z,2659,2026-10-07T07:47:07Z,2615
2026-10-09T03:22:21Z,2661,2026-10-08T12:44:55Z,877
2026-10-09T03:22:21Z,2665,2026-10-09T02:31:26Z,50
2026-10-09T03:22:21Z,2666,2026-10-09T03:15:06Z,7
2026-10-09T03:22:21Z,2667,2026-10-09T03:15:06Z,7
2026-10-09T03:22:21Z,2668,2026-10-09T03:15:06Z,7
2026-10-09T03:22:21Z,2669,2026-10-05T13:28:09Z,5154
2026-10-09T03:22:21Z,2670,2026-10-09T03:14:30Z,7
2026-10-09T03:22:21Z,2671,2026-10-09T02:07:04Z,75
2026-10-09T03:22:21Z,2672,2026-10-08T10:21:04Z,1021
2026-10-09T03:22:21Z,2673,2026-10-07T16:10:04Z,2112
2026-10-09T03:22:21Z,2674,2026-10-08T06:00:46Z,1281
2026-10-09T03:22:21Z,2675,2026-10-08T08:50:37Z,1111
2026-10-09T03:22:21Z,2676,2026-10-08T18:52:55Z,509
2026-10-09T03:22:21Z,2677,2026-10-09T03:15:06Z,7
2026-10-09T03:22:21Z,2682,2026-10-08T13:18:17Z,844
2026-10-09T03:22:21Z,2683,2026-10-09T02:09:11Z,73
2026-10-09T03:22:21Z,2684,2026-10-08T17:32:26Z,589
2026-10-09T03:22:21Z,2686,2026-10-08T11:45:20Z,937
2026-10-09T03:22:21Z,2687,2026-10-08T22:40:08Z,282
2026-10-09T03:22:21Z,2688,2026-10-05T15:38:41Z,5023
2026-10-09T03:22:21Z,2689,2026-10-08T15:50:34Z,691
2026-10-09T03:22:21Z,2690,2026-10-08T07:35:25Z,1186
2026-10-09T03:22:21Z,2691,2026-10-08T15:59:13Z,683
2026-10-09T03:22:21Z,2692,2026-10-08T05:01:41Z,1340
2026-10-09T03:22:21Z,2693,2026-10-08T14:09:50Z,792
2026-10-09T03:22:21Z,2694,2026-10-08T19:44:07Z,458
2026-10-09T03:22:21Z,2696,2026-10-08T12:24:17Z,898
2026-10-09T03:22:21Z,2697,2026-10-08T16:04:55Z,677
2026-10-09T03:22:21Z,2698,2026-10-07T07:01:09Z,2661
2026-10-09T03:22:21Z,2699,2026-10-09T02:18:37Z,63
2026-10-09T03:22:21Z,2700,2026-10-07T00:04:18Z,3078
2026-10-09T03:22:21Z,2701,2026-10-08T16:19:21Z,663
2026-10-09T03:22:21Z,2702,2026-10-08T23:39:36Z,222
2026-10-09T03:22:21Z,2703,2026-10-07T07:01:09Z,2661
2026-10-09T03:22:21Z,2704,2026-10-07T20:43:53Z,1838
2026-10-09T03:22:21Z,2705,2026-10-08T17:13:27Z,608
2026-10-09T03:22:21Z,2706,2026-10-08T12:47:09Z,875
2026-10-09T03:22:21Z,2707,2026-10-08T09:01:19Z,1101
2026-10-09T03:22:21Z,2708,2026-10-08T20:31:29Z,410
2026-10-09T03:22:21Z,2709,2026-10-08T12:27:02Z,895
2026-10-09T03:22:21Z,2710,2026-07-29T06:29:49Z,103492
2026-10-09T03:22:21Z,2716,2026-10-09T00:04:56Z,197
2026-10-09T03:22:21Z,2717,2026-10-08T17:42:46Z,579
2026-10-09T03:22:21Z,2718,2026-10-09T03:05:07Z,17
2026-10-09T03:22:21Z,2719,2026-10-09T03:04:47Z,17
2026-10-09T03:22:21Z,2722,2026-10-07T08:41:59Z,2560
2026-10-09T03:22:21Z,2724,2026-10-08T06:53:41Z,1228
2026-10-09T03:22:21Z,2726,2026-10-09T02:31:40Z,50
2026-10-09T03:22:21Z,2727,2026-10-08T11:26:47Z,955
2026-10-09T03:22:21Z,2728,2026-10-08T09:42:40Z,1059
2026-10-09T03:22:21Z,2729,2026-10-08T18:31:02Z,531
2026-10-09T03:22:21Z,2734,2026-07-29T06:33:24Z,103488
2026-10-09T03:22:21Z,2736,2026-10-07T15:38:04Z,2144
2026-10-09T03:22:21Z,2738,2026-10-07T09:50:35Z,2491
2026-10-09T03:22:21Z,2739,2026-10-08T23:22:43Z,239
2026-10-09T03:22:21Z,2740,2026-10-08T19:21:07Z,481
2026-10-09T03:22:21Z,2743,2026-10-08T14:31:27Z,770
2026-10-09T03:22:21Z,2746,2026-10-06T06:10:02Z,4152
2026-10-09T03:22:21Z,2748,2026-10-08T08:16:20Z,1146
2026-10-09T03:22:21Z,2757,2026-10-08T15:51:22Z,690
2026-10-09T03:22:21Z,2758,2026-10-08T22:41:08Z,281
2026-10-09T03:22:21Z,2759,2026-10-08T18:03:21Z,559
2026-10-09T03:22:21Z,2760,2026-10-09T00:01:55Z,200
2026-10-09T03:22:21Z,2761,2026-10-08T20:30:33Z,411
2026-10-09T03:22:21Z,2763,2026-10-08T17:31:52Z,590
2026-10-09T03:22:21Z,2764,2026-10-08T19:51:47Z,450
2026-10-09T03:22:21Z,2765,2026-10-08T18:16:06Z,546
2026-10-09T03:22:21Z,2766,2026-10-08T17:33:35Z,588
2026-10-09T03:22:21Z,2767,2026-10-07T07:01:09Z,2661
2026-10-09T03:22:21Z,2768,2026-10-09T02:52:50Z,29
2026-10-09T03:22:21Z,2769,2026-10-08T13:37:57Z,824
2026-10-09T03:22:21Z,2770,2026-10-08T19:55:44Z,446
2026-10-09T03:22:21Z,2771,2026-10-09T03:15:06Z,7
2026-10-09T03:22:21Z,2772,2026-10-09T03:15:06Z,7
2026-10-09T03:22:21Z,2773,2026-10-08T21:01:29Z,380
2026-10-09T03:22:21Z,2774,2026-10-08T21:00:49Z,381
2026-10-09T03:22:21Z,2778,2026-10-08T21:01:14Z,381
2026-10-09T03:22:21Z,2779,2026-10-08T21:02:57Z,379
2026-10-09T03:22:21Z,2780,2026-10-08T21:00:51Z,381
2026-10-09T03:22:21Z,2782,2026-10-08T21:01:29Z,380
2026-10-09T03:22:21Z,2788,2026-10-08T21:01:07Z,381
2026-10-09T03:22:21Z,2789,2026-10-08T21:00:48Z,381
2026-10-09T03:22:21Z,2791,2026-10-08T21:01:29Z,380
2026-10-09T03:22:21Z,2792,2026-10-09T01:22:31Z,119
2026-10-09T03:22:21Z,2794,2026-10-08T21:01:15Z,381
2026-10-09T03:22:21Z,2795,2026-10-08T21:01:13Z,381
2026-10-09T03:22:21Z,2796,2026-10-08T21:01:12Z,381
2026-10-09T03:22:21Z,2797,2026-10-08T21:00:50Z,381
2026-10-09T03:22:21Z,2798,2026-10-08T21:00:43Z,381
2026-10-09T03:22:21Z,2799,2026-10-08T21:00:44Z,381
2026-10-09T03:22:21Z,2800,2026-10-08T21:01:18Z,381
2026-10-09T03:22:21Z,2802,2026-09-01T06:51:28Z,54510
2026-10-09T03:22:21Z,2803,2026-10-08T22:01:17Z,321
2026-10-09T03:22:21Z,2804,2026-10-08T21:01:03Z,381
2026-10-09T03:22:21Z,2805,2026-10-08T09:13:13Z,1089
2026-10-09T03:22:21Z,2806,2026-10-08T21:00:52Z,381
2026-10-09T03:22:21Z,2807,2026-10-08T21:00:46Z,381
2026-10-09T03:22:21Z,2808,2026-10-09T00:23:07Z,179
2026-10-09T03:22:21Z,2809,2026-10-09T00:23:07Z,179
2026-10-09T03:22:21Z,2810,2026-10-09T00:28:43Z,173
2026-10-09T03:22:21Z,2811,2026-10-08T21:00:59Z,381
2026-10-09T03:22:21Z,2812,2026-10-08T21:00:51Z,381
2026-10-09T03:22:21Z,2813,2026-10-08T21:00:55Z,381
2026-10-09T03:22:21Z,2814,2026-10-08T21:00:42Z,381
2026-10-09T03:22:21Z,2815,2026-10-08T22:35:47Z,286
2026-10-09T03:22:21Z,2816,2026-10-08T22:41:14Z,281
2026-10-09T03:22:21Z,2817,2026-10-08T21:00:54Z,381
2026-10-09T03:22:21Z,2818,2026-10-08T21:01:11Z,381
2026-10-09T03:22:21Z,2819,2026-10-08T21:00:53Z,381
2026-10-09T03:22:21Z,2820,2026-10-08T18:28:10Z,534
2026-10-09T03:22:21Z,2821,2026-10-09T01:28:24Z,113
2026-10-09T03:22:21Z,2822,2026-10-09T00:27:50Z,174
2026-10-09T03:22:21Z,2824,2026-10-08T21:01:48Z,380
2026-10-09T03:22:21Z,2825,2026-02-23T12:04:04Z,327798
2026-10-09T03:22:21Z,2826,2026-10-08T21:01:25Z,380
2026-10-09T03:22:21Z,2827,2026-10-08T16:06:48Z,675
2026-10-09T03:22:21Z,2828,2026-10-08T21:02:26Z,379
2026-10-09T03:22:21Z,2829,2026-10-08T21:01:09Z,381
2026-10-09T03:22:21Z,2830,2026-10-08T21:00:47Z,381
2026-10-09T03:22:21Z,2831,2026-10-08T21:01:12Z,381
2026-10-09T03:22:21Z,2832,2026-10-08T21:00:51Z,381
2026-10-09T03:22:21Z,2833,2026-05-14T09:37:50Z,212744
2026-10-09T03:22:21Z,2834,2026-10-08T21:00:50Z,381
2026-10-09T03:22:21Z,2835,2026-10-08T21:01:23Z,380
2026-10-09T03:22:21Z,2836,2026-10-08T21:00:52Z,381
2026-10-09T03:22:21Z,2837,2026-10-08T21:01:10Z,381
2026-10-09T03:22:21Z,2838,2026-10-08T21:01:10Z,381
2026-10-09T03:22:21Z,2839,2026-10-08T21:00:57Z,381
2026-10-09T03:22:21Z,2840,2026-10-08T19:10:07Z,492
2026-10-09T03:22:21Z,2841,2026-10-09T00:50:57Z,151
2026-10-09T03:22:21Z,2843,2026-10-08T20:38:01Z,404
2026-10-09T03:22:21Z,2844,2026-10-09T03:05:24Z,16
2026-10-09T03:22:21Z,2845,2026-10-09T02:27:32Z,54
2026-10-09T03:22:21Z,2846,2026-10-04T16:35:41Z,6406
2026-10-09T03:22:21Z,2847,2026-10-09T03:06:59Z,15
2026-10-09T03:22:21Z,2848,2026-10-08T16:04:42Z,677
2026-10-09T03:22:21Z,2849,2026-10-08T13:39:27Z,822
2026-10-09T03:22:21Z,2850,2026-10-08T19:46:47Z,455
2026-10-09T03:22:21Z,2851,2026-10-09T00:30:45Z,171
2026-10-09T03:22:21Z,2852,2026-10-05T01:21:38Z,5880
2026-10-09T03:22:21Z,2853,2026-10-08T13:21:25Z,840
2026-10-09T03:22:21Z,2855,2026-10-09T02:40:12Z,42
2026-10-09T03:22:21Z,2856,2026-10-08T15:38:38Z,703
2026-10-09T03:22:21Z,2857,2026-10-08T17:13:28Z,608
2026-10-09T03:22:21Z,2858,2026-10-05T09:48:16Z,5374
2026-10-09T03:22:21Z,2859,2026-10-08T14:09:26Z,792
2026-10-09T03:22:21Z,2860,2026-10-08T09:36:50Z,1065
2026-10-09T03:22:21Z,2861,2026-10-08T10:37:48Z,1004
2026-10-09T03:22:21Z,2862,2026-10-08T05:33:43Z,1308
2026-10-09T03:22:21Z,2863,2026-10-08T10:20:42Z,1021
2026-10-09T03:22:21Z,2864,2026-10-07T15:04:29Z,2177
2026-10-09T03:22:21Z,2865,2026-10-08T13:53:46Z,808
2026-10-09T03:22:21Z,2866,2026-10-07T08:34:19Z,2568
2026-10-09T03:22:21Z,2867,2026-10-08T20:28:20Z,414
2026-10-09T03:22:21Z,2868,2026-10-08T15:33:10Z,709
2026-10-09T03:22:21Z,2869,2026-10-08T11:51:18Z,931
2026-10-09T03:22:21Z,2870,2026-10-08T12:28:44Z,893
2026-10-09T03:22:21Z,2871,2026-10-08T19:06:05Z,496
2026-10-09T03:22:21Z,2872,2026-10-08T15:01:03Z,741
2026-10-09T03:22:21Z,2873,2026-10-08T09:34:41Z,1067
2026-10-09T03:22:21Z,2874,2026-10-08T13:08:30Z,853
2026-10-09T03:22:21Z,2875,2026-10-08T08:28:56Z,1133
2026-10-09T03:22:21Z,2876,2026-10-08T19:07:15Z,495
2026-10-09T03:22:21Z,2877,2026-10-08T17:51:47Z,570
2026-10-09T03:22:21Z,2878,2026-10-08T00:02:10Z,1640
2026-10-09T03:22:21Z,2879,2026-10-08T19:33:40Z,468
2026-10-09T03:22:21Z,2880,2026-10-09T00:01:42Z,200
2026-10-09T03:22:21Z,2881,2026-10-08T01:17:40Z,1564
2026-10-09T03:22:21Z,2882,2026-10-09T00:02:11Z,200
2026-10-09T03:22:21Z,2883,2026-10-09T00:01:29Z,200
2026-10-09T03:22:21Z,2884,2026-10-09T00:01:48Z,200
2026-10-09T03:22:21Z,2885,2026-10-08T19:31:06Z,471
2026-10-09T03:22:21Z,2886,2026-10-07T07:01:09Z,2661
2026-10-09T03:22:21Z,2887,2026-10-07T11:32:47Z,2389
2026-10-09T03:22:21Z,2889,2026-10-09T00:01:21Z,201
2026-10-09T03:22:21Z,2890,2026-10-08T15:39:56Z,702
2026-10-09T03:22:21Z,2891,2026-10-08T11:57:22Z,924
2026-10-09T03:22:21Z,2892,2026-10-08T12:23:52Z,898
2026-10-09T03:22:21Z,2893,2026-10-08T12:53:06Z,869
2026-10-09T03:22:21Z,2894,2026-10-08T14:27:10Z,775
2026-10-09T03:22:21Z,2895,2026-10-08T16:18:12Z,664
2026-10-09T03:22:21Z,2896,2026-10-08T19:43:16Z,459
2026-10-09T03:22:21Z,2897,2026-10-09T00:03:55Z,198
2026-10-09T03:22:21Z,2898,2026-10-08T07:05:33Z,1216
2026-10-09T03:22:21Z,2899,2026-10-08T15:30:57Z,711
2026-10-09T03:22:21Z,2900,2026-10-06T04:31:31Z,4250
2026-10-09T03:22:21Z,2901,2026-10-08T20:34:56Z,407
2026-10-09T03:22:21Z,2902,2026-10-08T17:10:04Z,612
2026-10-09T03:22:21Z,2903,2026-10-08T19:40:16Z,462
2026-10-09T03:22:21Z,2904,2026-10-08T15:10:16Z,732
2026-10-09T03:22:21Z,2906,2026-10-09T00:01:34Z,200
2026-10-09T03:22:21Z,2907,2026-10-08T18:16:02Z,546
2026-10-09T03:22:21Z,2908,2026-10-07T15:08:03Z,2174
2026-10-09T03:22:21Z,2909,2026-10-08T14:18:28Z,783
2026-10-09T03:22:21Z,2911,2026-10-08T14:07:00Z,795
2026-10-09T03:22:21Z,2912,2026-10-08T15:35:57Z,706
2026-10-09T03:22:21Z,2913,2026-10-08T17:01:26Z,620
2026-10-09T03:22:21Z,2914,2026-10-08T16:01:00Z,681
2026-10-09T03:22:21Z,2915,2026-10-08T13:54:22Z,807
2026-10-09T03:22:21Z,2916,2026-10-08T09:23:06Z,1079
2026-10-09T03:22:21Z,2917,2026-10-08T15:02:06Z,740
2026-10-09T03:22:21Z,2918,2026-10-08T14:37:10Z,765
2026-10-09T03:22:21Z,2919,2026-10-09T02:46:34Z,35
2026-10-09T03:22:21Z,2920,2026-10-09T00:02:13Z,200
2026-10-09T03:22:21Z,2921,2026-10-08T16:21:38Z,660
2026-10-09T03:22:21Z,2922,2026-10-07T07:09:19Z,2653
2026-10-09T03:22:21Z,2923,2026-10-05T08:48:50Z,5433
2026-10-09T03:22:21Z,2924,2026-10-07T12:05:22Z,2356
2026-10-09T03:22:21Z,2925,2026-10-05T11:02:46Z,5299
2026-10-09T03:22:21Z,2926,2026-10-08T13:27:39Z,834
2026-10-09T03:22:21Z,2927,2026-10-08T20:21:55Z,420
2026-10-09T03:22:21Z,2928,2026-10-08T06:48:58Z,1233
2026-10-09T03:22:21Z,2929,2026-10-08T16:58:44Z,623
2026-10-09T03:22:21Z,2930,2026-10-08T13:17:04Z,845
2026-10-09T03:22:21Z,2931,2026-10-08T14:47:43Z,754
2026-10-09T03:22:21Z,2932,2026-10-08T17:42:13Z,580
2026-10-09T03:22:21Z,2933,2026-10-09T03:00:39Z,21
2026-10-09T03:22:21Z,2934,2026-10-08T07:48:10Z,1174
2026-10-09T03:22:21Z,2935,2026-10-08T16:04:55Z,677
2026-10-09T03:22:21Z,2936,2026-10-08T10:56:26Z,985
2026-10-09T03:22:21Z,2937,2026-10-08T20:57:20Z,385
2026-10-09T03:22:21Z,2938,2026-10-08T08:47:58Z,1114
2026-10-09T03:22:21Z,2939,2026-10-09T00:02:13Z,200
2026-10-09T03:22:21Z,2940,2026-10-08T15:18:44Z,723
2026-10-09T03:22:21Z,2941,2026-10-08T14:03:26Z,798
2026-10-09T03:22:21Z,2942,2026-10-08T15:51:41Z,690
2026-10-09T03:22:21Z,2943,2026-10-08T14:59:04Z,743
2026-10-09T03:22:21Z,2944,2026-10-08T13:56:08Z,806
2026-10-09T03:22:21Z,2945,2026-10-07T15:12:14Z,2170
2026-10-09T03:22:21Z,2981,2026-10-08T15:48:03Z,694
2026-10-09T03:22:21Z,2982,2026-10-03T11:15:04Z,8167
2026-10-09T03:22:21Z,2983,2026-10-08T17:39:57Z,582
2026-10-09T03:22:21Z,2984,2026-10-08T10:33:21Z,1009
2026-10-09T03:22:21Z,2985,2026-10-08T13:42:32Z,819
2026-10-09T03:22:21Z,2986,2026-10-08T16:23:45Z,658
2026-10-09T03:22:21Z,2987,2026-10-08T20:55:30Z,386
2026-10-09T03:22:21Z,2988,2026-10-09T03:09:34Z,12
2026-10-09T03:22:21Z,2989,2026-10-08T18:42:35Z,519
2026-10-09T03:22:21Z,2990,2026-10-08T15:29:10Z,713
2026-10-09T03:22:21Z,2991,2026-10-08T15:42:07Z,700
2026-10-09T03:22:21Z,2992,2026-10-08T09:32:10Z,1070
2026-10-09T03:22:21Z,2993,2026-10-08T11:45:17Z,937
2026-10-09T03:22:21Z,2994,2026-10-08T15:35:36Z,706
2026-10-09T03:22:21Z,2995,2026-10-07T14:59:31Z,2182
2026-10-09T03:22:21Z,2996,2026-10-08T20:33:29Z,408
2026-10-09T03:22:21Z,2997,2026-10-08T20:33:29Z,408
2026-10-09T03:22:21Z,2999,2026-10-08T14:02:45Z,799
2026-10-09T03:22:21Z,3000,2026-10-08T23:00:59Z,261
2026-10-09T03:22:21Z,3001,2026-10-08T18:26:30Z,535
2026-10-09T03:22:21Z,3002,2026-10-08T15:27:58Z,714
2026-10-09T03:22:21Z,3003,2026-10-08T15:14:50Z,727
2026-10-09T03:22:21Z,3009,2026-10-09T03:15:06Z,7
2026-10-09T03:22:21Z,3011,2026-10-09T01:37:12Z,105
2026-10-09T03:22:21Z,3035,2026-10-08T20:34:42Z,407
2026-10-09T03:22:21Z,3037,2026-10-09T00:29:08Z,173
2026-10-09T03:22:21Z,3038,2026-10-09T02:22:54Z,59
2026-10-09T03:22:21Z,3042,2026-10-09T00:09:10Z,193
2026-10-09T03:22:21Z,3043,2026-10-08T13:23:46Z,838
2026-10-09T03:22:21Z,3044,2026-10-08T20:30:32Z,411
2026-10-09T03:22:21Z,3045,2026-10-09T00:34:31Z,167
2026-10-09T03:22:21Z,3046,2026-10-08T20:38:03Z,404
2026-10-09T03:22:21Z,3049,2026-10-08T21:40:09Z,342
2026-10-09T03:22:21Z,3050,2026-10-09T03:06:12Z,16
2026-10-09T03:22:21Z,3052,2026-10-09T00:45:06Z,157
2026-10-09T03:22:21Z,3053,2026-10-08T18:46:24Z,515
2026-10-09T03:22:21Z,3054,2026-10-09T02:57:32Z,24
2026-10-09T03:22:21Z,3055,2026-10-08T13:34:36Z,827
2026-10-09T03:22:21Z,3056,2026-10-08T13:31:30Z,830
2026-10-09T03:22:21Z,3057,2026-10-08T13:31:49Z,830
2026-10-09T03:22:21Z,3058,2026-10-08T20:37:16Z,405
2026-10-09T03:22:21Z,3059,2026-10-09T01:47:37Z,94
2026-10-09T03:22:21Z,3060,2026-10-08T16:14:10Z,668
2026-10-09T03:22:21Z,3061,2026-10-09T03:15:06Z,7
2026-10-09T03:22:21Z,3062,2026-10-09T03:00:14Z,22
2026-10-09T03:22:21Z,3063,2026-10-08T00:01:57Z,1640
2026-10-09T03:22:21Z,3064,2026-10-08T05:30:58Z,1311
2026-10-09T03:22:21Z,3065,2026-10-08T18:22:42Z,539
2026-10-09T03:22:21Z,3066,2026-10-08T16:47:58Z,634
2026-10-09T03:22:21Z,3067,2026-10-08T12:04:15Z,918
2026-10-09T03:22:21Z,3068,2026-10-07T14:32:39Z,2209
2026-10-09T03:22:21Z,3069,2026-10-07T07:01:09Z,2661
2026-10-09T03:22:21Z,3070,2026-10-08T13:06:50Z,855
2026-10-09T03:22:21Z,3071,2026-10-08T17:03:48Z,618
2026-10-09T03:22:21Z,3072,2026-10-08T15:59:10Z,683
2026-10-09T03:22:21Z,3073,2026-10-09T01:07:30Z,134
2026-10-09T03:22:21Z,3074,2026-10-08T13:29:12Z,833
2026-10-09T03:22:21Z,3075,2026-10-08T13:29:03Z,833
2026-10-09T03:22:21Z,3076,2026-10-09T02:58:19Z,24
2026-10-09T03:22:21Z,3077,2026-10-08T11:32:04Z,950
2026-10-09T03:22:21Z,3078,2026-10-07T10:48:47Z,2433
2026-10-09T03:22:21Z,3079,2026-10-07T12:27:19Z,2335
2026-10-09T03:22:21Z,3080,2026-10-09T00:02:02Z,200
2026-10-09T03:22:21Z,3081,2026-10-09T02:22:56Z,59
2026-10-09T03:22:21Z,3082,2026-10-08T14:28:46Z,773
2026-10-09T03:22:21Z,3083,2026-10-09T02:28:14Z,54
2026-10-09T03:22:21Z,3084,2026-10-08T16:51:56Z,630
2026-10-09T03:22:21Z,3085,2026-10-07T16:35:10Z,2087
2026-10-09T03:22:21Z,3086,2026-10-08T16:55:58Z,626
2026-10-09T03:22:21Z,3087,2026-10-05T12:02:18Z,5240
2026-10-09T03:22:21Z,3088,2026-10-08T17:03:03Z,619
2026-10-09T03:22:21Z,3089,2026-10-08T15:40:12Z,702
2026-10-09T03:22:21Z,3091,2026-10-08T16:44:59Z,637
2026-10-09T03:22:21Z,3092,2026-10-08T17:34:41Z,587
2026-10-09T03:22:21Z,3093,2026-10-08T18:31:15Z,531
2026-10-09T03:22:21Z,3094,2026-10-08T22:55:35Z,266
2026-10-09T03:22:21Z,3095,2026-10-06T06:06:51Z,4155
2026-10-09T03:22:21Z,3096,2026-10-08T12:56:11Z,866
2026-10-09T03:22:21Z,3101,2026-10-08T09:44:43Z,1057
2026-10-09T03:22:21Z,3102,2026-10-08T16:58:14Z,624
2026-10-09T03:22:21Z,3103,2026-10-09T01:36:58Z,105
2026-10-09T03:22:21Z,3105,2026-10-09T01:36:58Z,105
2026-10-09T03:22:21Z,3107,2026-10-09T02:50:42Z,31
2026-10-09T03:22:21Z,3108,2026-10-08T21:00:58Z,381
2026-10-09T03:22:21Z,3109,2026-10-09T01:45:13Z,97
2026-10-09T03:22:21Z,3110,2026-10-08T19:46:34Z,455
2026-10-09T03:22:21Z,3111,2026-10-08T18:13:43Z,548
2026-10-09T03:22:21Z,3112,2026-10-08T18:05:00Z,557
2026-10-09T03:22:21Z,3113,2026-10-09T02:48:00Z,34
2026-10-09T03:22:21Z,3116,2026-10-09T03:11:55Z,10
2026-10-09T03:22:21Z,3117,2026-10-08T13:30:35Z,831
2026-10-09T03:22:21Z,3118,2026-10-08T08:32:08Z,1130
2026-10-09T03:22:21Z,3131,2026-10-09T00:01:07Z,201
2026-10-09T03:22:21Z,3132,2026-10-09T03:15:03Z,7
2026-10-09T03:22:21Z,3133,2026-10-09T03:15:03Z,7
2026-10-09T03:22:21Z,3134,2026-10-09T03:15:03Z,7
2026-10-09T03:22:21Z,3135,2026-10-09T03:15:03Z,7
2026-10-09T03:22:21Z,3136,2026-10-09T03:15:03Z,7
2026-10-09T03:22:21Z,3137,2026-10-09T03:15:03Z,7
2026-10-09T03:22:21Z,3138,2026-10-09T03:15:03Z,7
2026-10-09T03:22:21Z,3139,2026-10-08T17:33:29Z,588
2026-10-09T03:22:21Z,3140,2026-10-08T13:09:00Z,853
2026-10-09T03:22:21Z,3141,2026-10-09T02:50:52Z,31
2026-10-09T03:22:21Z,3142,2026-10-08T23:00:50Z,261
2026-10-09T03:22:21Z,3143,2026-10-09T02:49:37Z,32
2026-10-09T03:22:21Z,3144,2026-10-08T20:44:55Z,397
2026-10-09T03:22:21Z,3149,2026-10-09T03:15:03Z,7
2026-10-09T03:22:21Z,3150,2026-10-09T03:15:03Z,7
2026-10-09T03:22:21Z,3151,2026-10-09T03:15:03Z,7
2026-10-09T03:22:21Z,3152,2026-10-09T03:15:03Z,7
2026-10-09T03:22:21Z,3153,2026-10-09T03:05:34Z,16
2026-10-09T03:22:21Z,3154,2026-10-09T03:04:51Z,17
2026-10-09T03:22:21Z,3155,2026-10-09T03:15:03Z,7
2026-10-09T03:22:21Z,3156,2026-10-09T03:15:03Z,7
2026-10-09T03:22:21Z,3157,2026-10-09T03:15:03Z,7
2026-10-09T03:22:21Z,3158,2026-10-09T03:15:03Z,7
2026-10-09T03:22:21Z,3159,2026-10-09T03:15:03Z,7
2026-10-09T03:22:21Z,3160,2026-10-08T13:15:16Z,847
2026-10-09T03:22:21Z,3161,2026-10-09T03:15:03Z,7
2026-10-09T03:22:21Z,3162,2026-10-09T03:15:03Z,7
2026-10-09T03:22:21Z,3163,2026-10-09T03:15:03Z,7
2026-10-09T03:22:21Z,3164,2026-10-09T03:15:03Z,7
2026-10-09T03:22:21Z,3166,2026-10-09T03:15:03Z,7
2026-10-09T03:22:21Z,3167,2026-10-09T03:15:03Z,7
2026-10-09T03:22:21Z,3168,2026-10-09T03:15:03Z,7
2026-10-09T03:22:21Z,3169,2026-10-09T03:15:03Z,7
2026-10-09T03:22:21Z,3170,2026-10-08T18:58:00Z,504
2026-10-09T03:22:21Z,3171,2026-10-09T03:15:03Z,7
2026-10-09T03:22:21Z,3173,2026-10-09T03:15:03Z,7
2026-10-09T03:22:21Z,3174,2026-10-09T03:15:03Z,7
2026-10-09T03:22:21Z,3176,2026-10-09T03:15:03Z,7
2026-10-09T03:22:21Z,3181,2026-10-09T03:15:03Z,7
2026-10-09T03:22:21Z,3182,2026-10-09T03:15:03Z,7
2026-10-09T03:22:21Z,3183,2026-10-08T19:08:20Z,494
2026-10-09T03:22:21Z,3184,2026-10-09T03:15:03Z,7
2026-10-09T03:22:21Z,3185,2026-10-09T03:15:03Z,7
2026-10-09T03:22:21Z,3186,2026-10-09T03:15:03Z,7
2026-10-09T03:22:21Z,3187,2026-10-09T03:15:03Z,7
2026-10-09T03:22:21Z,3189,2026-10-09T03:15:03Z,7
2026-10-09T03:22:21Z,3190,2026-10-09T03:15:03Z,7
2026-10-09T03:22:21Z,3193,2026-10-09T03:15:03Z,7
2026-10-09T03:22:21Z,3194,2026-10-09T03:15:03Z,7
2026-10-09T03:22:21Z,3195,2026-10-09T03:15:03Z,7
2026-10-09T03:22:21Z,3196,2026-10-09T03:15:03Z,7
2026-10-09T03:22:21Z,3201,2026-10-09T03:15:03Z,7
2026-10-09T03:22:21Z,3202,2026-10-08T17:01:20Z,621
2026-10-09T03:22:21Z,3203,2026-10-09T03:15:03Z,7
2026-10-09T03:22:21Z,3204,2026-10-09T03:15:03Z,7
2026-10-09T03:22:21Z,3205,2026-10-08T17:48:48Z,573
2026-10-09T03:22:21Z,3209,2026-10-09T03:15:03Z,7
2026-10-09T03:22:21Z,3210,2026-10-09T03:15:03Z,7
2026-10-09T03:22:21Z,3211,2026-10-09T01:10:03Z,132
2026-10-09T03:22:21Z,3213,2026-10-08T20:37:44Z,404
2026-10-09T03:22:21Z,3214,2026-10-08T19:33:38Z,468
2026-10-09T03:22:21Z,3216,2026-10-08T16:31:15Z,651
2026-10-09T03:22:21Z,3219,2026-10-08T21:01:10Z,381
2026-10-09T03:22:21Z,3220,2026-10-08T21:01:07Z,381
2026-10-09T03:22:21Z,3221,2026-10-08T21:00:51Z,381
2026-10-09T03:22:21Z,3222,2026-10-09T00:21:14Z,181
2026-10-09T03:22:21Z,3225,2026-10-08T19:16:18Z,486
2026-10-09T03:22:21Z,3226,2026-10-08T21:01:07Z,381
2026-10-09T03:22:21Z,3227,2026-10-08T20:43:19Z,399
2026-10-09T03:22:21Z,3228,2026-10-08T21:00:55Z,381
2026-10-09T03:22:21Z,3229,2026-10-08T21:01:27Z,380
2026-10-09T03:22:21Z,3230,2026-10-08T21:01:25Z,380
2026-10-09T03:22:21Z,3231,2026-10-08T21:00:42Z,381
2026-10-09T03:22:21Z,3233,2026-10-08T21:01:04Z,381
2026-10-09T03:22:21Z,3234,2026-10-08T21:01:24Z,380
2026-10-09T03:22:21Z,3240,2026-10-08T22:28:51Z,293
2026-10-09T03:22:21Z,3241,2026-10-09T03:14:05Z,8
2026-10-09T03:22:21Z,3242,2026-10-08T14:25:03Z,777
2026-10-09T03:22:21Z,3243,2026-10-08T13:51:51Z,810
2026-10-09T03:22:21Z,3244,2026-10-08T16:19:09Z,663
2026-10-09T03:22:21Z,3245,2026-10-08T11:55:35Z,926
2026-10-09T03:22:21Z,3246,2026-10-09T02:14:19Z,68
2026-10-09T03:22:21Z,3247,2026-10-09T00:01:54Z,200
2026-10-09T03:22:21Z,3248,2026-10-09T02:22:20Z,60
2026-10-09T03:22:21Z,3249,2026-10-08T11:32:54Z,949
2026-10-09T03:22:21Z,3250,2026-10-08T21:38:21Z,344
2026-10-09T03:22:21Z,3251,2026-10-09T00:01:38Z,200
2026-10-09T03:22:21Z,3252,2026-10-08T10:14:26Z,1027
2026-10-09T03:22:21Z,3253,2026-10-08T17:13:32Z,608
2026-10-09T03:22:21Z,3254,2026-10-08T21:01:23Z,380
2026-10-09T03:22:21Z,3256,2026-10-08T19:26:06Z,476
2026-10-09T03:22:21Z,3258,2026-10-08T21:23:29Z,358
2026-10-09T03:22:21Z,3261,2026-10-08T21:00:49Z,381
2026-10-09T03:22:21Z,3276,2026-10-08T21:00:53Z,381
2026-10-09T03:22:21Z,3277,2026-10-08T21:01:09Z,381
2026-10-09T03:22:21Z,3278,2026-10-08T21:00:57Z,381
2026-10-09T03:22:21Z,3279,2026-10-08T21:00:57Z,381
2026-10-09T03:22:21Z,3280,2026-10-08T21:01:03Z,381
2026-10-09T03:22:21Z,3281,2026-10-08T21:01:08Z,381
2026-10-09T03:22:21Z,3283,2026-10-08T21:00:49Z,381
2026-10-09T03:22:21Z,3285,2026-10-08T21:00:38Z,381
2026-10-09T03:22:21Z,3287,2026-10-08T21:01:00Z,381
2026-10-09T03:22:21Z,3289,2026-10-08T21:01:05Z,381
2026-10-09T03:22:21Z,3294,2026-10-08T21:00:54Z,381
2026-10-09T03:22:21Z,3304,2026-10-09T00:34:09Z,168
2026-10-09T03:22:21Z,3305,2026-10-08T21:01:21Z,381
2026-10-09T03:22:21Z,3306,2026-10-08T21:00:50Z,381
2026-10-09T03:22:21Z,3308,2026-10-08T21:00:59Z,381
2026-10-09T03:22:21Z,3309,2026-10-08T21:00:48Z,381
2026-10-09T03:22:21Z,3318,2026-10-07T21:30:06Z,1792
2026-10-09T03:22:21Z,3319,2026-10-09T00:22:18Z,180
2026-10-09T03:22:21Z,3322,2026-09-29T10:14:53Z,13987
2026-10-09T03:22:21Z,3323,2026-10-03T08:24:49Z,8337
2026-10-09T03:22:21Z,3325,2026-10-08T21:01:19Z,381
2026-10-09T03:22:21Z,3328,2026-10-08T17:15:20Z,607
2026-10-09T03:22:21Z,3341,2026-10-09T01:53:03Z,89
2026-10-09T03:22:21Z,3380,2026-10-08T19:09:28Z,492
2026-10-09T03:22:21Z,3381,2026-10-08T19:09:26Z,492
2026-10-09T03:22:21Z,3382,2026-10-08T19:09:27Z,492
2026-10-09T03:22:21Z,3383,2026-10-08T19:09:25Z,492
2026-10-09T03:22:21Z,3384,2026-10-09T01:28:44Z,113
2026-10-09T03:22:21Z,3385,2026-10-08T19:09:26Z,492
2026-10-09T03:22:21Z,3386,2026-10-08T19:09:26Z,492
2026-10-09T03:22:21Z,3387,2026-10-08T19:09:18Z,493
2026-10-09T03:22:21Z,3389,2026-10-08T19:09:11Z,493
2026-10-09T03:22:21Z,3390,2026-10-08T19:09:12Z,493
2026-10-09T03:22:21Z,3391,2026-10-08T23:54:14Z,208
2026-10-09T03:22:21Z,3392,2026-10-08T21:49:35Z,332
2026-10-09T03:22:21Z,3393,2026-10-08T19:09:14Z,493
2026-10-09T03:22:21Z,3394,2026-10-08T19:09:14Z,493
2026-10-09T03:22:21Z,3395,2026-10-09T00:26:51Z,175
2026-10-09T03:22:21Z,3396,2026-10-08T19:09:15Z,493
2026-10-09T03:22:21Z,3397,2026-10-08T21:52:16Z,330
2026-10-09T03:22:21Z,3398,2026-10-08T23:50:22Z,211
2026-10-09T03:22:21Z,3399,2026-10-08T19:09:15Z,493
2026-10-09T03:22:21Z,3400,2026-10-08T19:09:16Z,493
2026-10-09T03:22:21Z,3401,2026-10-09T00:43:43Z,158
2026-10-09T03:22:21Z,3402,2026-10-08T19:09:17Z,493
2026-10-09T03:22:21Z,3404,2026-10-08T22:33:50Z,288
2026-10-09T03:22:21Z,3405,2026-10-08T19:09:56Z,492
2026-10-09T03:22:21Z,3406,2026-10-08T19:09:56Z,492
2026-10-09T03:22:21Z,3407,2026-10-08T19:09:45Z,492
2026-10-09T03:22:21Z,3408,2026-10-08T19:10:02Z,492
2026-10-09T03:22:21Z,3409,2026-10-08T19:09:13Z,493
2026-10-09T03:22:21Z,3410,2026-10-08T19:09:43Z,492
2026-10-09T03:22:21Z,3411,2026-10-08T23:20:28Z,241
2026-10-09T03:22:21Z,3412,2026-10-08T19:09:19Z,493
2026-10-09T03:22:21Z,3413,2026-10-08T19:09:19Z,493
2026-10-09T03:22:21Z,3414,2026-10-08T19:09:18Z,493
2026-10-09T03:22:21Z,3415,2026-10-08T19:09:18Z,493
2026-10-09T03:22:21Z,3416,2026-10-08T19:09:50Z,492
2026-10-09T03:22:21Z,3417,2026-10-09T00:26:54Z,175
2026-10-09T03:22:21Z,3418,2026-10-08T19:09:43Z,492
2026-10-09T03:22:21Z,3419,2026-10-08T19:09:21Z,493
2026-10-09T03:22:21Z,3420,2026-10-08T19:09:59Z,492
2026-10-09T03:22:21Z,3421,2026-10-09T00:18:02Z,184
2026-10-09T03:22:21Z,3423,2026-10-08T23:55:40Z,206
2026-10-09T03:22:21Z,3424,2026-10-08T19:09:19Z,493
2026-10-09T03:22:21Z,3425,2026-10-08T19:09:20Z,493
2026-10-09T03:22:21Z,3426,2026-10-08T22:10:42Z,311
2026-10-09T03:22:21Z,3427,2026-10-08T23:54:31Z,207
2026-10-09T03:22:21Z,3428,2026-10-09T01:23:23Z,118
2026-10-09T03:22:21Z,3429,2026-10-08T19:09:18Z,493
2026-10-09T03:22:21Z,3430,2026-10-08T19:09:20Z,493
2026-10-09T03:22:21Z,3431,2026-10-08T22:56:17Z,266
2026-10-09T03:22:21Z,3432,2026-10-08T19:09:21Z,493
2026-10-09T03:22:21Z,3433,2026-10-09T00:25:21Z,177
2026-10-09T03:22:21Z,3435,2026-10-08T19:09:22Z,492
2026-10-09T03:22:21Z,3436,2026-10-08T19:09:22Z,492
2026-10-09T03:22:21Z,3437,2026-10-08T19:09:44Z,492
2026-10-09T03:22:21Z,3438,2026-10-08T19:09:45Z,492
2026-10-09T03:22:21Z,3439,2026-10-08T23:55:44Z,206
2026-10-09T03:22:21Z,3440,2026-10-09T03:14:32Z,7
2026-10-09T03:22:21Z,3441,2026-10-08T19:20:25Z,481
2026-10-09T03:22:21Z,3442,2026-10-08T19:09:26Z,492
2026-10-09T03:22:21Z,3443,2026-10-08T19:13:38Z,488
2026-10-09T03:22:21Z,3444,2026-10-08T19:09:27Z,492
2026-10-09T03:22:21Z,3445,2026-10-08T19:09:27Z,492
2026-10-09T03:22:21Z,3446,2026-10-08T22:20:39Z,301
2026-10-09T03:22:21Z,3447,2026-10-08T19:09:38Z,492
2026-10-09T03:22:21Z,3448,2026-10-08T19:09:39Z,492
2026-10-09T03:22:21Z,3449,2026-10-08T19:09:39Z,492
2026-10-09T03:22:21Z,3450,2026-10-08T19:09:40Z,492
2026-10-09T03:22:21Z,3451,2026-10-08T22:06:07Z,316
2026-10-09T03:22:21Z,3452,2026-10-09T02:21:00Z,61
2026-10-09T03:22:21Z,3453,2026-10-08T23:54:35Z,207
2026-10-09T03:22:21Z,3454,2026-10-08T19:09:44Z,492
2026-10-09T03:22:21Z,3455,2026-10-08T19:09:51Z,492
2026-10-09T03:22:21Z,3456,2026-10-08T19:09:46Z,492
2026-10-09T03:22:21Z,3457,2026-10-08T19:09:46Z,492
2026-10-09T03:22:21Z,3458,2026-10-08T21:53:09Z,329
2026-10-09T03:22:21Z,3459,2026-10-08T19:09:47Z,492
2026-10-09T03:22:21Z,3460,2026-10-08T23:55:48Z,206
2026-10-09T03:22:21Z,3461,2026-10-09T03:05:59Z,16
2026-10-09T03:22:21Z,3462,2026-10-09T02:38:34Z,43
2026-10-09T03:22:21Z,3463,2026-10-08T19:09:55Z,492
2026-10-09T03:22:21Z,3464,2026-10-08T19:09:59Z,492
2026-10-09T03:22:21Z,3465,2026-10-08T19:10:00Z,492
2026-10-09T03:22:21Z,3466,2026-10-08T19:10:00Z,492
2026-10-09T03:22:21Z,3467,2026-10-08T22:11:10Z,311
2026-10-09T03:22:21Z,3468,2026-10-08T23:55:51Z,206
2026-10-09T03:22:21Z,3469,2026-10-09T02:08:34Z,73
2026-10-09T03:22:21Z,3470,2026-10-08T15:31:12Z,711
2026-10-09T03:22:21Z,3471,2026-08-31T10:04:31Z,55757
2026-10-09T03:22:21Z,3472,2026-10-08T21:01:04Z,381
2026-10-09T03:22:21Z,3473,2026-10-08T19:10:07Z,492
2026-10-09T03:22:21Z,3477,2026-10-08T17:25:11Z,597
2026-10-09T03:22:21Z,3478,2026-10-08T17:58:15Z,564
2026-10-09T03:22:21Z,3479,2026-10-09T02:59:48Z,22
2026-10-09T03:22:21Z,3488,2026-10-09T01:48:56Z,93
2026-10-09T03:22:21Z,3489,2026-10-08T23:12:14Z,250
2026-10-09T03:22:21Z,3490,2026-10-08T19:34:57Z,467
2026-10-09T03:22:21Z,3491,2026-10-08T23:28:01Z,234
2026-10-09T03:22:21Z,3594,2026-10-08T13:20:46Z,841
2026-10-09T03:22:21Z,3595,2026-10-08T13:29:50Z,832
2026-10-09T03:22:21Z,3596,2026-10-08T19:29:11Z,473
2026-10-09T03:22:21Z,3597,2026-10-08T23:44:49Z,217
2026-10-09T03:22:21Z,3598,2026-10-09T00:58:06Z,144
2026-10-09T03:22:21Z,3599,2026-10-09T01:37:29Z,104
2026-10-09T03:22:21Z,3600,2026-10-08T19:10:11Z,492
2026-10-09T03:22:21Z,3601,2026-10-08T19:10:11Z,492
2026-10-09T03:22:21Z,3602,2026-10-08T17:49:01Z,573
2026-10-09T03:22:21Z,3603,2026-10-08T19:10:11Z,492
2026-10-09T03:22:21Z,3605,2026-10-08T22:41:50Z,280
2026-10-09T03:22:21Z,3606,2026-10-08T19:05:45Z,496
2026-10-09T03:22:21Z,3607,2026-10-08T21:00:45Z,381
2026-10-09T03:22:21Z,3608,2026-10-09T00:24:44Z,177
2026-10-09T03:22:21Z,3609,2026-08-17T08:18:12Z,76024
2026-10-09T03:22:21Z,3615,2026-10-08T19:10:12Z,492
2026-10-09T03:22:21Z,3618,2026-10-08T19:10:13Z,492
2026-10-09T03:22:21Z,3619,2026-10-08T19:10:13Z,492
2026-10-09T03:22:21Z,3620,2026-10-08T19:09:36Z,492
2026-10-09T03:22:21Z,3621,2026-10-08T13:51:42Z,810
2026-10-09T03:22:21Z,3622,2026-10-08T15:28:35Z,713
2026-10-09T03:22:21Z,3623,2026-10-09T00:01:43Z,200
2026-10-09T03:22:21Z,3624,2026-10-08T18:56:19Z,506
2026-10-09T03:22:21Z,3625,2026-10-09T03:12:13Z,10
2026-10-09T03:22:21Z,3629,2026-10-08T15:13:25Z,728
2026-10-09T03:22:21Z,3630,2026-10-08T20:25:40Z,416
2026-10-09T03:22:21Z,3631,2026-10-08T19:18:41Z,483
2026-10-09T03:22:21Z,3632,2026-10-09T03:08:40Z,13
2026-10-09T03:22:21Z,3633,2026-09-29T17:29:28Z,13552
2026-10-09T03:22:21Z,3638,2026-07-25T13:14:56Z,108847
2026-10-09T03:22:21Z,3639,2026-10-08T18:38:23Z,523
2026-10-09T03:22:21Z,3641,2026-10-08T18:53:35Z,508
2026-10-09T03:22:21Z,3642,2026-10-08T08:14:01Z,1148
2026-10-09T03:22:21Z,3643,2026-10-08T08:39:07Z,1123
2026-10-09T03:22:21Z,3644,2026-07-01T15:55:56Z,143246
2026-10-09T03:22:21Z,3645,2026-10-08T17:10:06Z,612
2026-10-09T03:22:21Z,3646,2026-10-08T21:01:26Z,380
2026-10-09T03:22:21Z,3678,2026-10-08T20:12:42Z,429
2026-10-09T03:22:21Z,3681,2026-10-09T00:09:34Z,192
2026-10-09T03:22:21Z,3682,2026-10-08T15:49:05Z,693
2026-10-09T03:22:21Z,3683,2026-10-08T15:49:03Z,693
2026-10-09T03:22:21Z,3684,2026-10-09T03:15:06Z,7
2026-10-09T03:22:21Z,3685,2026-10-09T01:36:51Z,105
2026-10-09T03:22:21Z,3686,2026-10-09T01:36:53Z,105
2026-10-09T03:22:21Z,3687,2026-10-08T05:28:04Z,1314
2026-10-09T03:22:21Z,3688,2026-10-08T14:04:03Z,798
2026-10-09T03:22:21Z,3690,2026-10-08T15:49:22Z,692
2026-10-09T03:22:21Z,3691,2026-10-08T15:49:03Z,693
2026-10-09T03:22:21Z,3692,2026-10-08T19:09:53Z,492
2026-10-09T03:22:21Z,3693,2026-10-08T15:49:04Z,693
2026-10-09T03:22:21Z,3694,2026-10-09T01:36:53Z,105
2026-10-09T03:22:21Z,3695,2026-10-08T15:49:04Z,693
2026-10-09T03:22:21Z,3696,2026-10-08T15:49:19Z,693
2026-10-09T03:22:21Z,3697,2026-10-09T01:36:53Z,105
2026-10-09T03:22:21Z,3698,2026-10-08T19:10:16Z,492
2026-10-09T03:22:21Z,3699,2026-10-08T15:49:08Z,693
2026-10-09T03:22:21Z,3700,2026-10-09T01:36:52Z,105
2026-10-09T03:22:21Z,3701,2026-10-09T01:36:52Z,105
2026-10-09T03:22:21Z,3702,2026-10-09T01:36:52Z,105
2026-10-09T03:22:21Z,3703,2026-10-08T15:49:07Z,693
2026-10-09T03:22:21Z,3704,2026-10-09T01:36:51Z,105
2026-10-09T03:22:21Z,3706,2026-10-08T20:32:24Z,409
2026-10-09T03:22:21Z,3707,2026-10-08T13:21:45Z,840
2026-10-09T03:22:21Z,3708,2026-10-08T13:21:00Z,841
2026-10-09T03:22:21Z,3709,2026-10-08T13:24:10Z,838
2026-10-09T03:22:21Z,3710,2026-10-08T13:21:02Z,841
2026-10-09T03:22:21Z,3711,2026-10-09T03:14:36Z,7
2026-10-09T03:22:21Z,3712,2026-10-08T20:35:41Z,406
2026-10-09T03:22:21Z,3714,2026-10-08T20:26:14Z,416
2026-10-09T03:22:21Z,3715,2026-10-08T13:21:34Z,840
2026-10-09T03:22:21Z,3716,2026-10-08T21:51:07Z,331
2026-10-09T03:22:21Z,3717,2026-10-08T21:00:54Z,381
2026-10-09T03:22:21Z,3718,2026-10-08T13:40:11Z,822
2026-10-09T03:22:21Z,3719,2026-10-09T00:01:49Z,200
2026-10-09T03:22:21Z,3720,2026-10-08T21:01:01Z,381
2026-10-09T03:22:21Z,3721,2026-10-08T14:56:47Z,745
2026-10-09T03:22:21Z,3723,2026-10-08T20:37:56Z,404
2026-10-09T03:22:21Z,3724,2026-10-09T01:36:53Z,105
2026-10-09T03:22:21Z,3725,2026-10-08T15:49:03Z,693
2026-10-09T03:22:21Z,3726,2026-10-08T15:49:05Z,693
2026-10-09T03:22:21Z,3727,2026-10-09T01:25:04Z,117
2026-10-09T03:22:21Z,3728,2026-10-09T01:36:53Z,105
2026-10-09T03:22:21Z,3729,2026-10-08T15:49:04Z,693
2026-10-09T03:22:21Z,3730,2026-10-09T01:36:53Z,105
2026-10-09T03:22:21Z,3732,2026-10-08T15:49:20Z,693
2026-10-09T03:22:21Z,3733,2026-10-08T15:48:51Z,693
2026-10-09T03:22:21Z,3734,2026-10-09T01:36:53Z,105
2026-10-09T03:22:21Z,3735,2026-10-09T01:36:52Z,105
2026-10-09T03:22:21Z,3736,2026-10-08T15:49:20Z,693
2026-10-09T03:22:21Z,3737,2026-10-08T15:49:06Z,693
2026-10-09T03:22:21Z,3738,2026-10-08T15:49:04Z,693
2026-10-09T03:22:21Z,3739,2026-10-09T01:36:52Z,105
2026-10-09T03:22:21Z,3740,2026-10-09T01:36:51Z,105
2026-10-09T03:22:21Z,3741,2026-09-08T03:30:17Z,44632
2026-10-09T03:22:21Z,3742,2026-10-08T20:24:15Z,418
2026-10-09T03:22:21Z,3743,2026-10-08T15:48:57Z,693
2026-10-09T03:22:21Z,3744,2026-10-09T01:36:51Z,105
2026-10-09T03:22:21Z,3745,2026-10-08T17:04:31Z,617
2026-10-09T03:22:21Z,3746,2026-10-08T15:49:00Z,693
2026-10-09T03:22:21Z,3747,2026-10-08T15:49:04Z,693
2026-10-09T03:22:21Z,3748,2026-10-08T15:49:07Z,693
2026-10-09T03:22:21Z,3749,2026-10-09T01:36:53Z,105
2026-10-09T03:22:21Z,3750,2026-10-08T15:49:07Z,693
2026-10-09T03:22:21Z,3751,2026-10-09T01:36:52Z,105
2026-10-09T03:22:21Z,3752,2026-10-08T15:49:06Z,693
2026-10-09T03:22:21Z,3753,2026-10-08T15:49:06Z,693
2026-10-09T03:22:21Z,3754,2026-10-08T15:49:05Z,693
2026-10-09T03:22:21Z,3755,2026-10-08T15:49:00Z,693
2026-10-09T03:22:21Z,3756,2026-10-09T01:36:52Z,105
2026-10-09T03:22:21Z,3757,2026-10-08T15:49:08Z,693
2026-10-09T03:22:21Z,3758,2026-10-09T01:36:51Z,105
2026-10-09T03:22:21Z,3759,2026-10-08T15:49:08Z,693
2026-10-09T03:22:21Z,3760,2026-10-09T01:36:52Z,105
2026-10-09T03:22:21Z,3762,2026-10-08T15:49:04Z,693
2026-10-09T03:22:21Z,3763,2026-10-08T15:48:58Z,693
2026-10-09T03:22:21Z,3764,2026-10-08T15:49:20Z,693
2026-10-09T03:22:21Z,3765,2026-10-08T15:49:04Z,693
2026-10-09T03:22:21Z,3766,2026-10-09T01:36:53Z,105
2026-10-09T03:22:21Z,3767,2026-10-08T18:31:25Z,530
2026-10-09T03:22:21Z,3768,2026-10-09T01:36:53Z,105
2026-10-09T03:22:21Z,3769,2026-10-08T19:42:44Z,459
2026-10-09T03:22:21Z,3770,2026-10-09T01:36:52Z,105
2026-10-09T03:22:21Z,3771,2026-10-08T15:50:04Z,692
2026-10-09T03:22:21Z,3772,2026-10-08T15:49:05Z,693
2026-10-09T03:22:21Z,3773,2026-10-08T15:49:03Z,693
2026-10-09T03:22:21Z,3774,2026-10-08T15:49:03Z,693
2026-10-09T03:22:21Z,3775,2026-10-08T15:49:05Z,693
2026-10-09T03:22:21Z,3776,2026-10-08T13:53:30Z,808
2026-10-09T03:22:21Z,3777,2026-08-05T05:12:17Z,93490
2026-10-09T03:22:21Z,3778,2026-10-08T15:49:09Z,693
2026-10-09T03:22:21Z,3779,2026-10-08T15:49:09Z,693
2026-10-09T03:22:21Z,3780,2026-10-09T01:36:53Z,105
2026-10-09T03:22:21Z,3781,2026-10-08T15:49:03Z,693
2026-10-09T03:22:21Z,3782,2026-10-08T15:49:01Z,693
2026-10-09T03:22:21Z,3783,2026-10-08T20:54:59Z,387
2026-10-09T03:22:21Z,3784,2026-10-09T01:36:51Z,105
2026-10-09T03:22:21Z,3785,2026-10-09T01:36:51Z,105
2026-10-09T03:22:21Z,3786,2026-10-08T15:49:03Z,693
2026-10-09T03:22:21Z,3787,2026-10-08T15:49:05Z,693
2026-10-09T03:22:21Z,3788,2026-10-08T15:49:01Z,693
2026-10-09T03:22:21Z,3789,2026-10-08T15:49:02Z,693
2026-10-09T03:22:21Z,3790,2026-10-09T01:36:52Z,105
2026-10-09T03:22:21Z,3792,2026-10-08T15:49:05Z,693
2026-10-09T03:22:21Z,3793,2026-10-08T15:49:02Z,693
2026-10-09T03:22:21Z,3794,2026-10-08T15:49:07Z,693
2026-10-09T03:22:21Z,3795,2026-10-08T15:48:58Z,693
2026-10-09T03:22:21Z,3796,2026-10-08T15:49:04Z,693
2026-10-09T03:22:21Z,3797,2026-10-08T15:49:07Z,693
2026-10-09T03:22:21Z,3798,2026-10-08T15:49:04Z,693
2026-10-09T03:22:21Z,3799,2026-10-08T15:49:06Z,693
2026-10-09T03:22:21Z,3800,2026-10-08T15:48:58Z,693
2026-10-09T03:22:21Z,3801,2026-10-08T20:48:28Z,393
2026-10-09T03:22:21Z,3802,2026-10-08T15:49:06Z,693
2026-10-09T03:22:21Z,3803,2026-10-09T01:36:53Z,105
2026-10-09T03:22:21Z,3804,2026-10-08T12:03:17Z,919
2026-10-09T03:22:21Z,3805,2026-10-09T02:12:19Z,70
2026-10-09T03:22:21Z,3806,2026-10-08T15:49:03Z,693
2026-10-09T03:22:21Z,3807,2026-10-08T15:49:03Z,693
2026-10-09T03:22:21Z,3808,2026-10-08T15:48:59Z,693
2026-10-09T03:22:21Z,3809,2026-10-08T15:49:03Z,693
2026-10-09T03:22:21Z,3810,2026-10-08T15:49:01Z,693
2026-10-09T03:22:21Z,3811,2026-10-09T01:36:51Z,105
2026-10-09T03:22:21Z,3812,2026-10-08T16:16:12Z,666
2026-10-09T03:22:21Z,3813,2026-10-08T15:49:02Z,693
2026-10-09T03:22:21Z,3814,2026-10-08T15:49:01Z,693
2026-10-09T03:22:21Z,3815,2026-10-08T18:40:44Z,521
2026-10-09T03:22:21Z,3820,2025-09-01T08:43:33Z,579998
2026-10-09T03:22:21Z,3821,2025-09-01T08:43:06Z,579999
2026-10-09T03:22:21Z,3822,2026-10-02T14:21:22Z,9420
2026-10-09T03:22:21Z,3823,2025-09-01T08:43:04Z,579999
2026-10-09T03:22:21Z,3824,2025-09-01T08:43:16Z,579999
2026-10-09T03:22:21Z,3825,2024-09-03T15:01:56Z,1102340
2026-10-09T03:22:21Z,3827,2026-09-07T13:52:03Z,45450
2026-10-09T03:22:21Z,3829,2026-10-08T09:07:20Z,1095
2026-10-09T03:22:21Z,3831,2026-10-08T15:49:05Z,693
2026-10-09T03:22:21Z,3832,2026-10-08T15:49:03Z,693
2026-10-09T03:22:21Z,3833,2026-10-08T15:49:07Z,693
2026-10-09T03:22:21Z,3834,2026-10-08T19:27:53Z,474
2026-10-09T03:22:21Z,3835,2026-10-08T15:49:07Z,693
2026-10-09T03:22:21Z,3836,2026-10-08T15:49:06Z,693
2026-10-09T03:22:21Z,3837,2026-10-08T15:49:07Z,693
2026-10-09T03:22:21Z,3838,2026-10-08T19:53:35Z,448
2026-10-09T03:22:21Z,3839,2026-10-09T03:05:19Z,17
2026-10-09T03:22:21Z,3840,2026-10-09T03:05:43Z,16
2026-10-09T03:22:21Z,3841,2026-10-09T03:06:24Z,15
2026-10-09T03:22:21Z,3842,2026-10-09T03:05:16Z,17
2026-10-09T03:22:21Z,3843,2026-09-10T12:22:52Z,41219
2026-10-09T03:22:21Z,3844,2026-10-09T03:05:44Z,16
2026-10-09T03:22:21Z,3845,2026-10-08T16:39:35Z,642
2026-10-09T03:22:21Z,3846,2026-10-09T03:03:47Z,18
2026-10-09T03:22:21Z,3847,2026-10-08T15:49:02Z,693
2026-10-09T03:22:21Z,3848,2026-10-08T15:49:03Z,693
2026-10-09T03:22:21Z,3849,2026-10-09T01:36:51Z,105
2026-10-09T03:22:21Z,3850,2026-10-08T20:45:20Z,397
2026-10-09T03:22:21Z,3851,2026-10-09T01:36:51Z,105
2026-10-09T03:22:21Z,3852,2026-10-09T01:36:52Z,105
2026-10-09T03:22:21Z,3853,2026-10-08T16:59:08Z,623
2026-10-09T03:22:21Z,3854,2026-10-08T15:49:03Z,693
2026-10-09T03:22:21Z,3855,2026-10-08T15:49:05Z,693
2026-10-09T03:22:21Z,3856,2026-10-08T15:49:00Z,693
2026-10-09T03:22:21Z,3857,2026-10-08T15:49:02Z,693
2026-10-09T03:22:21Z,3858,2026-10-08T20:56:48Z,385
2026-10-09T03:22:21Z,3859,2026-10-08T15:49:00Z,693
2026-10-09T03:22:21Z,3860,2026-10-08T15:49:00Z,693
2026-10-09T03:22:21Z,3861,2026-10-08T15:49:01Z,693
2026-10-09T03:22:21Z,3862,2026-10-09T01:36:52Z,105
2026-10-09T03:22:21Z,3863,2026-10-08T16:09:01Z,673
2026-10-09T03:22:21Z,3864,2026-10-08T19:10:19Z,492
2026-10-09T03:22:21Z,3865,2026-10-08T15:49:03Z,693
2026-10-09T03:22:21Z,3866,2026-10-09T01:36:53Z,105
2026-10-09T03:22:21Z,3867,2026-10-08T15:49:01Z,693
2026-10-09T03:22:21Z,3868,2026-10-08T15:49:20Z,693
2026-10-09T03:22:21Z,3869,2026-10-09T01:33:17Z,109
2026-10-09T03:22:21Z,3870,2026-10-08T15:49:07Z,693
2026-10-09T03:22:21Z,3871,2026-10-09T01:36:53Z,105
2026-10-09T03:22:21Z,3872,2026-10-08T15:49:06Z,693
2026-10-09T03:22:21Z,3873,2026-10-08T15:49:06Z,693
2026-10-09T03:22:21Z,3874,2026-10-09T01:36:53Z,105
2026-10-09T03:22:21Z,3875,2026-10-08T15:49:02Z,693
2026-10-09T03:22:21Z,3876,2026-10-08T15:49:02Z,693
2026-10-09T03:22:21Z,3877,2026-10-09T01:36:52Z,105
2026-10-09T03:22:21Z,3878,2026-09-25T21:16:47Z,19085
2026-10-09T03:22:21Z,3879,2026-10-09T01:36:51Z,105
2026-10-09T03:22:21Z,3880,2026-10-08T15:49:11Z,693
2026-10-09T03:22:21Z,3881,2026-10-08T15:48:50Z,693
2026-10-09T03:22:21Z,3882,2026-10-05T02:23:32Z,5818
2026-10-09T03:22:21Z,3883,2026-10-08T19:42:31Z,459
2026-10-09T03:22:21Z,3884,2026-09-22T11:44:35Z,23977
2026-10-09T03:22:21Z,3885,2026-10-09T00:49:18Z,153
2026-10-09T03:22:21Z,3886,2026-10-09T01:36:52Z,105
2026-10-09T03:22:21Z,3887,2026-10-08T15:49:07Z,693
2026-10-09T03:22:21Z,3888,2026-10-09T01:36:53Z,105
2026-10-09T03:22:21Z,3889,2026-10-09T01:36:53Z,105
2026-10-09T03:22:21Z,3891,2026-10-08T15:49:09Z,693
2026-10-09T03:22:21Z,3892,2026-10-06T18:48:01Z,3394
2026-10-09T03:22:21Z,3893,2026-10-08T15:49:07Z,693
2026-10-09T03:22:21Z,3894,2026-10-08T15:49:20Z,693
2026-10-09T03:22:21Z,3895,2026-10-08T15:48:58Z,693
2026-10-09T03:22:21Z,3896,2026-10-08T15:49:08Z,693
2026-10-09T03:22:21Z,3897,2026-10-08T15:49:06Z,693
2026-10-09T03:22:21Z,3898,2026-10-09T01:36:52Z,105
2026-10-09T03:22:21Z,3899,2026-10-08T15:49:22Z,692
2026-10-09T03:22:21Z,3900,2026-10-08T15:49:07Z,693
2026-10-09T03:22:21Z,3901,2026-10-08T15:49:02Z,693
2026-10-09T03:22:21Z,3902,2026-10-09T01:36:53Z,105
2026-10-09T03:22:21Z,3903,2026-10-08T19:07:12Z,495
2026-10-09T03:22:21Z,3904,2026-10-08T15:49:07Z,693
2026-10-09T03:22:21Z,3905,2026-10-08T17:33:49Z,588
2026-10-09T03:22:21Z,3906,2026-10-08T15:49:04Z,693
2026-10-09T03:22:21Z,3907,2026-04-16T20:24:32Z,252417
2026-10-09T03:22:21Z,3908,2026-10-09T01:36:51Z,105
2026-10-09T03:22:21Z,3909,2026-10-08T15:49:02Z,693
2026-10-09T03:22:21Z,3910,2026-10-09T01:36:52Z,105
2026-10-09T03:22:21Z,3911,2026-10-08T18:15:49Z,546
2026-10-09T03:22:21Z,3912,2026-10-08T15:49:01Z,693
2026-10-09T03:22:21Z,3913,2026-10-08T15:49:19Z,693
2026-10-09T03:22:21Z,3914,2026-10-08T21:34:46Z,347
2026-10-09T03:22:21Z,3915,2026-10-08T15:48:57Z,693
2026-10-09T03:22:21Z,3916,2026-10-08T15:49:02Z,693
2026-10-09T03:22:21Z,3917,2026-10-09T01:36:51Z,105
2026-10-09T03:22:21Z,3918,2025-09-23T08:51:00Z,548311
2026-10-09T03:22:21Z,3919,2026-10-08T15:48:58Z,693
2026-10-09T03:22:21Z,3920,2026-10-09T01:36:52Z,105
2026-10-09T03:22:21Z,3921,2026-10-09T01:36:51Z,105
2026-10-09T03:22:21Z,3922,2026-10-09T01:36:52Z,105
2026-10-09T03:22:21Z,3923,2026-10-09T01:36:51Z,105
2026-10-09T03:22:21Z,3924,2026-10-08T15:49:03Z,693
2026-10-09T03:22:21Z,3925,2026-10-09T01:36:53Z,105
2026-10-09T03:22:21Z,3926,2026-10-09T01:36:51Z,105
2026-10-09T03:22:21Z,3927,2026-10-09T01:36:53Z,105
2026-10-09T03:22:21Z,3928,2026-10-08T15:48:58Z,693
2026-10-09T03:22:21Z,3929,2026-10-06T22:32:18Z,3170
2026-10-09T03:22:21Z,3930,2026-10-08T21:48:47Z,333
2026-10-09T03:22:21Z,3931,2026-10-08T15:49:06Z,693
2026-10-09T03:22:21Z,3932,2026-10-08T19:37:15Z,465
2026-10-09T03:22:21Z,3933,2026-10-09T01:36:51Z,105
2026-10-09T03:22:21Z,3934,2026-10-08T17:42:14Z,580
2026-10-09T03:22:21Z,3935,2026-10-09T01:36:51Z,105
2026-10-09T03:22:21Z,3936,2026-10-09T01:36:53Z,105
2026-10-09T03:22:21Z,3937,2026-10-08T15:49:05Z,693
2026-10-09T03:22:21Z,3938,2026-10-09T01:36:51Z,105
2026-10-09T03:22:21Z,3939,2026-10-08T15:48:57Z,693
2026-10-09T03:22:21Z,3940,2026-10-08T15:48:51Z,693
2026-10-09T03:22:21Z,3941,2026-10-09T01:36:52Z,105
2026-10-09T03:22:21Z,3942,2026-10-08T15:49:20Z,693
2026-10-09T03:22:21Z,3943,2026-10-08T15:49:08Z,693
2026-10-09T03:22:21Z,3944,2026-10-08T15:48:58Z,693
2026-10-09T03:22:21Z,3946,2026-10-08T16:09:51Z,672
2026-10-09T03:22:21Z,3947,2026-10-08T16:09:46Z,672
2026-10-09T03:22:21Z,3948,2026-10-08T15:49:02Z,693
2026-10-09T03:22:21Z,3949,2026-10-08T15:48:50Z,693
2026-10-09T03:22:21Z,3950,2026-10-09T01:36:53Z,105
2026-10-09T03:22:21Z,3951,2026-10-09T01:36:53Z,105
2026-10-09T03:22:21Z,3952,2026-10-08T15:49:06Z,693
2026-10-09T03:22:21Z,3953,2026-10-08T15:49:11Z,693
2026-10-09T03:22:21Z,3954,2026-10-08T15:49:04Z,693
2026-10-09T03:22:21Z,3955,2026-10-08T15:49:00Z,693
2026-10-09T03:22:21Z,3956,2026-10-08T15:49:16Z,693
2026-10-09T03:22:21Z,3957,2026-10-08T15:48:57Z,693
2026-10-09T03:22:21Z,3958,2026-10-08T15:49:03Z,693
2026-10-09T03:22:21Z,3959,2026-10-08T18:13:47Z,548
2026-10-09T03:22:21Z,3960,2026-10-08T15:49:04Z,693
2026-10-09T03:22:21Z,3961,2026-10-08T15:49:02Z,693
2026-10-09T03:22:21Z,3962,2026-10-08T15:49:00Z,693
2026-10-09T03:22:21Z,3963,2025-11-13T05:31:37Z,475070
2026-10-09T03:22:21Z,3964,2026-10-08T15:49:01Z,693
2026-10-09T03:22:21Z,3965,2026-10-02T22:15:32Z,8946
2026-10-09T03:22:21Z,3966,2026-10-09T01:36:52Z,105
2026-10-09T03:22:21Z,3967,2026-10-08T15:49:01Z,693
2026-10-09T03:22:21Z,3968,2026-10-08T15:49:02Z,693
2026-10-09T03:22:21Z,3969,2026-10-08T15:48:50Z,693
2026-10-09T03:22:21Z,3970,2026-10-08T15:49:30Z,692
2026-10-09T03:22:21Z,3971,2026-10-09T01:27:48Z,114
2026-10-09T03:22:21Z,3974,2026-10-08T15:49:01Z,693
2026-10-09T03:22:21Z,3975,2026-10-08T15:48:52Z,693
2026-10-09T03:22:21Z,3976,2026-10-08T15:48:50Z,693
2026-10-09T03:22:21Z,3977,2026-10-08T15:49:02Z,693
2026-10-09T03:22:21Z,3978,2026-10-09T01:36:51Z,105
2026-10-09T03:22:21Z,3979,2026-10-08T15:49:05Z,693
2026-10-09T03:22:21Z,3980,2026-10-09T01:36:53Z,105
2026-10-09T03:22:21Z,3986,2026-10-08T20:19:13Z,423
2026-10-09T03:22:21Z,3987,2026-10-08T21:01:11Z,381
2026-10-09T03:22:21Z,3988,2026-10-08T07:58:58Z,1163
2026-10-09T03:22:21Z,3989,2026-10-08T21:28:41Z,353
2026-10-09T03:22:21Z,3990,2026-10-08T16:57:59Z,624
2026-10-09T03:22:21Z,3991,2026-10-08T15:49:05Z,693
2026-10-09T03:22:21Z,3992,2026-10-08T18:52:45Z,509
2026-10-09T03:22:21Z,3993,2026-10-08T15:49:02Z,693
2026-10-09T03:22:21Z,3994,2025-12-01T16:51:17Z,448471
2026-10-09T03:22:21Z,3995,2026-03-13T20:54:47Z,301347
2026-10-09T03:22:21Z,3996,2026-10-08T19:10:20Z,492
2026-10-09T03:22:21Z,3997,2026-10-09T01:13:59Z,128
2026-10-09T03:22:21Z,3998,2026-10-08T21:36:27Z,345
2026-10-09T03:22:21Z,3999,2026-10-08T21:01:11Z,381
2026-10-09T03:22:21Z,4000,2026-10-08T08:18:21Z,1144
2026-10-09T03:22:21Z,4001,2026-10-09T01:36:51Z,105
2026-10-09T03:22:21Z,4002,2026-10-08T15:48:58Z,693
2026-10-09T03:22:21Z,4003,2026-10-08T15:49:01Z,693
2026-10-09T03:22:21Z,4004,2026-10-08T15:49:03Z,693
2026-10-09T03:22:21Z,4005,2026-10-08T15:49:00Z,693
2026-10-09T03:22:21Z,4006,2026-10-08T15:49:08Z,693
2026-10-09T03:22:21Z,4007,2026-10-08T15:49:06Z,693
2026-10-09T03:22:21Z,4008,2026-10-08T19:27:18Z,475
2026-10-09T03:22:21Z,4009,2026-10-08T19:40:40Z,461
2026-10-09T03:22:21Z,4010,2026-10-08T21:14:36Z,367
2026-10-09T03:22:21Z,4011,2026-10-08T21:14:36Z,367
2026-10-09T03:22:21Z,4012,2026-10-08T21:14:36Z,367
2026-10-09T03:22:21Z,4013,2026-10-08T15:49:02Z,693
2026-10-09T03:22:21Z,4014,2026-10-08T15:48:51Z,693
2026-10-09T03:22:21Z,4015,2026-10-08T15:49:06Z,693
2026-10-09T03:22:21Z,4017,2026-10-08T15:49:02Z,693
2026-10-09T03:22:21Z,4018,2026-10-08T15:49:08Z,693
2026-10-09T03:22:21Z,4019,2026-10-09T01:36:52Z,105
2026-10-09T03:22:21Z,4020,2026-10-08T15:49:02Z,693
2026-10-09T03:22:21Z,4021,2026-10-08T15:49:02Z,693
2026-10-09T03:22:21Z,4022,2026-10-08T15:49:01Z,693
2026-10-09T03:22:21Z,4023,2026-10-09T01:36:53Z,105
2026-10-09T03:22:21Z,4024,2025-09-23T08:50:51Z,548311
2026-10-09T03:22:21Z,4025,2026-10-08T15:49:01Z,693
2026-10-09T03:22:21Z,4026,2026-10-09T01:36:52Z,105
2026-10-09T03:22:21Z,4027,2026-10-08T15:49:05Z,693
2026-10-09T03:22:21Z,4028,2026-10-08T15:49:02Z,693
2026-10-09T03:22:21Z,4029,2026-10-08T15:49:08Z,693
2026-10-09T03:22:21Z,4030,2026-10-08T15:49:02Z,693
2026-10-09T03:22:21Z,4031,2026-10-08T15:48:57Z,693
2026-10-09T03:22:21Z,4032,2026-10-08T15:49:19Z,693
2026-10-09T03:22:21Z,4033,2026-10-08T15:48:57Z,693
2026-10-09T03:22:21Z,4034,2026-10-08T15:48:59Z,693
2026-10-09T03:22:21Z,4035,2026-10-08T15:49:07Z,693
2026-10-09T03:22:21Z,4036,2026-10-08T15:49:07Z,693
2026-10-09T03:22:21Z,4037,2026-10-09T01:36:52Z,105
2026-10-09T03:22:21Z,4038,2026-10-08T11:12:59Z,969
2026-10-09T03:22:21Z,4039,2026-10-09T01:36:53Z,105
2026-10-09T03:22:21Z,4040,2026-10-08T18:59:14Z,503
2026-10-09T03:22:21Z,4041,2026-09-30T21:46:11Z,11856
2026-10-09T03:22:21Z,4042,2026-10-07T04:25:12Z,2817
2026-10-09T03:22:21Z,4043,2026-10-09T01:36:51Z,105
2026-10-09T03:22:21Z,4044,2026-10-08T15:49:02Z,693
2026-10-09T03:22:21Z,4045,2026-10-08T15:49:19Z,693
2026-10-09T03:22:21Z,4046,2026-10-08T15:49:19Z,693
2026-10-09T03:22:21Z,4047,2026-10-08T15:49:20Z,693
2026-10-09T03:22:21Z,4048,2026-10-08T15:49:05Z,693
2026-10-09T03:22:21Z,4049,2026-10-08T15:48:58Z,693
2026-10-09T03:22:21Z,4050,2026-10-08T15:48:50Z,693
2026-10-09T03:22:21Z,4051,2026-10-08T15:48:51Z,693
2026-10-09T03:22:21Z,4052,2026-10-08T15:48:51Z,693
2026-10-09T03:22:21Z,4053,2026-10-09T01:36:52Z,105
2026-10-09T03:22:21Z,4054,2026-10-08T15:49:00Z,693
2026-10-09T03:22:21Z,4055,2026-10-08T15:49:00Z,693
2026-10-09T03:22:21Z,4056,2026-10-09T01:36:52Z,105
2026-10-09T03:22:21Z,4057,2026-10-08T15:49:06Z,693
2026-10-09T03:22:21Z,4058,2026-10-08T15:49:05Z,693
2026-10-09T03:22:21Z,4059,2026-10-08T15:49:07Z,693
2026-10-09T03:22:21Z,4060,2026-10-09T01:36:53Z,105
2026-10-09T03:22:21Z,4061,2026-10-08T15:49:01Z,693
2026-10-09T03:22:21Z,4062,2026-10-09T01:36:52Z,105
2026-10-09T03:22:21Z,4063,2026-10-08T15:49:05Z,693
2026-10-09T03:22:21Z,4064,2026-10-08T15:49:05Z,693
2026-10-09T03:22:21Z,4065,2026-10-08T17:56:55Z,565
2026-10-09T03:22:21Z,4066,2026-10-09T01:36:51Z,105
2026-10-09T03:22:21Z,4067,2026-10-08T15:48:52Z,693
2026-10-09T03:22:21Z,4068,2026-10-08T15:49:02Z,693
2026-10-09T03:22:21Z,4069,2026-10-08T17:47:00Z,575
2026-10-09T03:22:21Z,4070,2026-10-09T01:36:52Z,105
2026-10-09T03:22:21Z,4071,2026-10-08T19:05:41Z,496
2026-10-09T03:22:21Z,4072,2026-10-09T01:36:51Z,105
2026-10-09T03:22:21Z,4073,2026-10-09T01:36:51Z,105
2026-10-09T03:22:21Z,4074,2026-10-08T21:15:45Z,366
2026-10-09T03:22:21Z,4075,2026-10-09T01:36:53Z,105
2026-10-09T03:22:21Z,4076,2026-10-09T01:36:51Z,105
2026-10-09T03:22:21Z,4077,2026-10-08T17:02:44Z,619
2026-10-09T03:22:21Z,4078,2026-03-11T13:51:24Z,304650
2026-10-09T03:22:21Z,4079,2026-10-08T15:49:21Z,693
2026-10-09T03:22:21Z,4080,2026-10-08T21:37:00Z,345
2026-10-09T03:22:21Z,4081,2026-10-08T11:15:21Z,967
2026-10-09T03:22:21Z,4082,2026-10-08T19:02:00Z,500
2026-10-09T03:22:21Z,4083,2026-10-08T12:55:44Z,866
2026-10-09T03:22:21Z,4084,2026-10-08T18:12:32Z,549
2026-10-09T03:22:21Z,4085,2026-10-09T01:36:52Z,105
2026-10-09T03:22:21Z,4086,2026-10-08T19:25:08Z,477
2026-10-09T03:22:21Z,4087,2026-10-08T21:00:57Z,381
2026-10-09T03:22:21Z,4088,2026-10-09T01:08:39Z,133
2026-10-09T03:22:21Z,4089,2026-10-08T19:00:39Z,501
2026-10-09T03:22:21Z,4090,2026-10-08T17:41:10Z,581
2026-10-09T03:22:21Z,4091,2026-09-25T08:15:17Z,19867
2026-10-09T03:22:21Z,4092,2026-10-08T21:00:55Z,381
2026-10-09T03:22:21Z,4093,2026-10-09T01:36:52Z,105
2026-10-09T03:22:21Z,4094,2026-10-06T11:36:28Z,3825
2026-10-09T03:22:21Z,4095,2026-08-18T06:34:04Z,74688
2026-10-09T03:22:21Z,4096,2026-08-18T06:02:25Z,74719
2026-10-09T03:22:21Z,4097,2026-08-18T06:46:24Z,74675
2026-10-09T03:22:21Z,4099,2026-10-08T15:49:02Z,693
2026-10-09T03:22:21Z,4100,2026-10-08T15:55:30Z,686
2026-10-09T03:22:21Z,4101,2026-10-08T15:49:08Z,693
2026-10-09T03:22:21Z,4102,2026-10-08T15:49:05Z,693
2026-10-09T03:22:21Z,4103,2026-10-08T15:49:07Z,693
2026-10-09T03:22:21Z,4104,2026-10-08T15:49:22Z,692
2026-10-09T03:22:21Z,4105,2026-10-08T23:36:25Z,225
2026-10-09T03:22:21Z,4106,2026-10-09T01:36:53Z,105
2026-10-09T03:22:21Z,4108,2026-10-08T15:48:59Z,693
2026-10-09T03:22:21Z,4109,2026-10-09T01:36:53Z,105
2026-10-09T03:22:21Z,4110,2026-04-14T12:24:37Z,255777
2026-10-09T03:22:21Z,4111,2026-10-08T19:37:38Z,464
2026-10-09T03:22:21Z,4113,2026-03-06T07:58:24Z,312203
2026-10-09T03:22:21Z,4114,2026-10-09T01:36:52Z,105
2026-10-09T03:22:21Z,4115,2026-10-09T01:36:52Z,105
2026-10-09T03:22:21Z,4117,2026-10-08T15:49:11Z,693
2026-10-09T03:22:21Z,4118,2026-10-09T01:36:51Z,105
2026-10-09T03:22:21Z,4119,2026-10-09T01:36:53Z,105
2026-10-09T03:22:21Z,4121,2026-10-08T22:25:04Z,297
2026-10-09T03:22:21Z,4122,2026-10-08T19:03:10Z,499
2026-10-09T03:22:21Z,4123,2026-10-08T20:00:41Z,441
2026-10-09T03:22:21Z,4124,2026-10-08T19:30:37Z,471
2026-10-09T03:22:21Z,4125,2026-10-08T19:55:05Z,447
2026-10-09T03:22:21Z,4126,2026-10-08T19:05:32Z,496
2026-10-09T03:22:21Z,4127,2026-10-08T19:00:07Z,502
2026-10-09T03:22:21Z,4128,2026-10-07T18:42:14Z,1960
2026-10-09T03:22:21Z,4129,2026-10-08T18:44:36Z,517
2026-10-09T03:22:21Z,4130,2026-10-08T20:39:27Z,402
2026-10-09T03:22:21Z,4131,2026-10-08T21:46:39Z,335
2026-10-09T03:22:21Z,4132,2026-10-08T19:23:42Z,478
2026-10-09T03:22:21Z,4133,2026-10-08T19:16:00Z,486
2026-10-09T03:22:21Z,4134,2026-10-09T03:15:06Z,7
2026-10-09T03:22:21Z,4136,2026-10-08T13:36:26Z,825
2026-10-09T03:22:21Z,4137,2026-10-08T16:24:40Z,657
2026-10-09T03:22:21Z,4138,2026-10-08T15:49:01Z,693
2026-10-09T03:22:21Z,4141,2026-10-09T00:42:35Z,159
2026-10-09T03:22:21Z,4142,2026-10-08T15:30:30Z,711
2026-10-09T03:22:21Z,4145,2026-10-08T19:10:22Z,491
2026-10-09T03:22:21Z,4146,2026-10-08T21:00:43Z,381
2026-10-09T03:22:21Z,4147,2026-10-09T01:36:52Z,105
2026-10-09T03:22:21Z,4148,2026-10-08T15:49:03Z,693
2026-10-09T03:22:21Z,4149,2026-10-08T15:49:03Z,693
2026-10-09T03:22:21Z,4150,2026-10-08T15:49:06Z,693
2026-10-09T03:22:21Z,4151,2026-10-08T15:49:07Z,693
2026-10-09T03:22:21Z,4152,2026-10-08T15:48:58Z,693
2026-10-09T03:22:21Z,4153,2026-10-09T03:04:43Z,17
2026-10-09T03:22:21Z,4155,2026-10-08T23:11:40Z,250
2026-10-09T03:22:21Z,4156,2026-10-08T16:47:12Z,635
2026-10-09T03:22:21Z,4157,2026-10-09T01:35:58Z,106
2026-10-09T03:22:21Z,4158,2026-10-08T21:36:32Z,345
2026-10-09T03:22:21Z,4159,2026-10-08T21:36:29Z,345
2026-10-09T03:22:21Z,4160,2026-10-08T23:01:05Z,261
2026-10-09T03:22:21Z,4161,2026-10-08T19:10:22Z,491
2026-10-09T03:22:21Z,4162,2026-10-08T17:51:03Z,571
2026-10-09T03:22:21Z,4163,2026-10-08T23:07:20Z,255
2026-10-09T03:22:21Z,4165,2026-10-09T01:26:11Z,116
2026-10-09T03:22:21Z,4166,2026-10-08T17:40:02Z,582
2026-10-09T03:22:21Z,4167,2026-10-08T14:37:07Z,765
2026-10-09T03:22:21Z,4168,2026-10-08T19:10:22Z,491
2026-10-09T03:22:21Z,4169,2026-10-08T15:49:54Z,692
2026-10-09T03:22:21Z,4170,2026-10-08T15:48:57Z,693
2026-10-09T03:22:21Z,4171,2026-10-08T15:39:21Z,703
2026-10-09T03:22:21Z,4172,2026-10-09T01:36:51Z,105
2026-10-09T03:22:21Z,4173,2026-10-09T02:39:26Z,42
2026-10-09T03:22:21Z,4174,2026-10-08T15:49:02Z,693
2026-10-09T03:22:21Z,4175,2026-10-09T01:36:53Z,105
2026-10-09T03:22:21Z,4176,2026-10-08T15:49:04Z,693
2026-10-09T03:22:21Z,4177,2026-10-08T15:49:02Z,693
2026-10-09T03:22:21Z,4178,2026-10-09T01:36:51Z,105
2026-10-09T03:22:21Z,4179,2026-10-09T01:36:51Z,105
2026-10-09T03:22:21Z,4180,2026-10-08T15:48:57Z,693
2026-10-09T03:22:21Z,4181,2026-10-08T15:48:57Z,693
2026-10-09T03:22:21Z,4182,2026-10-08T15:49:11Z,693
2026-10-09T03:22:21Z,4183,2026-10-09T01:36:52Z,105
2026-10-09T03:22:21Z,4184,2026-10-08T15:48:58Z,693
2026-10-09T03:22:21Z,4185,2026-10-08T15:48:59Z,693
2026-10-09T03:22:21Z,4186,2026-10-09T01:36:53Z,105
2026-10-09T03:22:21Z,4187,2026-10-08T15:48:58Z,693
2026-10-09T03:22:21Z,4188,2026-10-09T01:36:53Z,105
2026-10-09T03:22:21Z,4189,2026-10-09T01:36:52Z,105
2026-10-09T03:22:21Z,4190,2026-10-08T15:48:58Z,693
2026-10-09T03:22:21Z,4191,2026-10-08T15:48:58Z,693
2026-10-09T03:22:21Z,4192,2026-08-26T02:53:10Z,63389
2026-10-09T03:22:21Z,4193,2026-08-25T03:01:06Z,64821
2026-10-09T03:22:21Z,4194,2026-10-09T01:36:53Z,105
2026-10-09T03:22:21Z,4195,2026-10-09T01:36:51Z,105
2026-10-09T03:22:21Z,4196,2026-10-08T15:49:17Z,693
2026-10-09T03:22:21Z,4197,2026-10-04T00:04:44Z,7397
2026-10-09T03:22:21Z,4198,2026-10-08T15:49:16Z,693
2026-10-09T03:22:21Z,4199,2026-10-09T01:36:51Z,105
2026-10-09T03:22:21Z,4200,2026-07-02T01:31:27Z,142670
2026-10-09T03:22:21Z,4201,2026-10-08T15:48:58Z,693
2026-10-09T03:22:21Z,4202,2026-10-09T01:36:52Z,105
2026-10-09T03:22:21Z,4203,2026-10-08T15:48:59Z,693
2026-10-09T03:22:21Z,4204,2026-10-08T15:48:59Z,693
2026-10-09T03:22:21Z,4205,2026-10-08T15:50:43Z,691
2026-10-09T03:22:21Z,4206,2026-10-08T18:52:22Z,509
2026-10-09T03:22:21Z,4207,2026-10-08T15:48:57Z,693
2026-10-09T03:22:21Z,4208,2026-10-09T01:36:52Z,105
2026-10-09T03:22:21Z,4209,2026-10-08T15:48:57Z,693
2026-10-09T03:22:21Z,4210,2026-10-08T15:48:59Z,693
2026-10-09T03:22:21Z,4211,2026-10-08T15:50:03Z,692
2026-10-09T03:22:21Z,4212,2026-10-09T01:36:52Z,105
2026-10-09T03:22:21Z,4213,2026-10-08T15:48:57Z,693
2026-10-09T03:22:21Z,4214,2026-10-08T19:43:07Z,459
2026-10-09T03:22:21Z,4216,2026-10-09T01:36:53Z,105
2026-10-09T03:22:21Z,4217,2026-10-08T15:48:59Z,693
2026-10-09T03:22:21Z,4218,2026-10-09T02:56:01Z,26
2026-10-09T03:22:21Z,4220,2026-10-09T01:36:53Z,105
2026-10-09T03:22:21Z,4221,2026-10-08T15:48:57Z,693
2026-10-09T03:22:21Z,4222,2026-10-08T15:48:58Z,693
2026-10-09T03:22:21Z,4223,2026-10-08T15:48:59Z,693
2026-10-09T03:22:21Z,4224,2026-10-08T15:48:57Z,693
2026-10-09T03:22:21Z,4225,2026-10-08T15:48:57Z,693
2026-10-09T03:22:21Z,4231,2026-10-08T15:49:08Z,693
2026-10-09T03:22:21Z,4233,2026-10-09T03:15:03Z,7
2026-10-09T03:22:21Z,4234,2026-10-09T01:36:52Z,105
2026-10-09T03:22:21Z,4235,2026-10-08T15:49:21Z,693
2026-10-09T03:22:21Z,4236,2026-10-08T13:55:00Z,807
2026-10-09T03:22:21Z,4237,2026-10-08T21:01:13Z,381
2026-10-09T03:22:21Z,4238,2026-10-08T19:25:50Z,476
2026-10-09T03:22:21Z,4239,2026-10-09T01:36:53Z,105
2026-10-09T03:22:21Z,4240,2026-10-09T01:30:54Z,111
2026-10-09T03:22:21Z,4241,2026-08-19T05:17:18Z,73325
2026-10-09T03:22:21Z,4242,2026-10-08T03:37:27Z,1424
2026-10-09T03:22:21Z,4243,2026-10-08T15:48:58Z,693
2026-10-09T03:22:21Z,4244,2026-10-08T15:48:59Z,693
2026-10-09T03:22:21Z,4245,2025-09-09T08:04:42Z,568517
2026-10-09T03:22:21Z,4246,2026-10-08T05:27:12Z,1315
2026-10-09T03:22:21Z,4247,2026-10-09T01:36:52Z,105
2026-10-09T03:22:21Z,4248,2026-10-08T15:48:57Z,693
2026-10-09T03:22:21Z,4249,2026-10-08T15:48:59Z,693
2026-10-09T03:22:21Z,4250,2026-10-08T18:20:50Z,541
2026-10-09T03:22:21Z,4251,2026-10-08T15:48:58Z,693
2026-10-09T03:22:21Z,4252,2026-10-08T15:48:58Z,693
2026-10-09T03:22:21Z,4253,2026-10-08T15:48:58Z,693
2026-10-09T03:22:21Z,4254,2026-10-08T15:48:58Z,693
2026-10-09T03:22:21Z,4255,2025-09-09T08:04:42Z,568517
2026-10-09T03:22:21Z,4256,2025-09-09T08:04:42Z,568517
2026-10-09T03:22:21Z,4257,2025-09-09T08:04:42Z,568517
2026-10-09T03:22:21Z,4258,2026-10-09T01:36:52Z,105
2026-10-09T03:22:21Z,4259,2026-10-09T01:36:51Z,105
2026-10-09T03:22:21Z,4260,2026-10-08T20:45:47Z,396
2026-10-09T03:22:21Z,4261,2026-10-08T21:01:19Z,381
2026-10-09T03:22:21Z,4262,2026-10-09T01:36:53Z,105
2026-10-09T03:22:21Z,4263,2026-10-08T15:48:57Z,693
2026-10-09T03:22:21Z,4264,2026-10-09T01:36:52Z,105
2026-10-09T03:22:21Z,4265,2026-10-08T15:49:16Z,693
2026-10-09T03:22:21Z,4266,2026-10-08T15:48:57Z,693
2026-10-09T03:22:21Z,4267,2026-09-23T06:04:27Z,22877
2026-10-09T03:22:21Z,4268,2026-10-08T21:00:51Z,381
2026-10-09T03:22:21Z,4270,2026-10-08T15:48:57Z,693
2026-10-09T03:22:21Z,4271,2026-10-08T15:48:57Z,693
2026-10-09T03:22:21Z,4272,2026-10-08T15:48:57Z,693
2026-10-09T03:22:21Z,4273,2026-10-09T01:36:52Z,105
2026-10-09T03:22:21Z,4274,2026-10-08T16:48:19Z,634
2026-10-09T03:22:21Z,4275,2026-10-08T17:05:51Z,616
2026-10-09T03:22:21Z,4277,2026-10-08T14:21:40Z,780
2026-10-09T03:22:21Z,4278,2026-10-09T03:09:05Z,13
2026-10-09T03:22:21Z,4279,2026-10-08T18:03:42Z,558
2026-10-09T03:22:21Z,4280,2026-10-08T18:32:56Z,529
2026-10-09T03:22:21Z,4281,2026-10-09T00:02:36Z,199
2026-10-09T03:22:21Z,4282,2026-10-08T17:32:51Z,589
2026-10-09T03:22:21Z,4283,2026-10-09T03:05:46Z,16
2026-10-09T03:22:21Z,4284,2026-10-08T09:38:55Z,1063
2026-10-09T03:22:21Z,4285,2026-10-08T17:11:31Z,610
2026-10-09T03:22:21Z,4286,2026-10-08T17:33:56Z,588
2026-10-09T03:22:21Z,4287,2026-10-08T15:48:59Z,693
2026-10-09T03:22:21Z,4288,2026-10-08T15:48:58Z,693
2026-10-09T03:22:21Z,4289,2026-10-08T15:48:58Z,693
2026-10-09T03:22:21Z,4290,2026-10-08T15:48:58Z,693
2026-10-09T03:22:21Z,4291,2025-09-09T08:04:42Z,568517
2026-10-09T03:22:21Z,4292,2026-10-09T01:36:52Z,105
2026-10-09T03:22:21Z,4293,2026-10-09T01:36:52Z,105
2026-10-09T03:22:21Z,4294,2026-10-08T23:49:25Z,212
2026-10-09T03:22:21Z,4295,2026-08-12T02:28:09Z,83574
2026-10-09T03:22:21Z,4296,2026-10-09T01:36:51Z,105
2026-10-09T03:22:21Z,4297,2026-10-08T15:49:04Z,693
2026-10-09T03:22:21Z,4298,2026-10-08T15:52:01Z,690
2026-10-09T03:22:21Z,4299,2026-10-08T15:48:58Z,693
2026-10-09T03:22:21Z,4300,2026-10-09T01:36:51Z,105
2026-10-09T03:22:21Z,4301,2026-10-09T01:36:52Z,105
2026-10-09T03:22:21Z,4302,2026-10-08T15:48:57Z,693
2026-10-09T03:22:21Z,4303,2026-10-08T19:22:05Z,480
2026-10-09T03:22:21Z,4304,2026-10-08T09:23:22Z,1078
2026-10-09T03:22:21Z,4305,2026-10-09T01:36:51Z,105
2026-10-09T03:22:21Z,4306,2026-10-08T15:49:02Z,693
2026-10-09T03:22:21Z,4307,2026-10-08T15:49:01Z,693
2026-10-09T03:22:21Z,4308,2026-10-08T15:49:43Z,692
2026-10-09T03:22:21Z,4309,2026-10-06T04:29:22Z,4252
2026-10-09T03:22:21Z,4310,2026-10-09T01:36:52Z,105
2026-10-09T03:22:21Z,4311,2026-10-08T13:56:46Z,805
2026-10-09T03:22:21Z,4312,2026-10-08T13:56:47Z,805
2026-10-09T03:22:21Z,4313,2026-10-08T13:56:48Z,805
2026-10-09T03:22:21Z,4315,2026-10-09T02:41:34Z,40
2026-10-09T03:22:21Z,4316,2026-10-09T01:26:12Z,116
2026-10-09T03:22:21Z,4317,2026-10-08T23:22:23Z,239
2026-10-09T03:22:21Z,4318,2026-09-29T10:14:55Z,13987
2026-10-09T03:22:21Z,4319,2026-10-08T22:24:24Z,297
2026-10-09T03:22:21Z,4320,2026-10-08T21:00:54Z,381
2026-10-09T03:22:21Z,4321,2026-10-08T15:09:51Z,732
2026-10-09T03:22:21Z,4322,2026-08-27T10:04:36Z,61517
2026-10-09T03:22:21Z,4323,2026-10-09T01:24:50Z,117
2026-10-09T03:22:21Z,4324,2026-10-08T19:10:31Z,491
2026-10-09T03:22:21Z,4326,2026-09-29T08:57:14Z,14065
2026-10-09T03:22:21Z,4327,2026-10-08T15:48:58Z,693
2026-10-09T03:22:21Z,4328,2026-10-08T19:10:33Z,491
2026-10-09T03:22:21Z,4331,2026-10-08T13:18:54Z,843
2026-10-09T03:22:21Z,4332,2026-10-08T21:54:52Z,327
2026-10-09T03:22:21Z,4333,2026-10-08T19:10:35Z,491
2026-10-09T03:22:21Z,4334,2026-10-08T13:37:31Z,824
2026-10-09T03:22:21Z,4335,2025-09-23T08:51:12Z,548311
2026-10-09T03:22:21Z,4336,2026-10-08T15:49:16Z,693
2026-10-09T03:22:21Z,4337,2026-10-08T15:48:58Z,693
2026-10-09T03:22:21Z,4338,2026-10-08T15:49:07Z,693
2026-10-09T03:22:21Z,4339,2026-10-09T00:59:13Z,143
2026-10-09T03:22:21Z,4340,2026-10-08T19:10:35Z,491
2026-10-09T03:22:21Z,4341,2026-10-08T19:10:35Z,491
2026-10-09T03:22:21Z,4342,2026-10-08T19:10:36Z,491
2026-10-09T03:22:21Z,4343,2026-10-08T19:10:36Z,491
2026-10-09T03:22:21Z,4344,2026-10-08T19:10:36Z,491
2026-10-09T03:22:21Z,4345,2026-10-08T19:10:36Z,491
2026-10-09T03:22:21Z,4346,2026-10-09T00:52:27Z,149
2026-10-09T03:22:21Z,4347,2026-10-08T19:10:37Z,491
2026-10-09T03:22:21Z,4348,2026-10-08T19:10:37Z,491
2026-10-09T03:22:21Z,4349,2026-10-09T03:15:06Z,7
2026-10-09T03:22:21Z,4352,2026-10-09T01:26:54Z,115
2026-10-09T03:22:21Z,4353,2026-10-09T00:22:49Z,179
2026-10-09T03:22:21Z,4354,2026-10-08T19:10:38Z,491
2026-10-09T03:22:21Z,4355,2026-10-09T01:43:21Z,99
2026-10-09T03:22:21Z,4360,2026-10-08T19:10:40Z,491
2026-10-09T03:22:21Z,4363,2026-10-08T13:58:14Z,804
2026-10-09T03:22:21Z,4366,2026-10-08T21:00:58Z,381
2026-10-09T03:22:21Z,4367,2026-10-09T01:02:55Z,139
2026-10-09T03:22:21Z,4368,2026-10-08T19:10:42Z,491
2026-10-09T03:22:21Z,4369,2026-10-08T19:10:42Z,491
2026-10-09T03:22:21Z,4370,2026-10-08T19:10:42Z,491
2026-10-09T03:22:21Z,4373,2026-10-08T15:50:13Z,692
2026-10-09T03:22:21Z,4374,2026-10-09T01:02:55Z,139
2026-10-09T03:22:21Z,4375,2026-10-08T19:10:42Z,491
2026-10-09T03:22:21Z,4376,2026-10-08T19:02:09Z,500
2026-10-09T03:22:21Z,4377,2026-10-08T13:31:08Z,831
2026-10-09T03:22:21Z,4378,2026-10-08T17:53:56Z,568
2026-10-09T03:22:21Z,4379,2026-10-08T19:10:43Z,491
2026-10-09T03:22:21Z,4380,2026-10-09T00:52:44Z,149
2026-10-09T03:22:21Z,4382,2026-10-08T16:19:16Z,663
2026-10-09T03:22:21Z,4383,2026-10-08T21:01:26Z,380
2026-10-09T03:22:21Z,4571,2026-10-09T01:26:14Z,116
2026-10-09T03:22:21Z,4572,2026-10-08T15:49:08Z,693
2026-10-09T03:22:21Z,4574,2026-10-08T19:10:45Z,491
2026-10-09T03:22:21Z,4575,2024-10-07T08:55:34Z,1053746
2026-10-09T03:22:21Z,4577,2026-10-09T00:14:54Z,187
2026-10-09T03:22:21Z,4578,2026-10-09T03:15:06Z,7
2026-10-09T03:22:21Z,4579,2026-10-08T19:10:45Z,491
2026-10-09T03:22:21Z,4580,2026-10-08T19:10:46Z,491
2026-10-09T03:22:21Z,4581,2026-10-08T19:10:46Z,491
2026-10-09T03:22:21Z,4582,2026-10-08T21:01:33Z,380
2026-10-09T03:22:21Z,4584,2026-10-08T19:10:46Z,491
2026-10-09T03:22:21Z,4585,2026-10-08T19:10:46Z,491
2026-10-09T03:22:21Z,4587,2026-10-08T21:00:49Z,381
2026-10-09T03:22:21Z,4588,2026-10-08T21:01:18Z,381
2026-10-09T03:22:21Z,4589,2026-10-09T03:15:03Z,7
2026-10-09T03:22:21Z,4590,2026-10-09T03:15:03Z,7
2026-10-09T03:22:21Z,4591,2026-10-09T03:15:03Z,7
2026-10-09T03:22:21Z,4593,2026-10-09T03:15:03Z,7
2026-10-09T03:22:21Z,4594,2026-10-09T03:15:03Z,7
2026-10-09T03:22:21Z,4595,2026-10-09T03:15:03Z,7
2026-10-09T03:22:21Z,4596,2026-10-09T03:15:03Z,7
2026-10-09T03:22:21Z,4597,2026-10-09T03:15:03Z,7
2026-10-09T03:22:21Z,4598,2026-10-09T03:15:03Z,7
2026-10-09T03:22:21Z,4599,2026-10-09T03:15:03Z,7
2026-10-09T03:22:21Z,4602,2026-10-09T03:15:03Z,7
2026-10-09T03:22:21Z,4687,2026-10-09T03:15:03Z,7
2026-10-09T03:22:21Z,4688,2026-10-09T03:15:03Z,7
2026-10-09T03:22:21Z,4689,2026-10-09T03:15:03Z,7
2026-10-09T03:22:21Z,4690,2026-10-09T03:15:03Z,7
2026-10-09T03:22:21Z,4702,2026-10-09T03:15:03Z,7
2026-10-09T03:22:21Z,4776,2026-10-09T03:15:03Z,7
2026-10-09T03:22:21Z,4777,2026-10-09T03:15:03Z,7
2026-10-09T03:22:21Z,4779,2026-10-09T03:15:03Z,7
2026-10-09T03:22:21Z,4780,2026-10-09T03:15:03Z,7
2026-10-09T03:22:21Z,4782,2026-10-09T03:15:03Z,7
2026-10-09T03:22:21Z,4784,2026-10-09T03:15:03Z,7
2026-10-09T03:22:21Z,4785,2026-10-09T03:15:03Z,7
2026-10-09T03:22:21Z,4786,2026-10-09T03:15:03Z,7
2026-10-09T03:22:21Z,4787,2026-10-09T03:15:03Z,7
2026-10-09T03:22:21Z,4788,2026-10-09T03:15:03Z,7
2026-10-09T03:22:21Z,4789,2026-10-09T03:15:03Z,7
2026-10-09T03:22:21Z,4790,2026-10-09T03:15:03Z,7
2026-10-09T03:22:21Z,4791,2026-10-09T03:15:03Z,7
2026-10-09T03:22:21Z,4792,2026-10-09T03:15:03Z,7
2026-10-09T03:22:21Z,4793,2026-10-09T03:15:03Z,7
2026-10-09T03:22:21Z,4794,2026-10-09T03:15:03Z,7
2026-10-09T03:22:21Z,4795,2026-10-09T03:15:03Z,7
2026-10-09T03:22:21Z,4796,2026-10-09T03:15:03Z,7
2026-10-09T03:22:21Z,4797,2026-10-09T03:15:03Z,7
2026-10-09T03:22:21Z,4798,2026-10-09T03:15:03Z,7
2026-10-09T03:22:21Z,4799,2026-10-09T03:15:03Z,7
2026-10-09T03:22:21Z,4800,2026-10-09T03:15:03Z,7
2026-10-09T03:22:21Z,4801,2026-10-09T03:15:03Z,7
2026-10-09T03:22:21Z,4804,2026-10-09T03:15:03Z,7
2026-10-09T03:22:21Z,4806,2026-10-09T03:15:03Z,7
2026-10-09T03:22:21Z,4807,2026-10-09T03:15:03Z,7
2026-10-09T03:22:21Z,4808,2026-10-09T03:15:03Z,7
2026-10-09T03:22:21Z,4809,2026-10-08T21:02:33Z,379
2026-10-09T03:22:21Z,4810,2026-10-08T21:00:44Z,381
2026-10-09T03:22:21Z,4811,2026-10-08T19:10:48Z,491
2026-10-09T03:22:21Z,4812,2026-10-09T02:16:08Z,66
2026-10-09T03:22:21Z,4813,2026-10-09T02:38:38Z,43
2026-10-09T03:22:21Z,4814,2026-10-08T19:10:49Z,491
2026-10-09T03:22:21Z,4816,2026-10-09T01:36:53Z,105
2026-10-09T03:22:21Z,4817,2026-10-08T15:48:57Z,693
2026-10-09T03:22:21Z,4818,2026-10-09T01:36:53Z,105
2026-10-09T03:22:21Z,4819,2026-10-08T15:49:02Z,693
2026-10-09T03:22:21Z,4820,2026-10-08T15:49:04Z,693
2026-10-09T03:22:21Z,4821,2026-10-09T01:36:52Z,105
2026-10-09T03:22:21Z,4822,2026-10-08T15:49:08Z,693
2026-10-09T03:22:21Z,4823,2026-10-09T01:36:52Z,105
2026-10-09T03:22:21Z,4824,2026-10-08T15:49:17Z,693
2026-10-09T03:22:21Z,4825,2026-10-08T19:10:49Z,491
2026-10-09T03:22:21Z,4826,2026-10-08T23:56:07Z,206
2026-10-09T03:22:21Z,4829,2026-10-08T19:05:25Z,496
2026-10-09T03:22:21Z,4830,2026-10-09T03:15:03Z,7
2026-10-09T03:22:21Z,4832,2026-10-09T02:57:48Z,24
2026-10-09T03:22:21Z,4833,2026-10-08T19:10:50Z,491
2026-10-09T03:22:21Z,4834,2026-10-08T21:00:46Z,381
2026-10-09T03:22:21Z,4837,2026-10-09T03:15:03Z,7
2026-10-09T03:22:21Z,4838,2026-10-09T03:15:03Z,7
2026-10-09T03:22:21Z,4839,2026-10-08T21:00:51Z,381
2026-10-09T03:22:21Z,4840,2026-10-05T05:02:16Z,5660
2026-10-09T03:22:21Z,4841,2026-10-05T05:02:25Z,5659
2026-10-09T03:22:21Z,4842,2026-10-05T05:02:16Z,5660
2026-10-09T03:22:21Z,4843,2026-10-05T05:02:25Z,5659
2026-10-09T03:22:21Z,4844,2026-10-05T05:02:04Z,5660
2026-10-09T03:22:21Z,4845,2026-10-08T14:09:06Z,793
2026-10-09T03:22:21Z,4847,2026-10-09T03:15:03Z,7
2026-10-09T03:22:21Z,4848,2026-10-09T03:15:03Z,7
2026-10-09T03:22:21Z,4849,2026-10-09T00:34:08Z,168
2026-10-09T03:22:21Z,4850,2026-10-09T00:34:14Z,168
2026-10-09T03:22:21Z,4851,2026-10-09T00:15:48Z,186
2026-10-09T03:22:21Z,4852,2026-10-09T00:34:08Z,168
2026-10-09T03:22:21Z,4853,2026-10-09T00:18:15Z,184
2026-10-09T03:22:21Z,4854,2026-10-09T01:07:02Z,135
2026-10-09T03:22:21Z,4855,2026-10-09T00:26:45Z,175
2026-10-09T03:22:21Z,4856,2026-10-09T01:07:54Z,134
2026-10-09T03:22:21Z,4857,2026-10-09T00:26:52Z,175
2026-10-09T03:22:21Z,4858,2026-10-09T00:14:23Z,187
2026-10-09T03:22:21Z,4859,2026-10-09T00:28:20Z,174
2026-10-09T03:22:21Z,4860,2026-10-08T19:10:51Z,491
2026-10-09T03:22:21Z,4861,2026-10-08T15:03:51Z,738
2026-10-09T03:22:21Z,5805,2026-10-08T23:53:07Z,209
2026-10-09T03:22:21Z,5806,2026-10-08T21:01:17Z,381
2026-10-09T03:22:21Z,5807,2026-10-08T23:55:11Z,207
2026-10-09T03:22:21Z,5808,2026-10-08T18:06:58Z,555
2026-10-09T03:22:21Z,5809,2026-10-09T01:27:25Z,114
2026-10-09T03:22:21Z,5810,2026-10-06T10:40:18Z,3882
2026-10-09T03:22:21Z,6797,2026-10-09T03:15:03Z,7
2026-10-09T03:22:21Z,6798,2026-10-09T03:15:03Z,7
2026-10-09T03:22:21Z,6799,2026-10-09T03:15:03Z,7
2026-10-09T03:22:21Z,6800,2026-10-09T03:15:03Z,7
2026-10-09T03:22:21Z,6801,2026-10-09T03:15:03Z,7
2026-10-09T03:22:21Z,6802,2026-10-09T03:15:03Z,7
2026-10-09T03:22:21Z,6803,2026-10-09T03:15:03Z,7
2026-10-09T03:22:21Z,6804,2026-10-09T03:15:03Z,7
2026-10-09T03:22:21Z,6812,2026-10-09T03:15:03Z,7
2026-10-09T03:22:21Z,6814,2026-10-09T03:15:03Z,7
2026-10-09T03:22:21Z,6815,2026-10-08T21:00:40Z,381
2026-10-09T03:22:21Z,6817,2026-10-09T03:15:03Z,7
2026-10-09T03:22:21Z,6818,2026-10-09T03:15:03Z,7
2026-10-09T03:22:21Z,6819,2026-10-09T03:15:03Z,7
2026-10-09T03:22:21Z,6820,2026-10-09T03:15:03Z,7
2026-10-09T03:22:21Z,6821,2026-10-09T03:15:03Z,7
2026-10-09T03:22:21Z,6822,2026-10-09T03:15:03Z,7
2026-10-09T03:22:21Z,6823,2026-10-09T03:15:03Z,7
2026-10-09T03:22:21Z,6825,2026-10-09T03:15:03Z,7
2026-10-09T03:22:21Z,6826,2026-10-09T03:15:03Z,7
2026-10-09T03:22:21Z,6827,2026-10-09T03:15:03Z,7
2026-10-09T03:22:21Z,6828,2026-10-08T19:10:52Z,491
2026-10-09T03:22:21Z,6830,2026-10-09T03:15:03Z,7
2026-10-09T03:22:21Z,6831,2026-10-09T03:15:03Z,7
2026-10-09T03:22:21Z,6832,2026-10-09T03:15:03Z,7
2026-10-09T03:22:21Z,6833,2026-10-09T03:15:03Z,7
2026-10-09T03:22:21Z,6834,2026-10-09T03:15:03Z,7
2026-10-09T03:22:21Z,6835,2026-10-08T18:20:50Z,541
2026-10-09T03:22:21Z,6837,2026-10-09T01:33:42Z,108
2026-10-09T03:22:21Z,6838,2026-10-08T20:32:29Z,409
2026-10-09T03:22:21Z,6839,2026-10-07T12:04:41Z,2357
2026-10-09T03:22:21Z,6841,2026-10-09T03:15:03Z,7
2026-10-09T03:22:21Z,6845,2026-10-08T21:01:14Z,381
2026-10-09T03:22:21Z,6847,2026-10-09T03:15:03Z,7
2026-10-09T03:22:21Z,6849,2026-10-09T03:15:03Z,7
2026-10-09T03:22:21Z,6850,2026-10-08T03:38:55Z,1423
2026-10-09T03:22:21Z,6853,2026-10-08T17:18:10Z,604
2026-10-09T03:22:21Z,6855,2026-10-08T16:29:26Z,652
2026-10-09T03:22:21Z,6856,2026-10-09T02:39:31Z,42
2026-10-09T03:22:21Z,6857,2026-10-08T19:10:54Z,491
2026-10-09T03:22:21Z,6858,2026-10-08T10:00:03Z,1042
2026-10-09T03:22:21Z,6860,2026-10-09T01:36:53Z,105
2026-10-09T03:22:21Z,6862,2026-10-08T19:32:04Z,470
2026-10-09T03:22:21Z,6864,2026-10-08T16:47:59Z,634
2026-10-09T03:22:21Z,14360,2026-10-09T03:15:03Z,7
2026-10-09T03:22:21Z,14368,2026-10-07T06:37:59Z,2684
2026-10-09T03:22:21Z,14369,2026-10-08T20:43:31Z,398
2026-10-09T03:22:21Z,14370,2026-10-08T16:54:34Z,627
2026-10-09T03:22:21Z,14371,2026-10-08T04:35:49Z,1366
2026-10-09T03:22:21Z,14372,2026-10-08T22:31:48Z,290
2026-10-09T03:22:21Z,14374,2026-09-29T16:11:14Z,13631
2026-10-09T03:22:21Z,14375,2026-10-01T18:03:22Z,10638
2026-10-09T03:22:21Z,14376,2026-10-08T15:20:51Z,721
2026-10-09T03:22:21Z,14403,2026-10-09T00:23:34Z,178
2026-10-09T03:22:21Z,14404,2026-10-09T03:15:03Z,7
2026-10-09T03:22:21Z,14405,2026-09-12T15:14:13Z,38168
2026-10-09T03:22:21Z,14406,2026-10-09T03:04:40Z,17
2026-10-09T03:22:21Z,14407,2026-09-18T16:52:05Z,29430
2026-10-09T03:22:21Z,14408,2026-09-26T14:42:06Z,18040
2026-10-09T03:22:21Z,14409,2026-10-07T22:28:29Z,1733
2026-10-09T03:22:21Z,14410,2026-10-08T13:00:08Z,862
2026-10-09T03:22:21Z,14411,2026-10-09T03:15:03Z,7
2026-10-09T03:22:21Z,14412,2026-10-09T03:15:03Z,7
2026-10-09T03:22:21Z,14413,2026-10-09T03:15:03Z,7
2026-10-09T03:22:21Z,14414,2026-10-09T03:15:03Z,7
2026-10-09T03:22:21Z,14415,2026-10-09T03:15:03Z,7
2026-10-09T03:22:21Z,14416,2026-10-08T19:10:55Z,491
2026-10-09T03:22:21Z,14417,2026-10-09T03:15:03Z,7
2026-10-09T03:22:21Z,14418,2026-10-08T14:56:47Z,745
2026-10-09T03:22:21Z,14419,2026-10-08T17:22:45Z,599
2026-10-09T03:22:21Z,14420,2026-10-08T18:11:27Z,550
2026-10-09T03:22:21Z,14422,2026-10-09T03:15:03Z,7
2026-10-09T03:22:21Z,14423,2026-10-09T03:15:03Z,7
2026-10-09T03:22:21Z,14424,2026-10-08T21:01:23Z,380
2026-10-09T03:22:21Z,14427,2026-10-09T03:15:03Z,7
2026-10-09T03:22:21Z,14445,2026-10-09T03:15:03Z,7
2026-10-09T03:22:21Z,14446,2026-10-09T03:15:03Z,7
2026-10-09T03:22:21Z,14447,2026-10-09T03:15:03Z,7
2026-10-09T03:22:21Z,14448,2026-10-09T03:15:03Z,7
2026-10-09T03:22:21Z,14449,2026-10-08T21:01:18Z,381
2026-10-09T03:22:21Z,14451,2026-10-09T03:15:03Z,7
2026-10-09T03:22:21Z,14452,2026-10-09T03:15:03Z,7
2026-10-09T03:22:21Z,14453,2026-10-06T17:17:49Z,3484
2026-10-09T03:22:21Z,14454,2026-10-08T12:30:11Z,892
2026-10-09T03:22:21Z,14455,2026-10-09T03:10:51Z,11
2026-10-09T03:22:21Z,14456,2026-10-08T19:10:55Z,491
2026-10-09T03:22:21Z,14457,2026-10-08T19:10:55Z,491
2026-10-09T03:22:21Z,14458,2026-10-08T18:58:36Z,503
2026-10-09T03:22:21Z,14460,2025-08-24T21:39:38Z,590742
2026-10-09T03:22:21Z,14461,2026-10-08T15:48:57Z,693
2026-10-09T03:22:21Z,14464,2026-10-08T15:48:57Z,693
2026-10-09T03:22:21Z,14465,2025-08-24T21:39:38Z,590742
2026-10-09T03:22:21Z,14471,2026-10-09T00:26:53Z,175
2026-10-09T03:22:21Z,14473,2026-10-08T21:00:54Z,381
2026-10-09T03:22:21Z,14475,2026-10-08T17:47:32Z,574
2026-10-09T03:22:21Z,14476,2026-10-08T14:21:43Z,780
2026-10-09T03:22:21Z,14477,2026-10-09T00:01:51Z,200
2026-10-09T03:22:21Z,14478,2026-10-08T08:20:08Z,1142
2026-10-09T03:22:21Z,14479,2026-10-08T16:30:50Z,651
2026-10-09T03:22:21Z,14480,2026-10-08T19:10:55Z,491
2026-10-09T03:22:21Z,14481,2026-10-08T18:10:50Z,551
2026-10-09T03:22:21Z,14484,2026-10-07T00:05:35Z,3076
2026-10-09T03:22:21Z,14485,2026-10-08T21:00:49Z,381
2026-10-09T03:22:21Z,14486,2026-10-08T21:00:53Z,381
2026-10-09T03:22:21Z,14487,2026-10-08T21:00:52Z,381
2026-10-09T03:22:21Z,14488,2026-10-08T21:00:59Z,381
2026-10-09T03:22:21Z,14489,2026-10-08T21:00:45Z,381
2026-10-09T03:22:21Z,14490,2026-10-09T00:01:10Z,201
2026-10-09T03:22:21Z,14498,2026-10-08T16:00:26Z,681
2026-10-09T03:22:21Z,14499,2026-10-09T01:03:04Z,139
2026-10-09T03:22:21Z,14500,2026-10-09T00:32:04Z,170
2026-10-09T03:22:21Z,14502,2026-10-08T17:53:43Z,568
2026-10-09T03:22:21Z,14503,2026-10-09T03:07:14Z,15
2026-10-09T03:22:21Z,14504,2026-10-08T15:32:09Z,710
2026-10-09T03:22:21Z,14506,2026-10-08T21:00:55Z,381
2026-10-09T03:22:21Z,14509,2026-10-08T14:54:00Z,748
2026-10-09T03:22:21Z,14510,2026-10-08T19:10:55Z,491
2026-10-09T03:22:21Z,14511,2026-10-08T19:10:55Z,491
2026-10-09T03:22:21Z,14512,2026-10-08T19:10:56Z,491
2026-10-09T03:22:21Z,14513,2026-10-08T15:48:59Z,693
2026-10-09T03:22:21Z,14515,2026-10-09T03:15:06Z,7
2026-10-09T03:22:21Z,14517,2026-10-09T03:15:06Z,7
2026-10-09T03:22:21Z,14519,2026-10-08T17:06:33Z,615
2026-10-09T03:22:21Z,14521,2026-10-08T19:02:08Z,500
2026-10-09T03:22:21Z,14522,2026-10-08T16:05:21Z,677
2026-10-09T03:22:21Z,14523,2026-10-08T21:58:31Z,323
2026-10-09T03:22:21Z,14525,2026-09-22T10:42:18Z,24040
2026-10-09T03:22:21Z,14526,2026-10-09T03:15:06Z,7
2026-10-09T03:22:21Z,14527,2026-10-08T16:21:02Z,661
2026-10-09T03:22:21Z,14528,2026-10-08T21:21:14Z,361
2026-10-09T03:22:21Z,14529,2026-10-08T21:00:49Z,381
2026-10-09T03:22:21Z,14530,2026-10-08T17:34:57Z,587
2026-10-09T03:22:21Z,14531,2026-10-08T16:31:01Z,651
2026-10-09T03:22:21Z,14532,2026-10-08T15:49:15Z,693
2026-10-09T03:22:21Z,14533,2026-10-08T15:49:16Z,693
2026-10-09T03:22:21Z,14534,2026-10-09T01:36:53Z,105
2026-10-09T03:22:21Z,14535,2026-10-08T15:48:59Z,693
2026-10-09T03:22:21Z,14536,2026-10-08T15:48:59Z,693
2026-10-09T03:22:21Z,14537,2026-10-09T03:15:03Z,7
2026-10-09T03:22:21Z,15365,2026-10-09T00:28:33Z,173
2026-10-09T03:22:21Z,15366,2026-10-09T00:28:13Z,174
2026-10-09T03:22:21Z,15367,2026-10-08T21:01:00Z,381
2026-10-09T03:22:21Z,15368,2026-10-08T09:36:24Z,1065
2026-10-09T03:22:21Z,15369,2026-10-09T01:34:45Z,107
2026-10-09T03:22:21Z,15370,2026-10-09T02:01:06Z,81
2026-10-09T03:22:21Z,15371,2026-10-08T12:00:57Z,921
2026-10-09T03:22:21Z,15372,2026-10-08T14:14:08Z,788
2026-10-09T03:22:21Z,15373,2026-10-08T19:10:57Z,491
2026-10-09T03:22:21Z,15374,2026-08-11T06:32:23Z,84769
2026-10-09T03:22:21Z,15377,2026-10-09T03:15:06Z,7
2026-10-09T03:22:21Z,15378,2026-10-09T03:15:06Z,7
2026-10-09T03:22:21Z,15379,2026-10-08T21:00:55Z,381
2026-10-09T03:22:21Z,15380,2026-10-08T21:01:03Z,381
2026-10-09T03:22:21Z,15381,2026-10-08T19:11:15Z,491
2026-10-09T03:22:21Z,15386,2026-10-09T01:34:47Z,107
2026-10-09T03:22:21Z,15387,2026-10-08T15:49:16Z,693
2026-10-09T03:22:21Z,15393,2026-10-09T02:18:27Z,63
2026-10-09T03:22:21Z,15394,2026-10-09T03:15:03Z,7
2026-10-09T03:22:21Z,15395,2026-10-08T16:18:33Z,663
2026-10-09T03:22:21Z,15396,2026-10-08T19:11:04Z,491
2026-10-09T03:22:21Z,15402,2026-10-08T19:11:05Z,491
2026-10-09T03:22:21Z,15403,2026-10-08T19:11:06Z,491
2026-10-09T03:22:21Z,15404,2026-10-08T19:11:07Z,491
2026-10-09T03:22:21Z,15405,2026-10-09T03:15:03Z,7
2026-10-09T03:22:21Z,15406,2026-10-09T03:15:03Z,7
2026-10-09T03:22:21Z,15407,2026-10-06T12:06:39Z,3795
2026-10-09T03:22:21Z,15408,2026-10-08T12:39:14Z,883
2026-10-09T03:22:21Z,15409,2026-10-08T13:41:09Z,821
2026-10-09T03:22:21Z,15410,2026-10-08T08:38:13Z,1124
2026-10-09T03:22:21Z,15411,2026-10-08T08:21:46Z,1140
2026-10-09T03:22:21Z,15413,2026-10-08T19:11:08Z,491
2026-10-09T03:22:21Z,15414,2026-10-01T09:45:04Z,11137
2026-10-09T03:22:21Z,15415,2026-10-01T09:45:04Z,11137
2026-10-09T03:22:21Z,15416,2026-10-08T12:37:51Z,884
2026-10-09T03:22:21Z,15418,2026-10-08T19:11:08Z,491
2026-10-09T03:22:21Z,15419,2026-10-08T19:11:09Z,491
2026-10-09T03:22:21Z,15420,2026-10-08T19:11:09Z,491
2026-10-09T03:22:21Z,15421,2026-10-08T17:46:25Z,575
2026-10-09T03:22:21Z,15422,2026-10-09T03:15:03Z,7
2026-10-09T03:22:21Z,15423,2026-10-09T02:51:46Z,30
2026-10-09T03:22:21Z,15424,2026-10-08T09:25:44Z,1076
2026-10-09T03:22:21Z,15425,2026-10-05T21:34:47Z,4667
2026-10-09T03:22:21Z,15426,2026-10-06T08:16:32Z,4025
2026-10-09T03:22:21Z,15427,2026-10-09T03:15:03Z,7
2026-10-09T03:22:21Z,15428,2026-10-09T03:15:03Z,7
2026-10-09T03:22:21Z,15429,2026-10-09T03:15:03Z,7
2026-10-09T03:22:21Z,15430,2026-10-09T03:15:03Z,7
2026-10-09T03:22:21Z,15431,2026-10-09T03:15:03Z,7
2026-10-09T03:22:21Z,15432,2026-10-09T03:15:03Z,7
2026-10-09T03:22:21Z,15433,2026-10-09T03:15:03Z,7
2026-10-09T03:22:21Z,15434,2026-10-09T03:15:03Z,7
2026-10-09T03:22:21Z,15435,2026-10-09T03:15:03Z,7
2026-10-09T03:22:21Z,15436,2026-10-09T03:15:03Z,7
2026-10-09T03:22:21Z,15437,2026-10-09T03:15:03Z,7
2026-10-09T03:22:21Z,15438,2026-10-09T03:15:03Z,7
2026-10-09T03:22:21Z,15439,2026-10-09T03:15:03Z,7
2026-10-09T03:22:21Z,15440,2026-10-09T03:15:03Z,7
2026-10-09T03:22:21Z,15441,2026-10-09T03:15:03Z,7
2026-10-09T03:22:21Z,15442,2026-10-09T03:15:03Z,7
2026-10-09T03:22:21Z,15443,2026-10-09T03:15:03Z,7
2026-10-09T03:22:21Z,15444,2026-10-09T03:15:03Z,7
2026-10-09T03:22:21Z,15445,2026-10-09T03:15:03Z,7
2026-10-09T03:22:21Z,15446,2026-10-09T03:15:03Z,7
2026-10-09T03:22:21Z,15447,2026-10-09T03:15:03Z,7
2026-10-09T03:22:21Z,15448,2026-10-09T03:15:03Z,7
2026-10-09T03:22:21Z,15449,2026-10-09T03:15:03Z,7
2026-10-09T03:22:21Z,15450,2026-10-09T03:15:03Z,7
2026-10-09T03:22:21Z,15451,2026-10-09T03:15:03Z,7
2026-10-09T03:22:21Z,15452,2026-10-09T03:15:03Z,7
2026-10-09T03:22:21Z,15453,2026-10-09T03:15:03Z,7
2026-10-09T03:22:21Z,15454,2026-10-09T03:15:03Z,7
2026-10-09T03:22:21Z,15455,2026-10-09T03:15:03Z,7
2026-10-09T03:22:21Z,15456,2026-10-09T03:15:03Z,7
2026-10-09T03:22:21Z,15457,2026-10-09T03:15:03Z,7
2026-10-09T03:22:21Z,15458,2026-10-09T03:15:03Z,7
2026-10-09T03:22:21Z,15459,2026-10-09T03:15:03Z,7
2026-10-09T03:22:21Z,15460,2026-10-09T03:15:03Z,7
2026-10-09T03:22:21Z,15461,2026-10-09T03:15:03Z,7
2026-10-09T03:22:21Z,15462,2026-10-09T03:15:03Z,7
2026-10-09T03:22:21Z,15463,2026-10-09T03:15:03Z,7
2026-10-09T03:22:21Z,15464,2026-10-09T03:15:03Z,7
2026-10-09T03:22:21Z,15465,2026-10-09T03:15:03Z,7
2026-10-09T03:22:21Z,15466,2026-10-09T03:15:03Z,7
2026-10-09T03:22:21Z,15467,2026-10-09T03:15:03Z,7
2026-10-09T03:22:21Z,15468,2026-10-09T03:15:03Z,7
2026-10-09T03:22:21Z,15469,2026-10-09T03:15:03Z,7
2026-10-09T03:22:21Z,15470,2026-10-09T03:15:03Z,7
2026-10-09T03:22:21Z,15471,2026-10-09T03:15:03Z,7
2026-10-09T03:22:21Z,15472,2026-10-09T03:15:03Z,7
2026-10-09T03:22:21Z,15473,2026-10-09T03:15:03Z,7
2026-10-09T03:22:21Z,15474,2026-10-09T03:15:03Z,7
2026-10-09T03:22:21Z,15475,2026-10-09T03:15:03Z,7
2026-10-09T03:22:21Z,15476,2026-10-09T03:15:03Z,7
2026-10-09T03:22:21Z,15477,2026-10-09T03:15:03Z,7
2026-10-09T03:22:21Z,15478,2026-10-09T03:15:03Z,7
2026-10-09T03:22:21Z,15479,2026-10-09T03:15:03Z,7
2026-10-09T03:22:21Z,15480,2026-10-09T03:15:03Z,7
2026-10-09T03:22:21Z,15481,2026-10-09T03:15:03Z,7
2026-10-09T03:22:21Z,15482,2026-10-09T03:15:03Z,7
2026-10-09T03:22:21Z,15483,2026-10-09T03:15:03Z,7
2026-10-09T03:22:21Z,15484,2026-10-09T03:15:03Z,7
2026-10-09T03:22:21Z,15485,2026-10-09T03:15:03Z,7
2026-10-09T03:22:21Z,15486,2026-10-09T03:15:03Z,7
2026-10-09T03:22:21Z,15487,2026-10-09T03:15:03Z,7
2026-10-09T03:22:21Z,15488,2026-10-09T03:15:03Z,7
2026-10-09T03:22:21Z,15489,2026-10-09T03:15:03Z,7
2026-10-09T03:22:21Z,15490,2026-10-09T03:15:03Z,7
2026-10-09T03:22:21Z,15491,2026-10-09T03:15:03Z,7
2026-10-09T03:22:21Z,15492,2026-10-09T03:15:03Z,7
2026-10-09T03:22:21Z,15493,2026-10-09T03:15:03Z,7
2026-10-09T03:22:21Z,15494,2026-10-09T03:15:03Z,7
2026-10-09T03:22:21Z,15495,2026-10-09T03:15:03Z,7
2026-10-09T03:22:21Z,15496,2026-10-09T03:15:03Z,7
2026-10-09T03:22:21Z,15497,2026-10-09T03:15:03Z,7
2026-10-09T03:22:21Z,15498,2026-10-09T03:15:03Z,7
2026-10-09T03:22:21Z,15499,2026-10-09T03:15:03Z,7
2026-10-09T03:22:21Z,15500,2026-10-09T03:15:03Z,7
2026-10-09T03:22:21Z,15501,2026-10-09T03:15:03Z,7
2026-10-09T03:22:21Z,15502,2026-10-09T03:15:03Z,7
2026-10-09T03:22:21Z,15503,2026-10-09T03:15:03Z,7
2026-10-09T03:22:21Z,15504,2026-10-09T03:15:03Z,7
2026-10-09T03:22:21Z,15505,2026-10-09T03:15:03Z,7
2026-10-09T03:22:21Z,15506,2026-10-09T03:15:03Z,7
2026-10-09T03:22:21Z,15507,2026-10-09T03:15:03Z,7
2026-10-09T03:22:21Z,15508,2026-10-09T03:15:03Z,7
2026-10-09T03:22:21Z,15509,2026-10-09T03:15:03Z,7
2026-10-09T03:22:21Z,15510,2026-10-09T03:15:03Z,7
2026-10-09T03:22:21Z,15514,2026-10-09T03:15:03Z,7
2026-10-09T03:22:21Z,15515,2026-10-01T09:45:04Z,11137
2026-10-09T03:22:21Z,15516,2026-10-08T21:01:38Z,380
2026-10-09T03:22:21Z,15517,2026-10-08T21:00:59Z,381
2026-10-09T03:22:21Z,15518,2026-10-08T19:11:09Z,491
2026-10-09T03:22:21Z,15521,2026-10-08T10:45:44Z,996
2026-10-09T03:22:21Z,15522,2026-10-08T14:45:15Z,757
2026-10-09T03:22:21Z,15523,2026-10-08T10:34:30Z,1007
2026-10-09T03:22:21Z,15525,2026-10-08T08:31:19Z,1131
2026-10-09T03:22:21Z,15526,2026-10-08T16:33:12Z,649
2026-10-09T03:22:21Z,15527,2026-10-08T11:53:09Z,929
2026-10-09T03:22:21Z,15528,2026-10-08T14:44:52Z,757
2026-10-09T03:22:21Z,15529,2026-10-08T16:35:59Z,646
2026-10-09T03:22:21Z,15530,2026-10-08T09:16:36Z,1085
2026-10-09T03:22:21Z,15531,2026-10-08T16:57:32Z,624
2026-10-09T03:22:21Z,15532,2026-10-08T16:52:13Z,630
2026-10-09T03:22:21Z,15533,2026-10-08T16:50:41Z,631
2026-10-09T03:22:21Z,15534,2026-10-08T19:04:48Z,497
2026-10-09T03:22:21Z,15535,2026-10-01T14:48:13Z,10834
2026-10-09T03:22:21Z,15536,2026-10-08T17:59:41Z,562
2026-10-09T03:22:21Z,15537,2026-10-08T16:09:37Z,672
2026-10-09T03:22:21Z,15539,2026-10-08T16:31:43Z,650
2026-10-09T03:22:21Z,15540,2026-10-09T03:08:17Z,14
2026-10-09T03:22:21Z,15543,2026-10-08T17:27:14Z,595
2026-10-09T03:22:21Z,15544,2026-10-08T10:33:10Z,1009
2026-10-09T03:22:21Z,15545,2026-10-08T14:16:11Z,786
2026-10-09T03:22:21Z,15546,2026-10-08T19:11:10Z,491
2026-10-09T03:22:21Z,15547,2026-10-08T19:11:11Z,491
2026-10-09T03:22:21Z,15548,2026-10-09T03:04:58Z,17
2026-10-09T03:22:21Z,15553,2026-10-09T03:15:03Z,7
2026-10-09T03:22:21Z,15554,2026-10-09T03:15:03Z,7
2026-10-09T03:22:21Z,15555,2026-10-09T03:15:03Z,7
2026-10-09T03:22:21Z,15556,2026-10-09T01:38:01Z,104
2026-10-09T03:22:21Z,15557,2026-10-08T19:11:12Z,491
2026-10-09T03:22:21Z,15558,2026-10-09T03:12:21Z,10
2026-10-09T03:22:21Z,15559,2026-10-08T19:11:13Z,491
2026-10-09T03:22:21Z,15560,2026-10-08T19:11:13Z,491
2026-10-09T03:22:21Z,15561,2026-10-09T03:15:06Z,7
2026-10-09T03:22:21Z,15562,2026-10-09T03:15:03Z,7
2026-10-09T03:22:21Z,15563,2026-10-08T21:00:58Z,381
2026-10-09T03:22:21Z,15564,2026-10-08T19:11:13Z,491
2026-10-09T03:22:21Z,15565,2026-10-08T21:01:21Z,381
2026-10-09T03:22:21Z,15566,2026-10-08T23:18:30Z,243
2026-10-09T03:22:21Z,15567,2026-10-08T21:00:53Z,381
2026-10-09T03:22:21Z,15568,2026-10-01T09:45:04Z,11137
2026-10-09T03:22:21Z,15569,2026-10-01T09:45:04Z,11137
2026-10-09T03:22:21Z,15570,2026-10-01T09:37:03Z,11145
2026-10-09T03:22:21Z,15571,2026-10-01T09:37:03Z,11145
2026-10-09T03:22:21Z,15572,2026-10-01T09:45:04Z,11137
2026-10-09T03:22:21Z,15573,2026-10-08T19:11:14Z,491
2026-10-09T03:22:21Z,15574,2026-10-08T19:11:14Z,491
2026-10-09T03:22:21Z,15575,2026-10-08T07:06:20Z,1216
2026-10-09T03:22:21Z,15576,2026-10-08T17:29:25Z,592
2026-10-09T03:22:21Z,15577,2026-10-07T18:29:54Z,1972
2026-10-09T03:22:21Z,15578,2026-10-08T18:18:00Z,544
2026-10-09T03:22:21Z,15579,2026-10-08T19:11:14Z,491
2026-10-09T03:22:21Z,15585,2026-10-08T12:52:19Z,870
2026-10-09T03:22:21Z,15586,2026-10-08T17:14:41Z,607
2026-10-09T03:22:21Z,15587,2026-10-08T08:27:37Z,1134
2026-10-09T03:22:21Z,15588,2026-10-08T17:34:55Z,587
2026-10-09T03:22:21Z,15589,2026-10-08T19:11:16Z,491
2026-10-09T03:22:21Z,15590,2026-10-09T03:15:03Z,7
2026-10-09T03:22:21Z,15591,2026-10-09T02:09:32Z,72
2026-10-09T03:22:21Z,15684,2026-10-08T21:01:27Z,380
2026-10-09T03:22:21Z,15686,2026-10-09T03:15:03Z,7
2026-10-09T03:22:21Z,15687,2026-10-09T03:15:03Z,7
2026-10-09T03:22:21Z,15688,2026-10-09T03:15:03Z,7
2026-10-09T03:22:21Z,15689,2026-10-09T03:15:03Z,7
2026-10-09T03:22:21Z,15690,2026-10-09T03:15:03Z,7
2026-10-09T03:22:21Z,15691,2026-10-09T03:15:03Z,7
2026-10-09T03:22:21Z,15692,2026-10-09T02:05:33Z,76
2026-10-09T03:22:21Z,15693,2026-10-08T14:17:12Z,785
2026-10-09T03:22:21Z,15701,2026-10-08T13:27:44Z,834
2026-10-09T03:22:21Z,15702,2026-10-08T19:02:14Z,500
2026-10-09T03:22:21Z,15703,2026-10-08T16:02:17Z,680
2026-10-09T03:22:21Z,15756,2026-10-09T03:15:03Z,7
2026-10-09T03:22:21Z,15757,2026-10-09T03:15:03Z,7
2026-10-09T03:22:21Z,15758,2026-10-09T03:15:03Z,7
2026-10-09T03:22:21Z,15759,2026-10-09T02:09:09Z,73
2026-10-09T03:22:21Z,15760,2026-10-09T03:15:03Z,7
2026-10-09T03:22:21Z,15763,2026-10-08T13:48:20Z,814
2026-10-09T03:22:21Z,15764,2026-10-08T19:11:19Z,491
2026-10-09T03:22:21Z,15765,2026-10-08T19:11:19Z,491
2026-10-09T03:22:21Z,15767,2026-10-08T19:11:20Z,491
2026-10-09T03:22:21Z,15768,2026-09-15T05:09:11Z,34453
2026-10-09T03:22:21Z,15769,2026-10-09T00:15:36Z,186
2026-10-09T03:22:21Z,15770,2026-10-09T03:15:03Z,7
2026-10-09T03:22:21Z,15771,2026-10-09T03:15:03Z,7
2026-10-09T03:22:21Z,15773,2026-10-09T03:15:03Z,7
2026-10-09T03:22:21Z,15774,2026-10-09T03:15:03Z,7
2026-10-09T03:22:21Z,15775,2026-10-09T03:15:03Z,7
2026-10-09T03:22:21Z,15776,2026-10-09T03:15:03Z,7
2026-10-09T03:22:21Z,15777,2026-10-08T21:00:58Z,381
2026-10-09T03:22:21Z,15778,2026-10-09T03:15:03Z,7
2026-10-09T03:22:21Z,15779,2026-09-16T10:39:13Z,32683
2026-10-09T03:22:21Z,15780,2026-09-16T10:47:02Z,32675
2026-10-09T03:22:21Z,15781,2026-09-16T11:13:56Z,32648
2026-10-09T03:22:21Z,15782,2026-09-16T11:16:36Z,32645
2026-10-09T03:22:21Z,15783,2026-09-30T11:49:10Z,12453
2026-10-09T03:22:21Z,15784,2026-09-16T11:45:31Z,32616
2026-10-09T03:22:21Z,15785,2026-09-22T13:01:43Z,23900
2026-10-09T03:22:21Z,15786,2026-09-16T12:34:55Z,32567
2026-10-09T03:22:21Z,15787,2026-09-16T12:38:19Z,32564
2026-10-09T03:22:21Z,15788,2026-09-16T12:40:56Z,32561
2026-10-09T03:22:21Z,15789,2026-10-08T20:01:52Z,440
2026-10-09T03:22:21Z,15790,2026-10-08T19:11:21Z,491
2026-10-09T03:22:21Z,15791,2026-10-08T19:11:21Z,491
2026-10-09T03:22:21Z,15792,2026-10-01T09:45:04Z,11137
2026-10-09T03:22:21Z,15793,2026-10-01T09:45:04Z,11137
2026-10-09T03:22:21Z,15794,2026-10-01T09:45:04Z,11137
2026-10-09T03:22:21Z,15795,2026-10-09T03:15:03Z,7
2026-10-09T03:22:21Z,15796,2026-10-09T03:15:03Z,7
2026-10-09T03:22:21Z,15797,2026-10-09T03:04:54Z,17
2026-10-09T03:22:21Z,15798,2026-10-09T02:54:24Z,27
2026-10-09T03:22:21Z,15799,2026-10-02T07:15:04Z,9847
2026-10-09T03:22:21Z,15800,2026-10-08T21:00:55Z,381
2026-10-09T03:22:21Z,15801,2026-10-08T21:01:13Z,381
2026-10-09T03:22:21Z,15802,2026-10-09T00:02:13Z,200
2026-10-09T03:22:21Z,15803,2026-10-08T21:01:22Z,380
2026-10-09T03:22:21Z,15804,2026-10-09T03:15:03Z,7
