timestamp_utc,station_id,last_update_utc,age_min
2026-10-10T00:04:22Z,258,2026-10-09T21:01:05Z,183
2026-10-10T00:04:22Z,259,2026-10-09T20:28:46Z,215
2026-10-10T00:04:22Z,260,2026-10-09T21:00:50Z,183
2026-10-10T00:04:22Z,261,2026-10-09T21:01:00Z,183
2026-10-10T00:04:22Z,263,2026-10-09T21:01:01Z,183
2026-10-10T00:04:22Z,264,2026-10-09T21:01:39Z,182
2026-10-10T00:04:22Z,265,2026-10-09T21:01:24Z,182
2026-10-10T00:04:22Z,267,2026-10-09T21:01:22Z,183
2026-10-10T00:04:22Z,268,2026-10-09T21:01:09Z,183
2026-10-10T00:04:22Z,270,2026-10-09T21:01:19Z,183
2026-10-10T00:04:22Z,271,2026-10-09T06:42:04Z,1042
2026-10-10T00:04:22Z,272,2026-10-09T21:01:22Z,183
2026-10-10T00:04:22Z,275,2026-07-01T10:22:32Z,144821
2026-10-10T00:04:22Z,276,2026-10-09T21:00:57Z,183
2026-10-10T00:04:22Z,277,2026-07-02T07:26:05Z,143558
2026-10-10T00:04:22Z,278,2026-10-09T21:46:47Z,137
2026-10-10T00:04:22Z,279,2026-10-09T21:01:18Z,183
2026-10-10T00:04:22Z,280,2026-10-09T21:01:17Z,183
2026-10-10T00:04:22Z,281,2026-10-09T20:43:25Z,200
2026-10-10T00:04:22Z,285,2026-10-09T21:00:49Z,183
2026-10-10T00:04:22Z,320,2026-01-06T13:23:56Z,398080
2026-10-10T00:04:22Z,321,2026-10-09T23:45:21Z,19
2026-10-10T00:04:22Z,322,2026-10-09T20:47:27Z,196
2026-10-10T00:04:22Z,323,2026-10-09T21:42:29Z,141
2026-10-10T00:04:22Z,324,2026-10-09T18:49:04Z,315
2026-10-10T00:04:22Z,325,2026-10-09T17:40:13Z,384
2026-10-10T00:04:22Z,375,2026-10-09T19:58:59Z,245
2026-10-10T00:04:22Z,376,2026-10-09T19:40:32Z,263
2026-10-10T00:04:22Z,377,2026-08-10T09:54:33Z,87249
2026-10-10T00:04:22Z,378,2026-10-09T19:27:38Z,276
2026-10-10T00:04:22Z,379,2026-10-09T19:34:10Z,270
2026-10-10T00:04:22Z,380,2026-10-09T20:52:41Z,191
2026-10-10T00:04:22Z,381,2026-10-09T16:35:25Z,448
2026-10-10T00:04:22Z,382,2026-10-09T18:17:04Z,347
2026-10-10T00:04:22Z,383,2026-10-09T22:21:56Z,102
2026-10-10T00:04:22Z,384,2026-10-09T21:46:02Z,138
2026-10-10T00:04:22Z,385,2026-10-09T20:40:39Z,203
2026-10-10T00:04:22Z,386,2026-10-09T18:09:51Z,354
2026-10-10T00:04:22Z,387,2026-10-09T15:52:30Z,491
2026-10-10T00:04:22Z,388,2026-10-09T17:01:55Z,422
2026-10-10T00:04:22Z,389,2026-07-29T06:27:15Z,104737
2026-10-10T00:04:22Z,390,2026-10-02T07:22:23Z,11081
2026-10-10T00:04:22Z,396,2026-10-09T15:09:25Z,534
2026-10-10T00:04:22Z,397,2026-10-09T13:49:03Z,615
2026-10-10T00:04:22Z,398,2026-10-09T17:22:52Z,401
2026-10-10T00:04:22Z,401,2026-10-09T21:45:29Z,138
2026-10-10T00:04:22Z,402,2026-10-09T16:06:45Z,477
2026-10-10T00:04:22Z,403,2026-10-09T18:39:04Z,325
2026-10-10T00:04:22Z,404,2026-10-09T18:59:39Z,304
2026-10-10T00:04:22Z,406,2026-10-09T18:30:47Z,333
2026-10-10T00:04:22Z,408,2026-10-09T14:06:26Z,597
2026-10-10T00:04:22Z,409,2026-10-09T17:52:01Z,372
2026-10-10T00:04:22Z,410,2026-10-09T23:45:23Z,18
2026-10-10T00:04:22Z,412,2026-10-09T14:17:47Z,586
2026-10-10T00:04:22Z,413,2026-10-09T22:33:43Z,90
2026-10-10T00:04:22Z,414,2026-10-09T20:02:26Z,241
2026-10-10T00:04:22Z,416,2026-10-09T17:17:23Z,406
2026-10-10T00:04:22Z,417,2026-10-09T20:00:28Z,243
2026-10-10T00:04:22Z,418,2026-10-09T23:41:47Z,22
2026-10-10T00:04:22Z,419,2026-10-09T19:22:20Z,282
2026-10-10T00:04:22Z,420,2026-10-09T23:14:41Z,49
2026-10-10T00:04:22Z,421,2026-08-17T09:20:08Z,77204
2026-10-10T00:04:22Z,422,2026-10-09T18:56:41Z,307
2026-10-10T00:04:22Z,423,2026-10-09T03:05:50Z,1258
2026-10-10T00:04:22Z,424,2026-10-09T22:17:50Z,106
2026-10-10T00:04:22Z,425,2026-10-09T17:08:39Z,415
2026-10-10T00:04:22Z,428,2026-10-09T19:27:54Z,276
2026-10-10T00:04:22Z,429,2026-10-09T17:11:56Z,412
2026-10-10T00:04:22Z,430,2026-10-09T19:20:54Z,283
2026-10-10T00:04:22Z,431,2026-10-09T17:33:17Z,391
2026-10-10T00:04:22Z,432,2026-10-09T21:51:53Z,132
2026-10-10T00:04:22Z,433,2026-10-09T21:47:35Z,136
2026-10-10T00:04:22Z,434,2026-10-09T19:11:25Z,292
2026-10-10T00:04:22Z,435,2026-10-09T15:45:33Z,498
2026-10-10T00:04:22Z,436,2026-10-09T14:03:29Z,600
2026-10-10T00:04:22Z,439,2026-10-09T18:54:02Z,310
2026-10-10T00:04:22Z,440,2026-10-09T19:32:41Z,271
2026-10-10T00:04:22Z,441,2026-10-05T11:55:49Z,6488
2026-10-10T00:04:22Z,442,2026-10-09T12:08:18Z,716
2026-10-10T00:04:22Z,443,2026-10-09T17:42:14Z,382
2026-10-10T00:04:22Z,444,2026-01-06T13:23:56Z,398080
2026-10-10T00:04:22Z,451,2026-10-09T19:33:09Z,271
2026-10-10T00:04:22Z,454,2026-01-06T13:23:56Z,398080
2026-10-10T00:04:22Z,455,2026-10-09T23:25:15Z,39
2026-10-10T00:04:22Z,498,2026-10-09T21:20:58Z,163
2026-10-10T00:04:22Z,499,2026-10-09T21:27:50Z,156
2026-10-10T00:04:22Z,500,2026-10-09T22:52:29Z,71
2026-10-10T00:04:22Z,501,2026-04-14T16:06:24Z,256797
2026-10-10T00:04:22Z,502,2026-01-06T13:23:56Z,398080
2026-10-10T00:04:22Z,503,2026-10-09T08:04:19Z,960
2026-10-10T00:04:22Z,504,2026-10-04T13:29:12Z,7835
2026-10-10T00:04:22Z,505,2026-10-09T14:48:59Z,555
2026-10-10T00:04:22Z,507,2026-10-09T21:01:18Z,183
2026-10-10T00:04:22Z,508,2026-10-09T21:40:41Z,143
2026-10-10T00:04:22Z,509,2026-10-09T21:01:20Z,183
2026-10-10T00:04:22Z,510,2026-10-09T21:00:44Z,183
2026-10-10T00:04:22Z,511,2026-10-09T23:57:35Z,6
2026-10-10T00:04:22Z,512,2026-10-09T21:01:06Z,183
2026-10-10T00:04:22Z,513,2026-10-09T22:14:42Z,109
2026-10-10T00:04:22Z,514,2026-10-09T21:00:52Z,183
2026-10-10T00:04:22Z,515,2026-10-09T21:00:55Z,183
2026-10-10T00:04:22Z,516,2026-10-09T21:01:21Z,183
2026-10-10T00:04:22Z,517,2026-10-09T21:01:04Z,183
2026-10-10T00:04:22Z,518,2026-10-09T21:00:56Z,183
2026-10-10T00:04:22Z,519,2026-10-09T21:00:50Z,183
2026-10-10T00:04:22Z,520,2026-10-09T21:00:53Z,183
2026-10-10T00:04:22Z,521,2026-10-09T21:00:59Z,183
2026-10-10T00:04:22Z,522,2026-10-09T21:00:56Z,183
2026-10-10T00:04:22Z,523,2026-10-09T21:00:59Z,183
2026-10-10T00:04:22Z,524,2026-10-09T21:00:48Z,183
2026-10-10T00:04:22Z,526,2026-10-09T22:40:58Z,83
2026-10-10T00:04:22Z,530,2026-01-06T13:23:56Z,398080
2026-10-10T00:04:22Z,531,2026-10-09T16:02:52Z,481
2026-10-10T00:04:22Z,532,2026-10-09T14:29:33Z,574
2026-10-10T00:04:22Z,535,2026-10-09T08:23:49Z,940
2026-10-10T00:04:22Z,536,2026-10-07T18:32:37Z,3211
2026-10-10T00:04:22Z,537,2026-10-09T21:01:32Z,182
2026-10-10T00:04:22Z,538,2026-10-09T23:56:55Z,7
2026-10-10T00:04:22Z,539,2026-10-09T18:22:55Z,341
2026-10-10T00:04:22Z,540,2026-10-04T19:03:59Z,7500
2026-10-10T00:04:22Z,584,2026-10-09T19:38:28Z,265
2026-10-10T00:04:22Z,585,2026-10-09T21:32:00Z,152
2026-10-10T00:04:22Z,586,2026-10-09T14:23:13Z,581
2026-10-10T00:04:22Z,589,2026-01-06T13:23:56Z,398080
2026-10-10T00:04:22Z,590,2026-01-06T13:23:56Z,398080
2026-10-10T00:04:22Z,592,2026-10-09T21:01:25Z,182
2026-10-10T00:04:22Z,593,2026-10-09T21:01:18Z,183
2026-10-10T00:04:22Z,594,2026-10-09T20:39:01Z,205
2026-10-10T00:04:22Z,596,2026-10-09T23:28:40Z,35
2026-10-10T00:04:22Z,597,2026-10-09T21:01:22Z,183
2026-10-10T00:04:22Z,598,2026-01-06T13:23:56Z,398080
2026-10-10T00:04:22Z,599,2026-01-06T13:23:56Z,398080
2026-10-10T00:04:22Z,600,2026-01-06T13:23:56Z,398080
2026-10-10T00:04:22Z,664,2026-01-06T13:23:56Z,398080
2026-10-10T00:04:22Z,670,2026-10-09T22:40:24Z,83
2026-10-10T00:04:22Z,671,2026-10-09T23:28:29Z,35
2026-10-10T00:04:22Z,672,2026-10-09T19:49:39Z,254
2026-10-10T00:04:22Z,677,2026-10-09T21:01:18Z,183
2026-10-10T00:04:22Z,678,2026-10-09T21:01:23Z,182
2026-10-10T00:04:22Z,679,2026-10-09T21:01:19Z,183
2026-10-10T00:04:22Z,703,2026-10-05T00:08:31Z,7195
2026-10-10T00:04:22Z,704,2026-10-09T18:27:44Z,336
2026-10-10T00:04:22Z,705,2026-10-09T18:56:53Z,307
2026-10-10T00:04:22Z,707,2026-10-09T14:34:18Z,570
2026-10-10T00:04:22Z,709,2026-10-09T18:55:06Z,309
2026-10-10T00:04:22Z,710,2026-10-09T13:04:32Z,659
2026-10-10T00:04:22Z,712,2026-10-09T17:22:15Z,402
2026-10-10T00:04:22Z,713,2026-10-09T17:27:55Z,396
2026-10-10T00:04:22Z,715,2026-10-09T18:13:47Z,350
2026-10-10T00:04:22Z,717,2026-10-09T16:39:34Z,444
2026-10-10T00:04:22Z,737,2026-10-09T13:46:23Z,617
2026-10-10T00:04:22Z,1269,2026-10-09T20:33:09Z,211
2026-10-10T00:04:22Z,1302,2026-10-09T20:26:20Z,218
2026-10-10T00:04:22Z,1314,2026-10-09T12:52:52Z,671
2026-10-10T00:04:22Z,1315,2026-10-09T23:58:08Z,6
2026-10-10T00:04:22Z,1316,2026-10-09T07:46:54Z,977
2026-10-10T00:04:22Z,1317,2026-10-09T15:22:57Z,521
2026-10-10T00:04:22Z,1321,2026-10-09T20:24:58Z,219
2026-10-10T00:04:22Z,1353,2026-10-09T22:34:47Z,89
2026-10-10T00:04:22Z,1354,2026-10-09T23:39:05Z,25
2026-10-10T00:04:22Z,1363,2026-10-09T20:38:51Z,205
2026-10-10T00:04:22Z,1364,2026-10-09T20:23:40Z,220
2026-10-10T00:04:22Z,1453,2026-10-09T21:01:14Z,183
2026-10-10T00:04:22Z,1454,2026-10-09T21:00:58Z,183
2026-10-10T00:04:22Z,1477,2026-10-03T00:12:47Z,10071
2026-10-10T00:04:22Z,1478,2026-10-04T00:19:38Z,8624
2026-10-10T00:04:22Z,1510,2026-10-10T00:00:05Z,4
2026-10-10T00:04:22Z,1512,2026-10-10T00:00:05Z,4
2026-10-10T00:04:22Z,1514,2026-10-10T00:00:05Z,4
2026-10-10T00:04:22Z,1515,2026-10-10T00:00:05Z,4
2026-10-10T00:04:22Z,1516,2026-10-10T00:00:05Z,4
2026-10-10T00:04:22Z,1517,2026-10-10T00:00:05Z,4
2026-10-10T00:04:22Z,1518,2026-10-10T00:00:05Z,4
2026-10-10T00:04:22Z,1522,2026-10-10T00:00:05Z,4
2026-10-10T00:04:22Z,1523,2026-10-10T00:00:05Z,4
2026-10-10T00:04:22Z,1524,2026-10-10T00:00:05Z,4
2026-10-10T00:04:22Z,1525,2026-10-10T00:00:05Z,4
2026-10-10T00:04:22Z,1529,2026-10-05T08:05:06Z,6719
2026-10-10T00:04:22Z,1530,2026-10-05T14:27:02Z,6337
2026-10-10T00:04:22Z,1531,2026-10-08T08:29:16Z,2375
2026-10-10T00:04:22Z,1532,2026-10-08T00:15:20Z,2869
2026-10-10T00:04:22Z,1534,2026-10-09T23:21:07Z,43
2026-10-10T00:04:22Z,1535,2026-10-10T00:00:05Z,4
2026-10-10T00:04:22Z,1554,2026-10-09T07:44:19Z,980
2026-10-10T00:04:22Z,1556,2026-10-09T20:15:32Z,228
2026-10-10T00:04:22Z,1557,2026-10-09T10:45:48Z,798
2026-10-10T00:04:22Z,1562,2026-10-06T00:17:21Z,5747
2026-10-10T00:04:22Z,1641,2026-10-09T20:40:15Z,204
2026-10-10T00:04:22Z,1644,2026-10-09T21:13:22Z,171
2026-10-10T00:04:22Z,1645,2026-07-29T06:29:40Z,104734
2026-10-10T00:04:22Z,1647,2026-10-09T15:29:04Z,515
2026-10-10T00:04:22Z,1649,2026-10-09T21:00:52Z,183
2026-10-10T00:04:22Z,1650,2026-10-09T08:43:45Z,920
2026-10-10T00:04:22Z,1653,2026-10-09T03:36:28Z,1227
2026-10-10T00:04:22Z,1655,2026-10-09T20:09:58Z,234
2026-10-10T00:04:22Z,1656,2026-10-09T15:30:16Z,514
2026-10-10T00:04:22Z,1658,2026-10-05T11:40:26Z,6503
2026-10-10T00:04:22Z,1659,2026-10-09T18:37:39Z,326
2026-10-10T00:04:22Z,1662,2026-10-08T00:04:18Z,2880
2026-10-10T00:04:22Z,1663,2026-10-09T18:24:04Z,340
2026-10-10T00:04:22Z,1664,2026-10-09T12:34:47Z,689
2026-10-10T00:04:22Z,1666,2026-10-09T12:57:59Z,666
2026-10-10T00:04:22Z,1788,2026-10-10T00:00:06Z,4
2026-10-10T00:04:22Z,1789,2026-10-10T00:00:06Z,4
2026-10-10T00:04:22Z,1790,2026-10-10T00:00:06Z,4
2026-10-10T00:04:22Z,1791,2026-10-10T00:00:06Z,4
2026-10-10T00:04:22Z,1792,2026-10-10T00:00:06Z,4
2026-10-10T00:04:22Z,1793,2026-10-10T00:00:06Z,4
2026-10-10T00:04:22Z,1795,2026-10-10T00:00:06Z,4
2026-10-10T00:04:22Z,1796,2026-10-10T00:00:06Z,4
2026-10-10T00:04:22Z,1797,2026-10-10T00:00:06Z,4
2026-10-10T00:04:22Z,1798,2026-10-10T00:00:06Z,4
2026-10-10T00:04:22Z,1799,2026-10-10T00:00:06Z,4
2026-10-10T00:04:22Z,1800,2026-10-10T00:00:06Z,4
2026-10-10T00:04:22Z,1801,2026-10-10T00:00:06Z,4
2026-10-10T00:04:22Z,1802,2026-10-10T00:00:06Z,4
2026-10-10T00:04:22Z,1803,2026-10-10T00:00:06Z,4
2026-10-10T00:04:22Z,1804,2026-10-10T00:00:06Z,4
2026-10-10T00:04:22Z,1805,2026-10-10T00:00:06Z,4
2026-10-10T00:04:22Z,1806,2026-10-10T00:00:06Z,4
2026-10-10T00:04:22Z,1807,2026-10-10T00:00:06Z,4
2026-10-10T00:04:22Z,1808,2026-10-10T00:00:06Z,4
2026-10-10T00:04:22Z,1809,2026-10-10T00:00:06Z,4
2026-10-10T00:04:22Z,1810,2026-10-10T00:00:06Z,4
2026-10-10T00:04:22Z,1812,2026-10-10T00:00:06Z,4
2026-10-10T00:04:22Z,1813,2026-10-10T00:00:06Z,4
2026-10-10T00:04:22Z,1816,2026-10-10T00:00:06Z,4
2026-10-10T00:04:22Z,1817,2026-10-10T00:00:06Z,4
2026-10-10T00:04:22Z,1818,2026-10-10T00:00:06Z,4
2026-10-10T00:04:22Z,1819,2026-10-10T00:00:06Z,4
2026-10-10T00:04:22Z,1821,2026-10-10T00:00:06Z,4
2026-10-10T00:04:22Z,1822,2026-10-10T00:00:06Z,4
2026-10-10T00:04:22Z,1823,2026-10-10T00:00:06Z,4
2026-10-10T00:04:22Z,1824,2026-10-10T00:00:06Z,4
2026-10-10T00:04:22Z,1825,2026-10-10T00:00:06Z,4
2026-10-10T00:04:22Z,1826,2026-10-10T00:00:06Z,4
2026-10-10T00:04:22Z,1828,2026-10-10T00:00:06Z,4
2026-10-10T00:04:22Z,1829,2026-10-10T00:00:06Z,4
2026-10-10T00:04:22Z,1830,2026-10-10T00:00:06Z,4
2026-10-10T00:04:22Z,1832,2026-10-10T00:00:06Z,4
2026-10-10T00:04:22Z,1833,2026-10-10T00:00:06Z,4
2026-10-10T00:04:22Z,1834,2026-10-10T00:00:06Z,4
2026-10-10T00:04:22Z,1835,2026-10-10T00:00:06Z,4
2026-10-10T00:04:22Z,1836,2026-10-10T00:00:06Z,4
2026-10-10T00:04:22Z,1837,2026-10-10T00:00:06Z,4
2026-10-10T00:04:22Z,1838,2026-10-10T00:00:06Z,4
2026-10-10T00:04:22Z,1839,2026-10-10T00:00:06Z,4
2026-10-10T00:04:22Z,1840,2026-10-10T00:00:06Z,4
2026-10-10T00:04:22Z,1841,2026-10-10T00:00:06Z,4
2026-10-10T00:04:22Z,1842,2026-10-10T00:00:06Z,4
2026-10-10T00:04:22Z,1843,2026-10-10T00:00:06Z,4
2026-10-10T00:04:22Z,1844,2026-10-09T12:55:28Z,668
2026-10-10T00:04:22Z,1845,2026-10-09T17:28:21Z,396
2026-10-10T00:04:22Z,1846,2026-10-09T23:43:25Z,20
2026-10-10T00:04:22Z,1847,2026-10-09T21:00:46Z,183
2026-10-10T00:04:22Z,1848,2026-10-09T20:32:11Z,212
2026-10-10T00:04:22Z,1851,2026-10-09T14:37:16Z,567
2026-10-10T00:04:22Z,1852,2026-10-07T07:21:05Z,3883
2026-10-10T00:04:22Z,1855,2026-10-09T06:55:26Z,1028
2026-10-10T00:04:22Z,1866,2026-10-09T23:00:39Z,63
2026-10-10T00:04:22Z,1867,2026-09-29T14:42:26Z,14961
2026-10-10T00:04:22Z,1868,2026-10-09T17:49:52Z,374
2026-10-10T00:04:22Z,1872,2026-01-06T13:23:56Z,398080
2026-10-10T00:04:22Z,1874,2026-10-09T13:35:59Z,628
2026-10-10T00:04:22Z,1917,2026-10-09T07:56:51Z,967
2026-10-10T00:04:22Z,1918,2026-10-09T23:59:43Z,4
2026-10-10T00:04:22Z,1919,2026-10-09T19:12:05Z,292
2026-10-10T00:04:22Z,1920,2026-10-09T18:19:04Z,345
2026-10-10T00:04:22Z,1921,2026-10-07T07:01:09Z,3903
2026-10-10T00:04:22Z,1922,2026-10-07T07:01:09Z,3903
2026-10-10T00:04:22Z,1923,2026-10-09T14:27:12Z,577
2026-10-10T00:04:22Z,1924,2026-10-09T14:12:03Z,592
2026-10-10T00:04:22Z,1925,2026-10-09T15:49:16Z,495
2026-10-10T00:04:22Z,1926,2026-10-09T13:45:23Z,618
2026-10-10T00:04:22Z,1927,2026-10-09T18:18:38Z,345
2026-10-10T00:04:22Z,1928,2026-10-09T16:10:45Z,473
2026-10-10T00:04:22Z,1929,2026-10-09T17:55:08Z,369
2026-10-10T00:04:22Z,1931,2026-10-09T23:12:04Z,52
2026-10-10T00:04:22Z,1932,2026-10-09T17:16:28Z,407
2026-10-10T00:04:22Z,1933,2026-10-09T09:06:32Z,897
2026-10-10T00:04:22Z,1937,2026-10-09T21:20:02Z,164
2026-10-10T00:04:22Z,1938,2026-10-09T15:33:06Z,511
2026-10-10T00:04:22Z,1939,2026-10-09T17:19:38Z,404
2026-10-10T00:04:22Z,1940,2026-10-09T20:36:11Z,208
2026-10-10T00:04:22Z,1941,2026-10-09T16:38:10Z,446
2026-10-10T00:04:22Z,1942,2026-10-09T20:26:40Z,217
2026-10-10T00:04:22Z,1943,2026-10-07T07:01:09Z,3903
2026-10-10T00:04:22Z,1944,2026-10-09T10:04:18Z,840
2026-10-10T00:04:22Z,2413,2026-10-09T07:04:02Z,1020
2026-10-10T00:04:22Z,2414,2026-10-09T17:20:04Z,404
2026-10-10T00:04:22Z,2415,2026-10-09T20:44:36Z,199
2026-10-10T00:04:22Z,2416,2026-03-23T07:14:46Z,289009
2026-10-10T00:04:22Z,2417,2026-10-09T20:39:52Z,204
2026-10-10T00:04:22Z,2418,2026-10-09T12:54:25Z,669
2026-10-10T00:04:22Z,2419,2026-03-23T08:11:39Z,288952
2026-10-10T00:04:22Z,2420,2026-10-09T20:08:04Z,236
2026-10-10T00:04:22Z,2421,2026-10-09T20:04:15Z,240
2026-10-10T00:04:22Z,2424,2026-10-09T19:59:31Z,244
2026-10-10T00:04:22Z,2425,2026-10-09T14:36:16Z,568
2026-10-10T00:04:22Z,2430,2026-10-09T22:34:59Z,89
2026-10-10T00:04:22Z,2435,2026-10-09T15:26:23Z,517
2026-10-10T00:04:22Z,2436,2026-10-09T23:55:52Z,8
2026-10-10T00:04:22Z,2437,2026-10-09T23:45:27Z,18
2026-10-10T00:04:22Z,2439,2026-10-09T17:08:12Z,416
2026-10-10T00:04:22Z,2575,2026-10-09T21:14:02Z,170
2026-10-10T00:04:22Z,2576,2026-10-09T14:39:09Z,565
2026-10-10T00:04:22Z,2577,2026-10-09T12:10:28Z,713
2026-10-10T00:04:22Z,2580,2026-10-07T11:50:13Z,3614
2026-10-10T00:04:22Z,2581,2026-10-09T11:42:00Z,742
2026-10-10T00:04:22Z,2584,2026-10-09T16:01:27Z,482
2026-10-10T00:04:22Z,2585,2026-10-09T16:19:26Z,464
2026-10-10T00:04:22Z,2586,2026-10-09T17:08:20Z,416
2026-10-10T00:04:22Z,2587,2026-10-09T08:47:28Z,916
2026-10-10T00:04:22Z,2593,2026-10-09T21:57:09Z,127
2026-10-10T00:04:22Z,2594,2026-10-09T18:11:06Z,353
2026-10-10T00:04:22Z,2595,2026-10-09T23:37:40Z,26
2026-10-10T00:04:22Z,2596,2026-10-09T05:18:33Z,1125
2026-10-10T00:04:22Z,2603,2026-10-09T20:39:33Z,204
2026-10-10T00:04:22Z,2604,2026-10-06T06:29:08Z,5375
2026-10-10T00:04:22Z,2605,2026-10-09T14:28:38Z,575
2026-10-10T00:04:22Z,2608,2026-10-09T19:09:41Z,294
2026-10-10T00:04:22Z,2609,2026-10-09T21:44:09Z,140
2026-10-10T00:04:22Z,2610,2026-10-09T21:09:44Z,174
2026-10-10T00:04:22Z,2611,2026-10-09T21:45:33Z,138
2026-10-10T00:04:22Z,2613,2026-10-09T13:36:03Z,628
2026-10-10T00:04:22Z,2615,2026-10-09T14:36:03Z,568
2026-10-10T00:04:22Z,2616,2026-10-06T13:01:44Z,4982
2026-10-10T00:04:22Z,2617,2026-10-09T11:07:28Z,776
2026-10-10T00:04:22Z,2618,2026-10-09T17:08:11Z,416
2026-10-10T00:04:22Z,2621,2026-10-09T17:20:04Z,404
2026-10-10T00:04:22Z,2622,2026-10-09T18:26:05Z,338
2026-10-10T00:04:22Z,2623,2026-10-09T10:02:20Z,842
2026-10-10T00:04:22Z,2624,2026-10-09T06:31:33Z,1052
2026-10-10T00:04:22Z,2625,2026-10-09T21:17:45Z,166
2026-10-10T00:04:22Z,2626,2026-10-09T19:57:07Z,247
2026-10-10T00:04:22Z,2627,2026-10-09T19:51:30Z,252
2026-10-10T00:04:22Z,2628,2026-10-09T19:27:51Z,276
2026-10-10T00:04:22Z,2629,2026-10-09T18:42:29Z,321
2026-10-10T00:04:22Z,2630,2026-10-09T23:31:14Z,33
2026-10-10T00:04:22Z,2631,2026-10-01T13:09:09Z,12175
2026-10-10T00:04:22Z,2632,2026-10-09T18:19:43Z,344
2026-10-10T00:04:22Z,2633,2026-10-08T06:02:50Z,2521
2026-10-10T00:04:22Z,2634,2026-10-09T22:17:08Z,107
2026-10-10T00:04:22Z,2635,2026-10-09T19:34:19Z,270
2026-10-10T00:04:22Z,2636,2026-10-07T08:23:26Z,3820
2026-10-10T00:04:22Z,2644,2026-01-06T13:23:56Z,398080
2026-10-10T00:04:22Z,2646,2026-01-06T13:23:56Z,398080
2026-10-10T00:04:22Z,2648,2026-10-09T18:36:38Z,327
2026-10-10T00:04:22Z,2649,2026-10-09T23:32:53Z,31
2026-10-10T00:04:22Z,2650,2026-10-09T14:36:49Z,567
2026-10-10T00:04:22Z,2651,2026-10-09T12:12:08Z,712
2026-10-10T00:04:22Z,2652,2026-10-09T21:24:19Z,160
2026-10-10T00:04:22Z,2653,2026-10-09T18:13:04Z,351
2026-10-10T00:04:22Z,2654,2026-10-09T11:51:36Z,732
2026-10-10T00:04:22Z,2655,2026-10-09T17:08:15Z,416
2026-10-10T00:04:22Z,2656,2026-10-09T17:27:35Z,396
2026-10-10T00:04:22Z,2657,2026-10-09T22:59:28Z,64
2026-10-10T00:04:22Z,2658,2026-10-09T18:55:50Z,308
2026-10-10T00:04:22Z,2659,2026-10-09T17:08:16Z,416
2026-10-10T00:04:22Z,2661,2026-10-09T21:00:16Z,184
2026-10-10T00:04:22Z,2665,2026-10-09T17:11:29Z,412
2026-10-10T00:04:22Z,2666,2026-10-10T00:00:06Z,4
2026-10-10T00:04:22Z,2667,2026-10-10T00:00:06Z,4
2026-10-10T00:04:22Z,2668,2026-10-10T00:00:06Z,4
2026-10-10T00:04:22Z,2669,2026-10-05T13:28:09Z,6396
2026-10-10T00:04:22Z,2670,2026-10-09T23:59:22Z,5
2026-10-10T00:04:22Z,2671,2026-10-09T21:12:10Z,172
2026-10-10T00:04:22Z,2672,2026-10-08T10:21:04Z,2263
2026-10-10T00:04:22Z,2673,2026-10-09T17:08:11Z,416
2026-10-10T00:04:22Z,2674,2026-10-08T06:00:46Z,2523
2026-10-10T00:04:22Z,2675,2026-10-09T07:06:48Z,1017
2026-10-10T00:04:22Z,2676,2026-10-09T07:33:50Z,990
2026-10-10T00:04:22Z,2677,2026-10-10T00:00:06Z,4
2026-10-10T00:04:22Z,2682,2026-10-09T04:58:11Z,1146
2026-10-10T00:04:22Z,2683,2026-10-09T17:50:07Z,374
2026-10-10T00:04:22Z,2684,2026-10-09T22:53:16Z,71
2026-10-10T00:04:22Z,2686,2026-10-09T19:30:46Z,273
2026-10-10T00:04:22Z,2687,2026-10-09T12:08:27Z,715
2026-10-10T00:04:22Z,2688,2026-10-09T17:17:46Z,406
2026-10-10T00:04:22Z,2689,2026-10-09T10:08:13Z,836
2026-10-10T00:04:22Z,2690,2026-10-09T10:08:39Z,835
2026-10-10T00:04:22Z,2691,2026-10-09T15:06:29Z,537
2026-10-10T00:04:22Z,2692,2026-10-09T15:22:08Z,522
2026-10-10T00:04:22Z,2693,2026-10-09T12:16:59Z,707
2026-10-10T00:04:22Z,2694,2026-10-09T20:03:19Z,241
2026-10-10T00:04:22Z,2696,2026-10-09T17:58:24Z,365
2026-10-10T00:04:22Z,2697,2026-10-09T17:30:50Z,393
2026-10-10T00:04:22Z,2698,2026-10-09T12:44:20Z,680
2026-10-10T00:04:22Z,2699,2026-10-09T23:54:22Z,10
2026-10-10T00:04:22Z,2700,2026-10-09T14:43:41Z,560
2026-10-10T00:04:22Z,2701,2026-10-09T20:07:44Z,236
2026-10-10T00:04:22Z,2702,2026-10-09T14:53:41Z,550
2026-10-10T00:04:22Z,2703,2026-10-07T07:01:09Z,3903
2026-10-10T00:04:22Z,2704,2026-10-09T09:17:25Z,886
2026-10-10T00:04:22Z,2705,2026-10-09T19:05:30Z,298
2026-10-10T00:04:22Z,2706,2026-10-09T19:09:09Z,295
2026-10-10T00:04:22Z,2707,2026-10-09T13:00:12Z,664
2026-10-10T00:04:22Z,2708,2026-10-09T13:20:25Z,643
2026-10-10T00:04:22Z,2709,2026-10-09T17:51:11Z,373
2026-10-10T00:04:22Z,2710,2026-07-29T06:29:49Z,104734
2026-10-10T00:04:22Z,2716,2026-10-09T14:40:52Z,563
2026-10-10T00:04:22Z,2717,2026-10-09T23:07:46Z,56
2026-10-10T00:04:22Z,2718,2026-10-09T21:52:34Z,131
2026-10-10T00:04:22Z,2719,2026-10-09T16:23:09Z,461
2026-10-10T00:04:22Z,2722,2026-10-07T08:41:59Z,3802
2026-10-10T00:04:22Z,2724,2026-10-09T17:09:56Z,414
2026-10-10T00:04:22Z,2726,2026-10-09T23:34:43Z,29
2026-10-10T00:04:22Z,2727,2026-10-09T16:05:22Z,479
2026-10-10T00:04:22Z,2728,2026-10-09T15:54:54Z,489
2026-10-10T00:04:22Z,2729,2026-10-08T18:31:02Z,1773
2026-10-10T00:04:22Z,2734,2026-07-29T06:33:24Z,104730
2026-10-10T00:04:22Z,2736,2026-10-09T17:45:27Z,378
2026-10-10T00:04:22Z,2738,2026-10-09T10:31:56Z,812
2026-10-10T00:04:22Z,2739,2026-10-09T18:22:51Z,341
2026-10-10T00:04:22Z,2740,2026-10-09T18:27:39Z,336
2026-10-10T00:04:22Z,2743,2026-10-09T13:34:11Z,630
2026-10-10T00:04:22Z,2746,2026-10-09T07:51:52Z,972
2026-10-10T00:04:22Z,2748,2026-10-09T17:42:39Z,381
2026-10-10T00:04:22Z,2757,2026-10-09T16:02:42Z,481
2026-10-10T00:04:22Z,2758,2026-10-09T15:54:57Z,489
2026-10-10T00:04:22Z,2759,2026-10-09T15:57:30Z,486
2026-10-10T00:04:22Z,2760,2026-10-09T16:48:49Z,435
2026-10-10T00:04:22Z,2761,2026-10-09T18:43:43Z,320
2026-10-10T00:04:22Z,2763,2026-10-09T07:31:22Z,993
2026-10-10T00:04:22Z,2764,2026-10-09T20:27:10Z,217
2026-10-10T00:04:22Z,2765,2026-10-09T14:42:46Z,561
2026-10-10T00:04:22Z,2766,2026-10-09T15:24:22Z,520
2026-10-10T00:04:22Z,2767,2026-10-09T20:01:41Z,242
2026-10-10T00:04:22Z,2768,2026-10-09T22:00:22Z,124
2026-10-10T00:04:22Z,2769,2026-10-09T16:43:34Z,440
2026-10-10T00:04:22Z,2770,2026-10-09T18:41:35Z,322
2026-10-10T00:04:22Z,2771,2026-10-10T00:00:06Z,4
2026-10-10T00:04:22Z,2772,2026-10-10T00:00:06Z,4
2026-10-10T00:04:22Z,2773,2026-10-09T21:01:34Z,182
2026-10-10T00:04:22Z,2774,2026-10-09T21:00:50Z,183
2026-10-10T00:04:22Z,2778,2026-10-09T21:00:53Z,183
2026-10-10T00:04:22Z,2779,2026-10-09T21:01:13Z,183
2026-10-10T00:04:22Z,2780,2026-10-09T21:00:49Z,183
2026-10-10T00:04:22Z,2782,2026-10-09T21:01:29Z,182
2026-10-10T00:04:22Z,2788,2026-10-09T21:00:47Z,183
2026-10-10T00:04:22Z,2789,2026-10-09T21:57:04Z,127
2026-10-10T00:04:22Z,2791,2026-10-09T21:01:36Z,182
2026-10-10T00:04:22Z,2792,2026-10-09T22:01:36Z,122
2026-10-10T00:04:22Z,2794,2026-10-09T21:01:19Z,183
2026-10-10T00:04:22Z,2795,2026-10-09T21:01:14Z,183
2026-10-10T00:04:22Z,2796,2026-10-09T23:36:11Z,28
2026-10-10T00:04:22Z,2797,2026-10-09T21:00:42Z,183
2026-10-10T00:04:22Z,2798,2026-10-09T21:00:42Z,183
2026-10-10T00:04:22Z,2799,2026-10-09T21:00:48Z,183
2026-10-10T00:04:22Z,2800,2026-10-09T21:01:14Z,183
2026-10-10T00:04:22Z,2802,2026-09-01T06:51:28Z,55752
2026-10-10T00:04:22Z,2803,2026-10-09T21:00:39Z,183
2026-10-10T00:04:22Z,2804,2026-10-09T21:00:42Z,183
2026-10-10T00:04:22Z,2805,2026-10-09T10:04:19Z,840
2026-10-10T00:04:22Z,2806,2026-10-09T21:49:27Z,134
2026-10-10T00:04:22Z,2807,2026-10-09T21:00:46Z,183
2026-10-10T00:04:22Z,2808,2026-10-09T23:09:48Z,54
2026-10-10T00:04:22Z,2809,2026-10-09T21:00:54Z,183
2026-10-10T00:04:22Z,2810,2026-10-09T12:37:55Z,686
2026-10-10T00:04:22Z,2811,2026-10-09T21:01:02Z,183
2026-10-10T00:04:22Z,2812,2026-10-09T21:00:49Z,183
2026-10-10T00:04:22Z,2813,2026-10-09T21:00:40Z,183
2026-10-10T00:04:22Z,2814,2026-10-09T21:00:41Z,183
2026-10-10T00:04:22Z,2815,2026-10-09T21:01:12Z,183
2026-10-10T00:04:22Z,2816,2026-10-09T21:01:17Z,183
2026-10-10T00:04:22Z,2817,2026-10-09T21:01:14Z,183
2026-10-10T00:04:22Z,2818,2026-10-09T21:01:09Z,183
2026-10-10T00:04:22Z,2819,2026-10-09T21:00:41Z,183
2026-10-10T00:04:22Z,2820,2026-10-09T19:04:51Z,299
2026-10-10T00:04:22Z,2821,2026-10-09T23:55:26Z,8
2026-10-10T00:04:22Z,2822,2026-10-09T16:29:34Z,454
2026-10-10T00:04:22Z,2824,2026-10-09T21:00:46Z,183
2026-10-10T00:04:22Z,2825,2026-02-23T12:04:04Z,329040
2026-10-10T00:04:22Z,2826,2026-10-09T21:01:31Z,182
2026-10-10T00:04:22Z,2827,2026-10-09T15:29:53Z,514
2026-10-10T00:04:22Z,2828,2026-10-09T21:02:30Z,181
2026-10-10T00:04:22Z,2829,2026-10-09T21:01:07Z,183
2026-10-10T00:04:22Z,2830,2026-10-09T21:00:58Z,183
2026-10-10T00:04:22Z,2831,2026-10-09T21:01:42Z,182
2026-10-10T00:04:22Z,2832,2026-10-09T21:00:51Z,183
2026-10-10T00:04:22Z,2833,2026-05-14T09:37:50Z,213986
2026-10-10T00:04:22Z,2834,2026-10-09T21:00:59Z,183
2026-10-10T00:04:22Z,2835,2026-10-09T21:01:09Z,183
2026-10-10T00:04:22Z,2836,2026-10-09T21:00:43Z,183
2026-10-10T00:04:22Z,2837,2026-10-09T21:01:10Z,183
2026-10-10T00:04:22Z,2838,2026-10-09T21:01:03Z,183
2026-10-10T00:04:22Z,2839,2026-10-09T21:00:56Z,183
2026-10-10T00:04:22Z,2840,2026-10-09T21:37:12Z,147
2026-10-10T00:04:22Z,2841,2026-10-09T21:58:35Z,125
2026-10-10T00:04:22Z,2843,2026-10-09T20:44:36Z,199
2026-10-10T00:04:22Z,2844,2026-10-09T19:36:50Z,267
2026-10-10T00:04:22Z,2845,2026-10-09T17:24:24Z,399
2026-10-10T00:04:22Z,2846,2026-10-09T06:52:04Z,1032
2026-10-10T00:04:22Z,2847,2026-10-09T11:17:16Z,767
2026-10-10T00:04:22Z,2848,2026-10-09T11:44:42Z,739
2026-10-10T00:04:22Z,2849,2026-10-09T09:13:57Z,890
2026-10-10T00:04:22Z,2850,2026-10-09T17:08:11Z,416
2026-10-10T00:04:22Z,2851,2026-10-09T13:49:15Z,615
2026-10-10T00:04:22Z,2852,2026-10-09T17:08:14Z,416
2026-10-10T00:04:22Z,2853,2026-10-09T10:12:16Z,832
2026-10-10T00:04:22Z,2855,2026-10-09T17:14:45Z,409
2026-10-10T00:04:22Z,2856,2026-10-09T17:38:26Z,385
2026-10-10T00:04:22Z,2857,2026-10-09T19:26:02Z,278
2026-10-10T00:04:22Z,2858,2026-10-09T18:44:05Z,320
2026-10-10T00:04:22Z,2859,2026-10-09T22:02:33Z,121
2026-10-10T00:04:22Z,2860,2026-10-09T14:23:41Z,580
2026-10-10T00:04:22Z,2861,2026-10-08T10:37:48Z,2246
2026-10-10T00:04:22Z,2862,2026-10-09T15:10:13Z,534
2026-10-10T00:04:22Z,2863,2026-10-09T15:50:04Z,494
2026-10-10T00:04:22Z,2864,2026-10-09T14:45:05Z,559
2026-10-10T00:04:22Z,2865,2026-10-09T18:35:03Z,329
2026-10-10T00:04:22Z,2866,2026-10-07T08:34:19Z,3810
2026-10-10T00:04:22Z,2867,2026-10-09T20:29:11Z,215
2026-10-10T00:04:22Z,2868,2026-10-09T17:12:43Z,411
2026-10-10T00:04:22Z,2869,2026-10-09T07:09:47Z,1014
2026-10-10T00:04:22Z,2870,2026-10-09T15:20:17Z,524
2026-10-10T00:04:22Z,2871,2026-10-09T20:08:36Z,235
2026-10-10T00:04:22Z,2872,2026-10-09T15:50:13Z,494
2026-10-10T00:04:22Z,2873,2026-10-09T14:07:32Z,596
2026-10-10T00:04:22Z,2874,2026-10-08T13:08:30Z,2095
2026-10-10T00:04:22Z,2875,2026-10-09T18:22:11Z,342
2026-10-10T00:04:22Z,2876,2026-10-09T15:36:11Z,508
2026-10-10T00:04:22Z,2877,2026-10-09T16:00:21Z,484
2026-10-10T00:04:22Z,2878,2026-10-09T13:24:34Z,639
2026-10-10T00:04:22Z,2879,2026-10-09T16:46:35Z,437
2026-10-10T00:04:22Z,2880,2026-10-09T17:03:33Z,420
2026-10-10T00:04:22Z,2881,2026-10-08T01:17:40Z,2806
2026-10-10T00:04:22Z,2882,2026-10-09T20:14:33Z,229
2026-10-10T00:04:22Z,2883,2026-10-09T16:29:03Z,455
2026-10-10T00:04:22Z,2884,2026-10-09T00:01:48Z,1442
2026-10-10T00:04:22Z,2885,2026-10-09T18:26:46Z,337
2026-10-10T00:04:22Z,2886,2026-10-09T13:35:17Z,629
2026-10-10T00:04:22Z,2887,2026-10-07T11:32:47Z,3631
2026-10-10T00:04:22Z,2889,2026-10-09T00:01:21Z,1443
2026-10-10T00:04:22Z,2890,2026-10-08T15:39:56Z,1944
2026-10-10T00:04:22Z,2891,2026-10-09T19:39:13Z,265
2026-10-10T00:04:22Z,2892,2026-10-09T17:08:18Z,416
2026-10-10T00:04:22Z,2893,2026-10-09T17:21:28Z,402
2026-10-10T00:04:22Z,2894,2026-10-09T13:29:23Z,634
2026-10-10T00:04:22Z,2895,2026-10-09T14:19:06Z,585
2026-10-10T00:04:22Z,2896,2026-10-09T22:04:08Z,120
2026-10-10T00:04:22Z,2897,2026-10-09T13:10:31Z,653
2026-10-10T00:04:22Z,2898,2026-10-08T07:05:33Z,2458
2026-10-10T00:04:22Z,2899,2026-10-09T12:07:24Z,716
2026-10-10T00:04:22Z,2900,2026-10-06T04:31:31Z,5492
2026-10-10T00:04:22Z,2901,2026-10-09T20:38:53Z,205
2026-10-10T00:04:22Z,2902,2026-10-09T19:00:07Z,304
2026-10-10T00:04:22Z,2903,2026-10-09T13:15:10Z,649
2026-10-10T00:04:22Z,2904,2026-10-09T17:17:37Z,406
2026-10-10T00:04:22Z,2906,2026-10-09T16:36:11Z,448
2026-10-10T00:04:22Z,2907,2026-10-09T18:30:51Z,333
2026-10-10T00:04:22Z,2908,2026-10-09T12:08:59Z,715
2026-10-10T00:04:22Z,2909,2026-10-09T16:31:46Z,452
2026-10-10T00:04:22Z,2911,2026-10-09T13:13:54Z,650
2026-10-10T00:04:22Z,2912,2026-10-09T21:49:07Z,135
2026-10-10T00:04:22Z,2913,2026-10-09T14:51:42Z,552
2026-10-10T00:04:22Z,2914,2026-10-09T20:33:59Z,210
2026-10-10T00:04:22Z,2915,2026-10-09T14:42:38Z,561
2026-10-10T00:04:22Z,2916,2026-10-09T17:45:23Z,378
2026-10-10T00:04:22Z,2917,2026-10-09T15:16:05Z,528
2026-10-10T00:04:22Z,2918,2026-10-09T12:16:30Z,707
2026-10-10T00:04:22Z,2919,2026-10-09T20:00:55Z,243
2026-10-10T00:04:22Z,2920,2026-10-09T12:19:20Z,705
2026-10-10T00:04:22Z,2921,2026-10-09T12:55:12Z,669
2026-10-10T00:04:22Z,2922,2026-10-07T07:09:19Z,3895
2026-10-10T00:04:22Z,2923,2026-10-05T08:48:50Z,6675
2026-10-10T00:04:22Z,2924,2026-10-09T13:46:09Z,618
2026-10-10T00:04:22Z,2925,2026-10-05T11:02:46Z,6541
2026-10-10T00:04:22Z,2926,2026-10-09T18:31:46Z,332
2026-10-10T00:04:22Z,2927,2026-10-09T20:20:40Z,223
2026-10-10T00:04:22Z,2928,2026-10-09T18:11:25Z,352
2026-10-10T00:04:22Z,2929,2026-10-09T13:34:31Z,629
2026-10-10T00:04:22Z,2930,2026-10-09T15:46:14Z,498
2026-10-10T00:04:22Z,2931,2026-10-09T15:11:02Z,533
2026-10-10T00:04:22Z,2932,2026-10-09T08:12:54Z,951
2026-10-10T00:04:22Z,2933,2026-10-09T22:16:06Z,108
2026-10-10T00:04:22Z,2934,2026-10-09T17:22:38Z,401
2026-10-10T00:04:22Z,2935,2026-10-09T15:44:50Z,499
2026-10-10T00:04:22Z,2936,2026-10-09T15:34:46Z,509
2026-10-10T00:04:22Z,2937,2026-10-09T23:22:22Z,42
2026-10-10T00:04:22Z,2938,2026-10-08T08:47:58Z,2356
2026-10-10T00:04:22Z,2939,2026-10-09T15:55:07Z,489
2026-10-10T00:04:22Z,2940,2026-10-09T18:35:12Z,329
2026-10-10T00:04:22Z,2941,2026-10-08T14:03:26Z,2040
2026-10-10T00:04:22Z,2942,2026-10-09T17:08:27Z,415
2026-10-10T00:04:22Z,2943,2026-10-09T11:53:13Z,731
2026-10-10T00:04:22Z,2944,2026-10-09T16:29:17Z,455
2026-10-10T00:04:22Z,2945,2026-10-09T13:07:20Z,657
2026-10-10T00:04:22Z,2981,2026-10-09T23:44:11Z,20
2026-10-10T00:04:22Z,2982,2026-10-09T17:08:19Z,416
2026-10-10T00:04:22Z,2983,2026-10-09T16:45:41Z,438
2026-10-10T00:04:22Z,2984,2026-10-09T08:36:56Z,927
2026-10-10T00:04:22Z,2985,2026-10-09T12:25:27Z,698
2026-10-10T00:04:22Z,2986,2026-10-09T17:10:20Z,414
2026-10-10T00:04:22Z,2987,2026-10-09T23:53:09Z,11
2026-10-10T00:04:22Z,2988,2026-10-09T18:16:52Z,347
2026-10-10T00:04:22Z,2989,2026-10-09T10:00:34Z,843
2026-10-10T00:04:22Z,2990,2026-10-09T16:00:44Z,483
2026-10-10T00:04:22Z,2991,2026-10-09T19:13:21Z,291
2026-10-10T00:04:22Z,2992,2026-10-09T19:45:09Z,259
2026-10-10T00:04:22Z,2993,2026-10-09T14:33:17Z,571
2026-10-10T00:04:22Z,2994,2026-10-09T19:29:04Z,275
2026-10-10T00:04:22Z,2995,2026-10-09T14:28:07Z,576
2026-10-10T00:04:22Z,2996,2026-10-09T20:36:21Z,208
2026-10-10T00:04:22Z,2997,2026-10-09T20:36:21Z,208
2026-10-10T00:04:22Z,2999,2026-10-09T12:36:42Z,687
2026-10-10T00:04:22Z,3000,2026-10-09T23:01:51Z,62
2026-10-10T00:04:22Z,3001,2026-10-09T18:10:18Z,354
2026-10-10T00:04:22Z,3002,2026-10-09T19:59:40Z,244
2026-10-10T00:04:22Z,3003,2026-10-09T19:11:44Z,292
2026-10-10T00:04:22Z,3009,2026-10-10T00:00:06Z,4
2026-10-10T00:04:22Z,3011,2026-10-09T21:01:05Z,183
2026-10-10T00:04:22Z,3035,2026-10-09T23:27:24Z,36
2026-10-10T00:04:22Z,3037,2026-10-09T20:23:37Z,220
2026-10-10T00:04:22Z,3038,2026-10-09T20:14:42Z,229
2026-10-10T00:04:22Z,3042,2026-10-09T20:59:01Z,185
2026-10-10T00:04:22Z,3043,2026-10-09T20:30:39Z,213
2026-10-10T00:04:22Z,3044,2026-10-09T20:32:14Z,212
2026-10-10T00:04:22Z,3045,2026-10-09T20:34:01Z,210
2026-10-10T00:04:22Z,3046,2026-10-09T21:55:04Z,129
2026-10-10T00:04:22Z,3049,2026-10-09T17:05:16Z,419
2026-10-10T00:04:22Z,3050,2026-10-09T21:20:50Z,163
2026-10-10T00:04:22Z,3052,2026-10-09T16:20:18Z,464
2026-10-10T00:04:22Z,3053,2026-10-09T13:33:08Z,631
2026-10-10T00:04:22Z,3054,2026-10-09T18:36:04Z,328
2026-10-10T00:04:22Z,3055,2026-10-09T13:30:53Z,633
2026-10-10T00:04:22Z,3056,2026-10-09T21:19:23Z,164
2026-10-10T00:04:22Z,3057,2026-10-09T21:19:02Z,165
2026-10-10T00:04:22Z,3058,2026-10-09T21:23:40Z,160
2026-10-10T00:04:22Z,3059,2026-10-09T17:36:04Z,388
2026-10-10T00:04:22Z,3060,2026-10-09T16:25:46Z,458
2026-10-10T00:04:22Z,3061,2026-10-10T00:00:06Z,4
2026-10-10T00:04:22Z,3062,2026-10-09T21:08:16Z,176
2026-10-10T00:04:22Z,3063,2026-10-09T13:59:37Z,604
2026-10-10T00:04:22Z,3064,2026-10-09T12:08:57Z,715
2026-10-10T00:04:22Z,3065,2026-10-09T20:30:01Z,214
2026-10-10T00:04:22Z,3066,2026-10-09T23:15:00Z,49
2026-10-10T00:04:22Z,3067,2026-10-09T14:15:58Z,588
2026-10-10T00:04:22Z,3068,2026-10-09T17:05:58Z,418
2026-10-10T00:04:22Z,3069,2026-10-07T07:01:09Z,3903
2026-10-10T00:04:22Z,3070,2026-10-09T22:31:25Z,92
2026-10-10T00:04:22Z,3071,2026-10-09T16:43:10Z,441
2026-10-10T00:04:22Z,3072,2026-10-09T18:23:26Z,340
2026-10-10T00:04:22Z,3073,2026-10-09T21:00:15Z,184
2026-10-10T00:04:22Z,3074,2026-10-09T20:36:22Z,208
2026-10-10T00:04:22Z,3075,2026-10-09T20:44:43Z,199
2026-10-10T00:04:22Z,3076,2026-10-09T15:24:22Z,520
2026-10-10T00:04:22Z,3077,2026-10-08T11:32:04Z,2192
2026-10-10T00:04:22Z,3078,2026-10-07T10:48:47Z,3675
2026-10-10T00:04:22Z,3079,2026-10-07T12:27:19Z,3577
2026-10-10T00:04:22Z,3080,2026-10-09T14:08:26Z,595
2026-10-10T00:04:22Z,3081,2026-10-09T15:50:06Z,494
2026-10-10T00:04:22Z,3082,2026-10-08T14:28:46Z,2015
2026-10-10T00:04:22Z,3083,2026-10-09T17:55:49Z,368
2026-10-10T00:04:22Z,3084,2026-10-09T20:29:33Z,214
2026-10-10T00:04:22Z,3085,2026-10-09T14:57:58Z,546
2026-10-10T00:04:22Z,3086,2026-10-09T11:55:18Z,729
2026-10-10T00:04:22Z,3087,2026-10-05T12:02:18Z,6482
2026-10-10T00:04:22Z,3088,2026-10-09T14:30:11Z,574
2026-10-10T00:04:22Z,3089,2026-10-09T13:00:08Z,664
2026-10-10T00:04:22Z,3091,2026-10-09T14:23:33Z,580
2026-10-10T00:04:22Z,3092,2026-10-09T17:10:59Z,413
2026-10-10T00:04:22Z,3093,2026-10-09T09:40:52Z,863
2026-10-10T00:04:22Z,3094,2026-10-09T17:07:52Z,416
2026-10-10T00:04:22Z,3095,2026-10-09T17:56:33Z,367
2026-10-10T00:04:22Z,3096,2026-10-09T17:08:13Z,416
2026-10-10T00:04:22Z,3101,2026-10-09T15:59:52Z,484
2026-10-10T00:04:22Z,3102,2026-10-09T17:10:52Z,413
2026-10-10T00:04:22Z,3103,2026-10-09T21:00:17Z,184
2026-10-10T00:04:22Z,3105,2026-10-09T21:48:23Z,135
2026-10-10T00:04:22Z,3107,2026-10-09T14:44:34Z,559
2026-10-10T00:04:22Z,3108,2026-10-09T21:00:19Z,184
2026-10-10T00:04:22Z,3109,2026-10-09T21:51:44Z,132
2026-10-10T00:04:22Z,3110,2026-10-09T20:05:09Z,239
2026-10-10T00:04:22Z,3111,2026-10-09T18:31:30Z,332
2026-10-10T00:04:22Z,3112,2026-10-09T18:55:46Z,308
2026-10-10T00:04:22Z,3113,2026-10-09T16:28:17Z,456
2026-10-10T00:04:22Z,3116,2026-10-09T20:20:50Z,223
2026-10-10T00:04:22Z,3117,2026-10-09T20:44:49Z,199
2026-10-10T00:04:22Z,3118,2026-10-09T22:57:55Z,66
2026-10-10T00:04:22Z,3131,2026-10-09T16:16:59Z,467
2026-10-10T00:04:22Z,3132,2026-10-10T00:00:05Z,4
2026-10-10T00:04:22Z,3133,2026-10-10T00:00:05Z,4
2026-10-10T00:04:22Z,3134,2026-10-10T00:00:05Z,4
2026-10-10T00:04:22Z,3135,2026-10-10T00:00:05Z,4
2026-10-10T00:04:22Z,3136,2026-10-10T00:00:05Z,4
2026-10-10T00:04:22Z,3137,2026-10-10T00:00:05Z,4
2026-10-10T00:04:22Z,3138,2026-10-10T00:00:05Z,4
2026-10-10T00:04:22Z,3139,2026-10-09T17:29:29Z,394
2026-10-10T00:04:22Z,3140,2026-10-09T13:05:53Z,658
2026-10-10T00:04:22Z,3141,2026-10-09T18:32:13Z,332
2026-10-10T00:04:22Z,3142,2026-10-09T23:02:04Z,62
2026-10-10T00:04:22Z,3143,2026-10-09T15:33:39Z,510
2026-10-10T00:04:22Z,3144,2026-10-09T17:08:09Z,416
2026-10-10T00:04:22Z,3149,2026-10-10T00:00:05Z,4
2026-10-10T00:04:22Z,3150,2026-10-10T00:00:05Z,4
2026-10-10T00:04:22Z,3151,2026-10-10T00:00:05Z,4
2026-10-10T00:04:22Z,3152,2026-10-10T00:00:05Z,4
2026-10-10T00:04:22Z,3153,2026-10-09T10:07:03Z,837
2026-10-10T00:04:22Z,3154,2026-10-09T17:36:14Z,388
2026-10-10T00:04:22Z,3155,2026-10-10T00:00:05Z,4
2026-10-10T00:04:22Z,3156,2026-10-10T00:00:05Z,4
2026-10-10T00:04:22Z,3157,2026-10-10T00:00:05Z,4
2026-10-10T00:04:22Z,3158,2026-10-10T00:00:05Z,4
2026-10-10T00:04:22Z,3159,2026-10-10T00:00:05Z,4
2026-10-10T00:04:22Z,3160,2026-10-09T17:12:49Z,411
2026-10-10T00:04:22Z,3161,2026-10-10T00:00:05Z,4
2026-10-10T00:04:22Z,3162,2026-10-10T00:00:05Z,4
2026-10-10T00:04:22Z,3163,2026-10-10T00:00:05Z,4
2026-10-10T00:04:22Z,3164,2026-10-10T00:00:05Z,4
2026-10-10T00:04:22Z,3166,2026-10-10T00:00:05Z,4
2026-10-10T00:04:22Z,3167,2026-10-10T00:00:05Z,4
2026-10-10T00:04:22Z,3168,2026-10-10T00:00:05Z,4
2026-10-10T00:04:22Z,3169,2026-10-10T00:00:05Z,4
2026-10-10T00:04:22Z,3170,2026-10-09T19:36:46Z,267
2026-10-10T00:04:22Z,3171,2026-10-10T00:00:05Z,4
2026-10-10T00:04:22Z,3173,2026-10-10T00:00:05Z,4
2026-10-10T00:04:22Z,3174,2026-10-10T00:00:05Z,4
2026-10-10T00:04:22Z,3176,2026-10-10T00:00:05Z,4
2026-10-10T00:04:22Z,3181,2026-10-10T00:00:05Z,4
2026-10-10T00:04:22Z,3182,2026-10-10T00:00:05Z,4
2026-10-10T00:04:22Z,3183,2026-10-09T10:57:23Z,786
2026-10-10T00:04:22Z,3184,2026-10-10T00:00:05Z,4
2026-10-10T00:04:22Z,3185,2026-10-10T00:00:05Z,4
2026-10-10T00:04:22Z,3186,2026-10-10T00:00:05Z,4
2026-10-10T00:04:22Z,3187,2026-10-10T00:00:05Z,4
2026-10-10T00:04:22Z,3189,2026-10-10T00:00:05Z,4
2026-10-10T00:04:22Z,3190,2026-10-10T00:00:05Z,4
2026-10-10T00:04:22Z,3193,2026-10-10T00:00:05Z,4
2026-10-10T00:04:22Z,3194,2026-10-10T00:00:05Z,4
2026-10-10T00:04:22Z,3195,2026-10-10T00:00:05Z,4
2026-10-10T00:04:22Z,3196,2026-10-10T00:00:05Z,4
2026-10-10T00:04:22Z,3201,2026-10-10T00:00:05Z,4
2026-10-10T00:04:22Z,3202,2026-10-09T15:08:41Z,535
2026-10-10T00:04:22Z,3203,2026-10-10T00:00:05Z,4
2026-10-10T00:04:22Z,3204,2026-10-10T00:00:05Z,4
2026-10-10T00:04:22Z,3205,2026-10-09T13:24:55Z,639
2026-10-10T00:04:22Z,3209,2026-10-10T00:00:05Z,4
2026-10-10T00:04:22Z,3210,2026-10-10T00:00:05Z,4
2026-10-10T00:04:22Z,3211,2026-10-09T21:19:23Z,164
2026-10-10T00:04:22Z,3213,2026-10-09T20:44:04Z,200
2026-10-10T00:04:22Z,3214,2026-10-09T18:52:03Z,312
2026-10-10T00:04:22Z,3216,2026-10-09T15:48:00Z,496
2026-10-10T00:04:22Z,3219,2026-10-09T21:01:11Z,183
2026-10-10T00:04:22Z,3220,2026-10-09T21:01:17Z,183
2026-10-10T00:04:22Z,3221,2026-10-09T21:00:53Z,183
2026-10-10T00:04:22Z,3222,2026-10-09T21:00:53Z,183
2026-10-10T00:04:22Z,3225,2026-10-09T21:00:41Z,183
2026-10-10T00:04:22Z,3226,2026-10-09T21:01:21Z,183
2026-10-10T00:04:22Z,3227,2026-10-09T21:00:49Z,183
2026-10-10T00:04:22Z,3228,2026-10-09T21:00:55Z,183
2026-10-10T00:04:22Z,3229,2026-10-09T21:01:07Z,183
2026-10-10T00:04:22Z,3230,2026-10-09T21:01:24Z,182
2026-10-10T00:04:22Z,3231,2026-10-09T21:01:04Z,183
2026-10-10T00:04:22Z,3233,2026-10-09T15:28:54Z,515
2026-10-10T00:04:22Z,3234,2026-10-09T21:01:25Z,182
2026-10-10T00:04:22Z,3240,2026-10-09T21:00:16Z,184
2026-10-10T00:04:22Z,3241,2026-10-09T05:14:19Z,1130
2026-10-10T00:04:22Z,3242,2026-10-09T15:59:35Z,484
2026-10-10T00:04:22Z,3243,2026-10-09T11:55:00Z,729
2026-10-10T00:04:22Z,3244,2026-10-09T18:01:19Z,363
2026-10-10T00:04:22Z,3245,2026-10-09T18:20:18Z,344
2026-10-10T00:04:22Z,3246,2026-10-09T20:01:06Z,243
2026-10-10T00:04:22Z,3247,2026-10-09T19:57:54Z,246
2026-10-10T00:04:22Z,3248,2026-10-09T17:36:03Z,388
2026-10-10T00:04:22Z,3249,2026-10-09T16:14:48Z,469
2026-10-10T00:04:22Z,3250,2026-10-09T15:34:46Z,509
2026-10-10T00:04:22Z,3251,2026-10-09T15:38:55Z,505
2026-10-10T00:04:22Z,3252,2026-10-08T10:14:26Z,2269
2026-10-10T00:04:22Z,3253,2026-10-08T17:13:32Z,1850
2026-10-10T00:04:22Z,3254,2026-10-09T21:01:22Z,183
2026-10-10T00:04:22Z,3256,2026-10-09T23:20:01Z,44
2026-10-10T00:04:22Z,3258,2026-10-09T21:01:06Z,183
2026-10-10T00:04:22Z,3261,2026-10-09T21:00:50Z,183
2026-10-10T00:04:22Z,3276,2026-10-09T21:00:55Z,183
2026-10-10T00:04:22Z,3277,2026-10-09T21:00:50Z,183
2026-10-10T00:04:22Z,3278,2026-10-09T21:00:51Z,183
2026-10-10T00:04:22Z,3279,2026-10-09T21:01:06Z,183
2026-10-10T00:04:22Z,3280,2026-10-09T21:01:02Z,183
2026-10-10T00:04:22Z,3281,2026-10-09T21:01:10Z,183
2026-10-10T00:04:22Z,3283,2026-10-09T21:00:49Z,183
2026-10-10T00:04:22Z,3285,2026-10-09T21:00:40Z,183
2026-10-10T00:04:22Z,3287,2026-10-09T21:00:54Z,183
2026-10-10T00:04:22Z,3289,2026-10-09T21:01:08Z,183
2026-10-10T00:04:22Z,3294,2026-10-09T21:00:55Z,183
2026-10-10T00:04:22Z,3304,2026-10-09T21:06:27Z,177
2026-10-10T00:04:22Z,3305,2026-10-09T21:00:46Z,183
2026-10-10T00:04:22Z,3306,2026-10-09T21:00:46Z,183
2026-10-10T00:04:22Z,3308,2026-10-09T21:01:03Z,183
2026-10-10T00:04:22Z,3309,2026-10-09T18:01:21Z,363
2026-10-10T00:04:22Z,3318,2026-10-09T23:14:09Z,50
2026-10-10T00:04:22Z,3319,2026-10-09T04:45:57Z,1158
2026-10-10T00:04:22Z,3322,2026-09-29T10:14:53Z,15229
2026-10-10T00:04:22Z,3323,2026-10-09T15:30:21Z,514
2026-10-10T00:04:22Z,3325,2026-10-09T21:01:17Z,183
2026-10-10T00:04:22Z,3328,2026-10-09T22:41:04Z,83
2026-10-10T00:04:22Z,3341,2026-10-09T17:54:56Z,369
2026-10-10T00:04:22Z,3380,2026-10-09T19:09:33Z,294
2026-10-10T00:04:22Z,3381,2026-10-09T19:09:31Z,294
2026-10-10T00:04:22Z,3382,2026-10-09T19:22:40Z,281
2026-10-10T00:04:22Z,3383,2026-10-09T19:09:30Z,294
2026-10-10T00:04:22Z,3384,2026-10-09T23:02:21Z,62
2026-10-10T00:04:22Z,3385,2026-10-09T19:09:31Z,294
2026-10-10T00:04:22Z,3386,2026-10-09T19:09:31Z,294
2026-10-10T00:04:22Z,3387,2026-10-09T19:09:22Z,295
2026-10-10T00:04:22Z,3389,2026-10-09T20:05:08Z,239
2026-10-10T00:04:22Z,3390,2026-10-09T20:14:41Z,229
2026-10-10T00:04:22Z,3391,2026-10-09T19:09:56Z,294
2026-10-10T00:04:22Z,3392,2026-10-09T19:09:17Z,295
2026-10-10T00:04:22Z,3393,2026-10-09T19:09:18Z,295
2026-10-10T00:04:22Z,3394,2026-10-09T19:09:18Z,295
2026-10-10T00:04:22Z,3395,2026-10-09T19:09:19Z,295
2026-10-10T00:04:22Z,3396,2026-10-09T19:09:19Z,295
2026-10-10T00:04:22Z,3397,2026-10-09T19:09:56Z,294
2026-10-10T00:04:22Z,3398,2026-10-09T19:09:19Z,295
2026-10-10T00:04:22Z,3399,2026-10-09T21:50:10Z,134
2026-10-10T00:04:22Z,3400,2026-10-09T19:16:30Z,287
2026-10-10T00:04:22Z,3401,2026-10-09T20:22:08Z,222
2026-10-10T00:04:22Z,3402,2026-10-09T19:09:21Z,295
2026-10-10T00:04:22Z,3404,2026-10-09T19:10:03Z,294
2026-10-10T00:04:22Z,3405,2026-10-09T19:10:03Z,294
2026-10-10T00:04:22Z,3406,2026-10-09T19:10:03Z,294
2026-10-10T00:04:22Z,3407,2026-10-09T19:09:51Z,294
2026-10-10T00:04:22Z,3408,2026-10-09T19:10:10Z,294
2026-10-10T00:04:22Z,3409,2026-10-09T19:09:17Z,295
2026-10-10T00:04:22Z,3410,2026-10-09T19:09:49Z,294
2026-10-10T00:04:22Z,3411,2026-10-09T20:38:55Z,205
2026-10-10T00:04:22Z,3412,2026-10-09T19:09:23Z,294
2026-10-10T00:04:22Z,3413,2026-10-09T19:24:14Z,280
2026-10-10T00:04:22Z,3414,2026-10-09T23:38:02Z,26
2026-10-10T00:04:22Z,3415,2026-10-09T19:09:22Z,295
2026-10-10T00:04:22Z,3416,2026-10-09T19:09:57Z,294
2026-10-10T00:04:22Z,3417,2026-10-09T19:09:25Z,294
2026-10-10T00:04:22Z,3418,2026-10-09T19:09:49Z,294
2026-10-10T00:04:22Z,3419,2026-10-09T22:34:41Z,89
2026-10-10T00:04:22Z,3420,2026-10-09T19:10:06Z,294
2026-10-10T00:04:22Z,3421,2026-10-09T22:44:44Z,79
2026-10-10T00:04:22Z,3423,2026-10-09T19:09:49Z,294
2026-10-10T00:04:22Z,3424,2026-10-09T19:09:24Z,294
2026-10-10T00:04:22Z,3425,2026-10-09T19:09:24Z,294
2026-10-10T00:04:22Z,3426,2026-10-09T20:37:12Z,207
2026-10-10T00:04:22Z,3427,2026-10-09T19:09:16Z,295
2026-10-10T00:04:22Z,3428,2026-10-09T19:13:18Z,291
2026-10-10T00:04:22Z,3429,2026-10-09T19:09:22Z,295
2026-10-10T00:04:22Z,3430,2026-10-09T19:09:24Z,294
2026-10-10T00:04:22Z,3431,2026-10-09T19:09:24Z,294
2026-10-10T00:04:22Z,3432,2026-10-09T23:37:54Z,26
2026-10-10T00:04:22Z,3433,2026-10-09T19:09:26Z,294
2026-10-10T00:04:22Z,3435,2026-10-09T19:09:26Z,294
2026-10-10T00:04:22Z,3436,2026-10-09T19:09:27Z,294
2026-10-10T00:04:22Z,3437,2026-10-09T19:09:50Z,294
2026-10-10T00:04:22Z,3438,2026-10-09T19:09:51Z,294
2026-10-10T00:04:22Z,3439,2026-10-09T19:09:29Z,294
2026-10-10T00:04:22Z,3440,2026-10-09T23:58:26Z,5
2026-10-10T00:04:22Z,3441,2026-10-09T19:24:38Z,279
2026-10-10T00:04:22Z,3442,2026-10-09T19:09:31Z,294
2026-10-10T00:04:22Z,3443,2026-10-09T19:09:31Z,294
2026-10-10T00:04:22Z,3444,2026-10-09T19:09:32Z,294
2026-10-10T00:04:22Z,3445,2026-10-09T19:09:32Z,294
2026-10-10T00:04:22Z,3446,2026-10-09T19:09:42Z,294
2026-10-10T00:04:22Z,3447,2026-10-09T19:09:43Z,294
2026-10-10T00:04:22Z,3448,2026-10-09T19:09:44Z,294
2026-10-10T00:04:22Z,3449,2026-10-09T19:09:45Z,294
2026-10-10T00:04:22Z,3450,2026-10-09T19:09:45Z,294
2026-10-10T00:04:22Z,3451,2026-10-09T19:09:51Z,294
2026-10-10T00:04:22Z,3452,2026-10-09T21:36:24Z,147
2026-10-10T00:04:22Z,3453,2026-10-09T19:09:49Z,294
2026-10-10T00:04:22Z,3454,2026-10-09T19:09:50Z,294
2026-10-10T00:04:22Z,3455,2026-10-09T23:18:15Z,46
2026-10-10T00:04:22Z,3456,2026-10-09T19:09:52Z,294
2026-10-10T00:04:22Z,3457,2026-10-09T19:09:52Z,294
2026-10-10T00:04:22Z,3458,2026-10-09T19:09:53Z,294
2026-10-10T00:04:22Z,3459,2026-10-09T19:09:53Z,294
2026-10-10T00:04:22Z,3460,2026-10-09T19:09:55Z,294
2026-10-10T00:04:22Z,3461,2026-10-09T21:28:47Z,155
2026-10-10T00:04:22Z,3462,2026-10-09T19:10:00Z,294
2026-10-10T00:04:22Z,3463,2026-10-09T19:10:02Z,294
2026-10-10T00:04:22Z,3464,2026-10-09T19:10:07Z,294
2026-10-10T00:04:22Z,3465,2026-10-09T19:10:07Z,294
2026-10-10T00:04:22Z,3466,2026-10-09T19:10:08Z,294
2026-10-10T00:04:22Z,3467,2026-10-09T19:10:10Z,294
2026-10-10T00:04:22Z,3468,2026-10-09T19:10:12Z,294
2026-10-10T00:04:22Z,3469,2026-10-09T22:28:16Z,96
2026-10-10T00:04:22Z,3470,2026-10-09T17:14:24Z,409
2026-10-10T00:04:22Z,3471,2026-08-31T10:04:31Z,56999
2026-10-10T00:04:22Z,3472,2026-10-09T21:01:13Z,183
2026-10-10T00:04:22Z,3473,2026-10-09T19:10:15Z,294
2026-10-10T00:04:22Z,3477,2026-10-08T17:25:11Z,1839
2026-10-10T00:04:22Z,3478,2026-10-09T17:39:34Z,384
2026-10-10T00:04:22Z,3479,2026-10-09T23:38:14Z,26
2026-10-10T00:04:22Z,3488,2026-10-09T21:00:20Z,184
2026-10-10T00:04:22Z,3489,2026-10-09T21:43:01Z,141
2026-10-10T00:04:22Z,3490,2026-10-09T22:08:15Z,116
2026-10-10T00:04:22Z,3491,2026-10-09T09:17:56Z,886
2026-10-10T00:04:22Z,3594,2026-10-09T17:08:18Z,416
2026-10-10T00:04:22Z,3595,2026-10-09T20:00:06Z,244
2026-10-10T00:04:22Z,3596,2026-10-09T18:05:40Z,358
2026-10-10T00:04:22Z,3597,2026-10-09T19:10:18Z,294
2026-10-10T00:04:22Z,3598,2026-10-09T19:40:58Z,263
2026-10-10T00:04:22Z,3599,2026-10-09T21:01:26Z,182
2026-10-10T00:04:22Z,3600,2026-10-09T19:10:19Z,294
2026-10-10T00:04:22Z,3601,2026-10-09T19:10:19Z,294
2026-10-10T00:04:22Z,3602,2026-10-09T17:04:06Z,420
2026-10-10T00:04:22Z,3603,2026-10-09T19:10:19Z,294
2026-10-10T00:04:22Z,3605,2026-10-09T23:26:28Z,37
2026-10-10T00:04:22Z,3606,2026-10-09T15:16:35Z,527
2026-10-10T00:04:22Z,3607,2026-10-09T21:00:49Z,183
2026-10-10T00:04:22Z,3608,2026-10-09T13:38:10Z,626
2026-10-10T00:04:22Z,3609,2026-08-17T08:18:12Z,77266
2026-10-10T00:04:22Z,3615,2026-10-09T19:10:21Z,294
2026-10-10T00:04:22Z,3618,2026-10-09T19:51:49Z,252
2026-10-10T00:04:22Z,3619,2026-10-09T19:10:21Z,294
2026-10-10T00:04:22Z,3620,2026-10-09T15:22:20Z,522
2026-10-10T00:04:22Z,3621,2026-10-08T13:51:42Z,2052
2026-10-10T00:04:22Z,3622,2026-10-09T16:49:43Z,434
2026-10-10T00:04:22Z,3623,2026-10-09T16:45:30Z,438
2026-10-10T00:04:22Z,3624,2026-10-09T19:42:56Z,261
2026-10-10T00:04:22Z,3625,2026-10-09T21:42:55Z,141
2026-10-10T00:04:22Z,3629,2026-10-09T22:43:55Z,80
2026-10-10T00:04:22Z,3630,2026-10-09T19:29:12Z,275
2026-10-10T00:04:22Z,3631,2026-10-09T18:00:29Z,363
2026-10-10T00:04:22Z,3632,2026-10-09T12:04:55Z,719
2026-10-10T00:04:22Z,3633,2026-10-09T17:34:51Z,389
2026-10-10T00:04:22Z,3638,2026-07-25T13:14:56Z,110089
2026-10-10T00:04:22Z,3639,2026-10-08T18:38:23Z,1765
2026-10-10T00:04:22Z,3641,2026-10-08T18:53:35Z,1750
2026-10-10T00:04:22Z,3642,2026-10-09T20:11:03Z,233
2026-10-10T00:04:22Z,3643,2026-10-08T08:39:07Z,2365
2026-10-10T00:04:22Z,3644,2026-07-01T15:55:56Z,144488
2026-10-10T00:04:22Z,3645,2026-10-09T09:39:45Z,864
2026-10-10T00:04:22Z,3646,2026-10-09T21:01:15Z,183
2026-10-10T00:04:22Z,3678,2026-10-09T20:42:37Z,201
2026-10-10T00:04:22Z,3681,2026-10-09T22:16:57Z,107
2026-10-10T00:04:22Z,3682,2026-10-09T20:51:23Z,192
2026-10-10T00:04:22Z,3683,2026-10-09T15:43:59Z,500
2026-10-10T00:04:22Z,3684,2026-10-10T00:00:06Z,4
2026-10-10T00:04:22Z,3685,2026-10-09T17:46:26Z,377
2026-10-10T00:04:22Z,3686,2026-10-09T17:09:07Z,415
2026-10-10T00:04:22Z,3687,2026-10-08T05:28:04Z,2556
2026-10-10T00:04:22Z,3688,2026-10-10T00:00:17Z,4
2026-10-10T00:04:22Z,3690,2026-10-08T15:49:22Z,1935
2026-10-10T00:04:22Z,3691,2026-10-09T18:23:49Z,340
2026-10-10T00:04:22Z,3692,2026-10-09T15:43:59Z,500
2026-10-10T00:04:22Z,3693,2026-10-09T15:44:02Z,500
2026-10-10T00:04:22Z,3694,2026-10-09T21:36:17Z,148
2026-10-10T00:04:22Z,3695,2026-10-09T15:44:16Z,500
2026-10-10T00:04:22Z,3696,2026-10-09T15:43:59Z,500
2026-10-10T00:04:22Z,3697,2026-10-10T00:00:19Z,4
2026-10-10T00:04:22Z,3698,2026-10-09T19:10:24Z,293
2026-10-10T00:04:22Z,3699,2026-10-09T15:44:01Z,500
2026-10-10T00:04:22Z,3700,2026-10-09T15:44:01Z,500
2026-10-10T00:04:22Z,3701,2026-10-10T00:00:20Z,4
2026-10-10T00:04:22Z,3702,2026-10-09T15:44:07Z,500
2026-10-10T00:04:22Z,3703,2026-10-09T15:44:01Z,500
2026-10-10T00:04:22Z,3704,2026-10-10T00:00:18Z,4
2026-10-10T00:04:22Z,3706,2026-10-09T20:34:46Z,209
2026-10-10T00:04:22Z,3707,2026-10-09T20:44:26Z,199
2026-10-10T00:04:22Z,3708,2026-10-09T20:34:46Z,209
2026-10-10T00:04:22Z,3709,2026-10-09T13:20:20Z,644
2026-10-10T00:04:22Z,3710,2026-10-09T20:56:39Z,187
2026-10-10T00:04:22Z,3711,2026-10-09T22:14:42Z,109
2026-10-10T00:04:22Z,3712,2026-10-09T20:40:12Z,204
2026-10-10T00:04:22Z,3714,2026-10-09T20:26:28Z,217
2026-10-10T00:04:22Z,3715,2026-10-09T19:19:57Z,284
2026-10-10T00:04:22Z,3716,2026-10-09T21:01:01Z,183
2026-10-10T00:04:22Z,3717,2026-10-09T21:00:12Z,184
2026-10-10T00:04:22Z,3718,2026-10-09T20:44:26Z,199
2026-10-10T00:04:22Z,3719,2026-10-09T20:26:53Z,217
2026-10-10T00:04:22Z,3720,2026-10-09T22:06:06Z,118
2026-10-10T00:04:22Z,3721,2026-10-09T21:17:06Z,167
2026-10-10T00:04:22Z,3723,2026-10-09T20:44:28Z,199
2026-10-10T00:04:22Z,3724,2026-10-09T18:52:23Z,311
2026-10-10T00:04:22Z,3725,2026-10-08T15:49:03Z,1935
2026-10-10T00:04:22Z,3726,2026-10-09T15:43:59Z,500
2026-10-10T00:04:22Z,3727,2026-10-10T00:00:18Z,4
2026-10-10T00:04:22Z,3728,2026-10-09T18:29:12Z,335
2026-10-10T00:04:22Z,3729,2026-10-10T00:00:17Z,4
2026-10-10T00:04:22Z,3730,2026-10-10T00:00:17Z,4
2026-10-10T00:04:22Z,3732,2026-10-08T15:49:20Z,1935
2026-10-10T00:04:22Z,3733,2026-10-08T15:48:51Z,1935
2026-10-10T00:04:22Z,3734,2026-10-09T15:44:17Z,500
2026-10-10T00:04:22Z,3735,2026-10-10T00:00:19Z,4
2026-10-10T00:04:22Z,3736,2026-10-09T15:43:55Z,500
2026-10-10T00:04:22Z,3737,2026-10-09T15:44:00Z,500
2026-10-10T00:04:22Z,3738,2026-10-09T15:44:00Z,500
2026-10-10T00:04:22Z,3739,2026-10-09T15:43:59Z,500
2026-10-10T00:04:22Z,3740,2026-10-10T00:00:18Z,4
2026-10-10T00:04:22Z,3741,2026-09-08T03:30:17Z,45874
2026-10-10T00:04:22Z,3742,2026-10-09T17:54:27Z,369
2026-10-10T00:04:22Z,3743,2026-10-09T15:43:55Z,500
2026-10-10T00:04:22Z,3744,2026-10-10T00:00:18Z,4
2026-10-10T00:04:22Z,3745,2026-10-09T15:43:58Z,500
2026-10-10T00:04:22Z,3746,2026-10-09T15:43:58Z,500
2026-10-10T00:04:22Z,3747,2026-10-09T15:43:58Z,500
2026-10-10T00:04:22Z,3748,2026-10-09T15:44:01Z,500
2026-10-10T00:04:22Z,3749,2026-10-09T15:44:18Z,500
2026-10-10T00:04:22Z,3750,2026-10-09T15:44:01Z,500
2026-10-10T00:04:22Z,3751,2026-10-09T17:12:08Z,412
2026-10-10T00:04:22Z,3752,2026-10-10T00:00:19Z,4
2026-10-10T00:04:22Z,3753,2026-10-10T00:00:18Z,4
2026-10-10T00:04:22Z,3754,2026-10-09T15:44:03Z,500
2026-10-10T00:04:22Z,3755,2026-10-10T00:00:18Z,4
2026-10-10T00:04:22Z,3756,2026-10-09T15:44:13Z,500
2026-10-10T00:04:22Z,3757,2026-10-09T15:44:04Z,500
2026-10-10T00:04:22Z,3758,2026-10-09T18:37:33Z,326
2026-10-10T00:04:22Z,3759,2026-10-10T00:00:19Z,4
2026-10-10T00:04:22Z,3760,2026-10-10T00:00:19Z,4
2026-10-10T00:04:22Z,3762,2026-10-09T16:49:17Z,435
2026-10-10T00:04:22Z,3763,2026-10-09T15:43:54Z,500
2026-10-10T00:04:22Z,3764,2026-10-10T00:00:18Z,4
2026-10-10T00:04:22Z,3765,2026-10-10T00:00:19Z,4
2026-10-10T00:04:22Z,3766,2026-10-10T00:00:18Z,4
2026-10-10T00:04:22Z,3767,2026-10-09T23:29:22Z,35
2026-10-10T00:04:22Z,3768,2026-10-09T15:44:17Z,500
2026-10-10T00:04:22Z,3769,2026-10-10T00:00:18Z,4
2026-10-10T00:04:22Z,3770,2026-10-10T00:00:18Z,4
2026-10-10T00:04:22Z,3771,2026-10-09T15:45:00Z,499
2026-10-10T00:04:22Z,3772,2026-10-09T15:43:58Z,500
2026-10-10T00:04:22Z,3773,2026-10-09T15:43:58Z,500
2026-10-10T00:04:22Z,3774,2026-10-09T15:43:58Z,500
2026-10-10T00:04:22Z,3775,2026-10-09T15:44:01Z,500
2026-10-10T00:04:22Z,3776,2026-10-09T18:30:46Z,333
2026-10-10T00:04:22Z,3777,2026-08-05T05:12:17Z,94732
2026-10-10T00:04:22Z,3778,2026-10-09T15:54:27Z,489
2026-10-10T00:04:22Z,3779,2026-10-09T15:44:00Z,500
2026-10-10T00:04:22Z,3780,2026-10-09T23:59:53Z,4
2026-10-10T00:04:22Z,3781,2026-10-09T15:44:03Z,500
2026-10-10T00:04:22Z,3782,2026-10-08T15:49:01Z,1935
2026-10-10T00:04:22Z,3783,2026-10-09T15:44:03Z,500
2026-10-10T00:04:22Z,3784,2026-10-09T23:59:55Z,4
2026-10-10T00:04:22Z,3785,2026-10-09T23:59:54Z,4
2026-10-10T00:04:22Z,3786,2026-10-09T15:44:03Z,500
2026-10-10T00:04:22Z,3787,2026-10-08T15:49:05Z,1935
2026-10-10T00:04:22Z,3788,2026-10-09T15:43:59Z,500
2026-10-10T00:04:22Z,3789,2026-10-09T15:44:04Z,500
2026-10-10T00:04:22Z,3790,2026-10-09T15:44:18Z,500
2026-10-10T00:04:22Z,3792,2026-10-08T15:49:05Z,1935
2026-10-10T00:04:22Z,3793,2026-10-09T15:44:02Z,500
2026-10-10T00:04:22Z,3794,2026-10-09T23:59:54Z,4
2026-10-10T00:04:22Z,3795,2026-10-09T15:43:54Z,500
2026-10-10T00:04:22Z,3796,2026-10-08T15:49:04Z,1935
2026-10-10T00:04:22Z,3797,2026-10-09T23:59:55Z,4
2026-10-10T00:04:22Z,3798,2026-10-08T15:49:04Z,1935
2026-10-10T00:04:22Z,3799,2026-10-09T15:43:59Z,500
2026-10-10T00:04:22Z,3800,2026-10-09T15:43:54Z,500
2026-10-10T00:04:22Z,3801,2026-10-08T20:48:28Z,1635
2026-10-10T00:04:22Z,3802,2026-10-08T15:49:06Z,1935
2026-10-10T00:04:22Z,3803,2026-10-09T23:59:56Z,4
2026-10-10T00:04:22Z,3804,2026-10-09T17:01:40Z,422
2026-10-10T00:04:22Z,3805,2026-10-09T18:08:26Z,355
2026-10-10T00:04:22Z,3806,2026-10-09T15:44:01Z,500
2026-10-10T00:04:22Z,3807,2026-10-09T15:44:02Z,500
2026-10-10T00:04:22Z,3808,2026-10-09T15:43:54Z,500
2026-10-10T00:04:22Z,3809,2026-10-09T15:43:59Z,500
2026-10-10T00:04:22Z,3810,2026-10-09T15:43:59Z,500
2026-10-10T00:04:22Z,3811,2026-10-09T15:44:18Z,500
2026-10-10T00:04:22Z,3812,2026-10-09T15:44:01Z,500
2026-10-10T00:04:22Z,3813,2026-10-09T15:43:58Z,500
2026-10-10T00:04:22Z,3814,2026-10-10T00:00:19Z,4
2026-10-10T00:04:22Z,3815,2026-10-08T18:40:44Z,1763
2026-10-10T00:04:22Z,3820,2025-09-01T08:43:33Z,581240
2026-10-10T00:04:22Z,3821,2025-09-01T08:43:06Z,581241
2026-10-10T00:04:22Z,3822,2026-10-02T14:21:22Z,10663
2026-10-10T00:04:22Z,3823,2025-09-01T08:43:04Z,581241
2026-10-10T00:04:22Z,3824,2025-09-01T08:43:16Z,581241
2026-10-10T00:04:22Z,3825,2024-09-03T15:01:56Z,1103582
2026-10-10T00:04:22Z,3827,2026-09-07T13:52:03Z,46692
2026-10-10T00:04:22Z,3829,2026-10-09T17:42:25Z,381
2026-10-10T00:04:22Z,3831,2026-10-09T15:44:01Z,500
2026-10-10T00:04:22Z,3832,2026-10-09T15:44:00Z,500
2026-10-10T00:04:22Z,3833,2026-10-09T15:44:07Z,500
2026-10-10T00:04:22Z,3834,2026-10-09T15:44:00Z,500
2026-10-10T00:04:22Z,3835,2026-10-09T15:44:01Z,500
2026-10-10T00:04:22Z,3836,2026-10-09T15:44:00Z,500
2026-10-10T00:04:22Z,3837,2026-10-09T23:59:56Z,4
2026-10-10T00:04:22Z,3838,2026-10-09T22:45:57Z,78
2026-10-10T00:04:22Z,3839,2026-10-09T16:53:51Z,430
2026-10-10T00:04:22Z,3840,2026-10-09T20:52:19Z,192
2026-10-10T00:04:22Z,3841,2026-10-09T22:46:11Z,78
2026-10-10T00:04:22Z,3842,2026-10-09T20:28:40Z,215
2026-10-10T00:04:22Z,3843,2026-09-10T12:22:52Z,42461
2026-10-10T00:04:22Z,3844,2026-10-09T23:20:44Z,43
2026-10-10T00:04:22Z,3845,2026-10-09T23:47:15Z,17
2026-10-10T00:04:22Z,3846,2026-10-09T19:56:18Z,248
2026-10-10T00:04:22Z,3847,2026-10-09T23:59:55Z,4
2026-10-10T00:04:22Z,3848,2026-10-09T15:43:59Z,500
2026-10-10T00:04:22Z,3849,2026-10-09T23:59:54Z,4
2026-10-10T00:04:22Z,3850,2026-10-09T15:43:59Z,500
2026-10-10T00:04:22Z,3851,2026-10-09T15:44:17Z,500
2026-10-10T00:04:22Z,3852,2026-10-09T23:59:53Z,4
2026-10-10T00:04:22Z,3853,2026-10-09T15:44:01Z,500
2026-10-10T00:04:22Z,3854,2026-10-09T15:43:59Z,500
2026-10-10T00:04:22Z,3855,2026-10-09T15:44:00Z,500
2026-10-10T00:04:22Z,3856,2026-10-09T15:43:59Z,500
2026-10-10T00:04:22Z,3857,2026-10-09T15:43:59Z,500
2026-10-10T00:04:22Z,3858,2026-10-09T19:02:58Z,301
2026-10-10T00:04:22Z,3859,2026-10-08T15:49:00Z,1935
2026-10-10T00:04:22Z,3860,2026-10-09T15:43:59Z,500
2026-10-10T00:04:22Z,3861,2026-10-08T15:49:01Z,1935
2026-10-10T00:04:22Z,3862,2026-10-09T15:44:18Z,500
2026-10-10T00:04:22Z,3863,2026-10-09T18:56:46Z,307
2026-10-10T00:04:22Z,3864,2026-10-09T19:10:27Z,293
2026-10-10T00:04:22Z,3865,2026-10-09T23:59:54Z,4
2026-10-10T00:04:22Z,3866,2026-10-09T05:47:17Z,1097
2026-10-10T00:04:22Z,3867,2026-10-08T15:49:01Z,1935
2026-10-10T00:04:22Z,3868,2026-10-09T23:59:54Z,4
2026-10-10T00:04:22Z,3869,2026-10-09T15:43:48Z,500
2026-10-10T00:04:22Z,3870,2026-10-09T15:44:01Z,500
2026-10-10T00:04:22Z,3871,2026-10-09T21:51:44Z,132
2026-10-10T00:04:22Z,3872,2026-10-09T20:06:41Z,237
2026-10-10T00:04:22Z,3873,2026-10-08T15:49:06Z,1935
2026-10-10T00:04:22Z,3874,2026-10-09T15:44:17Z,500
2026-10-10T00:04:22Z,3875,2026-10-09T15:43:59Z,500
2026-10-10T00:04:22Z,3876,2026-10-09T15:44:00Z,500
2026-10-10T00:04:22Z,3877,2026-10-09T15:44:16Z,500
2026-10-10T00:04:22Z,3878,2026-09-25T21:16:47Z,20327
2026-10-10T00:04:22Z,3879,2026-10-09T15:44:17Z,500
2026-10-10T00:04:22Z,3880,2026-10-09T15:43:48Z,500
2026-10-10T00:04:22Z,3881,2026-10-09T23:59:54Z,4
2026-10-10T00:04:22Z,3882,2026-10-09T19:23:20Z,281
2026-10-10T00:04:22Z,3883,2026-10-09T19:44:30Z,259
2026-10-10T00:04:22Z,3884,2026-09-22T11:44:35Z,25219
2026-10-10T00:04:22Z,3885,2026-10-09T22:04:19Z,120
2026-10-10T00:04:22Z,3886,2026-10-09T15:44:18Z,500
2026-10-10T00:04:22Z,3887,2026-10-09T23:59:52Z,4
2026-10-10T00:04:22Z,3888,2026-10-09T15:44:01Z,500
2026-10-10T00:04:22Z,3889,2026-10-09T20:41:40Z,202
2026-10-10T00:04:22Z,3891,2026-10-09T15:44:01Z,500
2026-10-10T00:04:22Z,3892,2026-10-06T18:48:01Z,4636
2026-10-10T00:04:22Z,3893,2026-10-09T15:44:01Z,500
2026-10-10T00:04:22Z,3894,2026-10-08T15:49:20Z,1935
2026-10-10T00:04:22Z,3895,2026-10-09T15:43:54Z,500
2026-10-10T00:04:22Z,3896,2026-10-09T15:44:01Z,500
2026-10-10T00:04:22Z,3897,2026-10-09T21:19:11Z,165
2026-10-10T00:04:22Z,3898,2026-10-09T15:44:17Z,500
2026-10-10T00:04:22Z,3899,2026-10-08T15:49:22Z,1935
2026-10-10T00:04:22Z,3900,2026-10-09T23:59:55Z,4
2026-10-10T00:04:22Z,3901,2026-10-09T15:43:58Z,500
2026-10-10T00:04:22Z,3902,2026-10-09T15:44:18Z,500
2026-10-10T00:04:22Z,3903,2026-10-09T20:09:24Z,234
2026-10-10T00:04:22Z,3904,2026-10-09T15:44:07Z,500
2026-10-10T00:04:22Z,3905,2026-10-09T15:43:59Z,500
2026-10-10T00:04:22Z,3906,2026-10-09T15:43:59Z,500
2026-10-10T00:04:22Z,3907,2026-04-16T20:24:32Z,253659
2026-10-10T00:04:22Z,3908,2026-10-09T15:44:17Z,500
2026-10-10T00:04:22Z,3909,2026-10-09T15:44:02Z,500
2026-10-10T00:04:22Z,3910,2026-10-09T23:59:54Z,4
2026-10-10T00:04:22Z,3911,2026-10-09T23:59:55Z,4
2026-10-10T00:04:22Z,3912,2026-10-09T15:44:02Z,500
2026-10-10T00:04:22Z,3913,2026-10-08T15:49:19Z,1935
2026-10-10T00:04:22Z,3914,2026-10-09T15:44:13Z,500
2026-10-10T00:04:22Z,3915,2026-10-08T15:48:57Z,1935
2026-10-10T00:04:22Z,3916,2026-10-09T15:43:59Z,500
2026-10-10T00:04:22Z,3917,2026-10-09T15:43:56Z,500
2026-10-10T00:04:22Z,3918,2025-09-23T08:51:00Z,549553
2026-10-10T00:04:22Z,3919,2026-10-09T15:43:55Z,500
2026-10-10T00:04:22Z,3920,2026-10-09T15:44:18Z,500
2026-10-10T00:04:22Z,3921,2026-10-09T23:59:53Z,4
2026-10-10T00:04:22Z,3922,2026-10-09T19:35:15Z,269
2026-10-10T00:04:22Z,3923,2026-10-09T15:44:17Z,500
2026-10-10T00:04:22Z,3924,2026-10-08T15:49:03Z,1935
2026-10-10T00:04:22Z,3925,2026-10-09T15:44:16Z,500
2026-10-10T00:04:22Z,3926,2026-10-09T23:59:53Z,4
2026-10-10T00:04:22Z,3927,2026-10-09T15:44:18Z,500
2026-10-10T00:04:22Z,3928,2026-10-09T23:59:55Z,4
2026-10-10T00:04:22Z,3929,2026-10-06T22:32:18Z,4412
2026-10-10T00:04:22Z,3930,2026-10-09T15:44:18Z,500
2026-10-10T00:04:22Z,3931,2026-10-09T15:44:03Z,500
2026-10-10T00:04:22Z,3932,2026-10-09T23:59:53Z,4
2026-10-10T00:04:22Z,3933,2026-10-09T15:44:03Z,500
2026-10-10T00:04:22Z,3934,2026-10-09T20:24:12Z,220
2026-10-10T00:04:22Z,3935,2026-10-09T15:44:18Z,500
2026-10-10T00:04:22Z,3936,2026-10-09T23:59:55Z,4
2026-10-10T00:04:22Z,3937,2026-10-09T23:59:53Z,4
2026-10-10T00:04:22Z,3938,2026-10-09T15:44:14Z,500
2026-10-10T00:04:22Z,3939,2026-10-09T15:43:54Z,500
2026-10-10T00:04:22Z,3940,2026-10-09T22:47:38Z,76
2026-10-10T00:04:22Z,3941,2026-10-09T15:44:18Z,500
2026-10-10T00:04:22Z,3942,2026-10-09T15:44:03Z,500
2026-10-10T00:04:22Z,3943,2026-10-09T23:59:54Z,4
2026-10-10T00:04:22Z,3944,2026-10-09T15:43:55Z,500
2026-10-10T00:04:22Z,3946,2026-10-09T19:20:32Z,283
2026-10-10T00:04:22Z,3947,2026-10-09T23:59:55Z,4
2026-10-10T00:04:22Z,3948,2026-10-09T15:44:01Z,500
2026-10-10T00:04:22Z,3949,2026-10-09T15:43:48Z,500
2026-10-10T00:04:22Z,3950,2026-10-09T23:59:55Z,4
2026-10-10T00:04:22Z,3951,2026-10-09T23:59:54Z,4
2026-10-10T00:04:22Z,3952,2026-10-09T23:59:54Z,4
2026-10-10T00:04:22Z,3953,2026-10-08T15:49:11Z,1935
2026-10-10T00:04:22Z,3954,2026-10-08T15:49:04Z,1935
2026-10-10T00:04:22Z,3955,2026-10-09T22:59:57Z,64
2026-10-10T00:04:22Z,3956,2026-10-09T23:59:52Z,4
2026-10-10T00:04:22Z,3957,2026-10-09T15:43:55Z,500
2026-10-10T00:04:22Z,3958,2026-10-09T23:59:55Z,4
2026-10-10T00:04:22Z,3959,2026-10-09T23:59:53Z,4
2026-10-10T00:04:22Z,3960,2026-10-09T19:11:48Z,292
2026-10-10T00:04:22Z,3961,2026-10-09T17:47:13Z,377
2026-10-10T00:04:22Z,3962,2026-10-09T15:45:29Z,498
2026-10-10T00:04:22Z,3963,2025-11-13T05:31:37Z,476312
2026-10-10T00:04:22Z,3964,2026-10-09T15:43:59Z,500
2026-10-10T00:04:22Z,3965,2026-10-02T22:15:32Z,10188
2026-10-10T00:04:22Z,3966,2026-10-09T23:59:54Z,4
2026-10-10T00:04:22Z,3967,2026-10-09T15:44:00Z,500
2026-10-10T00:04:22Z,3968,2026-10-09T15:43:59Z,500
2026-10-10T00:04:22Z,3969,2026-10-09T15:43:48Z,500
2026-10-10T00:04:22Z,3970,2026-10-08T15:49:30Z,1934
2026-10-10T00:04:22Z,3971,2026-10-09T14:28:58Z,575
2026-10-10T00:04:22Z,3974,2026-10-08T15:49:01Z,1935
2026-10-10T00:04:22Z,3975,2026-10-09T15:43:48Z,500
2026-10-10T00:04:22Z,3976,2026-10-08T15:48:50Z,1935
2026-10-10T00:04:22Z,3977,2026-10-08T15:49:02Z,1935
2026-10-10T00:04:22Z,3978,2026-10-09T15:44:17Z,500
2026-10-10T00:04:22Z,3979,2026-10-08T15:49:05Z,1935
2026-10-10T00:04:22Z,3980,2026-10-09T17:48:19Z,376
2026-10-10T00:04:22Z,3986,2026-10-09T17:25:34Z,398
2026-10-10T00:04:22Z,3987,2026-10-09T21:01:17Z,183
2026-10-10T00:04:22Z,3988,2026-10-09T13:27:55Z,636
2026-10-10T00:04:22Z,3989,2026-10-09T14:22:00Z,582
2026-10-10T00:04:22Z,3990,2026-10-09T17:30:04Z,394
2026-10-10T00:04:22Z,3991,2026-10-09T15:44:02Z,500
2026-10-10T00:04:22Z,3992,2026-10-09T15:44:02Z,500
2026-10-10T00:04:22Z,3993,2026-10-09T15:44:02Z,500
2026-10-10T00:04:22Z,3994,2025-12-01T16:51:17Z,449713
2026-10-10T00:04:22Z,3995,2026-03-13T20:54:47Z,302589
2026-10-10T00:04:22Z,3996,2026-10-09T19:10:28Z,293
2026-10-10T00:04:22Z,3997,2026-10-09T12:35:12Z,689
2026-10-10T00:04:22Z,3998,2026-10-09T04:50:04Z,1154
2026-10-10T00:04:22Z,3999,2026-10-09T21:01:05Z,183
2026-10-10T00:04:22Z,4000,2026-10-09T11:50:33Z,733
2026-10-10T00:04:22Z,4001,2026-10-09T15:44:18Z,500
2026-10-10T00:04:22Z,4002,2026-10-09T21:41:25Z,142
2026-10-10T00:04:22Z,4003,2026-10-09T15:44:03Z,500
2026-10-10T00:04:22Z,4004,2026-10-09T15:44:00Z,500
2026-10-10T00:04:22Z,4005,2026-10-09T15:43:58Z,500
2026-10-10T00:04:22Z,4006,2026-10-09T15:43:59Z,500
2026-10-10T00:04:22Z,4007,2026-10-09T15:44:00Z,500
2026-10-10T00:04:22Z,4008,2026-10-09T17:36:54Z,387
2026-10-10T00:04:22Z,4009,2026-10-09T15:44:18Z,500
2026-10-10T00:04:22Z,4010,2026-10-09T23:43:59Z,20
2026-10-10T00:04:22Z,4011,2026-10-09T23:43:56Z,20
2026-10-10T00:04:22Z,4012,2026-10-09T23:43:58Z,20
2026-10-10T00:04:22Z,4013,2026-10-09T15:43:59Z,500
2026-10-10T00:04:22Z,4014,2026-10-09T23:59:55Z,4
2026-10-10T00:04:22Z,4015,2026-10-09T15:44:00Z,500
2026-10-10T00:04:22Z,4017,2026-10-08T15:49:02Z,1935
2026-10-10T00:04:22Z,4018,2026-10-09T15:44:01Z,500
2026-10-10T00:04:22Z,4019,2026-10-09T15:44:17Z,500
2026-10-10T00:04:22Z,4020,2026-10-09T15:44:01Z,500
2026-10-10T00:04:22Z,4021,2026-10-08T15:49:02Z,1935
2026-10-10T00:04:22Z,4022,2026-10-08T15:49:01Z,1935
2026-10-10T00:04:22Z,4023,2026-10-09T15:44:18Z,500
2026-10-10T00:04:22Z,4024,2025-09-23T08:50:51Z,549553
2026-10-10T00:04:22Z,4025,2026-10-09T15:44:02Z,500
2026-10-10T00:04:22Z,4026,2026-10-09T15:43:48Z,500
2026-10-10T00:04:22Z,4027,2026-10-09T15:44:00Z,500
2026-10-10T00:04:22Z,4028,2026-10-09T15:44:01Z,500
2026-10-10T00:04:22Z,4029,2026-10-09T15:44:01Z,500
2026-10-10T00:04:22Z,4030,2026-10-09T18:33:32Z,330
2026-10-10T00:04:22Z,4031,2026-10-08T15:48:57Z,1935
2026-10-10T00:04:22Z,4032,2026-10-09T15:43:58Z,500
2026-10-10T00:04:22Z,4033,2026-10-09T15:43:53Z,500
2026-10-10T00:04:22Z,4034,2026-10-08T15:48:59Z,1935
2026-10-10T00:04:22Z,4035,2026-10-09T15:44:01Z,500
2026-10-10T00:04:22Z,4036,2026-10-09T15:44:01Z,500
2026-10-10T00:04:22Z,4037,2026-10-09T23:59:53Z,4
2026-10-10T00:04:22Z,4038,2026-10-09T15:28:56Z,515
2026-10-10T00:04:22Z,4039,2026-10-09T23:59:54Z,4
2026-10-10T00:04:22Z,4040,2026-10-09T23:59:54Z,4
2026-10-10T00:04:22Z,4041,2026-10-09T13:46:28Z,617
2026-10-10T00:04:22Z,4042,2026-10-09T15:43:53Z,500
2026-10-10T00:04:22Z,4043,2026-10-09T18:25:29Z,338
2026-10-10T00:04:22Z,4044,2026-10-09T15:43:58Z,500
2026-10-10T00:04:22Z,4045,2026-10-09T17:51:31Z,372
2026-10-10T00:04:22Z,4046,2026-10-08T15:49:19Z,1935
2026-10-10T00:04:22Z,4047,2026-10-09T17:14:00Z,410
2026-10-10T00:04:22Z,4048,2026-10-08T15:49:05Z,1935
2026-10-10T00:04:22Z,4049,2026-10-09T15:43:55Z,500
2026-10-10T00:04:22Z,4050,2026-10-08T15:48:50Z,1935
2026-10-10T00:04:22Z,4051,2026-10-09T23:59:55Z,4
2026-10-10T00:04:22Z,4052,2026-10-09T15:43:48Z,500
2026-10-10T00:04:22Z,4053,2026-10-09T15:44:17Z,500
2026-10-10T00:04:22Z,4054,2026-10-09T15:43:58Z,500
2026-10-10T00:04:22Z,4055,2026-10-09T15:44:00Z,500
2026-10-10T00:04:22Z,4056,2026-10-09T15:44:17Z,500
2026-10-10T00:04:22Z,4057,2026-10-09T23:59:52Z,4
2026-10-10T00:04:22Z,4058,2026-10-09T23:59:54Z,4
2026-10-10T00:04:22Z,4059,2026-10-09T23:59:56Z,4
2026-10-10T00:04:22Z,4060,2026-10-09T15:44:18Z,500
2026-10-10T00:04:22Z,4061,2026-10-09T15:43:59Z,500
2026-10-10T00:04:22Z,4062,2026-10-09T23:59:54Z,4
2026-10-10T00:04:22Z,4063,2026-10-08T15:49:05Z,1935
2026-10-10T00:04:22Z,4064,2026-10-09T15:43:59Z,500
2026-10-10T00:04:22Z,4065,2026-10-09T15:43:54Z,500
2026-10-10T00:04:22Z,4066,2026-10-09T16:54:55Z,429
2026-10-10T00:04:22Z,4067,2026-10-09T15:43:48Z,500
2026-10-10T00:04:22Z,4068,2026-10-08T15:49:02Z,1935
2026-10-10T00:04:22Z,4069,2026-10-09T04:50:41Z,1153
2026-10-10T00:04:22Z,4070,2026-10-09T16:38:47Z,445
2026-10-10T00:04:22Z,4071,2026-10-09T23:59:54Z,4
2026-10-10T00:04:22Z,4072,2026-10-09T23:59:55Z,4
2026-10-10T00:04:22Z,4073,2026-10-09T23:59:52Z,4
2026-10-10T00:04:22Z,4074,2026-10-09T23:59:52Z,4
2026-10-10T00:04:22Z,4075,2026-10-09T23:59:52Z,4
2026-10-10T00:04:22Z,4076,2026-10-09T23:59:55Z,4
2026-10-10T00:04:22Z,4077,2026-10-08T17:02:44Z,1861
2026-10-10T00:04:22Z,4078,2026-03-11T13:51:24Z,305892
2026-10-10T00:04:22Z,4079,2026-10-09T15:44:01Z,500
2026-10-10T00:04:22Z,4080,2026-10-09T21:50:36Z,133
2026-10-10T00:04:22Z,4081,2026-10-09T08:11:47Z,952
2026-10-10T00:04:22Z,4082,2026-10-09T12:15:18Z,709
2026-10-10T00:04:22Z,4083,2026-10-09T15:29:11Z,515
2026-10-10T00:04:22Z,4084,2026-10-09T16:35:08Z,449
2026-10-10T00:04:22Z,4085,2026-10-09T23:59:55Z,4
2026-10-10T00:04:22Z,4086,2026-10-09T22:46:38Z,77
2026-10-10T00:04:22Z,4087,2026-10-09T21:00:55Z,183
2026-10-10T00:04:22Z,4088,2026-10-09T20:19:42Z,224
2026-10-10T00:04:22Z,4089,2026-10-09T23:59:53Z,4
2026-10-10T00:04:22Z,4090,2026-10-09T16:21:00Z,463
2026-10-10T00:04:22Z,4091,2026-10-09T23:59:53Z,4
2026-10-10T00:04:22Z,4092,2026-10-09T21:00:20Z,184
2026-10-10T00:04:22Z,4093,2026-10-09T18:43:55Z,320
2026-10-10T00:04:22Z,4094,2026-10-09T16:07:14Z,477
2026-10-10T00:04:22Z,4095,2026-08-18T06:34:04Z,75930
2026-10-10T00:04:22Z,4096,2026-08-18T06:02:25Z,75961
2026-10-10T00:04:22Z,4097,2026-08-18T06:46:24Z,75917
2026-10-10T00:04:22Z,4099,2026-10-09T19:43:45Z,260
2026-10-10T00:04:22Z,4100,2026-10-09T23:59:52Z,4
2026-10-10T00:04:22Z,4101,2026-10-08T15:49:08Z,1935
2026-10-10T00:04:22Z,4102,2026-10-09T15:44:00Z,500
2026-10-10T00:04:22Z,4103,2026-10-08T15:49:07Z,1935
2026-10-10T00:04:22Z,4104,2026-10-09T23:59:55Z,4
2026-10-10T00:04:22Z,4105,2026-10-09T18:57:13Z,307
2026-10-10T00:04:22Z,4106,2026-10-09T23:59:53Z,4
2026-10-10T00:04:22Z,4108,2026-10-09T15:43:54Z,500
2026-10-10T00:04:22Z,4109,2026-10-09T23:59:52Z,4
2026-10-10T00:04:22Z,4110,2026-04-14T12:24:37Z,257019
2026-10-10T00:04:22Z,4111,2026-10-09T15:06:40Z,537
2026-10-10T00:04:22Z,4113,2026-03-06T07:58:24Z,313445
2026-10-10T00:04:22Z,4114,2026-10-09T05:47:33Z,1096
2026-10-10T00:04:22Z,4115,2026-10-09T15:44:17Z,500
2026-10-10T00:04:22Z,4117,2026-10-09T23:59:53Z,4
2026-10-10T00:04:22Z,4118,2026-10-09T21:24:11Z,160
2026-10-10T00:04:22Z,4119,2026-10-09T15:44:13Z,500
2026-10-10T00:04:22Z,4121,2026-10-09T21:34:51Z,149
2026-10-10T00:04:22Z,4122,2026-10-09T17:51:58Z,372
2026-10-10T00:04:22Z,4123,2026-10-09T18:34:36Z,329
2026-10-10T00:04:22Z,4124,2026-10-09T18:21:53Z,342
2026-10-10T00:04:22Z,4125,2026-10-09T20:33:37Z,210
2026-10-10T00:04:22Z,4126,2026-10-09T16:52:20Z,432
2026-10-10T00:04:22Z,4127,2026-10-09T15:25:41Z,518
2026-10-10T00:04:22Z,4128,2026-10-09T15:29:17Z,515
2026-10-10T00:04:22Z,4129,2026-10-09T21:05:55Z,178
2026-10-10T00:04:22Z,4130,2026-10-09T18:05:56Z,358
2026-10-10T00:04:22Z,4131,2026-10-09T17:45:05Z,379
2026-10-10T00:04:22Z,4132,2026-10-09T17:32:14Z,392
2026-10-10T00:04:22Z,4133,2026-10-09T18:55:23Z,308
2026-10-10T00:04:22Z,4134,2026-10-10T00:00:06Z,4
2026-10-10T00:04:22Z,4136,2026-10-09T14:56:50Z,547
2026-10-10T00:04:22Z,4137,2026-10-09T17:07:35Z,416
2026-10-10T00:04:22Z,4138,2026-10-10T00:00:19Z,4
2026-10-10T00:04:22Z,4141,2026-10-09T21:35:01Z,149
2026-10-10T00:04:22Z,4142,2026-10-09T12:42:18Z,682
2026-10-10T00:04:22Z,4145,2026-10-09T19:10:30Z,293
2026-10-10T00:04:22Z,4146,2026-10-09T21:00:51Z,183
2026-10-10T00:04:22Z,4147,2026-10-10T00:00:18Z,4
2026-10-10T00:04:22Z,4148,2026-10-08T15:49:03Z,1935
2026-10-10T00:04:22Z,4149,2026-10-09T15:43:59Z,500
2026-10-10T00:04:22Z,4150,2026-10-09T15:43:58Z,500
2026-10-10T00:04:22Z,4151,2026-10-09T15:43:58Z,500
2026-10-10T00:04:22Z,4152,2026-10-09T15:43:54Z,500
2026-10-10T00:04:22Z,4153,2026-10-09T20:29:24Z,214
2026-10-10T00:04:22Z,4155,2026-10-09T16:34:01Z,450
2026-10-10T00:04:22Z,4156,2026-10-09T21:06:06Z,178
2026-10-10T00:04:22Z,4157,2026-10-09T23:59:01Z,5
2026-10-10T00:04:22Z,4158,2026-10-09T19:29:45Z,274
2026-10-10T00:04:22Z,4159,2026-10-09T16:54:40Z,429
2026-10-10T00:04:22Z,4160,2026-10-09T23:00:35Z,63
2026-10-10T00:04:22Z,4161,2026-10-09T19:10:31Z,293
2026-10-10T00:04:22Z,4162,2026-10-09T14:27:32Z,576
2026-10-10T00:04:22Z,4163,2026-10-09T22:34:46Z,89
2026-10-10T00:04:22Z,4165,2026-10-09T23:47:28Z,16
2026-10-10T00:04:22Z,4166,2026-10-09T15:44:00Z,500
2026-10-10T00:04:22Z,4167,2026-10-09T20:13:27Z,230
2026-10-10T00:04:22Z,4168,2026-10-09T19:10:31Z,293
2026-10-10T00:04:22Z,4169,2026-10-09T15:44:34Z,499
2026-10-10T00:04:22Z,4170,2026-10-09T15:43:56Z,500
2026-10-10T00:04:22Z,4171,2026-10-08T15:39:21Z,1945
2026-10-10T00:04:22Z,4172,2026-10-09T23:59:54Z,4
2026-10-10T00:04:22Z,4173,2026-10-09T21:00:12Z,184
2026-10-10T00:04:22Z,4174,2026-10-08T15:49:02Z,1935
2026-10-10T00:04:22Z,4175,2026-10-09T15:44:18Z,500
2026-10-10T00:04:22Z,4176,2026-10-09T15:44:02Z,500
2026-10-10T00:04:22Z,4177,2026-10-09T15:43:58Z,500
2026-10-10T00:04:22Z,4178,2026-10-09T15:44:02Z,500
2026-10-10T00:04:22Z,4179,2026-10-09T23:59:55Z,4
2026-10-10T00:04:22Z,4180,2026-10-09T15:43:55Z,500
2026-10-10T00:04:22Z,4181,2026-10-09T15:43:56Z,500
2026-10-10T00:04:22Z,4182,2026-10-09T15:44:08Z,500
2026-10-10T00:04:22Z,4183,2026-10-09T23:59:53Z,4
2026-10-10T00:04:22Z,4184,2026-10-09T15:43:56Z,500
2026-10-10T00:04:22Z,4185,2026-10-09T15:43:55Z,500
2026-10-10T00:04:22Z,4186,2026-10-09T23:59:55Z,4
2026-10-10T00:04:22Z,4187,2026-10-09T15:43:55Z,500
2026-10-10T00:04:22Z,4188,2026-10-09T23:59:53Z,4
2026-10-10T00:04:22Z,4189,2026-10-09T23:59:53Z,4
2026-10-10T00:04:22Z,4190,2026-10-09T15:43:55Z,500
2026-10-10T00:04:22Z,4191,2026-10-09T15:43:55Z,500
2026-10-10T00:04:22Z,4192,2026-08-26T02:53:10Z,64631
2026-10-10T00:04:22Z,4193,2026-08-25T03:01:06Z,66063
2026-10-10T00:04:22Z,4194,2026-10-09T23:59:53Z,4
2026-10-10T00:04:22Z,4195,2026-10-09T23:59:54Z,4
2026-10-10T00:04:22Z,4196,2026-10-09T16:43:22Z,441
2026-10-10T00:04:22Z,4197,2026-10-04T00:04:44Z,8639
2026-10-10T00:04:22Z,4198,2026-10-09T23:59:52Z,4
2026-10-10T00:04:22Z,4199,2026-10-09T23:59:53Z,4
2026-10-10T00:04:22Z,4200,2026-07-02T01:31:27Z,143912
2026-10-10T00:04:22Z,4201,2026-10-09T15:43:54Z,500
2026-10-10T00:04:22Z,4202,2026-10-09T15:44:13Z,500
2026-10-10T00:04:22Z,4203,2026-10-09T15:43:55Z,500
2026-10-10T00:04:22Z,4204,2026-10-08T15:48:59Z,1935
2026-10-10T00:04:22Z,4205,2026-10-09T15:46:29Z,497
2026-10-10T00:04:22Z,4206,2026-10-09T23:59:54Z,4
2026-10-10T00:04:22Z,4207,2026-10-09T15:43:56Z,500
2026-10-10T00:04:22Z,4208,2026-10-09T15:44:13Z,500
2026-10-10T00:04:22Z,4209,2026-10-09T15:43:55Z,500
2026-10-10T00:04:22Z,4210,2026-10-09T15:43:54Z,500
2026-10-10T00:04:22Z,4211,2026-10-09T15:45:00Z,499
2026-10-10T00:04:22Z,4212,2026-10-09T23:59:53Z,4
2026-10-10T00:04:22Z,4213,2026-10-09T15:43:53Z,500
2026-10-10T00:04:22Z,4214,2026-10-09T15:43:55Z,500
2026-10-10T00:04:22Z,4216,2026-10-09T15:44:12Z,500
2026-10-10T00:04:22Z,4217,2026-10-09T21:14:46Z,169
2026-10-10T00:04:22Z,4218,2026-10-09T19:10:32Z,293
2026-10-10T00:04:22Z,4220,2026-10-09T23:59:55Z,4
2026-10-10T00:04:22Z,4221,2026-10-08T15:48:57Z,1935
2026-10-10T00:04:22Z,4222,2026-10-09T20:35:10Z,209
2026-10-10T00:04:22Z,4223,2026-10-09T20:21:58Z,222
2026-10-10T00:04:22Z,4224,2026-10-09T23:59:53Z,4
2026-10-10T00:04:22Z,4225,2026-10-09T15:43:56Z,500
2026-10-10T00:04:22Z,4231,2026-10-09T15:44:00Z,500
2026-10-10T00:04:22Z,4233,2026-10-10T00:00:05Z,4
2026-10-10T00:04:22Z,4234,2026-10-09T23:59:53Z,4
2026-10-10T00:04:22Z,4235,2026-10-08T15:49:21Z,1935
2026-10-10T00:04:22Z,4236,2026-10-09T21:19:24Z,164
2026-10-10T00:04:22Z,4237,2026-10-09T21:01:09Z,183
2026-10-10T00:04:22Z,4238,2026-10-09T21:00:47Z,183
2026-10-10T00:04:22Z,4239,2026-10-09T16:07:05Z,477
2026-10-10T00:04:22Z,4240,2026-10-09T23:30:32Z,33
2026-10-10T00:04:22Z,4241,2026-08-19T05:17:18Z,74567
2026-10-10T00:04:22Z,4242,2026-10-09T17:15:07Z,409
2026-10-10T00:04:22Z,4243,2026-10-09T15:43:55Z,500
2026-10-10T00:04:22Z,4244,2026-10-09T15:43:55Z,500
2026-10-10T00:04:22Z,4245,2025-09-09T08:04:42Z,569759
2026-10-10T00:04:22Z,4246,2026-10-09T17:59:32Z,364
2026-10-10T00:04:22Z,4247,2026-10-09T23:59:53Z,4
2026-10-10T00:04:22Z,4248,2026-10-09T18:23:42Z,340
2026-10-10T00:04:22Z,4249,2026-10-09T15:43:55Z,500
2026-10-10T00:04:22Z,4250,2026-10-09T20:12:18Z,232
2026-10-10T00:04:22Z,4251,2026-10-09T23:59:55Z,4
2026-10-10T00:04:22Z,4252,2026-10-09T15:43:55Z,500
2026-10-10T00:04:22Z,4253,2026-10-09T15:43:54Z,500
2026-10-10T00:04:22Z,4254,2026-10-09T15:43:54Z,500
2026-10-10T00:04:22Z,4255,2025-09-09T08:04:42Z,569759
2026-10-10T00:04:22Z,4256,2025-09-09T08:04:42Z,569759
2026-10-10T00:04:22Z,4257,2025-09-09T08:04:42Z,569759
2026-10-10T00:04:22Z,4258,2026-10-09T15:44:18Z,500
2026-10-10T00:04:22Z,4259,2026-10-09T23:59:52Z,4
2026-10-10T00:04:22Z,4260,2026-10-09T23:59:53Z,4
2026-10-10T00:04:22Z,4261,2026-10-09T21:01:18Z,183
2026-10-10T00:04:22Z,4262,2026-10-09T15:44:13Z,500
2026-10-10T00:04:22Z,4263,2026-10-09T15:43:54Z,500
2026-10-10T00:04:22Z,4264,2026-10-09T15:44:12Z,500
2026-10-10T00:04:22Z,4265,2026-10-09T15:43:55Z,500
2026-10-10T00:04:22Z,4266,2026-10-08T15:48:57Z,1935
2026-10-10T00:04:22Z,4267,2026-09-23T06:04:27Z,24119
2026-10-10T00:04:22Z,4268,2026-10-09T21:00:11Z,184
2026-10-10T00:04:22Z,4270,2026-10-09T15:43:55Z,500
2026-10-10T00:04:22Z,4271,2026-10-09T23:59:55Z,4
2026-10-10T00:04:22Z,4272,2026-10-09T15:43:55Z,500
2026-10-10T00:04:22Z,4273,2026-10-09T23:59:53Z,4
2026-10-10T00:04:22Z,4274,2026-10-09T16:38:20Z,446
2026-10-10T00:04:22Z,4275,2026-10-09T23:59:07Z,5
2026-10-10T00:04:22Z,4277,2026-10-09T18:06:05Z,358
2026-10-10T00:04:22Z,4278,2026-10-09T23:29:01Z,35
2026-10-10T00:04:22Z,4279,2026-10-09T17:54:35Z,369
2026-10-10T00:04:22Z,4280,2026-10-09T19:33:42Z,270
2026-10-10T00:04:22Z,4281,2026-10-09T23:53:10Z,11
2026-10-10T00:04:22Z,4282,2026-10-09T17:14:23Z,409
2026-10-10T00:04:22Z,4283,2026-10-09T21:31:13Z,153
2026-10-10T00:04:22Z,4284,2026-10-09T15:29:52Z,514
2026-10-10T00:04:22Z,4285,2026-10-09T17:34:16Z,390
2026-10-10T00:04:22Z,4286,2026-10-09T16:50:52Z,433
2026-10-10T00:04:22Z,4287,2026-10-09T15:43:55Z,500
2026-10-10T00:04:22Z,4288,2026-10-09T15:43:56Z,500
2026-10-10T00:04:22Z,4289,2026-10-09T21:28:59Z,155
2026-10-10T00:04:22Z,4290,2026-10-09T15:43:55Z,500
2026-10-10T00:04:22Z,4291,2025-09-09T08:04:42Z,569759
2026-10-10T00:04:22Z,4292,2026-10-09T23:59:53Z,4
2026-10-10T00:04:22Z,4293,2026-10-09T15:43:56Z,500
2026-10-10T00:04:22Z,4294,2026-10-08T23:49:25Z,1454
2026-10-10T00:04:22Z,4295,2026-08-12T02:28:09Z,84816
2026-10-10T00:04:22Z,4296,2026-10-10T00:00:18Z,4
2026-10-10T00:04:22Z,4297,2026-10-09T18:07:34Z,356
2026-10-10T00:04:22Z,4298,2026-10-09T22:35:11Z,89
2026-10-10T00:04:22Z,4299,2026-10-09T15:43:55Z,500
2026-10-10T00:04:22Z,4300,2026-10-09T15:50:28Z,493
2026-10-10T00:04:22Z,4301,2026-10-09T15:50:28Z,493
2026-10-10T00:04:22Z,4302,2026-10-08T15:48:57Z,1935
2026-10-10T00:04:22Z,4303,2026-10-09T16:43:36Z,440
2026-10-10T00:04:22Z,4304,2026-10-09T17:02:32Z,421
2026-10-10T00:04:22Z,4305,2026-10-09T23:59:54Z,4
2026-10-10T00:04:22Z,4306,2026-10-09T15:44:02Z,500
2026-10-10T00:04:22Z,4307,2026-10-09T15:44:02Z,500
2026-10-10T00:04:22Z,4308,2026-10-09T15:41:26Z,502
2026-10-10T00:04:22Z,4309,2026-10-06T04:29:22Z,5495
2026-10-10T00:04:22Z,4310,2026-10-09T19:26:24Z,277
2026-10-10T00:04:22Z,4311,2026-10-09T18:18:26Z,345
2026-10-10T00:04:22Z,4312,2026-10-09T18:03:16Z,361
2026-10-10T00:04:22Z,4313,2026-10-09T13:52:39Z,611
2026-10-10T00:04:22Z,4315,2026-10-09T13:52:51Z,611
2026-10-10T00:04:22Z,4316,2026-10-09T19:10:38Z,293
2026-10-10T00:04:22Z,4317,2026-10-09T23:44:00Z,20
2026-10-10T00:04:22Z,4318,2026-10-09T06:51:24Z,1032
2026-10-10T00:04:22Z,4319,2026-10-09T21:08:35Z,175
2026-10-10T00:04:22Z,4320,2026-10-09T21:00:18Z,184
2026-10-10T00:04:22Z,4321,2026-10-09T22:42:30Z,81
2026-10-10T00:04:22Z,4322,2026-08-27T10:04:36Z,62759
2026-10-10T00:04:22Z,4323,2026-10-09T19:10:40Z,293
2026-10-10T00:04:22Z,4324,2026-10-09T19:10:40Z,293
2026-10-10T00:04:22Z,4326,2026-09-29T08:57:14Z,15307
2026-10-10T00:04:22Z,4327,2026-10-09T15:43:53Z,500
2026-10-10T00:04:22Z,4328,2026-10-09T19:43:13Z,261
2026-10-10T00:04:22Z,4331,2026-10-09T17:40:06Z,384
2026-10-10T00:04:22Z,4332,2026-10-09T21:20:32Z,163
2026-10-10T00:04:22Z,4333,2026-10-09T20:42:36Z,201
2026-10-10T00:04:22Z,4334,2026-10-09T18:29:26Z,334
2026-10-10T00:04:22Z,4335,2025-09-23T08:51:12Z,549553
2026-10-10T00:04:22Z,4336,2026-10-09T20:57:02Z,187
2026-10-10T00:04:22Z,4337,2026-10-09T15:43:54Z,500
2026-10-10T00:04:22Z,4338,2026-10-09T15:44:02Z,500
2026-10-10T00:04:22Z,4339,2026-10-09T13:53:23Z,610
2026-10-10T00:04:22Z,4340,2026-10-09T19:10:45Z,293
2026-10-10T00:04:22Z,4341,2026-10-09T19:10:45Z,293
2026-10-10T00:04:22Z,4342,2026-10-09T19:10:46Z,293
2026-10-10T00:04:22Z,4343,2026-10-09T19:10:46Z,293
2026-10-10T00:04:22Z,4344,2026-10-09T19:10:46Z,293
2026-10-10T00:04:22Z,4345,2026-10-09T19:10:46Z,293
2026-10-10T00:04:22Z,4346,2026-10-09T19:10:47Z,293
2026-10-10T00:04:22Z,4347,2026-10-09T19:10:47Z,293
2026-10-10T00:04:22Z,4348,2026-10-09T19:10:47Z,293
2026-10-10T00:04:22Z,4349,2026-10-10T00:00:06Z,4
2026-10-10T00:04:22Z,4352,2026-10-09T19:10:48Z,293
2026-10-10T00:04:22Z,4353,2026-10-09T18:20:57Z,343
2026-10-10T00:04:22Z,4354,2026-10-09T19:10:48Z,293
2026-10-10T00:04:22Z,4355,2026-10-09T17:25:34Z,398
2026-10-10T00:04:22Z,4360,2026-10-09T22:00:42Z,123
2026-10-10T00:04:22Z,4363,2026-10-09T17:01:11Z,423
2026-10-10T00:04:22Z,4366,2026-10-09T21:00:20Z,184
2026-10-10T00:04:22Z,4367,2026-10-09T18:17:12Z,347
2026-10-10T00:04:22Z,4368,2026-10-09T19:10:52Z,293
2026-10-10T00:04:22Z,4369,2026-10-09T19:10:52Z,293
2026-10-10T00:04:22Z,4370,2026-10-09T19:10:52Z,293
2026-10-10T00:04:22Z,4373,2026-10-09T17:40:55Z,383
2026-10-10T00:04:22Z,4374,2026-10-09T19:01:21Z,303
2026-10-10T00:04:22Z,4375,2026-10-09T19:10:53Z,293
2026-10-10T00:04:22Z,4376,2026-10-09T18:39:13Z,325
2026-10-10T00:04:22Z,4377,2026-10-09T15:01:09Z,543
2026-10-10T00:04:22Z,4378,2026-10-09T17:10:00Z,414
2026-10-10T00:04:22Z,4379,2026-10-09T19:10:53Z,293
2026-10-10T00:04:22Z,4380,2026-10-09T21:40:11Z,144
2026-10-10T00:04:22Z,4382,2026-10-09T17:22:35Z,401
2026-10-10T00:04:22Z,4383,2026-10-09T21:00:48Z,183
2026-10-10T00:04:22Z,4571,2026-10-09T19:10:55Z,293
2026-10-10T00:04:22Z,4572,2026-10-08T15:49:08Z,1935
2026-10-10T00:04:22Z,4574,2026-10-09T20:16:48Z,227
2026-10-10T00:04:22Z,4575,2024-10-07T08:55:34Z,1054988
2026-10-10T00:04:22Z,4577,2026-10-09T21:00:18Z,184
2026-10-10T00:04:22Z,4578,2026-10-10T00:00:06Z,4
2026-10-10T00:04:22Z,4579,2026-10-09T19:10:56Z,293
2026-10-10T00:04:22Z,4580,2026-10-09T19:10:56Z,293
2026-10-10T00:04:22Z,4581,2026-10-09T19:10:56Z,293
2026-10-10T00:04:22Z,4582,2026-10-09T21:01:16Z,183
2026-10-10T00:04:22Z,4584,2026-10-09T19:10:56Z,293
2026-10-10T00:04:22Z,4585,2026-10-09T19:10:56Z,293
2026-10-10T00:04:22Z,4587,2026-10-09T21:00:51Z,183
2026-10-10T00:04:22Z,4588,2026-10-09T21:00:38Z,183
2026-10-10T00:04:22Z,4589,2026-10-10T00:00:05Z,4
2026-10-10T00:04:22Z,4590,2026-10-10T00:00:05Z,4
2026-10-10T00:04:22Z,4591,2026-10-10T00:00:05Z,4
2026-10-10T00:04:22Z,4593,2026-10-10T00:00:05Z,4
2026-10-10T00:04:22Z,4594,2026-10-10T00:00:05Z,4
2026-10-10T00:04:22Z,4595,2026-10-10T00:00:05Z,4
2026-10-10T00:04:22Z,4596,2026-10-10T00:00:05Z,4
2026-10-10T00:04:22Z,4597,2026-10-10T00:00:05Z,4
2026-10-10T00:04:22Z,4598,2026-10-10T00:00:05Z,4
2026-10-10T00:04:22Z,4599,2026-10-10T00:00:05Z,4
2026-10-10T00:04:22Z,4602,2026-10-10T00:00:05Z,4
2026-10-10T00:04:22Z,4687,2026-10-10T00:00:05Z,4
2026-10-10T00:04:22Z,4688,2026-10-10T00:00:05Z,4
2026-10-10T00:04:22Z,4689,2026-10-10T00:00:05Z,4
2026-10-10T00:04:22Z,4690,2026-10-10T00:00:05Z,4
2026-10-10T00:04:22Z,4702,2026-10-10T00:00:05Z,4
2026-10-10T00:04:22Z,4776,2026-10-10T00:00:05Z,4
2026-10-10T00:04:22Z,4777,2026-10-10T00:00:05Z,4
2026-10-10T00:04:22Z,4779,2026-10-10T00:00:05Z,4
2026-10-10T00:04:22Z,4780,2026-10-10T00:00:05Z,4
2026-10-10T00:04:22Z,4782,2026-10-10T00:00:05Z,4
2026-10-10T00:04:22Z,4784,2026-10-10T00:00:05Z,4
2026-10-10T00:04:22Z,4785,2026-10-10T00:00:05Z,4
2026-10-10T00:04:22Z,4786,2026-10-10T00:00:05Z,4
2026-10-10T00:04:22Z,4787,2026-10-10T00:00:05Z,4
2026-10-10T00:04:22Z,4788,2026-10-10T00:00:05Z,4
2026-10-10T00:04:22Z,4789,2026-10-10T00:00:05Z,4
2026-10-10T00:04:22Z,4790,2026-10-10T00:00:05Z,4
2026-10-10T00:04:22Z,4791,2026-10-10T00:00:05Z,4
2026-10-10T00:04:22Z,4792,2026-10-10T00:00:05Z,4
2026-10-10T00:04:22Z,4793,2026-10-10T00:00:05Z,4
2026-10-10T00:04:22Z,4794,2026-10-10T00:00:05Z,4
2026-10-10T00:04:22Z,4795,2026-10-10T00:00:05Z,4
2026-10-10T00:04:22Z,4796,2026-10-10T00:00:05Z,4
2026-10-10T00:04:22Z,4797,2026-10-10T00:00:05Z,4
2026-10-10T00:04:22Z,4798,2026-10-10T00:00:05Z,4
2026-10-10T00:04:22Z,4799,2026-10-10T00:00:05Z,4
2026-10-10T00:04:22Z,4800,2026-10-10T00:00:05Z,4
2026-10-10T00:04:22Z,4801,2026-10-10T00:00:05Z,4
2026-10-10T00:04:22Z,4804,2026-10-10T00:00:05Z,4
2026-10-10T00:04:22Z,4806,2026-10-10T00:00:05Z,4
2026-10-10T00:04:22Z,4807,2026-10-10T00:00:05Z,4
2026-10-10T00:04:22Z,4808,2026-10-10T00:00:05Z,4
2026-10-10T00:04:22Z,4809,2026-10-09T21:02:03Z,182
2026-10-10T00:04:22Z,4810,2026-10-09T21:00:47Z,183
2026-10-10T00:04:22Z,4811,2026-10-09T19:10:58Z,293
2026-10-10T00:04:22Z,4812,2026-10-09T19:10:59Z,293
2026-10-10T00:04:22Z,4813,2026-10-09T19:10:59Z,293
2026-10-10T00:04:22Z,4814,2026-10-09T20:15:19Z,229
2026-10-10T00:04:22Z,4816,2026-10-09T15:44:46Z,499
2026-10-10T00:04:22Z,4817,2026-10-09T15:43:56Z,500
2026-10-10T00:04:22Z,4818,2026-10-10T00:00:19Z,4
2026-10-10T00:04:22Z,4819,2026-10-08T15:49:02Z,1935
2026-10-10T00:04:22Z,4820,2026-10-08T15:49:04Z,1935
2026-10-10T00:04:22Z,4821,2026-10-09T23:59:52Z,4
2026-10-10T00:04:22Z,4822,2026-10-09T15:44:00Z,500
2026-10-10T00:04:22Z,4823,2026-10-09T15:44:17Z,500
2026-10-10T00:04:22Z,4824,2026-10-09T23:59:55Z,4
2026-10-10T00:04:22Z,4825,2026-10-09T19:10:59Z,293
2026-10-10T00:04:22Z,4826,2026-10-09T19:49:03Z,255
2026-10-10T00:04:22Z,4829,2026-10-09T17:50:45Z,373
2026-10-10T00:04:22Z,4830,2026-10-10T00:00:05Z,4
2026-10-10T00:04:22Z,4832,2026-10-09T22:10:18Z,114
2026-10-10T00:04:22Z,4833,2026-10-09T19:11:01Z,293
2026-10-10T00:04:22Z,4834,2026-10-09T21:00:50Z,183
2026-10-10T00:04:22Z,4837,2026-10-10T00:00:05Z,4
2026-10-10T00:04:22Z,4838,2026-10-10T00:00:05Z,4
2026-10-10T00:04:22Z,4839,2026-10-09T21:00:52Z,183
2026-10-10T00:04:22Z,4840,2026-10-05T05:02:16Z,6902
2026-10-10T00:04:22Z,4841,2026-10-05T05:02:25Z,6901
2026-10-10T00:04:22Z,4842,2026-10-05T05:02:16Z,6902
2026-10-10T00:04:22Z,4843,2026-10-05T05:02:25Z,6901
2026-10-10T00:04:22Z,4844,2026-10-05T05:02:04Z,6902
2026-10-10T00:04:22Z,4845,2026-10-09T18:30:35Z,333
2026-10-10T00:04:22Z,4847,2026-10-10T00:00:05Z,4
2026-10-10T00:04:22Z,4848,2026-10-10T00:00:05Z,4
2026-10-10T00:04:22Z,4849,2026-10-09T10:20:22Z,824
2026-10-10T00:04:22Z,4850,2026-10-09T19:59:30Z,244
2026-10-10T00:04:22Z,4851,2026-10-09T10:20:25Z,823
2026-10-10T00:04:22Z,4852,2026-10-09T16:42:56Z,441
2026-10-10T00:04:22Z,4853,2026-10-09T09:52:36Z,851
2026-10-10T00:04:22Z,4854,2026-10-09T10:02:50Z,841
2026-10-10T00:04:22Z,4855,2026-10-09T10:09:06Z,835
2026-10-10T00:04:22Z,4856,2026-10-09T12:25:14Z,699
2026-10-10T00:04:22Z,4857,2026-10-09T10:09:59Z,834
2026-10-10T00:04:22Z,4858,2026-10-09T10:10:09Z,834
2026-10-10T00:04:22Z,4859,2026-10-09T21:51:38Z,132
2026-10-10T00:04:22Z,4860,2026-10-09T19:11:01Z,293
2026-10-10T00:04:22Z,4861,2026-10-09T18:37:55Z,326
2026-10-10T00:04:22Z,5805,2026-10-09T14:52:08Z,552
2026-10-10T00:04:22Z,5806,2026-10-09T21:00:41Z,183
2026-10-10T00:04:22Z,5807,2026-10-09T16:52:43Z,431
2026-10-10T00:04:22Z,5808,2026-10-09T16:25:46Z,458
2026-10-10T00:04:22Z,5809,2026-10-09T15:06:57Z,537
2026-10-10T00:04:22Z,5810,2026-10-06T10:40:18Z,5124
2026-10-10T00:04:22Z,6797,2026-10-10T00:00:05Z,4
2026-10-10T00:04:22Z,6798,2026-10-10T00:00:05Z,4
2026-10-10T00:04:22Z,6799,2026-10-10T00:00:05Z,4
2026-10-10T00:04:22Z,6800,2026-10-10T00:00:05Z,4
2026-10-10T00:04:22Z,6801,2026-10-10T00:00:05Z,4
2026-10-10T00:04:22Z,6802,2026-10-10T00:00:05Z,4
2026-10-10T00:04:22Z,6803,2026-10-10T00:00:05Z,4
2026-10-10T00:04:22Z,6804,2026-10-10T00:00:05Z,4
2026-10-10T00:04:22Z,6812,2026-10-10T00:00:05Z,4
2026-10-10T00:04:22Z,6814,2026-10-10T00:00:05Z,4
2026-10-10T00:04:22Z,6815,2026-10-09T21:00:59Z,183
2026-10-10T00:04:22Z,6817,2026-10-10T00:00:05Z,4
2026-10-10T00:04:22Z,6818,2026-10-10T00:00:05Z,4
2026-10-10T00:04:22Z,6819,2026-10-10T00:00:05Z,4
2026-10-10T00:04:22Z,6820,2026-10-10T00:00:05Z,4
2026-10-10T00:04:22Z,6821,2026-10-10T00:00:05Z,4
2026-10-10T00:04:22Z,6822,2026-10-10T00:00:05Z,4
2026-10-10T00:04:22Z,6823,2026-10-10T00:00:05Z,4
2026-10-10T00:04:22Z,6825,2026-10-10T00:00:05Z,4
2026-10-10T00:04:22Z,6826,2026-10-10T00:00:05Z,4
2026-10-10T00:04:22Z,6827,2026-10-10T00:00:05Z,4
2026-10-10T00:04:22Z,6828,2026-10-09T19:11:02Z,293
2026-10-10T00:04:22Z,6830,2026-10-10T00:00:05Z,4
2026-10-10T00:04:22Z,6831,2026-10-10T00:00:05Z,4
2026-10-10T00:04:22Z,6832,2026-10-10T00:00:05Z,4
2026-10-10T00:04:22Z,6833,2026-10-10T00:00:05Z,4
2026-10-10T00:04:22Z,6834,2026-10-10T00:00:05Z,4
2026-10-10T00:04:22Z,6835,2026-10-09T16:24:31Z,459
2026-10-10T00:04:22Z,6837,2026-10-09T21:00:18Z,184
2026-10-10T00:04:22Z,6838,2026-10-09T19:44:07Z,260
2026-10-10T00:04:22Z,6839,2026-10-09T12:50:12Z,674
2026-10-10T00:04:22Z,6841,2026-10-10T00:00:05Z,4
2026-10-10T00:04:22Z,6845,2026-10-09T21:01:15Z,183
2026-10-10T00:04:22Z,6847,2026-10-10T00:00:05Z,4
2026-10-10T00:04:22Z,6849,2026-10-10T00:00:05Z,4
2026-10-10T00:04:22Z,6850,2026-10-09T20:45:13Z,199
2026-10-10T00:04:22Z,6853,2026-10-09T09:01:58Z,902
2026-10-10T00:04:22Z,6855,2026-10-09T20:57:49Z,186
2026-10-10T00:04:22Z,6856,2026-10-09T21:00:17Z,184
2026-10-10T00:04:22Z,6857,2026-10-09T19:11:05Z,293
2026-10-10T00:04:22Z,6858,2026-10-09T23:59:54Z,4
2026-10-10T00:04:22Z,6860,2026-10-09T15:43:56Z,500
2026-10-10T00:04:22Z,6862,2026-10-09T21:02:39Z,181
2026-10-10T00:04:22Z,6864,2026-10-09T15:59:03Z,485
2026-10-10T00:04:22Z,14360,2026-10-10T00:00:05Z,4
2026-10-10T00:04:22Z,14368,2026-10-07T06:37:59Z,3926
2026-10-10T00:04:22Z,14369,2026-10-09T20:37:21Z,207
2026-10-10T00:04:22Z,14370,2026-10-08T16:54:34Z,1869
2026-10-10T00:04:22Z,14371,2026-10-08T04:35:49Z,2608
2026-10-10T00:04:22Z,14372,2026-10-09T15:44:01Z,500
2026-10-10T00:04:22Z,14374,2026-09-29T16:11:14Z,14873
2026-10-10T00:04:22Z,14375,2026-10-01T18:03:22Z,11881
2026-10-10T00:04:22Z,14376,2026-10-09T22:59:46Z,64
2026-10-10T00:04:22Z,14403,2026-10-09T21:26:06Z,158
2026-10-10T00:04:22Z,14404,2026-10-10T00:00:05Z,4
2026-10-10T00:04:22Z,14405,2026-09-12T15:14:13Z,39410
2026-10-10T00:04:22Z,14406,2026-10-09T19:11:05Z,293
2026-10-10T00:04:22Z,14407,2026-09-18T16:52:05Z,30672
2026-10-10T00:04:22Z,14408,2026-09-26T14:42:06Z,19282
2026-10-10T00:04:22Z,14409,2026-10-07T22:28:29Z,2975
2026-10-10T00:04:22Z,14410,2026-10-08T13:00:08Z,2104
2026-10-10T00:04:22Z,14411,2026-10-10T00:00:05Z,4
2026-10-10T00:04:22Z,14412,2026-10-10T00:00:05Z,4
2026-10-10T00:04:22Z,14413,2026-10-10T00:00:05Z,4
2026-10-10T00:04:22Z,14414,2026-10-10T00:00:05Z,4
2026-10-10T00:04:22Z,14415,2026-10-10T00:00:05Z,4
2026-10-10T00:04:22Z,14416,2026-10-09T19:11:05Z,293
2026-10-10T00:04:22Z,14417,2026-10-10T00:00:05Z,4
2026-10-10T00:04:22Z,14418,2026-10-09T16:23:29Z,460
2026-10-10T00:04:22Z,14419,2026-10-09T13:18:32Z,645
2026-10-10T00:04:22Z,14420,2026-10-09T18:45:30Z,318
2026-10-10T00:04:22Z,14422,2026-10-10T00:00:05Z,4
2026-10-10T00:04:22Z,14423,2026-10-10T00:00:05Z,4
2026-10-10T00:04:22Z,14424,2026-10-09T21:01:26Z,182
2026-10-10T00:04:22Z,14427,2026-10-10T00:00:05Z,4
2026-10-10T00:04:22Z,14445,2026-10-10T00:00:05Z,4
2026-10-10T00:04:22Z,14446,2026-10-10T00:00:05Z,4
2026-10-10T00:04:22Z,14447,2026-10-10T00:00:05Z,4
2026-10-10T00:04:22Z,14448,2026-10-10T00:00:05Z,4
2026-10-10T00:04:22Z,14449,2026-10-09T21:01:14Z,183
2026-10-10T00:04:22Z,14451,2026-10-10T00:00:05Z,4
2026-10-10T00:04:22Z,14452,2026-10-10T00:00:05Z,4
2026-10-10T00:04:22Z,14453,2026-10-06T17:17:49Z,4726
2026-10-10T00:04:22Z,14454,2026-10-09T13:04:12Z,660
2026-10-10T00:04:22Z,14455,2026-10-09T23:28:59Z,35
2026-10-10T00:04:22Z,14456,2026-10-09T19:11:05Z,293
2026-10-10T00:04:22Z,14457,2026-10-09T19:11:06Z,293
2026-10-10T00:04:22Z,14458,2026-10-09T23:59:55Z,4
2026-10-10T00:04:22Z,14460,2025-08-24T21:39:38Z,591984
2026-10-10T00:04:22Z,14461,2026-10-09T15:43:56Z,500
2026-10-10T00:04:22Z,14464,2026-10-08T15:48:57Z,1935
2026-10-10T00:04:22Z,14465,2025-08-24T21:39:38Z,591984
2026-10-10T00:04:22Z,14471,2026-10-09T15:29:21Z,515
2026-10-10T00:04:22Z,14473,2026-10-09T21:01:14Z,183
2026-10-10T00:04:22Z,14475,2026-10-09T18:58:18Z,306
2026-10-10T00:04:22Z,14476,2026-10-09T13:11:14Z,653
2026-10-10T00:04:22Z,14477,2026-10-09T16:35:13Z,449
2026-10-10T00:04:22Z,14478,2026-10-09T14:48:05Z,556
2026-10-10T00:04:22Z,14479,2026-10-09T22:30:01Z,94
2026-10-10T00:04:22Z,14480,2026-10-09T19:11:06Z,293
2026-10-10T00:04:22Z,14481,2026-10-09T23:43:35Z,20
2026-10-10T00:04:22Z,14484,2026-10-09T09:16:54Z,887
2026-10-10T00:04:22Z,14485,2026-10-09T21:00:50Z,183
2026-10-10T00:04:22Z,14486,2026-10-09T21:00:49Z,183
2026-10-10T00:04:22Z,14487,2026-10-09T21:00:52Z,183
2026-10-10T00:04:22Z,14488,2026-10-09T21:01:03Z,183
2026-10-10T00:04:22Z,14489,2026-10-09T21:00:49Z,183
2026-10-10T00:04:22Z,14490,2026-10-09T21:01:07Z,183
2026-10-10T00:04:22Z,14498,2026-10-09T19:49:34Z,254
2026-10-10T00:04:22Z,14499,2026-10-09T14:53:17Z,551
2026-10-10T00:04:22Z,14500,2026-10-09T18:07:07Z,357
2026-10-10T00:04:22Z,14502,2026-10-09T19:14:41Z,289
2026-10-10T00:04:22Z,14503,2026-10-09T23:47:11Z,17
2026-10-10T00:04:22Z,14504,2026-10-09T17:27:40Z,396
2026-10-10T00:04:22Z,14506,2026-10-09T21:00:14Z,184
2026-10-10T00:04:22Z,14509,2026-10-09T13:52:23Z,611
2026-10-10T00:04:22Z,14510,2026-10-09T19:11:06Z,293
2026-10-10T00:04:22Z,14511,2026-10-09T19:11:06Z,293
2026-10-10T00:04:22Z,14512,2026-10-09T19:11:06Z,293
2026-10-10T00:04:22Z,14513,2026-10-09T15:43:55Z,500
2026-10-10T00:04:22Z,14515,2026-10-10T00:00:06Z,4
2026-10-10T00:04:22Z,14517,2026-10-10T00:00:06Z,4
2026-10-10T00:04:22Z,14519,2026-10-08T17:06:33Z,1857
2026-10-10T00:04:22Z,14521,2026-10-09T16:27:44Z,456
2026-10-10T00:04:22Z,14522,2026-10-09T16:32:57Z,451
2026-10-10T00:04:22Z,14523,2026-10-09T20:53:43Z,190
2026-10-10T00:04:22Z,14525,2026-09-22T10:42:18Z,25282
2026-10-10T00:04:22Z,14526,2026-10-10T00:00:06Z,4
2026-10-10T00:04:22Z,14527,2026-10-09T18:03:59Z,360
2026-10-10T00:04:22Z,14528,2026-10-09T19:11:57Z,292
2026-10-10T00:04:22Z,14529,2026-10-09T21:00:49Z,183
2026-10-10T00:04:22Z,14530,2026-10-09T14:22:56Z,581
2026-10-10T00:04:22Z,14531,2026-10-09T14:16:34Z,587
2026-10-10T00:04:22Z,14532,2026-10-08T15:49:15Z,1935
2026-10-10T00:04:22Z,14533,2026-10-09T15:43:54Z,500
2026-10-10T00:04:22Z,14534,2026-10-09T23:59:53Z,4
2026-10-10T00:04:22Z,14535,2026-10-08T15:48:59Z,1935
2026-10-10T00:04:22Z,14536,2026-10-09T15:43:55Z,500
2026-10-10T00:04:22Z,14537,2026-10-10T00:00:05Z,4
2026-10-10T00:04:22Z,15365,2026-10-09T17:51:03Z,373
2026-10-10T00:04:22Z,15366,2026-10-09T14:16:02Z,588
2026-10-10T00:04:22Z,15367,2026-10-09T21:00:19Z,184
2026-10-10T00:04:22Z,15368,2026-10-09T22:36:34Z,87
2026-10-10T00:04:22Z,15369,2026-10-09T23:44:08Z,20
2026-10-10T00:04:22Z,15370,2026-10-09T21:00:33Z,183
2026-10-10T00:04:22Z,15371,2026-10-09T12:02:28Z,721
2026-10-10T00:04:22Z,15372,2026-10-09T18:32:46Z,331
2026-10-10T00:04:22Z,15373,2026-10-09T19:11:08Z,293
2026-10-10T00:04:22Z,15374,2026-08-11T06:32:23Z,86011
2026-10-10T00:04:22Z,15377,2026-10-10T00:00:06Z,4
2026-10-10T00:04:22Z,15378,2026-10-10T00:00:06Z,4
2026-10-10T00:04:22Z,15379,2026-10-09T21:01:18Z,183
2026-10-10T00:04:22Z,15380,2026-10-09T21:01:23Z,182
2026-10-10T00:04:22Z,15381,2026-10-09T19:11:26Z,292
2026-10-10T00:04:22Z,15386,2026-10-09T18:15:47Z,348
2026-10-10T00:04:22Z,15387,2026-10-09T15:43:54Z,500
2026-10-10T00:04:22Z,15393,2026-10-09T18:16:38Z,347
2026-10-10T00:04:22Z,15394,2026-10-10T00:00:05Z,4
2026-10-10T00:04:22Z,15395,2026-10-09T16:07:51Z,476
2026-10-10T00:04:22Z,15396,2026-10-09T19:24:54Z,279
2026-10-10T00:04:22Z,15402,2026-10-09T19:12:39Z,291
2026-10-10T00:04:22Z,15403,2026-10-09T19:11:17Z,293
2026-10-10T00:04:22Z,15404,2026-10-09T19:11:18Z,293
2026-10-10T00:04:22Z,15405,2026-10-10T00:00:05Z,4
2026-10-10T00:04:22Z,15406,2026-10-10T00:00:05Z,4
2026-10-10T00:04:22Z,15407,2026-10-06T12:06:39Z,5037
2026-10-10T00:04:22Z,15408,2026-10-09T13:41:06Z,623
2026-10-10T00:04:22Z,15409,2026-10-09T08:28:18Z,936
2026-10-10T00:04:22Z,15410,2026-10-08T08:38:13Z,2366
2026-10-10T00:04:22Z,15411,2026-10-08T08:21:46Z,2382
2026-10-10T00:04:22Z,15413,2026-10-09T19:11:19Z,293
2026-10-10T00:04:22Z,15414,2026-10-01T09:45:04Z,12379
2026-10-10T00:04:22Z,15415,2026-10-01T09:45:04Z,12379
2026-10-10T00:04:22Z,15416,2026-10-09T17:02:22Z,422
2026-10-10T00:04:22Z,15418,2026-10-09T19:11:19Z,293
2026-10-10T00:04:22Z,15419,2026-10-09T19:11:20Z,293
2026-10-10T00:04:22Z,15420,2026-10-09T19:11:20Z,293
2026-10-10T00:04:22Z,15421,2026-10-09T17:38:49Z,385
2026-10-10T00:04:22Z,15422,2026-10-10T00:00:05Z,4
2026-10-10T00:04:22Z,15423,2026-10-09T15:51:39Z,492
2026-10-10T00:04:22Z,15424,2026-10-09T04:50:16Z,1154
2026-10-10T00:04:22Z,15425,2026-10-09T04:50:30Z,1153
2026-10-10T00:04:22Z,15426,2026-10-09T15:29:27Z,514
2026-10-10T00:04:22Z,15427,2026-10-10T00:00:05Z,4
2026-10-10T00:04:22Z,15428,2026-10-10T00:00:05Z,4
2026-10-10T00:04:22Z,15429,2026-10-10T00:00:05Z,4
2026-10-10T00:04:22Z,15430,2026-10-10T00:00:05Z,4
2026-10-10T00:04:22Z,15431,2026-10-10T00:00:05Z,4
2026-10-10T00:04:22Z,15432,2026-10-10T00:00:05Z,4
2026-10-10T00:04:22Z,15433,2026-10-10T00:00:05Z,4
2026-10-10T00:04:22Z,15434,2026-10-10T00:00:05Z,4
2026-10-10T00:04:22Z,15435,2026-10-10T00:00:05Z,4
2026-10-10T00:04:22Z,15436,2026-10-10T00:00:05Z,4
2026-10-10T00:04:22Z,15437,2026-10-10T00:00:05Z,4
2026-10-10T00:04:22Z,15438,2026-10-10T00:00:05Z,4
2026-10-10T00:04:22Z,15439,2026-10-10T00:00:05Z,4
2026-10-10T00:04:22Z,15440,2026-10-10T00:00:05Z,4
2026-10-10T00:04:22Z,15441,2026-10-10T00:00:05Z,4
2026-10-10T00:04:22Z,15442,2026-10-10T00:00:05Z,4
2026-10-10T00:04:22Z,15443,2026-10-10T00:00:05Z,4
2026-10-10T00:04:22Z,15444,2026-10-10T00:00:05Z,4
2026-10-10T00:04:22Z,15445,2026-10-10T00:00:05Z,4
2026-10-10T00:04:22Z,15446,2026-10-10T00:00:05Z,4
2026-10-10T00:04:22Z,15447,2026-10-10T00:00:05Z,4
2026-10-10T00:04:22Z,15448,2026-10-10T00:00:05Z,4
2026-10-10T00:04:22Z,15449,2026-10-10T00:00:05Z,4
2026-10-10T00:04:22Z,15450,2026-10-10T00:00:05Z,4
2026-10-10T00:04:22Z,15451,2026-10-10T00:00:05Z,4
2026-10-10T00:04:22Z,15452,2026-10-10T00:00:05Z,4
2026-10-10T00:04:22Z,15453,2026-10-10T00:00:05Z,4
2026-10-10T00:04:22Z,15454,2026-10-10T00:00:05Z,4
2026-10-10T00:04:22Z,15455,2026-10-10T00:00:05Z,4
2026-10-10T00:04:22Z,15456,2026-10-10T00:00:05Z,4
2026-10-10T00:04:22Z,15457,2026-10-10T00:00:05Z,4
2026-10-10T00:04:22Z,15458,2026-10-10T00:00:05Z,4
2026-10-10T00:04:22Z,15459,2026-10-10T00:00:05Z,4
2026-10-10T00:04:22Z,15460,2026-10-10T00:00:05Z,4
2026-10-10T00:04:22Z,15461,2026-10-10T00:00:05Z,4
2026-10-10T00:04:22Z,15462,2026-10-10T00:00:05Z,4
2026-10-10T00:04:22Z,15463,2026-10-10T00:00:05Z,4
2026-10-10T00:04:22Z,15464,2026-10-10T00:00:05Z,4
2026-10-10T00:04:22Z,15465,2026-10-10T00:00:05Z,4
2026-10-10T00:04:22Z,15466,2026-10-10T00:00:05Z,4
2026-10-10T00:04:22Z,15467,2026-10-10T00:00:05Z,4
2026-10-10T00:04:22Z,15468,2026-10-10T00:00:05Z,4
2026-10-10T00:04:22Z,15469,2026-10-10T00:00:05Z,4
2026-10-10T00:04:22Z,15470,2026-10-10T00:00:05Z,4
2026-10-10T00:04:22Z,15471,2026-10-10T00:00:05Z,4
2026-10-10T00:04:22Z,15472,2026-10-10T00:00:05Z,4
2026-10-10T00:04:22Z,15473,2026-10-10T00:00:05Z,4
2026-10-10T00:04:22Z,15474,2026-10-10T00:00:05Z,4
2026-10-10T00:04:22Z,15475,2026-10-10T00:00:05Z,4
2026-10-10T00:04:22Z,15476,2026-10-10T00:00:05Z,4
2026-10-10T00:04:22Z,15477,2026-10-10T00:00:05Z,4
2026-10-10T00:04:22Z,15478,2026-10-10T00:00:05Z,4
2026-10-10T00:04:22Z,15479,2026-10-10T00:00:05Z,4
2026-10-10T00:04:22Z,15480,2026-10-10T00:00:05Z,4
2026-10-10T00:04:22Z,15481,2026-10-10T00:00:05Z,4
2026-10-10T00:04:22Z,15482,2026-10-10T00:00:05Z,4
2026-10-10T00:04:22Z,15483,2026-10-10T00:00:05Z,4
2026-10-10T00:04:22Z,15484,2026-10-10T00:00:05Z,4
2026-10-10T00:04:22Z,15485,2026-10-10T00:00:05Z,4
2026-10-10T00:04:22Z,15486,2026-10-10T00:00:05Z,4
2026-10-10T00:04:22Z,15487,2026-10-10T00:00:05Z,4
2026-10-10T00:04:22Z,15488,2026-10-10T00:00:05Z,4
2026-10-10T00:04:22Z,15489,2026-10-10T00:00:05Z,4
2026-10-10T00:04:22Z,15490,2026-10-10T00:00:05Z,4
2026-10-10T00:04:22Z,15491,2026-10-10T00:00:05Z,4
2026-10-10T00:04:22Z,15492,2026-10-10T00:00:05Z,4
2026-10-10T00:04:22Z,15493,2026-10-10T00:00:05Z,4
2026-10-10T00:04:22Z,15494,2026-10-10T00:00:05Z,4
2026-10-10T00:04:22Z,15495,2026-10-10T00:00:05Z,4
2026-10-10T00:04:22Z,15496,2026-10-10T00:00:05Z,4
2026-10-10T00:04:22Z,15497,2026-10-10T00:00:05Z,4
2026-10-10T00:04:22Z,15498,2026-10-10T00:00:05Z,4
2026-10-10T00:04:22Z,15499,2026-10-10T00:00:05Z,4
2026-10-10T00:04:22Z,15500,2026-10-10T00:00:05Z,4
2026-10-10T00:04:22Z,15501,2026-10-10T00:00:05Z,4
2026-10-10T00:04:22Z,15502,2026-10-10T00:00:05Z,4
2026-10-10T00:04:22Z,15503,2026-10-10T00:00:05Z,4
2026-10-10T00:04:22Z,15504,2026-10-10T00:00:05Z,4
2026-10-10T00:04:22Z,15505,2026-10-10T00:00:05Z,4
2026-10-10T00:04:22Z,15506,2026-10-10T00:00:05Z,4
2026-10-10T00:04:22Z,15507,2026-10-10T00:00:05Z,4
2026-10-10T00:04:22Z,15508,2026-10-10T00:00:05Z,4
2026-10-10T00:04:22Z,15509,2026-10-10T00:00:05Z,4
2026-10-10T00:04:22Z,15510,2026-10-10T00:00:05Z,4
2026-10-10T00:04:22Z,15514,2026-10-10T00:00:05Z,4
2026-10-10T00:04:22Z,15515,2026-10-01T09:45:04Z,12379
2026-10-10T00:04:22Z,15516,2026-10-09T17:07:27Z,416
2026-10-10T00:04:22Z,15517,2026-10-09T21:00:33Z,183
2026-10-10T00:04:22Z,15518,2026-10-09T19:11:20Z,293
2026-10-10T00:04:22Z,15521,2026-10-09T16:38:39Z,445
2026-10-10T00:04:22Z,15522,2026-10-09T19:01:18Z,303
2026-10-10T00:04:22Z,15523,2026-10-08T10:34:30Z,2249
2026-10-10T00:04:22Z,15525,2026-10-09T15:54:09Z,490
2026-10-10T00:04:22Z,15526,2026-10-09T14:50:32Z,553
2026-10-10T00:04:22Z,15527,2026-10-09T07:59:09Z,965
2026-10-10T00:04:22Z,15528,2026-10-09T16:17:22Z,467
2026-10-10T00:04:22Z,15529,2026-10-09T13:10:59Z,653
2026-10-10T00:04:22Z,15530,2026-10-09T12:16:40Z,707
2026-10-10T00:04:22Z,15531,2026-10-09T19:25:06Z,279
2026-10-10T00:04:22Z,15532,2026-10-09T04:15:36Z,1188
2026-10-10T00:04:22Z,15533,2026-10-09T07:57:45Z,966
2026-10-10T00:04:22Z,15534,2026-10-09T19:31:35Z,272
2026-10-10T00:04:22Z,15535,2026-10-01T14:48:13Z,12076
2026-10-10T00:04:22Z,15536,2026-10-09T19:10:55Z,293
2026-10-10T00:04:22Z,15537,2026-10-09T21:47:59Z,136
2026-10-10T00:04:22Z,15539,2026-10-09T17:55:43Z,368
2026-10-10T00:04:22Z,15540,2026-10-09T19:40:18Z,264
2026-10-10T00:04:22Z,15543,2026-10-09T16:44:02Z,440
2026-10-10T00:04:22Z,15544,2026-10-09T14:11:45Z,592
2026-10-10T00:04:22Z,15545,2026-10-09T23:08:31Z,55
2026-10-10T00:04:22Z,15546,2026-10-09T19:11:21Z,293
2026-10-10T00:04:22Z,15547,2026-10-09T19:11:22Z,293
2026-10-10T00:04:22Z,15548,2026-10-09T16:58:05Z,426
2026-10-10T00:04:22Z,15553,2026-10-10T00:00:05Z,4
2026-10-10T00:04:22Z,15554,2026-10-10T00:00:05Z,4
2026-10-10T00:04:22Z,15555,2026-10-10T00:00:05Z,4
2026-10-10T00:04:22Z,15556,2026-10-09T19:11:23Z,292
2026-10-10T00:04:22Z,15557,2026-10-09T23:27:49Z,36
2026-10-10T00:04:22Z,15558,2026-10-09T23:57:21Z,7
2026-10-10T00:04:22Z,15559,2026-10-09T19:11:24Z,292
2026-10-10T00:04:22Z,15560,2026-10-09T19:11:24Z,292
2026-10-10T00:04:22Z,15561,2026-10-10T00:00:06Z,4
2026-10-10T00:04:22Z,15562,2026-10-10T00:00:05Z,4
2026-10-10T00:04:22Z,15563,2026-10-09T21:00:21Z,184
2026-10-10T00:04:22Z,15564,2026-10-09T19:11:24Z,292
2026-10-10T00:04:22Z,15565,2026-10-09T21:01:17Z,183
2026-10-10T00:04:22Z,15566,2026-10-09T21:49:49Z,134
2026-10-10T00:04:22Z,15567,2026-10-09T21:00:23Z,183
2026-10-10T00:04:22Z,15568,2026-10-01T09:45:04Z,12379
2026-10-10T00:04:22Z,15569,2026-10-01T09:45:04Z,12379
2026-10-10T00:04:22Z,15570,2026-10-01T09:37:03Z,12387
2026-10-10T00:04:22Z,15571,2026-10-01T09:37:03Z,12387
2026-10-10T00:04:22Z,15572,2026-10-01T09:45:04Z,12379
2026-10-10T00:04:22Z,15573,2026-10-09T19:11:25Z,292
2026-10-10T00:04:22Z,15574,2026-10-09T19:11:25Z,292
2026-10-10T00:04:22Z,15575,2026-10-09T10:50:59Z,793
2026-10-10T00:04:22Z,15576,2026-10-09T14:59:36Z,544
2026-10-10T00:04:22Z,15577,2026-10-07T18:29:54Z,3214
2026-10-10T00:04:22Z,15578,2026-10-09T16:45:43Z,438
2026-10-10T00:04:22Z,15579,2026-10-09T19:11:26Z,292
2026-10-10T00:04:22Z,15585,2026-10-09T18:25:38Z,338
2026-10-10T00:04:22Z,15586,2026-10-09T14:15:57Z,588
2026-10-10T00:04:22Z,15587,2026-10-09T13:46:57Z,617
2026-10-10T00:04:22Z,15588,2026-10-09T14:38:06Z,566
2026-10-10T00:04:22Z,15589,2026-10-09T19:11:28Z,292
2026-10-10T00:04:22Z,15590,2026-10-10T00:00:05Z,4
2026-10-10T00:04:22Z,15591,2026-10-09T19:11:28Z,292
2026-10-10T00:04:22Z,15684,2026-10-09T21:01:27Z,182
2026-10-10T00:04:22Z,15686,2026-10-10T00:00:05Z,4
2026-10-10T00:04:22Z,15687,2026-10-10T00:00:05Z,4
2026-10-10T00:04:22Z,15688,2026-10-10T00:00:05Z,4
2026-10-10T00:04:22Z,15689,2026-10-10T00:00:05Z,4
2026-10-10T00:04:22Z,15690,2026-10-10T00:00:05Z,4
2026-10-10T00:04:22Z,15691,2026-10-10T00:00:05Z,4
2026-10-10T00:04:22Z,15692,2026-10-09T21:00:19Z,184
2026-10-10T00:04:22Z,15693,2026-10-09T18:11:03Z,353
2026-10-10T00:04:22Z,15701,2026-10-09T19:28:44Z,275
2026-10-10T00:04:22Z,15702,2026-10-09T20:08:53Z,235
2026-10-10T00:04:22Z,15703,2026-10-09T23:14:23Z,49
2026-10-10T00:04:22Z,15756,2026-10-10T00:00:05Z,4
2026-10-10T00:04:22Z,15757,2026-10-10T00:00:05Z,4
2026-10-10T00:04:22Z,15758,2026-10-10T00:00:05Z,4
2026-10-10T00:04:22Z,15759,2026-10-09T19:11:30Z,292
2026-10-10T00:04:22Z,15760,2026-10-10T00:00:05Z,4
2026-10-10T00:04:22Z,15763,2026-10-09T15:33:16Z,511
2026-10-10T00:04:22Z,15764,2026-10-09T19:11:30Z,292
2026-10-10T00:04:22Z,15765,2026-10-09T19:11:30Z,292
2026-10-10T00:04:22Z,15767,2026-10-09T19:11:31Z,292
2026-10-10T00:04:22Z,15768,2026-09-15T05:09:11Z,35695
2026-10-10T00:04:22Z,15769,2026-10-09T20:10:41Z,233
2026-10-10T00:04:22Z,15770,2026-10-10T00:00:05Z,4
2026-10-10T00:04:22Z,15771,2026-10-10T00:00:05Z,4
2026-10-10T00:04:22Z,15773,2026-10-10T00:00:05Z,4
2026-10-10T00:04:22Z,15774,2026-10-10T00:00:05Z,4
2026-10-10T00:04:22Z,15775,2026-10-10T00:00:05Z,4
2026-10-10T00:04:22Z,15776,2026-10-10T00:00:05Z,4
2026-10-10T00:04:22Z,15777,2026-10-09T21:00:18Z,184
2026-10-10T00:04:22Z,15778,2026-10-10T00:00:05Z,4
2026-10-10T00:04:22Z,15779,2026-09-16T10:39:13Z,33925
2026-10-10T00:04:22Z,15780,2026-09-16T10:47:02Z,33917
2026-10-10T00:04:22Z,15781,2026-09-16T11:13:56Z,33890
2026-10-10T00:04:22Z,15782,2026-09-16T11:16:36Z,33887
2026-10-10T00:04:22Z,15783,2026-09-30T11:49:10Z,13695
2026-10-10T00:04:22Z,15784,2026-09-16T11:45:31Z,33858
2026-10-10T00:04:22Z,15785,2026-09-22T13:01:43Z,25142
2026-10-10T00:04:22Z,15786,2026-09-16T12:34:55Z,33809
2026-10-10T00:04:22Z,15787,2026-09-16T12:38:19Z,33806
2026-10-10T00:04:22Z,15788,2026-09-16T12:40:56Z,33803
2026-10-10T00:04:22Z,15789,2026-10-08T20:01:52Z,1682
2026-10-10T00:04:22Z,15790,2026-10-09T19:11:32Z,292
2026-10-10T00:04:22Z,15791,2026-10-09T19:11:32Z,292
2026-10-10T00:04:22Z,15792,2026-10-01T09:45:04Z,12379
2026-10-10T00:04:22Z,15793,2026-10-01T09:45:04Z,12379
2026-10-10T00:04:22Z,15794,2026-10-01T09:45:04Z,12379
2026-10-10T00:04:22Z,15795,2026-10-10T00:00:05Z,4
2026-10-10T00:04:22Z,15796,2026-10-10T00:00:05Z,4
2026-10-10T00:04:22Z,15797,2026-10-09T23:29:55Z,34
2026-10-10T00:04:22Z,15798,2026-10-09T22:07:44Z,116
2026-10-10T00:04:22Z,15799,2026-10-02T07:15:04Z,11089
2026-10-10T00:04:22Z,15800,2026-10-09T21:00:56Z,183
2026-10-10T00:04:22Z,15801,2026-10-09T21:01:12Z,183
2026-10-10T00:04:22Z,15802,2026-10-09T18:30:42Z,333
2026-10-10T00:04:22Z,15803,2026-10-09T21:01:29Z,182
2026-10-10T00:04:22Z,15804,2026-10-10T00:00:05Z,4
