timestamp_utc,connector_id,tariff
2026-10-08T00:02:28Z,IKR-E-1220-A,0.3 € + 0.41 €/kWh
2026-10-08T00:02:28Z,IKR-E-1871-A,0.3 € + 0.41 €/kWh
2026-10-08T00:02:28Z,IKR-E-2G8J-A,0.3 € + 0.41 €/kWh
2026-10-08T00:02:28Z,IKR-E-3TSR-A,0.3 € + 0.41 €/kWh
2026-10-08T00:02:28Z,IKR-E-5715-A,0.3 € + 0.41 €/kWh
2026-10-08T00:02:28Z,IKR-E-5730-A,0.3 € + 0.47 €/kWh
2026-10-08T00:02:28Z,IKR-E-5CGU-A,0.3 € + 0.41 €/kWh
2026-10-08T00:02:28Z,IKR-E-7718-A,0.3 € + 0.47 €/kWh
2026-10-08T00:02:28Z,IKR-E-DVCM-A,0.3 € + 0.41 €/kWh
2026-10-08T00:02:28Z,IKR-E-E228-A,0.3 € + 0.4 €/kWh
2026-10-08T00:02:28Z,IKR-E-E475-A,0.3 € + 0.42 €/kWh
2026-10-08T00:02:28Z,IKR-E-E544-A,0.3 € + 0.42 €/kWh
2026-10-08T00:02:28Z,IKR-E-EKZA-A,0.3 € + 0.4 €/kWh
2026-10-08T00:02:28Z,IKR-E-GAY9-A,0.3 € + 0.41 €/kWh
2026-10-08T00:02:28Z,IKR-E-IZW2-A,0.3 € + 0.41 €/kWh
2026-10-08T00:02:28Z,IKR-E-J1JV-A,0.3 € + 0.4 €/kWh
2026-10-08T00:02:28Z,IKR-E-JJAJ-A,0.3 € + 0.41 €/kWh
2026-10-08T00:02:28Z,IKR-E-KMBH-A,0.3 € + 0.41 €/kWh
2026-10-08T00:02:28Z,IKR-E-LJZI-A,0.3 € + 0.41 €/kWh
2026-10-08T00:02:28Z,IKR-E-MAU9-A,0.29 € + 0.31 €/kWh
2026-10-08T00:02:28Z,IKR-E-OWF5-A,0.3 € + 0.44 €/kWh
2026-10-08T00:02:28Z,IKR-E-W6HQ-A,0.29 € + 0.31 €/kWh
2026-10-08T00:02:28Z,IKR-E-XIH2-A,0.3 € + 0.41 €/kWh
2026-10-08T00:02:28Z,IKR-E-Y2Z8-A,0.3 € + 0.36 €/kWh
2026-10-08T00:02:28Z,IKR-P-IV7E-B,0.3 € + 0.41 €/kWh
2026-10-08T00:02:28Z,IKR-P-SCM5-A,0.3 € + 0.44 €/kWh
2026-10-08T00:02:28Z,IKR-P-V9X4-A,0.3 € + 0.44 €/kWh
2026-10-08T00:02:28Z,IKR-P-V9X4-B,0.3 € + 0.44 €/kWh
2026-10-08T00:02:28Z,STR-E-027B-A,0.23 € + 0.32 €/kWh
2026-10-08T00:02:28Z,STR-E-027B-B,0.23 € + 0.32 €/kWh
2026-10-08T00:02:28Z,STR-E-02VO-A,0.34 €/kWh
2026-10-08T00:02:28Z,STR-E-02VO-B,0.34 €/kWh
2026-10-08T00:02:28Z,STR-E-04YS-A,0 € + 0.31 €/kWh
2026-10-08T00:02:28Z,STR-E-051F-A,0.08 € + 0.26 €/kWh
2026-10-08T00:02:28Z,STR-E-10G9-A,0.08 € + 0.26 €/kWh
2026-10-08T00:02:28Z,STR-E-10G9-B,0.08 € + 0.26 €/kWh
2026-10-08T00:02:28Z,STR-E-1ME5-A,0.08 € + 0.26 €/kWh
2026-10-08T00:02:28Z,STR-E-1ME5-B,0.08 € + 0.26 €/kWh
2026-10-08T00:02:28Z,STR-E-1MHB-A,0.51 €/kWh
2026-10-08T00:02:28Z,STR-E-1X30-A,0 € + 0.31 €/kWh
2026-10-08T00:02:28Z,STR-E-21O1-A,0.32 €/kWh
2026-10-08T00:02:28Z,STR-E-21O1-B,0.32 €/kWh
2026-10-08T00:02:28Z,STR-E-2446-A,0 € + 0.31 €/kWh
2026-10-08T00:02:28Z,STR-E-2K1Q-A,0 € + 0.31 €/kWh
2026-10-08T00:02:28Z,STR-E-2XDJ-A,0 € + 0.31 €/kWh
2026-10-08T00:02:28Z,STR-E-3468-A,0.32 €/kWh
2026-10-08T00:02:28Z,STR-E-3468-B,0.32 €/kWh
2026-10-08T00:02:28Z,STR-E-3ENA-A,0.32 €/kWh
2026-10-08T00:02:28Z,STR-E-3ENA-B,0.32 €/kWh
2026-10-08T00:02:28Z,STR-E-3ENA-C,0.32 €/kWh
2026-10-08T00:02:28Z,STR-E-3FMF-A,0.23 € + 0.32 €/kWh
2026-10-08T00:02:28Z,STR-E-3FMF-B,0.23 € + 0.32 €/kWh
2026-10-08T00:02:28Z,STR-E-3SXI-A,0.32 €/kWh
2026-10-08T00:02:28Z,STR-E-3SXI-B,0.32 €/kWh
2026-10-08T00:02:28Z,STR-E-3WE5-A,0 € + 0.31 €/kWh
2026-10-08T00:02:28Z,STR-E-3YH3-A,0.08 € + 0.26 €/kWh
2026-10-08T00:02:28Z,STR-E-3YH3-B,0.08 € + 0.26 €/kWh
2026-10-08T00:02:28Z,STR-E-4156-A,0.37 €/kWh
2026-10-08T00:02:28Z,STR-E-4156-B,0.37 €/kWh
2026-10-08T00:02:28Z,STR-E-491A-A,0.31 €/kWh
2026-10-08T00:02:28Z,STR-E-491A-B,0.31 €/kWh
2026-10-08T00:02:28Z,STR-E-491A-C,0.31 €/kWh
2026-10-08T00:02:28Z,STR-E-4DE6-A,0.31 €/kWh
2026-10-08T00:02:28Z,STR-E-4DE6-B,0.31 €/kWh
2026-10-08T00:02:28Z,STR-E-4KWM-A,0.4 €/kWh
2026-10-08T00:02:28Z,STR-E-4KWM-B,0.4 €/kWh
2026-10-08T00:02:28Z,STR-E-4YKC-A,0 € + 0.31 €/kWh
2026-10-08T00:02:28Z,STR-E-527U-A,0 € + 0.31 €/kWh
2026-10-08T00:02:28Z,STR-E-54PK-A,0.08 € + 0.26 €/kWh
2026-10-08T00:02:28Z,STR-E-54PK-B,0.08 € + 0.26 €/kWh
2026-10-08T00:02:28Z,STR-E-55I4-A,0 € + 0.31 €/kWh
2026-10-08T00:02:28Z,STR-E-566J-A,0 € + 0.31 €/kWh
2026-10-08T00:02:28Z,STR-E-59TF-A,0.08 € + 0.26 €/kWh
2026-10-08T00:02:28Z,STR-E-6E7W-A,0 € + 0.31 €/kWh
2026-10-08T00:02:28Z,STR-E-6UZQ-A,0.32 €/kWh
2026-10-08T00:02:28Z,STR-E-6UZQ-B,0.32 €/kWh
2026-10-08T00:02:28Z,STR-E-6ZTQ-A,0 € + 0.31 €/kWh
2026-10-08T00:02:28Z,STR-E-7438-A,0 € + 0.31 €/kWh
2026-10-08T00:02:28Z,STR-E-7A48-A,0.08 € + 0.26 €/kWh
2026-10-08T00:02:28Z,STR-E-7YBN-A,0 € + 0.31 €/kWh
2026-10-08T00:02:28Z,STR-E-7Z8G-A,0.4 €/kWh
2026-10-08T00:02:28Z,STR-E-7Z8G-B,0.4 €/kWh
2026-10-08T00:02:28Z,STR-E-8A02-A,0 € + 0.31 €/kWh
2026-10-08T00:02:28Z,STR-E-8Q9F-A,0 € + 0.31 €/kWh
2026-10-08T00:02:28Z,STR-E-92KW-A,0.23 € + 0.32 €/kWh
2026-10-08T00:02:28Z,STR-E-9AH3-A,0 € + 0.31 €/kWh
2026-10-08T00:02:28Z,STR-E-A169-A,0 € + 0.31 €/kWh
2026-10-08T00:02:28Z,STR-E-A27N-A,0.34 €/kWh
2026-10-08T00:02:28Z,STR-E-A27N-B,0.34 €/kWh
2026-10-08T00:02:28Z,STR-E-A27N-C,0.34 €/kWh
2026-10-08T00:02:28Z,STR-E-ADXE-A,0 € + 0.31 €/kWh
2026-10-08T00:02:28Z,STR-E-AF2O-A,0.08 € + 0.26 €/kWh
2026-10-08T00:02:28Z,STR-E-AMQK-A,0 € + 0.31 €/kWh
2026-10-08T00:02:28Z,STR-E-ANJ0-A,0.23 € + 0.32 €/kWh
2026-10-08T00:02:28Z,STR-E-ANJ0-B,0.23 € + 0.32 €/kWh
2026-10-08T00:02:28Z,STR-E-AP96-A,0.23 € + 0.32 €/kWh
2026-10-08T00:02:28Z,STR-E-AP96-B,0.23 € + 0.32 €/kWh
2026-10-08T00:02:28Z,STR-E-AUQ2-A,0 € + 0.31 €/kWh
2026-10-08T00:02:28Z,STR-E-AWF1-A,0.08 € + 0.26 €/kWh
2026-10-08T00:02:28Z,STR-E-AWF1-B,0.08 € + 0.26 €/kWh
2026-10-08T00:02:28Z,STR-E-AWJ9-A,0.34 €/kWh
2026-10-08T00:02:28Z,STR-E-AWJ9-B,0.34 €/kWh
2026-10-08T00:02:28Z,STR-E-B36V-A,0.19 € + 0.38 €/kWh
2026-10-08T00:02:28Z,STR-E-B36V-B,0.19 € + 0.38 €/kWh
2026-10-08T00:02:28Z,STR-E-BIKW-A,0.23 € + 0.32 €/kWh
2026-10-08T00:02:28Z,STR-E-BIKW-B,0.23 € + 0.32 €/kWh
2026-10-08T00:02:28Z,STR-E-C99Z-A,0 € + 0.31 €/kWh
2026-10-08T00:02:28Z,STR-E-D3MB-A,0.23 € + 0.32 €/kWh
2026-10-08T00:02:28Z,STR-E-D3MB-B,0.23 € + 0.32 €/kWh
2026-10-08T00:02:28Z,STR-E-DBCC-A,0.08 € + 0.26 €/kWh
2026-10-08T00:02:28Z,STR-E-DBCC-B,0.08 € + 0.26 €/kWh
2026-10-08T00:02:28Z,STR-E-DHEJ-A,0 € + 0.31 €/kWh
2026-10-08T00:02:28Z,STR-E-E0DZ-A,0.32 €/kWh
2026-10-08T00:02:28Z,STR-E-E0DZ-B,0.32 €/kWh
2026-10-08T00:02:28Z,STR-E-ECI7-A,0 € + 0.31 €/kWh
2026-10-08T00:02:28Z,STR-E-EFXK-A,0 € + 0.31 €/kWh
2026-10-08T00:02:28Z,STR-E-ELFQ-A,0.23 € + 0.32 €/kWh
2026-10-08T00:02:28Z,STR-E-ELFQ-B,0.23 € + 0.32 €/kWh
2026-10-08T00:02:28Z,STR-E-EPQY-A,0 € + 0.31 €/kWh
2026-10-08T00:02:28Z,STR-E-ER2N-A,0 € + 0.31 €/kWh
2026-10-08T00:02:28Z,STR-E-ES3O-A,0 € + 0.31 €/kWh
2026-10-08T00:02:28Z,STR-E-F2G0-A,0.08 € + 0.26 €/kWh
2026-10-08T00:02:28Z,STR-E-F2G0-B,0.08 € + 0.26 €/kWh
2026-10-08T00:02:28Z,STR-E-F79A-A,0.23 € + 0.32 €/kWh
2026-10-08T00:02:28Z,STR-E-F79A-B,0.23 € + 0.32 €/kWh
2026-10-08T00:02:28Z,STR-E-FKUY-A,0 € + 0.31 €/kWh
2026-10-08T00:02:28Z,STR-E-FUE8-A,0.08 € + 0.26 €/kWh
2026-10-08T00:02:28Z,STR-E-FUE8-B,0.08 € + 0.26 €/kWh
2026-10-08T00:02:28Z,STR-E-GE77-A,0.4 €/kWh
2026-10-08T00:02:28Z,STR-E-GE77-B,0.4 €/kWh
2026-10-08T00:02:28Z,STR-E-GFB3-A,0 € + 0.31 €/kWh
2026-10-08T00:02:28Z,STR-E-GK0C-A,0 € + 0.31 €/kWh
2026-10-08T00:02:28Z,STR-E-HHXV-A,0 € + 0.31 €/kWh
2026-10-08T00:02:28Z,STR-E-I1KE-A,0 € + 0.31 €/kWh
2026-10-08T00:02:28Z,STR-E-IAO5-A,0 € + 0.31 €/kWh
2026-10-08T00:02:28Z,STR-E-IGH5-A,0.23 € + 0.32 €/kWh
2026-10-08T00:02:28Z,STR-E-IGH5-B,0.23 € + 0.32 €/kWh
2026-10-08T00:02:28Z,STR-E-IIKL-A,0.08 € + 0.26 €/kWh
2026-10-08T00:02:28Z,STR-E-IIKL-B,0.08 € + 0.26 €/kWh
2026-10-08T00:02:28Z,STR-E-IPEC-A,0 € + 0.31 €/kWh
2026-10-08T00:02:28Z,STR-E-IV6T-A,0 € + 0.31 €/kWh
2026-10-08T00:02:28Z,STR-E-J54N-A,0 € + 0.31 €/kWh
2026-10-08T00:02:28Z,STR-E-J6DA-A,0 € + 0.31 €/kWh
2026-10-08T00:02:28Z,STR-E-J8VF-A,0 € + 0.31 €/kWh
2026-10-08T00:02:28Z,STR-E-JG90-A,0.22 €/kWh + 0.3 €
2026-10-08T00:02:28Z,STR-E-JG90-B,0.22 €/kWh + 0.3 €
2026-10-08T00:02:28Z,STR-E-JMOR-A,0 € + 0.31 €/kWh
2026-10-08T00:02:28Z,STR-E-K217-A,0 € + 0.31 €/kWh
2026-10-08T00:02:28Z,STR-E-K73C-A,0.23 € + 0.32 €/kWh
2026-10-08T00:02:28Z,STR-E-K73C-B,0.23 € + 0.32 €/kWh
2026-10-08T00:02:28Z,STR-E-KOHN-A,0 € + 0.31 €/kWh
2026-10-08T00:02:28Z,STR-E-KT5B-A,0 € + 0.31 €/kWh
2026-10-08T00:02:28Z,STR-E-KUKS-A,0.08 € + 0.26 €/kWh
2026-10-08T00:02:28Z,STR-E-KUKS-B,0.08 € + 0.26 €/kWh
2026-10-08T00:02:28Z,STR-E-LREY-A,0.51 €/kWh
2026-10-08T00:02:28Z,STR-E-MIP3-A,0.31 €/kWh
2026-10-08T00:02:28Z,STR-E-MIP3-B,0.31 €/kWh
2026-10-08T00:02:28Z,STR-E-NCKT-A,0.08 € + 0.26 €/kWh
2026-10-08T00:02:28Z,STR-E-NCKT-B,0.08 € + 0.26 €/kWh
2026-10-08T00:02:28Z,STR-E-NDU2-A,0 € + 0.31 €/kWh
2026-10-08T00:02:28Z,STR-E-NDZ4-A,0 € + 0.31 €/kWh
2026-10-08T00:02:28Z,STR-E-NFV5-A,0 € + 0.31 €/kWh
2026-10-08T00:02:28Z,STR-E-NSGB-A,0 € + 0.31 €/kWh
2026-10-08T00:02:28Z,STR-E-NY0Q-A,0.15 € + 0.34 €/kWh
2026-10-08T00:02:28Z,STR-E-O5JX-A,0 € + 0.31 €/kWh
2026-10-08T00:02:28Z,STR-E-O5YW-A,0.08 € + 0.26 €/kWh
2026-10-08T00:02:28Z,STR-E-O5YW-B,0.08 € + 0.26 €/kWh
2026-10-08T00:02:28Z,STR-E-ODBK-A,0.4 €/kWh
2026-10-08T00:02:28Z,STR-E-ODBK-B,0.4 €/kWh
2026-10-08T00:02:28Z,STR-E-OFWF-A,0 € + 0.31 €/kWh
2026-10-08T00:02:28Z,STR-E-OHH6-A,0 € + 0.31 €/kWh
2026-10-08T00:02:28Z,STR-E-OJ3E-A,0.23 € + 0.32 €/kWh
2026-10-08T00:02:28Z,STR-E-OJ3E-B,0.23 € + 0.32 €/kWh
2026-10-08T00:02:28Z,STR-E-P46N-A,0 € + 0.31 €/kWh
2026-10-08T00:02:28Z,STR-E-P7AF-A,0.08 € + 0.26 €/kWh
2026-10-08T00:02:28Z,STR-E-P7AF-B,0.08 € + 0.26 €/kWh
2026-10-08T00:02:28Z,STR-E-PJCQ-A,0.08 € + 0.26 €/kWh
2026-10-08T00:02:28Z,STR-E-PJCQ-B,0.08 € + 0.26 €/kWh
2026-10-08T00:02:28Z,STR-E-PM3P-A,0.23 € + 0.32 €/kWh
2026-10-08T00:02:28Z,STR-E-PM3P-B,0.23 € + 0.32 €/kWh
2026-10-08T00:02:28Z,STR-E-Q5YF-A,0.23 € + 0.32 €/kWh
2026-10-08T00:02:28Z,STR-E-Q5YF-B,0.23 € + 0.32 €/kWh
2026-10-08T00:02:28Z,STR-E-Q7LB-A,0.23 € + 0.32 €/kWh
2026-10-08T00:02:28Z,STR-E-Q7LB-B,0.23 € + 0.32 €/kWh
2026-10-08T00:02:28Z,STR-E-QAXH-A,0.15 € + 0.34 €/kWh
2026-10-08T00:02:28Z,STR-E-QE1X-A,0.08 € + 0.26 €/kWh
2026-10-08T00:02:28Z,STR-E-QE1X-B,0.08 € + 0.26 €/kWh
2026-10-08T00:02:28Z,STR-E-QLC9-A,0.31 €/kWh
2026-10-08T00:02:28Z,STR-E-QLC9-B,0.31 €/kWh
2026-10-08T00:02:28Z,STR-E-R1MT-A,0.23 € + 0.32 €/kWh
2026-10-08T00:02:28Z,STR-E-R1MT-B,0.23 € + 0.32 €/kWh
2026-10-08T00:02:28Z,STR-E-R1PI-A,0.23 € + 0.32 €/kWh
2026-10-08T00:02:28Z,STR-E-R1PI-B,0.23 € + 0.32 €/kWh
2026-10-08T00:02:28Z,STR-E-R2LK-A,0.23 € + 0.32 €/kWh
2026-10-08T00:02:28Z,STR-E-R2LK-B,0.23 € + 0.32 €/kWh
2026-10-08T00:02:28Z,STR-E-R8PQ-A,0 € + 0.31 €/kWh
2026-10-08T00:02:28Z,STR-E-S6VR-A,0 € + 0.31 €/kWh
2026-10-08T00:02:28Z,STR-E-S7YR-A,0.23 € + 0.32 €/kWh
2026-10-08T00:02:28Z,STR-E-S7YR-B,0.23 € + 0.32 €/kWh
2026-10-08T00:02:28Z,STR-E-SGC2-A,0 € + 0.31 €/kWh
2026-10-08T00:02:28Z,STR-E-SQX8-A,0.08 € + 0.26 €/kWh
2026-10-08T00:02:28Z,STR-E-SQX8-B,0.08 € + 0.26 €/kWh
2026-10-08T00:02:28Z,STR-E-SVR3-A,0.23 € + 0.32 €/kWh
2026-10-08T00:02:28Z,STR-E-SVR3-B,0.23 € + 0.32 €/kWh
2026-10-08T00:02:28Z,STR-E-TX67-A,0.34 €/kWh
2026-10-08T00:02:28Z,STR-E-TX67-B,0.34 €/kWh
2026-10-08T00:02:28Z,STR-E-U41O-A,0 € + 0.31 €/kWh
2026-10-08T00:02:28Z,STR-E-UKPS-A,0.15 € + 0.34 €/kWh
2026-10-08T00:02:28Z,STR-E-UPAQ-A,0.31 €/kWh
2026-10-08T00:02:28Z,STR-E-UPAQ-B,0.31 €/kWh
2026-10-08T00:02:28Z,STR-E-UPOS-A,0.08 € + 0.26 €/kWh
2026-10-08T00:02:28Z,STR-E-UPOS-B,0.08 € + 0.26 €/kWh
2026-10-08T00:02:28Z,STR-E-VJBJ-A,0 € + 0.31 €/kWh
2026-10-08T00:02:28Z,STR-E-VQ06-A,0 € + 0.31 €/kWh
2026-10-08T00:02:28Z,STR-E-VSDJ-A,0.34 €/kWh
2026-10-08T00:02:28Z,STR-E-VSDJ-B,0.34 €/kWh
2026-10-08T00:02:28Z,STR-E-VX2O-A,0 € + 0.31 €/kWh
2026-10-08T00:02:28Z,STR-E-WEE3-A,0.23 € + 0.32 €/kWh
2026-10-08T00:02:28Z,STR-E-WEE3-B,0.23 € + 0.32 €/kWh
2026-10-08T00:02:28Z,STR-E-WHZ1-A,0 € + 0.31 €/kWh
2026-10-08T00:02:28Z,STR-E-WLGM-A,0 € + 0.31 €/kWh
2026-10-08T00:02:28Z,STR-E-WTQ5-A,0.32 €/kWh
2026-10-08T00:02:28Z,STR-E-WYFE-A,0.32 €/kWh
2026-10-08T00:02:28Z,STR-E-WYFE-B,0.32 €/kWh
2026-10-08T00:02:28Z,STR-E-WYYC-A,0.23 € + 0.32 €/kWh
2026-10-08T00:02:28Z,STR-E-WYYC-B,0.23 € + 0.32 €/kWh
2026-10-08T00:02:28Z,STR-E-X54O-A,0 € + 0.31 €/kWh
2026-10-08T00:02:28Z,STR-E-XCMJ-A,0.08 € + 0.26 €/kWh
2026-10-08T00:02:28Z,STR-E-XCMJ-B,0.08 € + 0.26 €/kWh
2026-10-08T00:02:28Z,STR-E-XG69-A,0.08 € + 0.26 €/kWh
2026-10-08T00:02:28Z,STR-E-XG69-B,0.08 € + 0.26 €/kWh
2026-10-08T00:02:28Z,STR-E-XH51-A,0 € + 0.31 €/kWh
2026-10-08T00:02:28Z,STR-E-XKW2-A,0.23 € + 0.32 €/kWh
2026-10-08T00:02:28Z,STR-E-XKW2-B,0.23 € + 0.32 €/kWh
2026-10-08T00:02:28Z,STR-E-XRV8-A,0 € + 0.31 €/kWh
2026-10-08T00:02:28Z,STR-E-Y7JK-A,0 € + 0.31 €/kWh
2026-10-08T00:02:28Z,STR-E-Y82E-A,0 € + 0.31 €/kWh
2026-10-08T00:02:28Z,STR-E-Z2PJ-A,0.08 € + 0.26 €/kWh
2026-10-08T00:02:28Z,STR-E-Z2PJ-B,0.08 € + 0.26 €/kWh
2026-10-08T00:02:28Z,STR-E-ZEP7-A,0 € + 0.31 €/kWh
2026-10-08T00:02:28Z,STR-E-ZIAZ-A,0 € + 0.31 €/kWh
2026-10-08T00:02:28Z,STR-E-ZK9W-A,0 € + 0.31 €/kWh
2026-10-08T00:02:28Z,STR-E-ZS00-A,0.23 € + 0.32 €/kWh
2026-10-08T00:02:28Z,STR-E-ZS00-B,0.23 € + 0.32 €/kWh
2026-10-08T00:02:28Z,STR-E-ZWU5-A,0.08 € + 0.26 €/kWh
2026-10-08T00:02:28Z,STR-E-ZWU5-B,0.08 € + 0.26 €/kWh
2026-10-08T00:16:26Z,IKR-E-1220-A,0.3 € + 0.4 €/kWh
2026-10-08T00:16:26Z,IKR-E-1871-A,0.3 € + 0.4 €/kWh
2026-10-08T00:16:26Z,IKR-E-2G8J-A,0.3 € + 0.4 €/kWh
2026-10-08T00:16:26Z,IKR-E-3TSR-A,0.3 € + 0.4 €/kWh
2026-10-08T00:16:26Z,IKR-E-5715-A,0.3 € + 0.4 €/kWh
2026-10-08T00:16:26Z,IKR-E-5730-A,0.3 € + 0.46 €/kWh
2026-10-08T00:16:26Z,IKR-E-5CGU-A,0.3 € + 0.4 €/kWh
2026-10-08T00:16:26Z,IKR-E-7718-A,0.3 € + 0.46 €/kWh
2026-10-08T00:16:26Z,IKR-E-DVCM-A,0.3 € + 0.4 €/kWh
2026-10-08T00:16:26Z,IKR-E-E228-A,0.3 € + 0.39 €/kWh
2026-10-08T00:16:26Z,IKR-E-EKZA-A,0.3 € + 0.39 €/kWh
2026-10-08T00:16:26Z,IKR-E-GAY9-A,0.3 € + 0.4 €/kWh
2026-10-08T00:16:26Z,IKR-E-IZW2-A,0.3 € + 0.4 €/kWh
2026-10-08T00:16:26Z,IKR-E-J1JV-A,0.3 € + 0.39 €/kWh
2026-10-08T00:16:26Z,IKR-E-JJAJ-A,0.3 € + 0.4 €/kWh
2026-10-08T00:16:26Z,IKR-E-KMBH-A,0.3 € + 0.4 €/kWh
2026-10-08T00:16:26Z,IKR-E-LJZI-A,0.3 € + 0.4 €/kWh
2026-10-08T00:16:26Z,IKR-E-XIH2-A,0.3 € + 0.4 €/kWh
2026-10-08T00:16:26Z,IKR-P-IV7E-B,0.3 € + 0.4 €/kWh
2026-10-08T00:16:26Z,STR-E-027B-A,0.23 € + 0.31 €/kWh
2026-10-08T00:16:26Z,STR-E-027B-B,0.23 € + 0.31 €/kWh
2026-10-08T00:16:26Z,STR-E-02VO-A,0.33 €/kWh
2026-10-08T00:16:26Z,STR-E-02VO-B,0.33 €/kWh
2026-10-08T00:16:26Z,STR-E-04YS-A,0 € + 0.3 €/kWh
2026-10-08T00:16:26Z,STR-E-051F-A,0.08 € + 0.25 €/kWh
2026-10-08T00:16:26Z,STR-E-0698-A,0.19 €/kWh
2026-10-08T00:16:26Z,STR-E-0GEL-A,0.19 €/kWh
2026-10-08T00:16:26Z,STR-E-10G9-A,0.08 € + 0.25 €/kWh
2026-10-08T00:16:26Z,STR-E-10G9-B,0.08 € + 0.25 €/kWh
2026-10-08T00:16:26Z,STR-E-1162-A,0.19 €/kWh
2026-10-08T00:16:26Z,STR-E-11DT-A,0.19 €/kWh
2026-10-08T00:16:26Z,STR-E-1887-A,0.19 €/kWh
2026-10-08T00:16:26Z,STR-E-1927-A,0.19 €/kWh
2026-10-08T00:16:26Z,STR-E-1ME5-A,0.08 € + 0.25 €/kWh
2026-10-08T00:16:26Z,STR-E-1ME5-B,0.08 € + 0.25 €/kWh
2026-10-08T00:16:26Z,STR-E-1MHB-A,0.49 €/kWh
2026-10-08T00:16:26Z,STR-E-1MJQ-A,0.19 €/kWh
2026-10-08T00:16:26Z,STR-E-1X30-A,0 € + 0.3 €/kWh
2026-10-08T00:16:26Z,STR-E-21O1-A,0.31 €/kWh
2026-10-08T00:16:26Z,STR-E-21O1-B,0.31 €/kWh
2026-10-08T00:16:26Z,STR-E-2446-A,0 € + 0.3 €/kWh
2026-10-08T00:16:26Z,STR-E-2D12-A,0.19 €/kWh
2026-10-08T00:16:26Z,STR-E-2ED4-A,0.19 €/kWh
2026-10-08T00:16:26Z,STR-E-2K1Q-A,0 € + 0.3 €/kWh
2026-10-08T00:16:26Z,STR-E-2XDJ-A,0 € + 0.3 €/kWh
2026-10-08T00:16:26Z,STR-E-320G-A,0.19 €/kWh
2026-10-08T00:16:26Z,STR-E-3468-A,0.31 €/kWh
2026-10-08T00:16:26Z,STR-E-3468-B,0.31 €/kWh
2026-10-08T00:16:26Z,STR-E-3ENA-A,0.31 €/kWh
2026-10-08T00:16:26Z,STR-E-3ENA-B,0.31 €/kWh
2026-10-08T00:16:26Z,STR-E-3ENA-C,0.31 €/kWh
2026-10-08T00:16:26Z,STR-E-3FMF-A,0.23 € + 0.31 €/kWh
2026-10-08T00:16:26Z,STR-E-3FMF-B,0.23 € + 0.31 €/kWh
2026-10-08T00:16:26Z,STR-E-3PZS-A,0.19 €/kWh
2026-10-08T00:16:26Z,STR-E-3SXI-A,0.31 €/kWh
2026-10-08T00:16:26Z,STR-E-3SXI-B,0.31 €/kWh
2026-10-08T00:16:26Z,STR-E-3TZI-A,0.19 €/kWh
2026-10-08T00:16:26Z,STR-E-3WE5-A,0 € + 0.3 €/kWh
2026-10-08T00:16:26Z,STR-E-3YH3-A,0.08 € + 0.25 €/kWh
2026-10-08T00:16:26Z,STR-E-3YH3-B,0.08 € + 0.25 €/kWh
2026-10-08T00:16:26Z,STR-E-4156-A,0.36 €/kWh
2026-10-08T00:16:26Z,STR-E-4156-B,0.36 €/kWh
2026-10-08T00:16:26Z,STR-E-491A-A,0.3 €/kWh
2026-10-08T00:16:26Z,STR-E-491A-B,0.3 €/kWh
2026-10-08T00:16:26Z,STR-E-491A-C,0.3 €/kWh
2026-10-08T00:16:26Z,STR-E-4DE6-A,0.3 €/kWh
2026-10-08T00:16:26Z,STR-E-4DE6-B,0.3 €/kWh
2026-10-08T00:16:26Z,STR-E-4KWM-A,0.39 €/kWh
2026-10-08T00:16:26Z,STR-E-4KWM-B,0.39 €/kWh
2026-10-08T00:16:26Z,STR-E-4LRS-A,0.19 €/kWh
2026-10-08T00:16:26Z,STR-E-4UGU-A,0.19 €/kWh
2026-10-08T00:16:26Z,STR-E-4YKC-A,0 € + 0.3 €/kWh
2026-10-08T00:16:26Z,STR-E-527U-A,0 € + 0.3 €/kWh
2026-10-08T00:16:26Z,STR-E-54PK-A,0.08 € + 0.25 €/kWh
2026-10-08T00:16:26Z,STR-E-54PK-B,0.08 € + 0.25 €/kWh
2026-10-08T00:16:26Z,STR-E-55I4-A,0 € + 0.3 €/kWh
2026-10-08T00:16:26Z,STR-E-566J-A,0 € + 0.3 €/kWh
2026-10-08T00:16:26Z,STR-E-59TF-A,0.08 € + 0.25 €/kWh
2026-10-08T00:16:26Z,STR-E-5DWB-A,0.19 €/kWh
2026-10-08T00:16:26Z,STR-E-5TI5-A,0.19 €/kWh
2026-10-08T00:16:26Z,STR-E-69PN-A,0.19 €/kWh
2026-10-08T00:16:26Z,STR-E-6CNG-A,0.19 €/kWh
2026-10-08T00:16:26Z,STR-E-6E7W-A,0 € + 0.3 €/kWh
2026-10-08T00:16:26Z,STR-E-6SQH-A,0.19 €/kWh
2026-10-08T00:16:26Z,STR-E-6UZQ-A,0.31 €/kWh
2026-10-08T00:16:26Z,STR-E-6UZQ-B,0.31 €/kWh
2026-10-08T00:16:26Z,STR-E-6ZTQ-A,0 € + 0.3 €/kWh
2026-10-08T00:16:26Z,STR-E-7438-A,0 € + 0.3 €/kWh
2026-10-08T00:16:26Z,STR-E-7A48-A,0.08 € + 0.25 €/kWh
2026-10-08T00:16:26Z,STR-E-7YBN-A,0 € + 0.3 €/kWh
2026-10-08T00:16:26Z,STR-E-7Z8G-A,0.39 €/kWh
2026-10-08T00:16:26Z,STR-E-7Z8G-B,0.39 €/kWh
2026-10-08T00:16:26Z,STR-E-86C0-A,0.19 €/kWh
2026-10-08T00:16:26Z,STR-E-88SA-A,0.19 €/kWh
2026-10-08T00:16:26Z,STR-E-8A02-A,0 € + 0.3 €/kWh
2026-10-08T00:16:26Z,STR-E-8M2O-A,0.19 €/kWh
2026-10-08T00:16:26Z,STR-E-8Q9F-A,0 € + 0.3 €/kWh
2026-10-08T00:16:26Z,STR-E-8XL5-A,0.19 €/kWh
2026-10-08T00:16:26Z,STR-E-8Y23-A,0.19 €/kWh
2026-10-08T00:16:26Z,STR-E-92KW-A,0.23 € + 0.31 €/kWh
2026-10-08T00:16:26Z,STR-E-9AH3-A,0 € + 0.3 €/kWh
2026-10-08T00:16:26Z,STR-E-9I2R-A,0.19 €/kWh
2026-10-08T00:16:26Z,STR-E-9TUZ-A,0.19 €/kWh
2026-10-08T00:16:26Z,STR-E-9WY2-A,0.19 €/kWh
2026-10-08T00:16:26Z,STR-E-A169-A,0 € + 0.3 €/kWh
2026-10-08T00:16:26Z,STR-E-A27N-A,0.33 €/kWh
2026-10-08T00:16:26Z,STR-E-A27N-B,0.33 €/kWh
2026-10-08T00:16:26Z,STR-E-A27N-C,0.33 €/kWh
2026-10-08T00:16:26Z,STR-E-A442-A,0.19 €/kWh
2026-10-08T00:16:26Z,STR-E-AABG-A,0.19 €/kWh
2026-10-08T00:16:26Z,STR-E-ACMT-A,0.19 €/kWh
2026-10-08T00:16:26Z,STR-E-ADXE-A,0 € + 0.3 €/kWh
2026-10-08T00:16:26Z,STR-E-AF2O-A,0.08 € + 0.25 €/kWh
2026-10-08T00:16:26Z,STR-E-AMQK-A,0 € + 0.3 €/kWh
2026-10-08T00:16:26Z,STR-E-ANJ0-A,0.23 € + 0.31 €/kWh
2026-10-08T00:16:26Z,STR-E-ANJ0-B,0.23 € + 0.31 €/kWh
2026-10-08T00:16:26Z,STR-E-AP96-A,0.23 € + 0.31 €/kWh
2026-10-08T00:16:26Z,STR-E-AP96-B,0.23 € + 0.31 €/kWh
2026-10-08T00:16:26Z,STR-E-AUQ2-A,0 € + 0.3 €/kWh
2026-10-08T00:16:26Z,STR-E-AWF1-A,0.08 € + 0.25 €/kWh
2026-10-08T00:16:26Z,STR-E-AWF1-B,0.08 € + 0.25 €/kWh
2026-10-08T00:16:26Z,STR-E-AWJ9-A,0.33 €/kWh
2026-10-08T00:16:26Z,STR-E-AWJ9-B,0.33 €/kWh
2026-10-08T00:16:26Z,STR-E-B36V-A,0.19 € + 0.37 €/kWh
2026-10-08T00:16:26Z,STR-E-B36V-B,0.19 € + 0.37 €/kWh
2026-10-08T00:16:26Z,STR-E-BIKW-A,0.23 € + 0.31 €/kWh
2026-10-08T00:16:26Z,STR-E-BIKW-B,0.23 € + 0.31 €/kWh
2026-10-08T00:16:26Z,STR-E-BXA5-A,0.19 €/kWh
2026-10-08T00:16:26Z,STR-E-C91L-A,0.19 €/kWh
2026-10-08T00:16:26Z,STR-E-C99Z-A,0 € + 0.3 €/kWh
2026-10-08T00:16:26Z,STR-E-D3MB-A,0.23 € + 0.31 €/kWh
2026-10-08T00:16:26Z,STR-E-D3MB-B,0.23 € + 0.31 €/kWh
2026-10-08T00:16:26Z,STR-E-DBCC-A,0.08 € + 0.25 €/kWh
2026-10-08T00:16:26Z,STR-E-DBCC-B,0.08 € + 0.25 €/kWh
2026-10-08T00:16:26Z,STR-E-DHEJ-A,0 € + 0.3 €/kWh
2026-10-08T00:16:26Z,STR-E-E0DZ-A,0.31 €/kWh
2026-10-08T00:16:26Z,STR-E-E0DZ-B,0.31 €/kWh
2026-10-08T00:16:26Z,STR-E-E7HH-A,0.19 €/kWh
2026-10-08T00:16:26Z,STR-E-ECI7-A,0 € + 0.3 €/kWh
2026-10-08T00:16:26Z,STR-E-EFXK-A,0 € + 0.3 €/kWh
2026-10-08T00:16:26Z,STR-E-ELFQ-A,0.23 € + 0.31 €/kWh
2026-10-08T00:16:26Z,STR-E-ELFQ-B,0.23 € + 0.31 €/kWh
2026-10-08T00:16:26Z,STR-E-EPQY-A,0 € + 0.3 €/kWh
2026-10-08T00:16:26Z,STR-E-ER2N-A,0 € + 0.3 €/kWh
2026-10-08T00:16:26Z,STR-E-ES3O-A,0 € + 0.3 €/kWh
2026-10-08T00:16:26Z,STR-E-EU1U-A,0.19 €/kWh
2026-10-08T00:16:26Z,STR-E-F2G0-A,0.08 € + 0.25 €/kWh
2026-10-08T00:16:26Z,STR-E-F2G0-B,0.08 € + 0.25 €/kWh
2026-10-08T00:16:26Z,STR-E-F4B3-A,0.19 €/kWh
2026-10-08T00:16:26Z,STR-E-F5LZ-A,0.19 €/kWh
2026-10-08T00:16:26Z,STR-E-F79A-A,0.23 € + 0.31 €/kWh
2026-10-08T00:16:26Z,STR-E-F79A-B,0.23 € + 0.31 €/kWh
2026-10-08T00:16:26Z,STR-E-FGMF-A,0.19 €/kWh
2026-10-08T00:16:26Z,STR-E-FK06-A,0.19 €/kWh
2026-10-08T00:16:26Z,STR-E-FKUY-A,0 € + 0.3 €/kWh
2026-10-08T00:16:26Z,STR-E-FUE8-A,0.08 € + 0.25 €/kWh
2026-10-08T00:16:26Z,STR-E-FUE8-B,0.08 € + 0.25 €/kWh
2026-10-08T00:16:26Z,STR-E-G4VM-A,0.19 €/kWh
2026-10-08T00:16:26Z,STR-E-G518-A,0.19 €/kWh
2026-10-08T00:16:26Z,STR-E-GB9A-A,0.19 €/kWh
2026-10-08T00:16:26Z,STR-E-GE77-A,0.39 €/kWh
2026-10-08T00:16:26Z,STR-E-GE77-B,0.39 €/kWh
2026-10-08T00:16:26Z,STR-E-GFB3-A,0 € + 0.3 €/kWh
2026-10-08T00:16:26Z,STR-E-GGV8-A,0.19 €/kWh
2026-10-08T00:16:26Z,STR-E-GHJA-A,0.19 €/kWh
2026-10-08T00:16:26Z,STR-E-GK0C-A,0 € + 0.3 €/kWh
2026-10-08T00:16:26Z,STR-E-GR5K-A,0.19 €/kWh
2026-10-08T00:16:26Z,STR-E-H6Q5-A,0.19 €/kWh
2026-10-08T00:16:26Z,STR-E-HHXV-A,0 € + 0.3 €/kWh
2026-10-08T00:16:26Z,STR-E-I1KE-A,0 € + 0.3 €/kWh
2026-10-08T00:16:26Z,STR-E-I4UZ-A,0.19 €/kWh
2026-10-08T00:16:26Z,STR-E-I5FH-A,0.19 €/kWh
2026-10-08T00:16:26Z,STR-E-I8C6-A,0.19 €/kWh
2026-10-08T00:16:26Z,STR-E-IA3X-A,0.19 €/kWh
2026-10-08T00:16:26Z,STR-E-IAO5-A,0 € + 0.3 €/kWh
2026-10-08T00:16:26Z,STR-E-IGH5-A,0.23 € + 0.31 €/kWh
2026-10-08T00:16:26Z,STR-E-IGH5-B,0.23 € + 0.31 €/kWh
2026-10-08T00:16:26Z,STR-E-IIKL-A,0.08 € + 0.25 €/kWh
2026-10-08T00:16:26Z,STR-E-IIKL-B,0.08 € + 0.25 €/kWh
2026-10-08T00:16:26Z,STR-E-IPEC-A,0 € + 0.3 €/kWh
2026-10-08T00:16:26Z,STR-E-IV6T-A,0 € + 0.3 €/kWh
2026-10-08T00:16:26Z,STR-E-J54N-A,0 € + 0.3 €/kWh
2026-10-08T00:16:26Z,STR-E-J6DA-A,0 € + 0.3 €/kWh
2026-10-08T00:16:26Z,STR-E-J8VF-A,0 € + 0.3 €/kWh
2026-10-08T00:16:26Z,STR-E-JG90-A,0.21 €/kWh + 0.3 €
2026-10-08T00:16:26Z,STR-E-JG90-B,0.21 €/kWh + 0.3 €
2026-10-08T00:16:26Z,STR-E-JMOR-A,0 € + 0.3 €/kWh
2026-10-08T00:16:26Z,STR-E-JVO0-A,0.19 €/kWh
2026-10-08T00:16:26Z,STR-E-K217-A,0 € + 0.3 €/kWh
2026-10-08T00:16:26Z,STR-E-K73C-A,0.23 € + 0.31 €/kWh
2026-10-08T00:16:26Z,STR-E-K73C-B,0.23 € + 0.31 €/kWh
2026-10-08T00:16:26Z,STR-E-KBZL-A,0.19 €/kWh
2026-10-08T00:16:26Z,STR-E-KOHN-A,0 € + 0.3 €/kWh
2026-10-08T00:16:26Z,STR-E-KT5B-A,0 € + 0.3 €/kWh
2026-10-08T00:16:26Z,STR-E-KUKS-A,0.08 € + 0.25 €/kWh
2026-10-08T00:16:26Z,STR-E-KUKS-B,0.08 € + 0.25 €/kWh
2026-10-08T00:16:26Z,STR-E-L84D-A,0.19 €/kWh
2026-10-08T00:16:26Z,STR-E-LISV-A,0.19 €/kWh
2026-10-08T00:16:26Z,STR-E-LKFQ-A,0.19 €/kWh
2026-10-08T00:16:26Z,STR-E-LREY-A,0.49 €/kWh
2026-10-08T00:16:26Z,STR-E-M1IB-A,0.19 €/kWh
2026-10-08T00:16:26Z,STR-E-M8WL-A,0.19 €/kWh
2026-10-08T00:16:26Z,STR-E-M9W7-A,0.19 €/kWh
2026-10-08T00:16:26Z,STR-E-MIP3-A,0.3 €/kWh
2026-10-08T00:16:26Z,STR-E-MIP3-B,0.3 €/kWh
2026-10-08T00:16:26Z,STR-E-MSEN-A,0.19 €/kWh
2026-10-08T00:16:26Z,STR-E-MSUL-A,0.19 €/kWh
2026-10-08T00:16:26Z,STR-E-N6P5-A,0.19 €/kWh
2026-10-08T00:16:26Z,STR-E-NCKT-A,0.08 € + 0.25 €/kWh
2026-10-08T00:16:26Z,STR-E-NCKT-B,0.08 € + 0.25 €/kWh
2026-10-08T00:16:26Z,STR-E-NDU2-A,0 € + 0.3 €/kWh
2026-10-08T00:16:26Z,STR-E-NDZ4-A,0 € + 0.3 €/kWh
2026-10-08T00:16:26Z,STR-E-NFV5-A,0 € + 0.3 €/kWh
2026-10-08T00:16:26Z,STR-E-NNGC-A,0.19 €/kWh
2026-10-08T00:16:26Z,STR-E-NSGB-A,0 € + 0.3 €/kWh
2026-10-08T00:16:26Z,STR-E-NY0Q-A,0.15 € + 0.32 €/kWh
2026-10-08T00:16:26Z,STR-E-O0VK-A,0.19 €/kWh
2026-10-08T00:16:26Z,STR-E-O5JX-A,0 € + 0.3 €/kWh
2026-10-08T00:16:26Z,STR-E-O5YW-A,0.08 € + 0.25 €/kWh
2026-10-08T00:16:26Z,STR-E-O5YW-B,0.08 € + 0.25 €/kWh
2026-10-08T00:16:26Z,STR-E-ODBK-A,0.39 €/kWh
2026-10-08T00:16:26Z,STR-E-ODBK-B,0.39 €/kWh
2026-10-08T00:16:26Z,STR-E-OFWF-A,0 € + 0.3 €/kWh
2026-10-08T00:16:26Z,STR-E-OG1X-A,0.19 €/kWh
2026-10-08T00:16:26Z,STR-E-OHH6-A,0 € + 0.3 €/kWh
2026-10-08T00:16:26Z,STR-E-OJ3E-A,0.23 € + 0.31 €/kWh
2026-10-08T00:16:26Z,STR-E-OJ3E-B,0.23 € + 0.31 €/kWh
2026-10-08T00:16:26Z,STR-E-OQKZ-A,0.19 €/kWh
2026-10-08T00:16:26Z,STR-E-P46N-A,0 € + 0.3 €/kWh
2026-10-08T00:16:26Z,STR-E-P7AF-A,0.08 € + 0.25 €/kWh
2026-10-08T00:16:26Z,STR-E-P7AF-B,0.08 € + 0.25 €/kWh
2026-10-08T00:16:26Z,STR-E-PC04-A,0.19 €/kWh
2026-10-08T00:16:26Z,STR-E-PDR2-A,0.19 €/kWh
2026-10-08T00:16:26Z,STR-E-PJCQ-A,0.08 € + 0.25 €/kWh
2026-10-08T00:16:26Z,STR-E-PJCQ-B,0.08 € + 0.25 €/kWh
2026-10-08T00:16:26Z,STR-E-PM3P-A,0.23 € + 0.31 €/kWh
2026-10-08T00:16:26Z,STR-E-PM3P-B,0.23 € + 0.31 €/kWh
2026-10-08T00:16:26Z,STR-E-PRUQ-A,0.19 €/kWh
2026-10-08T00:16:26Z,STR-E-PSU9-A,0.19 €/kWh
2026-10-08T00:16:26Z,STR-E-PZ9U-A,0.19 €/kWh
2026-10-08T00:16:26Z,STR-E-PZES-A,0.19 €/kWh
2026-10-08T00:16:26Z,STR-E-Q5YF-A,0.23 € + 0.31 €/kWh
2026-10-08T00:16:26Z,STR-E-Q5YF-B,0.23 € + 0.31 €/kWh
2026-10-08T00:16:26Z,STR-E-Q7LB-A,0.23 € + 0.31 €/kWh
2026-10-08T00:16:26Z,STR-E-Q7LB-B,0.23 € + 0.31 €/kWh
2026-10-08T00:16:26Z,STR-E-QAXH-A,0.15 € + 0.32 €/kWh
2026-10-08T00:16:26Z,STR-E-QE1X-A,0.08 € + 0.25 €/kWh
2026-10-08T00:16:26Z,STR-E-QE1X-B,0.08 € + 0.25 €/kWh
2026-10-08T00:16:26Z,STR-E-QEDL-A,0.19 €/kWh
2026-10-08T00:16:26Z,STR-E-QIQM-A,0.19 €/kWh
2026-10-08T00:16:26Z,STR-E-QLC9-A,0.3 €/kWh
2026-10-08T00:16:26Z,STR-E-QLC9-B,0.3 €/kWh
2026-10-08T00:16:26Z,STR-E-R0J8-A,0.19 €/kWh
2026-10-08T00:16:26Z,STR-E-R1MT-A,0.23 € + 0.31 €/kWh
2026-10-08T00:16:26Z,STR-E-R1MT-B,0.23 € + 0.31 €/kWh
2026-10-08T00:16:26Z,STR-E-R1PI-A,0.23 € + 0.31 €/kWh
2026-10-08T00:16:26Z,STR-E-R1PI-B,0.23 € + 0.31 €/kWh
2026-10-08T00:16:26Z,STR-E-R2LK-A,0.23 € + 0.31 €/kWh
2026-10-08T00:16:26Z,STR-E-R2LK-B,0.23 € + 0.31 €/kWh
2026-10-08T00:16:26Z,STR-E-R8PQ-A,0 € + 0.3 €/kWh
2026-10-08T00:16:26Z,STR-E-R9GA-A,0.19 €/kWh
2026-10-08T00:16:26Z,STR-E-RJH9-A,0.19 €/kWh
2026-10-08T00:16:26Z,STR-E-RKWJ-A,0.19 €/kWh
2026-10-08T00:16:26Z,STR-E-S42D-A,0.19 €/kWh
2026-10-08T00:16:26Z,STR-E-S6VR-A,0 € + 0.3 €/kWh
2026-10-08T00:16:26Z,STR-E-S7YR-A,0.23 € + 0.31 €/kWh
2026-10-08T00:16:26Z,STR-E-S7YR-B,0.23 € + 0.31 €/kWh
2026-10-08T00:16:26Z,STR-E-SGC2-A,0 € + 0.3 €/kWh
2026-10-08T00:16:26Z,STR-E-SJKA-A,0.19 €/kWh
2026-10-08T00:16:26Z,STR-E-SQX8-A,0.08 € + 0.25 €/kWh
2026-10-08T00:16:26Z,STR-E-SQX8-B,0.08 € + 0.25 €/kWh
2026-10-08T00:16:26Z,STR-E-SVR3-A,0.23 € + 0.31 €/kWh
2026-10-08T00:16:26Z,STR-E-SVR3-B,0.23 € + 0.31 €/kWh
2026-10-08T00:16:26Z,STR-E-SY9Y-A,0.19 €/kWh
2026-10-08T00:16:26Z,STR-E-TO2O-A,0.19 €/kWh
2026-10-08T00:16:26Z,STR-E-TX67-A,0.33 €/kWh
2026-10-08T00:16:26Z,STR-E-TX67-B,0.33 €/kWh
2026-10-08T00:16:26Z,STR-E-U41O-A,0 € + 0.3 €/kWh
2026-10-08T00:16:26Z,STR-E-U5TP-A,0.19 €/kWh
2026-10-08T00:16:26Z,STR-E-UKPS-A,0.15 € + 0.32 €/kWh
2026-10-08T00:16:26Z,STR-E-UPAQ-A,0.3 €/kWh
2026-10-08T00:16:26Z,STR-E-UPAQ-B,0.3 €/kWh
2026-10-08T00:16:26Z,STR-E-UPOS-A,0.08 € + 0.25 €/kWh
2026-10-08T00:16:26Z,STR-E-UPOS-B,0.08 € + 0.25 €/kWh
2026-10-08T00:16:26Z,STR-E-UY5H-A,0.19 €/kWh
2026-10-08T00:16:26Z,STR-E-V17G-A,0.19 €/kWh
2026-10-08T00:16:26Z,STR-E-V31J-A,0.19 €/kWh
2026-10-08T00:16:26Z,STR-E-V50T-A,0.19 €/kWh
2026-10-08T00:16:26Z,STR-E-V9SD-A,0.19 €/kWh
2026-10-08T00:16:26Z,STR-E-V9ZR-A,0.19 €/kWh
2026-10-08T00:16:26Z,STR-E-VBMP-A,0.19 €/kWh
2026-10-08T00:16:26Z,STR-E-VJBJ-A,0 € + 0.3 €/kWh
2026-10-08T00:16:26Z,STR-E-VPDB-A,0.19 €/kWh
2026-10-08T00:16:26Z,STR-E-VQ06-A,0 € + 0.3 €/kWh
2026-10-08T00:16:26Z,STR-E-VSDJ-A,0.33 €/kWh
2026-10-08T00:16:26Z,STR-E-VSDJ-B,0.33 €/kWh
2026-10-08T00:16:26Z,STR-E-VT0G-A,0.19 €/kWh
2026-10-08T00:16:26Z,STR-E-VX2O-A,0 € + 0.3 €/kWh
2026-10-08T00:16:26Z,STR-E-VXGH-A,0.19 €/kWh
2026-10-08T00:16:26Z,STR-E-W1X4-A,0.19 €/kWh
2026-10-08T00:16:26Z,STR-E-WEE3-A,0.23 € + 0.31 €/kWh
2026-10-08T00:16:26Z,STR-E-WEE3-B,0.23 € + 0.31 €/kWh
2026-10-08T00:16:26Z,STR-E-WHZ1-A,0 € + 0.3 €/kWh
2026-10-08T00:16:26Z,STR-E-WLGM-A,0 € + 0.3 €/kWh
2026-10-08T00:16:26Z,STR-E-WTQ5-A,0.31 €/kWh
2026-10-08T00:16:26Z,STR-E-WXV8-A,0.19 €/kWh
2026-10-08T00:16:26Z,STR-E-WYFE-A,0.31 €/kWh
2026-10-08T00:16:26Z,STR-E-WYFE-B,0.31 €/kWh
2026-10-08T00:16:26Z,STR-E-WYYC-A,0.23 € + 0.31 €/kWh
2026-10-08T00:16:26Z,STR-E-WYYC-B,0.23 € + 0.31 €/kWh
2026-10-08T00:16:26Z,STR-E-WZW9-A,0.19 €/kWh
2026-10-08T00:16:26Z,STR-E-X525-A,0.19 €/kWh
2026-10-08T00:16:26Z,STR-E-X54O-A,0 € + 0.3 €/kWh
2026-10-08T00:16:26Z,STR-E-XCMJ-A,0.08 € + 0.25 €/kWh
2026-10-08T00:16:26Z,STR-E-XCMJ-B,0.08 € + 0.25 €/kWh
2026-10-08T00:16:26Z,STR-E-XFON-A,0.19 €/kWh
2026-10-08T00:16:26Z,STR-E-XG69-A,0.08 € + 0.25 €/kWh
2026-10-08T00:16:26Z,STR-E-XG69-B,0.08 € + 0.25 €/kWh
2026-10-08T00:16:26Z,STR-E-XH51-A,0 € + 0.3 €/kWh
2026-10-08T00:16:26Z,STR-E-XKW2-A,0.23 € + 0.31 €/kWh
2026-10-08T00:16:26Z,STR-E-XKW2-B,0.23 € + 0.31 €/kWh
2026-10-08T00:16:26Z,STR-E-XRV8-A,0 € + 0.3 €/kWh
2026-10-08T00:16:26Z,STR-E-Y7JK-A,0 € + 0.3 €/kWh
2026-10-08T00:16:26Z,STR-E-Y82E-A,0 € + 0.3 €/kWh
2026-10-08T00:16:26Z,STR-E-YC50-A,0.19 €/kWh
2026-10-08T00:16:26Z,STR-E-Z2PJ-A,0.08 € + 0.25 €/kWh
2026-10-08T00:16:26Z,STR-E-Z2PJ-B,0.08 € + 0.25 €/kWh
2026-10-08T00:16:26Z,STR-E-ZA6O-A,0.19 €/kWh
2026-10-08T00:16:26Z,STR-E-ZEP7-A,0 € + 0.3 €/kWh
2026-10-08T00:16:26Z,STR-E-ZIAZ-A,0 € + 0.3 €/kWh
2026-10-08T00:16:26Z,STR-E-ZK9W-A,0 € + 0.3 €/kWh
2026-10-08T00:16:26Z,STR-E-ZS00-A,0.23 € + 0.31 €/kWh
2026-10-08T00:16:26Z,STR-E-ZS00-B,0.23 € + 0.31 €/kWh
2026-10-08T00:16:26Z,STR-E-ZWU5-A,0.08 € + 0.25 €/kWh
2026-10-08T00:16:26Z,STR-E-ZWU5-B,0.08 € + 0.25 €/kWh
2026-10-08T00:32:27Z,IKR-E-E228-A,0.3 € + 0.4 €/kWh
2026-10-08T00:32:27Z,IKR-E-EKZA-A,0.3 € + 0.4 €/kWh
2026-10-08T00:32:27Z,IKR-E-J1JV-A,0.3 € + 0.4 €/kWh
2026-10-08T00:46:24Z,IKR-E-1220-A,0.3 € + 0.41 €/kWh
2026-10-08T00:46:24Z,IKR-E-1871-A,0.3 € + 0.41 €/kWh
2026-10-08T00:46:24Z,IKR-E-2G8J-A,0.3 € + 0.41 €/kWh
2026-10-08T00:46:24Z,IKR-E-3TSR-A,0.3 € + 0.41 €/kWh
2026-10-08T00:46:24Z,IKR-E-5715-A,0.3 € + 0.41 €/kWh
2026-10-08T00:46:24Z,IKR-E-5730-A,0.3 € + 0.48 €/kWh
2026-10-08T00:46:24Z,IKR-E-5CGU-A,0.3 € + 0.41 €/kWh
2026-10-08T00:46:24Z,IKR-E-7718-A,0.3 € + 0.48 €/kWh
2026-10-08T00:46:24Z,IKR-E-DVCM-A,0.3 € + 0.41 €/kWh
2026-10-08T00:46:24Z,IKR-E-E475-A,0.3 € + 0.44 €/kWh
2026-10-08T00:46:24Z,IKR-E-E544-A,0.3 € + 0.44 €/kWh
2026-10-08T00:46:24Z,IKR-E-GAY9-A,0.3 € + 0.41 €/kWh
2026-10-08T00:46:24Z,IKR-E-IZW2-A,0.3 € + 0.41 €/kWh
2026-10-08T00:46:24Z,IKR-E-JJAJ-A,0.3 € + 0.41 €/kWh
2026-10-08T00:46:24Z,IKR-E-KMBH-A,0.3 € + 0.41 €/kWh
2026-10-08T00:46:24Z,IKR-E-LJZI-A,0.3 € + 0.41 €/kWh
2026-10-08T00:46:24Z,IKR-E-MAU9-A,0.29 € + 0.33 €/kWh
2026-10-08T00:46:24Z,IKR-E-W6HQ-A,0.29 € + 0.33 €/kWh
2026-10-08T00:46:24Z,IKR-E-XIH2-A,0.3 € + 0.41 €/kWh
2026-10-08T00:46:24Z,IKR-E-Y2Z8-A,0.3 € + 0.38 €/kWh
2026-10-08T00:46:24Z,IKR-P-IV7E-B,0.3 € + 0.41 €/kWh
2026-10-08T00:46:24Z,STR-E-02VO-A,0.34 €/kWh
2026-10-08T00:46:24Z,STR-E-02VO-B,0.34 €/kWh
2026-10-08T00:46:24Z,STR-E-1887-A,0.2 €/kWh
2026-10-08T00:46:24Z,STR-E-1927-A,0.2 €/kWh
2026-10-08T00:46:24Z,STR-E-A27N-A,0.34 €/kWh
2026-10-08T00:46:24Z,STR-E-A27N-B,0.34 €/kWh
2026-10-08T00:46:24Z,STR-E-A27N-C,0.34 €/kWh
2026-10-08T00:46:24Z,STR-E-AWJ9-A,0.34 €/kWh
2026-10-08T00:46:24Z,STR-E-AWJ9-B,0.34 €/kWh
2026-10-08T00:46:24Z,STR-E-JG90-A,0.22 €/kWh + 0.3 €
2026-10-08T00:46:24Z,STR-E-JG90-B,0.22 €/kWh + 0.3 €
2026-10-08T00:46:24Z,STR-E-TX67-A,0.34 €/kWh
2026-10-08T00:46:24Z,STR-E-TX67-B,0.34 €/kWh
2026-10-08T00:46:24Z,STR-E-VSDJ-A,0.34 €/kWh
2026-10-08T00:46:24Z,STR-E-VSDJ-B,0.34 €/kWh
2026-10-08T00:48:25Z,STR-E-04YS-A,0 € + 0.31 €/kWh
2026-10-08T00:48:25Z,STR-E-0698-A,0.2 €/kWh
2026-10-08T00:48:25Z,STR-E-0GEL-A,0.2 €/kWh
2026-10-08T00:48:25Z,STR-E-1162-A,0.2 €/kWh
2026-10-08T00:48:25Z,STR-E-11DT-A,0.2 €/kWh
2026-10-08T00:48:25Z,STR-E-1MJQ-A,0.2 €/kWh
2026-10-08T00:48:25Z,STR-E-1X30-A,0 € + 0.31 €/kWh
2026-10-08T00:48:25Z,STR-E-2446-A,0 € + 0.31 €/kWh
2026-10-08T00:48:25Z,STR-E-2D12-A,0.2 €/kWh
2026-10-08T00:48:25Z,STR-E-2ED4-A,0.2 €/kWh
2026-10-08T00:48:25Z,STR-E-2K1Q-A,0 € + 0.31 €/kWh
2026-10-08T00:48:25Z,STR-E-2XDJ-A,0 € + 0.31 €/kWh
2026-10-08T00:48:25Z,STR-E-320G-A,0.2 €/kWh
2026-10-08T00:48:25Z,STR-E-3PZS-A,0.2 €/kWh
2026-10-08T00:48:25Z,STR-E-3TZI-A,0.2 €/kWh
2026-10-08T00:48:25Z,STR-E-3WE5-A,0 € + 0.31 €/kWh
2026-10-08T00:48:25Z,STR-E-4LRS-A,0.2 €/kWh
2026-10-08T00:48:25Z,STR-E-4UGU-A,0.2 €/kWh
2026-10-08T00:48:25Z,STR-E-4YKC-A,0 € + 0.31 €/kWh
2026-10-08T00:48:25Z,STR-E-527U-A,0 € + 0.31 €/kWh
2026-10-08T00:48:25Z,STR-E-55I4-A,0 € + 0.31 €/kWh
2026-10-08T00:48:25Z,STR-E-566J-A,0 € + 0.31 €/kWh
2026-10-08T00:48:25Z,STR-E-5DWB-A,0.2 €/kWh
2026-10-08T00:48:25Z,STR-E-5TI5-A,0.2 €/kWh
2026-10-08T00:48:25Z,STR-E-69PN-A,0.2 €/kWh
2026-10-08T00:48:25Z,STR-E-6CNG-A,0.2 €/kWh
2026-10-08T00:48:25Z,STR-E-6E7W-A,0 € + 0.31 €/kWh
2026-10-08T00:48:25Z,STR-E-6SQH-A,0.2 €/kWh
2026-10-08T00:48:25Z,STR-E-6ZTQ-A,0 € + 0.31 €/kWh
2026-10-08T00:48:25Z,STR-E-7438-A,0 € + 0.31 €/kWh
2026-10-08T00:48:25Z,STR-E-7YBN-A,0 € + 0.31 €/kWh
2026-10-08T00:48:25Z,STR-E-86C0-A,0.2 €/kWh
2026-10-08T00:48:25Z,STR-E-88SA-A,0.2 €/kWh
2026-10-08T00:48:25Z,STR-E-8A02-A,0 € + 0.31 €/kWh
2026-10-08T00:48:25Z,STR-E-8M2O-A,0.2 €/kWh
2026-10-08T00:48:25Z,STR-E-8Q9F-A,0 € + 0.31 €/kWh
2026-10-08T00:48:25Z,STR-E-8XL5-A,0.2 €/kWh
2026-10-08T00:48:25Z,STR-E-8Y23-A,0.2 €/kWh
2026-10-08T00:48:25Z,STR-E-9AH3-A,0 € + 0.31 €/kWh
2026-10-08T00:48:25Z,STR-E-9I2R-A,0.2 €/kWh
2026-10-08T00:48:25Z,STR-E-9TUZ-A,0.2 €/kWh
2026-10-08T00:48:25Z,STR-E-9WY2-A,0.2 €/kWh
2026-10-08T00:48:25Z,STR-E-A169-A,0 € + 0.31 €/kWh
2026-10-08T00:48:25Z,STR-E-A442-A,0.2 €/kWh
2026-10-08T00:48:25Z,STR-E-AABG-A,0.2 €/kWh
2026-10-08T00:48:25Z,STR-E-ACMT-A,0.2 €/kWh
2026-10-08T00:48:25Z,STR-E-ADXE-A,0 € + 0.31 €/kWh
2026-10-08T00:48:25Z,STR-E-AMQK-A,0 € + 0.31 €/kWh
2026-10-08T00:48:25Z,STR-E-AUQ2-A,0 € + 0.31 €/kWh
2026-10-08T00:48:25Z,STR-E-BXA5-A,0.2 €/kWh
2026-10-08T00:48:25Z,STR-E-C91L-A,0.2 €/kWh
2026-10-08T00:48:25Z,STR-E-C99Z-A,0 € + 0.31 €/kWh
2026-10-08T00:48:25Z,STR-E-DHEJ-A,0 € + 0.31 €/kWh
2026-10-08T00:48:25Z,STR-E-E7HH-A,0.2 €/kWh
2026-10-08T00:48:25Z,STR-E-ECI7-A,0 € + 0.31 €/kWh
2026-10-08T00:48:25Z,STR-E-EFXK-A,0 € + 0.31 €/kWh
2026-10-08T00:48:25Z,STR-E-EPQY-A,0 € + 0.31 €/kWh
2026-10-08T00:48:25Z,STR-E-ER2N-A,0 € + 0.31 €/kWh
2026-10-08T00:48:25Z,STR-E-ES3O-A,0 € + 0.31 €/kWh
2026-10-08T00:48:25Z,STR-E-EU1U-A,0.2 €/kWh
2026-10-08T00:48:25Z,STR-E-F4B3-A,0.2 €/kWh
2026-10-08T00:48:25Z,STR-E-F5LZ-A,0.2 €/kWh
2026-10-08T00:48:25Z,STR-E-FGMF-A,0.2 €/kWh
2026-10-08T00:48:25Z,STR-E-FK06-A,0.2 €/kWh
2026-10-08T00:48:25Z,STR-E-FKUY-A,0 € + 0.31 €/kWh
2026-10-08T00:48:25Z,STR-E-G4VM-A,0.2 €/kWh
2026-10-08T00:48:25Z,STR-E-G518-A,0.2 €/kWh
2026-10-08T00:48:25Z,STR-E-GB9A-A,0.2 €/kWh
2026-10-08T00:48:25Z,STR-E-GFB3-A,0 € + 0.31 €/kWh
2026-10-08T00:48:25Z,STR-E-GGV8-A,0.2 €/kWh
2026-10-08T00:48:25Z,STR-E-GHJA-A,0.2 €/kWh
2026-10-08T00:48:25Z,STR-E-GK0C-A,0 € + 0.31 €/kWh
2026-10-08T00:48:25Z,STR-E-GR5K-A,0.2 €/kWh
2026-10-08T00:48:25Z,STR-E-H6Q5-A,0.2 €/kWh
2026-10-08T00:48:25Z,STR-E-HHXV-A,0 € + 0.31 €/kWh
2026-10-08T00:48:25Z,STR-E-I1KE-A,0 € + 0.31 €/kWh
2026-10-08T00:48:25Z,STR-E-I4UZ-A,0.2 €/kWh
2026-10-08T00:48:25Z,STR-E-I5FH-A,0.2 €/kWh
2026-10-08T00:48:25Z,STR-E-I8C6-A,0.2 €/kWh
2026-10-08T00:48:25Z,STR-E-IA3X-A,0.2 €/kWh
2026-10-08T00:48:25Z,STR-E-IAO5-A,0 € + 0.31 €/kWh
2026-10-08T00:48:25Z,STR-E-IPEC-A,0 € + 0.31 €/kWh
2026-10-08T00:48:25Z,STR-E-IV6T-A,0 € + 0.31 €/kWh
2026-10-08T00:48:25Z,STR-E-J54N-A,0 € + 0.31 €/kWh
2026-10-08T00:48:25Z,STR-E-J6DA-A,0 € + 0.31 €/kWh
2026-10-08T00:48:25Z,STR-E-J8VF-A,0 € + 0.31 €/kWh
2026-10-08T00:48:25Z,STR-E-JMOR-A,0 € + 0.31 €/kWh
2026-10-08T00:48:25Z,STR-E-JVO0-A,0.2 €/kWh
2026-10-08T00:48:25Z,STR-E-K217-A,0 € + 0.31 €/kWh
2026-10-08T00:48:25Z,STR-E-KBZL-A,0.2 €/kWh
2026-10-08T00:48:25Z,STR-E-KOHN-A,0 € + 0.31 €/kWh
2026-10-08T00:48:25Z,STR-E-KT5B-A,0 € + 0.31 €/kWh
2026-10-08T00:48:25Z,STR-E-L84D-A,0.2 €/kWh
2026-10-08T00:48:25Z,STR-E-LISV-A,0.2 €/kWh
2026-10-08T00:48:25Z,STR-E-LKFQ-A,0.2 €/kWh
2026-10-08T00:48:25Z,STR-E-M1IB-A,0.2 €/kWh
2026-10-08T00:48:25Z,STR-E-M8WL-A,0.2 €/kWh
2026-10-08T00:48:25Z,STR-E-M9W7-A,0.2 €/kWh
2026-10-08T00:48:25Z,STR-E-MSEN-A,0.2 €/kWh
2026-10-08T00:48:25Z,STR-E-MSUL-A,0.2 €/kWh
2026-10-08T00:48:25Z,STR-E-N6P5-A,0.2 €/kWh
2026-10-08T00:48:25Z,STR-E-NDU2-A,0 € + 0.31 €/kWh
2026-10-08T00:48:25Z,STR-E-NDZ4-A,0 € + 0.31 €/kWh
2026-10-08T00:48:25Z,STR-E-NFV5-A,0 € + 0.31 €/kWh
2026-10-08T00:48:25Z,STR-E-NNGC-A,0.2 €/kWh
2026-10-08T00:48:25Z,STR-E-NSGB-A,0 € + 0.31 €/kWh
2026-10-08T00:48:25Z,STR-E-NY0Q-A,0.15 € + 0.33 €/kWh
2026-10-08T00:48:25Z,STR-E-O0VK-A,0.2 €/kWh
2026-10-08T00:48:25Z,STR-E-O5JX-A,0 € + 0.31 €/kWh
2026-10-08T00:48:25Z,STR-E-OFWF-A,0 € + 0.31 €/kWh
2026-10-08T00:48:25Z,STR-E-OG1X-A,0.2 €/kWh
2026-10-08T00:48:25Z,STR-E-OHH6-A,0 € + 0.31 €/kWh
2026-10-08T00:48:25Z,STR-E-OQKZ-A,0.2 €/kWh
2026-10-08T00:48:25Z,STR-E-P46N-A,0 € + 0.31 €/kWh
2026-10-08T00:48:25Z,STR-E-PC04-A,0.2 €/kWh
2026-10-08T00:48:25Z,STR-E-PDR2-A,0.2 €/kWh
2026-10-08T00:48:25Z,STR-E-PRUQ-A,0.2 €/kWh
2026-10-08T00:48:25Z,STR-E-PSU9-A,0.2 €/kWh
2026-10-08T00:48:25Z,STR-E-PZ9U-A,0.2 €/kWh
2026-10-08T00:48:25Z,STR-E-PZES-A,0.2 €/kWh
2026-10-08T00:48:25Z,STR-E-QAXH-A,0.15 € + 0.33 €/kWh
2026-10-08T00:48:25Z,STR-E-QEDL-A,0.2 €/kWh
2026-10-08T00:48:25Z,STR-E-QIQM-A,0.2 €/kWh
2026-10-08T00:48:25Z,STR-E-R0J8-A,0.2 €/kWh
2026-10-08T00:48:25Z,STR-E-R8PQ-A,0 € + 0.31 €/kWh
2026-10-08T00:48:25Z,STR-E-R9GA-A,0.2 €/kWh
2026-10-08T00:48:25Z,STR-E-RJH9-A,0.2 €/kWh
2026-10-08T00:48:25Z,STR-E-RKWJ-A,0.2 €/kWh
2026-10-08T00:48:25Z,STR-E-S42D-A,0.2 €/kWh
2026-10-08T00:48:25Z,STR-E-S6VR-A,0 € + 0.31 €/kWh
2026-10-08T00:48:25Z,STR-E-SGC2-A,0 € + 0.31 €/kWh
2026-10-08T00:48:25Z,STR-E-SJKA-A,0.2 €/kWh
2026-10-08T00:48:25Z,STR-E-SY9Y-A,0.2 €/kWh
2026-10-08T00:48:25Z,STR-E-TO2O-A,0.2 €/kWh
2026-10-08T00:48:25Z,STR-E-U41O-A,0 € + 0.31 €/kWh
2026-10-08T00:48:25Z,STR-E-U5TP-A,0.2 €/kWh
2026-10-08T00:48:25Z,STR-E-UKPS-A,0.15 € + 0.33 €/kWh
2026-10-08T00:48:25Z,STR-E-UY5H-A,0.2 €/kWh
2026-10-08T00:48:25Z,STR-E-V17G-A,0.2 €/kWh
2026-10-08T00:48:25Z,STR-E-V31J-A,0.2 €/kWh
2026-10-08T00:48:25Z,STR-E-V50T-A,0.2 €/kWh
2026-10-08T00:48:25Z,STR-E-V9SD-A,0.2 €/kWh
2026-10-08T00:48:25Z,STR-E-V9ZR-A,0.2 €/kWh
2026-10-08T00:48:25Z,STR-E-VBMP-A,0.2 €/kWh
2026-10-08T00:48:25Z,STR-E-VJBJ-A,0 € + 0.31 €/kWh
2026-10-08T00:48:25Z,STR-E-VPDB-A,0.2 €/kWh
2026-10-08T00:48:25Z,STR-E-VQ06-A,0 € + 0.31 €/kWh
2026-10-08T00:48:25Z,STR-E-VT0G-A,0.2 €/kWh
2026-10-08T00:48:25Z,STR-E-VX2O-A,0 € + 0.31 €/kWh
2026-10-08T00:48:25Z,STR-E-VXGH-A,0.2 €/kWh
2026-10-08T00:48:25Z,STR-E-W1X4-A,0.2 €/kWh
2026-10-08T00:48:25Z,STR-E-WHZ1-A,0 € + 0.31 €/kWh
2026-10-08T00:48:25Z,STR-E-WLGM-A,0 € + 0.31 €/kWh
2026-10-08T00:48:25Z,STR-E-WXV8-A,0.2 €/kWh
2026-10-08T00:48:25Z,STR-E-WZW9-A,0.2 €/kWh
2026-10-08T00:48:25Z,STR-E-X525-A,0.2 €/kWh
2026-10-08T00:48:25Z,STR-E-X54O-A,0 € + 0.31 €/kWh
2026-10-08T00:48:25Z,STR-E-XFON-A,0.2 €/kWh
2026-10-08T00:48:25Z,STR-E-XH51-A,0 € + 0.31 €/kWh
2026-10-08T00:48:25Z,STR-E-XRV8-A,0 € + 0.31 €/kWh
2026-10-08T00:48:25Z,STR-E-Y7JK-A,0 € + 0.31 €/kWh
2026-10-08T00:48:25Z,STR-E-Y82E-A,0 € + 0.31 €/kWh
2026-10-08T00:48:25Z,STR-E-YC50-A,0.2 €/kWh
2026-10-08T00:48:25Z,STR-E-ZA6O-A,0.2 €/kWh
2026-10-08T00:48:25Z,STR-E-ZEP7-A,0 € + 0.31 €/kWh
2026-10-08T00:48:25Z,STR-E-ZIAZ-A,0 € + 0.31 €/kWh
2026-10-08T00:48:25Z,STR-E-ZK9W-A,0 € + 0.31 €/kWh
2026-10-08T01:01:17Z,IKR-E-5730-A,0.3 € + 0.47 €/kWh
2026-10-08T01:01:17Z,IKR-E-7718-A,0.3 € + 0.47 €/kWh
2026-10-08T01:01:17Z,IKR-E-Y2Z8-A,0.3 € + 0.36 €/kWh
2026-10-08T01:01:17Z,STR-E-027B-A,0.23 € + 0.32 €/kWh
2026-10-08T01:01:17Z,STR-E-027B-B,0.23 € + 0.32 €/kWh
2026-10-08T01:01:17Z,STR-E-051F-A,0.08 € + 0.26 €/kWh
2026-10-08T01:01:17Z,STR-E-0698-A,0.21 €/kWh
2026-10-08T01:01:17Z,STR-E-0GEL-A,0.21 €/kWh
2026-10-08T01:01:17Z,STR-E-10G9-A,0.08 € + 0.26 €/kWh
2026-10-08T01:01:17Z,STR-E-10G9-B,0.08 € + 0.26 €/kWh
2026-10-08T01:01:17Z,STR-E-1162-A,0.21 €/kWh
2026-10-08T01:01:17Z,STR-E-11DT-A,0.21 €/kWh
2026-10-08T01:01:17Z,STR-E-1887-A,0.21 €/kWh
2026-10-08T01:01:17Z,STR-E-1927-A,0.21 €/kWh
2026-10-08T01:01:17Z,STR-E-1ME5-A,0.08 € + 0.26 €/kWh
2026-10-08T01:01:17Z,STR-E-1ME5-B,0.08 € + 0.26 €/kWh
2026-10-08T01:01:17Z,STR-E-1MHB-A,0.51 €/kWh
2026-10-08T01:01:17Z,STR-E-1MJQ-A,0.21 €/kWh
2026-10-08T01:01:17Z,STR-E-21O1-A,0.32 €/kWh
2026-10-08T01:01:17Z,STR-E-21O1-B,0.32 €/kWh
2026-10-08T01:01:17Z,STR-E-2D12-A,0.21 €/kWh
2026-10-08T01:01:17Z,STR-E-2ED4-A,0.21 €/kWh
2026-10-08T01:01:17Z,STR-E-320G-A,0.21 €/kWh
2026-10-08T01:01:17Z,STR-E-3468-A,0.32 €/kWh
2026-10-08T01:01:17Z,STR-E-3468-B,0.32 €/kWh
2026-10-08T01:01:17Z,STR-E-3ENA-A,0.32 €/kWh
2026-10-08T01:01:17Z,STR-E-3ENA-B,0.32 €/kWh
2026-10-08T01:01:17Z,STR-E-3ENA-C,0.32 €/kWh
2026-10-08T01:01:17Z,STR-E-3FMF-A,0.23 € + 0.32 €/kWh
2026-10-08T01:01:17Z,STR-E-3FMF-B,0.23 € + 0.32 €/kWh
2026-10-08T01:01:17Z,STR-E-3PZS-A,0.21 €/kWh
2026-10-08T01:01:17Z,STR-E-3SXI-A,0.32 €/kWh
2026-10-08T01:01:17Z,STR-E-3SXI-B,0.32 €/kWh
2026-10-08T01:01:17Z,STR-E-3TZI-A,0.21 €/kWh
2026-10-08T01:01:17Z,STR-E-3YH3-A,0.08 € + 0.26 €/kWh
2026-10-08T01:01:17Z,STR-E-3YH3-B,0.08 € + 0.26 €/kWh
2026-10-08T01:01:17Z,STR-E-4156-A,0.37 €/kWh
2026-10-08T01:01:17Z,STR-E-4156-B,0.37 €/kWh
2026-10-08T01:01:17Z,STR-E-491A-A,0.31 €/kWh
2026-10-08T01:01:17Z,STR-E-491A-B,0.31 €/kWh
2026-10-08T01:01:17Z,STR-E-491A-C,0.31 €/kWh
2026-10-08T01:01:17Z,STR-E-4DE6-A,0.31 €/kWh
2026-10-08T01:01:17Z,STR-E-4DE6-B,0.31 €/kWh
2026-10-08T01:01:17Z,STR-E-4KWM-A,0.4 €/kWh
2026-10-08T01:01:17Z,STR-E-4KWM-B,0.4 €/kWh
2026-10-08T01:01:17Z,STR-E-4LRS-A,0.21 €/kWh
2026-10-08T01:01:17Z,STR-E-4UGU-A,0.21 €/kWh
2026-10-08T01:01:17Z,STR-E-54PK-A,0.08 € + 0.26 €/kWh
2026-10-08T01:01:17Z,STR-E-54PK-B,0.08 € + 0.26 €/kWh
2026-10-08T01:01:17Z,STR-E-59TF-A,0.08 € + 0.26 €/kWh
2026-10-08T01:01:17Z,STR-E-5DWB-A,0.21 €/kWh
2026-10-08T01:01:17Z,STR-E-5TI5-A,0.21 €/kWh
2026-10-08T01:01:17Z,STR-E-69PN-A,0.21 €/kWh
2026-10-08T01:01:17Z,STR-E-6CNG-A,0.21 €/kWh
2026-10-08T01:01:17Z,STR-E-6SQH-A,0.21 €/kWh
2026-10-08T01:01:17Z,STR-E-6UZQ-A,0.32 €/kWh
2026-10-08T01:01:17Z,STR-E-6UZQ-B,0.32 €/kWh
2026-10-08T01:01:17Z,STR-E-7A48-A,0.08 € + 0.26 €/kWh
2026-10-08T01:01:17Z,STR-E-7Z8G-A,0.4 €/kWh
2026-10-08T01:01:17Z,STR-E-7Z8G-B,0.4 €/kWh
2026-10-08T01:01:17Z,STR-E-86C0-A,0.21 €/kWh
2026-10-08T01:01:17Z,STR-E-88SA-A,0.21 €/kWh
2026-10-08T01:01:17Z,STR-E-8M2O-A,0.21 €/kWh
2026-10-08T01:01:17Z,STR-E-8XL5-A,0.21 €/kWh
2026-10-08T01:01:17Z,STR-E-8Y23-A,0.21 €/kWh
2026-10-08T01:01:17Z,STR-E-92KW-A,0.23 € + 0.32 €/kWh
2026-10-08T01:01:17Z,STR-E-9I2R-A,0.21 €/kWh
2026-10-08T01:01:17Z,STR-E-9TUZ-A,0.21 €/kWh
2026-10-08T01:01:17Z,STR-E-9WY2-A,0.21 €/kWh
2026-10-08T01:01:17Z,STR-E-A442-A,0.21 €/kWh
2026-10-08T01:01:17Z,STR-E-AABG-A,0.21 €/kWh
2026-10-08T01:01:17Z,STR-E-ACMT-A,0.21 €/kWh
2026-10-08T01:01:17Z,STR-E-AF2O-A,0.08 € + 0.26 €/kWh
2026-10-08T01:01:17Z,STR-E-ANJ0-A,0.23 € + 0.32 €/kWh
2026-10-08T01:01:17Z,STR-E-ANJ0-B,0.23 € + 0.32 €/kWh
2026-10-08T01:01:17Z,STR-E-AP96-A,0.23 € + 0.32 €/kWh
2026-10-08T01:01:17Z,STR-E-AP96-B,0.23 € + 0.32 €/kWh
2026-10-08T01:01:17Z,STR-E-AWF1-A,0.08 € + 0.26 €/kWh
2026-10-08T01:01:17Z,STR-E-AWF1-B,0.08 € + 0.26 €/kWh
2026-10-08T01:01:17Z,STR-E-B36V-A,0.19 € + 0.38 €/kWh
2026-10-08T01:01:17Z,STR-E-B36V-B,0.19 € + 0.38 €/kWh
2026-10-08T01:01:17Z,STR-E-BIKW-A,0.23 € + 0.32 €/kWh
2026-10-08T01:01:17Z,STR-E-BIKW-B,0.23 € + 0.32 €/kWh
2026-10-08T01:01:17Z,STR-E-BXA5-A,0.21 €/kWh
2026-10-08T01:01:17Z,STR-E-C91L-A,0.21 €/kWh
2026-10-08T01:01:17Z,STR-E-D3MB-A,0.23 € + 0.32 €/kWh
2026-10-08T01:01:17Z,STR-E-D3MB-B,0.23 € + 0.32 €/kWh
2026-10-08T01:01:17Z,STR-E-DBCC-A,0.08 € + 0.26 €/kWh
2026-10-08T01:01:17Z,STR-E-DBCC-B,0.08 € + 0.26 €/kWh
2026-10-08T01:01:17Z,STR-E-E0DZ-A,0.32 €/kWh
2026-10-08T01:01:17Z,STR-E-E0DZ-B,0.32 €/kWh
2026-10-08T01:01:17Z,STR-E-E7HH-A,0.21 €/kWh
2026-10-08T01:01:17Z,STR-E-ELFQ-A,0.23 € + 0.32 €/kWh
2026-10-08T01:01:17Z,STR-E-ELFQ-B,0.23 € + 0.32 €/kWh
2026-10-08T01:01:17Z,STR-E-EU1U-A,0.21 €/kWh
2026-10-08T01:01:17Z,STR-E-F2G0-A,0.08 € + 0.26 €/kWh
2026-10-08T01:01:17Z,STR-E-F2G0-B,0.08 € + 0.26 €/kWh
2026-10-08T01:01:17Z,STR-E-F4B3-A,0.21 €/kWh
2026-10-08T01:01:17Z,STR-E-F5LZ-A,0.21 €/kWh
2026-10-08T01:01:17Z,STR-E-F79A-A,0.23 € + 0.32 €/kWh
2026-10-08T01:01:17Z,STR-E-F79A-B,0.23 € + 0.32 €/kWh
2026-10-08T01:01:17Z,STR-E-FGMF-A,0.21 €/kWh
2026-10-08T01:01:17Z,STR-E-FK06-A,0.21 €/kWh
2026-10-08T01:01:17Z,STR-E-FUE8-A,0.08 € + 0.26 €/kWh
2026-10-08T01:01:17Z,STR-E-FUE8-B,0.08 € + 0.26 €/kWh
2026-10-08T01:01:17Z,STR-E-G4VM-A,0.21 €/kWh
2026-10-08T01:01:17Z,STR-E-G518-A,0.21 €/kWh
2026-10-08T01:01:17Z,STR-E-GB9A-A,0.21 €/kWh
2026-10-08T01:01:17Z,STR-E-GE77-A,0.4 €/kWh
2026-10-08T01:01:17Z,STR-E-GE77-B,0.4 €/kWh
2026-10-08T01:01:17Z,STR-E-GGV8-A,0.21 €/kWh
2026-10-08T01:01:17Z,STR-E-GHJA-A,0.21 €/kWh
2026-10-08T01:01:17Z,STR-E-GR5K-A,0.21 €/kWh
2026-10-08T01:01:17Z,STR-E-H6Q5-A,0.21 €/kWh
2026-10-08T01:01:17Z,STR-E-I4UZ-A,0.21 €/kWh
2026-10-08T01:01:17Z,STR-E-I5FH-A,0.21 €/kWh
2026-10-08T01:01:17Z,STR-E-I8C6-A,0.21 €/kWh
2026-10-08T01:01:17Z,STR-E-IA3X-A,0.21 €/kWh
2026-10-08T01:01:17Z,STR-E-IGH5-A,0.23 € + 0.32 €/kWh
2026-10-08T01:01:17Z,STR-E-IGH5-B,0.23 € + 0.32 €/kWh
2026-10-08T01:01:17Z,STR-E-IIKL-A,0.08 € + 0.26 €/kWh
2026-10-08T01:01:17Z,STR-E-IIKL-B,0.08 € + 0.26 €/kWh
2026-10-08T01:01:17Z,STR-E-JVO0-A,0.21 €/kWh
2026-10-08T01:01:17Z,STR-E-K73C-A,0.23 € + 0.32 €/kWh
2026-10-08T01:01:17Z,STR-E-K73C-B,0.23 € + 0.32 €/kWh
2026-10-08T01:01:17Z,STR-E-KBZL-A,0.21 €/kWh
2026-10-08T01:01:17Z,STR-E-KUKS-A,0.08 € + 0.26 €/kWh
2026-10-08T01:01:17Z,STR-E-KUKS-B,0.08 € + 0.26 €/kWh
2026-10-08T01:01:17Z,STR-E-L84D-A,0.21 €/kWh
2026-10-08T01:01:17Z,STR-E-LISV-A,0.21 €/kWh
2026-10-08T01:01:17Z,STR-E-LKFQ-A,0.21 €/kWh
2026-10-08T01:01:17Z,STR-E-LREY-A,0.51 €/kWh
2026-10-08T01:01:17Z,STR-E-M1IB-A,0.21 €/kWh
2026-10-08T01:01:17Z,STR-E-M8WL-A,0.21 €/kWh
2026-10-08T01:01:17Z,STR-E-M9W7-A,0.21 €/kWh
2026-10-08T01:01:17Z,STR-E-MIP3-A,0.31 €/kWh
2026-10-08T01:01:17Z,STR-E-MIP3-B,0.31 €/kWh
2026-10-08T01:01:17Z,STR-E-MSEN-A,0.21 €/kWh
2026-10-08T01:01:17Z,STR-E-MSUL-A,0.21 €/kWh
2026-10-08T01:01:17Z,STR-E-N6P5-A,0.21 €/kWh
2026-10-08T01:01:17Z,STR-E-NCKT-A,0.08 € + 0.26 €/kWh
2026-10-08T01:01:17Z,STR-E-NCKT-B,0.08 € + 0.26 €/kWh
2026-10-08T01:01:17Z,STR-E-NNGC-A,0.21 €/kWh
2026-10-08T01:01:17Z,STR-E-NY0Q-A,0.15 € + 0.34 €/kWh
2026-10-08T01:01:17Z,STR-E-O0VK-A,0.21 €/kWh
2026-10-08T01:01:17Z,STR-E-O5YW-A,0.08 € + 0.26 €/kWh
2026-10-08T01:01:17Z,STR-E-O5YW-B,0.08 € + 0.26 €/kWh
2026-10-08T01:01:17Z,STR-E-ODBK-A,0.4 €/kWh
2026-10-08T01:01:17Z,STR-E-ODBK-B,0.4 €/kWh
2026-10-08T01:01:17Z,STR-E-OG1X-A,0.21 €/kWh
2026-10-08T01:01:17Z,STR-E-OJ3E-A,0.23 € + 0.32 €/kWh
2026-10-08T01:01:17Z,STR-E-OJ3E-B,0.23 € + 0.32 €/kWh
2026-10-08T01:01:17Z,STR-E-OQKZ-A,0.21 €/kWh
2026-10-08T01:01:17Z,STR-E-P7AF-A,0.08 € + 0.26 €/kWh
2026-10-08T01:01:17Z,STR-E-P7AF-B,0.08 € + 0.26 €/kWh
2026-10-08T01:01:17Z,STR-E-PC04-A,0.21 €/kWh
2026-10-08T01:01:17Z,STR-E-PDR2-A,0.21 €/kWh
2026-10-08T01:01:17Z,STR-E-PJCQ-A,0.08 € + 0.26 €/kWh
2026-10-08T01:01:17Z,STR-E-PJCQ-B,0.08 € + 0.26 €/kWh
2026-10-08T01:01:17Z,STR-E-PM3P-A,0.23 € + 0.32 €/kWh
2026-10-08T01:01:17Z,STR-E-PM3P-B,0.23 € + 0.32 €/kWh
2026-10-08T01:01:17Z,STR-E-PRUQ-A,0.21 €/kWh
2026-10-08T01:01:17Z,STR-E-PSU9-A,0.21 €/kWh
2026-10-08T01:01:17Z,STR-E-PZ9U-A,0.21 €/kWh
2026-10-08T01:01:17Z,STR-E-PZES-A,0.21 €/kWh
2026-10-08T01:01:17Z,STR-E-Q5YF-A,0.23 € + 0.32 €/kWh
2026-10-08T01:01:17Z,STR-E-Q5YF-B,0.23 € + 0.32 €/kWh
2026-10-08T01:01:17Z,STR-E-Q7LB-A,0.23 € + 0.32 €/kWh
2026-10-08T01:01:17Z,STR-E-Q7LB-B,0.23 € + 0.32 €/kWh
2026-10-08T01:01:17Z,STR-E-QAXH-A,0.15 € + 0.34 €/kWh
2026-10-08T01:01:17Z,STR-E-QE1X-A,0.08 € + 0.26 €/kWh
2026-10-08T01:01:17Z,STR-E-QE1X-B,0.08 € + 0.26 €/kWh
2026-10-08T01:01:17Z,STR-E-QEDL-A,0.21 €/kWh
2026-10-08T01:01:17Z,STR-E-QIQM-A,0.21 €/kWh
2026-10-08T01:01:17Z,STR-E-QLC9-A,0.31 €/kWh
2026-10-08T01:01:17Z,STR-E-QLC9-B,0.31 €/kWh
2026-10-08T01:01:17Z,STR-E-R0J8-A,0.21 €/kWh
2026-10-08T01:01:17Z,STR-E-R1MT-A,0.23 € + 0.32 €/kWh
2026-10-08T01:01:17Z,STR-E-R1MT-B,0.23 € + 0.32 €/kWh
2026-10-08T01:01:17Z,STR-E-R1PI-A,0.23 € + 0.32 €/kWh
2026-10-08T01:01:17Z,STR-E-R1PI-B,0.23 € + 0.32 €/kWh
2026-10-08T01:01:17Z,STR-E-R2LK-A,0.23 € + 0.32 €/kWh
2026-10-08T01:01:17Z,STR-E-R2LK-B,0.23 € + 0.32 €/kWh
2026-10-08T01:01:17Z,STR-E-R9GA-A,0.21 €/kWh
2026-10-08T01:01:17Z,STR-E-RJH9-A,0.21 €/kWh
2026-10-08T01:01:17Z,STR-E-RKWJ-A,0.21 €/kWh
2026-10-08T01:01:17Z,STR-E-S42D-A,0.21 €/kWh
2026-10-08T01:01:17Z,STR-E-S7YR-A,0.23 € + 0.32 €/kWh
2026-10-08T01:01:17Z,STR-E-S7YR-B,0.23 € + 0.32 €/kWh
2026-10-08T01:01:17Z,STR-E-SJKA-A,0.21 €/kWh
2026-10-08T01:01:17Z,STR-E-SQX8-A,0.08 € + 0.26 €/kWh
2026-10-08T01:01:17Z,STR-E-SQX8-B,0.08 € + 0.26 €/kWh
2026-10-08T01:01:17Z,STR-E-SVR3-A,0.23 € + 0.32 €/kWh
2026-10-08T01:01:17Z,STR-E-SVR3-B,0.23 € + 0.32 €/kWh
2026-10-08T01:01:17Z,STR-E-SY9Y-A,0.21 €/kWh
2026-10-08T01:01:17Z,STR-E-TO2O-A,0.21 €/kWh
2026-10-08T01:01:17Z,STR-E-U5TP-A,0.21 €/kWh
2026-10-08T01:01:17Z,STR-E-UKPS-A,0.15 € + 0.34 €/kWh
2026-10-08T01:01:17Z,STR-E-UPAQ-A,0.31 €/kWh
2026-10-08T01:01:17Z,STR-E-UPAQ-B,0.31 €/kWh
2026-10-08T01:01:17Z,STR-E-UPOS-A,0.08 € + 0.26 €/kWh
2026-10-08T01:01:17Z,STR-E-UPOS-B,0.08 € + 0.26 €/kWh
2026-10-08T01:01:17Z,STR-E-UY5H-A,0.21 €/kWh
2026-10-08T01:01:17Z,STR-E-V17G-A,0.21 €/kWh
2026-10-08T01:01:17Z,STR-E-V31J-A,0.21 €/kWh
2026-10-08T01:01:17Z,STR-E-V50T-A,0.21 €/kWh
2026-10-08T01:01:17Z,STR-E-V9SD-A,0.21 €/kWh
2026-10-08T01:01:17Z,STR-E-V9ZR-A,0.21 €/kWh
2026-10-08T01:01:17Z,STR-E-VBMP-A,0.21 €/kWh
2026-10-08T01:01:17Z,STR-E-VPDB-A,0.21 €/kWh
2026-10-08T01:01:17Z,STR-E-VT0G-A,0.21 €/kWh
2026-10-08T01:01:17Z,STR-E-VXGH-A,0.21 €/kWh
2026-10-08T01:01:17Z,STR-E-W1X4-A,0.21 €/kWh
2026-10-08T01:01:17Z,STR-E-WEE3-A,0.23 € + 0.32 €/kWh
2026-10-08T01:01:17Z,STR-E-WEE3-B,0.23 € + 0.32 €/kWh
2026-10-08T01:01:17Z,STR-E-WTQ5-A,0.32 €/kWh
2026-10-08T01:01:17Z,STR-E-WXV8-A,0.21 €/kWh
2026-10-08T01:01:17Z,STR-E-WYFE-A,0.32 €/kWh
2026-10-08T01:01:17Z,STR-E-WYFE-B,0.32 €/kWh
2026-10-08T01:01:17Z,STR-E-WYYC-A,0.23 € + 0.32 €/kWh
2026-10-08T01:01:17Z,STR-E-WYYC-B,0.23 € + 0.32 €/kWh
2026-10-08T01:01:17Z,STR-E-WZW9-A,0.21 €/kWh
2026-10-08T01:01:17Z,STR-E-X525-A,0.21 €/kWh
2026-10-08T01:01:17Z,STR-E-XCMJ-A,0.08 € + 0.26 €/kWh
2026-10-08T01:01:17Z,STR-E-XCMJ-B,0.08 € + 0.26 €/kWh
2026-10-08T01:01:17Z,STR-E-XFON-A,0.21 €/kWh
2026-10-08T01:01:17Z,STR-E-XG69-A,0.08 € + 0.26 €/kWh
2026-10-08T01:01:17Z,STR-E-XG69-B,0.08 € + 0.26 €/kWh
2026-10-08T01:01:17Z,STR-E-XKW2-A,0.23 € + 0.32 €/kWh
2026-10-08T01:01:17Z,STR-E-XKW2-B,0.23 € + 0.32 €/kWh
2026-10-08T01:01:17Z,STR-E-YC50-A,0.21 €/kWh
2026-10-08T01:01:17Z,STR-E-Z2PJ-A,0.08 € + 0.26 €/kWh
2026-10-08T01:01:17Z,STR-E-Z2PJ-B,0.08 € + 0.26 €/kWh
2026-10-08T01:01:17Z,STR-E-ZA6O-A,0.21 €/kWh
2026-10-08T01:01:17Z,STR-E-ZS00-A,0.23 € + 0.32 €/kWh
2026-10-08T01:01:17Z,STR-E-ZS00-B,0.23 € + 0.32 €/kWh
2026-10-08T01:01:17Z,STR-E-ZWU5-A,0.08 € + 0.26 €/kWh
2026-10-08T01:01:17Z,STR-E-ZWU5-B,0.08 € + 0.26 €/kWh
2026-10-08T01:16:26Z,IKR-E-1220-A,0.3 € + 0.42 €/kWh
2026-10-08T01:16:26Z,IKR-E-1871-A,0.3 € + 0.42 €/kWh
2026-10-08T01:16:26Z,IKR-E-2G8J-A,0.3 € + 0.42 €/kWh
2026-10-08T01:16:26Z,IKR-E-3TSR-A,0.3 € + 0.42 €/kWh
2026-10-08T01:16:26Z,IKR-E-5715-A,0.3 € + 0.42 €/kWh
2026-10-08T01:16:26Z,IKR-E-5730-A,0.3 € + 0.48 €/kWh
2026-10-08T01:16:26Z,IKR-E-5CGU-A,0.3 € + 0.42 €/kWh
2026-10-08T01:16:26Z,IKR-E-7718-A,0.3 € + 0.48 €/kWh
2026-10-08T01:16:26Z,IKR-E-DVCM-A,0.3 € + 0.42 €/kWh
2026-10-08T01:16:26Z,IKR-E-E228-A,0.3 € + 0.41 €/kWh
2026-10-08T01:16:26Z,IKR-E-EKZA-A,0.3 € + 0.41 €/kWh
2026-10-08T01:16:26Z,IKR-E-GAY9-A,0.3 € + 0.42 €/kWh
2026-10-08T01:16:26Z,IKR-E-IZW2-A,0.3 € + 0.42 €/kWh
2026-10-08T01:16:26Z,IKR-E-J1JV-A,0.3 € + 0.41 €/kWh
2026-10-08T01:16:26Z,IKR-E-JJAJ-A,0.3 € + 0.42 €/kWh
2026-10-08T01:16:26Z,IKR-E-KMBH-A,0.3 € + 0.42 €/kWh
2026-10-08T01:16:26Z,IKR-E-LJZI-A,0.3 € + 0.42 €/kWh
2026-10-08T01:16:26Z,IKR-E-XIH2-A,0.3 € + 0.42 €/kWh
2026-10-08T01:16:26Z,IKR-E-Y2Z8-A,0.3 € + 0.38 €/kWh
2026-10-08T01:16:26Z,IKR-P-IV7E-B,0.3 € + 0.42 €/kWh
2026-10-08T01:16:26Z,STR-E-0698-A,0.2 €/kWh
2026-10-08T01:16:26Z,STR-E-0GEL-A,0.2 €/kWh
2026-10-08T01:16:26Z,STR-E-1162-A,0.2 €/kWh
2026-10-08T01:16:26Z,STR-E-11DT-A,0.2 €/kWh
2026-10-08T01:16:26Z,STR-E-1887-A,0.2 €/kWh
2026-10-08T01:16:26Z,STR-E-1927-A,0.2 €/kWh
2026-10-08T01:16:26Z,STR-E-1MHB-A,0.5 €/kWh
2026-10-08T01:16:26Z,STR-E-1MJQ-A,0.2 €/kWh
2026-10-08T01:16:26Z,STR-E-2D12-A,0.2 €/kWh
2026-10-08T01:16:26Z,STR-E-2ED4-A,0.2 €/kWh
2026-10-08T01:16:26Z,STR-E-320G-A,0.2 €/kWh
2026-10-08T01:16:26Z,STR-E-3PZS-A,0.2 €/kWh
2026-10-08T01:16:26Z,STR-E-3TZI-A,0.2 €/kWh
2026-10-08T01:16:26Z,STR-E-4LRS-A,0.2 €/kWh
2026-10-08T01:16:26Z,STR-E-4UGU-A,0.2 €/kWh
2026-10-08T01:16:26Z,STR-E-5DWB-A,0.2 €/kWh
2026-10-08T01:16:26Z,STR-E-5TI5-A,0.2 €/kWh
2026-10-08T01:16:26Z,STR-E-69PN-A,0.2 €/kWh
2026-10-08T01:16:26Z,STR-E-6CNG-A,0.2 €/kWh
2026-10-08T01:16:26Z,STR-E-6SQH-A,0.2 €/kWh
2026-10-08T01:16:26Z,STR-E-86C0-A,0.2 €/kWh
2026-10-08T01:16:26Z,STR-E-88SA-A,0.2 €/kWh
2026-10-08T01:16:26Z,STR-E-8M2O-A,0.2 €/kWh
2026-10-08T01:16:26Z,STR-E-8XL5-A,0.2 €/kWh
2026-10-08T01:16:26Z,STR-E-8Y23-A,0.2 €/kWh
2026-10-08T01:16:26Z,STR-E-9I2R-A,0.2 €/kWh
2026-10-08T01:16:26Z,STR-E-9TUZ-A,0.2 €/kWh
2026-10-08T01:16:26Z,STR-E-9WY2-A,0.2 €/kWh
2026-10-08T01:16:26Z,STR-E-A442-A,0.2 €/kWh
2026-10-08T01:16:26Z,STR-E-AABG-A,0.2 €/kWh
2026-10-08T01:16:26Z,STR-E-ACMT-A,0.2 €/kWh
2026-10-08T01:16:26Z,STR-E-B36V-A,0.19 € + 0.37 €/kWh
2026-10-08T01:16:26Z,STR-E-B36V-B,0.19 € + 0.37 €/kWh
2026-10-08T01:16:26Z,STR-E-BXA5-A,0.2 €/kWh
2026-10-08T01:16:26Z,STR-E-C91L-A,0.2 €/kWh
2026-10-08T01:16:26Z,STR-E-E7HH-A,0.2 €/kWh
2026-10-08T01:16:26Z,STR-E-EU1U-A,0.2 €/kWh
2026-10-08T01:16:26Z,STR-E-F4B3-A,0.2 €/kWh
2026-10-08T01:16:26Z,STR-E-F5LZ-A,0.2 €/kWh
2026-10-08T01:16:26Z,STR-E-FGMF-A,0.2 €/kWh
2026-10-08T01:16:26Z,STR-E-FK06-A,0.2 €/kWh
2026-10-08T01:16:26Z,STR-E-G4VM-A,0.2 €/kWh
2026-10-08T01:16:26Z,STR-E-G518-A,0.2 €/kWh
2026-10-08T01:16:26Z,STR-E-GB9A-A,0.2 €/kWh
2026-10-08T01:16:26Z,STR-E-GGV8-A,0.2 €/kWh
2026-10-08T01:16:26Z,STR-E-GHJA-A,0.2 €/kWh
2026-10-08T01:16:26Z,STR-E-GR5K-A,0.2 €/kWh
2026-10-08T01:16:26Z,STR-E-H6Q5-A,0.2 €/kWh
2026-10-08T01:16:26Z,STR-E-I4UZ-A,0.2 €/kWh
2026-10-08T01:16:26Z,STR-E-I5FH-A,0.2 €/kWh
2026-10-08T01:16:26Z,STR-E-I8C6-A,0.2 €/kWh
2026-10-08T01:16:26Z,STR-E-IA3X-A,0.2 €/kWh
2026-10-08T01:16:26Z,STR-E-JVO0-A,0.2 €/kWh
2026-10-08T01:16:26Z,STR-E-KBZL-A,0.2 €/kWh
2026-10-08T01:16:26Z,STR-E-L84D-A,0.2 €/kWh
2026-10-08T01:16:26Z,STR-E-LISV-A,0.2 €/kWh
2026-10-08T01:16:26Z,STR-E-LKFQ-A,0.2 €/kWh
2026-10-08T01:16:26Z,STR-E-LREY-A,0.5 €/kWh
2026-10-08T01:16:26Z,STR-E-M1IB-A,0.2 €/kWh
2026-10-08T01:16:26Z,STR-E-M8WL-A,0.2 €/kWh
2026-10-08T01:16:26Z,STR-E-M9W7-A,0.2 €/kWh
2026-10-08T01:16:26Z,STR-E-MSEN-A,0.2 €/kWh
2026-10-08T01:16:26Z,STR-E-MSUL-A,0.2 €/kWh
2026-10-08T01:16:26Z,STR-E-N6P5-A,0.2 €/kWh
2026-10-08T01:16:26Z,STR-E-NNGC-A,0.2 €/kWh
2026-10-08T01:16:26Z,STR-E-NY0Q-A,0.15 € + 0.33 €/kWh
2026-10-08T01:16:26Z,STR-E-O0VK-A,0.2 €/kWh
2026-10-08T01:16:26Z,STR-E-OG1X-A,0.2 €/kWh
2026-10-08T01:16:26Z,STR-E-OQKZ-A,0.2 €/kWh
2026-10-08T01:16:26Z,STR-E-PC04-A,0.2 €/kWh
2026-10-08T01:16:26Z,STR-E-PDR2-A,0.2 €/kWh
2026-10-08T01:16:26Z,STR-E-PRUQ-A,0.2 €/kWh
2026-10-08T01:16:26Z,STR-E-PSU9-A,0.2 €/kWh
2026-10-08T01:16:26Z,STR-E-PZ9U-A,0.2 €/kWh
2026-10-08T01:16:26Z,STR-E-PZES-A,0.2 €/kWh
2026-10-08T01:16:26Z,STR-E-QAXH-A,0.15 € + 0.33 €/kWh
2026-10-08T01:16:26Z,STR-E-QEDL-A,0.2 €/kWh
2026-10-08T01:16:26Z,STR-E-QIQM-A,0.2 €/kWh
2026-10-08T01:16:26Z,STR-E-R0J8-A,0.2 €/kWh
2026-10-08T01:16:26Z,STR-E-R9GA-A,0.2 €/kWh
2026-10-08T01:16:26Z,STR-E-RJH9-A,0.2 €/kWh
2026-10-08T01:16:26Z,STR-E-RKWJ-A,0.2 €/kWh
2026-10-08T01:16:26Z,STR-E-S42D-A,0.2 €/kWh
2026-10-08T01:16:26Z,STR-E-SJKA-A,0.2 €/kWh
2026-10-08T01:16:26Z,STR-E-SY9Y-A,0.2 €/kWh
2026-10-08T01:16:26Z,STR-E-TO2O-A,0.2 €/kWh
2026-10-08T01:16:26Z,STR-E-U5TP-A,0.2 €/kWh
2026-10-08T01:16:26Z,STR-E-UKPS-A,0.15 € + 0.33 €/kWh
2026-10-08T01:16:26Z,STR-E-UY5H-A,0.2 €/kWh
2026-10-08T01:16:26Z,STR-E-V17G-A,0.2 €/kWh
2026-10-08T01:16:26Z,STR-E-V31J-A,0.2 €/kWh
2026-10-08T01:16:26Z,STR-E-V50T-A,0.2 €/kWh
2026-10-08T01:16:26Z,STR-E-V9SD-A,0.2 €/kWh
2026-10-08T01:16:26Z,STR-E-V9ZR-A,0.2 €/kWh
2026-10-08T01:16:26Z,STR-E-VBMP-A,0.2 €/kWh
2026-10-08T01:16:26Z,STR-E-VPDB-A,0.2 €/kWh
2026-10-08T01:16:26Z,STR-E-VT0G-A,0.2 €/kWh
2026-10-08T01:16:26Z,STR-E-VXGH-A,0.2 €/kWh
2026-10-08T01:16:26Z,STR-E-W1X4-A,0.2 €/kWh
2026-10-08T01:16:26Z,STR-E-WXV8-A,0.2 €/kWh
2026-10-08T01:16:26Z,STR-E-WZW9-A,0.2 €/kWh
2026-10-08T01:16:26Z,STR-E-X525-A,0.2 €/kWh
2026-10-08T01:16:26Z,STR-E-XFON-A,0.2 €/kWh
2026-10-08T01:16:26Z,STR-E-YC50-A,0.2 €/kWh
2026-10-08T01:16:26Z,STR-E-ZA6O-A,0.2 €/kWh
2026-10-08T01:31:05Z,IKR-E-1220-A,0.3 € + 0.41 €/kWh
2026-10-08T01:31:05Z,IKR-E-1871-A,0.3 € + 0.41 €/kWh
2026-10-08T01:31:05Z,IKR-E-2G8J-A,0.3 € + 0.41 €/kWh
2026-10-08T01:31:05Z,IKR-E-3TSR-A,0.3 € + 0.41 €/kWh
2026-10-08T01:31:05Z,IKR-E-5715-A,0.3 € + 0.41 €/kWh
2026-10-08T01:31:05Z,IKR-E-5730-A,0.3 € + 0.47 €/kWh
2026-10-08T01:31:05Z,IKR-E-5CGU-A,0.3 € + 0.41 €/kWh
2026-10-08T01:31:05Z,IKR-E-7718-A,0.3 € + 0.47 €/kWh
2026-10-08T01:31:05Z,IKR-E-DVCM-A,0.3 € + 0.41 €/kWh
2026-10-08T01:31:05Z,IKR-E-E228-A,0.3 € + 0.4 €/kWh
2026-10-08T01:31:05Z,IKR-E-EKZA-A,0.3 € + 0.4 €/kWh
2026-10-08T01:31:05Z,IKR-E-GAY9-A,0.3 € + 0.41 €/kWh
2026-10-08T01:31:05Z,IKR-E-IZW2-A,0.3 € + 0.41 €/kWh
2026-10-08T01:31:05Z,IKR-E-J1JV-A,0.3 € + 0.4 €/kWh
2026-10-08T01:31:05Z,IKR-E-JJAJ-A,0.3 € + 0.41 €/kWh
2026-10-08T01:31:05Z,IKR-E-KMBH-A,0.3 € + 0.41 €/kWh
2026-10-08T01:31:05Z,IKR-E-LJZI-A,0.3 € + 0.41 €/kWh
2026-10-08T01:31:05Z,IKR-E-XIH2-A,0.3 € + 0.41 €/kWh
2026-10-08T01:31:05Z,IKR-P-IV7E-B,0.3 € + 0.41 €/kWh
2026-10-08T01:31:05Z,STR-E-027B-A,0.23 € + 0.31 €/kWh
2026-10-08T01:31:05Z,STR-E-027B-B,0.23 € + 0.31 €/kWh
2026-10-08T01:31:05Z,STR-E-02VO-A,0.33 €/kWh
2026-10-08T01:31:05Z,STR-E-02VO-B,0.33 €/kWh
2026-10-08T01:31:05Z,STR-E-04YS-A,0 € + 0.3 €/kWh
2026-10-08T01:31:05Z,STR-E-051F-A,0.08 € + 0.25 €/kWh
2026-10-08T01:31:05Z,STR-E-0698-A,0.19 €/kWh
2026-10-08T01:31:05Z,STR-E-0GEL-A,0.19 €/kWh
2026-10-08T01:31:05Z,STR-E-10G9-A,0.08 € + 0.25 €/kWh
2026-10-08T01:31:05Z,STR-E-10G9-B,0.08 € + 0.25 €/kWh
2026-10-08T01:31:05Z,STR-E-1162-A,0.19 €/kWh
2026-10-08T01:31:05Z,STR-E-11DT-A,0.19 €/kWh
2026-10-08T01:31:05Z,STR-E-1887-A,0.19 €/kWh
2026-10-08T01:31:05Z,STR-E-1927-A,0.19 €/kWh
2026-10-08T01:31:05Z,STR-E-1ME5-A,0.08 € + 0.25 €/kWh
2026-10-08T01:31:05Z,STR-E-1ME5-B,0.08 € + 0.25 €/kWh
2026-10-08T01:31:05Z,STR-E-1MHB-A,0.49 €/kWh
2026-10-08T01:31:05Z,STR-E-1MJQ-A,0.19 €/kWh
2026-10-08T01:31:05Z,STR-E-1X30-A,0 € + 0.3 €/kWh
2026-10-08T01:31:05Z,STR-E-21O1-A,0.31 €/kWh
2026-10-08T01:31:05Z,STR-E-21O1-B,0.31 €/kWh
2026-10-08T01:31:05Z,STR-E-2446-A,0 € + 0.3 €/kWh
2026-10-08T01:31:05Z,STR-E-2D12-A,0.19 €/kWh
2026-10-08T01:31:05Z,STR-E-2ED4-A,0.19 €/kWh
2026-10-08T01:31:05Z,STR-E-2K1Q-A,0 € + 0.3 €/kWh
2026-10-08T01:31:05Z,STR-E-2XDJ-A,0 € + 0.3 €/kWh
2026-10-08T01:31:05Z,STR-E-320G-A,0.19 €/kWh
2026-10-08T01:31:05Z,STR-E-3468-A,0.31 €/kWh
2026-10-08T01:31:05Z,STR-E-3468-B,0.31 €/kWh
2026-10-08T01:31:05Z,STR-E-3ENA-A,0.31 €/kWh
2026-10-08T01:31:05Z,STR-E-3ENA-B,0.31 €/kWh
2026-10-08T01:31:05Z,STR-E-3ENA-C,0.31 €/kWh
2026-10-08T01:31:05Z,STR-E-3FMF-A,0.23 € + 0.31 €/kWh
2026-10-08T01:31:05Z,STR-E-3FMF-B,0.23 € + 0.31 €/kWh
2026-10-08T01:31:05Z,STR-E-3PZS-A,0.19 €/kWh
2026-10-08T01:31:05Z,STR-E-3SXI-A,0.31 €/kWh
2026-10-08T01:31:05Z,STR-E-3SXI-B,0.31 €/kWh
2026-10-08T01:31:05Z,STR-E-3TZI-A,0.19 €/kWh
2026-10-08T01:31:05Z,STR-E-3WE5-A,0 € + 0.3 €/kWh
2026-10-08T01:31:05Z,STR-E-3YH3-A,0.08 € + 0.25 €/kWh
2026-10-08T01:31:05Z,STR-E-3YH3-B,0.08 € + 0.25 €/kWh
2026-10-08T01:31:05Z,STR-E-4156-A,0.36 €/kWh
2026-10-08T01:31:05Z,STR-E-4156-B,0.36 €/kWh
2026-10-08T01:31:05Z,STR-E-491A-A,0.3 €/kWh
2026-10-08T01:31:05Z,STR-E-491A-B,0.3 €/kWh
2026-10-08T01:31:05Z,STR-E-491A-C,0.3 €/kWh
2026-10-08T01:31:05Z,STR-E-4DE6-A,0.3 €/kWh
2026-10-08T01:31:05Z,STR-E-4DE6-B,0.3 €/kWh
2026-10-08T01:31:05Z,STR-E-4KWM-A,0.39 €/kWh
2026-10-08T01:31:05Z,STR-E-4KWM-B,0.39 €/kWh
2026-10-08T01:31:05Z,STR-E-4LRS-A,0.19 €/kWh
2026-10-08T01:31:05Z,STR-E-4UGU-A,0.19 €/kWh
2026-10-08T01:31:05Z,STR-E-4YKC-A,0 € + 0.3 €/kWh
2026-10-08T01:31:05Z,STR-E-527U-A,0 € + 0.3 €/kWh
2026-10-08T01:31:05Z,STR-E-54PK-A,0.08 € + 0.25 €/kWh
2026-10-08T01:31:05Z,STR-E-54PK-B,0.08 € + 0.25 €/kWh
2026-10-08T01:31:05Z,STR-E-55I4-A,0 € + 0.3 €/kWh
2026-10-08T01:31:05Z,STR-E-566J-A,0 € + 0.3 €/kWh
2026-10-08T01:31:05Z,STR-E-59TF-A,0.08 € + 0.25 €/kWh
2026-10-08T01:31:05Z,STR-E-5DWB-A,0.19 €/kWh
2026-10-08T01:31:05Z,STR-E-5TI5-A,0.19 €/kWh
2026-10-08T01:31:05Z,STR-E-69PN-A,0.19 €/kWh
2026-10-08T01:31:05Z,STR-E-6CNG-A,0.19 €/kWh
2026-10-08T01:31:05Z,STR-E-6E7W-A,0 € + 0.3 €/kWh
2026-10-08T01:31:05Z,STR-E-6SQH-A,0.19 €/kWh
2026-10-08T01:31:05Z,STR-E-6UZQ-A,0.31 €/kWh
2026-10-08T01:31:05Z,STR-E-6UZQ-B,0.31 €/kWh
2026-10-08T01:31:05Z,STR-E-6ZTQ-A,0 € + 0.3 €/kWh
2026-10-08T01:31:05Z,STR-E-7438-A,0 € + 0.3 €/kWh
2026-10-08T01:31:05Z,STR-E-7A48-A,0.08 € + 0.25 €/kWh
2026-10-08T01:31:05Z,STR-E-7YBN-A,0 € + 0.3 €/kWh
2026-10-08T01:31:05Z,STR-E-7Z8G-A,0.39 €/kWh
2026-10-08T01:31:05Z,STR-E-7Z8G-B,0.39 €/kWh
2026-10-08T01:31:05Z,STR-E-86C0-A,0.19 €/kWh
2026-10-08T01:31:05Z,STR-E-88SA-A,0.19 €/kWh
2026-10-08T01:31:05Z,STR-E-8A02-A,0 € + 0.3 €/kWh
2026-10-08T01:31:05Z,STR-E-8M2O-A,0.19 €/kWh
2026-10-08T01:31:05Z,STR-E-8Q9F-A,0 € + 0.3 €/kWh
2026-10-08T01:31:05Z,STR-E-8XL5-A,0.19 €/kWh
2026-10-08T01:31:05Z,STR-E-8Y23-A,0.19 €/kWh
2026-10-08T01:31:05Z,STR-E-92KW-A,0.23 € + 0.31 €/kWh
2026-10-08T01:31:05Z,STR-E-9AH3-A,0 € + 0.3 €/kWh
2026-10-08T01:31:05Z,STR-E-9I2R-A,0.19 €/kWh
2026-10-08T01:31:05Z,STR-E-9TUZ-A,0.19 €/kWh
2026-10-08T01:31:05Z,STR-E-9WY2-A,0.19 €/kWh
2026-10-08T01:31:05Z,STR-E-A169-A,0 € + 0.3 €/kWh
2026-10-08T01:31:05Z,STR-E-A27N-A,0.33 €/kWh
2026-10-08T01:31:05Z,STR-E-A27N-B,0.33 €/kWh
2026-10-08T01:31:05Z,STR-E-A27N-C,0.33 €/kWh
2026-10-08T01:31:05Z,STR-E-A442-A,0.19 €/kWh
2026-10-08T01:31:05Z,STR-E-AABG-A,0.19 €/kWh
2026-10-08T01:31:05Z,STR-E-ACMT-A,0.19 €/kWh
2026-10-08T01:31:05Z,STR-E-ADXE-A,0 € + 0.3 €/kWh
2026-10-08T01:31:05Z,STR-E-AF2O-A,0.08 € + 0.25 €/kWh
2026-10-08T01:31:05Z,STR-E-AMQK-A,0 € + 0.3 €/kWh
2026-10-08T01:31:05Z,STR-E-ANJ0-A,0.23 € + 0.31 €/kWh
2026-10-08T01:31:05Z,STR-E-ANJ0-B,0.23 € + 0.31 €/kWh
2026-10-08T01:31:05Z,STR-E-AP96-A,0.23 € + 0.31 €/kWh
2026-10-08T01:31:05Z,STR-E-AP96-B,0.23 € + 0.31 €/kWh
2026-10-08T01:31:05Z,STR-E-AUQ2-A,0 € + 0.3 €/kWh
2026-10-08T01:31:05Z,STR-E-AWF1-A,0.08 € + 0.25 €/kWh
2026-10-08T01:31:05Z,STR-E-AWF1-B,0.08 € + 0.25 €/kWh
2026-10-08T01:31:05Z,STR-E-AWJ9-A,0.33 €/kWh
2026-10-08T01:31:05Z,STR-E-AWJ9-B,0.33 €/kWh
2026-10-08T01:31:05Z,STR-E-BIKW-A,0.23 € + 0.31 €/kWh
2026-10-08T01:31:05Z,STR-E-BIKW-B,0.23 € + 0.31 €/kWh
2026-10-08T01:31:05Z,STR-E-BXA5-A,0.19 €/kWh
2026-10-08T01:31:05Z,STR-E-C91L-A,0.19 €/kWh
2026-10-08T01:31:05Z,STR-E-C99Z-A,0 € + 0.3 €/kWh
2026-10-08T01:31:05Z,STR-E-D3MB-A,0.23 € + 0.31 €/kWh
2026-10-08T01:31:05Z,STR-E-D3MB-B,0.23 € + 0.31 €/kWh
2026-10-08T01:31:05Z,STR-E-DBCC-A,0.08 € + 0.25 €/kWh
2026-10-08T01:31:05Z,STR-E-DBCC-B,0.08 € + 0.25 €/kWh
2026-10-08T01:31:05Z,STR-E-DHEJ-A,0 € + 0.3 €/kWh
2026-10-08T01:31:05Z,STR-E-E0DZ-A,0.31 €/kWh
2026-10-08T01:31:05Z,STR-E-E0DZ-B,0.31 €/kWh
2026-10-08T01:31:05Z,STR-E-E7HH-A,0.19 €/kWh
2026-10-08T01:31:05Z,STR-E-ECI7-A,0 € + 0.3 €/kWh
2026-10-08T01:31:05Z,STR-E-EFXK-A,0 € + 0.3 €/kWh
2026-10-08T01:31:05Z,STR-E-ELFQ-A,0.23 € + 0.31 €/kWh
2026-10-08T01:31:05Z,STR-E-ELFQ-B,0.23 € + 0.31 €/kWh
2026-10-08T01:31:05Z,STR-E-EPQY-A,0 € + 0.3 €/kWh
2026-10-08T01:31:05Z,STR-E-ER2N-A,0 € + 0.3 €/kWh
2026-10-08T01:31:05Z,STR-E-ES3O-A,0 € + 0.3 €/kWh
2026-10-08T01:31:05Z,STR-E-EU1U-A,0.19 €/kWh
2026-10-08T01:31:05Z,STR-E-F2G0-A,0.08 € + 0.25 €/kWh
2026-10-08T01:31:05Z,STR-E-F2G0-B,0.08 € + 0.25 €/kWh
2026-10-08T01:31:05Z,STR-E-F4B3-A,0.19 €/kWh
2026-10-08T01:31:05Z,STR-E-F5LZ-A,0.19 €/kWh
2026-10-08T01:31:05Z,STR-E-F79A-A,0.23 € + 0.31 €/kWh
2026-10-08T01:31:05Z,STR-E-F79A-B,0.23 € + 0.31 €/kWh
2026-10-08T01:31:05Z,STR-E-FGMF-A,0.19 €/kWh
2026-10-08T01:31:05Z,STR-E-FK06-A,0.19 €/kWh
2026-10-08T01:31:05Z,STR-E-FKUY-A,0 € + 0.3 €/kWh
2026-10-08T01:31:05Z,STR-E-FUE8-A,0.08 € + 0.25 €/kWh
2026-10-08T01:31:05Z,STR-E-FUE8-B,0.08 € + 0.25 €/kWh
2026-10-08T01:31:05Z,STR-E-G4VM-A,0.19 €/kWh
2026-10-08T01:31:05Z,STR-E-G518-A,0.19 €/kWh
2026-10-08T01:31:05Z,STR-E-GB9A-A,0.19 €/kWh
2026-10-08T01:31:05Z,STR-E-GE77-A,0.39 €/kWh
2026-10-08T01:31:05Z,STR-E-GE77-B,0.39 €/kWh
2026-10-08T01:31:05Z,STR-E-GFB3-A,0 € + 0.3 €/kWh
2026-10-08T01:31:05Z,STR-E-GGV8-A,0.19 €/kWh
2026-10-08T01:31:05Z,STR-E-GHJA-A,0.19 €/kWh
2026-10-08T01:31:05Z,STR-E-GK0C-A,0 € + 0.3 €/kWh
2026-10-08T01:31:05Z,STR-E-GR5K-A,0.19 €/kWh
2026-10-08T01:31:05Z,STR-E-H6Q5-A,0.19 €/kWh
2026-10-08T01:31:05Z,STR-E-HHXV-A,0 € + 0.3 €/kWh
2026-10-08T01:31:05Z,STR-E-I1KE-A,0 € + 0.3 €/kWh
2026-10-08T01:31:05Z,STR-E-I4UZ-A,0.19 €/kWh
2026-10-08T01:31:05Z,STR-E-I5FH-A,0.19 €/kWh
2026-10-08T01:31:05Z,STR-E-I8C6-A,0.19 €/kWh
2026-10-08T01:31:05Z,STR-E-IA3X-A,0.19 €/kWh
2026-10-08T01:31:05Z,STR-E-IAO5-A,0 € + 0.3 €/kWh
2026-10-08T01:31:05Z,STR-E-IGH5-A,0.23 € + 0.31 €/kWh
2026-10-08T01:31:05Z,STR-E-IGH5-B,0.23 € + 0.31 €/kWh
2026-10-08T01:31:05Z,STR-E-IIKL-A,0.08 € + 0.25 €/kWh
2026-10-08T01:31:05Z,STR-E-IIKL-B,0.08 € + 0.25 €/kWh
2026-10-08T01:31:05Z,STR-E-IPEC-A,0 € + 0.3 €/kWh
2026-10-08T01:31:05Z,STR-E-IV6T-A,0 € + 0.3 €/kWh
2026-10-08T01:31:05Z,STR-E-J54N-A,0 € + 0.3 €/kWh
2026-10-08T01:31:05Z,STR-E-J6DA-A,0 € + 0.3 €/kWh
2026-10-08T01:31:05Z,STR-E-J8VF-A,0 € + 0.3 €/kWh
2026-10-08T01:31:05Z,STR-E-JG90-A,0.21 €/kWh + 0.3 €
2026-10-08T01:31:05Z,STR-E-JG90-B,0.21 €/kWh + 0.3 €
2026-10-08T01:31:05Z,STR-E-JMOR-A,0 € + 0.3 €/kWh
2026-10-08T01:31:05Z,STR-E-JVO0-A,0.19 €/kWh
2026-10-08T01:31:05Z,STR-E-K217-A,0 € + 0.3 €/kWh
2026-10-08T01:31:05Z,STR-E-K73C-A,0.23 € + 0.31 €/kWh
2026-10-08T01:31:05Z,STR-E-K73C-B,0.23 € + 0.31 €/kWh
2026-10-08T01:31:05Z,STR-E-KBZL-A,0.19 €/kWh
2026-10-08T01:31:05Z,STR-E-KOHN-A,0 € + 0.3 €/kWh
2026-10-08T01:31:05Z,STR-E-KT5B-A,0 € + 0.3 €/kWh
2026-10-08T01:31:05Z,STR-E-KUKS-A,0.08 € + 0.25 €/kWh
2026-10-08T01:31:05Z,STR-E-KUKS-B,0.08 € + 0.25 €/kWh
2026-10-08T01:31:05Z,STR-E-L84D-A,0.19 €/kWh
2026-10-08T01:31:05Z,STR-E-LISV-A,0.19 €/kWh
2026-10-08T01:31:05Z,STR-E-LKFQ-A,0.19 €/kWh
2026-10-08T01:31:05Z,STR-E-LREY-A,0.49 €/kWh
2026-10-08T01:31:05Z,STR-E-M1IB-A,0.19 €/kWh
2026-10-08T01:31:05Z,STR-E-M8WL-A,0.19 €/kWh
2026-10-08T01:31:05Z,STR-E-M9W7-A,0.19 €/kWh
2026-10-08T01:31:05Z,STR-E-MIP3-A,0.3 €/kWh
2026-10-08T01:31:05Z,STR-E-MIP3-B,0.3 €/kWh
2026-10-08T01:31:05Z,STR-E-MSEN-A,0.19 €/kWh
2026-10-08T01:31:05Z,STR-E-MSUL-A,0.19 €/kWh
2026-10-08T01:31:05Z,STR-E-N6P5-A,0.19 €/kWh
2026-10-08T01:31:05Z,STR-E-NCKT-A,0.08 € + 0.25 €/kWh
2026-10-08T01:31:05Z,STR-E-NCKT-B,0.08 € + 0.25 €/kWh
2026-10-08T01:31:05Z,STR-E-NDU2-A,0 € + 0.3 €/kWh
2026-10-08T01:31:05Z,STR-E-NDZ4-A,0 € + 0.3 €/kWh
2026-10-08T01:31:05Z,STR-E-NFV5-A,0 € + 0.3 €/kWh
2026-10-08T01:31:05Z,STR-E-NNGC-A,0.19 €/kWh
2026-10-08T01:31:05Z,STR-E-NSGB-A,0 € + 0.3 €/kWh
2026-10-08T01:31:05Z,STR-E-NY0Q-A,0.15 € + 0.32 €/kWh
2026-10-08T01:31:05Z,STR-E-O0VK-A,0.19 €/kWh
2026-10-08T01:31:05Z,STR-E-O5JX-A,0 € + 0.3 €/kWh
2026-10-08T01:31:05Z,STR-E-O5YW-A,0.08 € + 0.25 €/kWh
2026-10-08T01:31:05Z,STR-E-O5YW-B,0.08 € + 0.25 €/kWh
2026-10-08T01:31:05Z,STR-E-ODBK-A,0.39 €/kWh
2026-10-08T01:31:05Z,STR-E-ODBK-B,0.39 €/kWh
2026-10-08T01:31:05Z,STR-E-OFWF-A,0 € + 0.3 €/kWh
2026-10-08T01:31:05Z,STR-E-OG1X-A,0.19 €/kWh
2026-10-08T01:31:05Z,STR-E-OHH6-A,0 € + 0.3 €/kWh
2026-10-08T01:31:05Z,STR-E-OJ3E-A,0.23 € + 0.31 €/kWh
2026-10-08T01:31:05Z,STR-E-OJ3E-B,0.23 € + 0.31 €/kWh
2026-10-08T01:31:05Z,STR-E-OQKZ-A,0.19 €/kWh
2026-10-08T01:31:05Z,STR-E-P46N-A,0 € + 0.3 €/kWh
2026-10-08T01:31:05Z,STR-E-P7AF-A,0.08 € + 0.25 €/kWh
2026-10-08T01:31:05Z,STR-E-P7AF-B,0.08 € + 0.25 €/kWh
2026-10-08T01:31:05Z,STR-E-PC04-A,0.19 €/kWh
2026-10-08T01:31:05Z,STR-E-PDR2-A,0.19 €/kWh
2026-10-08T01:31:05Z,STR-E-PJCQ-A,0.08 € + 0.25 €/kWh
2026-10-08T01:31:05Z,STR-E-PJCQ-B,0.08 € + 0.25 €/kWh
2026-10-08T01:31:05Z,STR-E-PM3P-A,0.23 € + 0.31 €/kWh
2026-10-08T01:31:05Z,STR-E-PM3P-B,0.23 € + 0.31 €/kWh
2026-10-08T01:31:05Z,STR-E-PRUQ-A,0.19 €/kWh
2026-10-08T01:31:05Z,STR-E-PSU9-A,0.19 €/kWh
2026-10-08T01:31:05Z,STR-E-PZ9U-A,0.19 €/kWh
2026-10-08T01:31:05Z,STR-E-PZES-A,0.19 €/kWh
2026-10-08T01:31:05Z,STR-E-Q5YF-A,0.23 € + 0.31 €/kWh
2026-10-08T01:31:05Z,STR-E-Q5YF-B,0.23 € + 0.31 €/kWh
2026-10-08T01:31:05Z,STR-E-Q7LB-A,0.23 € + 0.31 €/kWh
2026-10-08T01:31:05Z,STR-E-Q7LB-B,0.23 € + 0.31 €/kWh
2026-10-08T01:31:05Z,STR-E-QAXH-A,0.15 € + 0.32 €/kWh
2026-10-08T01:31:05Z,STR-E-QE1X-A,0.08 € + 0.25 €/kWh
2026-10-08T01:31:05Z,STR-E-QE1X-B,0.08 € + 0.25 €/kWh
2026-10-08T01:31:05Z,STR-E-QEDL-A,0.19 €/kWh
2026-10-08T01:31:05Z,STR-E-QIQM-A,0.19 €/kWh
2026-10-08T01:31:05Z,STR-E-QLC9-A,0.3 €/kWh
2026-10-08T01:31:05Z,STR-E-QLC9-B,0.3 €/kWh
2026-10-08T01:31:05Z,STR-E-R0J8-A,0.19 €/kWh
2026-10-08T01:31:05Z,STR-E-R1MT-A,0.23 € + 0.31 €/kWh
2026-10-08T01:31:05Z,STR-E-R1MT-B,0.23 € + 0.31 €/kWh
2026-10-08T01:31:05Z,STR-E-R1PI-A,0.23 € + 0.31 €/kWh
2026-10-08T01:31:05Z,STR-E-R1PI-B,0.23 € + 0.31 €/kWh
2026-10-08T01:31:05Z,STR-E-R2LK-A,0.23 € + 0.31 €/kWh
2026-10-08T01:31:05Z,STR-E-R2LK-B,0.23 € + 0.31 €/kWh
2026-10-08T01:31:05Z,STR-E-R8PQ-A,0 € + 0.3 €/kWh
2026-10-08T01:31:05Z,STR-E-R9GA-A,0.19 €/kWh
2026-10-08T01:31:05Z,STR-E-RJH9-A,0.19 €/kWh
2026-10-08T01:31:05Z,STR-E-RKWJ-A,0.19 €/kWh
2026-10-08T01:31:05Z,STR-E-S42D-A,0.19 €/kWh
2026-10-08T01:31:05Z,STR-E-S6VR-A,0 € + 0.3 €/kWh
2026-10-08T01:31:05Z,STR-E-S7YR-A,0.23 € + 0.31 €/kWh
2026-10-08T01:31:05Z,STR-E-S7YR-B,0.23 € + 0.31 €/kWh
2026-10-08T01:31:05Z,STR-E-SGC2-A,0 € + 0.3 €/kWh
2026-10-08T01:31:05Z,STR-E-SJKA-A,0.19 €/kWh
2026-10-08T01:31:05Z,STR-E-SQX8-A,0.08 € + 0.25 €/kWh
2026-10-08T01:31:05Z,STR-E-SQX8-B,0.08 € + 0.25 €/kWh
2026-10-08T01:31:05Z,STR-E-SVR3-A,0.23 € + 0.31 €/kWh
2026-10-08T01:31:05Z,STR-E-SVR3-B,0.23 € + 0.31 €/kWh
2026-10-08T01:31:05Z,STR-E-SY9Y-A,0.19 €/kWh
2026-10-08T01:31:05Z,STR-E-TO2O-A,0.19 €/kWh
2026-10-08T01:31:05Z,STR-E-TX67-A,0.33 €/kWh
2026-10-08T01:31:05Z,STR-E-TX67-B,0.33 €/kWh
2026-10-08T01:31:05Z,STR-E-U41O-A,0 € + 0.3 €/kWh
2026-10-08T01:31:05Z,STR-E-U5TP-A,0.19 €/kWh
2026-10-08T01:31:05Z,STR-E-UKPS-A,0.15 € + 0.32 €/kWh
2026-10-08T01:31:05Z,STR-E-UPAQ-A,0.3 €/kWh
2026-10-08T01:31:05Z,STR-E-UPAQ-B,0.3 €/kWh
2026-10-08T01:31:05Z,STR-E-UPOS-A,0.08 € + 0.25 €/kWh
2026-10-08T01:31:05Z,STR-E-UPOS-B,0.08 € + 0.25 €/kWh
2026-10-08T01:31:05Z,STR-E-UY5H-A,0.19 €/kWh
2026-10-08T01:31:05Z,STR-E-V17G-A,0.19 €/kWh
2026-10-08T01:31:05Z,STR-E-V31J-A,0.19 €/kWh
2026-10-08T01:31:05Z,STR-E-V50T-A,0.19 €/kWh
2026-10-08T01:31:05Z,STR-E-V9SD-A,0.19 €/kWh
2026-10-08T01:31:05Z,STR-E-V9ZR-A,0.19 €/kWh
2026-10-08T01:31:05Z,STR-E-VBMP-A,0.19 €/kWh
2026-10-08T01:31:05Z,STR-E-VJBJ-A,0 € + 0.3 €/kWh
2026-10-08T01:31:05Z,STR-E-VPDB-A,0.19 €/kWh
2026-10-08T01:31:05Z,STR-E-VQ06-A,0 € + 0.3 €/kWh
2026-10-08T01:31:05Z,STR-E-VSDJ-A,0.33 €/kWh
2026-10-08T01:31:05Z,STR-E-VSDJ-B,0.33 €/kWh
2026-10-08T01:31:05Z,STR-E-VT0G-A,0.19 €/kWh
2026-10-08T01:31:05Z,STR-E-VX2O-A,0 € + 0.3 €/kWh
2026-10-08T01:31:05Z,STR-E-VXGH-A,0.19 €/kWh
2026-10-08T01:31:05Z,STR-E-W1X4-A,0.19 €/kWh
2026-10-08T01:31:05Z,STR-E-WEE3-A,0.23 € + 0.31 €/kWh
2026-10-08T01:31:05Z,STR-E-WEE3-B,0.23 € + 0.31 €/kWh
2026-10-08T01:31:05Z,STR-E-WHZ1-A,0 € + 0.3 €/kWh
2026-10-08T01:31:05Z,STR-E-WLGM-A,0 € + 0.3 €/kWh
2026-10-08T01:31:05Z,STR-E-WTQ5-A,0.31 €/kWh
2026-10-08T01:31:05Z,STR-E-WXV8-A,0.19 €/kWh
2026-10-08T01:31:05Z,STR-E-WYFE-A,0.31 €/kWh
2026-10-08T01:31:05Z,STR-E-WYFE-B,0.31 €/kWh
2026-10-08T01:31:05Z,STR-E-WYYC-A,0.23 € + 0.31 €/kWh
2026-10-08T01:31:05Z,STR-E-WYYC-B,0.23 € + 0.31 €/kWh
2026-10-08T01:31:05Z,STR-E-WZW9-A,0.19 €/kWh
2026-10-08T01:31:05Z,STR-E-X525-A,0.19 €/kWh
2026-10-08T01:31:05Z,STR-E-X54O-A,0 € + 0.3 €/kWh
2026-10-08T01:31:05Z,STR-E-XCMJ-A,0.08 € + 0.25 €/kWh
2026-10-08T01:31:05Z,STR-E-XCMJ-B,0.08 € + 0.25 €/kWh
2026-10-08T01:31:05Z,STR-E-XFON-A,0.19 €/kWh
2026-10-08T01:31:05Z,STR-E-XG69-A,0.08 € + 0.25 €/kWh
2026-10-08T01:31:05Z,STR-E-XG69-B,0.08 € + 0.25 €/kWh
2026-10-08T01:31:05Z,STR-E-XH51-A,0 € + 0.3 €/kWh
2026-10-08T01:31:05Z,STR-E-XKW2-A,0.23 € + 0.31 €/kWh
2026-10-08T01:31:05Z,STR-E-XKW2-B,0.23 € + 0.31 €/kWh
2026-10-08T01:31:05Z,STR-E-XRV8-A,0 € + 0.3 €/kWh
2026-10-08T01:31:05Z,STR-E-Y7JK-A,0 € + 0.3 €/kWh
2026-10-08T01:31:05Z,STR-E-Y82E-A,0 € + 0.3 €/kWh
2026-10-08T01:31:05Z,STR-E-YC50-A,0.19 €/kWh
2026-10-08T01:31:05Z,STR-E-Z2PJ-A,0.08 € + 0.25 €/kWh
2026-10-08T01:31:05Z,STR-E-Z2PJ-B,0.08 € + 0.25 €/kWh
2026-10-08T01:31:05Z,STR-E-ZA6O-A,0.19 €/kWh
2026-10-08T01:31:05Z,STR-E-ZEP7-A,0 € + 0.3 €/kWh
2026-10-08T01:31:05Z,STR-E-ZIAZ-A,0 € + 0.3 €/kWh
2026-10-08T01:31:05Z,STR-E-ZK9W-A,0 € + 0.3 €/kWh
2026-10-08T01:31:05Z,STR-E-ZS00-A,0.23 € + 0.31 €/kWh
2026-10-08T01:31:05Z,STR-E-ZS00-B,0.23 € + 0.31 €/kWh
2026-10-08T01:31:05Z,STR-E-ZWU5-A,0.08 € + 0.25 €/kWh
2026-10-08T01:31:05Z,STR-E-ZWU5-B,0.08 € + 0.25 €/kWh
2026-10-08T01:46:24Z,IKR-E-1220-A,0.3 € + 0.42 €/kWh
2026-10-08T01:46:24Z,IKR-E-1871-A,0.3 € + 0.42 €/kWh
2026-10-08T01:46:24Z,IKR-E-2G8J-A,0.3 € + 0.42 €/kWh
2026-10-08T01:46:24Z,IKR-E-3TSR-A,0.3 € + 0.42 €/kWh
2026-10-08T01:46:24Z,IKR-E-5715-A,0.3 € + 0.42 €/kWh
2026-10-08T01:46:24Z,IKR-E-5730-A,0.3 € + 0.48 €/kWh
2026-10-08T01:46:24Z,IKR-E-5CGU-A,0.3 € + 0.42 €/kWh
2026-10-08T01:46:24Z,IKR-E-7718-A,0.3 € + 0.48 €/kWh
2026-10-08T01:46:24Z,IKR-E-DVCM-A,0.3 € + 0.42 €/kWh
2026-10-08T01:46:24Z,IKR-E-E228-A,0.3 € + 0.41 €/kWh
2026-10-08T01:46:24Z,IKR-E-EKZA-A,0.3 € + 0.41 €/kWh
2026-10-08T01:46:24Z,IKR-E-GAY9-A,0.3 € + 0.42 €/kWh
2026-10-08T01:46:24Z,IKR-E-IZW2-A,0.3 € + 0.42 €/kWh
2026-10-08T01:46:24Z,IKR-E-J1JV-A,0.3 € + 0.41 €/kWh
2026-10-08T01:46:24Z,IKR-E-JJAJ-A,0.3 € + 0.42 €/kWh
2026-10-08T01:46:24Z,IKR-E-KMBH-A,0.3 € + 0.42 €/kWh
2026-10-08T01:46:24Z,IKR-E-LJZI-A,0.3 € + 0.42 €/kWh
2026-10-08T01:46:24Z,IKR-E-XIH2-A,0.3 € + 0.42 €/kWh
2026-10-08T01:46:24Z,IKR-P-IV7E-B,0.3 € + 0.42 €/kWh
2026-10-08T01:46:24Z,STR-E-0698-A,0.2 €/kWh
2026-10-08T01:46:24Z,STR-E-0GEL-A,0.2 €/kWh
2026-10-08T01:46:24Z,STR-E-1162-A,0.2 €/kWh
2026-10-08T01:46:24Z,STR-E-11DT-A,0.2 €/kWh
2026-10-08T01:46:24Z,STR-E-1887-A,0.2 €/kWh
2026-10-08T01:46:24Z,STR-E-1927-A,0.2 €/kWh
2026-10-08T01:46:24Z,STR-E-1MJQ-A,0.2 €/kWh
2026-10-08T01:46:24Z,STR-E-2D12-A,0.2 €/kWh
2026-10-08T01:46:24Z,STR-E-2ED4-A,0.2 €/kWh
2026-10-08T01:46:24Z,STR-E-320G-A,0.2 €/kWh
2026-10-08T01:46:24Z,STR-E-3PZS-A,0.2 €/kWh
2026-10-08T01:46:24Z,STR-E-3TZI-A,0.2 €/kWh
2026-10-08T01:46:24Z,STR-E-4LRS-A,0.2 €/kWh
2026-10-08T01:46:24Z,STR-E-4UGU-A,0.2 €/kWh
2026-10-08T01:46:24Z,STR-E-5DWB-A,0.2 €/kWh
2026-10-08T01:46:24Z,STR-E-5TI5-A,0.2 €/kWh
2026-10-08T01:46:24Z,STR-E-69PN-A,0.2 €/kWh
2026-10-08T01:46:24Z,STR-E-6CNG-A,0.2 €/kWh
2026-10-08T01:46:24Z,STR-E-6SQH-A,0.2 €/kWh
2026-10-08T01:46:24Z,STR-E-86C0-A,0.2 €/kWh
2026-10-08T01:46:24Z,STR-E-88SA-A,0.2 €/kWh
2026-10-08T01:46:24Z,STR-E-8M2O-A,0.2 €/kWh
2026-10-08T01:46:24Z,STR-E-8XL5-A,0.2 €/kWh
2026-10-08T01:46:24Z,STR-E-8Y23-A,0.2 €/kWh
2026-10-08T01:46:24Z,STR-E-9I2R-A,0.2 €/kWh
2026-10-08T01:46:24Z,STR-E-9TUZ-A,0.2 €/kWh
2026-10-08T01:46:24Z,STR-E-9WY2-A,0.2 €/kWh
2026-10-08T01:46:24Z,STR-E-A442-A,0.2 €/kWh
2026-10-08T01:46:24Z,STR-E-AABG-A,0.2 €/kWh
2026-10-08T01:46:24Z,STR-E-ACMT-A,0.2 €/kWh
2026-10-08T01:46:24Z,STR-E-BXA5-A,0.2 €/kWh
2026-10-08T01:46:24Z,STR-E-C91L-A,0.2 €/kWh
2026-10-08T01:46:24Z,STR-E-E7HH-A,0.2 €/kWh
2026-10-08T01:46:24Z,STR-E-EU1U-A,0.2 €/kWh
2026-10-08T01:46:24Z,STR-E-F4B3-A,0.2 €/kWh
2026-10-08T01:46:24Z,STR-E-F5LZ-A,0.2 €/kWh
2026-10-08T01:46:24Z,STR-E-FGMF-A,0.2 €/kWh
2026-10-08T01:46:24Z,STR-E-FK06-A,0.2 €/kWh
2026-10-08T01:46:24Z,STR-E-G4VM-A,0.2 €/kWh
2026-10-08T01:46:24Z,STR-E-G518-A,0.2 €/kWh
2026-10-08T01:46:24Z,STR-E-GB9A-A,0.2 €/kWh
2026-10-08T01:46:24Z,STR-E-GGV8-A,0.2 €/kWh
2026-10-08T01:46:24Z,STR-E-GHJA-A,0.2 €/kWh
2026-10-08T01:46:24Z,STR-E-GR5K-A,0.2 €/kWh
2026-10-08T01:46:24Z,STR-E-H6Q5-A,0.2 €/kWh
2026-10-08T01:46:24Z,STR-E-I4UZ-A,0.2 €/kWh
2026-10-08T01:46:24Z,STR-E-I5FH-A,0.2 €/kWh
2026-10-08T01:46:24Z,STR-E-I8C6-A,0.2 €/kWh
2026-10-08T01:46:24Z,STR-E-IA3X-A,0.2 €/kWh
2026-10-08T01:46:24Z,STR-E-JVO0-A,0.2 €/kWh
2026-10-08T01:46:24Z,STR-E-KBZL-A,0.2 €/kWh
2026-10-08T01:46:24Z,STR-E-L84D-A,0.2 €/kWh
2026-10-08T01:46:24Z,STR-E-LISV-A,0.2 €/kWh
2026-10-08T01:46:24Z,STR-E-LKFQ-A,0.2 €/kWh
2026-10-08T01:46:24Z,STR-E-M1IB-A,0.2 €/kWh
2026-10-08T01:46:24Z,STR-E-M8WL-A,0.2 €/kWh
2026-10-08T01:46:24Z,STR-E-M9W7-A,0.2 €/kWh
2026-10-08T01:46:24Z,STR-E-MSEN-A,0.2 €/kWh
2026-10-08T01:46:24Z,STR-E-MSUL-A,0.2 €/kWh
2026-10-08T01:46:24Z,STR-E-N6P5-A,0.2 €/kWh
2026-10-08T01:46:24Z,STR-E-NNGC-A,0.2 €/kWh
2026-10-08T01:46:24Z,STR-E-NY0Q-A,0.15 € + 0.33 €/kWh
2026-10-08T01:46:24Z,STR-E-O0VK-A,0.2 €/kWh
2026-10-08T01:46:24Z,STR-E-OG1X-A,0.2 €/kWh
2026-10-08T01:46:24Z,STR-E-OQKZ-A,0.2 €/kWh
2026-10-08T01:46:24Z,STR-E-PC04-A,0.2 €/kWh
2026-10-08T01:46:24Z,STR-E-PDR2-A,0.2 €/kWh
2026-10-08T01:46:24Z,STR-E-PRUQ-A,0.2 €/kWh
2026-10-08T01:46:24Z,STR-E-PSU9-A,0.2 €/kWh
2026-10-08T01:46:24Z,STR-E-PZ9U-A,0.2 €/kWh
2026-10-08T01:46:24Z,STR-E-PZES-A,0.2 €/kWh
2026-10-08T01:46:24Z,STR-E-QAXH-A,0.15 € + 0.33 €/kWh
2026-10-08T01:46:24Z,STR-E-QEDL-A,0.2 €/kWh
2026-10-08T01:46:24Z,STR-E-QIQM-A,0.2 €/kWh
2026-10-08T01:46:24Z,STR-E-R0J8-A,0.2 €/kWh
2026-10-08T01:46:24Z,STR-E-R9GA-A,0.2 €/kWh
2026-10-08T01:46:24Z,STR-E-RJH9-A,0.2 €/kWh
2026-10-08T01:46:24Z,STR-E-RKWJ-A,0.2 €/kWh
2026-10-08T01:46:24Z,STR-E-S42D-A,0.2 €/kWh
2026-10-08T01:46:24Z,STR-E-SJKA-A,0.2 €/kWh
2026-10-08T01:46:24Z,STR-E-SY9Y-A,0.2 €/kWh
2026-10-08T01:46:24Z,STR-E-TO2O-A,0.2 €/kWh
2026-10-08T01:46:24Z,STR-E-U5TP-A,0.2 €/kWh
2026-10-08T01:46:24Z,STR-E-UKPS-A,0.15 € + 0.33 €/kWh
2026-10-08T01:46:24Z,STR-E-UY5H-A,0.2 €/kWh
2026-10-08T01:46:24Z,STR-E-V17G-A,0.2 €/kWh
2026-10-08T01:46:24Z,STR-E-V31J-A,0.2 €/kWh
2026-10-08T01:46:24Z,STR-E-V50T-A,0.2 €/kWh
2026-10-08T01:46:24Z,STR-E-V9SD-A,0.2 €/kWh
2026-10-08T01:46:24Z,STR-E-V9ZR-A,0.2 €/kWh
2026-10-08T01:46:24Z,STR-E-VBMP-A,0.2 €/kWh
2026-10-08T01:46:24Z,STR-E-VPDB-A,0.2 €/kWh
2026-10-08T01:46:24Z,STR-E-VT0G-A,0.2 €/kWh
2026-10-08T01:46:24Z,STR-E-VXGH-A,0.2 €/kWh
2026-10-08T01:46:24Z,STR-E-W1X4-A,0.2 €/kWh
2026-10-08T01:46:24Z,STR-E-WXV8-A,0.2 €/kWh
2026-10-08T01:46:24Z,STR-E-WZW9-A,0.2 €/kWh
2026-10-08T01:46:24Z,STR-E-X525-A,0.2 €/kWh
2026-10-08T01:46:24Z,STR-E-XFON-A,0.2 €/kWh
2026-10-08T01:46:24Z,STR-E-YC50-A,0.2 €/kWh
2026-10-08T01:46:24Z,STR-E-ZA6O-A,0.2 €/kWh
2026-10-08T02:01:18Z,STR-E-027B-A,0.23 € + 0.32 €/kWh
2026-10-08T02:01:18Z,STR-E-027B-B,0.23 € + 0.32 €/kWh
2026-10-08T02:01:18Z,STR-E-02VO-A,0.34 €/kWh
2026-10-08T02:01:18Z,STR-E-02VO-B,0.34 €/kWh
2026-10-08T02:01:18Z,STR-E-04YS-A,0 € + 0.31 €/kWh
2026-10-08T02:01:18Z,STR-E-051F-A,0.08 € + 0.26 €/kWh
2026-10-08T02:01:18Z,STR-E-10G9-A,0.08 € + 0.26 €/kWh
2026-10-08T02:01:18Z,STR-E-10G9-B,0.08 € + 0.26 €/kWh
2026-10-08T02:01:18Z,STR-E-1ME5-A,0.08 € + 0.26 €/kWh
2026-10-08T02:01:18Z,STR-E-1ME5-B,0.08 € + 0.26 €/kWh
2026-10-08T02:01:18Z,STR-E-1MHB-A,0.5 €/kWh
2026-10-08T02:01:18Z,STR-E-1X30-A,0 € + 0.31 €/kWh
2026-10-08T02:01:18Z,STR-E-21O1-A,0.32 €/kWh
2026-10-08T02:01:18Z,STR-E-21O1-B,0.32 €/kWh
2026-10-08T02:01:18Z,STR-E-2446-A,0 € + 0.31 €/kWh
2026-10-08T02:01:18Z,STR-E-2K1Q-A,0 € + 0.31 €/kWh
2026-10-08T02:01:18Z,STR-E-2XDJ-A,0 € + 0.31 €/kWh
2026-10-08T02:01:18Z,STR-E-3468-A,0.32 €/kWh
2026-10-08T02:01:18Z,STR-E-3468-B,0.32 €/kWh
2026-10-08T02:01:18Z,STR-E-3ENA-A,0.32 €/kWh
2026-10-08T02:01:18Z,STR-E-3ENA-B,0.32 €/kWh
2026-10-08T02:01:18Z,STR-E-3ENA-C,0.32 €/kWh
2026-10-08T02:01:18Z,STR-E-3FMF-A,0.23 € + 0.32 €/kWh
2026-10-08T02:01:18Z,STR-E-3FMF-B,0.23 € + 0.32 €/kWh
2026-10-08T02:01:18Z,STR-E-3SXI-A,0.32 €/kWh
2026-10-08T02:01:18Z,STR-E-3SXI-B,0.32 €/kWh
2026-10-08T02:01:18Z,STR-E-3WE5-A,0 € + 0.31 €/kWh
2026-10-08T02:01:18Z,STR-E-3YH3-A,0.08 € + 0.26 €/kWh
2026-10-08T02:01:18Z,STR-E-3YH3-B,0.08 € + 0.26 €/kWh
2026-10-08T02:01:18Z,STR-E-4156-A,0.37 €/kWh
2026-10-08T02:01:18Z,STR-E-4156-B,0.37 €/kWh
2026-10-08T02:01:18Z,STR-E-491A-A,0.31 €/kWh
2026-10-08T02:01:18Z,STR-E-491A-B,0.31 €/kWh
2026-10-08T02:01:18Z,STR-E-491A-C,0.31 €/kWh
2026-10-08T02:01:18Z,STR-E-4DE6-A,0.31 €/kWh
2026-10-08T02:01:18Z,STR-E-4DE6-B,0.31 €/kWh
2026-10-08T02:01:18Z,STR-E-4KWM-A,0.4 €/kWh
2026-10-08T02:01:18Z,STR-E-4KWM-B,0.4 €/kWh
2026-10-08T02:01:18Z,STR-E-4YKC-A,0 € + 0.31 €/kWh
2026-10-08T02:01:18Z,STR-E-527U-A,0 € + 0.31 €/kWh
2026-10-08T02:01:18Z,STR-E-54PK-A,0.08 € + 0.26 €/kWh
2026-10-08T02:01:18Z,STR-E-54PK-B,0.08 € + 0.26 €/kWh
2026-10-08T02:01:18Z,STR-E-55I4-A,0 € + 0.31 €/kWh
2026-10-08T02:01:18Z,STR-E-566J-A,0 € + 0.31 €/kWh
2026-10-08T02:01:18Z,STR-E-59TF-A,0.08 € + 0.26 €/kWh
2026-10-08T02:01:18Z,STR-E-6E7W-A,0 € + 0.31 €/kWh
2026-10-08T02:01:18Z,STR-E-6UZQ-A,0.32 €/kWh
2026-10-08T02:01:18Z,STR-E-6UZQ-B,0.32 €/kWh
2026-10-08T02:01:18Z,STR-E-6ZTQ-A,0 € + 0.31 €/kWh
2026-10-08T02:01:18Z,STR-E-7438-A,0 € + 0.31 €/kWh
2026-10-08T02:01:18Z,STR-E-7A48-A,0.08 € + 0.26 €/kWh
2026-10-08T02:01:18Z,STR-E-7YBN-A,0 € + 0.31 €/kWh
2026-10-08T02:01:18Z,STR-E-7Z8G-A,0.4 €/kWh
2026-10-08T02:01:18Z,STR-E-7Z8G-B,0.4 €/kWh
2026-10-08T02:01:18Z,STR-E-8A02-A,0 € + 0.31 €/kWh
2026-10-08T02:01:18Z,STR-E-8Q9F-A,0 € + 0.31 €/kWh
2026-10-08T02:01:18Z,STR-E-92KW-A,0.23 € + 0.32 €/kWh
2026-10-08T02:01:18Z,STR-E-9AH3-A,0 € + 0.31 €/kWh
2026-10-08T02:01:18Z,STR-E-A169-A,0 € + 0.31 €/kWh
2026-10-08T02:01:18Z,STR-E-A27N-A,0.34 €/kWh
2026-10-08T02:01:18Z,STR-E-A27N-B,0.34 €/kWh
2026-10-08T02:01:18Z,STR-E-A27N-C,0.34 €/kWh
2026-10-08T02:01:18Z,STR-E-ADXE-A,0 € + 0.31 €/kWh
2026-10-08T02:01:18Z,STR-E-AF2O-A,0.08 € + 0.26 €/kWh
2026-10-08T02:01:18Z,STR-E-AMQK-A,0 € + 0.31 €/kWh
2026-10-08T02:01:18Z,STR-E-ANJ0-A,0.23 € + 0.32 €/kWh
2026-10-08T02:01:18Z,STR-E-ANJ0-B,0.23 € + 0.32 €/kWh
2026-10-08T02:01:18Z,STR-E-AP96-A,0.23 € + 0.32 €/kWh
2026-10-08T02:01:18Z,STR-E-AP96-B,0.23 € + 0.32 €/kWh
2026-10-08T02:01:18Z,STR-E-AUQ2-A,0 € + 0.31 €/kWh
2026-10-08T02:01:18Z,STR-E-AWF1-A,0.08 € + 0.26 €/kWh
2026-10-08T02:01:18Z,STR-E-AWF1-B,0.08 € + 0.26 €/kWh
2026-10-08T02:01:18Z,STR-E-AWJ9-A,0.34 €/kWh
2026-10-08T02:01:18Z,STR-E-AWJ9-B,0.34 €/kWh
2026-10-08T02:01:18Z,STR-E-BIKW-A,0.23 € + 0.32 €/kWh
2026-10-08T02:01:18Z,STR-E-BIKW-B,0.23 € + 0.32 €/kWh
2026-10-08T02:01:18Z,STR-E-C99Z-A,0 € + 0.31 €/kWh
2026-10-08T02:01:18Z,STR-E-D3MB-A,0.23 € + 0.32 €/kWh
2026-10-08T02:01:18Z,STR-E-D3MB-B,0.23 € + 0.32 €/kWh
2026-10-08T02:01:18Z,STR-E-DBCC-A,0.08 € + 0.26 €/kWh
2026-10-08T02:01:18Z,STR-E-DBCC-B,0.08 € + 0.26 €/kWh
2026-10-08T02:01:18Z,STR-E-DHEJ-A,0 € + 0.31 €/kWh
2026-10-08T02:01:18Z,STR-E-E0DZ-A,0.32 €/kWh
2026-10-08T02:01:18Z,STR-E-E0DZ-B,0.32 €/kWh
2026-10-08T02:01:18Z,STR-E-ECI7-A,0 € + 0.31 €/kWh
2026-10-08T02:01:18Z,STR-E-EFXK-A,0 € + 0.31 €/kWh
2026-10-08T02:01:18Z,STR-E-ELFQ-A,0.23 € + 0.32 €/kWh
2026-10-08T02:01:18Z,STR-E-ELFQ-B,0.23 € + 0.32 €/kWh
2026-10-08T02:01:18Z,STR-E-EPQY-A,0 € + 0.31 €/kWh
2026-10-08T02:01:18Z,STR-E-ER2N-A,0 € + 0.31 €/kWh
2026-10-08T02:01:18Z,STR-E-ES3O-A,0 € + 0.31 €/kWh
2026-10-08T02:01:18Z,STR-E-F2G0-A,0.08 € + 0.26 €/kWh
2026-10-08T02:01:18Z,STR-E-F2G0-B,0.08 € + 0.26 €/kWh
2026-10-08T02:01:18Z,STR-E-F79A-A,0.23 € + 0.32 €/kWh
2026-10-08T02:01:18Z,STR-E-F79A-B,0.23 € + 0.32 €/kWh
2026-10-08T02:01:18Z,STR-E-FKUY-A,0 € + 0.31 €/kWh
2026-10-08T02:01:18Z,STR-E-FUE8-A,0.08 € + 0.26 €/kWh
2026-10-08T02:01:18Z,STR-E-FUE8-B,0.08 € + 0.26 €/kWh
2026-10-08T02:01:18Z,STR-E-GE77-A,0.4 €/kWh
2026-10-08T02:01:18Z,STR-E-GE77-B,0.4 €/kWh
2026-10-08T02:01:18Z,STR-E-GFB3-A,0 € + 0.31 €/kWh
2026-10-08T02:01:18Z,STR-E-GK0C-A,0 € + 0.31 €/kWh
2026-10-08T02:01:18Z,STR-E-HHXV-A,0 € + 0.31 €/kWh
2026-10-08T02:01:18Z,STR-E-I1KE-A,0 € + 0.31 €/kWh
2026-10-08T02:01:18Z,STR-E-IAO5-A,0 € + 0.31 €/kWh
2026-10-08T02:01:18Z,STR-E-IGH5-A,0.23 € + 0.32 €/kWh
2026-10-08T02:01:18Z,STR-E-IGH5-B,0.23 € + 0.32 €/kWh
2026-10-08T02:01:18Z,STR-E-IIKL-A,0.08 € + 0.26 €/kWh
2026-10-08T02:01:18Z,STR-E-IIKL-B,0.08 € + 0.26 €/kWh
2026-10-08T02:01:18Z,STR-E-IPEC-A,0 € + 0.31 €/kWh
2026-10-08T02:01:18Z,STR-E-IV6T-A,0 € + 0.31 €/kWh
2026-10-08T02:01:18Z,STR-E-J54N-A,0 € + 0.31 €/kWh
2026-10-08T02:01:18Z,STR-E-J6DA-A,0 € + 0.31 €/kWh
2026-10-08T02:01:18Z,STR-E-J8VF-A,0 € + 0.31 €/kWh
2026-10-08T02:01:18Z,STR-E-JG90-A,0.22 €/kWh + 0.3 €
2026-10-08T02:01:18Z,STR-E-JG90-B,0.22 €/kWh + 0.3 €
2026-10-08T02:01:18Z,STR-E-JMOR-A,0 € + 0.31 €/kWh
2026-10-08T02:01:18Z,STR-E-K217-A,0 € + 0.31 €/kWh
2026-10-08T02:01:18Z,STR-E-K73C-A,0.23 € + 0.32 €/kWh
2026-10-08T02:01:18Z,STR-E-K73C-B,0.23 € + 0.32 €/kWh
2026-10-08T02:01:18Z,STR-E-KOHN-A,0 € + 0.31 €/kWh
2026-10-08T02:01:18Z,STR-E-KT5B-A,0 € + 0.31 €/kWh
2026-10-08T02:01:18Z,STR-E-KUKS-A,0.08 € + 0.26 €/kWh
2026-10-08T02:01:18Z,STR-E-KUKS-B,0.08 € + 0.26 €/kWh
2026-10-08T02:01:18Z,STR-E-LREY-A,0.5 €/kWh
2026-10-08T02:01:18Z,STR-E-MIP3-A,0.31 €/kWh
2026-10-08T02:01:18Z,STR-E-MIP3-B,0.31 €/kWh
2026-10-08T02:01:18Z,STR-E-NCKT-A,0.08 € + 0.26 €/kWh
2026-10-08T02:01:18Z,STR-E-NCKT-B,0.08 € + 0.26 €/kWh
2026-10-08T02:01:18Z,STR-E-NDU2-A,0 € + 0.31 €/kWh
2026-10-08T02:01:18Z,STR-E-NDZ4-A,0 € + 0.31 €/kWh
2026-10-08T02:01:18Z,STR-E-NFV5-A,0 € + 0.31 €/kWh
2026-10-08T02:01:18Z,STR-E-NSGB-A,0 € + 0.31 €/kWh
2026-10-08T02:01:18Z,STR-E-O5JX-A,0 € + 0.31 €/kWh
2026-10-08T02:01:18Z,STR-E-O5YW-A,0.08 € + 0.26 €/kWh
2026-10-08T02:01:18Z,STR-E-O5YW-B,0.08 € + 0.26 €/kWh
2026-10-08T02:01:18Z,STR-E-ODBK-A,0.4 €/kWh
2026-10-08T02:01:18Z,STR-E-ODBK-B,0.4 €/kWh
2026-10-08T02:01:18Z,STR-E-OFWF-A,0 € + 0.31 €/kWh
2026-10-08T02:01:18Z,STR-E-OHH6-A,0 € + 0.31 €/kWh
2026-10-08T02:01:18Z,STR-E-OJ3E-A,0.23 € + 0.32 €/kWh
2026-10-08T02:01:18Z,STR-E-OJ3E-B,0.23 € + 0.32 €/kWh
2026-10-08T02:01:18Z,STR-E-P46N-A,0 € + 0.31 €/kWh
2026-10-08T02:01:18Z,STR-E-P7AF-A,0.08 € + 0.26 €/kWh
2026-10-08T02:01:18Z,STR-E-P7AF-B,0.08 € + 0.26 €/kWh
2026-10-08T02:01:18Z,STR-E-PJCQ-A,0.08 € + 0.26 €/kWh
2026-10-08T02:01:18Z,STR-E-PJCQ-B,0.08 € + 0.26 €/kWh
2026-10-08T02:01:18Z,STR-E-PM3P-A,0.23 € + 0.32 €/kWh
2026-10-08T02:01:18Z,STR-E-PM3P-B,0.23 € + 0.32 €/kWh
2026-10-08T02:01:18Z,STR-E-Q5YF-A,0.23 € + 0.32 €/kWh
2026-10-08T02:01:18Z,STR-E-Q5YF-B,0.23 € + 0.32 €/kWh
2026-10-08T02:01:18Z,STR-E-Q7LB-A,0.23 € + 0.32 €/kWh
2026-10-08T02:01:18Z,STR-E-Q7LB-B,0.23 € + 0.32 €/kWh
2026-10-08T02:01:18Z,STR-E-QE1X-A,0.08 € + 0.26 €/kWh
2026-10-08T02:01:18Z,STR-E-QE1X-B,0.08 € + 0.26 €/kWh
2026-10-08T02:01:18Z,STR-E-QLC9-A,0.31 €/kWh
2026-10-08T02:01:18Z,STR-E-QLC9-B,0.31 €/kWh
2026-10-08T02:01:18Z,STR-E-R1MT-A,0.23 € + 0.32 €/kWh
2026-10-08T02:01:18Z,STR-E-R1MT-B,0.23 € + 0.32 €/kWh
2026-10-08T02:01:18Z,STR-E-R1PI-A,0.23 € + 0.32 €/kWh
2026-10-08T02:01:18Z,STR-E-R1PI-B,0.23 € + 0.32 €/kWh
2026-10-08T02:01:18Z,STR-E-R2LK-A,0.23 € + 0.32 €/kWh
2026-10-08T02:01:18Z,STR-E-R2LK-B,0.23 € + 0.32 €/kWh
2026-10-08T02:01:18Z,STR-E-R8PQ-A,0 € + 0.31 €/kWh
2026-10-08T02:01:18Z,STR-E-S6VR-A,0 € + 0.31 €/kWh
2026-10-08T02:01:18Z,STR-E-S7YR-A,0.23 € + 0.32 €/kWh
2026-10-08T02:01:18Z,STR-E-S7YR-B,0.23 € + 0.32 €/kWh
2026-10-08T02:01:18Z,STR-E-SGC2-A,0 € + 0.31 €/kWh
2026-10-08T02:01:18Z,STR-E-SQX8-A,0.08 € + 0.26 €/kWh
2026-10-08T02:01:18Z,STR-E-SQX8-B,0.08 € + 0.26 €/kWh
2026-10-08T02:01:18Z,STR-E-SVR3-A,0.23 € + 0.32 €/kWh
2026-10-08T02:01:18Z,STR-E-SVR3-B,0.23 € + 0.32 €/kWh
2026-10-08T02:01:18Z,STR-E-TX67-A,0.34 €/kWh
2026-10-08T02:01:18Z,STR-E-TX67-B,0.34 €/kWh
2026-10-08T02:01:18Z,STR-E-U41O-A,0 € + 0.31 €/kWh
2026-10-08T02:01:18Z,STR-E-UPAQ-A,0.31 €/kWh
2026-10-08T02:01:18Z,STR-E-UPAQ-B,0.31 €/kWh
2026-10-08T02:01:18Z,STR-E-UPOS-A,0.08 € + 0.26 €/kWh
2026-10-08T02:01:18Z,STR-E-UPOS-B,0.08 € + 0.26 €/kWh
2026-10-08T02:01:18Z,STR-E-VJBJ-A,0 € + 0.31 €/kWh
2026-10-08T02:01:18Z,STR-E-VQ06-A,0 € + 0.31 €/kWh
2026-10-08T02:01:18Z,STR-E-VSDJ-A,0.34 €/kWh
2026-10-08T02:01:18Z,STR-E-VSDJ-B,0.34 €/kWh
2026-10-08T02:01:18Z,STR-E-VX2O-A,0 € + 0.31 €/kWh
2026-10-08T02:01:18Z,STR-E-WEE3-A,0.23 € + 0.32 €/kWh
2026-10-08T02:01:18Z,STR-E-WEE3-B,0.23 € + 0.32 €/kWh
2026-10-08T02:01:18Z,STR-E-WHZ1-A,0 € + 0.31 €/kWh
2026-10-08T02:01:18Z,STR-E-WLGM-A,0 € + 0.31 €/kWh
2026-10-08T02:01:18Z,STR-E-WTQ5-A,0.32 €/kWh
2026-10-08T02:01:18Z,STR-E-WYFE-A,0.32 €/kWh
2026-10-08T02:01:18Z,STR-E-WYFE-B,0.32 €/kWh
2026-10-08T02:01:18Z,STR-E-WYYC-A,0.23 € + 0.32 €/kWh
2026-10-08T02:01:18Z,STR-E-WYYC-B,0.23 € + 0.32 €/kWh
2026-10-08T02:01:18Z,STR-E-X54O-A,0 € + 0.31 €/kWh
2026-10-08T02:01:18Z,STR-E-XCMJ-A,0.08 € + 0.26 €/kWh
2026-10-08T02:01:18Z,STR-E-XCMJ-B,0.08 € + 0.26 €/kWh
2026-10-08T02:01:18Z,STR-E-XG69-A,0.08 € + 0.26 €/kWh
2026-10-08T02:01:18Z,STR-E-XG69-B,0.08 € + 0.26 €/kWh
2026-10-08T02:01:18Z,STR-E-XH51-A,0 € + 0.31 €/kWh
2026-10-08T02:01:18Z,STR-E-XKW2-A,0.23 € + 0.32 €/kWh
2026-10-08T02:01:18Z,STR-E-XKW2-B,0.23 € + 0.32 €/kWh
2026-10-08T02:01:18Z,STR-E-XRV8-A,0 € + 0.31 €/kWh
2026-10-08T02:01:18Z,STR-E-Y7JK-A,0 € + 0.31 €/kWh
2026-10-08T02:01:18Z,STR-E-Y82E-A,0 € + 0.31 €/kWh
2026-10-08T02:01:18Z,STR-E-Z2PJ-A,0.08 € + 0.26 €/kWh
2026-10-08T02:01:18Z,STR-E-Z2PJ-B,0.08 € + 0.26 €/kWh
2026-10-08T02:01:18Z,STR-E-ZEP7-A,0 € + 0.31 €/kWh
2026-10-08T02:01:18Z,STR-E-ZIAZ-A,0 € + 0.31 €/kWh
2026-10-08T02:01:18Z,STR-E-ZK9W-A,0 € + 0.31 €/kWh
2026-10-08T02:01:18Z,STR-E-ZS00-A,0.23 € + 0.32 €/kWh
2026-10-08T02:01:18Z,STR-E-ZS00-B,0.23 € + 0.32 €/kWh
2026-10-08T02:01:18Z,STR-E-ZWU5-A,0.08 € + 0.26 €/kWh
2026-10-08T02:01:18Z,STR-E-ZWU5-B,0.08 € + 0.26 €/kWh
2026-10-08T02:16:26Z,STR-E-027B-A,0.23 € + 0.31 €/kWh
2026-10-08T02:16:26Z,STR-E-027B-B,0.23 € + 0.31 €/kWh
2026-10-08T02:16:26Z,STR-E-051F-A,0.08 € + 0.25 €/kWh
2026-10-08T02:16:26Z,STR-E-10G9-A,0.08 € + 0.25 €/kWh
2026-10-08T02:16:26Z,STR-E-10G9-B,0.08 € + 0.25 €/kWh
2026-10-08T02:16:26Z,STR-E-1ME5-A,0.08 € + 0.25 €/kWh
2026-10-08T02:16:26Z,STR-E-1ME5-B,0.08 € + 0.25 €/kWh
2026-10-08T02:16:26Z,STR-E-1MHB-A,0.49 €/kWh
2026-10-08T02:16:26Z,STR-E-21O1-A,0.31 €/kWh
2026-10-08T02:16:26Z,STR-E-21O1-B,0.31 €/kWh
2026-10-08T02:16:26Z,STR-E-3468-A,0.31 €/kWh
2026-10-08T02:16:26Z,STR-E-3468-B,0.31 €/kWh
2026-10-08T02:16:26Z,STR-E-3ENA-A,0.31 €/kWh
2026-10-08T02:16:26Z,STR-E-3ENA-B,0.31 €/kWh
2026-10-08T02:16:26Z,STR-E-3ENA-C,0.31 €/kWh
2026-10-08T02:16:26Z,STR-E-3FMF-A,0.23 € + 0.31 €/kWh
2026-10-08T02:16:26Z,STR-E-3FMF-B,0.23 € + 0.31 €/kWh
2026-10-08T02:16:26Z,STR-E-3SXI-A,0.31 €/kWh
2026-10-08T02:16:26Z,STR-E-3SXI-B,0.31 €/kWh
2026-10-08T02:16:26Z,STR-E-3YH3-A,0.08 € + 0.25 €/kWh
2026-10-08T02:16:26Z,STR-E-3YH3-B,0.08 € + 0.25 €/kWh
2026-10-08T02:16:26Z,STR-E-4156-A,0.36 €/kWh
2026-10-08T02:16:26Z,STR-E-4156-B,0.36 €/kWh
2026-10-08T02:16:26Z,STR-E-491A-A,0.3 €/kWh
2026-10-08T02:16:26Z,STR-E-491A-B,0.3 €/kWh
2026-10-08T02:16:26Z,STR-E-491A-C,0.3 €/kWh
2026-10-08T02:16:26Z,STR-E-4DE6-A,0.3 €/kWh
2026-10-08T02:16:26Z,STR-E-4DE6-B,0.3 €/kWh
2026-10-08T02:16:26Z,STR-E-4KWM-A,0.39 €/kWh
2026-10-08T02:16:26Z,STR-E-4KWM-B,0.39 €/kWh
2026-10-08T02:16:26Z,STR-E-54PK-A,0.08 € + 0.25 €/kWh
2026-10-08T02:16:26Z,STR-E-54PK-B,0.08 € + 0.25 €/kWh
2026-10-08T02:16:26Z,STR-E-59TF-A,0.08 € + 0.25 €/kWh
2026-10-08T02:16:26Z,STR-E-6UZQ-A,0.31 €/kWh
2026-10-08T02:16:26Z,STR-E-6UZQ-B,0.31 €/kWh
2026-10-08T02:16:26Z,STR-E-7A48-A,0.08 € + 0.25 €/kWh
2026-10-08T02:16:26Z,STR-E-7Z8G-A,0.39 €/kWh
2026-10-08T02:16:26Z,STR-E-7Z8G-B,0.39 €/kWh
2026-10-08T02:16:26Z,STR-E-92KW-A,0.23 € + 0.31 €/kWh
2026-10-08T02:16:26Z,STR-E-AF2O-A,0.08 € + 0.25 €/kWh
2026-10-08T02:16:26Z,STR-E-ANJ0-A,0.23 € + 0.31 €/kWh
2026-10-08T02:16:26Z,STR-E-ANJ0-B,0.23 € + 0.31 €/kWh
2026-10-08T02:16:26Z,STR-E-AP96-A,0.23 € + 0.31 €/kWh
2026-10-08T02:16:26Z,STR-E-AP96-B,0.23 € + 0.31 €/kWh
2026-10-08T02:16:26Z,STR-E-AWF1-A,0.08 € + 0.25 €/kWh
2026-10-08T02:16:26Z,STR-E-AWF1-B,0.08 € + 0.25 €/kWh
2026-10-08T02:16:26Z,STR-E-BIKW-A,0.23 € + 0.31 €/kWh
2026-10-08T02:16:26Z,STR-E-BIKW-B,0.23 € + 0.31 €/kWh
2026-10-08T02:16:26Z,STR-E-D3MB-A,0.23 € + 0.31 €/kWh
2026-10-08T02:16:26Z,STR-E-D3MB-B,0.23 € + 0.31 €/kWh
2026-10-08T02:16:26Z,STR-E-DBCC-A,0.08 € + 0.25 €/kWh
2026-10-08T02:16:26Z,STR-E-DBCC-B,0.08 € + 0.25 €/kWh
2026-10-08T02:16:26Z,STR-E-E0DZ-A,0.31 €/kWh
2026-10-08T02:16:26Z,STR-E-E0DZ-B,0.31 €/kWh
2026-10-08T02:16:26Z,STR-E-ELFQ-A,0.23 € + 0.31 €/kWh
2026-10-08T02:16:26Z,STR-E-ELFQ-B,0.23 € + 0.31 €/kWh
2026-10-08T02:16:26Z,STR-E-F2G0-A,0.08 € + 0.25 €/kWh
2026-10-08T02:16:26Z,STR-E-F2G0-B,0.08 € + 0.25 €/kWh
2026-10-08T02:16:26Z,STR-E-F79A-A,0.23 € + 0.31 €/kWh
2026-10-08T02:16:26Z,STR-E-F79A-B,0.23 € + 0.31 €/kWh
2026-10-08T02:16:26Z,STR-E-FUE8-A,0.08 € + 0.25 €/kWh
2026-10-08T02:16:26Z,STR-E-FUE8-B,0.08 € + 0.25 €/kWh
2026-10-08T02:16:26Z,STR-E-GE77-A,0.39 €/kWh
2026-10-08T02:16:26Z,STR-E-GE77-B,0.39 €/kWh
2026-10-08T02:16:26Z,STR-E-IGH5-A,0.23 € + 0.31 €/kWh
2026-10-08T02:16:26Z,STR-E-IGH5-B,0.23 € + 0.31 €/kWh
2026-10-08T02:16:26Z,STR-E-IIKL-A,0.08 € + 0.25 €/kWh
2026-10-08T02:16:26Z,STR-E-IIKL-B,0.08 € + 0.25 €/kWh
2026-10-08T02:16:26Z,STR-E-JG90-A,0.21 €/kWh + 0.3 €
2026-10-08T02:16:26Z,STR-E-JG90-B,0.21 €/kWh + 0.3 €
2026-10-08T02:16:26Z,STR-E-K73C-A,0.23 € + 0.31 €/kWh
2026-10-08T02:16:26Z,STR-E-K73C-B,0.23 € + 0.31 €/kWh
2026-10-08T02:16:26Z,STR-E-KUKS-A,0.08 € + 0.25 €/kWh
2026-10-08T02:16:26Z,STR-E-KUKS-B,0.08 € + 0.25 €/kWh
2026-10-08T02:16:26Z,STR-E-LREY-A,0.49 €/kWh
2026-10-08T02:16:26Z,STR-E-MIP3-A,0.3 €/kWh
2026-10-08T02:16:26Z,STR-E-MIP3-B,0.3 €/kWh
2026-10-08T02:16:26Z,STR-E-NCKT-A,0.08 € + 0.25 €/kWh
2026-10-08T02:16:26Z,STR-E-NCKT-B,0.08 € + 0.25 €/kWh
2026-10-08T02:16:26Z,STR-E-O5YW-A,0.08 € + 0.25 €/kWh
2026-10-08T02:16:26Z,STR-E-O5YW-B,0.08 € + 0.25 €/kWh
2026-10-08T02:16:26Z,STR-E-ODBK-A,0.39 €/kWh
2026-10-08T02:16:26Z,STR-E-ODBK-B,0.39 €/kWh
2026-10-08T02:16:26Z,STR-E-OJ3E-A,0.23 € + 0.31 €/kWh
2026-10-08T02:16:26Z,STR-E-OJ3E-B,0.23 € + 0.31 €/kWh
2026-10-08T02:16:26Z,STR-E-P7AF-A,0.08 € + 0.25 €/kWh
2026-10-08T02:16:26Z,STR-E-P7AF-B,0.08 € + 0.25 €/kWh
2026-10-08T02:16:26Z,STR-E-PJCQ-A,0.08 € + 0.25 €/kWh
2026-10-08T02:16:26Z,STR-E-PJCQ-B,0.08 € + 0.25 €/kWh
2026-10-08T02:16:26Z,STR-E-PM3P-A,0.23 € + 0.31 €/kWh
2026-10-08T02:16:26Z,STR-E-PM3P-B,0.23 € + 0.31 €/kWh
2026-10-08T02:16:26Z,STR-E-Q5YF-A,0.23 € + 0.31 €/kWh
2026-10-08T02:16:26Z,STR-E-Q5YF-B,0.23 € + 0.31 €/kWh
2026-10-08T02:16:26Z,STR-E-Q7LB-A,0.23 € + 0.31 €/kWh
2026-10-08T02:16:26Z,STR-E-Q7LB-B,0.23 € + 0.31 €/kWh
2026-10-08T02:16:26Z,STR-E-QE1X-A,0.08 € + 0.25 €/kWh
2026-10-08T02:16:26Z,STR-E-QE1X-B,0.08 € + 0.25 €/kWh
2026-10-08T02:16:26Z,STR-E-QLC9-A,0.3 €/kWh
2026-10-08T02:16:26Z,STR-E-QLC9-B,0.3 €/kWh
2026-10-08T02:16:26Z,STR-E-R1MT-A,0.23 € + 0.31 €/kWh
2026-10-08T02:16:26Z,STR-E-R1MT-B,0.23 € + 0.31 €/kWh
2026-10-08T02:16:26Z,STR-E-R1PI-A,0.23 € + 0.31 €/kWh
2026-10-08T02:16:26Z,STR-E-R1PI-B,0.23 € + 0.31 €/kWh
2026-10-08T02:16:26Z,STR-E-R2LK-A,0.23 € + 0.31 €/kWh
2026-10-08T02:16:26Z,STR-E-R2LK-B,0.23 € + 0.31 €/kWh
2026-10-08T02:16:26Z,STR-E-S7YR-A,0.23 € + 0.31 €/kWh
2026-10-08T02:16:26Z,STR-E-S7YR-B,0.23 € + 0.31 €/kWh
2026-10-08T02:16:26Z,STR-E-SQX8-A,0.08 € + 0.25 €/kWh
2026-10-08T02:16:26Z,STR-E-SQX8-B,0.08 € + 0.25 €/kWh
2026-10-08T02:16:26Z,STR-E-SVR3-A,0.23 € + 0.31 €/kWh
2026-10-08T02:16:26Z,STR-E-SVR3-B,0.23 € + 0.31 €/kWh
2026-10-08T02:16:26Z,STR-E-UPAQ-A,0.3 €/kWh
2026-10-08T02:16:26Z,STR-E-UPAQ-B,0.3 €/kWh
2026-10-08T02:16:26Z,STR-E-UPOS-A,0.08 € + 0.25 €/kWh
2026-10-08T02:16:26Z,STR-E-UPOS-B,0.08 € + 0.25 €/kWh
2026-10-08T02:16:26Z,STR-E-WEE3-A,0.23 € + 0.31 €/kWh
2026-10-08T02:16:26Z,STR-E-WEE3-B,0.23 € + 0.31 €/kWh
2026-10-08T02:16:26Z,STR-E-WTQ5-A,0.31 €/kWh
2026-10-08T02:16:26Z,STR-E-WYFE-A,0.31 €/kWh
2026-10-08T02:16:26Z,STR-E-WYFE-B,0.31 €/kWh
2026-10-08T02:16:26Z,STR-E-WYYC-A,0.23 € + 0.31 €/kWh
2026-10-08T02:16:26Z,STR-E-WYYC-B,0.23 € + 0.31 €/kWh
2026-10-08T02:16:26Z,STR-E-XCMJ-A,0.08 € + 0.25 €/kWh
2026-10-08T02:16:26Z,STR-E-XCMJ-B,0.08 € + 0.25 €/kWh
2026-10-08T02:16:26Z,STR-E-XG69-A,0.08 € + 0.25 €/kWh
2026-10-08T02:16:26Z,STR-E-XG69-B,0.08 € + 0.25 €/kWh
2026-10-08T02:16:26Z,STR-E-XKW2-A,0.23 € + 0.31 €/kWh
2026-10-08T02:16:26Z,STR-E-XKW2-B,0.23 € + 0.31 €/kWh
2026-10-08T02:16:26Z,STR-E-Z2PJ-A,0.08 € + 0.25 €/kWh
2026-10-08T02:16:26Z,STR-E-Z2PJ-B,0.08 € + 0.25 €/kWh
2026-10-08T02:16:26Z,STR-E-ZS00-A,0.23 € + 0.31 €/kWh
2026-10-08T02:16:26Z,STR-E-ZS00-B,0.23 € + 0.31 €/kWh
2026-10-08T02:16:26Z,STR-E-ZWU5-A,0.08 € + 0.25 €/kWh
2026-10-08T02:16:26Z,STR-E-ZWU5-B,0.08 € + 0.25 €/kWh
2026-10-08T02:32:26Z,STR-E-027B-A,0.23 € + 0.32 €/kWh
2026-10-08T02:32:26Z,STR-E-027B-B,0.23 € + 0.32 €/kWh
2026-10-08T02:32:26Z,STR-E-051F-A,0.08 € + 0.26 €/kWh
2026-10-08T02:32:26Z,STR-E-10G9-A,0.08 € + 0.26 €/kWh
2026-10-08T02:32:26Z,STR-E-10G9-B,0.08 € + 0.26 €/kWh
2026-10-08T02:32:26Z,STR-E-1ME5-A,0.08 € + 0.26 €/kWh
2026-10-08T02:32:26Z,STR-E-1ME5-B,0.08 € + 0.26 €/kWh
2026-10-08T02:32:26Z,STR-E-1MHB-A,0.5 €/kWh
2026-10-08T02:32:26Z,STR-E-21O1-A,0.32 €/kWh
2026-10-08T02:32:26Z,STR-E-21O1-B,0.32 €/kWh
2026-10-08T02:32:26Z,STR-E-3468-A,0.32 €/kWh
2026-10-08T02:32:26Z,STR-E-3468-B,0.32 €/kWh
2026-10-08T02:32:26Z,STR-E-3ENA-A,0.32 €/kWh
2026-10-08T02:32:26Z,STR-E-3ENA-B,0.32 €/kWh
2026-10-08T02:32:26Z,STR-E-3ENA-C,0.32 €/kWh
2026-10-08T02:32:26Z,STR-E-3FMF-A,0.23 € + 0.32 €/kWh
2026-10-08T02:32:26Z,STR-E-3FMF-B,0.23 € + 0.32 €/kWh
2026-10-08T02:32:26Z,STR-E-3SXI-A,0.32 €/kWh
2026-10-08T02:32:26Z,STR-E-3SXI-B,0.32 €/kWh
2026-10-08T02:32:26Z,STR-E-3YH3-A,0.08 € + 0.26 €/kWh
2026-10-08T02:32:26Z,STR-E-3YH3-B,0.08 € + 0.26 €/kWh
2026-10-08T02:32:26Z,STR-E-4156-A,0.37 €/kWh
2026-10-08T02:32:26Z,STR-E-4156-B,0.37 €/kWh
2026-10-08T02:32:26Z,STR-E-491A-A,0.31 €/kWh
2026-10-08T02:32:26Z,STR-E-491A-B,0.31 €/kWh
2026-10-08T02:32:26Z,STR-E-491A-C,0.31 €/kWh
2026-10-08T02:32:26Z,STR-E-4DE6-A,0.31 €/kWh
2026-10-08T02:32:26Z,STR-E-4DE6-B,0.31 €/kWh
2026-10-08T02:32:26Z,STR-E-4KWM-A,0.4 €/kWh
2026-10-08T02:32:26Z,STR-E-4KWM-B,0.4 €/kWh
2026-10-08T02:32:26Z,STR-E-54PK-A,0.08 € + 0.26 €/kWh
2026-10-08T02:32:26Z,STR-E-54PK-B,0.08 € + 0.26 €/kWh
2026-10-08T02:32:26Z,STR-E-59TF-A,0.08 € + 0.26 €/kWh
2026-10-08T02:32:26Z,STR-E-6UZQ-A,0.32 €/kWh
2026-10-08T02:32:26Z,STR-E-6UZQ-B,0.32 €/kWh
2026-10-08T02:32:26Z,STR-E-7A48-A,0.08 € + 0.26 €/kWh
2026-10-08T02:32:26Z,STR-E-7Z8G-A,0.4 €/kWh
2026-10-08T02:32:26Z,STR-E-7Z8G-B,0.4 €/kWh
2026-10-08T02:32:26Z,STR-E-92KW-A,0.23 € + 0.32 €/kWh
2026-10-08T02:32:26Z,STR-E-AF2O-A,0.08 € + 0.26 €/kWh
2026-10-08T02:32:26Z,STR-E-ANJ0-A,0.23 € + 0.32 €/kWh
2026-10-08T02:32:26Z,STR-E-ANJ0-B,0.23 € + 0.32 €/kWh
2026-10-08T02:32:26Z,STR-E-AP96-A,0.23 € + 0.32 €/kWh
2026-10-08T02:32:26Z,STR-E-AP96-B,0.23 € + 0.32 €/kWh
2026-10-08T02:32:26Z,STR-E-AWF1-A,0.08 € + 0.26 €/kWh
2026-10-08T02:32:26Z,STR-E-AWF1-B,0.08 € + 0.26 €/kWh
2026-10-08T02:32:26Z,STR-E-BIKW-A,0.23 € + 0.32 €/kWh
2026-10-08T02:32:26Z,STR-E-BIKW-B,0.23 € + 0.32 €/kWh
2026-10-08T02:32:26Z,STR-E-D3MB-A,0.23 € + 0.32 €/kWh
2026-10-08T02:32:26Z,STR-E-D3MB-B,0.23 € + 0.32 €/kWh
2026-10-08T02:32:26Z,STR-E-DBCC-A,0.08 € + 0.26 €/kWh
2026-10-08T02:32:26Z,STR-E-DBCC-B,0.08 € + 0.26 €/kWh
2026-10-08T02:32:26Z,STR-E-E0DZ-A,0.32 €/kWh
2026-10-08T02:32:26Z,STR-E-E0DZ-B,0.32 €/kWh
2026-10-08T02:32:26Z,STR-E-ELFQ-A,0.23 € + 0.32 €/kWh
2026-10-08T02:32:26Z,STR-E-ELFQ-B,0.23 € + 0.32 €/kWh
2026-10-08T02:32:26Z,STR-E-F2G0-A,0.08 € + 0.26 €/kWh
2026-10-08T02:32:26Z,STR-E-F2G0-B,0.08 € + 0.26 €/kWh
2026-10-08T02:32:26Z,STR-E-F79A-A,0.23 € + 0.32 €/kWh
2026-10-08T02:32:26Z,STR-E-F79A-B,0.23 € + 0.32 €/kWh
2026-10-08T02:32:26Z,STR-E-FUE8-A,0.08 € + 0.26 €/kWh
2026-10-08T02:32:26Z,STR-E-FUE8-B,0.08 € + 0.26 €/kWh
2026-10-08T02:32:26Z,STR-E-GE77-A,0.4 €/kWh
2026-10-08T02:32:26Z,STR-E-GE77-B,0.4 €/kWh
2026-10-08T02:32:26Z,STR-E-IGH5-A,0.23 € + 0.32 €/kWh
2026-10-08T02:32:26Z,STR-E-IGH5-B,0.23 € + 0.32 €/kWh
2026-10-08T02:32:26Z,STR-E-IIKL-A,0.08 € + 0.26 €/kWh
2026-10-08T02:32:26Z,STR-E-IIKL-B,0.08 € + 0.26 €/kWh
2026-10-08T02:32:26Z,STR-E-JG90-A,0.22 €/kWh + 0.3 €
2026-10-08T02:32:26Z,STR-E-JG90-B,0.22 €/kWh + 0.3 €
2026-10-08T02:32:26Z,STR-E-K73C-A,0.23 € + 0.32 €/kWh
2026-10-08T02:32:26Z,STR-E-K73C-B,0.23 € + 0.32 €/kWh
2026-10-08T02:32:26Z,STR-E-KUKS-A,0.08 € + 0.26 €/kWh
2026-10-08T02:32:26Z,STR-E-KUKS-B,0.08 € + 0.26 €/kWh
2026-10-08T02:32:26Z,STR-E-LREY-A,0.5 €/kWh
2026-10-08T02:32:26Z,STR-E-MIP3-A,0.31 €/kWh
2026-10-08T02:32:26Z,STR-E-MIP3-B,0.31 €/kWh
2026-10-08T02:32:26Z,STR-E-NCKT-A,0.08 € + 0.26 €/kWh
2026-10-08T02:32:26Z,STR-E-NCKT-B,0.08 € + 0.26 €/kWh
2026-10-08T02:32:26Z,STR-E-O5YW-A,0.08 € + 0.26 €/kWh
2026-10-08T02:32:26Z,STR-E-O5YW-B,0.08 € + 0.26 €/kWh
2026-10-08T02:32:26Z,STR-E-ODBK-A,0.4 €/kWh
2026-10-08T02:32:26Z,STR-E-ODBK-B,0.4 €/kWh
2026-10-08T02:32:26Z,STR-E-OJ3E-A,0.23 € + 0.32 €/kWh
2026-10-08T02:32:26Z,STR-E-OJ3E-B,0.23 € + 0.32 €/kWh
2026-10-08T02:32:26Z,STR-E-P7AF-A,0.08 € + 0.26 €/kWh
2026-10-08T02:32:26Z,STR-E-P7AF-B,0.08 € + 0.26 €/kWh
2026-10-08T02:32:26Z,STR-E-PJCQ-A,0.08 € + 0.26 €/kWh
2026-10-08T02:32:26Z,STR-E-PJCQ-B,0.08 € + 0.26 €/kWh
2026-10-08T02:32:26Z,STR-E-PM3P-A,0.23 € + 0.32 €/kWh
2026-10-08T02:32:26Z,STR-E-PM3P-B,0.23 € + 0.32 €/kWh
2026-10-08T02:32:26Z,STR-E-Q5YF-A,0.23 € + 0.32 €/kWh
2026-10-08T02:32:26Z,STR-E-Q5YF-B,0.23 € + 0.32 €/kWh
2026-10-08T02:32:26Z,STR-E-Q7LB-A,0.23 € + 0.32 €/kWh
2026-10-08T02:32:26Z,STR-E-Q7LB-B,0.23 € + 0.32 €/kWh
2026-10-08T02:32:26Z,STR-E-QE1X-A,0.08 € + 0.26 €/kWh
2026-10-08T02:32:26Z,STR-E-QE1X-B,0.08 € + 0.26 €/kWh
2026-10-08T02:32:26Z,STR-E-QLC9-A,0.31 €/kWh
2026-10-08T02:32:26Z,STR-E-QLC9-B,0.31 €/kWh
2026-10-08T02:32:26Z,STR-E-R1MT-A,0.23 € + 0.32 €/kWh
2026-10-08T02:32:26Z,STR-E-R1MT-B,0.23 € + 0.32 €/kWh
2026-10-08T02:32:26Z,STR-E-R1PI-A,0.23 € + 0.32 €/kWh
2026-10-08T02:32:26Z,STR-E-R1PI-B,0.23 € + 0.32 €/kWh
2026-10-08T02:32:26Z,STR-E-R2LK-A,0.23 € + 0.32 €/kWh
2026-10-08T02:32:26Z,STR-E-R2LK-B,0.23 € + 0.32 €/kWh
2026-10-08T02:32:26Z,STR-E-S7YR-A,0.23 € + 0.32 €/kWh
2026-10-08T02:32:26Z,STR-E-S7YR-B,0.23 € + 0.32 €/kWh
2026-10-08T02:32:26Z,STR-E-SQX8-A,0.08 € + 0.26 €/kWh
2026-10-08T02:32:26Z,STR-E-SQX8-B,0.08 € + 0.26 €/kWh
2026-10-08T02:32:26Z,STR-E-SVR3-A,0.23 € + 0.32 €/kWh
2026-10-08T02:32:26Z,STR-E-SVR3-B,0.23 € + 0.32 €/kWh
2026-10-08T02:32:26Z,STR-E-UPAQ-A,0.31 €/kWh
2026-10-08T02:32:26Z,STR-E-UPAQ-B,0.31 €/kWh
2026-10-08T02:32:26Z,STR-E-UPOS-A,0.08 € + 0.26 €/kWh
2026-10-08T02:32:26Z,STR-E-UPOS-B,0.08 € + 0.26 €/kWh
2026-10-08T02:32:26Z,STR-E-WEE3-A,0.23 € + 0.32 €/kWh
2026-10-08T02:32:26Z,STR-E-WEE3-B,0.23 € + 0.32 €/kWh
2026-10-08T02:32:26Z,STR-E-WTQ5-A,0.32 €/kWh
2026-10-08T02:32:26Z,STR-E-WYFE-A,0.32 €/kWh
2026-10-08T02:32:26Z,STR-E-WYFE-B,0.32 €/kWh
2026-10-08T02:32:26Z,STR-E-WYYC-A,0.23 € + 0.32 €/kWh
2026-10-08T02:32:26Z,STR-E-WYYC-B,0.23 € + 0.32 €/kWh
2026-10-08T02:32:26Z,STR-E-XCMJ-A,0.08 € + 0.26 €/kWh
2026-10-08T02:32:26Z,STR-E-XCMJ-B,0.08 € + 0.26 €/kWh
2026-10-08T02:32:26Z,STR-E-XG69-A,0.08 € + 0.26 €/kWh
2026-10-08T02:32:26Z,STR-E-XG69-B,0.08 € + 0.26 €/kWh
2026-10-08T02:32:26Z,STR-E-XKW2-A,0.23 € + 0.32 €/kWh
2026-10-08T02:32:26Z,STR-E-XKW2-B,0.23 € + 0.32 €/kWh
2026-10-08T02:32:26Z,STR-E-Z2PJ-A,0.08 € + 0.26 €/kWh
2026-10-08T02:32:26Z,STR-E-Z2PJ-B,0.08 € + 0.26 €/kWh
2026-10-08T02:32:26Z,STR-E-ZS00-A,0.23 € + 0.32 €/kWh
2026-10-08T02:32:26Z,STR-E-ZS00-B,0.23 € + 0.32 €/kWh
2026-10-08T02:32:26Z,STR-E-ZWU5-A,0.08 € + 0.26 €/kWh
2026-10-08T02:32:26Z,STR-E-ZWU5-B,0.08 € + 0.26 €/kWh
2026-10-08T02:46:24Z,STR-E-027B-A,0.23 € + 0.31 €/kWh
2026-10-08T02:46:24Z,STR-E-027B-B,0.23 € + 0.31 €/kWh
2026-10-08T02:46:24Z,STR-E-051F-A,0.08 € + 0.25 €/kWh
2026-10-08T02:46:24Z,STR-E-10G9-A,0.08 € + 0.25 €/kWh
2026-10-08T02:46:24Z,STR-E-10G9-B,0.08 € + 0.25 €/kWh
2026-10-08T02:46:24Z,STR-E-1ME5-A,0.08 € + 0.25 €/kWh
2026-10-08T02:46:24Z,STR-E-1ME5-B,0.08 € + 0.25 €/kWh
2026-10-08T02:46:24Z,STR-E-1MHB-A,0.49 €/kWh
2026-10-08T02:46:24Z,STR-E-21O1-A,0.31 €/kWh
2026-10-08T02:46:24Z,STR-E-21O1-B,0.31 €/kWh
2026-10-08T02:46:24Z,STR-E-3468-A,0.31 €/kWh
2026-10-08T02:46:24Z,STR-E-3468-B,0.31 €/kWh
2026-10-08T02:46:24Z,STR-E-3ENA-A,0.31 €/kWh
2026-10-08T02:46:24Z,STR-E-3ENA-B,0.31 €/kWh
2026-10-08T02:46:24Z,STR-E-3ENA-C,0.31 €/kWh
2026-10-08T02:46:24Z,STR-E-3FMF-A,0.23 € + 0.31 €/kWh
2026-10-08T02:46:24Z,STR-E-3FMF-B,0.23 € + 0.31 €/kWh
2026-10-08T02:46:24Z,STR-E-3SXI-A,0.31 €/kWh
2026-10-08T02:46:24Z,STR-E-3SXI-B,0.31 €/kWh
2026-10-08T02:46:24Z,STR-E-3YH3-A,0.08 € + 0.25 €/kWh
2026-10-08T02:46:24Z,STR-E-3YH3-B,0.08 € + 0.25 €/kWh
2026-10-08T02:46:24Z,STR-E-4156-A,0.36 €/kWh
2026-10-08T02:46:24Z,STR-E-4156-B,0.36 €/kWh
2026-10-08T02:46:24Z,STR-E-491A-A,0.3 €/kWh
2026-10-08T02:46:24Z,STR-E-491A-B,0.3 €/kWh
2026-10-08T02:46:24Z,STR-E-491A-C,0.3 €/kWh
2026-10-08T02:46:24Z,STR-E-4DE6-A,0.3 €/kWh
2026-10-08T02:46:24Z,STR-E-4DE6-B,0.3 €/kWh
2026-10-08T02:46:24Z,STR-E-4KWM-A,0.39 €/kWh
2026-10-08T02:46:24Z,STR-E-4KWM-B,0.39 €/kWh
2026-10-08T02:46:24Z,STR-E-54PK-A,0.08 € + 0.25 €/kWh
2026-10-08T02:46:24Z,STR-E-54PK-B,0.08 € + 0.25 €/kWh
2026-10-08T02:46:24Z,STR-E-59TF-A,0.08 € + 0.25 €/kWh
2026-10-08T02:46:24Z,STR-E-6UZQ-A,0.31 €/kWh
2026-10-08T02:46:24Z,STR-E-6UZQ-B,0.31 €/kWh
2026-10-08T02:46:24Z,STR-E-7A48-A,0.08 € + 0.25 €/kWh
2026-10-08T02:46:24Z,STR-E-7Z8G-A,0.39 €/kWh
2026-10-08T02:46:24Z,STR-E-7Z8G-B,0.39 €/kWh
2026-10-08T02:46:24Z,STR-E-92KW-A,0.23 € + 0.31 €/kWh
2026-10-08T02:46:24Z,STR-E-AF2O-A,0.08 € + 0.25 €/kWh
2026-10-08T02:46:24Z,STR-E-ANJ0-A,0.23 € + 0.31 €/kWh
2026-10-08T02:46:24Z,STR-E-ANJ0-B,0.23 € + 0.31 €/kWh
2026-10-08T02:46:24Z,STR-E-AP96-A,0.23 € + 0.31 €/kWh
2026-10-08T02:46:24Z,STR-E-AP96-B,0.23 € + 0.31 €/kWh
2026-10-08T02:46:24Z,STR-E-AWF1-A,0.08 € + 0.25 €/kWh
2026-10-08T02:46:24Z,STR-E-AWF1-B,0.08 € + 0.25 €/kWh
2026-10-08T02:46:24Z,STR-E-BIKW-A,0.23 € + 0.31 €/kWh
2026-10-08T02:46:24Z,STR-E-BIKW-B,0.23 € + 0.31 €/kWh
2026-10-08T02:46:24Z,STR-E-D3MB-A,0.23 € + 0.31 €/kWh
2026-10-08T02:46:24Z,STR-E-D3MB-B,0.23 € + 0.31 €/kWh
2026-10-08T02:46:24Z,STR-E-DBCC-A,0.08 € + 0.25 €/kWh
2026-10-08T02:46:24Z,STR-E-DBCC-B,0.08 € + 0.25 €/kWh
2026-10-08T02:46:24Z,STR-E-E0DZ-A,0.31 €/kWh
2026-10-08T02:46:24Z,STR-E-E0DZ-B,0.31 €/kWh
2026-10-08T02:46:24Z,STR-E-ELFQ-A,0.23 € + 0.31 €/kWh
2026-10-08T02:46:24Z,STR-E-ELFQ-B,0.23 € + 0.31 €/kWh
2026-10-08T02:46:24Z,STR-E-F2G0-A,0.08 € + 0.25 €/kWh
2026-10-08T02:46:24Z,STR-E-F2G0-B,0.08 € + 0.25 €/kWh
2026-10-08T02:46:24Z,STR-E-F79A-A,0.23 € + 0.31 €/kWh
2026-10-08T02:46:24Z,STR-E-F79A-B,0.23 € + 0.31 €/kWh
2026-10-08T02:46:24Z,STR-E-FUE8-A,0.08 € + 0.25 €/kWh
2026-10-08T02:46:24Z,STR-E-FUE8-B,0.08 € + 0.25 €/kWh
2026-10-08T02:46:24Z,STR-E-GE77-A,0.39 €/kWh
2026-10-08T02:46:24Z,STR-E-GE77-B,0.39 €/kWh
2026-10-08T02:46:24Z,STR-E-IGH5-A,0.23 € + 0.31 €/kWh
2026-10-08T02:46:24Z,STR-E-IGH5-B,0.23 € + 0.31 €/kWh
2026-10-08T02:46:24Z,STR-E-IIKL-A,0.08 € + 0.25 €/kWh
2026-10-08T02:46:24Z,STR-E-IIKL-B,0.08 € + 0.25 €/kWh
2026-10-08T02:46:24Z,STR-E-JG90-A,0.21 €/kWh + 0.3 €
2026-10-08T02:46:24Z,STR-E-JG90-B,0.21 €/kWh + 0.3 €
2026-10-08T02:46:24Z,STR-E-K73C-A,0.23 € + 0.31 €/kWh
2026-10-08T02:46:24Z,STR-E-K73C-B,0.23 € + 0.31 €/kWh
2026-10-08T02:46:24Z,STR-E-KUKS-A,0.08 € + 0.25 €/kWh
2026-10-08T02:46:24Z,STR-E-KUKS-B,0.08 € + 0.25 €/kWh
2026-10-08T02:46:24Z,STR-E-LREY-A,0.49 €/kWh
2026-10-08T02:46:24Z,STR-E-MIP3-A,0.3 €/kWh
2026-10-08T02:46:24Z,STR-E-MIP3-B,0.3 €/kWh
2026-10-08T02:46:24Z,STR-E-NCKT-A,0.08 € + 0.25 €/kWh
2026-10-08T02:46:24Z,STR-E-NCKT-B,0.08 € + 0.25 €/kWh
2026-10-08T02:46:24Z,STR-E-O5YW-A,0.08 € + 0.25 €/kWh
2026-10-08T02:46:24Z,STR-E-O5YW-B,0.08 € + 0.25 €/kWh
2026-10-08T02:46:24Z,STR-E-ODBK-A,0.39 €/kWh
2026-10-08T02:46:24Z,STR-E-ODBK-B,0.39 €/kWh
2026-10-08T02:46:24Z,STR-E-OJ3E-A,0.23 € + 0.31 €/kWh
2026-10-08T02:46:24Z,STR-E-OJ3E-B,0.23 € + 0.31 €/kWh
2026-10-08T02:46:24Z,STR-E-P7AF-A,0.08 € + 0.25 €/kWh
2026-10-08T02:46:24Z,STR-E-P7AF-B,0.08 € + 0.25 €/kWh
2026-10-08T02:46:24Z,STR-E-PJCQ-A,0.08 € + 0.25 €/kWh
2026-10-08T02:46:24Z,STR-E-PJCQ-B,0.08 € + 0.25 €/kWh
2026-10-08T02:46:24Z,STR-E-PM3P-A,0.23 € + 0.31 €/kWh
2026-10-08T02:46:24Z,STR-E-PM3P-B,0.23 € + 0.31 €/kWh
2026-10-08T02:46:24Z,STR-E-Q5YF-A,0.23 € + 0.31 €/kWh
2026-10-08T02:46:24Z,STR-E-Q5YF-B,0.23 € + 0.31 €/kWh
2026-10-08T02:46:24Z,STR-E-Q7LB-A,0.23 € + 0.31 €/kWh
2026-10-08T02:46:24Z,STR-E-Q7LB-B,0.23 € + 0.31 €/kWh
2026-10-08T02:46:24Z,STR-E-QE1X-A,0.08 € + 0.25 €/kWh
2026-10-08T02:46:24Z,STR-E-QE1X-B,0.08 € + 0.25 €/kWh
2026-10-08T02:46:24Z,STR-E-QLC9-A,0.3 €/kWh
2026-10-08T02:46:24Z,STR-E-QLC9-B,0.3 €/kWh
2026-10-08T02:46:24Z,STR-E-R1MT-A,0.23 € + 0.31 €/kWh
2026-10-08T02:46:24Z,STR-E-R1MT-B,0.23 € + 0.31 €/kWh
2026-10-08T02:46:24Z,STR-E-R1PI-A,0.23 € + 0.31 €/kWh
2026-10-08T02:46:24Z,STR-E-R1PI-B,0.23 € + 0.31 €/kWh
2026-10-08T02:46:24Z,STR-E-R2LK-A,0.23 € + 0.31 €/kWh
2026-10-08T02:46:24Z,STR-E-R2LK-B,0.23 € + 0.31 €/kWh
2026-10-08T02:46:24Z,STR-E-S7YR-A,0.23 € + 0.31 €/kWh
2026-10-08T02:46:24Z,STR-E-S7YR-B,0.23 € + 0.31 €/kWh
2026-10-08T02:46:24Z,STR-E-SQX8-A,0.08 € + 0.25 €/kWh
2026-10-08T02:46:24Z,STR-E-SQX8-B,0.08 € + 0.25 €/kWh
2026-10-08T02:46:24Z,STR-E-SVR3-A,0.23 € + 0.31 €/kWh
2026-10-08T02:46:24Z,STR-E-SVR3-B,0.23 € + 0.31 €/kWh
2026-10-08T02:46:24Z,STR-E-UPAQ-A,0.3 €/kWh
2026-10-08T02:46:24Z,STR-E-UPAQ-B,0.3 €/kWh
2026-10-08T02:46:24Z,STR-E-UPOS-A,0.08 € + 0.25 €/kWh
2026-10-08T02:46:24Z,STR-E-UPOS-B,0.08 € + 0.25 €/kWh
2026-10-08T02:46:24Z,STR-E-WEE3-A,0.23 € + 0.31 €/kWh
2026-10-08T02:46:24Z,STR-E-WEE3-B,0.23 € + 0.31 €/kWh
2026-10-08T02:46:24Z,STR-E-WTQ5-A,0.31 €/kWh
2026-10-08T02:46:24Z,STR-E-WYFE-A,0.31 €/kWh
2026-10-08T02:46:24Z,STR-E-WYFE-B,0.31 €/kWh
2026-10-08T02:46:24Z,STR-E-WYYC-A,0.23 € + 0.31 €/kWh
2026-10-08T02:46:24Z,STR-E-WYYC-B,0.23 € + 0.31 €/kWh
2026-10-08T02:46:24Z,STR-E-XCMJ-A,0.08 € + 0.25 €/kWh
2026-10-08T02:46:24Z,STR-E-XCMJ-B,0.08 € + 0.25 €/kWh
2026-10-08T02:46:24Z,STR-E-XG69-A,0.08 € + 0.25 €/kWh
2026-10-08T02:46:24Z,STR-E-XG69-B,0.08 € + 0.25 €/kWh
2026-10-08T02:46:24Z,STR-E-XKW2-A,0.23 € + 0.31 €/kWh
2026-10-08T02:46:24Z,STR-E-XKW2-B,0.23 € + 0.31 €/kWh
2026-10-08T02:46:24Z,STR-E-Z2PJ-A,0.08 € + 0.25 €/kWh
2026-10-08T02:46:24Z,STR-E-Z2PJ-B,0.08 € + 0.25 €/kWh
2026-10-08T02:46:24Z,STR-E-ZS00-A,0.23 € + 0.31 €/kWh
2026-10-08T02:46:24Z,STR-E-ZS00-B,0.23 € + 0.31 €/kWh
2026-10-08T02:46:24Z,STR-E-ZWU5-A,0.08 € + 0.25 €/kWh
2026-10-08T02:46:24Z,STR-E-ZWU5-B,0.08 € + 0.25 €/kWh
2026-10-08T03:02:26Z,STR-E-027B-A,0.23 € + 0.32 €/kWh
2026-10-08T03:02:26Z,STR-E-027B-B,0.23 € + 0.32 €/kWh
2026-10-08T03:02:26Z,STR-E-051F-A,0.08 € + 0.26 €/kWh
2026-10-08T03:02:26Z,STR-E-10G9-A,0.08 € + 0.26 €/kWh
2026-10-08T03:02:26Z,STR-E-10G9-B,0.08 € + 0.26 €/kWh
2026-10-08T03:02:26Z,STR-E-1ME5-A,0.08 € + 0.26 €/kWh
2026-10-08T03:02:26Z,STR-E-1ME5-B,0.08 € + 0.26 €/kWh
2026-10-08T03:02:26Z,STR-E-1MHB-A,0.5 €/kWh
2026-10-08T03:02:26Z,STR-E-21O1-A,0.32 €/kWh
2026-10-08T03:02:26Z,STR-E-21O1-B,0.32 €/kWh
2026-10-08T03:02:26Z,STR-E-3468-A,0.32 €/kWh
2026-10-08T03:02:26Z,STR-E-3468-B,0.32 €/kWh
2026-10-08T03:02:26Z,STR-E-3ENA-A,0.32 €/kWh
2026-10-08T03:02:26Z,STR-E-3ENA-B,0.32 €/kWh
2026-10-08T03:02:26Z,STR-E-3ENA-C,0.32 €/kWh
2026-10-08T03:02:26Z,STR-E-3FMF-A,0.23 € + 0.32 €/kWh
2026-10-08T03:02:26Z,STR-E-3FMF-B,0.23 € + 0.32 €/kWh
2026-10-08T03:02:26Z,STR-E-3SXI-A,0.32 €/kWh
2026-10-08T03:02:26Z,STR-E-3SXI-B,0.32 €/kWh
2026-10-08T03:02:26Z,STR-E-3YH3-A,0.08 € + 0.26 €/kWh
2026-10-08T03:02:26Z,STR-E-3YH3-B,0.08 € + 0.26 €/kWh
2026-10-08T03:02:26Z,STR-E-4156-A,0.37 €/kWh
2026-10-08T03:02:26Z,STR-E-4156-B,0.37 €/kWh
2026-10-08T03:02:26Z,STR-E-491A-A,0.31 €/kWh
2026-10-08T03:02:26Z,STR-E-491A-B,0.31 €/kWh
2026-10-08T03:02:26Z,STR-E-491A-C,0.31 €/kWh
2026-10-08T03:02:26Z,STR-E-4DE6-A,0.31 €/kWh
2026-10-08T03:02:26Z,STR-E-4DE6-B,0.31 €/kWh
2026-10-08T03:02:26Z,STR-E-4KWM-A,0.4 €/kWh
2026-10-08T03:02:26Z,STR-E-4KWM-B,0.4 €/kWh
2026-10-08T03:02:26Z,STR-E-54PK-A,0.08 € + 0.26 €/kWh
2026-10-08T03:02:26Z,STR-E-54PK-B,0.08 € + 0.26 €/kWh
2026-10-08T03:02:26Z,STR-E-59TF-A,0.08 € + 0.26 €/kWh
2026-10-08T03:02:26Z,STR-E-6UZQ-A,0.32 €/kWh
2026-10-08T03:02:26Z,STR-E-6UZQ-B,0.32 €/kWh
2026-10-08T03:02:26Z,STR-E-7A48-A,0.08 € + 0.26 €/kWh
2026-10-08T03:02:26Z,STR-E-7Z8G-A,0.4 €/kWh
2026-10-08T03:02:26Z,STR-E-7Z8G-B,0.4 €/kWh
2026-10-08T03:02:26Z,STR-E-92KW-A,0.23 € + 0.32 €/kWh
2026-10-08T03:02:26Z,STR-E-AF2O-A,0.08 € + 0.26 €/kWh
2026-10-08T03:02:26Z,STR-E-ANJ0-A,0.23 € + 0.32 €/kWh
2026-10-08T03:02:26Z,STR-E-ANJ0-B,0.23 € + 0.32 €/kWh
2026-10-08T03:02:26Z,STR-E-AP96-A,0.23 € + 0.32 €/kWh
2026-10-08T03:02:26Z,STR-E-AP96-B,0.23 € + 0.32 €/kWh
2026-10-08T03:02:26Z,STR-E-AWF1-A,0.08 € + 0.26 €/kWh
2026-10-08T03:02:26Z,STR-E-AWF1-B,0.08 € + 0.26 €/kWh
2026-10-08T03:02:26Z,STR-E-BIKW-A,0.23 € + 0.32 €/kWh
2026-10-08T03:02:26Z,STR-E-BIKW-B,0.23 € + 0.32 €/kWh
2026-10-08T03:02:26Z,STR-E-D3MB-A,0.23 € + 0.32 €/kWh
2026-10-08T03:02:26Z,STR-E-D3MB-B,0.23 € + 0.32 €/kWh
2026-10-08T03:02:26Z,STR-E-DBCC-A,0.08 € + 0.26 €/kWh
2026-10-08T03:02:26Z,STR-E-DBCC-B,0.08 € + 0.26 €/kWh
2026-10-08T03:02:26Z,STR-E-E0DZ-A,0.32 €/kWh
2026-10-08T03:02:26Z,STR-E-E0DZ-B,0.32 €/kWh
2026-10-08T03:02:26Z,STR-E-ELFQ-A,0.23 € + 0.32 €/kWh
2026-10-08T03:02:26Z,STR-E-ELFQ-B,0.23 € + 0.32 €/kWh
2026-10-08T03:02:26Z,STR-E-F2G0-A,0.08 € + 0.26 €/kWh
2026-10-08T03:02:26Z,STR-E-F2G0-B,0.08 € + 0.26 €/kWh
2026-10-08T03:02:26Z,STR-E-F79A-A,0.23 € + 0.32 €/kWh
2026-10-08T03:02:26Z,STR-E-F79A-B,0.23 € + 0.32 €/kWh
2026-10-08T03:02:26Z,STR-E-FUE8-A,0.08 € + 0.26 €/kWh
2026-10-08T03:02:26Z,STR-E-FUE8-B,0.08 € + 0.26 €/kWh
2026-10-08T03:02:26Z,STR-E-GE77-A,0.4 €/kWh
2026-10-08T03:02:26Z,STR-E-GE77-B,0.4 €/kWh
2026-10-08T03:02:26Z,STR-E-IGH5-A,0.23 € + 0.32 €/kWh
2026-10-08T03:02:26Z,STR-E-IGH5-B,0.23 € + 0.32 €/kWh
2026-10-08T03:02:26Z,STR-E-IIKL-A,0.08 € + 0.26 €/kWh
2026-10-08T03:02:26Z,STR-E-IIKL-B,0.08 € + 0.26 €/kWh
2026-10-08T03:02:26Z,STR-E-JG90-A,0.22 €/kWh + 0.3 €
2026-10-08T03:02:26Z,STR-E-JG90-B,0.22 €/kWh + 0.3 €
2026-10-08T03:02:26Z,STR-E-K73C-A,0.23 € + 0.32 €/kWh
2026-10-08T03:02:26Z,STR-E-K73C-B,0.23 € + 0.32 €/kWh
2026-10-08T03:02:26Z,STR-E-KUKS-A,0.08 € + 0.26 €/kWh
2026-10-08T03:02:26Z,STR-E-KUKS-B,0.08 € + 0.26 €/kWh
2026-10-08T03:02:26Z,STR-E-LREY-A,0.5 €/kWh
2026-10-08T03:02:26Z,STR-E-MIP3-A,0.31 €/kWh
2026-10-08T03:02:26Z,STR-E-MIP3-B,0.31 €/kWh
2026-10-08T03:02:26Z,STR-E-NCKT-A,0.08 € + 0.26 €/kWh
2026-10-08T03:02:26Z,STR-E-NCKT-B,0.08 € + 0.26 €/kWh
2026-10-08T03:02:26Z,STR-E-O5YW-A,0.08 € + 0.26 €/kWh
2026-10-08T03:02:26Z,STR-E-O5YW-B,0.08 € + 0.26 €/kWh
2026-10-08T03:02:26Z,STR-E-ODBK-A,0.4 €/kWh
2026-10-08T03:02:26Z,STR-E-ODBK-B,0.4 €/kWh
2026-10-08T03:02:26Z,STR-E-OJ3E-A,0.23 € + 0.32 €/kWh
2026-10-08T03:02:26Z,STR-E-OJ3E-B,0.23 € + 0.32 €/kWh
2026-10-08T03:02:26Z,STR-E-P7AF-A,0.08 € + 0.26 €/kWh
2026-10-08T03:02:26Z,STR-E-P7AF-B,0.08 € + 0.26 €/kWh
2026-10-08T03:02:26Z,STR-E-PJCQ-A,0.08 € + 0.26 €/kWh
2026-10-08T03:02:26Z,STR-E-PJCQ-B,0.08 € + 0.26 €/kWh
2026-10-08T03:02:26Z,STR-E-PM3P-A,0.23 € + 0.32 €/kWh
2026-10-08T03:02:26Z,STR-E-PM3P-B,0.23 € + 0.32 €/kWh
2026-10-08T03:02:26Z,STR-E-Q5YF-A,0.23 € + 0.32 €/kWh
2026-10-08T03:02:26Z,STR-E-Q5YF-B,0.23 € + 0.32 €/kWh
2026-10-08T03:02:26Z,STR-E-Q7LB-A,0.23 € + 0.32 €/kWh
2026-10-08T03:02:26Z,STR-E-Q7LB-B,0.23 € + 0.32 €/kWh
2026-10-08T03:02:26Z,STR-E-QE1X-A,0.08 € + 0.26 €/kWh
2026-10-08T03:02:26Z,STR-E-QE1X-B,0.08 € + 0.26 €/kWh
2026-10-08T03:02:26Z,STR-E-QLC9-A,0.31 €/kWh
2026-10-08T03:02:26Z,STR-E-QLC9-B,0.31 €/kWh
2026-10-08T03:02:26Z,STR-E-R1MT-A,0.23 € + 0.32 €/kWh
2026-10-08T03:02:26Z,STR-E-R1MT-B,0.23 € + 0.32 €/kWh
2026-10-08T03:02:26Z,STR-E-R1PI-A,0.23 € + 0.32 €/kWh
2026-10-08T03:02:26Z,STR-E-R1PI-B,0.23 € + 0.32 €/kWh
2026-10-08T03:02:26Z,STR-E-R2LK-A,0.23 € + 0.32 €/kWh
2026-10-08T03:02:26Z,STR-E-R2LK-B,0.23 € + 0.32 €/kWh
2026-10-08T03:02:26Z,STR-E-S7YR-A,0.23 € + 0.32 €/kWh
2026-10-08T03:02:26Z,STR-E-S7YR-B,0.23 € + 0.32 €/kWh
2026-10-08T03:02:26Z,STR-E-SQX8-A,0.08 € + 0.26 €/kWh
2026-10-08T03:02:26Z,STR-E-SQX8-B,0.08 € + 0.26 €/kWh
2026-10-08T03:02:26Z,STR-E-SVR3-A,0.23 € + 0.32 €/kWh
2026-10-08T03:02:26Z,STR-E-SVR3-B,0.23 € + 0.32 €/kWh
2026-10-08T03:02:26Z,STR-E-UPAQ-A,0.31 €/kWh
2026-10-08T03:02:26Z,STR-E-UPAQ-B,0.31 €/kWh
2026-10-08T03:02:26Z,STR-E-UPOS-A,0.08 € + 0.26 €/kWh
2026-10-08T03:02:26Z,STR-E-UPOS-B,0.08 € + 0.26 €/kWh
2026-10-08T03:02:26Z,STR-E-WEE3-A,0.23 € + 0.32 €/kWh
2026-10-08T03:02:26Z,STR-E-WEE3-B,0.23 € + 0.32 €/kWh
2026-10-08T03:02:26Z,STR-E-WTQ5-A,0.32 €/kWh
2026-10-08T03:02:26Z,STR-E-WYFE-A,0.32 €/kWh
2026-10-08T03:02:26Z,STR-E-WYFE-B,0.32 €/kWh
2026-10-08T03:02:26Z,STR-E-WYYC-A,0.23 € + 0.32 €/kWh
2026-10-08T03:02:26Z,STR-E-WYYC-B,0.23 € + 0.32 €/kWh
2026-10-08T03:02:26Z,STR-E-XCMJ-A,0.08 € + 0.26 €/kWh
2026-10-08T03:02:26Z,STR-E-XCMJ-B,0.08 € + 0.26 €/kWh
2026-10-08T03:02:26Z,STR-E-XG69-A,0.08 € + 0.26 €/kWh
2026-10-08T03:02:26Z,STR-E-XG69-B,0.08 € + 0.26 €/kWh
2026-10-08T03:02:26Z,STR-E-XKW2-A,0.23 € + 0.32 €/kWh
2026-10-08T03:02:26Z,STR-E-XKW2-B,0.23 € + 0.32 €/kWh
2026-10-08T03:02:26Z,STR-E-Z2PJ-A,0.08 € + 0.26 €/kWh
2026-10-08T03:02:26Z,STR-E-Z2PJ-B,0.08 € + 0.26 €/kWh
2026-10-08T03:02:26Z,STR-E-ZS00-A,0.23 € + 0.32 €/kWh
2026-10-08T03:02:26Z,STR-E-ZS00-B,0.23 € + 0.32 €/kWh
2026-10-08T03:02:26Z,STR-E-ZWU5-A,0.08 € + 0.26 €/kWh
2026-10-08T03:02:26Z,STR-E-ZWU5-B,0.08 € + 0.26 €/kWh
2026-10-08T03:16:24Z,IKR-E-1220-A,0.3 € + 0.41 €/kWh
2026-10-08T03:16:24Z,IKR-E-1871-A,0.3 € + 0.41 €/kWh
2026-10-08T03:16:24Z,IKR-E-2G8J-A,0.3 € + 0.41 €/kWh
2026-10-08T03:16:24Z,IKR-E-3TSR-A,0.3 € + 0.41 €/kWh
2026-10-08T03:16:24Z,IKR-E-5715-A,0.3 € + 0.41 €/kWh
2026-10-08T03:16:24Z,IKR-E-5730-A,0.3 € + 0.47 €/kWh
2026-10-08T03:16:24Z,IKR-E-5CGU-A,0.3 € + 0.41 €/kWh
2026-10-08T03:16:24Z,IKR-E-7718-A,0.3 € + 0.47 €/kWh
2026-10-08T03:16:24Z,IKR-E-DVCM-A,0.3 € + 0.41 €/kWh
2026-10-08T03:16:24Z,IKR-E-E228-A,0.3 € + 0.4 €/kWh
2026-10-08T03:16:24Z,IKR-E-EKZA-A,0.3 € + 0.4 €/kWh
2026-10-08T03:16:24Z,IKR-E-GAY9-A,0.3 € + 0.41 €/kWh
2026-10-08T03:16:24Z,IKR-E-IZW2-A,0.3 € + 0.41 €/kWh
2026-10-08T03:16:24Z,IKR-E-J1JV-A,0.3 € + 0.4 €/kWh
2026-10-08T03:16:24Z,IKR-E-JJAJ-A,0.3 € + 0.41 €/kWh
2026-10-08T03:16:24Z,IKR-E-KMBH-A,0.3 € + 0.41 €/kWh
2026-10-08T03:16:24Z,IKR-E-LJZI-A,0.3 € + 0.41 €/kWh
2026-10-08T03:16:24Z,IKR-E-XIH2-A,0.3 € + 0.41 €/kWh
2026-10-08T03:16:24Z,IKR-P-IV7E-B,0.3 € + 0.41 €/kWh
2026-10-08T03:16:24Z,STR-E-027B-A,0.23 € + 0.31 €/kWh
2026-10-08T03:16:24Z,STR-E-027B-B,0.23 € + 0.31 €/kWh
2026-10-08T03:16:24Z,STR-E-051F-A,0.08 € + 0.25 €/kWh
2026-10-08T03:16:24Z,STR-E-10G9-A,0.08 € + 0.25 €/kWh
2026-10-08T03:16:24Z,STR-E-10G9-B,0.08 € + 0.25 €/kWh
2026-10-08T03:16:24Z,STR-E-1ME5-A,0.08 € + 0.25 €/kWh
2026-10-08T03:16:24Z,STR-E-1ME5-B,0.08 € + 0.25 €/kWh
2026-10-08T03:16:24Z,STR-E-21O1-A,0.31 €/kWh
2026-10-08T03:16:24Z,STR-E-21O1-B,0.31 €/kWh
2026-10-08T03:16:24Z,STR-E-3468-A,0.31 €/kWh
2026-10-08T03:16:24Z,STR-E-3468-B,0.31 €/kWh
2026-10-08T03:16:24Z,STR-E-3ENA-A,0.31 €/kWh
2026-10-08T03:16:24Z,STR-E-3ENA-B,0.31 €/kWh
2026-10-08T03:16:24Z,STR-E-3ENA-C,0.31 €/kWh
2026-10-08T03:16:24Z,STR-E-3FMF-A,0.23 € + 0.31 €/kWh
2026-10-08T03:16:24Z,STR-E-3FMF-B,0.23 € + 0.31 €/kWh
2026-10-08T03:16:24Z,STR-E-3SXI-A,0.31 €/kWh
2026-10-08T03:16:24Z,STR-E-3SXI-B,0.31 €/kWh
2026-10-08T03:16:24Z,STR-E-3YH3-A,0.08 € + 0.25 €/kWh
2026-10-08T03:16:24Z,STR-E-3YH3-B,0.08 € + 0.25 €/kWh
2026-10-08T03:16:24Z,STR-E-4156-A,0.36 €/kWh
2026-10-08T03:16:24Z,STR-E-4156-B,0.36 €/kWh
2026-10-08T03:16:24Z,STR-E-491A-A,0.3 €/kWh
2026-10-08T03:16:24Z,STR-E-491A-B,0.3 €/kWh
2026-10-08T03:16:24Z,STR-E-491A-C,0.3 €/kWh
2026-10-08T03:16:24Z,STR-E-4DE6-A,0.3 €/kWh
2026-10-08T03:16:24Z,STR-E-4DE6-B,0.3 €/kWh
2026-10-08T03:16:24Z,STR-E-54PK-A,0.08 € + 0.25 €/kWh
2026-10-08T03:16:24Z,STR-E-54PK-B,0.08 € + 0.25 €/kWh
2026-10-08T03:16:24Z,STR-E-59TF-A,0.08 € + 0.25 €/kWh
2026-10-08T03:16:24Z,STR-E-6UZQ-A,0.31 €/kWh
2026-10-08T03:16:24Z,STR-E-6UZQ-B,0.31 €/kWh
2026-10-08T03:16:24Z,STR-E-7A48-A,0.08 € + 0.25 €/kWh
2026-10-08T03:16:24Z,STR-E-92KW-A,0.23 € + 0.31 €/kWh
2026-10-08T03:16:24Z,STR-E-AF2O-A,0.08 € + 0.25 €/kWh
2026-10-08T03:16:24Z,STR-E-ANJ0-A,0.23 € + 0.31 €/kWh
2026-10-08T03:16:24Z,STR-E-ANJ0-B,0.23 € + 0.31 €/kWh
2026-10-08T03:16:24Z,STR-E-AP96-A,0.23 € + 0.31 €/kWh
2026-10-08T03:16:24Z,STR-E-AP96-B,0.23 € + 0.31 €/kWh
2026-10-08T03:16:24Z,STR-E-AWF1-A,0.08 € + 0.25 €/kWh
2026-10-08T03:16:24Z,STR-E-AWF1-B,0.08 € + 0.25 €/kWh
2026-10-08T03:16:24Z,STR-E-BIKW-A,0.23 € + 0.31 €/kWh
2026-10-08T03:16:24Z,STR-E-BIKW-B,0.23 € + 0.31 €/kWh
2026-10-08T03:16:24Z,STR-E-D3MB-A,0.23 € + 0.31 €/kWh
2026-10-08T03:16:24Z,STR-E-D3MB-B,0.23 € + 0.31 €/kWh
2026-10-08T03:16:24Z,STR-E-DBCC-A,0.08 € + 0.25 €/kWh
2026-10-08T03:16:24Z,STR-E-DBCC-B,0.08 € + 0.25 €/kWh
2026-10-08T03:16:24Z,STR-E-E0DZ-A,0.31 €/kWh
2026-10-08T03:16:24Z,STR-E-E0DZ-B,0.31 €/kWh
2026-10-08T03:16:24Z,STR-E-ELFQ-A,0.23 € + 0.31 €/kWh
2026-10-08T03:16:24Z,STR-E-ELFQ-B,0.23 € + 0.31 €/kWh
2026-10-08T03:16:24Z,STR-E-F2G0-A,0.08 € + 0.25 €/kWh
2026-10-08T03:16:24Z,STR-E-F2G0-B,0.08 € + 0.25 €/kWh
2026-10-08T03:16:24Z,STR-E-F79A-A,0.23 € + 0.31 €/kWh
2026-10-08T03:16:24Z,STR-E-F79A-B,0.23 € + 0.31 €/kWh
2026-10-08T03:16:24Z,STR-E-FUE8-A,0.08 € + 0.25 €/kWh
2026-10-08T03:16:24Z,STR-E-FUE8-B,0.08 € + 0.25 €/kWh
2026-10-08T03:16:24Z,STR-E-IGH5-A,0.23 € + 0.31 €/kWh
2026-10-08T03:16:24Z,STR-E-IGH5-B,0.23 € + 0.31 €/kWh
2026-10-08T03:16:24Z,STR-E-IIKL-A,0.08 € + 0.25 €/kWh
2026-10-08T03:16:24Z,STR-E-IIKL-B,0.08 € + 0.25 €/kWh
2026-10-08T03:16:24Z,STR-E-K73C-A,0.23 € + 0.31 €/kWh
2026-10-08T03:16:24Z,STR-E-K73C-B,0.23 € + 0.31 €/kWh
2026-10-08T03:16:24Z,STR-E-KUKS-A,0.08 € + 0.25 €/kWh
2026-10-08T03:16:24Z,STR-E-KUKS-B,0.08 € + 0.25 €/kWh
2026-10-08T03:16:24Z,STR-E-MIP3-A,0.3 €/kWh
2026-10-08T03:16:24Z,STR-E-MIP3-B,0.3 €/kWh
2026-10-08T03:16:24Z,STR-E-NCKT-A,0.08 € + 0.25 €/kWh
2026-10-08T03:16:24Z,STR-E-NCKT-B,0.08 € + 0.25 €/kWh
2026-10-08T03:16:24Z,STR-E-O5YW-A,0.08 € + 0.25 €/kWh
2026-10-08T03:16:24Z,STR-E-O5YW-B,0.08 € + 0.25 €/kWh
2026-10-08T03:16:24Z,STR-E-OJ3E-A,0.23 € + 0.31 €/kWh
2026-10-08T03:16:24Z,STR-E-OJ3E-B,0.23 € + 0.31 €/kWh
2026-10-08T03:16:24Z,STR-E-P7AF-A,0.08 € + 0.25 €/kWh
2026-10-08T03:16:24Z,STR-E-P7AF-B,0.08 € + 0.25 €/kWh
2026-10-08T03:16:24Z,STR-E-PJCQ-A,0.08 € + 0.25 €/kWh
2026-10-08T03:16:24Z,STR-E-PJCQ-B,0.08 € + 0.25 €/kWh
2026-10-08T03:16:24Z,STR-E-PM3P-A,0.23 € + 0.31 €/kWh
2026-10-08T03:16:24Z,STR-E-PM3P-B,0.23 € + 0.31 €/kWh
2026-10-08T03:16:24Z,STR-E-Q5YF-A,0.23 € + 0.31 €/kWh
2026-10-08T03:16:24Z,STR-E-Q5YF-B,0.23 € + 0.31 €/kWh
2026-10-08T03:16:24Z,STR-E-Q7LB-A,0.23 € + 0.31 €/kWh
2026-10-08T03:16:24Z,STR-E-Q7LB-B,0.23 € + 0.31 €/kWh
2026-10-08T03:16:24Z,STR-E-QE1X-A,0.08 € + 0.25 €/kWh
2026-10-08T03:16:24Z,STR-E-QE1X-B,0.08 € + 0.25 €/kWh
2026-10-08T03:16:24Z,STR-E-QLC9-A,0.3 €/kWh
2026-10-08T03:16:24Z,STR-E-QLC9-B,0.3 €/kWh
2026-10-08T03:16:24Z,STR-E-R1MT-A,0.23 € + 0.31 €/kWh
2026-10-08T03:16:24Z,STR-E-R1MT-B,0.23 € + 0.31 €/kWh
2026-10-08T03:16:24Z,STR-E-R1PI-A,0.23 € + 0.31 €/kWh
2026-10-08T03:16:24Z,STR-E-R1PI-B,0.23 € + 0.31 €/kWh
2026-10-08T03:16:24Z,STR-E-R2LK-A,0.23 € + 0.31 €/kWh
2026-10-08T03:16:24Z,STR-E-R2LK-B,0.23 € + 0.31 €/kWh
2026-10-08T03:16:24Z,STR-E-S7YR-A,0.23 € + 0.31 €/kWh
2026-10-08T03:16:24Z,STR-E-S7YR-B,0.23 € + 0.31 €/kWh
2026-10-08T03:16:24Z,STR-E-SQX8-A,0.08 € + 0.25 €/kWh
2026-10-08T03:16:24Z,STR-E-SQX8-B,0.08 € + 0.25 €/kWh
2026-10-08T03:16:24Z,STR-E-SVR3-A,0.23 € + 0.31 €/kWh
2026-10-08T03:16:24Z,STR-E-SVR3-B,0.23 € + 0.31 €/kWh
2026-10-08T03:16:24Z,STR-E-UPAQ-A,0.3 €/kWh
2026-10-08T03:16:24Z,STR-E-UPAQ-B,0.3 €/kWh
2026-10-08T03:16:24Z,STR-E-UPOS-A,0.08 € + 0.25 €/kWh
2026-10-08T03:16:24Z,STR-E-UPOS-B,0.08 € + 0.25 €/kWh
2026-10-08T03:16:24Z,STR-E-WEE3-A,0.23 € + 0.31 €/kWh
2026-10-08T03:16:24Z,STR-E-WEE3-B,0.23 € + 0.31 €/kWh
2026-10-08T03:16:24Z,STR-E-WTQ5-A,0.31 €/kWh
2026-10-08T03:16:24Z,STR-E-WYFE-A,0.31 €/kWh
2026-10-08T03:16:24Z,STR-E-WYFE-B,0.31 €/kWh
2026-10-08T03:16:24Z,STR-E-WYYC-A,0.23 € + 0.31 €/kWh
2026-10-08T03:16:24Z,STR-E-WYYC-B,0.23 € + 0.31 €/kWh
2026-10-08T03:16:24Z,STR-E-XCMJ-A,0.08 € + 0.25 €/kWh
2026-10-08T03:16:24Z,STR-E-XCMJ-B,0.08 € + 0.25 €/kWh
2026-10-08T03:16:24Z,STR-E-XG69-A,0.08 € + 0.25 €/kWh
2026-10-08T03:16:24Z,STR-E-XG69-B,0.08 € + 0.25 €/kWh
2026-10-08T03:16:24Z,STR-E-XKW2-A,0.23 € + 0.31 €/kWh
2026-10-08T03:16:24Z,STR-E-XKW2-B,0.23 € + 0.31 €/kWh
2026-10-08T03:16:24Z,STR-E-Z2PJ-A,0.08 € + 0.25 €/kWh
2026-10-08T03:16:24Z,STR-E-Z2PJ-B,0.08 € + 0.25 €/kWh
2026-10-08T03:16:24Z,STR-E-ZS00-A,0.23 € + 0.31 €/kWh
2026-10-08T03:16:24Z,STR-E-ZS00-B,0.23 € + 0.31 €/kWh
2026-10-08T03:16:24Z,STR-E-ZWU5-A,0.08 € + 0.25 €/kWh
2026-10-08T03:16:24Z,STR-E-ZWU5-B,0.08 € + 0.25 €/kWh
2026-10-08T03:32:26Z,IKR-E-1220-A,0.3 € + 0.42 €/kWh
2026-10-08T03:32:26Z,IKR-E-1871-A,0.3 € + 0.42 €/kWh
2026-10-08T03:32:26Z,IKR-E-2G8J-A,0.3 € + 0.42 €/kWh
2026-10-08T03:32:26Z,IKR-E-3TSR-A,0.3 € + 0.42 €/kWh
2026-10-08T03:32:26Z,IKR-E-5715-A,0.3 € + 0.42 €/kWh
2026-10-08T03:32:26Z,IKR-E-5730-A,0.3 € + 0.48 €/kWh
2026-10-08T03:32:26Z,IKR-E-5CGU-A,0.3 € + 0.42 €/kWh
2026-10-08T03:32:26Z,IKR-E-7718-A,0.3 € + 0.48 €/kWh
2026-10-08T03:32:26Z,IKR-E-DVCM-A,0.3 € + 0.42 €/kWh
2026-10-08T03:32:26Z,IKR-E-E228-A,0.3 € + 0.41 €/kWh
2026-10-08T03:32:26Z,IKR-E-EKZA-A,0.3 € + 0.41 €/kWh
2026-10-08T03:32:26Z,IKR-E-GAY9-A,0.3 € + 0.42 €/kWh
2026-10-08T03:32:26Z,IKR-E-IZW2-A,0.3 € + 0.42 €/kWh
2026-10-08T03:32:26Z,IKR-E-J1JV-A,0.3 € + 0.41 €/kWh
2026-10-08T03:32:26Z,IKR-E-JJAJ-A,0.3 € + 0.42 €/kWh
2026-10-08T03:32:26Z,IKR-E-KMBH-A,0.3 € + 0.42 €/kWh
2026-10-08T03:32:26Z,IKR-E-LJZI-A,0.3 € + 0.42 €/kWh
2026-10-08T03:32:26Z,IKR-E-MAU9-A,0.29 € + 0.34 €/kWh
2026-10-08T03:32:26Z,IKR-E-OWF5-A,0.3 € + 0.45 €/kWh
2026-10-08T03:32:26Z,IKR-E-W6HQ-A,0.29 € + 0.34 €/kWh
2026-10-08T03:32:26Z,IKR-E-XIH2-A,0.3 € + 0.42 €/kWh
2026-10-08T03:32:26Z,IKR-P-IV7E-B,0.3 € + 0.42 €/kWh
2026-10-08T03:32:26Z,IKR-P-SCM5-A,0.3 € + 0.45 €/kWh
2026-10-08T03:32:26Z,IKR-P-V9X4-A,0.3 € + 0.45 €/kWh
2026-10-08T03:32:26Z,IKR-P-V9X4-B,0.3 € + 0.45 €/kWh
2026-10-08T03:32:26Z,STR-E-02VO-A,0.33 €/kWh
2026-10-08T03:32:26Z,STR-E-02VO-B,0.33 €/kWh
2026-10-08T03:32:26Z,STR-E-04YS-A,0 € + 0.3 €/kWh
2026-10-08T03:32:26Z,STR-E-1MHB-A,0.49 €/kWh
2026-10-08T03:32:26Z,STR-E-1X30-A,0 € + 0.3 €/kWh
2026-10-08T03:32:26Z,STR-E-2446-A,0 € + 0.3 €/kWh
2026-10-08T03:32:26Z,STR-E-2K1Q-A,0 € + 0.3 €/kWh
2026-10-08T03:32:26Z,STR-E-2XDJ-A,0 € + 0.3 €/kWh
2026-10-08T03:32:26Z,STR-E-3WE5-A,0 € + 0.3 €/kWh
2026-10-08T03:32:26Z,STR-E-4KWM-A,0.39 €/kWh
2026-10-08T03:32:26Z,STR-E-4KWM-B,0.39 €/kWh
2026-10-08T03:32:26Z,STR-E-4YKC-A,0 € + 0.3 €/kWh
2026-10-08T03:32:26Z,STR-E-527U-A,0 € + 0.3 €/kWh
2026-10-08T03:32:26Z,STR-E-55I4-A,0 € + 0.3 €/kWh
2026-10-08T03:32:26Z,STR-E-566J-A,0 € + 0.3 €/kWh
2026-10-08T03:32:26Z,STR-E-6E7W-A,0 € + 0.3 €/kWh
2026-10-08T03:32:26Z,STR-E-6ZTQ-A,0 € + 0.3 €/kWh
2026-10-08T03:32:26Z,STR-E-7438-A,0 € + 0.3 €/kWh
2026-10-08T03:32:26Z,STR-E-7YBN-A,0 € + 0.3 €/kWh
2026-10-08T03:32:26Z,STR-E-7Z8G-A,0.39 €/kWh
2026-10-08T03:32:26Z,STR-E-7Z8G-B,0.39 €/kWh
2026-10-08T03:32:26Z,STR-E-8A02-A,0 € + 0.3 €/kWh
2026-10-08T03:32:26Z,STR-E-8Q9F-A,0 € + 0.3 €/kWh
2026-10-08T03:32:26Z,STR-E-9AH3-A,0 € + 0.3 €/kWh
2026-10-08T03:32:26Z,STR-E-A169-A,0 € + 0.3 €/kWh
2026-10-08T03:32:26Z,STR-E-A27N-A,0.33 €/kWh
2026-10-08T03:32:26Z,STR-E-A27N-B,0.33 €/kWh
2026-10-08T03:32:26Z,STR-E-A27N-C,0.33 €/kWh
2026-10-08T03:32:26Z,STR-E-ADXE-A,0 € + 0.3 €/kWh
2026-10-08T03:32:26Z,STR-E-AMQK-A,0 € + 0.3 €/kWh
2026-10-08T03:32:26Z,STR-E-AUQ2-A,0 € + 0.3 €/kWh
2026-10-08T03:32:26Z,STR-E-AWJ9-A,0.33 €/kWh
2026-10-08T03:32:26Z,STR-E-AWJ9-B,0.33 €/kWh
2026-10-08T03:32:26Z,STR-E-C99Z-A,0 € + 0.3 €/kWh
2026-10-08T03:32:26Z,STR-E-DHEJ-A,0 € + 0.3 €/kWh
2026-10-08T03:32:26Z,STR-E-ECI7-A,0 € + 0.3 €/kWh
2026-10-08T03:32:26Z,STR-E-EFXK-A,0 € + 0.3 €/kWh
2026-10-08T03:32:26Z,STR-E-EPQY-A,0 € + 0.3 €/kWh
2026-10-08T03:32:26Z,STR-E-ER2N-A,0 € + 0.3 €/kWh
2026-10-08T03:32:26Z,STR-E-ES3O-A,0 € + 0.3 €/kWh
2026-10-08T03:32:26Z,STR-E-FKUY-A,0 € + 0.3 €/kWh
2026-10-08T03:32:26Z,STR-E-GE77-A,0.39 €/kWh
2026-10-08T03:32:26Z,STR-E-GE77-B,0.39 €/kWh
2026-10-08T03:32:26Z,STR-E-GFB3-A,0 € + 0.3 €/kWh
2026-10-08T03:32:26Z,STR-E-GK0C-A,0 € + 0.3 €/kWh
2026-10-08T03:32:26Z,STR-E-HHXV-A,0 € + 0.3 €/kWh
2026-10-08T03:32:26Z,STR-E-I1KE-A,0 € + 0.3 €/kWh
2026-10-08T03:32:26Z,STR-E-IAO5-A,0 € + 0.3 €/kWh
2026-10-08T03:32:26Z,STR-E-IPEC-A,0 € + 0.3 €/kWh
2026-10-08T03:32:26Z,STR-E-IV6T-A,0 € + 0.3 €/kWh
2026-10-08T03:32:26Z,STR-E-J54N-A,0 € + 0.3 €/kWh
2026-10-08T03:32:26Z,STR-E-J6DA-A,0 € + 0.3 €/kWh
2026-10-08T03:32:26Z,STR-E-J8VF-A,0 € + 0.3 €/kWh
2026-10-08T03:32:26Z,STR-E-JG90-A,0.21 €/kWh + 0.3 €
2026-10-08T03:32:26Z,STR-E-JG90-B,0.21 €/kWh + 0.3 €
2026-10-08T03:32:26Z,STR-E-JMOR-A,0 € + 0.3 €/kWh
2026-10-08T03:32:26Z,STR-E-K217-A,0 € + 0.3 €/kWh
2026-10-08T03:32:26Z,STR-E-KOHN-A,0 € + 0.3 €/kWh
2026-10-08T03:32:26Z,STR-E-KT5B-A,0 € + 0.3 €/kWh
2026-10-08T03:32:26Z,STR-E-LREY-A,0.49 €/kWh
2026-10-08T03:32:26Z,STR-E-NDU2-A,0 € + 0.3 €/kWh
2026-10-08T03:32:26Z,STR-E-NDZ4-A,0 € + 0.3 €/kWh
2026-10-08T03:32:26Z,STR-E-NFV5-A,0 € + 0.3 €/kWh
2026-10-08T03:32:26Z,STR-E-NSGB-A,0 € + 0.3 €/kWh
2026-10-08T03:32:26Z,STR-E-O5JX-A,0 € + 0.3 €/kWh
2026-10-08T03:32:26Z,STR-E-ODBK-A,0.39 €/kWh
2026-10-08T03:32:26Z,STR-E-ODBK-B,0.39 €/kWh
2026-10-08T03:32:26Z,STR-E-OFWF-A,0 € + 0.3 €/kWh
2026-10-08T03:32:26Z,STR-E-OHH6-A,0 € + 0.3 €/kWh
2026-10-08T03:32:26Z,STR-E-P46N-A,0 € + 0.3 €/kWh
2026-10-08T03:32:26Z,STR-E-R8PQ-A,0 € + 0.3 €/kWh
2026-10-08T03:32:26Z,STR-E-S6VR-A,0 € + 0.3 €/kWh
2026-10-08T03:32:26Z,STR-E-SGC2-A,0 € + 0.3 €/kWh
2026-10-08T03:32:26Z,STR-E-TX67-A,0.33 €/kWh
2026-10-08T03:32:26Z,STR-E-TX67-B,0.33 €/kWh
2026-10-08T03:32:26Z,STR-E-U41O-A,0 € + 0.3 €/kWh
2026-10-08T03:32:26Z,STR-E-VJBJ-A,0 € + 0.3 €/kWh
2026-10-08T03:32:26Z,STR-E-VQ06-A,0 € + 0.3 €/kWh
2026-10-08T03:32:26Z,STR-E-VSDJ-A,0.33 €/kWh
2026-10-08T03:32:26Z,STR-E-VSDJ-B,0.33 €/kWh
2026-10-08T03:32:26Z,STR-E-VX2O-A,0 € + 0.3 €/kWh
2026-10-08T03:32:26Z,STR-E-WHZ1-A,0 € + 0.3 €/kWh
2026-10-08T03:32:26Z,STR-E-WLGM-A,0 € + 0.3 €/kWh
2026-10-08T03:32:26Z,STR-E-X54O-A,0 € + 0.3 €/kWh
2026-10-08T03:32:26Z,STR-E-XH51-A,0 € + 0.3 €/kWh
2026-10-08T03:32:26Z,STR-E-XRV8-A,0 € + 0.3 €/kWh
2026-10-08T03:32:26Z,STR-E-Y7JK-A,0 € + 0.3 €/kWh
2026-10-08T03:32:26Z,STR-E-Y82E-A,0 € + 0.3 €/kWh
2026-10-08T03:32:26Z,STR-E-ZEP7-A,0 € + 0.3 €/kWh
2026-10-08T03:32:26Z,STR-E-ZIAZ-A,0 € + 0.3 €/kWh
2026-10-08T03:32:26Z,STR-E-ZK9W-A,0 € + 0.3 €/kWh
2026-10-08T03:46:26Z,IKR-E-1220-A,0.3 € + 0.44 €/kWh
2026-10-08T03:46:26Z,IKR-E-1871-A,0.3 € + 0.44 €/kWh
2026-10-08T03:46:26Z,IKR-E-2G8J-A,0.3 € + 0.44 €/kWh
2026-10-08T03:46:26Z,IKR-E-3TSR-A,0.3 € + 0.44 €/kWh
2026-10-08T03:46:26Z,IKR-E-5715-A,0.3 € + 0.44 €/kWh
2026-10-08T03:46:26Z,IKR-E-5730-A,0.3 € + 0.5 €/kWh
2026-10-08T03:46:26Z,IKR-E-5CGU-A,0.3 € + 0.44 €/kWh
2026-10-08T03:46:26Z,IKR-E-7718-A,0.3 € + 0.5 €/kWh
2026-10-08T03:46:26Z,IKR-E-DVCM-A,0.3 € + 0.44 €/kWh
2026-10-08T03:46:26Z,IKR-E-E228-A,0.3 € + 0.42 €/kWh
2026-10-08T03:46:26Z,IKR-E-E475-A,0.3 € + 0.45 €/kWh
2026-10-08T03:46:26Z,IKR-E-E544-A,0.3 € + 0.45 €/kWh
2026-10-08T03:46:26Z,IKR-E-EKZA-A,0.3 € + 0.42 €/kWh
2026-10-08T03:46:26Z,IKR-E-GAY9-A,0.3 € + 0.44 €/kWh
2026-10-08T03:46:26Z,IKR-E-IZW2-A,0.3 € + 0.44 €/kWh
2026-10-08T03:46:26Z,IKR-E-J1JV-A,0.3 € + 0.42 €/kWh
2026-10-08T03:46:26Z,IKR-E-JJAJ-A,0.3 € + 0.44 €/kWh
2026-10-08T03:46:26Z,IKR-E-KMBH-A,0.3 € + 0.44 €/kWh
2026-10-08T03:46:26Z,IKR-E-LJZI-A,0.3 € + 0.44 €/kWh
2026-10-08T03:46:26Z,IKR-E-MAU9-A,0.29 € + 0.35 €/kWh
2026-10-08T03:46:26Z,IKR-E-OWF5-A,0.3 € + 0.46 €/kWh
2026-10-08T03:46:26Z,IKR-E-W6HQ-A,0.29 € + 0.35 €/kWh
2026-10-08T03:46:26Z,IKR-E-XIH2-A,0.3 € + 0.44 €/kWh
2026-10-08T03:46:26Z,IKR-E-Y2Z8-A,0.3 € + 0.39 €/kWh
2026-10-08T03:46:26Z,IKR-P-IV7E-B,0.3 € + 0.44 €/kWh
2026-10-08T03:46:26Z,IKR-P-SCM5-A,0.3 € + 0.46 €/kWh
2026-10-08T03:46:26Z,IKR-P-V9X4-A,0.3 € + 0.46 €/kWh
2026-10-08T03:46:26Z,IKR-P-V9X4-B,0.3 € + 0.46 €/kWh
2026-10-08T03:46:26Z,STR-E-02VO-A,0.34 €/kWh
2026-10-08T03:46:26Z,STR-E-02VO-B,0.34 €/kWh
2026-10-08T03:46:26Z,STR-E-04YS-A,0 € + 0.31 €/kWh
2026-10-08T03:46:26Z,STR-E-1MHB-A,0.5 €/kWh
2026-10-08T03:46:26Z,STR-E-1X30-A,0 € + 0.31 €/kWh
2026-10-08T03:46:26Z,STR-E-2446-A,0 € + 0.31 €/kWh
2026-10-08T03:46:26Z,STR-E-2K1Q-A,0 € + 0.31 €/kWh
2026-10-08T03:46:26Z,STR-E-2XDJ-A,0 € + 0.31 €/kWh
2026-10-08T03:46:26Z,STR-E-3WE5-A,0 € + 0.31 €/kWh
2026-10-08T03:46:26Z,STR-E-4KWM-A,0.4 €/kWh
2026-10-08T03:46:26Z,STR-E-4KWM-B,0.4 €/kWh
2026-10-08T03:46:26Z,STR-E-4YKC-A,0 € + 0.31 €/kWh
2026-10-08T03:46:26Z,STR-E-527U-A,0 € + 0.31 €/kWh
2026-10-08T03:46:26Z,STR-E-55I4-A,0 € + 0.31 €/kWh
2026-10-08T03:46:26Z,STR-E-566J-A,0 € + 0.31 €/kWh
2026-10-08T03:46:26Z,STR-E-6E7W-A,0 € + 0.31 €/kWh
2026-10-08T03:46:26Z,STR-E-6ZTQ-A,0 € + 0.31 €/kWh
2026-10-08T03:46:26Z,STR-E-7438-A,0 € + 0.31 €/kWh
2026-10-08T03:46:26Z,STR-E-7YBN-A,0 € + 0.31 €/kWh
2026-10-08T03:46:26Z,STR-E-7Z8G-A,0.4 €/kWh
2026-10-08T03:46:26Z,STR-E-7Z8G-B,0.4 €/kWh
2026-10-08T03:46:26Z,STR-E-8A02-A,0 € + 0.31 €/kWh
2026-10-08T03:46:26Z,STR-E-8Q9F-A,0 € + 0.31 €/kWh
2026-10-08T03:46:26Z,STR-E-9AH3-A,0 € + 0.31 €/kWh
2026-10-08T03:46:26Z,STR-E-A169-A,0 € + 0.31 €/kWh
2026-10-08T03:46:26Z,STR-E-A27N-A,0.34 €/kWh
2026-10-08T03:46:26Z,STR-E-A27N-B,0.34 €/kWh
2026-10-08T03:46:26Z,STR-E-A27N-C,0.34 €/kWh
2026-10-08T03:46:26Z,STR-E-ADXE-A,0 € + 0.31 €/kWh
2026-10-08T03:46:26Z,STR-E-AMQK-A,0 € + 0.31 €/kWh
2026-10-08T03:46:26Z,STR-E-AUQ2-A,0 € + 0.31 €/kWh
2026-10-08T03:46:26Z,STR-E-AWJ9-A,0.34 €/kWh
2026-10-08T03:46:26Z,STR-E-AWJ9-B,0.34 €/kWh
2026-10-08T03:46:26Z,STR-E-C99Z-A,0 € + 0.31 €/kWh
2026-10-08T03:46:26Z,STR-E-DHEJ-A,0 € + 0.31 €/kWh
2026-10-08T03:46:26Z,STR-E-ECI7-A,0 € + 0.31 €/kWh
2026-10-08T03:46:26Z,STR-E-EFXK-A,0 € + 0.31 €/kWh
2026-10-08T03:46:26Z,STR-E-EPQY-A,0 € + 0.31 €/kWh
2026-10-08T03:46:26Z,STR-E-ER2N-A,0 € + 0.31 €/kWh
2026-10-08T03:46:26Z,STR-E-ES3O-A,0 € + 0.31 €/kWh
2026-10-08T03:46:26Z,STR-E-FKUY-A,0 € + 0.31 €/kWh
2026-10-08T03:46:26Z,STR-E-GE77-A,0.4 €/kWh
2026-10-08T03:46:26Z,STR-E-GE77-B,0.4 €/kWh
2026-10-08T03:46:26Z,STR-E-GFB3-A,0 € + 0.31 €/kWh
2026-10-08T03:46:26Z,STR-E-GK0C-A,0 € + 0.31 €/kWh
2026-10-08T03:46:26Z,STR-E-HHXV-A,0 € + 0.31 €/kWh
2026-10-08T03:46:26Z,STR-E-I1KE-A,0 € + 0.31 €/kWh
2026-10-08T03:46:26Z,STR-E-IAO5-A,0 € + 0.31 €/kWh
2026-10-08T03:46:26Z,STR-E-IPEC-A,0 € + 0.31 €/kWh
2026-10-08T03:46:26Z,STR-E-IV6T-A,0 € + 0.31 €/kWh
2026-10-08T03:46:26Z,STR-E-J54N-A,0 € + 0.31 €/kWh
2026-10-08T03:46:26Z,STR-E-J6DA-A,0 € + 0.31 €/kWh
2026-10-08T03:46:26Z,STR-E-J8VF-A,0 € + 0.31 €/kWh
2026-10-08T03:46:26Z,STR-E-JG90-A,0.22 €/kWh + 0.3 €
2026-10-08T03:46:26Z,STR-E-JG90-B,0.22 €/kWh + 0.3 €
2026-10-08T03:46:26Z,STR-E-JMOR-A,0 € + 0.31 €/kWh
2026-10-08T03:46:26Z,STR-E-K217-A,0 € + 0.31 €/kWh
2026-10-08T03:46:26Z,STR-E-KOHN-A,0 € + 0.31 €/kWh
2026-10-08T03:46:26Z,STR-E-KT5B-A,0 € + 0.31 €/kWh
2026-10-08T03:46:26Z,STR-E-LREY-A,0.5 €/kWh
2026-10-08T03:46:26Z,STR-E-NDU2-A,0 € + 0.31 €/kWh
2026-10-08T03:46:26Z,STR-E-NDZ4-A,0 € + 0.31 €/kWh
2026-10-08T03:46:26Z,STR-E-NFV5-A,0 € + 0.31 €/kWh
2026-10-08T03:46:26Z,STR-E-NSGB-A,0 € + 0.31 €/kWh
2026-10-08T03:46:26Z,STR-E-O5JX-A,0 € + 0.31 €/kWh
2026-10-08T03:46:26Z,STR-E-ODBK-A,0.4 €/kWh
2026-10-08T03:46:26Z,STR-E-ODBK-B,0.4 €/kWh
2026-10-08T03:46:26Z,STR-E-OFWF-A,0 € + 0.31 €/kWh
2026-10-08T03:46:26Z,STR-E-OHH6-A,0 € + 0.31 €/kWh
2026-10-08T03:46:26Z,STR-E-P46N-A,0 € + 0.31 €/kWh
2026-10-08T03:46:26Z,STR-E-R8PQ-A,0 € + 0.31 €/kWh
2026-10-08T03:46:26Z,STR-E-S6VR-A,0 € + 0.31 €/kWh
2026-10-08T03:46:26Z,STR-E-SGC2-A,0 € + 0.31 €/kWh
2026-10-08T03:46:26Z,STR-E-TX67-A,0.34 €/kWh
2026-10-08T03:46:26Z,STR-E-TX67-B,0.34 €/kWh
2026-10-08T03:46:26Z,STR-E-U41O-A,0 € + 0.31 €/kWh
2026-10-08T03:46:26Z,STR-E-VJBJ-A,0 € + 0.31 €/kWh
2026-10-08T03:46:26Z,STR-E-VQ06-A,0 € + 0.31 €/kWh
2026-10-08T03:46:26Z,STR-E-VSDJ-A,0.34 €/kWh
2026-10-08T03:46:26Z,STR-E-VSDJ-B,0.34 €/kWh
2026-10-08T03:46:26Z,STR-E-VX2O-A,0 € + 0.31 €/kWh
2026-10-08T03:46:26Z,STR-E-WHZ1-A,0 € + 0.31 €/kWh
2026-10-08T03:46:26Z,STR-E-WLGM-A,0 € + 0.31 €/kWh
2026-10-08T03:46:26Z,STR-E-X54O-A,0 € + 0.31 €/kWh
2026-10-08T03:46:26Z,STR-E-XH51-A,0 € + 0.31 €/kWh
2026-10-08T03:46:26Z,STR-E-XRV8-A,0 € + 0.31 €/kWh
2026-10-08T03:46:26Z,STR-E-Y7JK-A,0 € + 0.31 €/kWh
2026-10-08T03:46:26Z,STR-E-Y82E-A,0 € + 0.31 €/kWh
2026-10-08T03:46:26Z,STR-E-ZEP7-A,0 € + 0.31 €/kWh
2026-10-08T03:46:26Z,STR-E-ZIAZ-A,0 € + 0.31 €/kWh
2026-10-08T03:46:26Z,STR-E-ZK9W-A,0 € + 0.31 €/kWh
2026-10-08T04:01:51Z,IKR-E-1220-A,0.3 € + 0.46 €/kWh
2026-10-08T04:01:51Z,IKR-E-1871-A,0.3 € + 0.46 €/kWh
2026-10-08T04:01:51Z,IKR-E-2G8J-A,0.3 € + 0.46 €/kWh
2026-10-08T04:01:51Z,IKR-E-3TSR-A,0.3 € + 0.46 €/kWh
2026-10-08T04:01:51Z,IKR-E-5715-A,0.3 € + 0.46 €/kWh
2026-10-08T04:01:51Z,IKR-E-5730-A,0.3 € + 0.52 €/kWh
2026-10-08T04:01:51Z,IKR-E-5CGU-A,0.3 € + 0.46 €/kWh
2026-10-08T04:01:51Z,IKR-E-7718-A,0.3 € + 0.52 €/kWh
2026-10-08T04:01:51Z,IKR-E-DVCM-A,0.3 € + 0.46 €/kWh
2026-10-08T04:01:51Z,IKR-E-E228-A,0.3 € + 0.44 €/kWh
2026-10-08T04:01:51Z,IKR-E-E475-A,0.3 € + 0.46 €/kWh
2026-10-08T04:01:51Z,IKR-E-E544-A,0.3 € + 0.46 €/kWh
2026-10-08T04:01:51Z,IKR-E-EKZA-A,0.3 € + 0.44 €/kWh
2026-10-08T04:01:51Z,IKR-E-GAY9-A,0.3 € + 0.46 €/kWh
2026-10-08T04:01:51Z,IKR-E-IZW2-A,0.3 € + 0.46 €/kWh
2026-10-08T04:01:51Z,IKR-E-J1JV-A,0.3 € + 0.44 €/kWh
2026-10-08T04:01:51Z,IKR-E-JJAJ-A,0.3 € + 0.46 €/kWh
2026-10-08T04:01:51Z,IKR-E-KMBH-A,0.3 € + 0.46 €/kWh
2026-10-08T04:01:51Z,IKR-E-LJZI-A,0.3 € + 0.46 €/kWh
2026-10-08T04:01:51Z,IKR-E-MAU9-A,0.29 € + 0.38 €/kWh
2026-10-08T04:01:51Z,IKR-E-OWF5-A,0.3 € + 0.48 €/kWh
2026-10-08T04:01:51Z,IKR-E-W6HQ-A,0.29 € + 0.38 €/kWh
2026-10-08T04:01:51Z,IKR-E-XIH2-A,0.3 € + 0.46 €/kWh
2026-10-08T04:01:51Z,IKR-E-Y2Z8-A,0.3 € + 0.4 €/kWh
2026-10-08T04:01:51Z,IKR-P-1S0V-A,0.3 € + 1.8 €/val. parkavimo mokestis + 0.38 €/kWh
2026-10-08T04:01:51Z,IKR-P-IV7E-B,0.3 € + 0.46 €/kWh
2026-10-08T04:01:51Z,IKR-P-NUIE-A,0.3 € + 1.8 €/val. parkavimo mokestis + 0.38 €/kWh
2026-10-08T04:01:51Z,IKR-P-SCM5-A,0.3 € + 0.48 €/kWh
2026-10-08T04:01:51Z,IKR-P-V9X4-A,0.3 € + 0.48 €/kWh
2026-10-08T04:01:51Z,IKR-P-V9X4-B,0.3 € + 0.48 €/kWh
2026-10-08T04:01:51Z,STR-E-027B-A,0.23 € + 0.32 €/kWh
2026-10-08T04:01:51Z,STR-E-027B-B,0.23 € + 0.32 €/kWh
2026-10-08T04:01:51Z,STR-E-051F-A,0.08 € + 0.26 €/kWh
2026-10-08T04:01:51Z,STR-E-10G9-A,0.08 € + 0.26 €/kWh
2026-10-08T04:01:51Z,STR-E-10G9-B,0.08 € + 0.26 €/kWh
2026-10-08T04:01:51Z,STR-E-1ME5-A,0.08 € + 0.26 €/kWh
2026-10-08T04:01:51Z,STR-E-1ME5-B,0.08 € + 0.26 €/kWh
2026-10-08T04:01:51Z,STR-E-21O1-A,0.32 €/kWh
2026-10-08T04:01:51Z,STR-E-21O1-B,0.32 €/kWh
2026-10-08T04:01:51Z,STR-E-3468-A,0.32 €/kWh
2026-10-08T04:01:51Z,STR-E-3468-B,0.32 €/kWh
2026-10-08T04:01:51Z,STR-E-3ENA-A,0.32 €/kWh
2026-10-08T04:01:51Z,STR-E-3ENA-B,0.32 €/kWh
2026-10-08T04:01:51Z,STR-E-3ENA-C,0.32 €/kWh
2026-10-08T04:01:51Z,STR-E-3FMF-A,0.23 € + 0.32 €/kWh
2026-10-08T04:01:51Z,STR-E-3FMF-B,0.23 € + 0.32 €/kWh
2026-10-08T04:01:51Z,STR-E-3SXI-A,0.32 €/kWh
2026-10-08T04:01:51Z,STR-E-3SXI-B,0.32 €/kWh
2026-10-08T04:01:51Z,STR-E-3YH3-A,0.08 € + 0.26 €/kWh
2026-10-08T04:01:51Z,STR-E-3YH3-B,0.08 € + 0.26 €/kWh
2026-10-08T04:01:51Z,STR-E-4156-A,0.37 €/kWh
2026-10-08T04:01:51Z,STR-E-4156-B,0.37 €/kWh
2026-10-08T04:01:51Z,STR-E-491A-A,0.31 €/kWh
2026-10-08T04:01:51Z,STR-E-491A-B,0.31 €/kWh
2026-10-08T04:01:51Z,STR-E-491A-C,0.31 €/kWh
2026-10-08T04:01:51Z,STR-E-4DE6-A,0.31 €/kWh
2026-10-08T04:01:51Z,STR-E-4DE6-B,0.31 €/kWh
2026-10-08T04:01:51Z,STR-E-54PK-A,0.08 € + 0.26 €/kWh
2026-10-08T04:01:51Z,STR-E-54PK-B,0.08 € + 0.26 €/kWh
2026-10-08T04:01:51Z,STR-E-59TF-A,0.08 € + 0.26 €/kWh
2026-10-08T04:01:51Z,STR-E-6UZQ-A,0.32 €/kWh
2026-10-08T04:01:51Z,STR-E-6UZQ-B,0.32 €/kWh
2026-10-08T04:01:51Z,STR-E-7A48-A,0.08 € + 0.26 €/kWh
2026-10-08T04:01:51Z,STR-E-92KW-A,0.23 € + 0.32 €/kWh
2026-10-08T04:01:51Z,STR-E-AF2O-A,0.08 € + 0.26 €/kWh
2026-10-08T04:01:51Z,STR-E-ANJ0-A,0.23 € + 0.32 €/kWh
2026-10-08T04:01:51Z,STR-E-ANJ0-B,0.23 € + 0.32 €/kWh
2026-10-08T04:01:51Z,STR-E-AP96-A,0.23 € + 0.32 €/kWh
2026-10-08T04:01:51Z,STR-E-AP96-B,0.23 € + 0.32 €/kWh
2026-10-08T04:01:51Z,STR-E-AWF1-A,0.08 € + 0.26 €/kWh
2026-10-08T04:01:51Z,STR-E-AWF1-B,0.08 € + 0.26 €/kWh
2026-10-08T04:01:51Z,STR-E-B36V-A,0.19 € + 0.38 €/kWh
2026-10-08T04:01:51Z,STR-E-B36V-B,0.19 € + 0.38 €/kWh
2026-10-08T04:01:51Z,STR-E-BIKW-A,0.23 € + 0.32 €/kWh
2026-10-08T04:01:51Z,STR-E-BIKW-B,0.23 € + 0.32 €/kWh
2026-10-08T04:01:51Z,STR-E-D3MB-A,0.23 € + 0.32 €/kWh
2026-10-08T04:01:51Z,STR-E-D3MB-B,0.23 € + 0.32 €/kWh
2026-10-08T04:01:51Z,STR-E-DBCC-A,0.08 € + 0.26 €/kWh
2026-10-08T04:01:51Z,STR-E-DBCC-B,0.08 € + 0.26 €/kWh
2026-10-08T04:01:51Z,STR-E-E0DZ-A,0.32 €/kWh
2026-10-08T04:01:51Z,STR-E-E0DZ-B,0.32 €/kWh
2026-10-08T04:01:51Z,STR-E-ELFQ-A,0.23 € + 0.32 €/kWh
2026-10-08T04:01:51Z,STR-E-ELFQ-B,0.23 € + 0.32 €/kWh
2026-10-08T04:01:51Z,STR-E-F2G0-A,0.08 € + 0.26 €/kWh
2026-10-08T04:01:51Z,STR-E-F2G0-B,0.08 € + 0.26 €/kWh
2026-10-08T04:01:51Z,STR-E-F79A-A,0.23 € + 0.32 €/kWh
2026-10-08T04:01:51Z,STR-E-F79A-B,0.23 € + 0.32 €/kWh
2026-10-08T04:01:51Z,STR-E-FUE8-A,0.08 € + 0.26 €/kWh
2026-10-08T04:01:51Z,STR-E-FUE8-B,0.08 € + 0.26 €/kWh
2026-10-08T04:01:51Z,STR-E-IGH5-A,0.23 € + 0.32 €/kWh
2026-10-08T04:01:51Z,STR-E-IGH5-B,0.23 € + 0.32 €/kWh
2026-10-08T04:01:51Z,STR-E-IIKL-A,0.08 € + 0.26 €/kWh
2026-10-08T04:01:51Z,STR-E-IIKL-B,0.08 € + 0.26 €/kWh
2026-10-08T04:01:51Z,STR-E-K73C-A,0.23 € + 0.32 €/kWh
2026-10-08T04:01:51Z,STR-E-K73C-B,0.23 € + 0.32 €/kWh
2026-10-08T04:01:51Z,STR-E-KUKS-A,0.08 € + 0.26 €/kWh
2026-10-08T04:01:51Z,STR-E-KUKS-B,0.08 € + 0.26 €/kWh
2026-10-08T04:01:51Z,STR-E-MIP3-A,0.31 €/kWh
2026-10-08T04:01:51Z,STR-E-MIP3-B,0.31 €/kWh
2026-10-08T04:01:51Z,STR-E-NCKT-A,0.08 € + 0.26 €/kWh
2026-10-08T04:01:51Z,STR-E-NCKT-B,0.08 € + 0.26 €/kWh
2026-10-08T04:01:51Z,STR-E-NY0Q-A,0.15 € + 0.34 €/kWh
2026-10-08T04:01:51Z,STR-E-O5YW-A,0.08 € + 0.26 €/kWh
2026-10-08T04:01:51Z,STR-E-O5YW-B,0.08 € + 0.26 €/kWh
2026-10-08T04:01:51Z,STR-E-OJ3E-A,0.23 € + 0.32 €/kWh
2026-10-08T04:01:51Z,STR-E-OJ3E-B,0.23 € + 0.32 €/kWh
2026-10-08T04:01:51Z,STR-E-P7AF-A,0.08 € + 0.26 €/kWh
2026-10-08T04:01:51Z,STR-E-P7AF-B,0.08 € + 0.26 €/kWh
2026-10-08T04:01:51Z,STR-E-PJCQ-A,0.08 € + 0.26 €/kWh
2026-10-08T04:01:51Z,STR-E-PJCQ-B,0.08 € + 0.26 €/kWh
2026-10-08T04:01:51Z,STR-E-PM3P-A,0.23 € + 0.32 €/kWh
2026-10-08T04:01:51Z,STR-E-PM3P-B,0.23 € + 0.32 €/kWh
2026-10-08T04:01:51Z,STR-E-Q5YF-A,0.23 € + 0.32 €/kWh
2026-10-08T04:01:51Z,STR-E-Q5YF-B,0.23 € + 0.32 €/kWh
2026-10-08T04:01:51Z,STR-E-Q7LB-A,0.23 € + 0.32 €/kWh
2026-10-08T04:01:51Z,STR-E-Q7LB-B,0.23 € + 0.32 €/kWh
2026-10-08T04:01:51Z,STR-E-QAXH-A,0.15 € + 0.34 €/kWh
2026-10-08T04:01:51Z,STR-E-QE1X-A,0.08 € + 0.26 €/kWh
2026-10-08T04:01:51Z,STR-E-QE1X-B,0.08 € + 0.26 €/kWh
2026-10-08T04:01:51Z,STR-E-QLC9-A,0.31 €/kWh
2026-10-08T04:01:51Z,STR-E-QLC9-B,0.31 €/kWh
2026-10-08T04:01:51Z,STR-E-R1MT-A,0.23 € + 0.32 €/kWh
2026-10-08T04:01:51Z,STR-E-R1MT-B,0.23 € + 0.32 €/kWh
2026-10-08T04:01:51Z,STR-E-R1PI-A,0.23 € + 0.32 €/kWh
2026-10-08T04:01:51Z,STR-E-R1PI-B,0.23 € + 0.32 €/kWh
2026-10-08T04:01:51Z,STR-E-R2LK-A,0.23 € + 0.32 €/kWh
2026-10-08T04:01:51Z,STR-E-R2LK-B,0.23 € + 0.32 €/kWh
2026-10-08T04:01:51Z,STR-E-S7YR-A,0.23 € + 0.32 €/kWh
2026-10-08T04:01:51Z,STR-E-S7YR-B,0.23 € + 0.32 €/kWh
2026-10-08T04:01:51Z,STR-E-SQX8-A,0.08 € + 0.26 €/kWh
2026-10-08T04:01:51Z,STR-E-SQX8-B,0.08 € + 0.26 €/kWh
2026-10-08T04:01:51Z,STR-E-SVR3-A,0.23 € + 0.32 €/kWh
2026-10-08T04:01:51Z,STR-E-SVR3-B,0.23 € + 0.32 €/kWh
2026-10-08T04:01:51Z,STR-E-UKPS-A,0.15 € + 0.34 €/kWh
2026-10-08T04:01:51Z,STR-E-UPAQ-A,0.31 €/kWh
2026-10-08T04:01:51Z,STR-E-UPAQ-B,0.31 €/kWh
2026-10-08T04:01:51Z,STR-E-UPOS-A,0.08 € + 0.26 €/kWh
2026-10-08T04:01:51Z,STR-E-UPOS-B,0.08 € + 0.26 €/kWh
2026-10-08T04:01:51Z,STR-E-WEE3-A,0.23 € + 0.32 €/kWh
2026-10-08T04:01:51Z,STR-E-WEE3-B,0.23 € + 0.32 €/kWh
2026-10-08T04:01:51Z,STR-E-WTQ5-A,0.32 €/kWh
2026-10-08T04:01:51Z,STR-E-WYFE-A,0.32 €/kWh
2026-10-08T04:01:51Z,STR-E-WYFE-B,0.32 €/kWh
2026-10-08T04:01:51Z,STR-E-WYYC-A,0.23 € + 0.32 €/kWh
2026-10-08T04:01:51Z,STR-E-WYYC-B,0.23 € + 0.32 €/kWh
2026-10-08T04:01:51Z,STR-E-XCMJ-A,0.08 € + 0.26 €/kWh
2026-10-08T04:01:51Z,STR-E-XCMJ-B,0.08 € + 0.26 €/kWh
2026-10-08T04:01:51Z,STR-E-XG69-A,0.08 € + 0.26 €/kWh
2026-10-08T04:01:51Z,STR-E-XG69-B,0.08 € + 0.26 €/kWh
2026-10-08T04:01:51Z,STR-E-XKW2-A,0.23 € + 0.32 €/kWh
2026-10-08T04:01:51Z,STR-E-XKW2-B,0.23 € + 0.32 €/kWh
2026-10-08T04:01:51Z,STR-E-Z2PJ-A,0.08 € + 0.26 €/kWh
2026-10-08T04:01:51Z,STR-E-Z2PJ-B,0.08 € + 0.26 €/kWh
2026-10-08T04:01:51Z,STR-E-ZS00-A,0.23 € + 0.32 €/kWh
2026-10-08T04:01:51Z,STR-E-ZS00-B,0.23 € + 0.32 €/kWh
2026-10-08T04:01:51Z,STR-E-ZWU5-A,0.08 € + 0.26 €/kWh
2026-10-08T04:01:51Z,STR-E-ZWU5-B,0.08 € + 0.26 €/kWh
2026-10-08T04:16:26Z,IKR-E-1220-A,0.3 € + 0.5 €/kWh
2026-10-08T04:16:26Z,IKR-E-1871-A,0.3 € + 0.5 €/kWh
2026-10-08T04:16:26Z,IKR-E-2G8J-A,0.3 € + 0.5 €/kWh
2026-10-08T04:16:26Z,IKR-E-3TSR-A,0.3 € + 0.5 €/kWh
2026-10-08T04:16:26Z,IKR-E-5715-A,0.3 € + 0.5 €/kWh
2026-10-08T04:16:26Z,IKR-E-5730-A,0.3 € + 0.56 €/kWh
2026-10-08T04:16:26Z,IKR-E-5CGU-A,0.3 € + 0.5 €/kWh
2026-10-08T04:16:26Z,IKR-E-7718-A,0.3 € + 0.56 €/kWh
2026-10-08T04:16:26Z,IKR-E-DVCM-A,0.3 € + 0.5 €/kWh
2026-10-08T04:16:26Z,IKR-E-E228-A,0.3 € + 0.47 €/kWh
2026-10-08T04:16:26Z,IKR-E-E475-A,0.3 € + 0.5 €/kWh
2026-10-08T04:16:26Z,IKR-E-E544-A,0.3 € + 0.5 €/kWh
2026-10-08T04:16:26Z,IKR-E-EKZA-A,0.3 € + 0.47 €/kWh
2026-10-08T04:16:26Z,IKR-E-GAY9-A,0.3 € + 0.5 €/kWh
2026-10-08T04:16:26Z,IKR-E-IZW2-A,0.3 € + 0.5 €/kWh
2026-10-08T04:16:26Z,IKR-E-J1JV-A,0.3 € + 0.47 €/kWh
2026-10-08T04:16:26Z,IKR-E-JJAJ-A,0.3 € + 0.5 €/kWh
2026-10-08T04:16:26Z,IKR-E-KMBH-A,0.3 € + 0.5 €/kWh
2026-10-08T04:16:26Z,IKR-E-LJZI-A,0.3 € + 0.5 €/kWh
2026-10-08T04:16:26Z,IKR-E-MAU9-A,0.29 € + 0.41 €/kWh
2026-10-08T04:16:26Z,IKR-E-OWF5-A,0.3 € + 0.51 €/kWh
2026-10-08T04:16:26Z,IKR-E-W6HQ-A,0.29 € + 0.41 €/kWh
2026-10-08T04:16:26Z,IKR-E-XIH2-A,0.3 € + 0.5 €/kWh
2026-10-08T04:16:26Z,IKR-E-Y2Z8-A,0.3 € + 0.44 €/kWh
2026-10-08T04:16:26Z,IKR-P-IV7E-B,0.3 € + 0.5 €/kWh
2026-10-08T04:16:26Z,IKR-P-SCM5-A,0.3 € + 0.51 €/kWh
2026-10-08T04:16:26Z,IKR-P-V9X4-A,0.3 € + 0.51 €/kWh
2026-10-08T04:16:26Z,IKR-P-V9X4-B,0.3 € + 0.51 €/kWh
2026-10-08T04:16:26Z,STR-E-027B-A,0.23 € + 0.34 €/kWh
2026-10-08T04:16:26Z,STR-E-027B-B,0.23 € + 0.34 €/kWh
2026-10-08T04:16:26Z,STR-E-02VO-A,0.36 €/kWh
2026-10-08T04:16:26Z,STR-E-02VO-B,0.36 €/kWh
2026-10-08T04:16:26Z,STR-E-04YS-A,0 € + 0.33 €/kWh
2026-10-08T04:16:26Z,STR-E-051F-A,0.08 € + 0.27 €/kWh
2026-10-08T04:16:26Z,STR-E-0698-A,0.22 €/kWh
2026-10-08T04:16:26Z,STR-E-0GEL-A,0.22 €/kWh
2026-10-08T04:16:26Z,STR-E-10G9-A,0.08 € + 0.27 €/kWh
2026-10-08T04:16:26Z,STR-E-10G9-B,0.08 € + 0.27 €/kWh
2026-10-08T04:16:26Z,STR-E-1162-A,0.22 €/kWh
2026-10-08T04:16:26Z,STR-E-11DT-A,0.22 €/kWh
2026-10-08T04:16:26Z,STR-E-1887-A,0.22 €/kWh
2026-10-08T04:16:26Z,STR-E-1927-A,0.22 €/kWh
2026-10-08T04:16:26Z,STR-E-1ME5-A,0.08 € + 0.27 €/kWh
2026-10-08T04:16:26Z,STR-E-1ME5-B,0.08 € + 0.27 €/kWh
2026-10-08T04:16:26Z,STR-E-1MHB-A,0.53 €/kWh
2026-10-08T04:16:26Z,STR-E-1MJQ-A,0.22 €/kWh
2026-10-08T04:16:26Z,STR-E-1X30-A,0 € + 0.33 €/kWh
2026-10-08T04:16:26Z,STR-E-21O1-A,0.34 €/kWh
2026-10-08T04:16:26Z,STR-E-21O1-B,0.34 €/kWh
2026-10-08T04:16:26Z,STR-E-2446-A,0 € + 0.33 €/kWh
2026-10-08T04:16:26Z,STR-E-2D12-A,0.22 €/kWh
2026-10-08T04:16:26Z,STR-E-2ED4-A,0.22 €/kWh
2026-10-08T04:16:26Z,STR-E-2K1Q-A,0 € + 0.33 €/kWh
2026-10-08T04:16:26Z,STR-E-2XDJ-A,0 € + 0.33 €/kWh
2026-10-08T04:16:26Z,STR-E-320G-A,0.22 €/kWh
2026-10-08T04:16:26Z,STR-E-3468-A,0.34 €/kWh
2026-10-08T04:16:26Z,STR-E-3468-B,0.34 €/kWh
2026-10-08T04:16:26Z,STR-E-3ENA-A,0.34 €/kWh
2026-10-08T04:16:26Z,STR-E-3ENA-B,0.34 €/kWh
2026-10-08T04:16:26Z,STR-E-3ENA-C,0.34 €/kWh
2026-10-08T04:16:26Z,STR-E-3FMF-A,0.23 € + 0.34 €/kWh
2026-10-08T04:16:26Z,STR-E-3FMF-B,0.23 € + 0.34 €/kWh
2026-10-08T04:16:26Z,STR-E-3PZS-A,0.22 €/kWh
2026-10-08T04:16:26Z,STR-E-3SXI-A,0.34 €/kWh
2026-10-08T04:16:26Z,STR-E-3SXI-B,0.34 €/kWh
2026-10-08T04:16:26Z,STR-E-3TZI-A,0.22 €/kWh
2026-10-08T04:16:26Z,STR-E-3WE5-A,0 € + 0.33 €/kWh
2026-10-08T04:16:26Z,STR-E-3YH3-A,0.08 € + 0.27 €/kWh
2026-10-08T04:16:26Z,STR-E-3YH3-B,0.08 € + 0.27 €/kWh
2026-10-08T04:16:26Z,STR-E-4156-A,0.38 €/kWh
2026-10-08T04:16:26Z,STR-E-4156-B,0.38 €/kWh
2026-10-08T04:16:26Z,STR-E-491A-A,0.32 €/kWh
2026-10-08T04:16:26Z,STR-E-491A-B,0.32 €/kWh
2026-10-08T04:16:26Z,STR-E-491A-C,0.32 €/kWh
2026-10-08T04:16:26Z,STR-E-4DE6-A,0.32 €/kWh
2026-10-08T04:16:26Z,STR-E-4DE6-B,0.32 €/kWh
2026-10-08T04:16:26Z,STR-E-4KWM-A,0.41 €/kWh
2026-10-08T04:16:26Z,STR-E-4KWM-B,0.41 €/kWh
2026-10-08T04:16:26Z,STR-E-4LRS-A,0.22 €/kWh
2026-10-08T04:16:26Z,STR-E-4UGU-A,0.22 €/kWh
2026-10-08T04:16:26Z,STR-E-4YKC-A,0 € + 0.33 €/kWh
2026-10-08T04:16:26Z,STR-E-527U-A,0 € + 0.33 €/kWh
2026-10-08T04:16:26Z,STR-E-54PK-A,0.08 € + 0.27 €/kWh
2026-10-08T04:16:26Z,STR-E-54PK-B,0.08 € + 0.27 €/kWh
2026-10-08T04:16:26Z,STR-E-55I4-A,0 € + 0.33 €/kWh
2026-10-08T04:16:26Z,STR-E-566J-A,0 € + 0.33 €/kWh
2026-10-08T04:16:26Z,STR-E-59TF-A,0.08 € + 0.27 €/kWh
2026-10-08T04:16:26Z,STR-E-5DWB-A,0.22 €/kWh
2026-10-08T04:16:26Z,STR-E-5TI5-A,0.22 €/kWh
2026-10-08T04:16:26Z,STR-E-69PN-A,0.22 €/kWh
2026-10-08T04:16:26Z,STR-E-6CNG-A,0.22 €/kWh
2026-10-08T04:16:26Z,STR-E-6E7W-A,0 € + 0.33 €/kWh
2026-10-08T04:16:26Z,STR-E-6SQH-A,0.22 €/kWh
2026-10-08T04:16:26Z,STR-E-6UZQ-A,0.34 €/kWh
2026-10-08T04:16:26Z,STR-E-6UZQ-B,0.34 €/kWh
2026-10-08T04:16:26Z,STR-E-6ZTQ-A,0 € + 0.33 €/kWh
2026-10-08T04:16:26Z,STR-E-7438-A,0 € + 0.33 €/kWh
2026-10-08T04:16:26Z,STR-E-7A48-A,0.08 € + 0.27 €/kWh
2026-10-08T04:16:26Z,STR-E-7YBN-A,0 € + 0.33 €/kWh
2026-10-08T04:16:26Z,STR-E-7Z8G-A,0.41 €/kWh
2026-10-08T04:16:26Z,STR-E-7Z8G-B,0.41 €/kWh
2026-10-08T04:16:26Z,STR-E-86C0-A,0.22 €/kWh
2026-10-08T04:16:26Z,STR-E-88SA-A,0.22 €/kWh
2026-10-08T04:16:26Z,STR-E-8A02-A,0 € + 0.33 €/kWh
2026-10-08T04:16:26Z,STR-E-8M2O-A,0.22 €/kWh
2026-10-08T04:16:26Z,STR-E-8Q9F-A,0 € + 0.33 €/kWh
2026-10-08T04:16:26Z,STR-E-8XL5-A,0.22 €/kWh
2026-10-08T04:16:26Z,STR-E-8Y23-A,0.22 €/kWh
2026-10-08T04:16:26Z,STR-E-92KW-A,0.23 € + 0.34 €/kWh
2026-10-08T04:16:26Z,STR-E-9AH3-A,0 € + 0.33 €/kWh
2026-10-08T04:16:26Z,STR-E-9I2R-A,0.22 €/kWh
2026-10-08T04:16:26Z,STR-E-9TUZ-A,0.22 €/kWh
2026-10-08T04:16:26Z,STR-E-9WY2-A,0.22 €/kWh
2026-10-08T04:16:26Z,STR-E-A169-A,0 € + 0.33 €/kWh
2026-10-08T04:16:26Z,STR-E-A27N-A,0.36 €/kWh
2026-10-08T04:16:26Z,STR-E-A27N-B,0.36 €/kWh
2026-10-08T04:16:26Z,STR-E-A27N-C,0.36 €/kWh
2026-10-08T04:16:26Z,STR-E-A442-A,0.22 €/kWh
2026-10-08T04:16:26Z,STR-E-AABG-A,0.22 €/kWh
2026-10-08T04:16:26Z,STR-E-ACMT-A,0.22 €/kWh
2026-10-08T04:16:26Z,STR-E-ADXE-A,0 € + 0.33 €/kWh
2026-10-08T04:16:26Z,STR-E-AF2O-A,0.08 € + 0.27 €/kWh
2026-10-08T04:16:26Z,STR-E-AMQK-A,0 € + 0.33 €/kWh
2026-10-08T04:16:26Z,STR-E-ANJ0-A,0.23 € + 0.34 €/kWh
2026-10-08T04:16:26Z,STR-E-ANJ0-B,0.23 € + 0.34 €/kWh
2026-10-08T04:16:26Z,STR-E-AP96-A,0.23 € + 0.34 €/kWh
2026-10-08T04:16:26Z,STR-E-AP96-B,0.23 € + 0.34 €/kWh
2026-10-08T04:16:26Z,STR-E-AUQ2-A,0 € + 0.33 €/kWh
2026-10-08T04:16:26Z,STR-E-AWF1-A,0.08 € + 0.27 €/kWh
2026-10-08T04:16:26Z,STR-E-AWF1-B,0.08 € + 0.27 €/kWh
2026-10-08T04:16:26Z,STR-E-AWJ9-A,0.36 €/kWh
2026-10-08T04:16:26Z,STR-E-AWJ9-B,0.36 €/kWh
2026-10-08T04:16:26Z,STR-E-B36V-A,0.19 € + 0.39 €/kWh
2026-10-08T04:16:26Z,STR-E-B36V-B,0.19 € + 0.39 €/kWh
2026-10-08T04:16:26Z,STR-E-BIKW-A,0.23 € + 0.34 €/kWh
2026-10-08T04:16:26Z,STR-E-BIKW-B,0.23 € + 0.34 €/kWh
2026-10-08T04:16:26Z,STR-E-BXA5-A,0.22 €/kWh
2026-10-08T04:16:26Z,STR-E-C91L-A,0.22 €/kWh
2026-10-08T04:16:26Z,STR-E-C99Z-A,0 € + 0.33 €/kWh
2026-10-08T04:16:26Z,STR-E-D3MB-A,0.23 € + 0.34 €/kWh
2026-10-08T04:16:26Z,STR-E-D3MB-B,0.23 € + 0.34 €/kWh
2026-10-08T04:16:26Z,STR-E-DBCC-A,0.08 € + 0.27 €/kWh
2026-10-08T04:16:26Z,STR-E-DBCC-B,0.08 € + 0.27 €/kWh
2026-10-08T04:16:26Z,STR-E-DHEJ-A,0 € + 0.33 €/kWh
2026-10-08T04:16:26Z,STR-E-E0DZ-A,0.34 €/kWh
2026-10-08T04:16:26Z,STR-E-E0DZ-B,0.34 €/kWh
2026-10-08T04:16:26Z,STR-E-E7HH-A,0.22 €/kWh
2026-10-08T04:16:26Z,STR-E-ECI7-A,0 € + 0.33 €/kWh
2026-10-08T04:16:26Z,STR-E-EFXK-A,0 € + 0.33 €/kWh
2026-10-08T04:16:26Z,STR-E-ELFQ-A,0.23 € + 0.34 €/kWh
2026-10-08T04:16:26Z,STR-E-ELFQ-B,0.23 € + 0.34 €/kWh
2026-10-08T04:16:26Z,STR-E-EPQY-A,0 € + 0.33 €/kWh
2026-10-08T04:16:26Z,STR-E-ER2N-A,0 € + 0.33 €/kWh
2026-10-08T04:16:26Z,STR-E-ES3O-A,0 € + 0.33 €/kWh
2026-10-08T04:16:26Z,STR-E-EU1U-A,0.22 €/kWh
2026-10-08T04:16:26Z,STR-E-F2G0-A,0.08 € + 0.27 €/kWh
2026-10-08T04:16:26Z,STR-E-F2G0-B,0.08 € + 0.27 €/kWh
2026-10-08T04:16:26Z,STR-E-F4B3-A,0.22 €/kWh
2026-10-08T04:16:26Z,STR-E-F5LZ-A,0.22 €/kWh
2026-10-08T04:16:26Z,STR-E-F79A-A,0.23 € + 0.34 €/kWh
2026-10-08T04:16:26Z,STR-E-F79A-B,0.23 € + 0.34 €/kWh
2026-10-08T04:16:26Z,STR-E-FGMF-A,0.22 €/kWh
2026-10-08T04:16:26Z,STR-E-FK06-A,0.22 €/kWh
2026-10-08T04:16:26Z,STR-E-FKUY-A,0 € + 0.33 €/kWh
2026-10-08T04:16:26Z,STR-E-FUE8-A,0.08 € + 0.27 €/kWh
2026-10-08T04:16:26Z,STR-E-FUE8-B,0.08 € + 0.27 €/kWh
2026-10-08T04:16:26Z,STR-E-G4VM-A,0.22 €/kWh
2026-10-08T04:16:26Z,STR-E-G518-A,0.22 €/kWh
2026-10-08T04:16:26Z,STR-E-GB9A-A,0.22 €/kWh
2026-10-08T04:16:26Z,STR-E-GE77-A,0.41 €/kWh
2026-10-08T04:16:26Z,STR-E-GE77-B,0.41 €/kWh
2026-10-08T04:16:26Z,STR-E-GFB3-A,0 € + 0.33 €/kWh
2026-10-08T04:16:26Z,STR-E-GGV8-A,0.22 €/kWh
2026-10-08T04:16:26Z,STR-E-GHJA-A,0.22 €/kWh
2026-10-08T04:16:26Z,STR-E-GK0C-A,0 € + 0.33 €/kWh
2026-10-08T04:16:26Z,STR-E-GR5K-A,0.22 €/kWh
2026-10-08T04:16:26Z,STR-E-H6Q5-A,0.22 €/kWh
2026-10-08T04:16:26Z,STR-E-HHXV-A,0 € + 0.33 €/kWh
2026-10-08T04:16:26Z,STR-E-I1KE-A,0 € + 0.33 €/kWh
2026-10-08T04:16:26Z,STR-E-I4UZ-A,0.22 €/kWh
2026-10-08T04:16:26Z,STR-E-I5FH-A,0.22 €/kWh
2026-10-08T04:16:26Z,STR-E-I8C6-A,0.22 €/kWh
2026-10-08T04:16:26Z,STR-E-IA3X-A,0.22 €/kWh
2026-10-08T04:16:26Z,STR-E-IAO5-A,0 € + 0.33 €/kWh
2026-10-08T04:16:26Z,STR-E-IGH5-A,0.23 € + 0.34 €/kWh
2026-10-08T04:16:26Z,STR-E-IGH5-B,0.23 € + 0.34 €/kWh
2026-10-08T04:16:26Z,STR-E-IIKL-A,0.08 € + 0.27 €/kWh
2026-10-08T04:16:26Z,STR-E-IIKL-B,0.08 € + 0.27 €/kWh
2026-10-08T04:16:26Z,STR-E-IPEC-A,0 € + 0.33 €/kWh
2026-10-08T04:16:26Z,STR-E-IV6T-A,0 € + 0.33 €/kWh
2026-10-08T04:16:26Z,STR-E-J54N-A,0 € + 0.33 €/kWh
2026-10-08T04:16:26Z,STR-E-J6DA-A,0 € + 0.33 €/kWh
2026-10-08T04:16:26Z,STR-E-J8VF-A,0 € + 0.33 €/kWh
2026-10-08T04:16:26Z,STR-E-JG90-A,0.24 €/kWh + 0.3 €
2026-10-08T04:16:26Z,STR-E-JG90-B,0.24 €/kWh + 0.3 €
2026-10-08T04:16:26Z,STR-E-JMOR-A,0 € + 0.33 €/kWh
2026-10-08T04:16:26Z,STR-E-JVO0-A,0.22 €/kWh
2026-10-08T04:16:26Z,STR-E-K217-A,0 € + 0.33 €/kWh
2026-10-08T04:16:26Z,STR-E-K73C-A,0.23 € + 0.34 €/kWh
2026-10-08T04:16:26Z,STR-E-K73C-B,0.23 € + 0.34 €/kWh
2026-10-08T04:16:26Z,STR-E-KBZL-A,0.22 €/kWh
2026-10-08T04:16:26Z,STR-E-KOHN-A,0 € + 0.33 €/kWh
2026-10-08T04:16:26Z,STR-E-KT5B-A,0 € + 0.33 €/kWh
2026-10-08T04:16:26Z,STR-E-KUKS-A,0.08 € + 0.27 €/kWh
2026-10-08T04:16:26Z,STR-E-KUKS-B,0.08 € + 0.27 €/kWh
2026-10-08T04:16:26Z,STR-E-L84D-A,0.22 €/kWh
2026-10-08T04:16:26Z,STR-E-LISV-A,0.22 €/kWh
2026-10-08T04:16:26Z,STR-E-LKFQ-A,0.22 €/kWh
2026-10-08T04:16:26Z,STR-E-LREY-A,0.53 €/kWh
2026-10-08T04:16:26Z,STR-E-M1IB-A,0.22 €/kWh
2026-10-08T04:16:26Z,STR-E-M8WL-A,0.22 €/kWh
2026-10-08T04:16:26Z,STR-E-M9W7-A,0.22 €/kWh
2026-10-08T04:16:26Z,STR-E-MIP3-A,0.32 €/kWh
2026-10-08T04:16:26Z,STR-E-MIP3-B,0.32 €/kWh
2026-10-08T04:16:26Z,STR-E-MSEN-A,0.22 €/kWh
2026-10-08T04:16:26Z,STR-E-MSUL-A,0.22 €/kWh
2026-10-08T04:16:26Z,STR-E-N6P5-A,0.22 €/kWh
2026-10-08T04:16:26Z,STR-E-NCKT-A,0.08 € + 0.27 €/kWh
2026-10-08T04:16:26Z,STR-E-NCKT-B,0.08 € + 0.27 €/kWh
2026-10-08T04:16:26Z,STR-E-NDU2-A,0 € + 0.33 €/kWh
2026-10-08T04:16:26Z,STR-E-NDZ4-A,0 € + 0.33 €/kWh
2026-10-08T04:16:26Z,STR-E-NFV5-A,0 € + 0.33 €/kWh
2026-10-08T04:16:26Z,STR-E-NNGC-A,0.22 €/kWh
2026-10-08T04:16:26Z,STR-E-NSGB-A,0 € + 0.33 €/kWh
2026-10-08T04:16:26Z,STR-E-NY0Q-A,0.15 € + 0.35 €/kWh
2026-10-08T04:16:26Z,STR-E-O0VK-A,0.22 €/kWh
2026-10-08T04:16:26Z,STR-E-O5JX-A,0 € + 0.33 €/kWh
2026-10-08T04:16:26Z,STR-E-O5YW-A,0.08 € + 0.27 €/kWh
2026-10-08T04:16:26Z,STR-E-O5YW-B,0.08 € + 0.27 €/kWh
2026-10-08T04:16:26Z,STR-E-ODBK-A,0.41 €/kWh
2026-10-08T04:16:26Z,STR-E-ODBK-B,0.41 €/kWh
2026-10-08T04:16:26Z,STR-E-OFWF-A,0 € + 0.33 €/kWh
2026-10-08T04:16:26Z,STR-E-OG1X-A,0.22 €/kWh
2026-10-08T04:16:26Z,STR-E-OHH6-A,0 € + 0.33 €/kWh
2026-10-08T04:16:26Z,STR-E-OJ3E-A,0.23 € + 0.34 €/kWh
2026-10-08T04:16:26Z,STR-E-OJ3E-B,0.23 € + 0.34 €/kWh
2026-10-08T04:16:26Z,STR-E-OQKZ-A,0.22 €/kWh
2026-10-08T04:16:26Z,STR-E-P46N-A,0 € + 0.33 €/kWh
2026-10-08T04:16:26Z,STR-E-P7AF-A,0.08 € + 0.27 €/kWh
2026-10-08T04:16:26Z,STR-E-P7AF-B,0.08 € + 0.27 €/kWh
2026-10-08T04:16:26Z,STR-E-PC04-A,0.22 €/kWh
2026-10-08T04:16:26Z,STR-E-PDR2-A,0.22 €/kWh
2026-10-08T04:16:26Z,STR-E-PJCQ-A,0.08 € + 0.27 €/kWh
2026-10-08T04:16:26Z,STR-E-PJCQ-B,0.08 € + 0.27 €/kWh
2026-10-08T04:16:26Z,STR-E-PM3P-A,0.23 € + 0.34 €/kWh
2026-10-08T04:16:26Z,STR-E-PM3P-B,0.23 € + 0.34 €/kWh
2026-10-08T04:16:26Z,STR-E-PRUQ-A,0.22 €/kWh
2026-10-08T04:16:26Z,STR-E-PSU9-A,0.22 €/kWh
2026-10-08T04:16:26Z,STR-E-PZ9U-A,0.22 €/kWh
2026-10-08T04:16:26Z,STR-E-PZES-A,0.22 €/kWh
2026-10-08T04:16:26Z,STR-E-Q5YF-A,0.23 € + 0.34 €/kWh
2026-10-08T04:16:26Z,STR-E-Q5YF-B,0.23 € + 0.34 €/kWh
2026-10-08T04:16:26Z,STR-E-Q7LB-A,0.23 € + 0.34 €/kWh
2026-10-08T04:16:26Z,STR-E-Q7LB-B,0.23 € + 0.34 €/kWh
2026-10-08T04:16:26Z,STR-E-QAXH-A,0.15 € + 0.35 €/kWh
2026-10-08T04:16:26Z,STR-E-QE1X-A,0.08 € + 0.27 €/kWh
2026-10-08T04:16:26Z,STR-E-QE1X-B,0.08 € + 0.27 €/kWh
2026-10-08T04:16:26Z,STR-E-QEDL-A,0.22 €/kWh
2026-10-08T04:16:26Z,STR-E-QIQM-A,0.22 €/kWh
2026-10-08T04:16:26Z,STR-E-QLC9-A,0.32 €/kWh
2026-10-08T04:16:26Z,STR-E-QLC9-B,0.32 €/kWh
2026-10-08T04:16:26Z,STR-E-R0J8-A,0.22 €/kWh
2026-10-08T04:16:26Z,STR-E-R1MT-A,0.23 € + 0.34 €/kWh
2026-10-08T04:16:26Z,STR-E-R1MT-B,0.23 € + 0.34 €/kWh
2026-10-08T04:16:26Z,STR-E-R1PI-A,0.23 € + 0.34 €/kWh
2026-10-08T04:16:26Z,STR-E-R1PI-B,0.23 € + 0.34 €/kWh
2026-10-08T04:16:26Z,STR-E-R2LK-A,0.23 € + 0.34 €/kWh
2026-10-08T04:16:26Z,STR-E-R2LK-B,0.23 € + 0.34 €/kWh
2026-10-08T04:16:26Z,STR-E-R8PQ-A,0 € + 0.33 €/kWh
2026-10-08T04:16:26Z,STR-E-R9GA-A,0.22 €/kWh
2026-10-08T04:16:26Z,STR-E-RJH9-A,0.22 €/kWh
2026-10-08T04:16:26Z,STR-E-RKWJ-A,0.22 €/kWh
2026-10-08T04:16:26Z,STR-E-S42D-A,0.22 €/kWh
2026-10-08T04:16:26Z,STR-E-S6VR-A,0 € + 0.33 €/kWh
2026-10-08T04:16:26Z,STR-E-S7YR-A,0.23 € + 0.34 €/kWh
2026-10-08T04:16:26Z,STR-E-S7YR-B,0.23 € + 0.34 €/kWh
2026-10-08T04:16:26Z,STR-E-SGC2-A,0 € + 0.33 €/kWh
2026-10-08T04:16:26Z,STR-E-SJKA-A,0.22 €/kWh
2026-10-08T04:16:26Z,STR-E-SQX8-A,0.08 € + 0.27 €/kWh
2026-10-08T04:16:26Z,STR-E-SQX8-B,0.08 € + 0.27 €/kWh
2026-10-08T04:16:26Z,STR-E-SVR3-A,0.23 € + 0.34 €/kWh
2026-10-08T04:16:26Z,STR-E-SVR3-B,0.23 € + 0.34 €/kWh
2026-10-08T04:16:26Z,STR-E-SY9Y-A,0.22 €/kWh
2026-10-08T04:16:26Z,STR-E-TO2O-A,0.22 €/kWh
2026-10-08T04:16:26Z,STR-E-TX67-A,0.36 €/kWh
2026-10-08T04:16:26Z,STR-E-TX67-B,0.36 €/kWh
2026-10-08T04:16:26Z,STR-E-U41O-A,0 € + 0.33 €/kWh
2026-10-08T04:16:26Z,STR-E-U5TP-A,0.22 €/kWh
2026-10-08T04:16:26Z,STR-E-UKPS-A,0.15 € + 0.35 €/kWh
2026-10-08T04:16:26Z,STR-E-UPAQ-A,0.32 €/kWh
2026-10-08T04:16:26Z,STR-E-UPAQ-B,0.32 €/kWh
2026-10-08T04:16:26Z,STR-E-UPOS-A,0.08 € + 0.27 €/kWh
2026-10-08T04:16:26Z,STR-E-UPOS-B,0.08 € + 0.27 €/kWh
2026-10-08T04:16:26Z,STR-E-UY5H-A,0.22 €/kWh
2026-10-08T04:16:26Z,STR-E-V17G-A,0.22 €/kWh
2026-10-08T04:16:26Z,STR-E-V31J-A,0.22 €/kWh
2026-10-08T04:16:26Z,STR-E-V50T-A,0.22 €/kWh
2026-10-08T04:16:26Z,STR-E-V9SD-A,0.22 €/kWh
2026-10-08T04:16:26Z,STR-E-V9ZR-A,0.22 €/kWh
2026-10-08T04:16:26Z,STR-E-VBMP-A,0.22 €/kWh
2026-10-08T04:16:26Z,STR-E-VJBJ-A,0 € + 0.33 €/kWh
2026-10-08T04:16:26Z,STR-E-VPDB-A,0.22 €/kWh
2026-10-08T04:16:26Z,STR-E-VQ06-A,0 € + 0.33 €/kWh
2026-10-08T04:16:26Z,STR-E-VSDJ-A,0.36 €/kWh
2026-10-08T04:16:26Z,STR-E-VSDJ-B,0.36 €/kWh
2026-10-08T04:16:26Z,STR-E-VT0G-A,0.22 €/kWh
2026-10-08T04:16:26Z,STR-E-VX2O-A,0 € + 0.33 €/kWh
2026-10-08T04:16:26Z,STR-E-VXGH-A,0.22 €/kWh
2026-10-08T04:16:26Z,STR-E-W1X4-A,0.22 €/kWh
2026-10-08T04:16:26Z,STR-E-WEE3-A,0.23 € + 0.34 €/kWh
2026-10-08T04:16:26Z,STR-E-WEE3-B,0.23 € + 0.34 €/kWh
2026-10-08T04:16:26Z,STR-E-WHZ1-A,0 € + 0.33 €/kWh
2026-10-08T04:16:26Z,STR-E-WLGM-A,0 € + 0.33 €/kWh
2026-10-08T04:16:26Z,STR-E-WTQ5-A,0.34 €/kWh
2026-10-08T04:16:26Z,STR-E-WXV8-A,0.22 €/kWh
2026-10-08T04:16:26Z,STR-E-WYFE-A,0.34 €/kWh
2026-10-08T04:16:26Z,STR-E-WYFE-B,0.34 €/kWh
2026-10-08T04:16:26Z,STR-E-WYYC-A,0.23 € + 0.34 €/kWh
2026-10-08T04:16:26Z,STR-E-WYYC-B,0.23 € + 0.34 €/kWh
2026-10-08T04:16:26Z,STR-E-WZW9-A,0.22 €/kWh
2026-10-08T04:16:26Z,STR-E-X525-A,0.22 €/kWh
2026-10-08T04:16:26Z,STR-E-X54O-A,0 € + 0.33 €/kWh
2026-10-08T04:16:26Z,STR-E-XCMJ-A,0.08 € + 0.27 €/kWh
2026-10-08T04:16:26Z,STR-E-XCMJ-B,0.08 € + 0.27 €/kWh
2026-10-08T04:16:26Z,STR-E-XFON-A,0.22 €/kWh
2026-10-08T04:16:26Z,STR-E-XG69-A,0.08 € + 0.27 €/kWh
2026-10-08T04:16:26Z,STR-E-XG69-B,0.08 € + 0.27 €/kWh
2026-10-08T04:16:26Z,STR-E-XH51-A,0 € + 0.33 €/kWh
2026-10-08T04:16:26Z,STR-E-XKW2-A,0.23 € + 0.34 €/kWh
2026-10-08T04:16:26Z,STR-E-XKW2-B,0.23 € + 0.34 €/kWh
2026-10-08T04:16:26Z,STR-E-XRV8-A,0 € + 0.33 €/kWh
2026-10-08T04:16:26Z,STR-E-Y7JK-A,0 € + 0.33 €/kWh
2026-10-08T04:16:26Z,STR-E-Y82E-A,0 € + 0.33 €/kWh
2026-10-08T04:16:26Z,STR-E-YC50-A,0.22 €/kWh
2026-10-08T04:16:26Z,STR-E-Z2PJ-A,0.08 € + 0.27 €/kWh
2026-10-08T04:16:26Z,STR-E-Z2PJ-B,0.08 € + 0.27 €/kWh
2026-10-08T04:16:26Z,STR-E-ZA6O-A,0.22 €/kWh
2026-10-08T04:16:26Z,STR-E-ZEP7-A,0 € + 0.33 €/kWh
2026-10-08T04:16:26Z,STR-E-ZIAZ-A,0 € + 0.33 €/kWh
2026-10-08T04:16:26Z,STR-E-ZK9W-A,0 € + 0.33 €/kWh
2026-10-08T04:16:26Z,STR-E-ZS00-A,0.23 € + 0.34 €/kWh
2026-10-08T04:16:26Z,STR-E-ZS00-B,0.23 € + 0.34 €/kWh
2026-10-08T04:16:26Z,STR-E-ZWU5-A,0.08 € + 0.27 €/kWh
2026-10-08T04:16:26Z,STR-E-ZWU5-B,0.08 € + 0.27 €/kWh
2026-10-08T04:32:26Z,IKR-E-1220-A,0.3 € + 0.51 €/kWh
2026-10-08T04:32:26Z,IKR-E-1871-A,0.3 € + 0.51 €/kWh
2026-10-08T04:32:26Z,IKR-E-2G8J-A,0.3 € + 0.51 €/kWh
2026-10-08T04:32:26Z,IKR-E-3TSR-A,0.3 € + 0.51 €/kWh
2026-10-08T04:32:26Z,IKR-E-5715-A,0.3 € + 0.51 €/kWh
2026-10-08T04:32:26Z,IKR-E-5730-A,0.3 € + 0.57 €/kWh
2026-10-08T04:32:26Z,IKR-E-5CGU-A,0.3 € + 0.51 €/kWh
2026-10-08T04:32:26Z,IKR-E-7718-A,0.3 € + 0.57 €/kWh
2026-10-08T04:32:26Z,IKR-E-DVCM-A,0.3 € + 0.51 €/kWh
2026-10-08T04:32:26Z,IKR-E-E228-A,0.3 € + 0.48 €/kWh
2026-10-08T04:32:26Z,IKR-E-E475-A,0.3 € + 0.51 €/kWh
2026-10-08T04:32:26Z,IKR-E-E544-A,0.3 € + 0.51 €/kWh
2026-10-08T04:32:26Z,IKR-E-EKZA-A,0.3 € + 0.48 €/kWh
2026-10-08T04:32:26Z,IKR-E-GAY9-A,0.3 € + 0.51 €/kWh
2026-10-08T04:32:26Z,IKR-E-IZW2-A,0.3 € + 0.51 €/kWh
2026-10-08T04:32:26Z,IKR-E-J1JV-A,0.3 € + 0.48 €/kWh
2026-10-08T04:32:26Z,IKR-E-JJAJ-A,0.3 € + 0.51 €/kWh
2026-10-08T04:32:26Z,IKR-E-KMBH-A,0.3 € + 0.51 €/kWh
2026-10-08T04:32:26Z,IKR-E-LJZI-A,0.3 € + 0.51 €/kWh
2026-10-08T04:32:26Z,IKR-E-MAU9-A,0.29 € + 0.44 €/kWh
2026-10-08T04:32:26Z,IKR-E-OWF5-A,0.3 € + 0.52 €/kWh
2026-10-08T04:32:26Z,IKR-E-W6HQ-A,0.29 € + 0.44 €/kWh
2026-10-08T04:32:26Z,IKR-E-XIH2-A,0.3 € + 0.51 €/kWh
2026-10-08T04:32:26Z,IKR-E-Y2Z8-A,0.3 € + 0.45 €/kWh
2026-10-08T04:32:26Z,IKR-P-IV7E-B,0.3 € + 0.51 €/kWh
2026-10-08T04:32:26Z,IKR-P-SCM5-A,0.3 € + 0.52 €/kWh
2026-10-08T04:32:26Z,IKR-P-V9X4-A,0.3 € + 0.52 €/kWh
2026-10-08T04:32:26Z,IKR-P-V9X4-B,0.3 € + 0.52 €/kWh
2026-10-08T04:32:26Z,STR-E-027B-A,0.23 € + 0.36 €/kWh
2026-10-08T04:32:26Z,STR-E-027B-B,0.23 € + 0.36 €/kWh
2026-10-08T04:32:26Z,STR-E-02VO-A,0.38 €/kWh
2026-10-08T04:32:26Z,STR-E-02VO-B,0.38 €/kWh
2026-10-08T04:32:26Z,STR-E-04YS-A,0 € + 0.35 €/kWh
2026-10-08T04:32:26Z,STR-E-051F-A,0.08 € + 0.3 €/kWh
2026-10-08T04:32:26Z,STR-E-0698-A,0.24 €/kWh
2026-10-08T04:32:26Z,STR-E-0GEL-A,0.24 €/kWh
2026-10-08T04:32:26Z,STR-E-10G9-A,0.08 € + 0.3 €/kWh
2026-10-08T04:32:26Z,STR-E-10G9-B,0.08 € + 0.3 €/kWh
2026-10-08T04:32:26Z,STR-E-1162-A,0.24 €/kWh
2026-10-08T04:32:26Z,STR-E-11DT-A,0.24 €/kWh
2026-10-08T04:32:26Z,STR-E-1887-A,0.24 €/kWh
2026-10-08T04:32:26Z,STR-E-1927-A,0.24 €/kWh
2026-10-08T04:32:26Z,STR-E-1ME5-A,0.08 € + 0.3 €/kWh
2026-10-08T04:32:26Z,STR-E-1ME5-B,0.08 € + 0.3 €/kWh
2026-10-08T04:32:26Z,STR-E-1MHB-A,0.57 €/kWh
2026-10-08T04:32:26Z,STR-E-1MJQ-A,0.24 €/kWh
2026-10-08T04:32:26Z,STR-E-1X30-A,0 € + 0.35 €/kWh
2026-10-08T04:32:26Z,STR-E-21O1-A,0.36 €/kWh
2026-10-08T04:32:26Z,STR-E-21O1-B,0.36 €/kWh
2026-10-08T04:32:26Z,STR-E-2446-A,0 € + 0.35 €/kWh
2026-10-08T04:32:26Z,STR-E-2D12-A,0.24 €/kWh
2026-10-08T04:32:26Z,STR-E-2ED4-A,0.24 €/kWh
2026-10-08T04:32:26Z,STR-E-2K1Q-A,0 € + 0.35 €/kWh
2026-10-08T04:32:26Z,STR-E-2XDJ-A,0 € + 0.35 €/kWh
2026-10-08T04:32:26Z,STR-E-320G-A,0.24 €/kWh
2026-10-08T04:32:26Z,STR-E-3468-A,0.36 €/kWh
2026-10-08T04:32:26Z,STR-E-3468-B,0.36 €/kWh
2026-10-08T04:32:26Z,STR-E-3ENA-A,0.36 €/kWh
2026-10-08T04:32:26Z,STR-E-3ENA-B,0.36 €/kWh
2026-10-08T04:32:26Z,STR-E-3ENA-C,0.36 €/kWh
2026-10-08T04:32:26Z,STR-E-3FMF-A,0.23 € + 0.36 €/kWh
2026-10-08T04:32:26Z,STR-E-3FMF-B,0.23 € + 0.36 €/kWh
2026-10-08T04:32:26Z,STR-E-3PZS-A,0.24 €/kWh
2026-10-08T04:32:26Z,STR-E-3SXI-A,0.36 €/kWh
2026-10-08T04:32:26Z,STR-E-3SXI-B,0.36 €/kWh
2026-10-08T04:32:26Z,STR-E-3TZI-A,0.24 €/kWh
2026-10-08T04:32:26Z,STR-E-3WE5-A,0 € + 0.35 €/kWh
2026-10-08T04:32:26Z,STR-E-3YH3-A,0.08 € + 0.3 €/kWh
2026-10-08T04:32:26Z,STR-E-3YH3-B,0.08 € + 0.3 €/kWh
2026-10-08T04:32:26Z,STR-E-4156-A,0.4 €/kWh
2026-10-08T04:32:26Z,STR-E-4156-B,0.4 €/kWh
2026-10-08T04:32:26Z,STR-E-491A-A,0.35 €/kWh
2026-10-08T04:32:26Z,STR-E-491A-B,0.35 €/kWh
2026-10-08T04:32:26Z,STR-E-491A-C,0.35 €/kWh
2026-10-08T04:32:26Z,STR-E-4DE6-A,0.35 €/kWh
2026-10-08T04:32:26Z,STR-E-4DE6-B,0.35 €/kWh
2026-10-08T04:32:26Z,STR-E-4KWM-A,0.44 €/kWh
2026-10-08T04:32:26Z,STR-E-4KWM-B,0.44 €/kWh
2026-10-08T04:32:26Z,STR-E-4LRS-A,0.24 €/kWh
2026-10-08T04:32:26Z,STR-E-4UGU-A,0.24 €/kWh
2026-10-08T04:32:26Z,STR-E-4YKC-A,0 € + 0.35 €/kWh
2026-10-08T04:32:26Z,STR-E-527U-A,0 € + 0.35 €/kWh
2026-10-08T04:32:26Z,STR-E-54PK-A,0.08 € + 0.3 €/kWh
2026-10-08T04:32:26Z,STR-E-54PK-B,0.08 € + 0.3 €/kWh
2026-10-08T04:32:26Z,STR-E-55I4-A,0 € + 0.35 €/kWh
2026-10-08T04:32:26Z,STR-E-566J-A,0 € + 0.35 €/kWh
2026-10-08T04:32:26Z,STR-E-59TF-A,0.08 € + 0.3 €/kWh
2026-10-08T04:32:26Z,STR-E-5DWB-A,0.24 €/kWh
2026-10-08T04:32:26Z,STR-E-5TI5-A,0.24 €/kWh
2026-10-08T04:32:26Z,STR-E-69PN-A,0.24 €/kWh
2026-10-08T04:32:26Z,STR-E-6CNG-A,0.24 €/kWh
2026-10-08T04:32:26Z,STR-E-6E7W-A,0 € + 0.35 €/kWh
2026-10-08T04:32:26Z,STR-E-6SQH-A,0.24 €/kWh
2026-10-08T04:32:26Z,STR-E-6UZQ-A,0.36 €/kWh
2026-10-08T04:32:26Z,STR-E-6UZQ-B,0.36 €/kWh
2026-10-08T04:32:26Z,STR-E-6ZTQ-A,0 € + 0.35 €/kWh
2026-10-08T04:32:26Z,STR-E-7438-A,0 € + 0.35 €/kWh
2026-10-08T04:32:26Z,STR-E-7A48-A,0.08 € + 0.3 €/kWh
2026-10-08T04:32:26Z,STR-E-7YBN-A,0 € + 0.35 €/kWh
2026-10-08T04:32:26Z,STR-E-7Z8G-A,0.44 €/kWh
2026-10-08T04:32:26Z,STR-E-7Z8G-B,0.44 €/kWh
2026-10-08T04:32:26Z,STR-E-86C0-A,0.24 €/kWh
2026-10-08T04:32:26Z,STR-E-88SA-A,0.24 €/kWh
2026-10-08T04:32:26Z,STR-E-8A02-A,0 € + 0.35 €/kWh
2026-10-08T04:32:26Z,STR-E-8M2O-A,0.24 €/kWh
2026-10-08T04:32:26Z,STR-E-8Q9F-A,0 € + 0.35 €/kWh
2026-10-08T04:32:26Z,STR-E-8XL5-A,0.24 €/kWh
2026-10-08T04:32:26Z,STR-E-8Y23-A,0.24 €/kWh
2026-10-08T04:32:26Z,STR-E-92KW-A,0.23 € + 0.36 €/kWh
2026-10-08T04:32:26Z,STR-E-9AH3-A,0 € + 0.35 €/kWh
2026-10-08T04:32:26Z,STR-E-9I2R-A,0.24 €/kWh
2026-10-08T04:32:26Z,STR-E-9TUZ-A,0.24 €/kWh
2026-10-08T04:32:26Z,STR-E-9WY2-A,0.24 €/kWh
2026-10-08T04:32:26Z,STR-E-A169-A,0 € + 0.35 €/kWh
2026-10-08T04:32:26Z,STR-E-A27N-A,0.38 €/kWh
2026-10-08T04:32:26Z,STR-E-A27N-B,0.38 €/kWh
2026-10-08T04:32:26Z,STR-E-A27N-C,0.38 €/kWh
2026-10-08T04:32:26Z,STR-E-A442-A,0.24 €/kWh
2026-10-08T04:32:26Z,STR-E-AABG-A,0.24 €/kWh
2026-10-08T04:32:26Z,STR-E-ACMT-A,0.24 €/kWh
2026-10-08T04:32:26Z,STR-E-ADXE-A,0 € + 0.35 €/kWh
2026-10-08T04:32:26Z,STR-E-AF2O-A,0.08 € + 0.3 €/kWh
2026-10-08T04:32:26Z,STR-E-AMQK-A,0 € + 0.35 €/kWh
2026-10-08T04:32:26Z,STR-E-ANJ0-A,0.23 € + 0.36 €/kWh
2026-10-08T04:32:26Z,STR-E-ANJ0-B,0.23 € + 0.36 €/kWh
2026-10-08T04:32:26Z,STR-E-AP96-A,0.23 € + 0.36 €/kWh
2026-10-08T04:32:26Z,STR-E-AP96-B,0.23 € + 0.36 €/kWh
2026-10-08T04:32:26Z,STR-E-AUQ2-A,0 € + 0.35 €/kWh
2026-10-08T04:32:26Z,STR-E-AWF1-A,0.08 € + 0.3 €/kWh
2026-10-08T04:32:26Z,STR-E-AWF1-B,0.08 € + 0.3 €/kWh
2026-10-08T04:32:26Z,STR-E-AWJ9-A,0.38 €/kWh
2026-10-08T04:32:26Z,STR-E-AWJ9-B,0.38 €/kWh
2026-10-08T04:32:26Z,STR-E-B36V-A,0.19 € + 0.41 €/kWh
2026-10-08T04:32:26Z,STR-E-B36V-B,0.19 € + 0.41 €/kWh
2026-10-08T04:32:26Z,STR-E-BIKW-A,0.23 € + 0.36 €/kWh
2026-10-08T04:32:26Z,STR-E-BIKW-B,0.23 € + 0.36 €/kWh
2026-10-08T04:32:26Z,STR-E-BXA5-A,0.24 €/kWh
2026-10-08T04:32:26Z,STR-E-C91L-A,0.24 €/kWh
2026-10-08T04:32:26Z,STR-E-C99Z-A,0 € + 0.35 €/kWh
2026-10-08T04:32:26Z,STR-E-D3MB-A,0.23 € + 0.36 €/kWh
2026-10-08T04:32:26Z,STR-E-D3MB-B,0.23 € + 0.36 €/kWh
2026-10-08T04:32:26Z,STR-E-DBCC-A,0.08 € + 0.3 €/kWh
2026-10-08T04:32:26Z,STR-E-DBCC-B,0.08 € + 0.3 €/kWh
2026-10-08T04:32:26Z,STR-E-DHEJ-A,0 € + 0.35 €/kWh
2026-10-08T04:32:26Z,STR-E-E0DZ-A,0.36 €/kWh
2026-10-08T04:32:26Z,STR-E-E0DZ-B,0.36 €/kWh
2026-10-08T04:32:26Z,STR-E-E7HH-A,0.24 €/kWh
2026-10-08T04:32:26Z,STR-E-ECI7-A,0 € + 0.35 €/kWh
2026-10-08T04:32:26Z,STR-E-EFXK-A,0 € + 0.35 €/kWh
2026-10-08T04:32:26Z,STR-E-ELFQ-A,0.23 € + 0.36 €/kWh
2026-10-08T04:32:26Z,STR-E-ELFQ-B,0.23 € + 0.36 €/kWh
2026-10-08T04:32:26Z,STR-E-EPQY-A,0 € + 0.35 €/kWh
2026-10-08T04:32:26Z,STR-E-ER2N-A,0 € + 0.35 €/kWh
2026-10-08T04:32:26Z,STR-E-ES3O-A,0 € + 0.35 €/kWh
2026-10-08T04:32:26Z,STR-E-EU1U-A,0.24 €/kWh
2026-10-08T04:32:26Z,STR-E-F2G0-A,0.08 € + 0.3 €/kWh
2026-10-08T04:32:26Z,STR-E-F2G0-B,0.08 € + 0.3 €/kWh
2026-10-08T04:32:26Z,STR-E-F4B3-A,0.24 €/kWh
2026-10-08T04:32:26Z,STR-E-F5LZ-A,0.24 €/kWh
2026-10-08T04:32:26Z,STR-E-F79A-A,0.23 € + 0.36 €/kWh
2026-10-08T04:32:26Z,STR-E-F79A-B,0.23 € + 0.36 €/kWh
2026-10-08T04:32:26Z,STR-E-FGMF-A,0.24 €/kWh
2026-10-08T04:32:26Z,STR-E-FK06-A,0.24 €/kWh
2026-10-08T04:32:26Z,STR-E-FKUY-A,0 € + 0.35 €/kWh
2026-10-08T04:32:26Z,STR-E-FUE8-A,0.08 € + 0.3 €/kWh
2026-10-08T04:32:26Z,STR-E-FUE8-B,0.08 € + 0.3 €/kWh
2026-10-08T04:32:26Z,STR-E-G4VM-A,0.24 €/kWh
2026-10-08T04:32:26Z,STR-E-G518-A,0.24 €/kWh
2026-10-08T04:32:26Z,STR-E-GB9A-A,0.24 €/kWh
2026-10-08T04:32:26Z,STR-E-GE77-A,0.44 €/kWh
2026-10-08T04:32:26Z,STR-E-GE77-B,0.44 €/kWh
2026-10-08T04:32:26Z,STR-E-GFB3-A,0 € + 0.35 €/kWh
2026-10-08T04:32:26Z,STR-E-GGV8-A,0.24 €/kWh
2026-10-08T04:32:26Z,STR-E-GHJA-A,0.24 €/kWh
2026-10-08T04:32:26Z,STR-E-GK0C-A,0 € + 0.35 €/kWh
2026-10-08T04:32:26Z,STR-E-GR5K-A,0.24 €/kWh
2026-10-08T04:32:26Z,STR-E-H6Q5-A,0.24 €/kWh
2026-10-08T04:32:26Z,STR-E-HHXV-A,0 € + 0.35 €/kWh
2026-10-08T04:32:26Z,STR-E-I1KE-A,0 € + 0.35 €/kWh
2026-10-08T04:32:26Z,STR-E-I4UZ-A,0.24 €/kWh
2026-10-08T04:32:26Z,STR-E-I5FH-A,0.24 €/kWh
2026-10-08T04:32:26Z,STR-E-I8C6-A,0.24 €/kWh
2026-10-08T04:32:26Z,STR-E-IA3X-A,0.24 €/kWh
2026-10-08T04:32:26Z,STR-E-IAO5-A,0 € + 0.35 €/kWh
2026-10-08T04:32:26Z,STR-E-IGH5-A,0.23 € + 0.36 €/kWh
2026-10-08T04:32:26Z,STR-E-IGH5-B,0.23 € + 0.36 €/kWh
2026-10-08T04:32:26Z,STR-E-IIKL-A,0.08 € + 0.3 €/kWh
2026-10-08T04:32:26Z,STR-E-IIKL-B,0.08 € + 0.3 €/kWh
2026-10-08T04:32:26Z,STR-E-IPEC-A,0 € + 0.35 €/kWh
2026-10-08T04:32:26Z,STR-E-IV6T-A,0 € + 0.35 €/kWh
2026-10-08T04:32:26Z,STR-E-J54N-A,0 € + 0.35 €/kWh
2026-10-08T04:32:26Z,STR-E-J6DA-A,0 € + 0.35 €/kWh
2026-10-08T04:32:26Z,STR-E-J8VF-A,0 € + 0.35 €/kWh
2026-10-08T04:32:26Z,STR-E-JG90-A,0.26 €/kWh + 0.3 €
2026-10-08T04:32:26Z,STR-E-JG90-B,0.26 €/kWh + 0.3 €
2026-10-08T04:32:26Z,STR-E-JMOR-A,0 € + 0.35 €/kWh
2026-10-08T04:32:26Z,STR-E-JVO0-A,0.24 €/kWh
2026-10-08T04:32:26Z,STR-E-K217-A,0 € + 0.35 €/kWh
2026-10-08T04:32:26Z,STR-E-K73C-A,0.23 € + 0.36 €/kWh
2026-10-08T04:32:26Z,STR-E-K73C-B,0.23 € + 0.36 €/kWh
2026-10-08T04:32:26Z,STR-E-KBZL-A,0.24 €/kWh
2026-10-08T04:32:26Z,STR-E-KOHN-A,0 € + 0.35 €/kWh
2026-10-08T04:32:26Z,STR-E-KT5B-A,0 € + 0.35 €/kWh
2026-10-08T04:32:26Z,STR-E-KUKS-A,0.08 € + 0.3 €/kWh
2026-10-08T04:32:26Z,STR-E-KUKS-B,0.08 € + 0.3 €/kWh
2026-10-08T04:32:26Z,STR-E-L84D-A,0.24 €/kWh
2026-10-08T04:32:26Z,STR-E-LISV-A,0.24 €/kWh
2026-10-08T04:32:26Z,STR-E-LKFQ-A,0.24 €/kWh
2026-10-08T04:32:26Z,STR-E-LREY-A,0.57 €/kWh
2026-10-08T04:32:26Z,STR-E-M1IB-A,0.24 €/kWh
2026-10-08T04:32:26Z,STR-E-M8WL-A,0.24 €/kWh
2026-10-08T04:32:26Z,STR-E-M9W7-A,0.24 €/kWh
2026-10-08T04:32:26Z,STR-E-MIP3-A,0.35 €/kWh
2026-10-08T04:32:26Z,STR-E-MIP3-B,0.35 €/kWh
2026-10-08T04:32:26Z,STR-E-MSEN-A,0.24 €/kWh
2026-10-08T04:32:26Z,STR-E-MSUL-A,0.24 €/kWh
2026-10-08T04:32:26Z,STR-E-N6P5-A,0.24 €/kWh
2026-10-08T04:32:26Z,STR-E-NCKT-A,0.08 € + 0.3 €/kWh
2026-10-08T04:32:26Z,STR-E-NCKT-B,0.08 € + 0.3 €/kWh
2026-10-08T04:32:26Z,STR-E-NDU2-A,0 € + 0.35 €/kWh
2026-10-08T04:32:26Z,STR-E-NDZ4-A,0 € + 0.35 €/kWh
2026-10-08T04:32:26Z,STR-E-NFV5-A,0 € + 0.35 €/kWh
2026-10-08T04:32:26Z,STR-E-NNGC-A,0.24 €/kWh
2026-10-08T04:32:26Z,STR-E-NSGB-A,0 € + 0.35 €/kWh
2026-10-08T04:32:26Z,STR-E-NY0Q-A,0.15 € + 0.38 €/kWh
2026-10-08T04:32:26Z,STR-E-O0VK-A,0.24 €/kWh
2026-10-08T04:32:26Z,STR-E-O5JX-A,0 € + 0.35 €/kWh
2026-10-08T04:32:26Z,STR-E-O5YW-A,0.08 € + 0.3 €/kWh
2026-10-08T04:32:26Z,STR-E-O5YW-B,0.08 € + 0.3 €/kWh
2026-10-08T04:32:26Z,STR-E-ODBK-A,0.44 €/kWh
2026-10-08T04:32:26Z,STR-E-ODBK-B,0.44 €/kWh
2026-10-08T04:32:26Z,STR-E-OFWF-A,0 € + 0.35 €/kWh
2026-10-08T04:32:26Z,STR-E-OG1X-A,0.24 €/kWh
2026-10-08T04:32:26Z,STR-E-OHH6-A,0 € + 0.35 €/kWh
2026-10-08T04:32:26Z,STR-E-OJ3E-A,0.23 € + 0.36 €/kWh
2026-10-08T04:32:26Z,STR-E-OJ3E-B,0.23 € + 0.36 €/kWh
2026-10-08T04:32:26Z,STR-E-OQKZ-A,0.24 €/kWh
2026-10-08T04:32:26Z,STR-E-P46N-A,0 € + 0.35 €/kWh
2026-10-08T04:32:26Z,STR-E-P7AF-A,0.08 € + 0.3 €/kWh
2026-10-08T04:32:26Z,STR-E-P7AF-B,0.08 € + 0.3 €/kWh
2026-10-08T04:32:26Z,STR-E-PC04-A,0.24 €/kWh
2026-10-08T04:32:26Z,STR-E-PDR2-A,0.24 €/kWh
2026-10-08T04:32:26Z,STR-E-PJCQ-A,0.08 € + 0.3 €/kWh
2026-10-08T04:32:26Z,STR-E-PJCQ-B,0.08 € + 0.3 €/kWh
2026-10-08T04:32:26Z,STR-E-PM3P-A,0.23 € + 0.36 €/kWh
2026-10-08T04:32:26Z,STR-E-PM3P-B,0.23 € + 0.36 €/kWh
2026-10-08T04:32:26Z,STR-E-PRUQ-A,0.24 €/kWh
2026-10-08T04:32:26Z,STR-E-PSU9-A,0.24 €/kWh
2026-10-08T04:32:26Z,STR-E-PZ9U-A,0.24 €/kWh
2026-10-08T04:32:26Z,STR-E-PZES-A,0.24 €/kWh
2026-10-08T04:32:26Z,STR-E-Q5YF-A,0.23 € + 0.36 €/kWh
2026-10-08T04:32:26Z,STR-E-Q5YF-B,0.23 € + 0.36 €/kWh
2026-10-08T04:32:26Z,STR-E-Q7LB-A,0.23 € + 0.36 €/kWh
2026-10-08T04:32:26Z,STR-E-Q7LB-B,0.23 € + 0.36 €/kWh
2026-10-08T04:32:26Z,STR-E-QAXH-A,0.15 € + 0.38 €/kWh
2026-10-08T04:32:26Z,STR-E-QE1X-A,0.08 € + 0.3 €/kWh
2026-10-08T04:32:26Z,STR-E-QE1X-B,0.08 € + 0.3 €/kWh
2026-10-08T04:32:26Z,STR-E-QEDL-A,0.24 €/kWh
2026-10-08T04:32:26Z,STR-E-QIQM-A,0.24 €/kWh
2026-10-08T04:32:26Z,STR-E-QLC9-A,0.35 €/kWh
2026-10-08T04:32:26Z,STR-E-QLC9-B,0.35 €/kWh
2026-10-08T04:32:26Z,STR-E-R0J8-A,0.24 €/kWh
2026-10-08T04:32:26Z,STR-E-R1MT-A,0.23 € + 0.36 €/kWh
2026-10-08T04:32:26Z,STR-E-R1MT-B,0.23 € + 0.36 €/kWh
2026-10-08T04:32:26Z,STR-E-R1PI-A,0.23 € + 0.36 €/kWh
2026-10-08T04:32:26Z,STR-E-R1PI-B,0.23 € + 0.36 €/kWh
2026-10-08T04:32:26Z,STR-E-R2LK-A,0.23 € + 0.36 €/kWh
2026-10-08T04:32:26Z,STR-E-R2LK-B,0.23 € + 0.36 €/kWh
2026-10-08T04:32:26Z,STR-E-R8PQ-A,0 € + 0.35 €/kWh
2026-10-08T04:32:26Z,STR-E-R9GA-A,0.24 €/kWh
2026-10-08T04:32:26Z,STR-E-RJH9-A,0.24 €/kWh
2026-10-08T04:32:26Z,STR-E-RKWJ-A,0.24 €/kWh
2026-10-08T04:32:26Z,STR-E-S42D-A,0.24 €/kWh
2026-10-08T04:32:26Z,STR-E-S6VR-A,0 € + 0.35 €/kWh
2026-10-08T04:32:26Z,STR-E-S7YR-A,0.23 € + 0.36 €/kWh
2026-10-08T04:32:26Z,STR-E-S7YR-B,0.23 € + 0.36 €/kWh
2026-10-08T04:32:26Z,STR-E-SGC2-A,0 € + 0.35 €/kWh
2026-10-08T04:32:26Z,STR-E-SJKA-A,0.24 €/kWh
2026-10-08T04:32:26Z,STR-E-SQX8-A,0.08 € + 0.3 €/kWh
2026-10-08T04:32:26Z,STR-E-SQX8-B,0.08 € + 0.3 €/kWh
2026-10-08T04:32:26Z,STR-E-SVR3-A,0.23 € + 0.36 €/kWh
2026-10-08T04:32:26Z,STR-E-SVR3-B,0.23 € + 0.36 €/kWh
2026-10-08T04:32:26Z,STR-E-SY9Y-A,0.24 €/kWh
2026-10-08T04:32:26Z,STR-E-TO2O-A,0.24 €/kWh
2026-10-08T04:32:26Z,STR-E-TX67-A,0.38 €/kWh
2026-10-08T04:32:26Z,STR-E-TX67-B,0.38 €/kWh
2026-10-08T04:32:26Z,STR-E-U41O-A,0 € + 0.35 €/kWh
2026-10-08T04:32:26Z,STR-E-U5TP-A,0.24 €/kWh
2026-10-08T04:32:26Z,STR-E-UKPS-A,0.15 € + 0.38 €/kWh
2026-10-08T04:32:26Z,STR-E-UPAQ-A,0.35 €/kWh
2026-10-08T04:32:26Z,STR-E-UPAQ-B,0.35 €/kWh
2026-10-08T04:32:26Z,STR-E-UPOS-A,0.08 € + 0.3 €/kWh
2026-10-08T04:32:26Z,STR-E-UPOS-B,0.08 € + 0.3 €/kWh
2026-10-08T04:32:26Z,STR-E-UY5H-A,0.24 €/kWh
2026-10-08T04:32:26Z,STR-E-V17G-A,0.24 €/kWh
2026-10-08T04:32:26Z,STR-E-V31J-A,0.24 €/kWh
2026-10-08T04:32:26Z,STR-E-V50T-A,0.24 €/kWh
2026-10-08T04:32:26Z,STR-E-V9SD-A,0.24 €/kWh
2026-10-08T04:32:26Z,STR-E-V9ZR-A,0.24 €/kWh
2026-10-08T04:32:26Z,STR-E-VBMP-A,0.24 €/kWh
2026-10-08T04:32:26Z,STR-E-VJBJ-A,0 € + 0.35 €/kWh
2026-10-08T04:32:26Z,STR-E-VPDB-A,0.24 €/kWh
2026-10-08T04:32:26Z,STR-E-VQ06-A,0 € + 0.35 €/kWh
2026-10-08T04:32:26Z,STR-E-VSDJ-A,0.38 €/kWh
2026-10-08T04:32:26Z,STR-E-VSDJ-B,0.38 €/kWh
2026-10-08T04:32:26Z,STR-E-VT0G-A,0.24 €/kWh
2026-10-08T04:32:26Z,STR-E-VX2O-A,0 € + 0.35 €/kWh
2026-10-08T04:32:26Z,STR-E-VXGH-A,0.24 €/kWh
2026-10-08T04:32:26Z,STR-E-W1X4-A,0.24 €/kWh
2026-10-08T04:32:26Z,STR-E-WEE3-A,0.23 € + 0.36 €/kWh
2026-10-08T04:32:26Z,STR-E-WEE3-B,0.23 € + 0.36 €/kWh
2026-10-08T04:32:26Z,STR-E-WHZ1-A,0 € + 0.35 €/kWh
2026-10-08T04:32:26Z,STR-E-WLGM-A,0 € + 0.35 €/kWh
2026-10-08T04:32:26Z,STR-E-WTQ5-A,0.36 €/kWh
2026-10-08T04:32:26Z,STR-E-WXV8-A,0.24 €/kWh
2026-10-08T04:32:26Z,STR-E-WYFE-A,0.36 €/kWh
2026-10-08T04:32:26Z,STR-E-WYFE-B,0.36 €/kWh
2026-10-08T04:32:26Z,STR-E-WYYC-A,0.23 € + 0.36 €/kWh
2026-10-08T04:32:26Z,STR-E-WYYC-B,0.23 € + 0.36 €/kWh
2026-10-08T04:32:26Z,STR-E-WZW9-A,0.24 €/kWh
2026-10-08T04:32:26Z,STR-E-X525-A,0.24 €/kWh
2026-10-08T04:32:26Z,STR-E-X54O-A,0 € + 0.35 €/kWh
2026-10-08T04:32:26Z,STR-E-XCMJ-A,0.08 € + 0.3 €/kWh
2026-10-08T04:32:26Z,STR-E-XCMJ-B,0.08 € + 0.3 €/kWh
2026-10-08T04:32:26Z,STR-E-XFON-A,0.24 €/kWh
2026-10-08T04:32:26Z,STR-E-XG69-A,0.08 € + 0.3 €/kWh
2026-10-08T04:32:26Z,STR-E-XG69-B,0.08 € + 0.3 €/kWh
2026-10-08T04:32:26Z,STR-E-XH51-A,0 € + 0.35 €/kWh
2026-10-08T04:32:26Z,STR-E-XKW2-A,0.23 € + 0.36 €/kWh
2026-10-08T04:32:26Z,STR-E-XKW2-B,0.23 € + 0.36 €/kWh
2026-10-08T04:32:26Z,STR-E-XRV8-A,0 € + 0.35 €/kWh
2026-10-08T04:32:26Z,STR-E-Y7JK-A,0 € + 0.35 €/kWh
2026-10-08T04:32:26Z,STR-E-Y82E-A,0 € + 0.35 €/kWh
2026-10-08T04:32:26Z,STR-E-YC50-A,0.24 €/kWh
2026-10-08T04:32:26Z,STR-E-Z2PJ-A,0.08 € + 0.3 €/kWh
2026-10-08T04:32:26Z,STR-E-Z2PJ-B,0.08 € + 0.3 €/kWh
2026-10-08T04:32:26Z,STR-E-ZA6O-A,0.24 €/kWh
2026-10-08T04:32:26Z,STR-E-ZEP7-A,0 € + 0.35 €/kWh
2026-10-08T04:32:26Z,STR-E-ZIAZ-A,0 € + 0.35 €/kWh
2026-10-08T04:32:26Z,STR-E-ZK9W-A,0 € + 0.35 €/kWh
2026-10-08T04:32:26Z,STR-E-ZS00-A,0.23 € + 0.36 €/kWh
2026-10-08T04:32:26Z,STR-E-ZS00-B,0.23 € + 0.36 €/kWh
2026-10-08T04:32:26Z,STR-E-ZWU5-A,0.08 € + 0.3 €/kWh
2026-10-08T04:32:26Z,STR-E-ZWU5-B,0.08 € + 0.3 €/kWh
2026-10-08T04:47:33Z,IKR-E-1220-A,0.3 € + 0.53 €/kWh
2026-10-08T04:47:33Z,IKR-E-1871-A,0.3 € + 0.53 €/kWh
2026-10-08T04:47:33Z,IKR-E-2G8J-A,0.3 € + 0.53 €/kWh
2026-10-08T04:47:33Z,IKR-E-3TSR-A,0.3 € + 0.53 €/kWh
2026-10-08T04:47:33Z,IKR-E-5715-A,0.3 € + 0.53 €/kWh
2026-10-08T04:47:33Z,IKR-E-5730-A,0.3 € + 0.59 €/kWh
2026-10-08T04:47:33Z,IKR-E-5CGU-A,0.3 € + 0.53 €/kWh
2026-10-08T04:47:33Z,IKR-E-7718-A,0.3 € + 0.59 €/kWh
2026-10-08T04:47:33Z,IKR-E-DVCM-A,0.3 € + 0.53 €/kWh
2026-10-08T04:47:33Z,IKR-E-E228-A,0.3 € + 0.5 €/kWh
2026-10-08T04:47:33Z,IKR-E-E475-A,0.3 € + 0.52 €/kWh
2026-10-08T04:47:33Z,IKR-E-E544-A,0.3 € + 0.52 €/kWh
2026-10-08T04:47:33Z,IKR-E-EKZA-A,0.3 € + 0.5 €/kWh
2026-10-08T04:47:33Z,IKR-E-GAY9-A,0.3 € + 0.53 €/kWh
2026-10-08T04:47:33Z,IKR-E-IZW2-A,0.3 € + 0.53 €/kWh
2026-10-08T04:47:33Z,IKR-E-J1JV-A,0.3 € + 0.5 €/kWh
2026-10-08T04:47:33Z,IKR-E-JJAJ-A,0.3 € + 0.53 €/kWh
2026-10-08T04:47:33Z,IKR-E-KMBH-A,0.3 € + 0.53 €/kWh
2026-10-08T04:47:33Z,IKR-E-LJZI-A,0.3 € + 0.53 €/kWh
2026-10-08T04:47:33Z,IKR-E-OWF5-A,0.3 € + 0.54 €/kWh
2026-10-08T04:47:33Z,IKR-E-XIH2-A,0.3 € + 0.53 €/kWh
2026-10-08T04:47:33Z,IKR-E-Y2Z8-A,0.3 € + 0.46 €/kWh
2026-10-08T04:47:33Z,IKR-P-IV7E-B,0.3 € + 0.53 €/kWh
2026-10-08T04:47:33Z,IKR-P-SCM5-A,0.3 € + 0.54 €/kWh
2026-10-08T04:47:33Z,IKR-P-V9X4-A,0.3 € + 0.54 €/kWh
2026-10-08T04:47:33Z,IKR-P-V9X4-B,0.3 € + 0.54 €/kWh
2026-10-08T04:47:33Z,STR-E-02VO-A,0.39 €/kWh
2026-10-08T04:47:33Z,STR-E-02VO-B,0.39 €/kWh
2026-10-08T04:47:33Z,STR-E-04YS-A,0 € + 0.36 €/kWh
2026-10-08T04:47:33Z,STR-E-1X30-A,0 € + 0.36 €/kWh
2026-10-08T04:47:33Z,STR-E-2446-A,0 € + 0.36 €/kWh
2026-10-08T04:47:33Z,STR-E-2K1Q-A,0 € + 0.36 €/kWh
2026-10-08T04:47:33Z,STR-E-2XDJ-A,0 € + 0.36 €/kWh
2026-10-08T04:47:33Z,STR-E-3WE5-A,0 € + 0.36 €/kWh
2026-10-08T04:47:33Z,STR-E-4156-A,0.41 €/kWh
2026-10-08T04:47:33Z,STR-E-4156-B,0.41 €/kWh
2026-10-08T04:47:33Z,STR-E-4YKC-A,0 € + 0.36 €/kWh
2026-10-08T04:47:33Z,STR-E-527U-A,0 € + 0.36 €/kWh
2026-10-08T04:47:33Z,STR-E-55I4-A,0 € + 0.36 €/kWh
2026-10-08T04:47:33Z,STR-E-566J-A,0 € + 0.36 €/kWh
2026-10-08T04:47:33Z,STR-E-6E7W-A,0 € + 0.36 €/kWh
2026-10-08T04:47:33Z,STR-E-6ZTQ-A,0 € + 0.36 €/kWh
2026-10-08T04:47:33Z,STR-E-7438-A,0 € + 0.36 €/kWh
2026-10-08T04:47:33Z,STR-E-7YBN-A,0 € + 0.36 €/kWh
2026-10-08T04:47:33Z,STR-E-8A02-A,0 € + 0.36 €/kWh
2026-10-08T04:47:33Z,STR-E-8Q9F-A,0 € + 0.36 €/kWh
2026-10-08T04:47:33Z,STR-E-9AH3-A,0 € + 0.36 €/kWh
2026-10-08T04:47:33Z,STR-E-A169-A,0 € + 0.36 €/kWh
2026-10-08T04:47:33Z,STR-E-A27N-A,0.39 €/kWh
2026-10-08T04:47:33Z,STR-E-A27N-B,0.39 €/kWh
2026-10-08T04:47:33Z,STR-E-A27N-C,0.39 €/kWh
2026-10-08T04:47:33Z,STR-E-ADXE-A,0 € + 0.36 €/kWh
2026-10-08T04:47:33Z,STR-E-AMQK-A,0 € + 0.36 €/kWh
2026-10-08T04:47:33Z,STR-E-AUQ2-A,0 € + 0.36 €/kWh
2026-10-08T04:47:33Z,STR-E-AWJ9-A,0.39 €/kWh
2026-10-08T04:47:33Z,STR-E-AWJ9-B,0.39 €/kWh
2026-10-08T04:47:33Z,STR-E-C99Z-A,0 € + 0.36 €/kWh
2026-10-08T04:47:33Z,STR-E-DHEJ-A,0 € + 0.36 €/kWh
2026-10-08T04:47:33Z,STR-E-ECI7-A,0 € + 0.36 €/kWh
2026-10-08T04:47:33Z,STR-E-EFXK-A,0 € + 0.36 €/kWh
2026-10-08T04:47:33Z,STR-E-EPQY-A,0 € + 0.36 €/kWh
2026-10-08T04:47:33Z,STR-E-ER2N-A,0 € + 0.36 €/kWh
2026-10-08T04:47:33Z,STR-E-ES3O-A,0 € + 0.36 €/kWh
2026-10-08T04:47:33Z,STR-E-FKUY-A,0 € + 0.36 €/kWh
2026-10-08T04:47:33Z,STR-E-GFB3-A,0 € + 0.36 €/kWh
2026-10-08T04:47:33Z,STR-E-GK0C-A,0 € + 0.36 €/kWh
2026-10-08T04:47:33Z,STR-E-HHXV-A,0 € + 0.36 €/kWh
2026-10-08T04:47:33Z,STR-E-I1KE-A,0 € + 0.36 €/kWh
2026-10-08T04:47:33Z,STR-E-IAO5-A,0 € + 0.36 €/kWh
2026-10-08T04:47:33Z,STR-E-IPEC-A,0 € + 0.36 €/kWh
2026-10-08T04:47:33Z,STR-E-IV6T-A,0 € + 0.36 €/kWh
2026-10-08T04:47:33Z,STR-E-J54N-A,0 € + 0.36 €/kWh
2026-10-08T04:47:33Z,STR-E-J6DA-A,0 € + 0.36 €/kWh
2026-10-08T04:47:33Z,STR-E-J8VF-A,0 € + 0.36 €/kWh
2026-10-08T04:47:33Z,STR-E-JMOR-A,0 € + 0.36 €/kWh
2026-10-08T04:47:33Z,STR-E-K217-A,0 € + 0.36 €/kWh
2026-10-08T04:47:33Z,STR-E-KOHN-A,0 € + 0.36 €/kWh
2026-10-08T04:47:33Z,STR-E-KT5B-A,0 € + 0.36 €/kWh
2026-10-08T04:47:33Z,STR-E-NDU2-A,0 € + 0.36 €/kWh
2026-10-08T04:47:33Z,STR-E-NDZ4-A,0 € + 0.36 €/kWh
2026-10-08T04:47:33Z,STR-E-NFV5-A,0 € + 0.36 €/kWh
2026-10-08T04:47:33Z,STR-E-NSGB-A,0 € + 0.36 €/kWh
2026-10-08T04:47:33Z,STR-E-NY0Q-A,0.15 € + 0.39 €/kWh
2026-10-08T04:47:33Z,STR-E-O5JX-A,0 € + 0.36 €/kWh
2026-10-08T04:47:33Z,STR-E-OFWF-A,0 € + 0.36 €/kWh
2026-10-08T04:47:33Z,STR-E-OHH6-A,0 € + 0.36 €/kWh
2026-10-08T04:47:33Z,STR-E-P46N-A,0 € + 0.36 €/kWh
2026-10-08T04:47:33Z,STR-E-QAXH-A,0.15 € + 0.39 €/kWh
2026-10-08T04:47:33Z,STR-E-R8PQ-A,0 € + 0.36 €/kWh
2026-10-08T04:47:33Z,STR-E-S6VR-A,0 € + 0.36 €/kWh
2026-10-08T04:47:33Z,STR-E-SGC2-A,0 € + 0.36 €/kWh
2026-10-08T04:47:33Z,STR-E-TX67-A,0.39 €/kWh
2026-10-08T04:47:33Z,STR-E-TX67-B,0.39 €/kWh
2026-10-08T04:47:33Z,STR-E-U41O-A,0 € + 0.36 €/kWh
2026-10-08T04:47:33Z,STR-E-UKPS-A,0.15 € + 0.39 €/kWh
2026-10-08T04:47:33Z,STR-E-VJBJ-A,0 € + 0.36 €/kWh
2026-10-08T04:47:33Z,STR-E-VQ06-A,0 € + 0.36 €/kWh
2026-10-08T04:47:33Z,STR-E-VSDJ-A,0.39 €/kWh
2026-10-08T04:47:33Z,STR-E-VSDJ-B,0.39 €/kWh
2026-10-08T04:47:33Z,STR-E-VX2O-A,0 € + 0.36 €/kWh
2026-10-08T04:47:33Z,STR-E-WHZ1-A,0 € + 0.36 €/kWh
2026-10-08T04:47:33Z,STR-E-WLGM-A,0 € + 0.36 €/kWh
2026-10-08T04:47:33Z,STR-E-X54O-A,0 € + 0.36 €/kWh
2026-10-08T04:47:33Z,STR-E-XH51-A,0 € + 0.36 €/kWh
2026-10-08T04:47:33Z,STR-E-XRV8-A,0 € + 0.36 €/kWh
2026-10-08T04:47:33Z,STR-E-Y7JK-A,0 € + 0.36 €/kWh
2026-10-08T04:47:33Z,STR-E-Y82E-A,0 € + 0.36 €/kWh
2026-10-08T04:47:33Z,STR-E-ZEP7-A,0 € + 0.36 €/kWh
2026-10-08T04:47:33Z,STR-E-ZIAZ-A,0 € + 0.36 €/kWh
2026-10-08T04:47:33Z,STR-E-ZK9W-A,0 € + 0.36 €/kWh
2026-10-08T05:02:26Z,IGN-E-0X0P-A,3 €/val. parkavimo mokestis + 0.35 €/kWh
2026-10-08T05:02:26Z,IGN-E-0X0P-B,3 €/val. parkavimo mokestis + 0.35 €/kWh
2026-10-08T05:02:26Z,IGN-E-0X0P-C,3 €/val. parkavimo mokestis + 0.35 €/kWh
2026-10-08T05:02:26Z,IGN-E-0X0P-D,3 €/val. parkavimo mokestis + 0.35 €/kWh
2026-10-08T05:02:26Z,IGN-E-0X0P-E,3 €/val. parkavimo mokestis + 0.35 €/kWh
2026-10-08T05:02:26Z,IGN-E-0X0P-F,3 €/val. parkavimo mokestis + 0.35 €/kWh
2026-10-08T05:02:26Z,IGN-E-0X0P-G,3 €/val. parkavimo mokestis + 0.35 €/kWh
2026-10-08T05:02:26Z,IGN-E-0X0P-H,3 €/val. parkavimo mokestis + 0.35 €/kWh
2026-10-08T05:02:26Z,IGN-E-0X0P-I,3 €/val. parkavimo mokestis + 0.35 €/kWh
2026-10-08T05:02:26Z,IGN-E-370-A,3 €/val. parkavimo mokestis + 0.35 €/kWh
2026-10-08T05:02:26Z,IGN-E-370-B,3 €/val. parkavimo mokestis + 0.35 €/kWh
2026-10-08T05:02:26Z,IGN-E-370-C,3 €/val. parkavimo mokestis + 0.35 €/kWh
2026-10-08T05:02:26Z,IGN-E-370-D,3 €/val. parkavimo mokestis + 0.35 €/kWh
2026-10-08T05:02:26Z,IGN-E-370-E,3 €/val. parkavimo mokestis + 0.35 €/kWh
2026-10-08T05:02:26Z,IGN-E-370-F,3 €/val. parkavimo mokestis + 0.35 €/kWh
2026-10-08T05:02:26Z,IGN-E-CK94-A,3 €/val. parkavimo mokestis + 0.35 €/kWh
2026-10-08T05:02:26Z,IGN-E-CK94-B,3 €/val. parkavimo mokestis + 0.35 €/kWh
2026-10-08T05:02:26Z,IGN-E-CK94-C,3 €/val. parkavimo mokestis + 0.35 €/kWh
2026-10-08T05:02:26Z,IGN-E-CK94-D,3 €/val. parkavimo mokestis + 0.35 €/kWh
2026-10-08T05:02:26Z,IKR-E-1220-A,0.3 € + 0.54 €/kWh
2026-10-08T05:02:26Z,IKR-E-1871-A,0.3 € + 0.54 €/kWh
2026-10-08T05:02:26Z,IKR-E-2G8J-A,0.3 € + 0.54 €/kWh
2026-10-08T05:02:26Z,IKR-E-3855-A,0.3 € + 0.21 €/kWh
2026-10-08T05:02:26Z,IKR-E-3TSR-A,0.3 € + 0.54 €/kWh
2026-10-08T05:02:26Z,IKR-E-5715-A,0.3 € + 0.54 €/kWh
2026-10-08T05:02:26Z,IKR-E-5730-A,0.3 € + 0.61 €/kWh
2026-10-08T05:02:26Z,IKR-E-5CGU-A,0.3 € + 0.54 €/kWh
2026-10-08T05:02:26Z,IKR-E-7718-A,0.3 € + 0.61 €/kWh
2026-10-08T05:02:26Z,IKR-E-9635-A,0.3 € + 0.21 €/kWh
2026-10-08T05:02:26Z,IKR-E-DVCM-A,0.3 € + 0.54 €/kWh
2026-10-08T05:02:26Z,IKR-E-E228-A,0.3 € + 0.52 €/kWh
2026-10-08T05:02:26Z,IKR-E-E475-A,0.3 € + 0.54 €/kWh
2026-10-08T05:02:26Z,IKR-E-E544-A,0.3 € + 0.54 €/kWh
2026-10-08T05:02:26Z,IKR-E-EKZA-A,0.3 € + 0.52 €/kWh
2026-10-08T05:02:26Z,IKR-E-GAY9-A,0.3 € + 0.54 €/kWh
2026-10-08T05:02:26Z,IKR-E-IZW2-A,0.3 € + 0.54 €/kWh
2026-10-08T05:02:26Z,IKR-E-J1JV-A,0.3 € + 0.52 €/kWh
2026-10-08T05:02:26Z,IKR-E-JJAJ-A,0.3 € + 0.54 €/kWh
2026-10-08T05:02:26Z,IKR-E-KMBH-A,0.3 € + 0.54 €/kWh
2026-10-08T05:02:26Z,IKR-E-LJZI-A,0.3 € + 0.54 €/kWh
2026-10-08T05:02:26Z,IKR-E-MAU9-A,0.29 € + 0.47 €/kWh
2026-10-08T05:02:26Z,IKR-E-W6HQ-A,0.29 € + 0.47 €/kWh
2026-10-08T05:02:26Z,IKR-E-XIH2-A,0.3 € + 0.54 €/kWh
2026-10-08T05:02:26Z,IKR-E-Y2Z8-A,0.3 € + 0.48 €/kWh
2026-10-08T05:02:26Z,IKR-P-IV7E-B,0.3 € + 0.54 €/kWh
2026-10-08T05:02:26Z,STR-E-027B-A,0.23 € + 0.37 €/kWh
2026-10-08T05:02:26Z,STR-E-027B-B,0.23 € + 0.37 €/kWh
2026-10-08T05:02:26Z,STR-E-04YS-A,0 € + 0.37 €/kWh
2026-10-08T05:02:26Z,STR-E-051F-A,0.08 € + 0.31 €/kWh
2026-10-08T05:02:26Z,STR-E-0698-A,0.25 €/kWh
2026-10-08T05:02:26Z,STR-E-0GEL-A,0.25 €/kWh
2026-10-08T05:02:26Z,STR-E-10G9-A,0.08 € + 0.31 €/kWh
2026-10-08T05:02:26Z,STR-E-10G9-B,0.08 € + 0.31 €/kWh
2026-10-08T05:02:26Z,STR-E-1162-A,0.25 €/kWh
2026-10-08T05:02:26Z,STR-E-11DT-A,0.25 €/kWh
2026-10-08T05:02:26Z,STR-E-1887-A,0.25 €/kWh
2026-10-08T05:02:26Z,STR-E-1927-A,0.25 €/kWh
2026-10-08T05:02:26Z,STR-E-1ME5-A,0.08 € + 0.31 €/kWh
2026-10-08T05:02:26Z,STR-E-1ME5-B,0.08 € + 0.31 €/kWh
2026-10-08T05:02:26Z,STR-E-1MHB-A,0.59 €/kWh
2026-10-08T05:02:26Z,STR-E-1MJQ-A,0.25 €/kWh
2026-10-08T05:02:26Z,STR-E-1X30-A,0 € + 0.37 €/kWh
2026-10-08T05:02:26Z,STR-E-21O1-A,0.37 €/kWh
2026-10-08T05:02:26Z,STR-E-21O1-B,0.37 €/kWh
2026-10-08T05:02:26Z,STR-E-2446-A,0 € + 0.37 €/kWh
2026-10-08T05:02:26Z,STR-E-2D12-A,0.25 €/kWh
2026-10-08T05:02:26Z,STR-E-2ED4-A,0.25 €/kWh
2026-10-08T05:02:26Z,STR-E-2K1Q-A,0 € + 0.37 €/kWh
2026-10-08T05:02:26Z,STR-E-2XDJ-A,0 € + 0.37 €/kWh
2026-10-08T05:02:26Z,STR-E-320G-A,0.25 €/kWh
2026-10-08T05:02:26Z,STR-E-3468-A,0.37 €/kWh
2026-10-08T05:02:26Z,STR-E-3468-B,0.37 €/kWh
2026-10-08T05:02:26Z,STR-E-3ENA-A,0.37 €/kWh
2026-10-08T05:02:26Z,STR-E-3ENA-B,0.37 €/kWh
2026-10-08T05:02:26Z,STR-E-3ENA-C,0.37 €/kWh
2026-10-08T05:02:26Z,STR-E-3FMF-A,0.23 € + 0.37 €/kWh
2026-10-08T05:02:26Z,STR-E-3FMF-B,0.23 € + 0.37 €/kWh
2026-10-08T05:02:26Z,STR-E-3PZS-A,0.25 €/kWh
2026-10-08T05:02:26Z,STR-E-3SXI-A,0.37 €/kWh
2026-10-08T05:02:26Z,STR-E-3SXI-B,0.37 €/kWh
2026-10-08T05:02:26Z,STR-E-3TZI-A,0.25 €/kWh
2026-10-08T05:02:26Z,STR-E-3WE5-A,0 € + 0.37 €/kWh
2026-10-08T05:02:26Z,STR-E-3YH3-A,0.08 € + 0.31 €/kWh
2026-10-08T05:02:26Z,STR-E-3YH3-B,0.08 € + 0.31 €/kWh
2026-10-08T05:02:26Z,STR-E-4156-A,0.42 €/kWh
2026-10-08T05:02:26Z,STR-E-4156-B,0.42 €/kWh
2026-10-08T05:02:26Z,STR-E-491A-A,0.36 €/kWh
2026-10-08T05:02:26Z,STR-E-491A-B,0.36 €/kWh
2026-10-08T05:02:26Z,STR-E-491A-C,0.36 €/kWh
2026-10-08T05:02:26Z,STR-E-4DE6-A,0.36 €/kWh
2026-10-08T05:02:26Z,STR-E-4DE6-B,0.36 €/kWh
2026-10-08T05:02:26Z,STR-E-4KWM-A,0.45 €/kWh
2026-10-08T05:02:26Z,STR-E-4KWM-B,0.45 €/kWh
2026-10-08T05:02:26Z,STR-E-4LRS-A,0.25 €/kWh
2026-10-08T05:02:26Z,STR-E-4UGU-A,0.25 €/kWh
2026-10-08T05:02:26Z,STR-E-4YKC-A,0 € + 0.37 €/kWh
2026-10-08T05:02:26Z,STR-E-527U-A,0 € + 0.37 €/kWh
2026-10-08T05:02:26Z,STR-E-54PK-A,0.08 € + 0.31 €/kWh
2026-10-08T05:02:26Z,STR-E-54PK-B,0.08 € + 0.31 €/kWh
2026-10-08T05:02:26Z,STR-E-55I4-A,0 € + 0.37 €/kWh
2026-10-08T05:02:26Z,STR-E-566J-A,0 € + 0.37 €/kWh
2026-10-08T05:02:26Z,STR-E-59TF-A,0.08 € + 0.31 €/kWh
2026-10-08T05:02:26Z,STR-E-5DWB-A,0.25 €/kWh
2026-10-08T05:02:26Z,STR-E-5TI5-A,0.25 €/kWh
2026-10-08T05:02:26Z,STR-E-69PN-A,0.25 €/kWh
2026-10-08T05:02:26Z,STR-E-6CNG-A,0.25 €/kWh
2026-10-08T05:02:26Z,STR-E-6E7W-A,0 € + 0.37 €/kWh
2026-10-08T05:02:26Z,STR-E-6SQH-A,0.25 €/kWh
2026-10-08T05:02:26Z,STR-E-6UZQ-A,0.37 €/kWh
2026-10-08T05:02:26Z,STR-E-6UZQ-B,0.37 €/kWh
2026-10-08T05:02:26Z,STR-E-6ZTQ-A,0 € + 0.37 €/kWh
2026-10-08T05:02:26Z,STR-E-7438-A,0 € + 0.37 €/kWh
2026-10-08T05:02:26Z,STR-E-7A48-A,0.08 € + 0.31 €/kWh
2026-10-08T05:02:26Z,STR-E-7YBN-A,0 € + 0.37 €/kWh
2026-10-08T05:02:26Z,STR-E-7Z8G-A,0.45 €/kWh
2026-10-08T05:02:26Z,STR-E-7Z8G-B,0.45 €/kWh
2026-10-08T05:02:26Z,STR-E-86C0-A,0.25 €/kWh
2026-10-08T05:02:26Z,STR-E-88SA-A,0.25 €/kWh
2026-10-08T05:02:26Z,STR-E-8A02-A,0 € + 0.37 €/kWh
2026-10-08T05:02:26Z,STR-E-8M2O-A,0.25 €/kWh
2026-10-08T05:02:26Z,STR-E-8Q9F-A,0 € + 0.37 €/kWh
2026-10-08T05:02:26Z,STR-E-8XL5-A,0.25 €/kWh
2026-10-08T05:02:26Z,STR-E-8Y23-A,0.25 €/kWh
2026-10-08T05:02:26Z,STR-E-92KW-A,0.23 € + 0.37 €/kWh
2026-10-08T05:02:26Z,STR-E-9AH3-A,0 € + 0.37 €/kWh
2026-10-08T05:02:26Z,STR-E-9I2R-A,0.25 €/kWh
2026-10-08T05:02:26Z,STR-E-9TUZ-A,0.25 €/kWh
2026-10-08T05:02:26Z,STR-E-9WY2-A,0.25 €/kWh
2026-10-08T05:02:26Z,STR-E-A169-A,0 € + 0.37 €/kWh
2026-10-08T05:02:26Z,STR-E-A442-A,0.25 €/kWh
2026-10-08T05:02:26Z,STR-E-AABG-A,0.25 €/kWh
2026-10-08T05:02:26Z,STR-E-ACMT-A,0.25 €/kWh
2026-10-08T05:02:26Z,STR-E-ADXE-A,0 € + 0.37 €/kWh
2026-10-08T05:02:26Z,STR-E-AF2O-A,0.08 € + 0.31 €/kWh
2026-10-08T05:02:26Z,STR-E-AMQK-A,0 € + 0.37 €/kWh
2026-10-08T05:02:26Z,STR-E-ANJ0-A,0.23 € + 0.37 €/kWh
2026-10-08T05:02:26Z,STR-E-ANJ0-B,0.23 € + 0.37 €/kWh
2026-10-08T05:02:26Z,STR-E-AP96-A,0.23 € + 0.37 €/kWh
2026-10-08T05:02:26Z,STR-E-AP96-B,0.23 € + 0.37 €/kWh
2026-10-08T05:02:26Z,STR-E-AUQ2-A,0 € + 0.37 €/kWh
2026-10-08T05:02:26Z,STR-E-AWF1-A,0.08 € + 0.31 €/kWh
2026-10-08T05:02:26Z,STR-E-AWF1-B,0.08 € + 0.31 €/kWh
2026-10-08T05:02:26Z,STR-E-B36V-A,0.19 € + 0.42 €/kWh
2026-10-08T05:02:26Z,STR-E-B36V-B,0.19 € + 0.42 €/kWh
2026-10-08T05:02:26Z,STR-E-BIKW-A,0.23 € + 0.37 €/kWh
2026-10-08T05:02:26Z,STR-E-BIKW-B,0.23 € + 0.37 €/kWh
2026-10-08T05:02:26Z,STR-E-BXA5-A,0.25 €/kWh
2026-10-08T05:02:26Z,STR-E-C91L-A,0.25 €/kWh
2026-10-08T05:02:26Z,STR-E-C99Z-A,0 € + 0.37 €/kWh
2026-10-08T05:02:26Z,STR-E-D3MB-A,0.23 € + 0.37 €/kWh
2026-10-08T05:02:26Z,STR-E-D3MB-B,0.23 € + 0.37 €/kWh
2026-10-08T05:02:26Z,STR-E-DBCC-A,0.08 € + 0.31 €/kWh
2026-10-08T05:02:26Z,STR-E-DBCC-B,0.08 € + 0.31 €/kWh
2026-10-08T05:02:26Z,STR-E-DHEJ-A,0 € + 0.37 €/kWh
2026-10-08T05:02:26Z,STR-E-E0DZ-A,0.37 €/kWh
2026-10-08T05:02:26Z,STR-E-E0DZ-B,0.37 €/kWh
2026-10-08T05:02:26Z,STR-E-E7HH-A,0.25 €/kWh
2026-10-08T05:02:26Z,STR-E-ECI7-A,0 € + 0.37 €/kWh
2026-10-08T05:02:26Z,STR-E-EFXK-A,0 € + 0.37 €/kWh
2026-10-08T05:02:26Z,STR-E-ELFQ-A,0.23 € + 0.37 €/kWh
2026-10-08T05:02:26Z,STR-E-ELFQ-B,0.23 € + 0.37 €/kWh
2026-10-08T05:02:26Z,STR-E-EPQY-A,0 € + 0.37 €/kWh
2026-10-08T05:02:26Z,STR-E-ER2N-A,0 € + 0.37 €/kWh
2026-10-08T05:02:26Z,STR-E-ES3O-A,0 € + 0.37 €/kWh
2026-10-08T05:02:26Z,STR-E-EU1U-A,0.25 €/kWh
2026-10-08T05:02:26Z,STR-E-F2G0-A,0.08 € + 0.31 €/kWh
2026-10-08T05:02:26Z,STR-E-F2G0-B,0.08 € + 0.31 €/kWh
2026-10-08T05:02:26Z,STR-E-F4B3-A,0.25 €/kWh
2026-10-08T05:02:26Z,STR-E-F5LZ-A,0.25 €/kWh
2026-10-08T05:02:26Z,STR-E-F79A-A,0.23 € + 0.37 €/kWh
2026-10-08T05:02:26Z,STR-E-F79A-B,0.23 € + 0.37 €/kWh
2026-10-08T05:02:26Z,STR-E-FGMF-A,0.25 €/kWh
2026-10-08T05:02:26Z,STR-E-FK06-A,0.25 €/kWh
2026-10-08T05:02:26Z,STR-E-FKUY-A,0 € + 0.37 €/kWh
2026-10-08T05:02:26Z,STR-E-FUE8-A,0.08 € + 0.31 €/kWh
2026-10-08T05:02:26Z,STR-E-FUE8-B,0.08 € + 0.31 €/kWh
2026-10-08T05:02:26Z,STR-E-G4VM-A,0.25 €/kWh
2026-10-08T05:02:26Z,STR-E-G518-A,0.25 €/kWh
2026-10-08T05:02:26Z,STR-E-GB9A-A,0.25 €/kWh
2026-10-08T05:02:26Z,STR-E-GE77-A,0.45 €/kWh
2026-10-08T05:02:26Z,STR-E-GE77-B,0.45 €/kWh
2026-10-08T05:02:26Z,STR-E-GFB3-A,0 € + 0.37 €/kWh
2026-10-08T05:02:26Z,STR-E-GGV8-A,0.25 €/kWh
2026-10-08T05:02:26Z,STR-E-GHJA-A,0.25 €/kWh
2026-10-08T05:02:26Z,STR-E-GK0C-A,0 € + 0.37 €/kWh
2026-10-08T05:02:26Z,STR-E-GR5K-A,0.25 €/kWh
2026-10-08T05:02:26Z,STR-E-H6Q5-A,0.25 €/kWh
2026-10-08T05:02:26Z,STR-E-HHXV-A,0 € + 0.37 €/kWh
2026-10-08T05:02:26Z,STR-E-I1KE-A,0 € + 0.37 €/kWh
2026-10-08T05:02:26Z,STR-E-I4UZ-A,0.25 €/kWh
2026-10-08T05:02:26Z,STR-E-I5FH-A,0.25 €/kWh
2026-10-08T05:02:26Z,STR-E-I8C6-A,0.25 €/kWh
2026-10-08T05:02:26Z,STR-E-IA3X-A,0.25 €/kWh
2026-10-08T05:02:26Z,STR-E-IAO5-A,0 € + 0.37 €/kWh
2026-10-08T05:02:26Z,STR-E-IGH5-A,0.23 € + 0.37 €/kWh
2026-10-08T05:02:26Z,STR-E-IGH5-B,0.23 € + 0.37 €/kWh
2026-10-08T05:02:26Z,STR-E-IIKL-A,0.08 € + 0.31 €/kWh
2026-10-08T05:02:26Z,STR-E-IIKL-B,0.08 € + 0.31 €/kWh
2026-10-08T05:02:26Z,STR-E-IPEC-A,0 € + 0.37 €/kWh
2026-10-08T05:02:26Z,STR-E-IV6T-A,0 € + 0.37 €/kWh
2026-10-08T05:02:26Z,STR-E-J54N-A,0 € + 0.37 €/kWh
2026-10-08T05:02:26Z,STR-E-J6DA-A,0 € + 0.37 €/kWh
2026-10-08T05:02:26Z,STR-E-J8VF-A,0 € + 0.37 €/kWh
2026-10-08T05:02:26Z,STR-E-JG90-A,0.27 €/kWh + 0.3 €
2026-10-08T05:02:26Z,STR-E-JG90-B,0.27 €/kWh + 0.3 €
2026-10-08T05:02:26Z,STR-E-JMOR-A,0 € + 0.37 €/kWh
2026-10-08T05:02:26Z,STR-E-JVO0-A,0.25 €/kWh
2026-10-08T05:02:26Z,STR-E-K217-A,0 € + 0.37 €/kWh
2026-10-08T05:02:26Z,STR-E-K73C-A,0.23 € + 0.37 €/kWh
2026-10-08T05:02:26Z,STR-E-K73C-B,0.23 € + 0.37 €/kWh
2026-10-08T05:02:26Z,STR-E-KBZL-A,0.25 €/kWh
2026-10-08T05:02:26Z,STR-E-KOHN-A,0 € + 0.37 €/kWh
2026-10-08T05:02:26Z,STR-E-KT5B-A,0 € + 0.37 €/kWh
2026-10-08T05:02:26Z,STR-E-KUKS-A,0.08 € + 0.31 €/kWh
2026-10-08T05:02:26Z,STR-E-KUKS-B,0.08 € + 0.31 €/kWh
2026-10-08T05:02:26Z,STR-E-L84D-A,0.25 €/kWh
2026-10-08T05:02:26Z,STR-E-LISV-A,0.25 €/kWh
2026-10-08T05:02:26Z,STR-E-LKFQ-A,0.25 €/kWh
2026-10-08T05:02:26Z,STR-E-LREY-A,0.59 €/kWh
2026-10-08T05:02:26Z,STR-E-M1IB-A,0.25 €/kWh
2026-10-08T05:02:26Z,STR-E-M8WL-A,0.25 €/kWh
2026-10-08T05:02:26Z,STR-E-M9W7-A,0.25 €/kWh
2026-10-08T05:02:26Z,STR-E-MIP3-A,0.36 €/kWh
2026-10-08T05:02:26Z,STR-E-MIP3-B,0.36 €/kWh
2026-10-08T05:02:26Z,STR-E-MSEN-A,0.25 €/kWh
2026-10-08T05:02:26Z,STR-E-MSUL-A,0.25 €/kWh
2026-10-08T05:02:26Z,STR-E-N6P5-A,0.25 €/kWh
2026-10-08T05:02:26Z,STR-E-NCKT-A,0.08 € + 0.31 €/kWh
2026-10-08T05:02:26Z,STR-E-NCKT-B,0.08 € + 0.31 €/kWh
2026-10-08T05:02:26Z,STR-E-NDU2-A,0 € + 0.37 €/kWh
2026-10-08T05:02:26Z,STR-E-NDZ4-A,0 € + 0.37 €/kWh
2026-10-08T05:02:26Z,STR-E-NFV5-A,0 € + 0.37 €/kWh
2026-10-08T05:02:26Z,STR-E-NNGC-A,0.25 €/kWh
2026-10-08T05:02:26Z,STR-E-NSGB-A,0 € + 0.37 €/kWh
2026-10-08T05:02:26Z,STR-E-NY0Q-A,0.15 € + 0.4 €/kWh
2026-10-08T05:02:26Z,STR-E-O0VK-A,0.25 €/kWh
2026-10-08T05:02:26Z,STR-E-O5JX-A,0 € + 0.37 €/kWh
2026-10-08T05:02:26Z,STR-E-O5YW-A,0.08 € + 0.31 €/kWh
2026-10-08T05:02:26Z,STR-E-O5YW-B,0.08 € + 0.31 €/kWh
2026-10-08T05:02:26Z,STR-E-ODBK-A,0.45 €/kWh
2026-10-08T05:02:26Z,STR-E-ODBK-B,0.45 €/kWh
2026-10-08T05:02:26Z,STR-E-OFWF-A,0 € + 0.37 €/kWh
2026-10-08T05:02:26Z,STR-E-OG1X-A,0.25 €/kWh
2026-10-08T05:02:26Z,STR-E-OHH6-A,0 € + 0.37 €/kWh
2026-10-08T05:02:26Z,STR-E-OJ3E-A,0.23 € + 0.37 €/kWh
2026-10-08T05:02:26Z,STR-E-OJ3E-B,0.23 € + 0.37 €/kWh
2026-10-08T05:02:26Z,STR-E-OQKZ-A,0.25 €/kWh
2026-10-08T05:02:26Z,STR-E-P46N-A,0 € + 0.37 €/kWh
2026-10-08T05:02:26Z,STR-E-P7AF-A,0.08 € + 0.31 €/kWh
2026-10-08T05:02:26Z,STR-E-P7AF-B,0.08 € + 0.31 €/kWh
2026-10-08T05:02:26Z,STR-E-PC04-A,0.25 €/kWh
2026-10-08T05:02:26Z,STR-E-PDR2-A,0.25 €/kWh
2026-10-08T05:02:26Z,STR-E-PJCQ-A,0.08 € + 0.31 €/kWh
2026-10-08T05:02:26Z,STR-E-PJCQ-B,0.08 € + 0.31 €/kWh
2026-10-08T05:02:26Z,STR-E-PM3P-A,0.23 € + 0.37 €/kWh
2026-10-08T05:02:26Z,STR-E-PM3P-B,0.23 € + 0.37 €/kWh
2026-10-08T05:02:26Z,STR-E-PRUQ-A,0.25 €/kWh
2026-10-08T05:02:26Z,STR-E-PSU9-A,0.25 €/kWh
2026-10-08T05:02:26Z,STR-E-PZ9U-A,0.25 €/kWh
2026-10-08T05:02:26Z,STR-E-PZES-A,0.25 €/kWh
2026-10-08T05:02:26Z,STR-E-Q5YF-A,0.23 € + 0.37 €/kWh
2026-10-08T05:02:26Z,STR-E-Q5YF-B,0.23 € + 0.37 €/kWh
2026-10-08T05:02:26Z,STR-E-Q7LB-A,0.23 € + 0.37 €/kWh
2026-10-08T05:02:26Z,STR-E-Q7LB-B,0.23 € + 0.37 €/kWh
2026-10-08T05:02:26Z,STR-E-QAXH-A,0.15 € + 0.4 €/kWh
2026-10-08T05:02:26Z,STR-E-QE1X-A,0.08 € + 0.31 €/kWh
2026-10-08T05:02:26Z,STR-E-QE1X-B,0.08 € + 0.31 €/kWh
2026-10-08T05:02:26Z,STR-E-QEDL-A,0.25 €/kWh
2026-10-08T05:02:26Z,STR-E-QIQM-A,0.25 €/kWh
2026-10-08T05:02:26Z,STR-E-QLC9-A,0.36 €/kWh
2026-10-08T05:02:26Z,STR-E-QLC9-B,0.36 €/kWh
2026-10-08T05:02:26Z,STR-E-R0J8-A,0.25 €/kWh
2026-10-08T05:02:26Z,STR-E-R1MT-A,0.23 € + 0.37 €/kWh
2026-10-08T05:02:26Z,STR-E-R1MT-B,0.23 € + 0.37 €/kWh
2026-10-08T05:02:26Z,STR-E-R1PI-A,0.23 € + 0.37 €/kWh
2026-10-08T05:02:26Z,STR-E-R1PI-B,0.23 € + 0.37 €/kWh
2026-10-08T05:02:26Z,STR-E-R2LK-A,0.23 € + 0.37 €/kWh
2026-10-08T05:02:26Z,STR-E-R2LK-B,0.23 € + 0.37 €/kWh
2026-10-08T05:02:26Z,STR-E-R8PQ-A,0 € + 0.37 €/kWh
2026-10-08T05:02:26Z,STR-E-R9GA-A,0.25 €/kWh
2026-10-08T05:02:26Z,STR-E-RJH9-A,0.25 €/kWh
2026-10-08T05:02:26Z,STR-E-RKWJ-A,0.25 €/kWh
2026-10-08T05:02:26Z,STR-E-S42D-A,0.25 €/kWh
2026-10-08T05:02:26Z,STR-E-S6VR-A,0 € + 0.37 €/kWh
2026-10-08T05:02:26Z,STR-E-S7YR-A,0.23 € + 0.37 €/kWh
2026-10-08T05:02:26Z,STR-E-S7YR-B,0.23 € + 0.37 €/kWh
2026-10-08T05:02:26Z,STR-E-SGC2-A,0 € + 0.37 €/kWh
2026-10-08T05:02:26Z,STR-E-SJKA-A,0.25 €/kWh
2026-10-08T05:02:26Z,STR-E-SQX8-A,0.08 € + 0.31 €/kWh
2026-10-08T05:02:26Z,STR-E-SQX8-B,0.08 € + 0.31 €/kWh
2026-10-08T05:02:26Z,STR-E-SVR3-A,0.23 € + 0.37 €/kWh
2026-10-08T05:02:26Z,STR-E-SVR3-B,0.23 € + 0.37 €/kWh
2026-10-08T05:02:26Z,STR-E-SY9Y-A,0.25 €/kWh
2026-10-08T05:02:26Z,STR-E-TO2O-A,0.25 €/kWh
2026-10-08T05:02:26Z,STR-E-U41O-A,0 € + 0.37 €/kWh
2026-10-08T05:02:26Z,STR-E-U5TP-A,0.25 €/kWh
2026-10-08T05:02:26Z,STR-E-UKPS-A,0.15 € + 0.4 €/kWh
2026-10-08T05:02:26Z,STR-E-UPAQ-A,0.36 €/kWh
2026-10-08T05:02:26Z,STR-E-UPAQ-B,0.36 €/kWh
2026-10-08T05:02:26Z,STR-E-UPOS-A,0.08 € + 0.31 €/kWh
2026-10-08T05:02:26Z,STR-E-UPOS-B,0.08 € + 0.31 €/kWh
2026-10-08T05:02:26Z,STR-E-UY5H-A,0.25 €/kWh
2026-10-08T05:02:26Z,STR-E-V17G-A,0.25 €/kWh
2026-10-08T05:02:26Z,STR-E-V31J-A,0.25 €/kWh
2026-10-08T05:02:26Z,STR-E-V50T-A,0.25 €/kWh
2026-10-08T05:02:26Z,STR-E-V9SD-A,0.25 €/kWh
2026-10-08T05:02:26Z,STR-E-V9ZR-A,0.25 €/kWh
2026-10-08T05:02:26Z,STR-E-VBMP-A,0.25 €/kWh
2026-10-08T05:02:26Z,STR-E-VJBJ-A,0 € + 0.37 €/kWh
2026-10-08T05:02:26Z,STR-E-VPDB-A,0.25 €/kWh
2026-10-08T05:02:26Z,STR-E-VQ06-A,0 € + 0.37 €/kWh
2026-10-08T05:02:26Z,STR-E-VT0G-A,0.25 €/kWh
2026-10-08T05:02:26Z,STR-E-VX2O-A,0 € + 0.37 €/kWh
2026-10-08T05:02:26Z,STR-E-VXGH-A,0.25 €/kWh
2026-10-08T05:02:26Z,STR-E-W1X4-A,0.25 €/kWh
2026-10-08T05:02:26Z,STR-E-WEE3-A,0.23 € + 0.37 €/kWh
2026-10-08T05:02:26Z,STR-E-WEE3-B,0.23 € + 0.37 €/kWh
2026-10-08T05:02:26Z,STR-E-WHZ1-A,0 € + 0.37 €/kWh
2026-10-08T05:02:26Z,STR-E-WLGM-A,0 € + 0.37 €/kWh
2026-10-08T05:02:26Z,STR-E-WTQ5-A,0.37 €/kWh
2026-10-08T05:02:26Z,STR-E-WXV8-A,0.25 €/kWh
2026-10-08T05:02:26Z,STR-E-WYFE-A,0.37 €/kWh
2026-10-08T05:02:26Z,STR-E-WYFE-B,0.37 €/kWh
2026-10-08T05:02:26Z,STR-E-WYYC-A,0.23 € + 0.37 €/kWh
2026-10-08T05:02:26Z,STR-E-WYYC-B,0.23 € + 0.37 €/kWh
2026-10-08T05:02:26Z,STR-E-WZW9-A,0.25 €/kWh
2026-10-08T05:02:26Z,STR-E-X525-A,0.25 €/kWh
2026-10-08T05:02:26Z,STR-E-X54O-A,0 € + 0.37 €/kWh
2026-10-08T05:02:26Z,STR-E-XCMJ-A,0.08 € + 0.31 €/kWh
2026-10-08T05:02:26Z,STR-E-XCMJ-B,0.08 € + 0.31 €/kWh
2026-10-08T05:02:26Z,STR-E-XFON-A,0.25 €/kWh
2026-10-08T05:02:26Z,STR-E-XG69-A,0.08 € + 0.31 €/kWh
2026-10-08T05:02:26Z,STR-E-XG69-B,0.08 € + 0.31 €/kWh
2026-10-08T05:02:26Z,STR-E-XH51-A,0 € + 0.37 €/kWh
2026-10-08T05:02:26Z,STR-E-XKW2-A,0.23 € + 0.37 €/kWh
2026-10-08T05:02:26Z,STR-E-XKW2-B,0.23 € + 0.37 €/kWh
2026-10-08T05:02:26Z,STR-E-XRV8-A,0 € + 0.37 €/kWh
2026-10-08T05:02:26Z,STR-E-Y7JK-A,0 € + 0.37 €/kWh
2026-10-08T05:02:26Z,STR-E-Y82E-A,0 € + 0.37 €/kWh
2026-10-08T05:02:26Z,STR-E-YC50-A,0.25 €/kWh
2026-10-08T05:02:26Z,STR-E-Z2PJ-A,0.08 € + 0.31 €/kWh
2026-10-08T05:02:26Z,STR-E-Z2PJ-B,0.08 € + 0.31 €/kWh
2026-10-08T05:02:26Z,STR-E-ZA6O-A,0.25 €/kWh
2026-10-08T05:02:26Z,STR-E-ZEP7-A,0 € + 0.37 €/kWh
2026-10-08T05:02:26Z,STR-E-ZIAZ-A,0 € + 0.37 €/kWh
2026-10-08T05:02:26Z,STR-E-ZK9W-A,0 € + 0.37 €/kWh
2026-10-08T05:02:26Z,STR-E-ZS00-A,0.23 € + 0.37 €/kWh
2026-10-08T05:02:26Z,STR-E-ZS00-B,0.23 € + 0.37 €/kWh
2026-10-08T05:02:26Z,STR-E-ZWU5-A,0.08 € + 0.31 €/kWh
2026-10-08T05:02:26Z,STR-E-ZWU5-B,0.08 € + 0.31 €/kWh
2026-10-08T05:18:24Z,IKR-E-E228-A,0.3 € + 0.51 €/kWh
2026-10-08T05:18:24Z,IKR-E-EKZA-A,0.3 € + 0.51 €/kWh
2026-10-08T05:18:24Z,IKR-E-J1JV-A,0.3 € + 0.51 €/kWh
2026-10-08T05:18:24Z,IKR-E-MAU9-A,0.29 € + 0.46 €/kWh
2026-10-08T05:18:24Z,IKR-E-W6HQ-A,0.29 € + 0.46 €/kWh
2026-10-08T05:18:24Z,STR-E-02VO-A,0.4 €/kWh
2026-10-08T05:18:24Z,STR-E-02VO-B,0.4 €/kWh
2026-10-08T05:18:24Z,STR-E-A27N-A,0.4 €/kWh
2026-10-08T05:18:24Z,STR-E-A27N-B,0.4 €/kWh
2026-10-08T05:18:24Z,STR-E-A27N-C,0.4 €/kWh
2026-10-08T05:18:24Z,STR-E-AWJ9-A,0.4 €/kWh
2026-10-08T05:18:24Z,STR-E-AWJ9-B,0.4 €/kWh
2026-10-08T05:18:24Z,STR-E-TX67-A,0.4 €/kWh
2026-10-08T05:18:24Z,STR-E-TX67-B,0.4 €/kWh
2026-10-08T05:18:24Z,STR-E-VSDJ-A,0.4 €/kWh
2026-10-08T05:18:24Z,STR-E-VSDJ-B,0.4 €/kWh
2026-10-08T05:32:27Z,STR-E-027B-A,0.23 € + 0.38 €/kWh
2026-10-08T05:32:27Z,STR-E-027B-B,0.23 € + 0.38 €/kWh
2026-10-08T05:32:27Z,STR-E-1MHB-A,0.6 €/kWh
2026-10-08T05:32:27Z,STR-E-21O1-A,0.38 €/kWh
2026-10-08T05:32:27Z,STR-E-21O1-B,0.38 €/kWh
2026-10-08T05:32:27Z,STR-E-3468-A,0.38 €/kWh
2026-10-08T05:32:27Z,STR-E-3468-B,0.38 €/kWh
2026-10-08T05:32:27Z,STR-E-3ENA-A,0.38 €/kWh
2026-10-08T05:32:27Z,STR-E-3ENA-B,0.38 €/kWh
2026-10-08T05:32:27Z,STR-E-3ENA-C,0.38 €/kWh
2026-10-08T05:32:27Z,STR-E-3FMF-A,0.23 € + 0.38 €/kWh
2026-10-08T05:32:27Z,STR-E-3FMF-B,0.23 € + 0.38 €/kWh
2026-10-08T05:32:27Z,STR-E-3SXI-A,0.38 €/kWh
2026-10-08T05:32:27Z,STR-E-3SXI-B,0.38 €/kWh
2026-10-08T05:32:27Z,STR-E-6UZQ-A,0.38 €/kWh
2026-10-08T05:32:27Z,STR-E-6UZQ-B,0.38 €/kWh
2026-10-08T05:32:27Z,STR-E-92KW-A,0.23 € + 0.38 €/kWh
2026-10-08T05:32:27Z,STR-E-ANJ0-A,0.23 € + 0.38 €/kWh
2026-10-08T05:32:27Z,STR-E-ANJ0-B,0.23 € + 0.38 €/kWh
2026-10-08T05:32:27Z,STR-E-AP96-A,0.23 € + 0.38 €/kWh
2026-10-08T05:32:27Z,STR-E-AP96-B,0.23 € + 0.38 €/kWh
2026-10-08T05:32:27Z,STR-E-B36V-A,0.19 € + 0.43 €/kWh
2026-10-08T05:32:27Z,STR-E-B36V-B,0.19 € + 0.43 €/kWh
2026-10-08T05:32:27Z,STR-E-BIKW-A,0.23 € + 0.38 €/kWh
2026-10-08T05:32:27Z,STR-E-BIKW-B,0.23 € + 0.38 €/kWh
2026-10-08T05:32:27Z,STR-E-D3MB-A,0.23 € + 0.38 €/kWh
2026-10-08T05:32:27Z,STR-E-D3MB-B,0.23 € + 0.38 €/kWh
2026-10-08T05:32:27Z,STR-E-E0DZ-A,0.38 €/kWh
2026-10-08T05:32:27Z,STR-E-E0DZ-B,0.38 €/kWh
2026-10-08T05:32:27Z,STR-E-ELFQ-A,0.23 € + 0.38 €/kWh
2026-10-08T05:32:27Z,STR-E-ELFQ-B,0.23 € + 0.38 €/kWh
2026-10-08T05:32:27Z,STR-E-F79A-A,0.23 € + 0.38 €/kWh
2026-10-08T05:32:27Z,STR-E-F79A-B,0.23 € + 0.38 €/kWh
2026-10-08T05:32:27Z,STR-E-IGH5-A,0.23 € + 0.38 €/kWh
2026-10-08T05:32:27Z,STR-E-IGH5-B,0.23 € + 0.38 €/kWh
2026-10-08T05:32:27Z,STR-E-K73C-A,0.23 € + 0.38 €/kWh
2026-10-08T05:32:27Z,STR-E-K73C-B,0.23 € + 0.38 €/kWh
2026-10-08T05:32:27Z,STR-E-LREY-A,0.6 €/kWh
2026-10-08T05:32:27Z,STR-E-OJ3E-A,0.23 € + 0.38 €/kWh
2026-10-08T05:32:27Z,STR-E-OJ3E-B,0.23 € + 0.38 €/kWh
2026-10-08T05:32:27Z,STR-E-PM3P-A,0.23 € + 0.38 €/kWh
2026-10-08T05:32:27Z,STR-E-PM3P-B,0.23 € + 0.38 €/kWh
2026-10-08T05:32:27Z,STR-E-Q5YF-A,0.23 € + 0.38 €/kWh
2026-10-08T05:32:27Z,STR-E-Q5YF-B,0.23 € + 0.38 €/kWh
2026-10-08T05:32:27Z,STR-E-Q7LB-A,0.23 € + 0.38 €/kWh
2026-10-08T05:32:27Z,STR-E-Q7LB-B,0.23 € + 0.38 €/kWh
2026-10-08T05:32:27Z,STR-E-R1MT-A,0.23 € + 0.38 €/kWh
2026-10-08T05:32:27Z,STR-E-R1MT-B,0.23 € + 0.38 €/kWh
2026-10-08T05:32:27Z,STR-E-R1PI-A,0.23 € + 0.38 €/kWh
2026-10-08T05:32:27Z,STR-E-R1PI-B,0.23 € + 0.38 €/kWh
2026-10-08T05:32:27Z,STR-E-R2LK-A,0.23 € + 0.38 €/kWh
2026-10-08T05:32:27Z,STR-E-R2LK-B,0.23 € + 0.38 €/kWh
2026-10-08T05:32:27Z,STR-E-S7YR-A,0.23 € + 0.38 €/kWh
2026-10-08T05:32:27Z,STR-E-S7YR-B,0.23 € + 0.38 €/kWh
2026-10-08T05:32:27Z,STR-E-SVR3-A,0.23 € + 0.38 €/kWh
2026-10-08T05:32:27Z,STR-E-SVR3-B,0.23 € + 0.38 €/kWh
2026-10-08T05:32:27Z,STR-E-WEE3-A,0.23 € + 0.38 €/kWh
2026-10-08T05:32:27Z,STR-E-WEE3-B,0.23 € + 0.38 €/kWh
2026-10-08T05:32:27Z,STR-E-WTQ5-A,0.38 €/kWh
2026-10-08T05:32:27Z,STR-E-WYFE-A,0.38 €/kWh
2026-10-08T05:32:27Z,STR-E-WYFE-B,0.38 €/kWh
2026-10-08T05:32:27Z,STR-E-WYYC-A,0.23 € + 0.38 €/kWh
2026-10-08T05:32:27Z,STR-E-WYYC-B,0.23 € + 0.38 €/kWh
2026-10-08T05:32:27Z,STR-E-XKW2-A,0.23 € + 0.38 €/kWh
2026-10-08T05:32:27Z,STR-E-XKW2-B,0.23 € + 0.38 €/kWh
2026-10-08T05:32:27Z,STR-E-ZS00-A,0.23 € + 0.38 €/kWh
2026-10-08T05:32:27Z,STR-E-ZS00-B,0.23 € + 0.38 €/kWh
2026-10-08T05:46:26Z,IKR-E-1220-A,0.3 € + 0.52 €/kWh
2026-10-08T05:46:26Z,IKR-E-1871-A,0.3 € + 0.52 €/kWh
2026-10-08T05:46:26Z,IKR-E-2G8J-A,0.3 € + 0.52 €/kWh
2026-10-08T05:46:26Z,IKR-E-3TSR-A,0.3 € + 0.52 €/kWh
2026-10-08T05:46:26Z,IKR-E-5715-A,0.3 € + 0.52 €/kWh
2026-10-08T05:46:26Z,IKR-E-5730-A,0.3 € + 0.58 €/kWh
2026-10-08T05:46:26Z,IKR-E-5CGU-A,0.3 € + 0.52 €/kWh
2026-10-08T05:46:26Z,IKR-E-7718-A,0.3 € + 0.58 €/kWh
2026-10-08T05:46:26Z,IKR-E-DVCM-A,0.3 € + 0.52 €/kWh
2026-10-08T05:46:26Z,IKR-E-E228-A,0.3 € + 0.48 €/kWh
2026-10-08T05:46:26Z,IKR-E-E475-A,0.3 € + 0.52 €/kWh
2026-10-08T05:46:26Z,IKR-E-E544-A,0.3 € + 0.52 €/kWh
2026-10-08T05:46:26Z,IKR-E-EKZA-A,0.3 € + 0.48 €/kWh
2026-10-08T05:46:26Z,IKR-E-GAY9-A,0.3 € + 0.52 €/kWh
2026-10-08T05:46:26Z,IKR-E-IZW2-A,0.3 € + 0.52 €/kWh
2026-10-08T05:46:26Z,IKR-E-J1JV-A,0.3 € + 0.48 €/kWh
2026-10-08T05:46:26Z,IKR-E-JJAJ-A,0.3 € + 0.52 €/kWh
2026-10-08T05:46:26Z,IKR-E-KMBH-A,0.3 € + 0.52 €/kWh
2026-10-08T05:46:26Z,IKR-E-LJZI-A,0.3 € + 0.52 €/kWh
2026-10-08T05:46:26Z,IKR-E-MAU9-A,0.29 € + 0.44 €/kWh
2026-10-08T05:46:26Z,IKR-E-OWF5-A,0.3 € + 0.53 €/kWh
2026-10-08T05:46:26Z,IKR-E-W6HQ-A,0.29 € + 0.44 €/kWh
2026-10-08T05:46:26Z,IKR-E-XIH2-A,0.3 € + 0.52 €/kWh
2026-10-08T05:46:26Z,IKR-E-Y2Z8-A,0.3 € + 0.45 €/kWh
2026-10-08T05:46:26Z,IKR-P-IV7E-B,0.3 € + 0.52 €/kWh
2026-10-08T05:46:26Z,IKR-P-SCM5-A,0.3 € + 0.53 €/kWh
2026-10-08T05:46:26Z,IKR-P-V9X4-A,0.3 € + 0.53 €/kWh
2026-10-08T05:46:26Z,IKR-P-V9X4-B,0.3 € + 0.53 €/kWh
2026-10-08T05:48:26Z,STR-E-1MHB-A,0.59 €/kWh
2026-10-08T05:48:26Z,STR-E-LREY-A,0.59 €/kWh
2026-10-08T06:01:19Z,IKR-E-1220-A,0.3 € + 0.56 €/kWh
2026-10-08T06:01:19Z,IKR-E-1871-A,0.3 € + 0.56 €/kWh
2026-10-08T06:01:19Z,IKR-E-2G8J-A,0.3 € + 0.56 €/kWh
2026-10-08T06:01:19Z,IKR-E-3TSR-A,0.3 € + 0.56 €/kWh
2026-10-08T06:01:19Z,IKR-E-5715-A,0.3 € + 0.56 €/kWh
2026-10-08T06:01:19Z,IKR-E-5730-A,0.3 € + 0.62 €/kWh
2026-10-08T06:01:19Z,IKR-E-5CGU-A,0.3 € + 0.56 €/kWh
2026-10-08T06:01:19Z,IKR-E-7718-A,0.3 € + 0.62 €/kWh
2026-10-08T06:01:19Z,IKR-E-7768-A,0.3 € + 2.4 €/val. parkavimo mokestis + 0.35 €/kWh
2026-10-08T06:01:19Z,IKR-E-9203-A,0.3 € + 2.4 €/val. parkavimo mokestis + 0.35 €/kWh
2026-10-08T06:01:19Z,IKR-E-DVCM-A,0.3 € + 0.56 €/kWh
2026-10-08T06:01:19Z,IKR-E-E228-A,0.3 € + 0.53 €/kWh
2026-10-08T06:01:19Z,IKR-E-E475-A,0.3 € + 0.54 €/kWh
2026-10-08T06:01:19Z,IKR-E-E544-A,0.3 € + 0.54 €/kWh
2026-10-08T06:01:19Z,IKR-E-EKZA-A,0.3 € + 0.53 €/kWh
2026-10-08T06:01:19Z,IKR-E-GAY9-A,0.3 € + 0.56 €/kWh
2026-10-08T06:01:19Z,IKR-E-IZW2-A,0.3 € + 0.56 €/kWh
2026-10-08T06:01:19Z,IKR-E-J1JV-A,0.3 € + 0.53 €/kWh
2026-10-08T06:01:19Z,IKR-E-JJAJ-A,0.3 € + 0.56 €/kWh
2026-10-08T06:01:19Z,IKR-E-KMBH-A,0.3 € + 0.56 €/kWh
2026-10-08T06:01:19Z,IKR-E-LJZI-A,0.3 € + 0.56 €/kWh
2026-10-08T06:01:19Z,IKR-E-MAU9-A,0.29 € + 0.48 €/kWh
2026-10-08T06:01:19Z,IKR-E-OWF5-A,0.3 € + 0.56 €/kWh
2026-10-08T06:01:19Z,IKR-E-W6HQ-A,0.29 € + 0.48 €/kWh
2026-10-08T06:01:19Z,IKR-E-XIH2-A,0.3 € + 0.56 €/kWh
2026-10-08T06:01:19Z,IKR-E-Y2Z8-A,0.3 € + 0.48 €/kWh
2026-10-08T06:01:19Z,IKR-P-IV7E-B,0.3 € + 0.56 €/kWh
2026-10-08T06:01:19Z,IKR-P-SCM5-A,0.3 € + 0.56 €/kWh
2026-10-08T06:01:19Z,IKR-P-V9X4-A,0.3 € + 0.56 €/kWh
2026-10-08T06:01:19Z,IKR-P-V9X4-B,0.3 € + 0.56 €/kWh
2026-10-08T06:01:19Z,STR-E-027B-A,0.23 € + 0.41 €/kWh
2026-10-08T06:01:19Z,STR-E-027B-B,0.23 € + 0.41 €/kWh
2026-10-08T06:01:19Z,STR-E-02VO-A,0.43 €/kWh
2026-10-08T06:01:19Z,STR-E-02VO-B,0.43 €/kWh
2026-10-08T06:01:19Z,STR-E-04YS-A,0 € + 0.4 €/kWh
2026-10-08T06:01:19Z,STR-E-051F-A,0.08 € + 0.34 €/kWh
2026-10-08T06:01:19Z,STR-E-0698-A,0.28 €/kWh
2026-10-08T06:01:19Z,STR-E-0GEL-A,0.28 €/kWh
2026-10-08T06:01:19Z,STR-E-10G9-A,0.08 € + 0.34 €/kWh
2026-10-08T06:01:19Z,STR-E-10G9-B,0.08 € + 0.34 €/kWh
2026-10-08T06:01:19Z,STR-E-1162-A,0.28 €/kWh
2026-10-08T06:01:19Z,STR-E-11DT-A,0.28 €/kWh
2026-10-08T06:01:19Z,STR-E-1887-A,0.28 €/kWh
2026-10-08T06:01:19Z,STR-E-1927-A,0.28 €/kWh
2026-10-08T06:01:19Z,STR-E-1ME5-A,0.08 € + 0.34 €/kWh
2026-10-08T06:01:19Z,STR-E-1ME5-B,0.08 € + 0.34 €/kWh
2026-10-08T06:01:19Z,STR-E-1MHB-A,0.64 €/kWh
2026-10-08T06:01:19Z,STR-E-1MJQ-A,0.28 €/kWh
2026-10-08T06:01:19Z,STR-E-1X30-A,0 € + 0.4 €/kWh
2026-10-08T06:01:19Z,STR-E-21O1-A,0.41 €/kWh
2026-10-08T06:01:19Z,STR-E-21O1-B,0.41 €/kWh
2026-10-08T06:01:19Z,STR-E-2446-A,0 € + 0.4 €/kWh
2026-10-08T06:01:19Z,STR-E-2D12-A,0.28 €/kWh
2026-10-08T06:01:19Z,STR-E-2ED4-A,0.28 €/kWh
2026-10-08T06:01:19Z,STR-E-2K1Q-A,0 € + 0.4 €/kWh
2026-10-08T06:01:19Z,STR-E-2XDJ-A,0 € + 0.4 €/kWh
2026-10-08T06:01:19Z,STR-E-320G-A,0.28 €/kWh
2026-10-08T06:01:19Z,STR-E-3468-A,0.41 €/kWh
2026-10-08T06:01:19Z,STR-E-3468-B,0.41 €/kWh
2026-10-08T06:01:19Z,STR-E-3ENA-A,0.41 €/kWh
2026-10-08T06:01:19Z,STR-E-3ENA-B,0.41 €/kWh
2026-10-08T06:01:19Z,STR-E-3ENA-C,0.41 €/kWh
2026-10-08T06:01:19Z,STR-E-3FMF-A,0.23 € + 0.41 €/kWh
2026-10-08T06:01:19Z,STR-E-3FMF-B,0.23 € + 0.41 €/kWh
2026-10-08T06:01:19Z,STR-E-3PZS-A,0.28 €/kWh
2026-10-08T06:01:19Z,STR-E-3SXI-A,0.41 €/kWh
2026-10-08T06:01:19Z,STR-E-3SXI-B,0.41 €/kWh
2026-10-08T06:01:19Z,STR-E-3TZI-A,0.28 €/kWh
2026-10-08T06:01:19Z,STR-E-3WE5-A,0 € + 0.4 €/kWh
2026-10-08T06:01:19Z,STR-E-3YH3-A,0.08 € + 0.34 €/kWh
2026-10-08T06:01:19Z,STR-E-3YH3-B,0.08 € + 0.34 €/kWh
2026-10-08T06:01:19Z,STR-E-4156-A,0.45 €/kWh
2026-10-08T06:01:19Z,STR-E-4156-B,0.45 €/kWh
2026-10-08T06:01:19Z,STR-E-491A-A,0.39 €/kWh
2026-10-08T06:01:19Z,STR-E-491A-B,0.39 €/kWh
2026-10-08T06:01:19Z,STR-E-491A-C,0.39 €/kWh
2026-10-08T06:01:19Z,STR-E-4DE6-A,0.39 €/kWh
2026-10-08T06:01:19Z,STR-E-4DE6-B,0.39 €/kWh
2026-10-08T06:01:19Z,STR-E-4KWM-A,0.48 €/kWh
2026-10-08T06:01:19Z,STR-E-4KWM-B,0.48 €/kWh
2026-10-08T06:01:19Z,STR-E-4LRS-A,0.28 €/kWh
2026-10-08T06:01:19Z,STR-E-4UGU-A,0.28 €/kWh
2026-10-08T06:01:19Z,STR-E-4YKC-A,0 € + 0.4 €/kWh
2026-10-08T06:01:19Z,STR-E-527U-A,0 € + 0.4 €/kWh
2026-10-08T06:01:19Z,STR-E-54PK-A,0.08 € + 0.34 €/kWh
2026-10-08T06:01:19Z,STR-E-54PK-B,0.08 € + 0.34 €/kWh
2026-10-08T06:01:19Z,STR-E-55I4-A,0 € + 0.4 €/kWh
2026-10-08T06:01:19Z,STR-E-566J-A,0 € + 0.4 €/kWh
2026-10-08T06:01:19Z,STR-E-59TF-A,0.08 € + 0.34 €/kWh
2026-10-08T06:01:19Z,STR-E-5DWB-A,0.28 €/kWh
2026-10-08T06:01:19Z,STR-E-5TI5-A,0.28 €/kWh
2026-10-08T06:01:19Z,STR-E-69PN-A,0.28 €/kWh
2026-10-08T06:01:19Z,STR-E-6CNG-A,0.28 €/kWh
2026-10-08T06:01:19Z,STR-E-6E7W-A,0 € + 0.4 €/kWh
2026-10-08T06:01:19Z,STR-E-6SQH-A,0.28 €/kWh
2026-10-08T06:01:19Z,STR-E-6UZQ-A,0.41 €/kWh
2026-10-08T06:01:19Z,STR-E-6UZQ-B,0.41 €/kWh
2026-10-08T06:01:19Z,STR-E-6ZTQ-A,0 € + 0.4 €/kWh
2026-10-08T06:01:19Z,STR-E-7438-A,0 € + 0.4 €/kWh
2026-10-08T06:01:19Z,STR-E-7A48-A,0.08 € + 0.34 €/kWh
2026-10-08T06:01:19Z,STR-E-7YBN-A,0 € + 0.4 €/kWh
2026-10-08T06:01:19Z,STR-E-7Z8G-A,0.48 €/kWh
2026-10-08T06:01:19Z,STR-E-7Z8G-B,0.48 €/kWh
2026-10-08T06:01:19Z,STR-E-86C0-A,0.28 €/kWh
2026-10-08T06:01:19Z,STR-E-88SA-A,0.28 €/kWh
2026-10-08T06:01:19Z,STR-E-8A02-A,0 € + 0.4 €/kWh
2026-10-08T06:01:19Z,STR-E-8M2O-A,0.28 €/kWh
2026-10-08T06:01:19Z,STR-E-8Q9F-A,0 € + 0.4 €/kWh
2026-10-08T06:01:19Z,STR-E-8XL5-A,0.28 €/kWh
2026-10-08T06:01:19Z,STR-E-8Y23-A,0.28 €/kWh
2026-10-08T06:01:19Z,STR-E-92KW-A,0.23 € + 0.41 €/kWh
2026-10-08T06:01:19Z,STR-E-9AH3-A,0 € + 0.4 €/kWh
2026-10-08T06:01:19Z,STR-E-9I2R-A,0.28 €/kWh
2026-10-08T06:01:19Z,STR-E-9TUZ-A,0.28 €/kWh
2026-10-08T06:01:19Z,STR-E-9WY2-A,0.28 €/kWh
2026-10-08T06:01:19Z,STR-E-A169-A,0 € + 0.4 €/kWh
2026-10-08T06:01:19Z,STR-E-A27N-A,0.43 €/kWh
2026-10-08T06:01:19Z,STR-E-A27N-B,0.43 €/kWh
2026-10-08T06:01:19Z,STR-E-A27N-C,0.43 €/kWh
2026-10-08T06:01:19Z,STR-E-A442-A,0.28 €/kWh
2026-10-08T06:01:19Z,STR-E-AABG-A,0.28 €/kWh
2026-10-08T06:01:19Z,STR-E-ACMT-A,0.28 €/kWh
2026-10-08T06:01:19Z,STR-E-ADXE-A,0 € + 0.4 €/kWh
2026-10-08T06:01:19Z,STR-E-AF2O-A,0.08 € + 0.34 €/kWh
2026-10-08T06:01:19Z,STR-E-AMQK-A,0 € + 0.4 €/kWh
2026-10-08T06:01:19Z,STR-E-ANJ0-A,0.23 € + 0.41 €/kWh
2026-10-08T06:01:19Z,STR-E-ANJ0-B,0.23 € + 0.41 €/kWh
2026-10-08T06:01:19Z,STR-E-AP96-A,0.23 € + 0.41 €/kWh
2026-10-08T06:01:19Z,STR-E-AP96-B,0.23 € + 0.41 €/kWh
2026-10-08T06:01:19Z,STR-E-AUQ2-A,0 € + 0.4 €/kWh
2026-10-08T06:01:19Z,STR-E-AWF1-A,0.08 € + 0.34 €/kWh
2026-10-08T06:01:19Z,STR-E-AWF1-B,0.08 € + 0.34 €/kWh
2026-10-08T06:01:19Z,STR-E-AWJ9-A,0.43 €/kWh
2026-10-08T06:01:19Z,STR-E-AWJ9-B,0.43 €/kWh
2026-10-08T06:01:19Z,STR-E-B36V-A,0.19 € + 0.45 €/kWh
2026-10-08T06:01:19Z,STR-E-B36V-B,0.19 € + 0.45 €/kWh
2026-10-08T06:01:19Z,STR-E-BIKW-A,0.23 € + 0.41 €/kWh
2026-10-08T06:01:19Z,STR-E-BIKW-B,0.23 € + 0.41 €/kWh
2026-10-08T06:01:19Z,STR-E-BXA5-A,0.28 €/kWh
2026-10-08T06:01:19Z,STR-E-C91L-A,0.28 €/kWh
2026-10-08T06:01:19Z,STR-E-C99Z-A,0 € + 0.4 €/kWh
2026-10-08T06:01:19Z,STR-E-D3MB-A,0.23 € + 0.41 €/kWh
2026-10-08T06:01:19Z,STR-E-D3MB-B,0.23 € + 0.41 €/kWh
2026-10-08T06:01:19Z,STR-E-DBCC-A,0.08 € + 0.34 €/kWh
2026-10-08T06:01:19Z,STR-E-DBCC-B,0.08 € + 0.34 €/kWh
2026-10-08T06:01:19Z,STR-E-DHEJ-A,0 € + 0.4 €/kWh
2026-10-08T06:01:19Z,STR-E-E0DZ-A,0.41 €/kWh
2026-10-08T06:01:19Z,STR-E-E0DZ-B,0.41 €/kWh
2026-10-08T06:01:19Z,STR-E-E7HH-A,0.28 €/kWh
2026-10-08T06:01:19Z,STR-E-ECI7-A,0 € + 0.4 €/kWh
2026-10-08T06:01:19Z,STR-E-EFXK-A,0 € + 0.4 €/kWh
2026-10-08T06:01:19Z,STR-E-ELFQ-A,0.23 € + 0.41 €/kWh
2026-10-08T06:01:19Z,STR-E-ELFQ-B,0.23 € + 0.41 €/kWh
2026-10-08T06:01:19Z,STR-E-EPQY-A,0 € + 0.4 €/kWh
2026-10-08T06:01:19Z,STR-E-ER2N-A,0 € + 0.4 €/kWh
2026-10-08T06:01:19Z,STR-E-ES3O-A,0 € + 0.4 €/kWh
2026-10-08T06:01:19Z,STR-E-EU1U-A,0.28 €/kWh
2026-10-08T06:01:19Z,STR-E-F2G0-A,0.08 € + 0.34 €/kWh
2026-10-08T06:01:19Z,STR-E-F2G0-B,0.08 € + 0.34 €/kWh
2026-10-08T06:01:19Z,STR-E-F4B3-A,0.28 €/kWh
2026-10-08T06:01:19Z,STR-E-F5LZ-A,0.28 €/kWh
2026-10-08T06:01:19Z,STR-E-F79A-A,0.23 € + 0.41 €/kWh
2026-10-08T06:01:19Z,STR-E-F79A-B,0.23 € + 0.41 €/kWh
2026-10-08T06:01:19Z,STR-E-FGMF-A,0.28 €/kWh
2026-10-08T06:01:19Z,STR-E-FK06-A,0.28 €/kWh
2026-10-08T06:01:19Z,STR-E-FKUY-A,0 € + 0.4 €/kWh
2026-10-08T06:01:19Z,STR-E-FUE8-A,0.08 € + 0.34 €/kWh
2026-10-08T06:01:19Z,STR-E-FUE8-B,0.08 € + 0.34 €/kWh
2026-10-08T06:01:19Z,STR-E-G4VM-A,0.28 €/kWh
2026-10-08T06:01:19Z,STR-E-G518-A,0.28 €/kWh
2026-10-08T06:01:19Z,STR-E-GB9A-A,0.28 €/kWh
2026-10-08T06:01:19Z,STR-E-GE77-A,0.48 €/kWh
2026-10-08T06:01:19Z,STR-E-GE77-B,0.48 €/kWh
2026-10-08T06:01:19Z,STR-E-GFB3-A,0 € + 0.4 €/kWh
2026-10-08T06:01:19Z,STR-E-GGV8-A,0.28 €/kWh
2026-10-08T06:01:19Z,STR-E-GHJA-A,0.28 €/kWh
2026-10-08T06:01:19Z,STR-E-GK0C-A,0 € + 0.4 €/kWh
2026-10-08T06:01:19Z,STR-E-GR5K-A,0.28 €/kWh
2026-10-08T06:01:19Z,STR-E-H6Q5-A,0.28 €/kWh
2026-10-08T06:01:19Z,STR-E-HHXV-A,0 € + 0.4 €/kWh
2026-10-08T06:01:19Z,STR-E-I1KE-A,0 € + 0.4 €/kWh
2026-10-08T06:01:19Z,STR-E-I4UZ-A,0.28 €/kWh
2026-10-08T06:01:19Z,STR-E-I5FH-A,0.28 €/kWh
2026-10-08T06:01:19Z,STR-E-I8C6-A,0.28 €/kWh
2026-10-08T06:01:19Z,STR-E-IA3X-A,0.28 €/kWh
2026-10-08T06:01:19Z,STR-E-IAO5-A,0 € + 0.4 €/kWh
2026-10-08T06:01:19Z,STR-E-IGH5-A,0.23 € + 0.41 €/kWh
2026-10-08T06:01:19Z,STR-E-IGH5-B,0.23 € + 0.41 €/kWh
2026-10-08T06:01:19Z,STR-E-IIKL-A,0.08 € + 0.34 €/kWh
2026-10-08T06:01:19Z,STR-E-IIKL-B,0.08 € + 0.34 €/kWh
2026-10-08T06:01:19Z,STR-E-IPEC-A,0 € + 0.4 €/kWh
2026-10-08T06:01:19Z,STR-E-IV6T-A,0 € + 0.4 €/kWh
2026-10-08T06:01:19Z,STR-E-J54N-A,0 € + 0.4 €/kWh
2026-10-08T06:01:19Z,STR-E-J6DA-A,0 € + 0.4 €/kWh
2026-10-08T06:01:19Z,STR-E-J8VF-A,0 € + 0.4 €/kWh
2026-10-08T06:01:19Z,STR-E-JG90-A,0.3 € + 0.3 €/kWh
2026-10-08T06:01:19Z,STR-E-JG90-B,0.3 € + 0.3 €/kWh
2026-10-08T06:01:19Z,STR-E-JMOR-A,0 € + 0.4 €/kWh
2026-10-08T06:01:19Z,STR-E-JVO0-A,0.28 €/kWh
2026-10-08T06:01:19Z,STR-E-K217-A,0 € + 0.4 €/kWh
2026-10-08T06:01:19Z,STR-E-K73C-A,0.23 € + 0.41 €/kWh
2026-10-08T06:01:19Z,STR-E-K73C-B,0.23 € + 0.41 €/kWh
2026-10-08T06:01:19Z,STR-E-KBZL-A,0.28 €/kWh
2026-10-08T06:01:19Z,STR-E-KOHN-A,0 € + 0.4 €/kWh
2026-10-08T06:01:19Z,STR-E-KT5B-A,0 € + 0.4 €/kWh
2026-10-08T06:01:19Z,STR-E-KUKS-A,0.08 € + 0.34 €/kWh
2026-10-08T06:01:19Z,STR-E-KUKS-B,0.08 € + 0.34 €/kWh
2026-10-08T06:01:19Z,STR-E-L84D-A,0.28 €/kWh
2026-10-08T06:01:19Z,STR-E-LISV-A,0.28 €/kWh
2026-10-08T06:01:19Z,STR-E-LKFQ-A,0.28 €/kWh
2026-10-08T06:01:19Z,STR-E-LREY-A,0.64 €/kWh
2026-10-08T06:01:19Z,STR-E-M1IB-A,0.28 €/kWh
2026-10-08T06:01:19Z,STR-E-M8WL-A,0.28 €/kWh
2026-10-08T06:01:19Z,STR-E-M9W7-A,0.28 €/kWh
2026-10-08T06:01:19Z,STR-E-MIP3-A,0.39 €/kWh
2026-10-08T06:01:19Z,STR-E-MIP3-B,0.39 €/kWh
2026-10-08T06:01:19Z,STR-E-MSEN-A,0.28 €/kWh
2026-10-08T06:01:19Z,STR-E-MSUL-A,0.28 €/kWh
2026-10-08T06:01:19Z,STR-E-N6P5-A,0.28 €/kWh
2026-10-08T06:01:19Z,STR-E-NCKT-A,0.08 € + 0.34 €/kWh
2026-10-08T06:01:19Z,STR-E-NCKT-B,0.08 € + 0.34 €/kWh
2026-10-08T06:01:19Z,STR-E-NDU2-A,0 € + 0.4 €/kWh
2026-10-08T06:01:19Z,STR-E-NDZ4-A,0 € + 0.4 €/kWh
2026-10-08T06:01:19Z,STR-E-NFV5-A,0 € + 0.4 €/kWh
2026-10-08T06:01:19Z,STR-E-NNGC-A,0.28 €/kWh
2026-10-08T06:01:19Z,STR-E-NSGB-A,0 € + 0.4 €/kWh
2026-10-08T06:01:19Z,STR-E-NY0Q-A,0.15 € + 0.43 €/kWh
2026-10-08T06:01:19Z,STR-E-O0VK-A,0.28 €/kWh
2026-10-08T06:01:19Z,STR-E-O5JX-A,0 € + 0.4 €/kWh
2026-10-08T06:01:19Z,STR-E-O5YW-A,0.08 € + 0.34 €/kWh
2026-10-08T06:01:19Z,STR-E-O5YW-B,0.08 € + 0.34 €/kWh
2026-10-08T06:01:19Z,STR-E-ODBK-A,0.48 €/kWh
2026-10-08T06:01:19Z,STR-E-ODBK-B,0.48 €/kWh
2026-10-08T06:01:19Z,STR-E-OFWF-A,0 € + 0.4 €/kWh
2026-10-08T06:01:19Z,STR-E-OG1X-A,0.28 €/kWh
2026-10-08T06:01:19Z,STR-E-OHH6-A,0 € + 0.4 €/kWh
2026-10-08T06:01:19Z,STR-E-OJ3E-A,0.23 € + 0.41 €/kWh
2026-10-08T06:01:19Z,STR-E-OJ3E-B,0.23 € + 0.41 €/kWh
2026-10-08T06:01:19Z,STR-E-OQKZ-A,0.28 €/kWh
2026-10-08T06:01:19Z,STR-E-P46N-A,0 € + 0.4 €/kWh
2026-10-08T06:01:19Z,STR-E-P7AF-A,0.08 € + 0.34 €/kWh
2026-10-08T06:01:19Z,STR-E-P7AF-B,0.08 € + 0.34 €/kWh
2026-10-08T06:01:19Z,STR-E-PC04-A,0.28 €/kWh
2026-10-08T06:01:19Z,STR-E-PDR2-A,0.28 €/kWh
2026-10-08T06:01:19Z,STR-E-PJCQ-A,0.08 € + 0.34 €/kWh
2026-10-08T06:01:19Z,STR-E-PJCQ-B,0.08 € + 0.34 €/kWh
2026-10-08T06:01:19Z,STR-E-PM3P-A,0.23 € + 0.41 €/kWh
2026-10-08T06:01:19Z,STR-E-PM3P-B,0.23 € + 0.41 €/kWh
2026-10-08T06:01:19Z,STR-E-PRUQ-A,0.28 €/kWh
2026-10-08T06:01:19Z,STR-E-PSU9-A,0.28 €/kWh
2026-10-08T06:01:19Z,STR-E-PZ9U-A,0.28 €/kWh
2026-10-08T06:01:19Z,STR-E-PZES-A,0.28 €/kWh
2026-10-08T06:01:19Z,STR-E-Q5YF-A,0.23 € + 0.41 €/kWh
2026-10-08T06:01:19Z,STR-E-Q5YF-B,0.23 € + 0.41 €/kWh
2026-10-08T06:01:19Z,STR-E-Q7LB-A,0.23 € + 0.41 €/kWh
2026-10-08T06:01:19Z,STR-E-Q7LB-B,0.23 € + 0.41 €/kWh
2026-10-08T06:01:19Z,STR-E-QAXH-A,0.15 € + 0.43 €/kWh
2026-10-08T06:01:19Z,STR-E-QE1X-A,0.08 € + 0.34 €/kWh
2026-10-08T06:01:19Z,STR-E-QE1X-B,0.08 € + 0.34 €/kWh
2026-10-08T06:01:19Z,STR-E-QEDL-A,0.28 €/kWh
2026-10-08T06:01:19Z,STR-E-QIQM-A,0.28 €/kWh
2026-10-08T06:01:19Z,STR-E-QLC9-A,0.39 €/kWh
2026-10-08T06:01:19Z,STR-E-QLC9-B,0.39 €/kWh
2026-10-08T06:01:19Z,STR-E-R0J8-A,0.28 €/kWh
2026-10-08T06:01:19Z,STR-E-R1MT-A,0.23 € + 0.41 €/kWh
2026-10-08T06:01:19Z,STR-E-R1MT-B,0.23 € + 0.41 €/kWh
2026-10-08T06:01:19Z,STR-E-R1PI-A,0.23 € + 0.41 €/kWh
2026-10-08T06:01:19Z,STR-E-R1PI-B,0.23 € + 0.41 €/kWh
2026-10-08T06:01:19Z,STR-E-R2LK-A,0.23 € + 0.41 €/kWh
2026-10-08T06:01:19Z,STR-E-R2LK-B,0.23 € + 0.41 €/kWh
2026-10-08T06:01:19Z,STR-E-R8PQ-A,0 € + 0.4 €/kWh
2026-10-08T06:01:19Z,STR-E-R9GA-A,0.28 €/kWh
2026-10-08T06:01:19Z,STR-E-RJH9-A,0.28 €/kWh
2026-10-08T06:01:19Z,STR-E-RKWJ-A,0.28 €/kWh
2026-10-08T06:01:19Z,STR-E-S42D-A,0.28 €/kWh
2026-10-08T06:01:19Z,STR-E-S6VR-A,0 € + 0.4 €/kWh
2026-10-08T06:01:19Z,STR-E-S7YR-A,0.23 € + 0.41 €/kWh
2026-10-08T06:01:19Z,STR-E-S7YR-B,0.23 € + 0.41 €/kWh
2026-10-08T06:01:19Z,STR-E-SGC2-A,0 € + 0.4 €/kWh
2026-10-08T06:01:19Z,STR-E-SJKA-A,0.28 €/kWh
2026-10-08T06:01:19Z,STR-E-SQX8-A,0.08 € + 0.34 €/kWh
2026-10-08T06:01:19Z,STR-E-SQX8-B,0.08 € + 0.34 €/kWh
2026-10-08T06:01:19Z,STR-E-SVR3-A,0.23 € + 0.41 €/kWh
2026-10-08T06:01:19Z,STR-E-SVR3-B,0.23 € + 0.41 €/kWh
2026-10-08T06:01:19Z,STR-E-SY9Y-A,0.28 €/kWh
2026-10-08T06:01:19Z,STR-E-TO2O-A,0.28 €/kWh
2026-10-08T06:01:19Z,STR-E-TX67-A,0.43 €/kWh
2026-10-08T06:01:19Z,STR-E-TX67-B,0.43 €/kWh
2026-10-08T06:01:19Z,STR-E-U41O-A,0 € + 0.4 €/kWh
2026-10-08T06:01:19Z,STR-E-U5TP-A,0.28 €/kWh
2026-10-08T06:01:19Z,STR-E-UKPS-A,0.15 € + 0.43 €/kWh
2026-10-08T06:01:19Z,STR-E-UPAQ-A,0.39 €/kWh
2026-10-08T06:01:19Z,STR-E-UPAQ-B,0.39 €/kWh
2026-10-08T06:01:19Z,STR-E-UPOS-A,0.08 € + 0.34 €/kWh
2026-10-08T06:01:19Z,STR-E-UPOS-B,0.08 € + 0.34 €/kWh
2026-10-08T06:01:19Z,STR-E-UY5H-A,0.28 €/kWh
2026-10-08T06:01:19Z,STR-E-V17G-A,0.28 €/kWh
2026-10-08T06:01:19Z,STR-E-V31J-A,0.28 €/kWh
2026-10-08T06:01:19Z,STR-E-V50T-A,0.28 €/kWh
2026-10-08T06:01:19Z,STR-E-V9SD-A,0.28 €/kWh
2026-10-08T06:01:19Z,STR-E-V9ZR-A,0.28 €/kWh
2026-10-08T06:01:19Z,STR-E-VBMP-A,0.28 €/kWh
2026-10-08T06:01:19Z,STR-E-VJBJ-A,0 € + 0.4 €/kWh
2026-10-08T06:01:19Z,STR-E-VPDB-A,0.28 €/kWh
2026-10-08T06:01:19Z,STR-E-VQ06-A,0 € + 0.4 €/kWh
2026-10-08T06:01:19Z,STR-E-VSDJ-A,0.43 €/kWh
2026-10-08T06:01:19Z,STR-E-VSDJ-B,0.43 €/kWh
2026-10-08T06:01:19Z,STR-E-VT0G-A,0.28 €/kWh
2026-10-08T06:01:19Z,STR-E-VX2O-A,0 € + 0.4 €/kWh
2026-10-08T06:01:19Z,STR-E-VXGH-A,0.28 €/kWh
2026-10-08T06:01:19Z,STR-E-W1X4-A,0.28 €/kWh
2026-10-08T06:01:19Z,STR-E-WEE3-A,0.23 € + 0.41 €/kWh
2026-10-08T06:01:19Z,STR-E-WEE3-B,0.23 € + 0.41 €/kWh
2026-10-08T06:01:19Z,STR-E-WHZ1-A,0 € + 0.4 €/kWh
2026-10-08T06:01:19Z,STR-E-WLGM-A,0 € + 0.4 €/kWh
2026-10-08T06:01:19Z,STR-E-WTQ5-A,0.41 €/kWh
2026-10-08T06:01:19Z,STR-E-WXV8-A,0.28 €/kWh
2026-10-08T06:01:19Z,STR-E-WYFE-A,0.41 €/kWh
2026-10-08T06:01:19Z,STR-E-WYFE-B,0.41 €/kWh
2026-10-08T06:01:19Z,STR-E-WYYC-A,0.23 € + 0.41 €/kWh
2026-10-08T06:01:19Z,STR-E-WYYC-B,0.23 € + 0.41 €/kWh
2026-10-08T06:01:19Z,STR-E-WZW9-A,0.28 €/kWh
2026-10-08T06:01:19Z,STR-E-X525-A,0.28 €/kWh
2026-10-08T06:01:19Z,STR-E-X54O-A,0 € + 0.4 €/kWh
2026-10-08T06:01:19Z,STR-E-XCMJ-A,0.08 € + 0.34 €/kWh
2026-10-08T06:01:19Z,STR-E-XCMJ-B,0.08 € + 0.34 €/kWh
2026-10-08T06:01:19Z,STR-E-XFON-A,0.28 €/kWh
2026-10-08T06:01:19Z,STR-E-XG69-A,0.08 € + 0.34 €/kWh
2026-10-08T06:01:19Z,STR-E-XG69-B,0.08 € + 0.34 €/kWh
2026-10-08T06:01:19Z,STR-E-XH51-A,0 € + 0.4 €/kWh
2026-10-08T06:01:19Z,STR-E-XKW2-A,0.23 € + 0.41 €/kWh
2026-10-08T06:01:19Z,STR-E-XKW2-B,0.23 € + 0.41 €/kWh
2026-10-08T06:01:19Z,STR-E-XRV8-A,0 € + 0.4 €/kWh
2026-10-08T06:01:19Z,STR-E-Y7JK-A,0 € + 0.4 €/kWh
2026-10-08T06:01:19Z,STR-E-Y82E-A,0 € + 0.4 €/kWh
2026-10-08T06:01:19Z,STR-E-YC50-A,0.28 €/kWh
2026-10-08T06:01:19Z,STR-E-Z2PJ-A,0.08 € + 0.34 €/kWh
2026-10-08T06:01:19Z,STR-E-Z2PJ-B,0.08 € + 0.34 €/kWh
2026-10-08T06:01:19Z,STR-E-ZA6O-A,0.28 €/kWh
2026-10-08T06:01:19Z,STR-E-ZEP7-A,0 € + 0.4 €/kWh
2026-10-08T06:01:19Z,STR-E-ZIAZ-A,0 € + 0.4 €/kWh
2026-10-08T06:01:19Z,STR-E-ZK9W-A,0 € + 0.4 €/kWh
2026-10-08T06:01:19Z,STR-E-ZS00-A,0.23 € + 0.41 €/kWh
2026-10-08T06:01:19Z,STR-E-ZS00-B,0.23 € + 0.41 €/kWh
2026-10-08T06:01:19Z,STR-E-ZWU5-A,0.08 € + 0.34 €/kWh
2026-10-08T06:01:19Z,STR-E-ZWU5-B,0.08 € + 0.34 €/kWh
2026-10-08T06:16:26Z,IKR-E-1220-A,0.3 € + 0.54 €/kWh
2026-10-08T06:16:26Z,IKR-E-1871-A,0.3 € + 0.54 €/kWh
2026-10-08T06:16:26Z,IKR-E-2G8J-A,0.3 € + 0.54 €/kWh
2026-10-08T06:16:26Z,IKR-E-3TSR-A,0.3 € + 0.54 €/kWh
2026-10-08T06:16:26Z,IKR-E-5715-A,0.3 € + 0.54 €/kWh
2026-10-08T06:16:26Z,IKR-E-5730-A,0.3 € + 0.61 €/kWh
2026-10-08T06:16:26Z,IKR-E-5CGU-A,0.3 € + 0.54 €/kWh
2026-10-08T06:16:26Z,IKR-E-7718-A,0.3 € + 0.61 €/kWh
2026-10-08T06:16:26Z,IKR-E-DVCM-A,0.3 € + 0.54 €/kWh
2026-10-08T06:16:26Z,IKR-E-E228-A,0.3 € + 0.51 €/kWh
2026-10-08T06:16:26Z,IKR-E-E475-A,0.3 € + 0.53 €/kWh
2026-10-08T06:16:26Z,IKR-E-E544-A,0.3 € + 0.53 €/kWh
2026-10-08T06:16:26Z,IKR-E-EKZA-A,0.3 € + 0.51 €/kWh
2026-10-08T06:16:26Z,IKR-E-GAY9-A,0.3 € + 0.54 €/kWh
2026-10-08T06:16:26Z,IKR-E-IZW2-A,0.3 € + 0.54 €/kWh
2026-10-08T06:16:26Z,IKR-E-J1JV-A,0.3 € + 0.51 €/kWh
2026-10-08T06:16:26Z,IKR-E-JJAJ-A,0.3 € + 0.54 €/kWh
2026-10-08T06:16:26Z,IKR-E-KMBH-A,0.3 € + 0.54 €/kWh
2026-10-08T06:16:26Z,IKR-E-LJZI-A,0.3 € + 0.54 €/kWh
2026-10-08T06:16:26Z,IKR-E-MAU9-A,0.29 € + 0.45 €/kWh
2026-10-08T06:16:26Z,IKR-E-OWF5-A,0.3 € + 0.54 €/kWh
2026-10-08T06:16:26Z,IKR-E-W6HQ-A,0.29 € + 0.45 €/kWh
2026-10-08T06:16:26Z,IKR-E-XIH2-A,0.3 € + 0.54 €/kWh
2026-10-08T06:16:26Z,IKR-E-Y2Z8-A,0.3 € + 0.47 €/kWh
2026-10-08T06:16:26Z,IKR-P-IV7E-B,0.3 € + 0.54 €/kWh
2026-10-08T06:16:26Z,IKR-P-SCM5-A,0.3 € + 0.54 €/kWh
2026-10-08T06:16:26Z,IKR-P-V9X4-A,0.3 € + 0.54 €/kWh
2026-10-08T06:16:26Z,IKR-P-V9X4-B,0.3 € + 0.54 €/kWh
2026-10-08T06:16:26Z,STR-E-027B-A,0.23 € + 0.4 €/kWh
2026-10-08T06:16:26Z,STR-E-027B-B,0.23 € + 0.4 €/kWh
2026-10-08T06:16:26Z,STR-E-21O1-A,0.4 €/kWh
2026-10-08T06:16:26Z,STR-E-21O1-B,0.4 €/kWh
2026-10-08T06:16:26Z,STR-E-3468-A,0.4 €/kWh
2026-10-08T06:16:26Z,STR-E-3468-B,0.4 €/kWh
2026-10-08T06:16:26Z,STR-E-3ENA-A,0.4 €/kWh
2026-10-08T06:16:26Z,STR-E-3ENA-B,0.4 €/kWh
2026-10-08T06:16:26Z,STR-E-3ENA-C,0.4 €/kWh
2026-10-08T06:16:26Z,STR-E-3FMF-A,0.23 € + 0.4 €/kWh
2026-10-08T06:16:26Z,STR-E-3FMF-B,0.23 € + 0.4 €/kWh
2026-10-08T06:16:26Z,STR-E-3SXI-A,0.4 €/kWh
2026-10-08T06:16:26Z,STR-E-3SXI-B,0.4 €/kWh
2026-10-08T06:16:26Z,STR-E-4156-A,0.44 €/kWh
2026-10-08T06:16:26Z,STR-E-4156-B,0.44 €/kWh
2026-10-08T06:16:26Z,STR-E-4KWM-A,0.47 €/kWh
2026-10-08T06:16:26Z,STR-E-4KWM-B,0.47 €/kWh
2026-10-08T06:16:26Z,STR-E-6UZQ-A,0.4 €/kWh
2026-10-08T06:16:26Z,STR-E-6UZQ-B,0.4 €/kWh
2026-10-08T06:16:26Z,STR-E-7Z8G-A,0.47 €/kWh
2026-10-08T06:16:26Z,STR-E-7Z8G-B,0.47 €/kWh
2026-10-08T06:16:26Z,STR-E-92KW-A,0.23 € + 0.4 €/kWh
2026-10-08T06:16:26Z,STR-E-ANJ0-A,0.23 € + 0.4 €/kWh
2026-10-08T06:16:26Z,STR-E-ANJ0-B,0.23 € + 0.4 €/kWh
2026-10-08T06:16:26Z,STR-E-AP96-A,0.23 € + 0.4 €/kWh
2026-10-08T06:16:26Z,STR-E-AP96-B,0.23 € + 0.4 €/kWh
2026-10-08T06:16:26Z,STR-E-BIKW-A,0.23 € + 0.4 €/kWh
2026-10-08T06:16:26Z,STR-E-BIKW-B,0.23 € + 0.4 €/kWh
2026-10-08T06:16:26Z,STR-E-D3MB-A,0.23 € + 0.4 €/kWh
2026-10-08T06:16:26Z,STR-E-D3MB-B,0.23 € + 0.4 €/kWh
2026-10-08T06:16:26Z,STR-E-E0DZ-A,0.4 €/kWh
2026-10-08T06:16:26Z,STR-E-E0DZ-B,0.4 €/kWh
2026-10-08T06:16:26Z,STR-E-ELFQ-A,0.23 € + 0.4 €/kWh
2026-10-08T06:16:26Z,STR-E-ELFQ-B,0.23 € + 0.4 €/kWh
2026-10-08T06:16:26Z,STR-E-F79A-A,0.23 € + 0.4 €/kWh
2026-10-08T06:16:26Z,STR-E-F79A-B,0.23 € + 0.4 €/kWh
2026-10-08T06:16:26Z,STR-E-GE77-A,0.47 €/kWh
2026-10-08T06:16:26Z,STR-E-GE77-B,0.47 €/kWh
2026-10-08T06:16:26Z,STR-E-IGH5-A,0.23 € + 0.4 €/kWh
2026-10-08T06:16:26Z,STR-E-IGH5-B,0.23 € + 0.4 €/kWh
2026-10-08T06:16:26Z,STR-E-JG90-A,0.3 €/kWh + 0.3 €
2026-10-08T06:16:26Z,STR-E-JG90-B,0.3 €/kWh + 0.3 €
2026-10-08T06:16:26Z,STR-E-K73C-A,0.23 € + 0.4 €/kWh
2026-10-08T06:16:26Z,STR-E-K73C-B,0.23 € + 0.4 €/kWh
2026-10-08T06:16:26Z,STR-E-ODBK-A,0.47 €/kWh
2026-10-08T06:16:26Z,STR-E-ODBK-B,0.47 €/kWh
2026-10-08T06:16:26Z,STR-E-OJ3E-A,0.23 € + 0.4 €/kWh
2026-10-08T06:16:26Z,STR-E-OJ3E-B,0.23 € + 0.4 €/kWh
2026-10-08T06:16:26Z,STR-E-PM3P-A,0.23 € + 0.4 €/kWh
2026-10-08T06:16:26Z,STR-E-PM3P-B,0.23 € + 0.4 €/kWh
2026-10-08T06:16:26Z,STR-E-Q5YF-A,0.23 € + 0.4 €/kWh
2026-10-08T06:16:26Z,STR-E-Q5YF-B,0.23 € + 0.4 €/kWh
2026-10-08T06:16:26Z,STR-E-Q7LB-A,0.23 € + 0.4 €/kWh
2026-10-08T06:16:26Z,STR-E-Q7LB-B,0.23 € + 0.4 €/kWh
2026-10-08T06:16:26Z,STR-E-R1MT-A,0.23 € + 0.4 €/kWh
2026-10-08T06:16:26Z,STR-E-R1MT-B,0.23 € + 0.4 €/kWh
2026-10-08T06:16:26Z,STR-E-R1PI-A,0.23 € + 0.4 €/kWh
2026-10-08T06:16:26Z,STR-E-R1PI-B,0.23 € + 0.4 €/kWh
2026-10-08T06:16:26Z,STR-E-R2LK-A,0.23 € + 0.4 €/kWh
2026-10-08T06:16:26Z,STR-E-R2LK-B,0.23 € + 0.4 €/kWh
2026-10-08T06:16:26Z,STR-E-S7YR-A,0.23 € + 0.4 €/kWh
2026-10-08T06:16:26Z,STR-E-S7YR-B,0.23 € + 0.4 €/kWh
2026-10-08T06:16:26Z,STR-E-SVR3-A,0.23 € + 0.4 €/kWh
2026-10-08T06:16:26Z,STR-E-SVR3-B,0.23 € + 0.4 €/kWh
2026-10-08T06:16:26Z,STR-E-WEE3-A,0.23 € + 0.4 €/kWh
2026-10-08T06:16:26Z,STR-E-WEE3-B,0.23 € + 0.4 €/kWh
2026-10-08T06:16:26Z,STR-E-WTQ5-A,0.4 €/kWh
2026-10-08T06:16:26Z,STR-E-WYFE-A,0.4 €/kWh
2026-10-08T06:16:26Z,STR-E-WYFE-B,0.4 €/kWh
2026-10-08T06:16:26Z,STR-E-WYYC-A,0.23 € + 0.4 €/kWh
2026-10-08T06:16:26Z,STR-E-WYYC-B,0.23 € + 0.4 €/kWh
2026-10-08T06:16:26Z,STR-E-XKW2-A,0.23 € + 0.4 €/kWh
2026-10-08T06:16:26Z,STR-E-XKW2-B,0.23 € + 0.4 €/kWh
2026-10-08T06:16:26Z,STR-E-ZS00-A,0.23 € + 0.4 €/kWh
2026-10-08T06:16:26Z,STR-E-ZS00-B,0.23 € + 0.4 €/kWh
2026-10-08T06:24:27Z,IGN-E-7YN9-J,
2026-10-08T06:24:27Z,IGN-E-7YN9-K,
2026-10-08T06:31:07Z,IKR-E-1220-A,0.3 € + 0.51 €/kWh
2026-10-08T06:31:07Z,IKR-E-1871-A,0.3 € + 0.51 €/kWh
2026-10-08T06:31:07Z,IKR-E-2G8J-A,0.3 € + 0.51 €/kWh
2026-10-08T06:31:07Z,IKR-E-3TSR-A,0.3 € + 0.51 €/kWh
2026-10-08T06:31:07Z,IKR-E-5715-A,0.3 € + 0.51 €/kWh
2026-10-08T06:31:07Z,IKR-E-5730-A,0.3 € + 0.57 €/kWh
2026-10-08T06:31:07Z,IKR-E-5CGU-A,0.3 € + 0.51 €/kWh
2026-10-08T06:31:07Z,IKR-E-7718-A,0.3 € + 0.57 €/kWh
2026-10-08T06:31:07Z,IKR-E-DVCM-A,0.3 € + 0.51 €/kWh
2026-10-08T06:31:07Z,IKR-E-E228-A,0.3 € + 0.48 €/kWh
2026-10-08T06:31:07Z,IKR-E-E475-A,0.3 € + 0.51 €/kWh
2026-10-08T06:31:07Z,IKR-E-E544-A,0.3 € + 0.51 €/kWh
2026-10-08T06:31:07Z,IKR-E-EKZA-A,0.3 € + 0.48 €/kWh
2026-10-08T06:31:07Z,IKR-E-GAY9-A,0.3 € + 0.51 €/kWh
2026-10-08T06:31:07Z,IKR-E-IZW2-A,0.3 € + 0.51 €/kWh
2026-10-08T06:31:07Z,IKR-E-J1JV-A,0.3 € + 0.48 €/kWh
2026-10-08T06:31:07Z,IKR-E-JJAJ-A,0.3 € + 0.51 €/kWh
2026-10-08T06:31:07Z,IKR-E-KMBH-A,0.3 € + 0.51 €/kWh
2026-10-08T06:31:07Z,IKR-E-LJZI-A,0.3 € + 0.51 €/kWh
2026-10-08T06:31:07Z,IKR-E-MAU9-A,0.29 € + 0.42 €/kWh
2026-10-08T06:31:07Z,IKR-E-OWF5-A,0.3 € + 0.52 €/kWh
2026-10-08T06:31:07Z,IKR-E-W6HQ-A,0.29 € + 0.42 €/kWh
2026-10-08T06:31:07Z,IKR-E-XIH2-A,0.3 € + 0.51 €/kWh
2026-10-08T06:31:07Z,IKR-E-Y2Z8-A,0.3 € + 0.45 €/kWh
2026-10-08T06:31:07Z,IKR-P-IV7E-B,0.3 € + 0.51 €/kWh
2026-10-08T06:31:07Z,IKR-P-SCM5-A,0.3 € + 0.52 €/kWh
2026-10-08T06:31:07Z,IKR-P-V9X4-A,0.3 € + 0.52 €/kWh
2026-10-08T06:31:07Z,IKR-P-V9X4-B,0.3 € + 0.52 €/kWh
2026-10-08T06:32:29Z,IGN-E-7YN9-L,6 €/val. parkavimo mokestis + 0.47 €/kWh
2026-10-08T06:32:29Z,IGN-E-7YN9-M,6 €/val. parkavimo mokestis + 0.47 €/kWh
2026-10-08T06:32:29Z,IGN-E-7YN9-N,6 €/val. parkavimo mokestis + 0.47 €/kWh
2026-10-08T06:32:29Z,IGN-E-7YN9-O,6 €/val. parkavimo mokestis + 0.47 €/kWh
2026-10-08T06:32:29Z,STR-E-02VO-A,0.42 €/kWh
2026-10-08T06:32:29Z,STR-E-02VO-B,0.42 €/kWh
2026-10-08T06:32:29Z,STR-E-051F-A,0.08 € + 0.33 €/kWh
2026-10-08T06:32:29Z,STR-E-0698-A,0.27 €/kWh
2026-10-08T06:32:29Z,STR-E-0GEL-A,0.27 €/kWh
2026-10-08T06:32:29Z,STR-E-10G9-A,0.08 € + 0.33 €/kWh
2026-10-08T06:32:29Z,STR-E-10G9-B,0.08 € + 0.33 €/kWh
2026-10-08T06:32:29Z,STR-E-1162-A,0.27 €/kWh
2026-10-08T06:32:29Z,STR-E-11DT-A,0.27 €/kWh
2026-10-08T06:32:29Z,STR-E-1887-A,0.27 €/kWh
2026-10-08T06:32:29Z,STR-E-1927-A,0.27 €/kWh
2026-10-08T06:32:29Z,STR-E-1ME5-A,0.08 € + 0.33 €/kWh
2026-10-08T06:32:29Z,STR-E-1ME5-B,0.08 € + 0.33 €/kWh
2026-10-08T06:32:29Z,STR-E-1MHB-A,0.63 €/kWh
2026-10-08T06:32:29Z,STR-E-1MJQ-A,0.27 €/kWh
2026-10-08T06:32:29Z,STR-E-2D12-A,0.27 €/kWh
2026-10-08T06:32:29Z,STR-E-2ED4-A,0.27 €/kWh
2026-10-08T06:32:29Z,STR-E-320G-A,0.27 €/kWh
2026-10-08T06:32:29Z,STR-E-3PZS-A,0.27 €/kWh
2026-10-08T06:32:29Z,STR-E-3TZI-A,0.27 €/kWh
2026-10-08T06:32:29Z,STR-E-3YH3-A,0.08 € + 0.33 €/kWh
2026-10-08T06:32:29Z,STR-E-3YH3-B,0.08 € + 0.33 €/kWh
2026-10-08T06:32:29Z,STR-E-491A-A,0.38 €/kWh
2026-10-08T06:32:29Z,STR-E-491A-B,0.38 €/kWh
2026-10-08T06:32:29Z,STR-E-491A-C,0.38 €/kWh
2026-10-08T06:32:29Z,STR-E-4DE6-A,0.38 €/kWh
2026-10-08T06:32:29Z,STR-E-4DE6-B,0.38 €/kWh
2026-10-08T06:32:29Z,STR-E-4LRS-A,0.27 €/kWh
2026-10-08T06:32:29Z,STR-E-4UGU-A,0.27 €/kWh
2026-10-08T06:32:29Z,STR-E-54PK-A,0.08 € + 0.33 €/kWh
2026-10-08T06:32:29Z,STR-E-54PK-B,0.08 € + 0.33 €/kWh
2026-10-08T06:32:29Z,STR-E-59TF-A,0.08 € + 0.33 €/kWh
2026-10-08T06:32:29Z,STR-E-5DWB-A,0.27 €/kWh
2026-10-08T06:32:29Z,STR-E-5TI5-A,0.27 €/kWh
2026-10-08T06:32:29Z,STR-E-69PN-A,0.27 €/kWh
2026-10-08T06:32:29Z,STR-E-6CNG-A,0.27 €/kWh
2026-10-08T06:32:29Z,STR-E-6SQH-A,0.27 €/kWh
2026-10-08T06:32:29Z,STR-E-7A48-A,0.08 € + 0.33 €/kWh
2026-10-08T06:32:29Z,STR-E-86C0-A,0.27 €/kWh
2026-10-08T06:32:29Z,STR-E-88SA-A,0.27 €/kWh
2026-10-08T06:32:29Z,STR-E-8M2O-A,0.27 €/kWh
2026-10-08T06:32:29Z,STR-E-8XL5-A,0.27 €/kWh
2026-10-08T06:32:29Z,STR-E-8Y23-A,0.27 €/kWh
2026-10-08T06:32:29Z,STR-E-9I2R-A,0.27 €/kWh
2026-10-08T06:32:29Z,STR-E-9TUZ-A,0.27 €/kWh
2026-10-08T06:32:29Z,STR-E-9WY2-A,0.27 €/kWh
2026-10-08T06:32:29Z,STR-E-A27N-A,0.42 €/kWh
2026-10-08T06:32:29Z,STR-E-A27N-B,0.42 €/kWh
2026-10-08T06:32:29Z,STR-E-A27N-C,0.42 €/kWh
2026-10-08T06:32:29Z,STR-E-A442-A,0.27 €/kWh
2026-10-08T06:32:29Z,STR-E-AABG-A,0.27 €/kWh
2026-10-08T06:32:29Z,STR-E-ACMT-A,0.27 €/kWh
2026-10-08T06:32:29Z,STR-E-AF2O-A,0.08 € + 0.33 €/kWh
2026-10-08T06:32:29Z,STR-E-AWF1-A,0.08 € + 0.33 €/kWh
2026-10-08T06:32:29Z,STR-E-AWF1-B,0.08 € + 0.33 €/kWh
2026-10-08T06:32:29Z,STR-E-AWJ9-A,0.42 €/kWh
2026-10-08T06:32:29Z,STR-E-AWJ9-B,0.42 €/kWh
2026-10-08T06:32:29Z,STR-E-B36V-A,0.19 € + 0.44 €/kWh
2026-10-08T06:32:29Z,STR-E-B36V-B,0.19 € + 0.44 €/kWh
2026-10-08T06:32:29Z,STR-E-BXA5-A,0.27 €/kWh
2026-10-08T06:32:29Z,STR-E-C91L-A,0.27 €/kWh
2026-10-08T06:32:29Z,STR-E-DBCC-A,0.08 € + 0.33 €/kWh
2026-10-08T06:32:29Z,STR-E-DBCC-B,0.08 € + 0.33 €/kWh
2026-10-08T06:32:29Z,STR-E-E7HH-A,0.27 €/kWh
2026-10-08T06:32:29Z,STR-E-EU1U-A,0.27 €/kWh
2026-10-08T06:32:29Z,STR-E-F2G0-A,0.08 € + 0.33 €/kWh
2026-10-08T06:32:29Z,STR-E-F2G0-B,0.08 € + 0.33 €/kWh
2026-10-08T06:32:29Z,STR-E-F4B3-A,0.27 €/kWh
2026-10-08T06:32:29Z,STR-E-F5LZ-A,0.27 €/kWh
2026-10-08T06:32:29Z,STR-E-FGMF-A,0.27 €/kWh
2026-10-08T06:32:29Z,STR-E-FK06-A,0.27 €/kWh
2026-10-08T06:32:29Z,STR-E-FUE8-A,0.08 € + 0.33 €/kWh
2026-10-08T06:32:29Z,STR-E-FUE8-B,0.08 € + 0.33 €/kWh
2026-10-08T06:32:29Z,STR-E-G4VM-A,0.27 €/kWh
2026-10-08T06:32:29Z,STR-E-G518-A,0.27 €/kWh
2026-10-08T06:32:29Z,STR-E-GB9A-A,0.27 €/kWh
2026-10-08T06:32:29Z,STR-E-GGV8-A,0.27 €/kWh
2026-10-08T06:32:29Z,STR-E-GHJA-A,0.27 €/kWh
2026-10-08T06:32:29Z,STR-E-GR5K-A,0.27 €/kWh
2026-10-08T06:32:29Z,STR-E-H6Q5-A,0.27 €/kWh
2026-10-08T06:32:29Z,STR-E-I4UZ-A,0.27 €/kWh
2026-10-08T06:32:29Z,STR-E-I5FH-A,0.27 €/kWh
2026-10-08T06:32:29Z,STR-E-I8C6-A,0.27 €/kWh
2026-10-08T06:32:29Z,STR-E-IA3X-A,0.27 €/kWh
2026-10-08T06:32:29Z,STR-E-IIKL-A,0.08 € + 0.33 €/kWh
2026-10-08T06:32:29Z,STR-E-IIKL-B,0.08 € + 0.33 €/kWh
2026-10-08T06:32:29Z,STR-E-JG90-A,0.29 €/kWh + 0.3 €
2026-10-08T06:32:29Z,STR-E-JG90-B,0.29 €/kWh + 0.3 €
2026-10-08T06:32:29Z,STR-E-JVO0-A,0.27 €/kWh
2026-10-08T06:32:29Z,STR-E-KBZL-A,0.27 €/kWh
2026-10-08T06:32:29Z,STR-E-KUKS-A,0.08 € + 0.33 €/kWh
2026-10-08T06:32:29Z,STR-E-KUKS-B,0.08 € + 0.33 €/kWh
2026-10-08T06:32:29Z,STR-E-L84D-A,0.27 €/kWh
2026-10-08T06:32:29Z,STR-E-LISV-A,0.27 €/kWh
2026-10-08T06:32:29Z,STR-E-LKFQ-A,0.27 €/kWh
2026-10-08T06:32:29Z,STR-E-LREY-A,0.63 €/kWh
2026-10-08T06:32:29Z,STR-E-M1IB-A,0.27 €/kWh
2026-10-08T06:32:29Z,STR-E-M8WL-A,0.27 €/kWh
2026-10-08T06:32:29Z,STR-E-M9W7-A,0.27 €/kWh
2026-10-08T06:32:29Z,STR-E-MIP3-A,0.38 €/kWh
2026-10-08T06:32:29Z,STR-E-MIP3-B,0.38 €/kWh
2026-10-08T06:32:29Z,STR-E-MSEN-A,0.27 €/kWh
2026-10-08T06:32:29Z,STR-E-MSUL-A,0.27 €/kWh
2026-10-08T06:32:29Z,STR-E-N6P5-A,0.27 €/kWh
2026-10-08T06:32:29Z,STR-E-NCKT-A,0.08 € + 0.33 €/kWh
2026-10-08T06:32:29Z,STR-E-NCKT-B,0.08 € + 0.33 €/kWh
2026-10-08T06:32:29Z,STR-E-NNGC-A,0.27 €/kWh
2026-10-08T06:32:29Z,STR-E-O0VK-A,0.27 €/kWh
2026-10-08T06:32:29Z,STR-E-O5YW-A,0.08 € + 0.33 €/kWh
2026-10-08T06:32:29Z,STR-E-O5YW-B,0.08 € + 0.33 €/kWh
2026-10-08T06:32:29Z,STR-E-OG1X-A,0.27 €/kWh
2026-10-08T06:32:29Z,STR-E-OQKZ-A,0.27 €/kWh
2026-10-08T06:32:29Z,STR-E-P7AF-A,0.08 € + 0.33 €/kWh
2026-10-08T06:32:29Z,STR-E-P7AF-B,0.08 € + 0.33 €/kWh
2026-10-08T06:32:29Z,STR-E-PC04-A,0.27 €/kWh
2026-10-08T06:32:29Z,STR-E-PDR2-A,0.27 €/kWh
2026-10-08T06:32:29Z,STR-E-PJCQ-A,0.08 € + 0.33 €/kWh
2026-10-08T06:32:29Z,STR-E-PJCQ-B,0.08 € + 0.33 €/kWh
2026-10-08T06:32:29Z,STR-E-PRUQ-A,0.27 €/kWh
2026-10-08T06:32:29Z,STR-E-PSU9-A,0.27 €/kWh
2026-10-08T06:32:29Z,STR-E-PZ9U-A,0.27 €/kWh
2026-10-08T06:32:29Z,STR-E-PZES-A,0.27 €/kWh
2026-10-08T06:32:29Z,STR-E-QE1X-A,0.08 € + 0.33 €/kWh
2026-10-08T06:32:29Z,STR-E-QE1X-B,0.08 € + 0.33 €/kWh
2026-10-08T06:32:29Z,STR-E-QEDL-A,0.27 €/kWh
2026-10-08T06:32:29Z,STR-E-QIQM-A,0.27 €/kWh
2026-10-08T06:32:29Z,STR-E-QLC9-A,0.38 €/kWh
2026-10-08T06:32:29Z,STR-E-QLC9-B,0.38 €/kWh
2026-10-08T06:32:29Z,STR-E-R0J8-A,0.27 €/kWh
2026-10-08T06:32:29Z,STR-E-R9GA-A,0.27 €/kWh
2026-10-08T06:32:29Z,STR-E-RJH9-A,0.27 €/kWh
2026-10-08T06:32:29Z,STR-E-RKWJ-A,0.27 €/kWh
2026-10-08T06:32:29Z,STR-E-S42D-A,0.27 €/kWh
2026-10-08T06:32:29Z,STR-E-SJKA-A,0.27 €/kWh
2026-10-08T06:32:29Z,STR-E-SQX8-A,0.08 € + 0.33 €/kWh
2026-10-08T06:32:29Z,STR-E-SQX8-B,0.08 € + 0.33 €/kWh
2026-10-08T06:32:29Z,STR-E-SY9Y-A,0.27 €/kWh
2026-10-08T06:32:29Z,STR-E-TO2O-A,0.27 €/kWh
2026-10-08T06:32:29Z,STR-E-TX67-A,0.42 €/kWh
2026-10-08T06:32:29Z,STR-E-TX67-B,0.42 €/kWh
2026-10-08T06:32:29Z,STR-E-U5TP-A,0.27 €/kWh
2026-10-08T06:32:29Z,STR-E-UPAQ-A,0.38 €/kWh
2026-10-08T06:32:29Z,STR-E-UPAQ-B,0.38 €/kWh
2026-10-08T06:32:29Z,STR-E-UPOS-A,0.08 € + 0.33 €/kWh
2026-10-08T06:32:29Z,STR-E-UPOS-B,0.08 € + 0.33 €/kWh
2026-10-08T06:32:29Z,STR-E-UY5H-A,0.27 €/kWh
2026-10-08T06:32:29Z,STR-E-V17G-A,0.27 €/kWh
2026-10-08T06:32:29Z,STR-E-V31J-A,0.27 €/kWh
2026-10-08T06:32:29Z,STR-E-V50T-A,0.27 €/kWh
2026-10-08T06:32:29Z,STR-E-V9SD-A,0.27 €/kWh
2026-10-08T06:32:29Z,STR-E-V9ZR-A,0.27 €/kWh
2026-10-08T06:32:29Z,STR-E-VBMP-A,0.27 €/kWh
2026-10-08T06:32:29Z,STR-E-VPDB-A,0.27 €/kWh
2026-10-08T06:32:29Z,STR-E-VSDJ-A,0.42 €/kWh
2026-10-08T06:32:29Z,STR-E-VSDJ-B,0.42 €/kWh
2026-10-08T06:32:29Z,STR-E-VT0G-A,0.27 €/kWh
2026-10-08T06:32:29Z,STR-E-VXGH-A,0.27 €/kWh
2026-10-08T06:32:29Z,STR-E-W1X4-A,0.27 €/kWh
2026-10-08T06:32:29Z,STR-E-WXV8-A,0.27 €/kWh
2026-10-08T06:32:29Z,STR-E-WZW9-A,0.27 €/kWh
2026-10-08T06:32:29Z,STR-E-X525-A,0.27 €/kWh
2026-10-08T06:32:29Z,STR-E-XCMJ-A,0.08 € + 0.33 €/kWh
2026-10-08T06:32:29Z,STR-E-XCMJ-B,0.08 € + 0.33 €/kWh
2026-10-08T06:32:29Z,STR-E-XFON-A,0.27 €/kWh
2026-10-08T06:32:29Z,STR-E-XG69-A,0.08 € + 0.33 €/kWh
2026-10-08T06:32:29Z,STR-E-XG69-B,0.08 € + 0.33 €/kWh
2026-10-08T06:32:29Z,STR-E-YC50-A,0.27 €/kWh
2026-10-08T06:32:29Z,STR-E-Z2PJ-A,0.08 € + 0.33 €/kWh
2026-10-08T06:32:29Z,STR-E-Z2PJ-B,0.08 € + 0.33 €/kWh
2026-10-08T06:32:29Z,STR-E-ZA6O-A,0.27 €/kWh
2026-10-08T06:32:29Z,STR-E-ZWU5-A,0.08 € + 0.33 €/kWh
2026-10-08T06:32:29Z,STR-E-ZWU5-B,0.08 € + 0.33 €/kWh
2026-10-08T06:46:28Z,IKR-E-E228-A,0.3 € + 0.46 €/kWh
2026-10-08T06:46:28Z,IKR-E-E475-A,0.3 € + 0.48 €/kWh
2026-10-08T06:46:28Z,IKR-E-E544-A,0.3 € + 0.48 €/kWh
2026-10-08T06:46:28Z,IKR-E-EKZA-A,0.3 € + 0.46 €/kWh
2026-10-08T06:46:28Z,IKR-E-J1JV-A,0.3 € + 0.46 €/kWh
2026-10-08T06:46:28Z,IKR-E-MAU9-A,0.29 € + 0.4 €/kWh
2026-10-08T06:46:28Z,IKR-E-OWF5-A,0.3 € + 0.5 €/kWh
2026-10-08T06:46:28Z,IKR-E-W6HQ-A,0.29 € + 0.4 €/kWh
2026-10-08T06:46:28Z,IKR-E-Y2Z8-A,0.3 € + 0.42 €/kWh
2026-10-08T06:46:28Z,IKR-P-SCM5-A,0.3 € + 0.5 €/kWh
2026-10-08T06:46:28Z,IKR-P-V9X4-A,0.3 € + 0.5 €/kWh
2026-10-08T06:46:28Z,IKR-P-V9X4-B,0.3 € + 0.5 €/kWh
2026-10-08T06:46:28Z,STR-E-027B-A,0.23 € + 0.39 €/kWh
2026-10-08T06:46:28Z,STR-E-027B-B,0.23 € + 0.39 €/kWh
2026-10-08T06:46:28Z,STR-E-02VO-A,0.41 €/kWh
2026-10-08T06:46:28Z,STR-E-02VO-B,0.41 €/kWh
2026-10-08T06:46:28Z,STR-E-04YS-A,0 € + 0.38 €/kWh
2026-10-08T06:46:28Z,STR-E-051F-A,0.08 € + 0.32 €/kWh
2026-10-08T06:46:28Z,STR-E-0698-A,0.26 €/kWh
2026-10-08T06:46:28Z,STR-E-0GEL-A,0.26 €/kWh
2026-10-08T06:46:28Z,STR-E-10G9-A,0.08 € + 0.32 €/kWh
2026-10-08T06:46:28Z,STR-E-10G9-B,0.08 € + 0.32 €/kWh
2026-10-08T06:46:28Z,STR-E-1162-A,0.26 €/kWh
2026-10-08T06:46:28Z,STR-E-11DT-A,0.26 €/kWh
2026-10-08T06:46:28Z,STR-E-1887-A,0.26 €/kWh
2026-10-08T06:46:28Z,STR-E-1927-A,0.26 €/kWh
2026-10-08T06:46:28Z,STR-E-1ME5-A,0.08 € + 0.32 €/kWh
2026-10-08T06:46:28Z,STR-E-1ME5-B,0.08 € + 0.32 €/kWh
2026-10-08T06:46:28Z,STR-E-1MHB-A,0.61 €/kWh
2026-10-08T06:46:28Z,STR-E-1MJQ-A,0.26 €/kWh
2026-10-08T06:46:28Z,STR-E-1X30-A,0 € + 0.38 €/kWh
2026-10-08T06:46:28Z,STR-E-21O1-A,0.39 €/kWh
2026-10-08T06:46:28Z,STR-E-21O1-B,0.39 €/kWh
2026-10-08T06:46:28Z,STR-E-2446-A,0 € + 0.38 €/kWh
2026-10-08T06:46:28Z,STR-E-2D12-A,0.26 €/kWh
2026-10-08T06:46:28Z,STR-E-2ED4-A,0.26 €/kWh
2026-10-08T06:46:28Z,STR-E-2K1Q-A,0 € + 0.38 €/kWh
2026-10-08T06:46:28Z,STR-E-2XDJ-A,0 € + 0.38 €/kWh
2026-10-08T06:46:28Z,STR-E-320G-A,0.26 €/kWh
2026-10-08T06:46:28Z,STR-E-3468-A,0.39 €/kWh
2026-10-08T06:46:28Z,STR-E-3468-B,0.39 €/kWh
2026-10-08T06:46:28Z,STR-E-3ENA-A,0.39 €/kWh
2026-10-08T06:46:28Z,STR-E-3ENA-B,0.39 €/kWh
2026-10-08T06:46:28Z,STR-E-3ENA-C,0.39 €/kWh
2026-10-08T06:46:28Z,STR-E-3FMF-A,0.23 € + 0.39 €/kWh
2026-10-08T06:46:28Z,STR-E-3FMF-B,0.23 € + 0.39 €/kWh
2026-10-08T06:46:28Z,STR-E-3PZS-A,0.26 €/kWh
2026-10-08T06:46:28Z,STR-E-3SXI-A,0.39 €/kWh
2026-10-08T06:46:28Z,STR-E-3SXI-B,0.39 €/kWh
2026-10-08T06:46:28Z,STR-E-3TZI-A,0.26 €/kWh
2026-10-08T06:46:28Z,STR-E-3WE5-A,0 € + 0.38 €/kWh
2026-10-08T06:46:28Z,STR-E-3YH3-A,0.08 € + 0.32 €/kWh
2026-10-08T06:46:28Z,STR-E-3YH3-B,0.08 € + 0.32 €/kWh
2026-10-08T06:46:28Z,STR-E-4156-A,0.43 €/kWh
2026-10-08T06:46:28Z,STR-E-4156-B,0.43 €/kWh
2026-10-08T06:46:28Z,STR-E-491A-A,0.37 €/kWh
2026-10-08T06:46:28Z,STR-E-491A-B,0.37 €/kWh
2026-10-08T06:46:28Z,STR-E-491A-C,0.37 €/kWh
2026-10-08T06:46:28Z,STR-E-4DE6-A,0.37 €/kWh
2026-10-08T06:46:28Z,STR-E-4DE6-B,0.37 €/kWh
2026-10-08T06:46:28Z,STR-E-4KWM-A,0.46 €/kWh
2026-10-08T06:46:28Z,STR-E-4KWM-B,0.46 €/kWh
2026-10-08T06:46:28Z,STR-E-4LRS-A,0.26 €/kWh
2026-10-08T06:46:28Z,STR-E-4UGU-A,0.26 €/kWh
2026-10-08T06:46:28Z,STR-E-4YKC-A,0 € + 0.38 €/kWh
2026-10-08T06:46:28Z,STR-E-527U-A,0 € + 0.38 €/kWh
2026-10-08T06:46:28Z,STR-E-54PK-A,0.08 € + 0.32 €/kWh
2026-10-08T06:46:28Z,STR-E-54PK-B,0.08 € + 0.32 €/kWh
2026-10-08T06:46:28Z,STR-E-55I4-A,0 € + 0.38 €/kWh
2026-10-08T06:46:28Z,STR-E-566J-A,0 € + 0.38 €/kWh
2026-10-08T06:46:28Z,STR-E-59TF-A,0.08 € + 0.32 €/kWh
2026-10-08T06:46:28Z,STR-E-5DWB-A,0.26 €/kWh
2026-10-08T06:46:28Z,STR-E-5TI5-A,0.26 €/kWh
2026-10-08T06:46:28Z,STR-E-69PN-A,0.26 €/kWh
2026-10-08T06:46:28Z,STR-E-6CNG-A,0.26 €/kWh
2026-10-08T06:46:28Z,STR-E-6E7W-A,0 € + 0.38 €/kWh
2026-10-08T06:46:28Z,STR-E-6SQH-A,0.26 €/kWh
2026-10-08T06:46:28Z,STR-E-6UZQ-A,0.39 €/kWh
2026-10-08T06:46:28Z,STR-E-6UZQ-B,0.39 €/kWh
2026-10-08T06:46:28Z,STR-E-6ZTQ-A,0 € + 0.38 €/kWh
2026-10-08T06:46:28Z,STR-E-7438-A,0 € + 0.38 €/kWh
2026-10-08T06:46:28Z,STR-E-7A48-A,0.08 € + 0.32 €/kWh
2026-10-08T06:46:28Z,STR-E-7YBN-A,0 € + 0.38 €/kWh
2026-10-08T06:46:28Z,STR-E-7Z8G-A,0.46 €/kWh
2026-10-08T06:46:28Z,STR-E-7Z8G-B,0.46 €/kWh
2026-10-08T06:46:28Z,STR-E-86C0-A,0.26 €/kWh
2026-10-08T06:46:28Z,STR-E-88SA-A,0.26 €/kWh
2026-10-08T06:46:28Z,STR-E-8A02-A,0 € + 0.38 €/kWh
2026-10-08T06:46:28Z,STR-E-8M2O-A,0.26 €/kWh
2026-10-08T06:46:28Z,STR-E-8Q9F-A,0 € + 0.38 €/kWh
2026-10-08T06:46:28Z,STR-E-8XL5-A,0.26 €/kWh
2026-10-08T06:46:28Z,STR-E-8Y23-A,0.26 €/kWh
2026-10-08T06:46:28Z,STR-E-92KW-A,0.23 € + 0.39 €/kWh
2026-10-08T06:46:28Z,STR-E-9AH3-A,0 € + 0.38 €/kWh
2026-10-08T06:46:28Z,STR-E-9I2R-A,0.26 €/kWh
2026-10-08T06:46:28Z,STR-E-9TUZ-A,0.26 €/kWh
2026-10-08T06:46:28Z,STR-E-9WY2-A,0.26 €/kWh
2026-10-08T06:46:28Z,STR-E-A169-A,0 € + 0.38 €/kWh
2026-10-08T06:46:28Z,STR-E-A27N-A,0.41 €/kWh
2026-10-08T06:46:28Z,STR-E-A27N-B,0.41 €/kWh
2026-10-08T06:46:28Z,STR-E-A27N-C,0.41 €/kWh
2026-10-08T06:46:28Z,STR-E-A442-A,0.26 €/kWh
2026-10-08T06:46:28Z,STR-E-AABG-A,0.26 €/kWh
2026-10-08T06:46:28Z,STR-E-ACMT-A,0.26 €/kWh
2026-10-08T06:46:28Z,STR-E-ADXE-A,0 € + 0.38 €/kWh
2026-10-08T06:46:28Z,STR-E-AF2O-A,0.08 € + 0.32 €/kWh
2026-10-08T06:46:28Z,STR-E-AMQK-A,0 € + 0.38 €/kWh
2026-10-08T06:46:28Z,STR-E-ANJ0-A,0.23 € + 0.39 €/kWh
2026-10-08T06:46:28Z,STR-E-ANJ0-B,0.23 € + 0.39 €/kWh
2026-10-08T06:46:28Z,STR-E-AP96-A,0.23 € + 0.39 €/kWh
2026-10-08T06:46:28Z,STR-E-AP96-B,0.23 € + 0.39 €/kWh
2026-10-08T06:46:28Z,STR-E-AUQ2-A,0 € + 0.38 €/kWh
2026-10-08T06:46:28Z,STR-E-AWF1-A,0.08 € + 0.32 €/kWh
2026-10-08T06:46:28Z,STR-E-AWF1-B,0.08 € + 0.32 €/kWh
2026-10-08T06:46:28Z,STR-E-AWJ9-A,0.41 €/kWh
2026-10-08T06:46:28Z,STR-E-AWJ9-B,0.41 €/kWh
2026-10-08T06:46:28Z,STR-E-B36V-A,0.19 € + 0.43 €/kWh
2026-10-08T06:46:28Z,STR-E-B36V-B,0.19 € + 0.43 €/kWh
2026-10-08T06:46:28Z,STR-E-BIKW-A,0.23 € + 0.39 €/kWh
2026-10-08T06:46:28Z,STR-E-BIKW-B,0.23 € + 0.39 €/kWh
2026-10-08T06:46:28Z,STR-E-BXA5-A,0.26 €/kWh
2026-10-08T06:46:28Z,STR-E-C91L-A,0.26 €/kWh
2026-10-08T06:46:28Z,STR-E-C99Z-A,0 € + 0.38 €/kWh
2026-10-08T06:46:28Z,STR-E-D3MB-A,0.23 € + 0.39 €/kWh
2026-10-08T06:46:28Z,STR-E-D3MB-B,0.23 € + 0.39 €/kWh
2026-10-08T06:46:28Z,STR-E-DBCC-A,0.08 € + 0.32 €/kWh
2026-10-08T06:46:28Z,STR-E-DBCC-B,0.08 € + 0.32 €/kWh
2026-10-08T06:46:28Z,STR-E-DHEJ-A,0 € + 0.38 €/kWh
2026-10-08T06:46:28Z,STR-E-E0DZ-A,0.39 €/kWh
2026-10-08T06:46:28Z,STR-E-E0DZ-B,0.39 €/kWh
2026-10-08T06:46:28Z,STR-E-E7HH-A,0.26 €/kWh
2026-10-08T06:46:28Z,STR-E-ECI7-A,0 € + 0.38 €/kWh
2026-10-08T06:46:28Z,STR-E-EFXK-A,0 € + 0.38 €/kWh
2026-10-08T06:46:28Z,STR-E-ELFQ-A,0.23 € + 0.39 €/kWh
2026-10-08T06:46:28Z,STR-E-ELFQ-B,0.23 € + 0.39 €/kWh
2026-10-08T06:46:28Z,STR-E-EPQY-A,0 € + 0.38 €/kWh
2026-10-08T06:46:28Z,STR-E-ER2N-A,0 € + 0.38 €/kWh
2026-10-08T06:46:28Z,STR-E-ES3O-A,0 € + 0.38 €/kWh
2026-10-08T06:46:28Z,STR-E-EU1U-A,0.26 €/kWh
2026-10-08T06:46:28Z,STR-E-F2G0-A,0.08 € + 0.32 €/kWh
2026-10-08T06:46:28Z,STR-E-F2G0-B,0.08 € + 0.32 €/kWh
2026-10-08T06:46:28Z,STR-E-F4B3-A,0.26 €/kWh
2026-10-08T06:46:28Z,STR-E-F5LZ-A,0.26 €/kWh
2026-10-08T06:46:28Z,STR-E-F79A-A,0.23 € + 0.39 €/kWh
2026-10-08T06:46:28Z,STR-E-F79A-B,0.23 € + 0.39 €/kWh
2026-10-08T06:46:28Z,STR-E-FGMF-A,0.26 €/kWh
2026-10-08T06:46:28Z,STR-E-FK06-A,0.26 €/kWh
2026-10-08T06:46:28Z,STR-E-FKUY-A,0 € + 0.38 €/kWh
2026-10-08T06:46:28Z,STR-E-FUE8-A,0.08 € + 0.32 €/kWh
2026-10-08T06:46:28Z,STR-E-FUE8-B,0.08 € + 0.32 €/kWh
2026-10-08T06:46:28Z,STR-E-G4VM-A,0.26 €/kWh
2026-10-08T06:46:28Z,STR-E-G518-A,0.26 €/kWh
2026-10-08T06:46:28Z,STR-E-GB9A-A,0.26 €/kWh
2026-10-08T06:46:28Z,STR-E-GE77-A,0.46 €/kWh
2026-10-08T06:46:28Z,STR-E-GE77-B,0.46 €/kWh
2026-10-08T06:46:28Z,STR-E-GFB3-A,0 € + 0.38 €/kWh
2026-10-08T06:46:28Z,STR-E-GGV8-A,0.26 €/kWh
2026-10-08T06:46:28Z,STR-E-GHJA-A,0.26 €/kWh
2026-10-08T06:46:28Z,STR-E-GK0C-A,0 € + 0.38 €/kWh
2026-10-08T06:46:28Z,STR-E-GR5K-A,0.26 €/kWh
2026-10-08T06:46:28Z,STR-E-H6Q5-A,0.26 €/kWh
2026-10-08T06:46:28Z,STR-E-HHXV-A,0 € + 0.38 €/kWh
2026-10-08T06:46:28Z,STR-E-I1KE-A,0 € + 0.38 €/kWh
2026-10-08T06:46:28Z,STR-E-I4UZ-A,0.26 €/kWh
2026-10-08T06:46:28Z,STR-E-I5FH-A,0.26 €/kWh
2026-10-08T06:46:28Z,STR-E-I8C6-A,0.26 €/kWh
2026-10-08T06:46:28Z,STR-E-IA3X-A,0.26 €/kWh
2026-10-08T06:46:28Z,STR-E-IAO5-A,0 € + 0.38 €/kWh
2026-10-08T06:46:28Z,STR-E-IGH5-A,0.23 € + 0.39 €/kWh
2026-10-08T06:46:28Z,STR-E-IGH5-B,0.23 € + 0.39 €/kWh
2026-10-08T06:46:28Z,STR-E-IIKL-A,0.08 € + 0.32 €/kWh
2026-10-08T06:46:28Z,STR-E-IIKL-B,0.08 € + 0.32 €/kWh
2026-10-08T06:46:28Z,STR-E-IPEC-A,0 € + 0.38 €/kWh
2026-10-08T06:46:28Z,STR-E-IV6T-A,0 € + 0.38 €/kWh
2026-10-08T06:46:28Z,STR-E-J54N-A,0 € + 0.38 €/kWh
2026-10-08T06:46:28Z,STR-E-J6DA-A,0 € + 0.38 €/kWh
2026-10-08T06:46:28Z,STR-E-J8VF-A,0 € + 0.38 €/kWh
2026-10-08T06:46:28Z,STR-E-JG90-A,0.28 €/kWh + 0.3 €
2026-10-08T06:46:28Z,STR-E-JG90-B,0.28 €/kWh + 0.3 €
2026-10-08T06:46:28Z,STR-E-JMOR-A,0 € + 0.38 €/kWh
2026-10-08T06:46:28Z,STR-E-JVO0-A,0.26 €/kWh
2026-10-08T06:46:28Z,STR-E-K217-A,0 € + 0.38 €/kWh
2026-10-08T06:46:28Z,STR-E-K73C-A,0.23 € + 0.39 €/kWh
2026-10-08T06:46:28Z,STR-E-K73C-B,0.23 € + 0.39 €/kWh
2026-10-08T06:46:28Z,STR-E-KBZL-A,0.26 €/kWh
2026-10-08T06:46:28Z,STR-E-KOHN-A,0 € + 0.38 €/kWh
2026-10-08T06:46:28Z,STR-E-KT5B-A,0 € + 0.38 €/kWh
2026-10-08T06:46:28Z,STR-E-KUKS-A,0.08 € + 0.32 €/kWh
2026-10-08T06:46:28Z,STR-E-KUKS-B,0.08 € + 0.32 €/kWh
2026-10-08T06:46:28Z,STR-E-L84D-A,0.26 €/kWh
2026-10-08T06:46:28Z,STR-E-LISV-A,0.26 €/kWh
2026-10-08T06:46:28Z,STR-E-LKFQ-A,0.26 €/kWh
2026-10-08T06:46:28Z,STR-E-LREY-A,0.61 €/kWh
2026-10-08T06:46:28Z,STR-E-M1IB-A,0.26 €/kWh
2026-10-08T06:46:28Z,STR-E-M8WL-A,0.26 €/kWh
2026-10-08T06:46:28Z,STR-E-M9W7-A,0.26 €/kWh
2026-10-08T06:46:28Z,STR-E-MIP3-A,0.37 €/kWh
2026-10-08T06:46:28Z,STR-E-MIP3-B,0.37 €/kWh
2026-10-08T06:46:28Z,STR-E-MSEN-A,0.26 €/kWh
2026-10-08T06:46:28Z,STR-E-MSUL-A,0.26 €/kWh
2026-10-08T06:46:28Z,STR-E-N6P5-A,0.26 €/kWh
2026-10-08T06:46:28Z,STR-E-NCKT-A,0.08 € + 0.32 €/kWh
2026-10-08T06:46:28Z,STR-E-NCKT-B,0.08 € + 0.32 €/kWh
2026-10-08T06:46:28Z,STR-E-NDU2-A,0 € + 0.38 €/kWh
2026-10-08T06:46:28Z,STR-E-NDZ4-A,0 € + 0.38 €/kWh
2026-10-08T06:46:28Z,STR-E-NFV5-A,0 € + 0.38 €/kWh
2026-10-08T06:46:28Z,STR-E-NNGC-A,0.26 €/kWh
2026-10-08T06:46:28Z,STR-E-NSGB-A,0 € + 0.38 €/kWh
2026-10-08T06:46:28Z,STR-E-NY0Q-A,0.15 € + 0.41 €/kWh
2026-10-08T06:46:28Z,STR-E-O0VK-A,0.26 €/kWh
2026-10-08T06:46:28Z,STR-E-O5JX-A,0 € + 0.38 €/kWh
2026-10-08T06:46:28Z,STR-E-O5YW-A,0.08 € + 0.32 €/kWh
2026-10-08T06:46:28Z,STR-E-O5YW-B,0.08 € + 0.32 €/kWh
2026-10-08T06:46:28Z,STR-E-ODBK-A,0.46 €/kWh
2026-10-08T06:46:28Z,STR-E-ODBK-B,0.46 €/kWh
2026-10-08T06:46:28Z,STR-E-OFWF-A,0 € + 0.38 €/kWh
2026-10-08T06:46:28Z,STR-E-OG1X-A,0.26 €/kWh
2026-10-08T06:46:28Z,STR-E-OHH6-A,0 € + 0.38 €/kWh
2026-10-08T06:46:28Z,STR-E-OJ3E-A,0.23 € + 0.39 €/kWh
2026-10-08T06:46:28Z,STR-E-OJ3E-B,0.23 € + 0.39 €/kWh
2026-10-08T06:46:28Z,STR-E-OQKZ-A,0.26 €/kWh
2026-10-08T06:46:28Z,STR-E-P46N-A,0 € + 0.38 €/kWh
2026-10-08T06:46:28Z,STR-E-P7AF-A,0.08 € + 0.32 €/kWh
2026-10-08T06:46:28Z,STR-E-P7AF-B,0.08 € + 0.32 €/kWh
2026-10-08T06:46:28Z,STR-E-PC04-A,0.26 €/kWh
2026-10-08T06:46:28Z,STR-E-PDR2-A,0.26 €/kWh
2026-10-08T06:46:28Z,STR-E-PJCQ-A,0.08 € + 0.32 €/kWh
2026-10-08T06:46:28Z,STR-E-PJCQ-B,0.08 € + 0.32 €/kWh
2026-10-08T06:46:28Z,STR-E-PM3P-A,0.23 € + 0.39 €/kWh
2026-10-08T06:46:28Z,STR-E-PM3P-B,0.23 € + 0.39 €/kWh
2026-10-08T06:46:28Z,STR-E-PRUQ-A,0.26 €/kWh
2026-10-08T06:46:28Z,STR-E-PSU9-A,0.26 €/kWh
2026-10-08T06:46:28Z,STR-E-PZ9U-A,0.26 €/kWh
2026-10-08T06:46:28Z,STR-E-PZES-A,0.26 €/kWh
2026-10-08T06:46:28Z,STR-E-Q5YF-A,0.23 € + 0.39 €/kWh
2026-10-08T06:46:28Z,STR-E-Q5YF-B,0.23 € + 0.39 €/kWh
2026-10-08T06:46:28Z,STR-E-Q7LB-A,0.23 € + 0.39 €/kWh
2026-10-08T06:46:28Z,STR-E-Q7LB-B,0.23 € + 0.39 €/kWh
2026-10-08T06:46:28Z,STR-E-QAXH-A,0.15 € + 0.41 €/kWh
2026-10-08T06:46:28Z,STR-E-QE1X-A,0.08 € + 0.32 €/kWh
2026-10-08T06:46:28Z,STR-E-QE1X-B,0.08 € + 0.32 €/kWh
2026-10-08T06:46:28Z,STR-E-QEDL-A,0.26 €/kWh
2026-10-08T06:46:28Z,STR-E-QIQM-A,0.26 €/kWh
2026-10-08T06:46:28Z,STR-E-QLC9-A,0.37 €/kWh
2026-10-08T06:46:28Z,STR-E-QLC9-B,0.37 €/kWh
2026-10-08T06:46:28Z,STR-E-R0J8-A,0.26 €/kWh
2026-10-08T06:46:28Z,STR-E-R1MT-A,0.23 € + 0.39 €/kWh
2026-10-08T06:46:28Z,STR-E-R1MT-B,0.23 € + 0.39 €/kWh
2026-10-08T06:46:28Z,STR-E-R1PI-A,0.23 € + 0.39 €/kWh
2026-10-08T06:46:28Z,STR-E-R1PI-B,0.23 € + 0.39 €/kWh
2026-10-08T06:46:28Z,STR-E-R2LK-A,0.23 € + 0.39 €/kWh
2026-10-08T06:46:28Z,STR-E-R2LK-B,0.23 € + 0.39 €/kWh
2026-10-08T06:46:28Z,STR-E-R8PQ-A,0 € + 0.38 €/kWh
2026-10-08T06:46:28Z,STR-E-R9GA-A,0.26 €/kWh
2026-10-08T06:46:28Z,STR-E-RJH9-A,0.26 €/kWh
2026-10-08T06:46:28Z,STR-E-RKWJ-A,0.26 €/kWh
2026-10-08T06:46:28Z,STR-E-S42D-A,0.26 €/kWh
2026-10-08T06:46:28Z,STR-E-S6VR-A,0 € + 0.38 €/kWh
2026-10-08T06:46:28Z,STR-E-S7YR-A,0.23 € + 0.39 €/kWh
2026-10-08T06:46:28Z,STR-E-S7YR-B,0.23 € + 0.39 €/kWh
2026-10-08T06:46:28Z,STR-E-SGC2-A,0 € + 0.38 €/kWh
2026-10-08T06:46:28Z,STR-E-SJKA-A,0.26 €/kWh
2026-10-08T06:46:28Z,STR-E-SQX8-A,0.08 € + 0.32 €/kWh
2026-10-08T06:46:28Z,STR-E-SQX8-B,0.08 € + 0.32 €/kWh
2026-10-08T06:46:28Z,STR-E-SVR3-A,0.23 € + 0.39 €/kWh
2026-10-08T06:46:28Z,STR-E-SVR3-B,0.23 € + 0.39 €/kWh
2026-10-08T06:46:28Z,STR-E-SY9Y-A,0.26 €/kWh
2026-10-08T06:46:28Z,STR-E-TO2O-A,0.26 €/kWh
2026-10-08T06:46:28Z,STR-E-TX67-A,0.41 €/kWh
2026-10-08T06:46:28Z,STR-E-TX67-B,0.41 €/kWh
2026-10-08T06:46:28Z,STR-E-U41O-A,0 € + 0.38 €/kWh
2026-10-08T06:46:28Z,STR-E-U5TP-A,0.26 €/kWh
2026-10-08T06:46:28Z,STR-E-UKPS-A,0.15 € + 0.41 €/kWh
2026-10-08T06:46:28Z,STR-E-UPAQ-A,0.37 €/kWh
2026-10-08T06:46:28Z,STR-E-UPAQ-B,0.37 €/kWh
2026-10-08T06:46:28Z,STR-E-UPOS-A,0.08 € + 0.32 €/kWh
2026-10-08T06:46:28Z,STR-E-UPOS-B,0.08 € + 0.32 €/kWh
2026-10-08T06:46:28Z,STR-E-UY5H-A,0.26 €/kWh
2026-10-08T06:46:28Z,STR-E-V17G-A,0.26 €/kWh
2026-10-08T06:46:28Z,STR-E-V31J-A,0.26 €/kWh
2026-10-08T06:46:28Z,STR-E-V50T-A,0.26 €/kWh
2026-10-08T06:46:28Z,STR-E-V9SD-A,0.26 €/kWh
2026-10-08T06:46:28Z,STR-E-V9ZR-A,0.26 €/kWh
2026-10-08T06:46:28Z,STR-E-VBMP-A,0.26 €/kWh
2026-10-08T06:46:28Z,STR-E-VJBJ-A,0 € + 0.38 €/kWh
2026-10-08T06:46:28Z,STR-E-VPDB-A,0.26 €/kWh
2026-10-08T06:46:28Z,STR-E-VQ06-A,0 € + 0.38 €/kWh
2026-10-08T06:46:28Z,STR-E-VSDJ-A,0.41 €/kWh
2026-10-08T06:46:28Z,STR-E-VSDJ-B,0.41 €/kWh
2026-10-08T06:46:28Z,STR-E-VT0G-A,0.26 €/kWh
2026-10-08T06:46:28Z,STR-E-VX2O-A,0 € + 0.38 €/kWh
2026-10-08T06:46:28Z,STR-E-VXGH-A,0.26 €/kWh
2026-10-08T06:46:28Z,STR-E-W1X4-A,0.26 €/kWh
2026-10-08T06:46:28Z,STR-E-WEE3-A,0.23 € + 0.39 €/kWh
2026-10-08T06:46:28Z,STR-E-WEE3-B,0.23 € + 0.39 €/kWh
2026-10-08T06:46:28Z,STR-E-WHZ1-A,0 € + 0.38 €/kWh
2026-10-08T06:46:28Z,STR-E-WLGM-A,0 € + 0.38 €/kWh
2026-10-08T06:46:28Z,STR-E-WTQ5-A,0.39 €/kWh
2026-10-08T06:46:28Z,STR-E-WXV8-A,0.26 €/kWh
2026-10-08T06:46:28Z,STR-E-WYFE-A,0.39 €/kWh
2026-10-08T06:46:28Z,STR-E-WYFE-B,0.39 €/kWh
2026-10-08T06:46:28Z,STR-E-WYYC-A,0.23 € + 0.39 €/kWh
2026-10-08T06:46:28Z,STR-E-WYYC-B,0.23 € + 0.39 €/kWh
2026-10-08T06:46:28Z,STR-E-WZW9-A,0.26 €/kWh
2026-10-08T06:46:28Z,STR-E-X525-A,0.26 €/kWh
2026-10-08T06:46:28Z,STR-E-X54O-A,0 € + 0.38 €/kWh
2026-10-08T06:46:28Z,STR-E-XCMJ-A,0.08 € + 0.32 €/kWh
2026-10-08T06:46:28Z,STR-E-XCMJ-B,0.08 € + 0.32 €/kWh
2026-10-08T06:46:28Z,STR-E-XFON-A,0.26 €/kWh
2026-10-08T06:46:28Z,STR-E-XG69-A,0.08 € + 0.32 €/kWh
2026-10-08T06:46:28Z,STR-E-XG69-B,0.08 € + 0.32 €/kWh
2026-10-08T06:46:28Z,STR-E-XH51-A,0 € + 0.38 €/kWh
2026-10-08T06:46:28Z,STR-E-XKW2-A,0.23 € + 0.39 €/kWh
2026-10-08T06:46:28Z,STR-E-XKW2-B,0.23 € + 0.39 €/kWh
2026-10-08T06:46:28Z,STR-E-XRV8-A,0 € + 0.38 €/kWh
2026-10-08T06:46:28Z,STR-E-Y7JK-A,0 € + 0.38 €/kWh
2026-10-08T06:46:28Z,STR-E-Y82E-A,0 € + 0.38 €/kWh
2026-10-08T06:46:28Z,STR-E-YC50-A,0.26 €/kWh
2026-10-08T06:46:28Z,STR-E-Z2PJ-A,0.08 € + 0.32 €/kWh
2026-10-08T06:46:28Z,STR-E-Z2PJ-B,0.08 € + 0.32 €/kWh
2026-10-08T06:46:28Z,STR-E-ZA6O-A,0.26 €/kWh
2026-10-08T06:46:28Z,STR-E-ZEP7-A,0 € + 0.38 €/kWh
2026-10-08T06:46:28Z,STR-E-ZIAZ-A,0 € + 0.38 €/kWh
2026-10-08T06:46:28Z,STR-E-ZK9W-A,0 € + 0.38 €/kWh
2026-10-08T06:46:28Z,STR-E-ZS00-A,0.23 € + 0.39 €/kWh
2026-10-08T06:46:28Z,STR-E-ZS00-B,0.23 € + 0.39 €/kWh
2026-10-08T06:46:28Z,STR-E-ZWU5-A,0.08 € + 0.32 €/kWh
2026-10-08T06:46:28Z,STR-E-ZWU5-B,0.08 € + 0.32 €/kWh
2026-10-08T06:48:27Z,IKR-E-1220-A,0.3 € + 0.48 €/kWh
2026-10-08T06:48:27Z,IKR-E-1871-A,0.3 € + 0.48 €/kWh
2026-10-08T06:48:27Z,IKR-E-2G8J-A,0.3 € + 0.48 €/kWh
2026-10-08T06:48:27Z,IKR-E-3TSR-A,0.3 € + 0.48 €/kWh
2026-10-08T06:48:27Z,IKR-E-5715-A,0.3 € + 0.48 €/kWh
2026-10-08T06:48:27Z,IKR-E-5730-A,0.3 € + 0.54 €/kWh
2026-10-08T06:48:27Z,IKR-E-5CGU-A,0.3 € + 0.48 €/kWh
2026-10-08T06:48:27Z,IKR-E-7718-A,0.3 € + 0.54 €/kWh
2026-10-08T06:48:27Z,IKR-E-DVCM-A,0.3 € + 0.48 €/kWh
2026-10-08T06:48:27Z,IKR-E-GAY9-A,0.3 € + 0.48 €/kWh
2026-10-08T06:48:27Z,IKR-E-IZW2-A,0.3 € + 0.48 €/kWh
2026-10-08T06:48:27Z,IKR-E-JJAJ-A,0.3 € + 0.48 €/kWh
2026-10-08T06:48:27Z,IKR-E-KMBH-A,0.3 € + 0.48 €/kWh
2026-10-08T06:48:27Z,IKR-E-LJZI-A,0.3 € + 0.48 €/kWh
2026-10-08T06:48:27Z,IKR-E-XIH2-A,0.3 € + 0.48 €/kWh
2026-10-08T06:48:27Z,IKR-P-IV7E-B,0.3 € + 0.48 €/kWh
2026-10-08T07:02:27Z,IKR-E-1220-A,0.3 € + 0.52 €/kWh
2026-10-08T07:02:27Z,IKR-E-1871-A,0.3 € + 0.52 €/kWh
2026-10-08T07:02:27Z,IKR-E-2G8J-A,0.3 € + 0.52 €/kWh
2026-10-08T07:02:27Z,IKR-E-3TSR-A,0.3 € + 0.52 €/kWh
2026-10-08T07:02:27Z,IKR-E-5715-A,0.3 € + 0.52 €/kWh
2026-10-08T07:02:27Z,IKR-E-5730-A,0.3 € + 0.59 €/kWh
2026-10-08T07:02:27Z,IKR-E-5CGU-A,0.3 € + 0.52 €/kWh
2026-10-08T07:02:27Z,IKR-E-7718-A,0.3 € + 0.59 €/kWh
2026-10-08T07:02:27Z,IKR-E-DVCM-A,0.3 € + 0.52 €/kWh
2026-10-08T07:02:27Z,IKR-E-E228-A,0.3 € + 0.5 €/kWh
2026-10-08T07:02:27Z,IKR-E-E475-A,0.3 € + 0.52 €/kWh
2026-10-08T07:02:27Z,IKR-E-E544-A,0.3 € + 0.52 €/kWh
2026-10-08T07:02:27Z,IKR-E-EKZA-A,0.3 € + 0.5 €/kWh
2026-10-08T07:02:27Z,IKR-E-GAY9-A,0.3 € + 0.52 €/kWh
2026-10-08T07:02:27Z,IKR-E-IZW2-A,0.3 € + 0.52 €/kWh
2026-10-08T07:02:27Z,IKR-E-J1JV-A,0.3 € + 0.5 €/kWh
2026-10-08T07:02:27Z,IKR-E-JJAJ-A,0.3 € + 0.52 €/kWh
2026-10-08T07:02:27Z,IKR-E-KMBH-A,0.3 € + 0.52 €/kWh
2026-10-08T07:02:27Z,IKR-E-LJZI-A,0.3 € + 0.52 €/kWh
2026-10-08T07:02:27Z,IKR-E-MAU9-A,0.29 € + 0.44 €/kWh
2026-10-08T07:02:27Z,IKR-E-OWF5-A,0.3 € + 0.53 €/kWh
2026-10-08T07:02:27Z,IKR-E-W6HQ-A,0.29 € + 0.44 €/kWh
2026-10-08T07:02:27Z,IKR-E-XIH2-A,0.3 € + 0.52 €/kWh
2026-10-08T07:02:27Z,IKR-E-Y2Z8-A,0.3 € + 0.46 €/kWh
2026-10-08T07:02:27Z,IKR-P-IV7E-B,0.3 € + 0.52 €/kWh
2026-10-08T07:02:27Z,IKR-P-SCM5-A,0.3 € + 0.53 €/kWh
2026-10-08T07:02:27Z,IKR-P-V9X4-A,0.3 € + 0.53 €/kWh
2026-10-08T07:02:27Z,IKR-P-V9X4-B,0.3 € + 0.53 €/kWh
2026-10-08T07:02:27Z,STR-E-02VO-A,0.42 €/kWh
2026-10-08T07:02:27Z,STR-E-02VO-B,0.42 €/kWh
2026-10-08T07:02:27Z,STR-E-04YS-A,0 € + 0.39 €/kWh
2026-10-08T07:02:27Z,STR-E-051F-A,0.08 € + 0.33 €/kWh
2026-10-08T07:02:27Z,STR-E-0698-A,0.27 €/kWh
2026-10-08T07:02:27Z,STR-E-0GEL-A,0.27 €/kWh
2026-10-08T07:02:27Z,STR-E-10G9-A,0.08 € + 0.33 €/kWh
2026-10-08T07:02:27Z,STR-E-10G9-B,0.08 € + 0.33 €/kWh
2026-10-08T07:02:27Z,STR-E-1162-A,0.27 €/kWh
2026-10-08T07:02:27Z,STR-E-11DT-A,0.27 €/kWh
2026-10-08T07:02:27Z,STR-E-1887-A,0.27 €/kWh
2026-10-08T07:02:27Z,STR-E-1927-A,0.27 €/kWh
2026-10-08T07:02:27Z,STR-E-1ME5-A,0.08 € + 0.33 €/kWh
2026-10-08T07:02:27Z,STR-E-1ME5-B,0.08 € + 0.33 €/kWh
2026-10-08T07:02:27Z,STR-E-1MHB-A,0.62 €/kWh
2026-10-08T07:02:27Z,STR-E-1MJQ-A,0.27 €/kWh
2026-10-08T07:02:27Z,STR-E-1X30-A,0 € + 0.39 €/kWh
2026-10-08T07:02:27Z,STR-E-2446-A,0 € + 0.39 €/kWh
2026-10-08T07:02:27Z,STR-E-2D12-A,0.27 €/kWh
2026-10-08T07:02:27Z,STR-E-2ED4-A,0.27 €/kWh
2026-10-08T07:02:27Z,STR-E-2K1Q-A,0 € + 0.39 €/kWh
2026-10-08T07:02:27Z,STR-E-2XDJ-A,0 € + 0.39 €/kWh
2026-10-08T07:02:27Z,STR-E-320G-A,0.27 €/kWh
2026-10-08T07:02:27Z,STR-E-3PZS-A,0.27 €/kWh
2026-10-08T07:02:27Z,STR-E-3TZI-A,0.27 €/kWh
2026-10-08T07:02:27Z,STR-E-3WE5-A,0 € + 0.39 €/kWh
2026-10-08T07:02:27Z,STR-E-3YH3-A,0.08 € + 0.33 €/kWh
2026-10-08T07:02:27Z,STR-E-3YH3-B,0.08 € + 0.33 €/kWh
2026-10-08T07:02:27Z,STR-E-4156-A,0.44 €/kWh
2026-10-08T07:02:27Z,STR-E-4156-B,0.44 €/kWh
2026-10-08T07:02:27Z,STR-E-491A-A,0.38 €/kWh
2026-10-08T07:02:27Z,STR-E-491A-B,0.38 €/kWh
2026-10-08T07:02:27Z,STR-E-491A-C,0.38 €/kWh
2026-10-08T07:02:27Z,STR-E-4DE6-A,0.38 €/kWh
2026-10-08T07:02:27Z,STR-E-4DE6-B,0.38 €/kWh
2026-10-08T07:02:27Z,STR-E-4KWM-A,0.47 €/kWh
2026-10-08T07:02:27Z,STR-E-4KWM-B,0.47 €/kWh
2026-10-08T07:02:27Z,STR-E-4LRS-A,0.27 €/kWh
2026-10-08T07:02:27Z,STR-E-4UGU-A,0.27 €/kWh
2026-10-08T07:02:27Z,STR-E-4YKC-A,0 € + 0.39 €/kWh
2026-10-08T07:02:27Z,STR-E-527U-A,0 € + 0.39 €/kWh
2026-10-08T07:02:27Z,STR-E-54PK-A,0.08 € + 0.33 €/kWh
2026-10-08T07:02:27Z,STR-E-54PK-B,0.08 € + 0.33 €/kWh
2026-10-08T07:02:27Z,STR-E-55I4-A,0 € + 0.39 €/kWh
2026-10-08T07:02:27Z,STR-E-566J-A,0 € + 0.39 €/kWh
2026-10-08T07:02:27Z,STR-E-59TF-A,0.08 € + 0.33 €/kWh
2026-10-08T07:02:27Z,STR-E-5DWB-A,0.27 €/kWh
2026-10-08T07:02:27Z,STR-E-5TI5-A,0.27 €/kWh
2026-10-08T07:02:27Z,STR-E-69PN-A,0.27 €/kWh
2026-10-08T07:02:27Z,STR-E-6CNG-A,0.27 €/kWh
2026-10-08T07:02:27Z,STR-E-6E7W-A,0 € + 0.39 €/kWh
2026-10-08T07:02:27Z,STR-E-6SQH-A,0.27 €/kWh
2026-10-08T07:02:27Z,STR-E-6ZTQ-A,0 € + 0.39 €/kWh
2026-10-08T07:02:27Z,STR-E-7438-A,0 € + 0.39 €/kWh
2026-10-08T07:02:27Z,STR-E-7A48-A,0.08 € + 0.33 €/kWh
2026-10-08T07:02:27Z,STR-E-7YBN-A,0 € + 0.39 €/kWh
2026-10-08T07:02:27Z,STR-E-7Z8G-A,0.47 €/kWh
2026-10-08T07:02:27Z,STR-E-7Z8G-B,0.47 €/kWh
2026-10-08T07:02:27Z,STR-E-86C0-A,0.27 €/kWh
2026-10-08T07:02:27Z,STR-E-88SA-A,0.27 €/kWh
2026-10-08T07:02:27Z,STR-E-8A02-A,0 € + 0.39 €/kWh
2026-10-08T07:02:27Z,STR-E-8M2O-A,0.27 €/kWh
2026-10-08T07:02:27Z,STR-E-8Q9F-A,0 € + 0.39 €/kWh
2026-10-08T07:02:27Z,STR-E-8XL5-A,0.27 €/kWh
2026-10-08T07:02:27Z,STR-E-8Y23-A,0.27 €/kWh
2026-10-08T07:02:27Z,STR-E-9AH3-A,0 € + 0.39 €/kWh
2026-10-08T07:02:27Z,STR-E-9I2R-A,0.27 €/kWh
2026-10-08T07:02:27Z,STR-E-9TUZ-A,0.27 €/kWh
2026-10-08T07:02:27Z,STR-E-9WY2-A,0.27 €/kWh
2026-10-08T07:02:27Z,STR-E-A169-A,0 € + 0.39 €/kWh
2026-10-08T07:02:27Z,STR-E-A27N-A,0.42 €/kWh
2026-10-08T07:02:27Z,STR-E-A27N-B,0.42 €/kWh
2026-10-08T07:02:27Z,STR-E-A27N-C,0.42 €/kWh
2026-10-08T07:02:27Z,STR-E-A442-A,0.27 €/kWh
2026-10-08T07:02:27Z,STR-E-AABG-A,0.27 €/kWh
2026-10-08T07:02:27Z,STR-E-ACMT-A,0.27 €/kWh
2026-10-08T07:02:27Z,STR-E-ADXE-A,0 € + 0.39 €/kWh
2026-10-08T07:02:27Z,STR-E-AF2O-A,0.08 € + 0.33 €/kWh
2026-10-08T07:02:27Z,STR-E-AMQK-A,0 € + 0.39 €/kWh
2026-10-08T07:02:27Z,STR-E-AUQ2-A,0 € + 0.39 €/kWh
2026-10-08T07:02:27Z,STR-E-AWF1-A,0.08 € + 0.33 €/kWh
2026-10-08T07:02:27Z,STR-E-AWF1-B,0.08 € + 0.33 €/kWh
2026-10-08T07:02:27Z,STR-E-AWJ9-A,0.42 €/kWh
2026-10-08T07:02:27Z,STR-E-AWJ9-B,0.42 €/kWh
2026-10-08T07:02:27Z,STR-E-B36V-A,0.19 € + 0.44 €/kWh
2026-10-08T07:02:27Z,STR-E-B36V-B,0.19 € + 0.44 €/kWh
2026-10-08T07:02:27Z,STR-E-BXA5-A,0.27 €/kWh
2026-10-08T07:02:27Z,STR-E-C91L-A,0.27 €/kWh
2026-10-08T07:02:27Z,STR-E-C99Z-A,0 € + 0.39 €/kWh
2026-10-08T07:02:27Z,STR-E-DBCC-A,0.08 € + 0.33 €/kWh
2026-10-08T07:02:27Z,STR-E-DBCC-B,0.08 € + 0.33 €/kWh
2026-10-08T07:02:27Z,STR-E-DHEJ-A,0 € + 0.39 €/kWh
2026-10-08T07:02:27Z,STR-E-E7HH-A,0.27 €/kWh
2026-10-08T07:02:27Z,STR-E-ECI7-A,0 € + 0.39 €/kWh
2026-10-08T07:02:27Z,STR-E-EFXK-A,0 € + 0.39 €/kWh
2026-10-08T07:02:27Z,STR-E-EPQY-A,0 € + 0.39 €/kWh
2026-10-08T07:02:27Z,STR-E-ER2N-A,0 € + 0.39 €/kWh
2026-10-08T07:02:27Z,STR-E-ES3O-A,0 € + 0.39 €/kWh
2026-10-08T07:02:27Z,STR-E-EU1U-A,0.27 €/kWh
2026-10-08T07:02:27Z,STR-E-F2G0-A,0.08 € + 0.33 €/kWh
2026-10-08T07:02:27Z,STR-E-F2G0-B,0.08 € + 0.33 €/kWh
2026-10-08T07:02:27Z,STR-E-F4B3-A,0.27 €/kWh
2026-10-08T07:02:27Z,STR-E-F5LZ-A,0.27 €/kWh
2026-10-08T07:02:27Z,STR-E-FGMF-A,0.27 €/kWh
2026-10-08T07:02:27Z,STR-E-FK06-A,0.27 €/kWh
2026-10-08T07:02:27Z,STR-E-FKUY-A,0 € + 0.39 €/kWh
2026-10-08T07:02:27Z,STR-E-FUE8-A,0.08 € + 0.33 €/kWh
2026-10-08T07:02:27Z,STR-E-FUE8-B,0.08 € + 0.33 €/kWh
2026-10-08T07:02:27Z,STR-E-G4VM-A,0.27 €/kWh
2026-10-08T07:02:27Z,STR-E-G518-A,0.27 €/kWh
2026-10-08T07:02:27Z,STR-E-GB9A-A,0.27 €/kWh
2026-10-08T07:02:27Z,STR-E-GE77-A,0.47 €/kWh
2026-10-08T07:02:27Z,STR-E-GE77-B,0.47 €/kWh
2026-10-08T07:02:27Z,STR-E-GFB3-A,0 € + 0.39 €/kWh
2026-10-08T07:02:27Z,STR-E-GGV8-A,0.27 €/kWh
2026-10-08T07:02:27Z,STR-E-GHJA-A,0.27 €/kWh
2026-10-08T07:02:27Z,STR-E-GK0C-A,0 € + 0.39 €/kWh
2026-10-08T07:02:27Z,STR-E-GR5K-A,0.27 €/kWh
2026-10-08T07:02:27Z,STR-E-H6Q5-A,0.27 €/kWh
2026-10-08T07:02:27Z,STR-E-HHXV-A,0 € + 0.39 €/kWh
2026-10-08T07:02:27Z,STR-E-I1KE-A,0 € + 0.39 €/kWh
2026-10-08T07:02:27Z,STR-E-I4UZ-A,0.27 €/kWh
2026-10-08T07:02:27Z,STR-E-I5FH-A,0.27 €/kWh
2026-10-08T07:02:27Z,STR-E-I8C6-A,0.27 €/kWh
2026-10-08T07:02:27Z,STR-E-IA3X-A,0.27 €/kWh
2026-10-08T07:02:27Z,STR-E-IAO5-A,0 € + 0.39 €/kWh
2026-10-08T07:02:27Z,STR-E-IIKL-A,0.08 € + 0.33 €/kWh
2026-10-08T07:02:27Z,STR-E-IIKL-B,0.08 € + 0.33 €/kWh
2026-10-08T07:02:27Z,STR-E-IPEC-A,0 € + 0.39 €/kWh
2026-10-08T07:02:27Z,STR-E-IV6T-A,0 € + 0.39 €/kWh
2026-10-08T07:02:27Z,STR-E-J54N-A,0 € + 0.39 €/kWh
2026-10-08T07:02:27Z,STR-E-J6DA-A,0 € + 0.39 €/kWh
2026-10-08T07:02:27Z,STR-E-J8VF-A,0 € + 0.39 €/kWh
2026-10-08T07:02:27Z,STR-E-JG90-A,0.29 €/kWh + 0.3 €
2026-10-08T07:02:27Z,STR-E-JG90-B,0.29 €/kWh + 0.3 €
2026-10-08T07:02:27Z,STR-E-JMOR-A,0 € + 0.39 €/kWh
2026-10-08T07:02:27Z,STR-E-JVO0-A,0.27 €/kWh
2026-10-08T07:02:27Z,STR-E-K217-A,0 € + 0.39 €/kWh
2026-10-08T07:02:27Z,STR-E-KBZL-A,0.27 €/kWh
2026-10-08T07:02:27Z,STR-E-KOHN-A,0 € + 0.39 €/kWh
2026-10-08T07:02:27Z,STR-E-KT5B-A,0 € + 0.39 €/kWh
2026-10-08T07:02:27Z,STR-E-KUKS-A,0.08 € + 0.33 €/kWh
2026-10-08T07:02:27Z,STR-E-KUKS-B,0.08 € + 0.33 €/kWh
2026-10-08T07:02:27Z,STR-E-L84D-A,0.27 €/kWh
2026-10-08T07:02:27Z,STR-E-LISV-A,0.27 €/kWh
2026-10-08T07:02:27Z,STR-E-LKFQ-A,0.27 €/kWh
2026-10-08T07:02:27Z,STR-E-LREY-A,0.62 €/kWh
2026-10-08T07:02:27Z,STR-E-M1IB-A,0.27 €/kWh
2026-10-08T07:02:27Z,STR-E-M8WL-A,0.27 €/kWh
2026-10-08T07:02:27Z,STR-E-M9W7-A,0.27 €/kWh
2026-10-08T07:02:27Z,STR-E-MIP3-A,0.38 €/kWh
2026-10-08T07:02:27Z,STR-E-MIP3-B,0.38 €/kWh
2026-10-08T07:02:27Z,STR-E-MSEN-A,0.27 €/kWh
2026-10-08T07:02:27Z,STR-E-MSUL-A,0.27 €/kWh
2026-10-08T07:02:27Z,STR-E-N6P5-A,0.27 €/kWh
2026-10-08T07:02:27Z,STR-E-NCKT-A,0.08 € + 0.33 €/kWh
2026-10-08T07:02:27Z,STR-E-NCKT-B,0.08 € + 0.33 €/kWh
2026-10-08T07:02:27Z,STR-E-NDU2-A,0 € + 0.39 €/kWh
2026-10-08T07:02:27Z,STR-E-NDZ4-A,0 € + 0.39 €/kWh
2026-10-08T07:02:27Z,STR-E-NFV5-A,0 € + 0.39 €/kWh
2026-10-08T07:02:27Z,STR-E-NNGC-A,0.27 €/kWh
2026-10-08T07:02:27Z,STR-E-NSGB-A,0 € + 0.39 €/kWh
2026-10-08T07:02:27Z,STR-E-NY0Q-A,0.15 € + 0.42 €/kWh
2026-10-08T07:02:27Z,STR-E-O0VK-A,0.27 €/kWh
2026-10-08T07:02:27Z,STR-E-O5JX-A,0 € + 0.39 €/kWh
2026-10-08T07:02:27Z,STR-E-O5YW-A,0.08 € + 0.33 €/kWh
2026-10-08T07:02:27Z,STR-E-O5YW-B,0.08 € + 0.33 €/kWh
2026-10-08T07:02:27Z,STR-E-ODBK-A,0.47 €/kWh
2026-10-08T07:02:27Z,STR-E-ODBK-B,0.47 €/kWh
2026-10-08T07:02:27Z,STR-E-OFWF-A,0 € + 0.39 €/kWh
2026-10-08T07:02:27Z,STR-E-OG1X-A,0.27 €/kWh
2026-10-08T07:02:27Z,STR-E-OHH6-A,0 € + 0.39 €/kWh
2026-10-08T07:02:27Z,STR-E-OQKZ-A,0.27 €/kWh
2026-10-08T07:02:27Z,STR-E-P46N-A,0 € + 0.39 €/kWh
2026-10-08T07:02:27Z,STR-E-P7AF-A,0.08 € + 0.33 €/kWh
2026-10-08T07:02:27Z,STR-E-P7AF-B,0.08 € + 0.33 €/kWh
2026-10-08T07:02:27Z,STR-E-PC04-A,0.27 €/kWh
2026-10-08T07:02:27Z,STR-E-PDR2-A,0.27 €/kWh
2026-10-08T07:02:27Z,STR-E-PJCQ-A,0.08 € + 0.33 €/kWh
2026-10-08T07:02:27Z,STR-E-PJCQ-B,0.08 € + 0.33 €/kWh
2026-10-08T07:02:27Z,STR-E-PRUQ-A,0.27 €/kWh
2026-10-08T07:02:27Z,STR-E-PSU9-A,0.27 €/kWh
2026-10-08T07:02:27Z,STR-E-PZ9U-A,0.27 €/kWh
2026-10-08T07:02:27Z,STR-E-PZES-A,0.27 €/kWh
2026-10-08T07:02:27Z,STR-E-QAXH-A,0.15 € + 0.42 €/kWh
2026-10-08T07:02:27Z,STR-E-QE1X-A,0.08 € + 0.33 €/kWh
2026-10-08T07:02:27Z,STR-E-QE1X-B,0.08 € + 0.33 €/kWh
2026-10-08T07:02:27Z,STR-E-QEDL-A,0.27 €/kWh
2026-10-08T07:02:27Z,STR-E-QIQM-A,0.27 €/kWh
2026-10-08T07:02:27Z,STR-E-QLC9-A,0.38 €/kWh
2026-10-08T07:02:27Z,STR-E-QLC9-B,0.38 €/kWh
2026-10-08T07:02:27Z,STR-E-R0J8-A,0.27 €/kWh
2026-10-08T07:02:27Z,STR-E-R8PQ-A,0 € + 0.39 €/kWh
2026-10-08T07:02:27Z,STR-E-R9GA-A,0.27 €/kWh
2026-10-08T07:02:27Z,STR-E-RJH9-A,0.27 €/kWh
2026-10-08T07:02:27Z,STR-E-RKWJ-A,0.27 €/kWh
2026-10-08T07:02:27Z,STR-E-S42D-A,0.27 €/kWh
2026-10-08T07:02:27Z,STR-E-S6VR-A,0 € + 0.39 €/kWh
2026-10-08T07:02:27Z,STR-E-SGC2-A,0 € + 0.39 €/kWh
2026-10-08T07:02:27Z,STR-E-SJKA-A,0.27 €/kWh
2026-10-08T07:02:27Z,STR-E-SQX8-A,0.08 € + 0.33 €/kWh
2026-10-08T07:02:27Z,STR-E-SQX8-B,0.08 € + 0.33 €/kWh
2026-10-08T07:02:27Z,STR-E-SY9Y-A,0.27 €/kWh
2026-10-08T07:02:27Z,STR-E-TO2O-A,0.27 €/kWh
2026-10-08T07:02:27Z,STR-E-TX67-A,0.42 €/kWh
2026-10-08T07:02:27Z,STR-E-TX67-B,0.42 €/kWh
2026-10-08T07:02:27Z,STR-E-U41O-A,0 € + 0.39 €/kWh
2026-10-08T07:02:27Z,STR-E-U5TP-A,0.27 €/kWh
2026-10-08T07:02:27Z,STR-E-UKPS-A,0.15 € + 0.42 €/kWh
2026-10-08T07:02:27Z,STR-E-UPAQ-A,0.38 €/kWh
2026-10-08T07:02:27Z,STR-E-UPAQ-B,0.38 €/kWh
2026-10-08T07:02:27Z,STR-E-UPOS-A,0.08 € + 0.33 €/kWh
2026-10-08T07:02:27Z,STR-E-UPOS-B,0.08 € + 0.33 €/kWh
2026-10-08T07:02:27Z,STR-E-UY5H-A,0.27 €/kWh
2026-10-08T07:02:27Z,STR-E-V17G-A,0.27 €/kWh
2026-10-08T07:02:27Z,STR-E-V31J-A,0.27 €/kWh
2026-10-08T07:02:27Z,STR-E-V50T-A,0.27 €/kWh
2026-10-08T07:02:27Z,STR-E-V9SD-A,0.27 €/kWh
2026-10-08T07:02:27Z,STR-E-V9ZR-A,0.27 €/kWh
2026-10-08T07:02:27Z,STR-E-VBMP-A,0.27 €/kWh
2026-10-08T07:02:27Z,STR-E-VJBJ-A,0 € + 0.39 €/kWh
2026-10-08T07:02:27Z,STR-E-VPDB-A,0.27 €/kWh
2026-10-08T07:02:27Z,STR-E-VQ06-A,0 € + 0.39 €/kWh
2026-10-08T07:02:27Z,STR-E-VSDJ-A,0.42 €/kWh
2026-10-08T07:02:27Z,STR-E-VSDJ-B,0.42 €/kWh
2026-10-08T07:02:27Z,STR-E-VT0G-A,0.27 €/kWh
2026-10-08T07:02:27Z,STR-E-VX2O-A,0 € + 0.39 €/kWh
2026-10-08T07:02:27Z,STR-E-VXGH-A,0.27 €/kWh
2026-10-08T07:02:27Z,STR-E-W1X4-A,0.27 €/kWh
2026-10-08T07:02:27Z,STR-E-WHZ1-A,0 € + 0.39 €/kWh
2026-10-08T07:02:27Z,STR-E-WLGM-A,0 € + 0.39 €/kWh
2026-10-08T07:02:27Z,STR-E-WXV8-A,0.27 €/kWh
2026-10-08T07:02:27Z,STR-E-WZW9-A,0.27 €/kWh
2026-10-08T07:02:27Z,STR-E-X525-A,0.27 €/kWh
2026-10-08T07:02:27Z,STR-E-X54O-A,0 € + 0.39 €/kWh
2026-10-08T07:02:27Z,STR-E-XCMJ-A,0.08 € + 0.33 €/kWh
2026-10-08T07:02:27Z,STR-E-XCMJ-B,0.08 € + 0.33 €/kWh
2026-10-08T07:02:27Z,STR-E-XFON-A,0.27 €/kWh
2026-10-08T07:02:27Z,STR-E-XG69-A,0.08 € + 0.33 €/kWh
2026-10-08T07:02:27Z,STR-E-XG69-B,0.08 € + 0.33 €/kWh
2026-10-08T07:02:27Z,STR-E-XH51-A,0 € + 0.39 €/kWh
2026-10-08T07:02:27Z,STR-E-XRV8-A,0 € + 0.39 €/kWh
2026-10-08T07:02:27Z,STR-E-Y7JK-A,0 € + 0.39 €/kWh
2026-10-08T07:02:27Z,STR-E-Y82E-A,0 € + 0.39 €/kWh
2026-10-08T07:02:27Z,STR-E-YC50-A,0.27 €/kWh
2026-10-08T07:02:27Z,STR-E-Z2PJ-A,0.08 € + 0.33 €/kWh
2026-10-08T07:02:27Z,STR-E-Z2PJ-B,0.08 € + 0.33 €/kWh
2026-10-08T07:02:27Z,STR-E-ZA6O-A,0.27 €/kWh
2026-10-08T07:02:27Z,STR-E-ZEP7-A,0 € + 0.39 €/kWh
2026-10-08T07:02:27Z,STR-E-ZIAZ-A,0 € + 0.39 €/kWh
2026-10-08T07:02:27Z,STR-E-ZK9W-A,0 € + 0.39 €/kWh
2026-10-08T07:02:27Z,STR-E-ZWU5-A,0.08 € + 0.33 €/kWh
2026-10-08T07:02:27Z,STR-E-ZWU5-B,0.08 € + 0.33 €/kWh
2026-10-08T07:17:01Z,IKR-E-1220-A,0.3 € + 0.48 €/kWh
2026-10-08T07:17:01Z,IKR-E-1871-A,0.3 € + 0.48 €/kWh
2026-10-08T07:17:01Z,IKR-E-2G8J-A,0.3 € + 0.48 €/kWh
2026-10-08T07:17:01Z,IKR-E-3TSR-A,0.3 € + 0.48 €/kWh
2026-10-08T07:17:01Z,IKR-E-5715-A,0.3 € + 0.48 €/kWh
2026-10-08T07:17:01Z,IKR-E-5730-A,0.3 € + 0.54 €/kWh
2026-10-08T07:17:01Z,IKR-E-5CGU-A,0.3 € + 0.48 €/kWh
2026-10-08T07:17:01Z,IKR-E-7718-A,0.3 € + 0.54 €/kWh
2026-10-08T07:17:01Z,IKR-E-DVCM-A,0.3 € + 0.48 €/kWh
2026-10-08T07:17:01Z,IKR-E-E228-A,0.3 € + 0.47 €/kWh
2026-10-08T07:17:01Z,IKR-E-E475-A,0.3 € + 0.48 €/kWh
2026-10-08T07:17:01Z,IKR-E-E544-A,0.3 € + 0.48 €/kWh
2026-10-08T07:17:01Z,IKR-E-EKZA-A,0.3 € + 0.47 €/kWh
2026-10-08T07:17:01Z,IKR-E-GAY9-A,0.3 € + 0.48 €/kWh
2026-10-08T07:17:01Z,IKR-E-IZW2-A,0.3 € + 0.48 €/kWh
2026-10-08T07:17:01Z,IKR-E-J1JV-A,0.3 € + 0.47 €/kWh
2026-10-08T07:17:01Z,IKR-E-JJAJ-A,0.3 € + 0.48 €/kWh
2026-10-08T07:17:01Z,IKR-E-KMBH-A,0.3 € + 0.48 €/kWh
2026-10-08T07:17:01Z,IKR-E-LJZI-A,0.3 € + 0.48 €/kWh
2026-10-08T07:17:01Z,IKR-E-MAU9-A,0.29 € + 0.41 €/kWh
2026-10-08T07:17:01Z,IKR-E-OWF5-A,0.3 € + 0.5 €/kWh
2026-10-08T07:17:01Z,IKR-E-W6HQ-A,0.29 € + 0.41 €/kWh
2026-10-08T07:17:01Z,IKR-E-XIH2-A,0.3 € + 0.48 €/kWh
2026-10-08T07:17:01Z,IKR-E-Y2Z8-A,0.3 € + 0.44 €/kWh
2026-10-08T07:17:01Z,IKR-P-IV7E-B,0.3 € + 0.48 €/kWh
2026-10-08T07:17:01Z,IKR-P-SCM5-A,0.3 € + 0.5 €/kWh
2026-10-08T07:17:01Z,IKR-P-V9X4-A,0.3 € + 0.5 €/kWh
2026-10-08T07:17:01Z,IKR-P-V9X4-B,0.3 € + 0.5 €/kWh
2026-10-08T07:17:01Z,STR-E-027B-A,0.23 € + 0.38 €/kWh
2026-10-08T07:17:01Z,STR-E-027B-B,0.23 € + 0.38 €/kWh
2026-10-08T07:17:01Z,STR-E-02VO-A,0.4 €/kWh
2026-10-08T07:17:01Z,STR-E-02VO-B,0.4 €/kWh
2026-10-08T07:17:01Z,STR-E-04YS-A,0 € + 0.37 €/kWh
2026-10-08T07:17:01Z,STR-E-051F-A,0.08 € + 0.31 €/kWh
2026-10-08T07:17:01Z,STR-E-0698-A,0.25 €/kWh
2026-10-08T07:17:01Z,STR-E-0GEL-A,0.25 €/kWh
2026-10-08T07:17:01Z,STR-E-10G9-A,0.08 € + 0.31 €/kWh
2026-10-08T07:17:01Z,STR-E-10G9-B,0.08 € + 0.31 €/kWh
2026-10-08T07:17:01Z,STR-E-1162-A,0.25 €/kWh
2026-10-08T07:17:01Z,STR-E-11DT-A,0.25 €/kWh
2026-10-08T07:17:01Z,STR-E-1887-A,0.25 €/kWh
2026-10-08T07:17:01Z,STR-E-1927-A,0.25 €/kWh
2026-10-08T07:17:01Z,STR-E-1ME5-A,0.08 € + 0.31 €/kWh
2026-10-08T07:17:01Z,STR-E-1ME5-B,0.08 € + 0.31 €/kWh
2026-10-08T07:17:01Z,STR-E-1MHB-A,0.6 €/kWh
2026-10-08T07:17:01Z,STR-E-1MJQ-A,0.25 €/kWh
2026-10-08T07:17:01Z,STR-E-1X30-A,0 € + 0.37 €/kWh
2026-10-08T07:17:01Z,STR-E-21O1-A,0.38 €/kWh
2026-10-08T07:17:01Z,STR-E-21O1-B,0.38 €/kWh
2026-10-08T07:17:01Z,STR-E-2446-A,0 € + 0.37 €/kWh
2026-10-08T07:17:01Z,STR-E-2D12-A,0.25 €/kWh
2026-10-08T07:17:01Z,STR-E-2ED4-A,0.25 €/kWh
2026-10-08T07:17:01Z,STR-E-2K1Q-A,0 € + 0.37 €/kWh
2026-10-08T07:17:01Z,STR-E-2XDJ-A,0 € + 0.37 €/kWh
2026-10-08T07:17:01Z,STR-E-320G-A,0.25 €/kWh
2026-10-08T07:17:01Z,STR-E-3468-A,0.38 €/kWh
2026-10-08T07:17:01Z,STR-E-3468-B,0.38 €/kWh
2026-10-08T07:17:01Z,STR-E-3ENA-A,0.38 €/kWh
2026-10-08T07:17:01Z,STR-E-3ENA-B,0.38 €/kWh
2026-10-08T07:17:01Z,STR-E-3ENA-C,0.38 €/kWh
2026-10-08T07:17:01Z,STR-E-3FMF-A,0.23 € + 0.38 €/kWh
2026-10-08T07:17:01Z,STR-E-3FMF-B,0.23 € + 0.38 €/kWh
2026-10-08T07:17:01Z,STR-E-3PZS-A,0.25 €/kWh
2026-10-08T07:17:01Z,STR-E-3SXI-A,0.38 €/kWh
2026-10-08T07:17:01Z,STR-E-3SXI-B,0.38 €/kWh
2026-10-08T07:17:01Z,STR-E-3TZI-A,0.25 €/kWh
2026-10-08T07:17:01Z,STR-E-3WE5-A,0 € + 0.37 €/kWh
2026-10-08T07:17:01Z,STR-E-3YH3-A,0.08 € + 0.31 €/kWh
2026-10-08T07:17:01Z,STR-E-3YH3-B,0.08 € + 0.31 €/kWh
2026-10-08T07:17:01Z,STR-E-4156-A,0.42 €/kWh
2026-10-08T07:17:01Z,STR-E-4156-B,0.42 €/kWh
2026-10-08T07:17:01Z,STR-E-491A-A,0.36 €/kWh
2026-10-08T07:17:01Z,STR-E-491A-B,0.36 €/kWh
2026-10-08T07:17:01Z,STR-E-491A-C,0.36 €/kWh
2026-10-08T07:17:01Z,STR-E-4DE6-A,0.36 €/kWh
2026-10-08T07:17:01Z,STR-E-4DE6-B,0.36 €/kWh
2026-10-08T07:17:01Z,STR-E-4KWM-A,0.45 €/kWh
2026-10-08T07:17:01Z,STR-E-4KWM-B,0.45 €/kWh
2026-10-08T07:17:01Z,STR-E-4LRS-A,0.25 €/kWh
2026-10-08T07:17:01Z,STR-E-4UGU-A,0.25 €/kWh
2026-10-08T07:17:01Z,STR-E-4YKC-A,0 € + 0.37 €/kWh
2026-10-08T07:17:01Z,STR-E-527U-A,0 € + 0.37 €/kWh
2026-10-08T07:17:01Z,STR-E-54PK-A,0.08 € + 0.31 €/kWh
2026-10-08T07:17:01Z,STR-E-54PK-B,0.08 € + 0.31 €/kWh
2026-10-08T07:17:01Z,STR-E-55I4-A,0 € + 0.37 €/kWh
2026-10-08T07:17:01Z,STR-E-566J-A,0 € + 0.37 €/kWh
2026-10-08T07:17:01Z,STR-E-59TF-A,0.08 € + 0.31 €/kWh
2026-10-08T07:17:01Z,STR-E-5DWB-A,0.25 €/kWh
2026-10-08T07:17:01Z,STR-E-5TI5-A,0.25 €/kWh
2026-10-08T07:17:01Z,STR-E-69PN-A,0.25 €/kWh
2026-10-08T07:17:01Z,STR-E-6CNG-A,0.25 €/kWh
2026-10-08T07:17:01Z,STR-E-6E7W-A,0 € + 0.37 €/kWh
2026-10-08T07:17:01Z,STR-E-6SQH-A,0.25 €/kWh
2026-10-08T07:17:01Z,STR-E-6UZQ-A,0.38 €/kWh
2026-10-08T07:17:01Z,STR-E-6UZQ-B,0.38 €/kWh
2026-10-08T07:17:01Z,STR-E-6ZTQ-A,0 € + 0.37 €/kWh
2026-10-08T07:17:01Z,STR-E-7438-A,0 € + 0.37 €/kWh
2026-10-08T07:17:01Z,STR-E-7A48-A,0.08 € + 0.31 €/kWh
2026-10-08T07:17:01Z,STR-E-7YBN-A,0 € + 0.37 €/kWh
2026-10-08T07:17:01Z,STR-E-7Z8G-A,0.45 €/kWh
2026-10-08T07:17:01Z,STR-E-7Z8G-B,0.45 €/kWh
2026-10-08T07:17:01Z,STR-E-86C0-A,0.25 €/kWh
2026-10-08T07:17:01Z,STR-E-88SA-A,0.25 €/kWh
2026-10-08T07:17:01Z,STR-E-8A02-A,0 € + 0.37 €/kWh
2026-10-08T07:17:01Z,STR-E-8M2O-A,0.25 €/kWh
2026-10-08T07:17:01Z,STR-E-8Q9F-A,0 € + 0.37 €/kWh
2026-10-08T07:17:01Z,STR-E-8XL5-A,0.25 €/kWh
2026-10-08T07:17:01Z,STR-E-8Y23-A,0.25 €/kWh
2026-10-08T07:17:01Z,STR-E-92KW-A,0.23 € + 0.38 €/kWh
2026-10-08T07:17:01Z,STR-E-9AH3-A,0 € + 0.37 €/kWh
2026-10-08T07:17:01Z,STR-E-9I2R-A,0.25 €/kWh
2026-10-08T07:17:01Z,STR-E-9TUZ-A,0.25 €/kWh
2026-10-08T07:17:01Z,STR-E-9WY2-A,0.25 €/kWh
2026-10-08T07:17:01Z,STR-E-A169-A,0 € + 0.37 €/kWh
2026-10-08T07:17:01Z,STR-E-A27N-A,0.4 €/kWh
2026-10-08T07:17:01Z,STR-E-A27N-B,0.4 €/kWh
2026-10-08T07:17:01Z,STR-E-A27N-C,0.4 €/kWh
2026-10-08T07:17:01Z,STR-E-A442-A,0.25 €/kWh
2026-10-08T07:17:01Z,STR-E-AABG-A,0.25 €/kWh
2026-10-08T07:17:01Z,STR-E-ACMT-A,0.25 €/kWh
2026-10-08T07:17:01Z,STR-E-ADXE-A,0 € + 0.37 €/kWh
2026-10-08T07:17:01Z,STR-E-AF2O-A,0.08 € + 0.31 €/kWh
2026-10-08T07:17:01Z,STR-E-AMQK-A,0 € + 0.37 €/kWh
2026-10-08T07:17:01Z,STR-E-ANJ0-A,0.23 € + 0.38 €/kWh
2026-10-08T07:17:01Z,STR-E-ANJ0-B,0.23 € + 0.38 €/kWh
2026-10-08T07:17:01Z,STR-E-AP96-A,0.23 € + 0.38 €/kWh
2026-10-08T07:17:01Z,STR-E-AP96-B,0.23 € + 0.38 €/kWh
2026-10-08T07:17:01Z,STR-E-AUQ2-A,0 € + 0.37 €/kWh
2026-10-08T07:17:01Z,STR-E-AWF1-A,0.08 € + 0.31 €/kWh
2026-10-08T07:17:01Z,STR-E-AWF1-B,0.08 € + 0.31 €/kWh
2026-10-08T07:17:01Z,STR-E-AWJ9-A,0.4 €/kWh
2026-10-08T07:17:01Z,STR-E-AWJ9-B,0.4 €/kWh
2026-10-08T07:17:01Z,STR-E-B36V-A,0.19 € + 0.43 €/kWh
2026-10-08T07:17:01Z,STR-E-B36V-B,0.19 € + 0.43 €/kWh
2026-10-08T07:17:01Z,STR-E-BIKW-A,0.23 € + 0.38 €/kWh
2026-10-08T07:17:01Z,STR-E-BIKW-B,0.23 € + 0.38 €/kWh
2026-10-08T07:17:01Z,STR-E-BXA5-A,0.25 €/kWh
2026-10-08T07:17:01Z,STR-E-C91L-A,0.25 €/kWh
2026-10-08T07:17:01Z,STR-E-C99Z-A,0 € + 0.37 €/kWh
2026-10-08T07:17:01Z,STR-E-D3MB-A,0.23 € + 0.38 €/kWh
2026-10-08T07:17:01Z,STR-E-D3MB-B,0.23 € + 0.38 €/kWh
2026-10-08T07:17:01Z,STR-E-DBCC-A,0.08 € + 0.31 €/kWh
2026-10-08T07:17:01Z,STR-E-DBCC-B,0.08 € + 0.31 €/kWh
2026-10-08T07:17:01Z,STR-E-DHEJ-A,0 € + 0.37 €/kWh
2026-10-08T07:17:01Z,STR-E-E0DZ-A,0.38 €/kWh
2026-10-08T07:17:01Z,STR-E-E0DZ-B,0.38 €/kWh
2026-10-08T07:17:01Z,STR-E-E7HH-A,0.25 €/kWh
2026-10-08T07:17:01Z,STR-E-ECI7-A,0 € + 0.37 €/kWh
2026-10-08T07:17:01Z,STR-E-EFXK-A,0 € + 0.37 €/kWh
2026-10-08T07:17:01Z,STR-E-ELFQ-A,0.23 € + 0.38 €/kWh
2026-10-08T07:17:01Z,STR-E-ELFQ-B,0.23 € + 0.38 €/kWh
2026-10-08T07:17:01Z,STR-E-EPQY-A,0 € + 0.37 €/kWh
2026-10-08T07:17:01Z,STR-E-ER2N-A,0 € + 0.37 €/kWh
2026-10-08T07:17:01Z,STR-E-ES3O-A,0 € + 0.37 €/kWh
2026-10-08T07:17:01Z,STR-E-EU1U-A,0.25 €/kWh
2026-10-08T07:17:01Z,STR-E-F2G0-A,0.08 € + 0.31 €/kWh
2026-10-08T07:17:01Z,STR-E-F2G0-B,0.08 € + 0.31 €/kWh
2026-10-08T07:17:01Z,STR-E-F4B3-A,0.25 €/kWh
2026-10-08T07:17:01Z,STR-E-F5LZ-A,0.25 €/kWh
2026-10-08T07:17:01Z,STR-E-F79A-A,0.23 € + 0.38 €/kWh
2026-10-08T07:17:01Z,STR-E-F79A-B,0.23 € + 0.38 €/kWh
2026-10-08T07:17:01Z,STR-E-FGMF-A,0.25 €/kWh
2026-10-08T07:17:01Z,STR-E-FK06-A,0.25 €/kWh
2026-10-08T07:17:01Z,STR-E-FKUY-A,0 € + 0.37 €/kWh
2026-10-08T07:17:01Z,STR-E-FUE8-A,0.08 € + 0.31 €/kWh
2026-10-08T07:17:01Z,STR-E-FUE8-B,0.08 € + 0.31 €/kWh
2026-10-08T07:17:01Z,STR-E-G4VM-A,0.25 €/kWh
2026-10-08T07:17:01Z,STR-E-G518-A,0.25 €/kWh
2026-10-08T07:17:01Z,STR-E-GB9A-A,0.25 €/kWh
2026-10-08T07:17:01Z,STR-E-GE77-A,0.45 €/kWh
2026-10-08T07:17:01Z,STR-E-GE77-B,0.45 €/kWh
2026-10-08T07:17:01Z,STR-E-GFB3-A,0 € + 0.37 €/kWh
2026-10-08T07:17:01Z,STR-E-GGV8-A,0.25 €/kWh
2026-10-08T07:17:01Z,STR-E-GHJA-A,0.25 €/kWh
2026-10-08T07:17:01Z,STR-E-GK0C-A,0 € + 0.37 €/kWh
2026-10-08T07:17:01Z,STR-E-GR5K-A,0.25 €/kWh
2026-10-08T07:17:01Z,STR-E-H6Q5-A,0.25 €/kWh
2026-10-08T07:17:01Z,STR-E-HHXV-A,0 € + 0.37 €/kWh
2026-10-08T07:17:01Z,STR-E-I1KE-A,0 € + 0.37 €/kWh
2026-10-08T07:17:01Z,STR-E-I4UZ-A,0.25 €/kWh
2026-10-08T07:17:01Z,STR-E-I5FH-A,0.25 €/kWh
2026-10-08T07:17:01Z,STR-E-I8C6-A,0.25 €/kWh
2026-10-08T07:17:01Z,STR-E-IA3X-A,0.25 €/kWh
2026-10-08T07:17:01Z,STR-E-IAO5-A,0 € + 0.37 €/kWh
2026-10-08T07:17:01Z,STR-E-IGH5-A,0.23 € + 0.38 €/kWh
2026-10-08T07:17:01Z,STR-E-IGH5-B,0.23 € + 0.38 €/kWh
2026-10-08T07:17:01Z,STR-E-IIKL-A,0.08 € + 0.31 €/kWh
2026-10-08T07:17:01Z,STR-E-IIKL-B,0.08 € + 0.31 €/kWh
2026-10-08T07:17:01Z,STR-E-IPEC-A,0 € + 0.37 €/kWh
2026-10-08T07:17:01Z,STR-E-IV6T-A,0 € + 0.37 €/kWh
2026-10-08T07:17:01Z,STR-E-J54N-A,0 € + 0.37 €/kWh
2026-10-08T07:17:01Z,STR-E-J6DA-A,0 € + 0.37 €/kWh
2026-10-08T07:17:01Z,STR-E-J8VF-A,0 € + 0.37 €/kWh
2026-10-08T07:17:01Z,STR-E-JG90-A,0.27 €/kWh + 0.3 €
2026-10-08T07:17:01Z,STR-E-JG90-B,0.27 €/kWh + 0.3 €
2026-10-08T07:17:01Z,STR-E-JMOR-A,0 € + 0.37 €/kWh
2026-10-08T07:17:01Z,STR-E-JVO0-A,0.25 €/kWh
2026-10-08T07:17:01Z,STR-E-K217-A,0 € + 0.37 €/kWh
2026-10-08T07:17:01Z,STR-E-K73C-A,0.23 € + 0.38 €/kWh
2026-10-08T07:17:01Z,STR-E-K73C-B,0.23 € + 0.38 €/kWh
2026-10-08T07:17:01Z,STR-E-KBZL-A,0.25 €/kWh
2026-10-08T07:17:01Z,STR-E-KOHN-A,0 € + 0.37 €/kWh
2026-10-08T07:17:01Z,STR-E-KT5B-A,0 € + 0.37 €/kWh
2026-10-08T07:17:01Z,STR-E-KUKS-A,0.08 € + 0.31 €/kWh
2026-10-08T07:17:01Z,STR-E-KUKS-B,0.08 € + 0.31 €/kWh
2026-10-08T07:17:01Z,STR-E-L84D-A,0.25 €/kWh
2026-10-08T07:17:01Z,STR-E-LISV-A,0.25 €/kWh
2026-10-08T07:17:01Z,STR-E-LKFQ-A,0.25 €/kWh
2026-10-08T07:17:01Z,STR-E-LREY-A,0.6 €/kWh
2026-10-08T07:17:01Z,STR-E-M1IB-A,0.25 €/kWh
2026-10-08T07:17:01Z,STR-E-M8WL-A,0.25 €/kWh
2026-10-08T07:17:01Z,STR-E-M9W7-A,0.25 €/kWh
2026-10-08T07:17:01Z,STR-E-MIP3-A,0.36 €/kWh
2026-10-08T07:17:01Z,STR-E-MIP3-B,0.36 €/kWh
2026-10-08T07:17:01Z,STR-E-MSEN-A,0.25 €/kWh
2026-10-08T07:17:01Z,STR-E-MSUL-A,0.25 €/kWh
2026-10-08T07:17:01Z,STR-E-N6P5-A,0.25 €/kWh
2026-10-08T07:17:01Z,STR-E-NCKT-A,0.08 € + 0.31 €/kWh
2026-10-08T07:17:01Z,STR-E-NCKT-B,0.08 € + 0.31 €/kWh
2026-10-08T07:17:01Z,STR-E-NDU2-A,0 € + 0.37 €/kWh
2026-10-08T07:17:01Z,STR-E-NDZ4-A,0 € + 0.37 €/kWh
2026-10-08T07:17:01Z,STR-E-NFV5-A,0 € + 0.37 €/kWh
2026-10-08T07:17:01Z,STR-E-NNGC-A,0.25 €/kWh
2026-10-08T07:17:01Z,STR-E-NSGB-A,0 € + 0.37 €/kWh
2026-10-08T07:17:01Z,STR-E-NY0Q-A,0.15 € + 0.4 €/kWh
2026-10-08T07:17:01Z,STR-E-O0VK-A,0.25 €/kWh
2026-10-08T07:17:01Z,STR-E-O5JX-A,0 € + 0.37 €/kWh
2026-10-08T07:17:01Z,STR-E-O5YW-A,0.08 € + 0.31 €/kWh
2026-10-08T07:17:01Z,STR-E-O5YW-B,0.08 € + 0.31 €/kWh
2026-10-08T07:17:01Z,STR-E-ODBK-A,0.45 €/kWh
2026-10-08T07:17:01Z,STR-E-ODBK-B,0.45 €/kWh
2026-10-08T07:17:01Z,STR-E-OFWF-A,0 € + 0.37 €/kWh
2026-10-08T07:17:01Z,STR-E-OG1X-A,0.25 €/kWh
2026-10-08T07:17:01Z,STR-E-OHH6-A,0 € + 0.37 €/kWh
2026-10-08T07:17:01Z,STR-E-OJ3E-A,0.23 € + 0.38 €/kWh
2026-10-08T07:17:01Z,STR-E-OJ3E-B,0.23 € + 0.38 €/kWh
2026-10-08T07:17:01Z,STR-E-OQKZ-A,0.25 €/kWh
2026-10-08T07:17:01Z,STR-E-P46N-A,0 € + 0.37 €/kWh
2026-10-08T07:17:01Z,STR-E-P7AF-A,0.08 € + 0.31 €/kWh
2026-10-08T07:17:01Z,STR-E-P7AF-B,0.08 € + 0.31 €/kWh
2026-10-08T07:17:01Z,STR-E-PC04-A,0.25 €/kWh
2026-10-08T07:17:01Z,STR-E-PDR2-A,0.25 €/kWh
2026-10-08T07:17:01Z,STR-E-PJCQ-A,0.08 € + 0.31 €/kWh
2026-10-08T07:17:01Z,STR-E-PJCQ-B,0.08 € + 0.31 €/kWh
2026-10-08T07:17:01Z,STR-E-PM3P-A,0.23 € + 0.38 €/kWh
2026-10-08T07:17:01Z,STR-E-PM3P-B,0.23 € + 0.38 €/kWh
2026-10-08T07:17:01Z,STR-E-PRUQ-A,0.25 €/kWh
2026-10-08T07:17:01Z,STR-E-PSU9-A,0.25 €/kWh
2026-10-08T07:17:01Z,STR-E-PZ9U-A,0.25 €/kWh
2026-10-08T07:17:01Z,STR-E-PZES-A,0.25 €/kWh
2026-10-08T07:17:01Z,STR-E-Q5YF-A,0.23 € + 0.38 €/kWh
2026-10-08T07:17:01Z,STR-E-Q5YF-B,0.23 € + 0.38 €/kWh
2026-10-08T07:17:01Z,STR-E-Q7LB-A,0.23 € + 0.38 €/kWh
2026-10-08T07:17:01Z,STR-E-Q7LB-B,0.23 € + 0.38 €/kWh
2026-10-08T07:17:01Z,STR-E-QAXH-A,0.15 € + 0.4 €/kWh
2026-10-08T07:17:01Z,STR-E-QE1X-A,0.08 € + 0.31 €/kWh
2026-10-08T07:17:01Z,STR-E-QE1X-B,0.08 € + 0.31 €/kWh
2026-10-08T07:17:01Z,STR-E-QEDL-A,0.25 €/kWh
2026-10-08T07:17:01Z,STR-E-QIQM-A,0.25 €/kWh
2026-10-08T07:17:01Z,STR-E-QLC9-A,0.36 €/kWh
2026-10-08T07:17:01Z,STR-E-QLC9-B,0.36 €/kWh
2026-10-08T07:17:01Z,STR-E-R0J8-A,0.25 €/kWh
2026-10-08T07:17:01Z,STR-E-R1MT-A,0.23 € + 0.38 €/kWh
2026-10-08T07:17:01Z,STR-E-R1MT-B,0.23 € + 0.38 €/kWh
2026-10-08T07:17:01Z,STR-E-R1PI-A,0.23 € + 0.38 €/kWh
2026-10-08T07:17:01Z,STR-E-R1PI-B,0.23 € + 0.38 €/kWh
2026-10-08T07:17:01Z,STR-E-R2LK-A,0.23 € + 0.38 €/kWh
2026-10-08T07:17:01Z,STR-E-R2LK-B,0.23 € + 0.38 €/kWh
2026-10-08T07:17:01Z,STR-E-R8PQ-A,0 € + 0.37 €/kWh
2026-10-08T07:17:01Z,STR-E-R9GA-A,0.25 €/kWh
2026-10-08T07:17:01Z,STR-E-RJH9-A,0.25 €/kWh
2026-10-08T07:17:01Z,STR-E-RKWJ-A,0.25 €/kWh
2026-10-08T07:17:01Z,STR-E-S42D-A,0.25 €/kWh
2026-10-08T07:17:01Z,STR-E-S6VR-A,0 € + 0.37 €/kWh
2026-10-08T07:17:01Z,STR-E-S7YR-A,0.23 € + 0.38 €/kWh
2026-10-08T07:17:01Z,STR-E-S7YR-B,0.23 € + 0.38 €/kWh
2026-10-08T07:17:01Z,STR-E-SGC2-A,0 € + 0.37 €/kWh
2026-10-08T07:17:01Z,STR-E-SJKA-A,0.25 €/kWh
2026-10-08T07:17:01Z,STR-E-SQX8-A,0.08 € + 0.31 €/kWh
2026-10-08T07:17:01Z,STR-E-SQX8-B,0.08 € + 0.31 €/kWh
2026-10-08T07:17:01Z,STR-E-SVR3-A,0.23 € + 0.38 €/kWh
2026-10-08T07:17:01Z,STR-E-SVR3-B,0.23 € + 0.38 €/kWh
2026-10-08T07:17:01Z,STR-E-SY9Y-A,0.25 €/kWh
2026-10-08T07:17:01Z,STR-E-TO2O-A,0.25 €/kWh
2026-10-08T07:17:01Z,STR-E-TX67-A,0.4 €/kWh
2026-10-08T07:17:01Z,STR-E-TX67-B,0.4 €/kWh
2026-10-08T07:17:01Z,STR-E-U41O-A,0 € + 0.37 €/kWh
2026-10-08T07:17:01Z,STR-E-U5TP-A,0.25 €/kWh
2026-10-08T07:17:01Z,STR-E-UKPS-A,0.15 € + 0.4 €/kWh
2026-10-08T07:17:01Z,STR-E-UPAQ-A,0.36 €/kWh
2026-10-08T07:17:01Z,STR-E-UPAQ-B,0.36 €/kWh
2026-10-08T07:17:01Z,STR-E-UPOS-A,0.08 € + 0.31 €/kWh
2026-10-08T07:17:01Z,STR-E-UPOS-B,0.08 € + 0.31 €/kWh
2026-10-08T07:17:01Z,STR-E-UY5H-A,0.25 €/kWh
2026-10-08T07:17:01Z,STR-E-V17G-A,0.25 €/kWh
2026-10-08T07:17:01Z,STR-E-V31J-A,0.25 €/kWh
2026-10-08T07:17:01Z,STR-E-V50T-A,0.25 €/kWh
2026-10-08T07:17:01Z,STR-E-V9SD-A,0.25 €/kWh
2026-10-08T07:17:01Z,STR-E-V9ZR-A,0.25 €/kWh
2026-10-08T07:17:01Z,STR-E-VBMP-A,0.25 €/kWh
2026-10-08T07:17:01Z,STR-E-VJBJ-A,0 € + 0.37 €/kWh
2026-10-08T07:17:01Z,STR-E-VPDB-A,0.25 €/kWh
2026-10-08T07:17:01Z,STR-E-VQ06-A,0 € + 0.37 €/kWh
2026-10-08T07:17:01Z,STR-E-VSDJ-A,0.4 €/kWh
2026-10-08T07:17:01Z,STR-E-VSDJ-B,0.4 €/kWh
2026-10-08T07:17:01Z,STR-E-VT0G-A,0.25 €/kWh
2026-10-08T07:17:01Z,STR-E-VX2O-A,0 € + 0.37 €/kWh
2026-10-08T07:17:01Z,STR-E-VXGH-A,0.25 €/kWh
2026-10-08T07:17:01Z,STR-E-W1X4-A,0.25 €/kWh
2026-10-08T07:17:01Z,STR-E-WEE3-A,0.23 € + 0.38 €/kWh
2026-10-08T07:17:01Z,STR-E-WEE3-B,0.23 € + 0.38 €/kWh
2026-10-08T07:17:01Z,STR-E-WHZ1-A,0 € + 0.37 €/kWh
2026-10-08T07:17:01Z,STR-E-WLGM-A,0 € + 0.37 €/kWh
2026-10-08T07:17:01Z,STR-E-WTQ5-A,0.38 €/kWh
2026-10-08T07:17:01Z,STR-E-WXV8-A,0.25 €/kWh
2026-10-08T07:17:01Z,STR-E-WYFE-A,0.38 €/kWh
2026-10-08T07:17:01Z,STR-E-WYFE-B,0.38 €/kWh
2026-10-08T07:17:01Z,STR-E-WYYC-A,0.23 € + 0.38 €/kWh
2026-10-08T07:17:01Z,STR-E-WYYC-B,0.23 € + 0.38 €/kWh
2026-10-08T07:17:01Z,STR-E-WZW9-A,0.25 €/kWh
2026-10-08T07:17:01Z,STR-E-X525-A,0.25 €/kWh
2026-10-08T07:17:01Z,STR-E-X54O-A,0 € + 0.37 €/kWh
2026-10-08T07:17:01Z,STR-E-XCMJ-A,0.08 € + 0.31 €/kWh
2026-10-08T07:17:01Z,STR-E-XCMJ-B,0.08 € + 0.31 €/kWh
2026-10-08T07:17:01Z,STR-E-XFON-A,0.25 €/kWh
2026-10-08T07:17:01Z,STR-E-XG69-A,0.08 € + 0.31 €/kWh
2026-10-08T07:17:01Z,STR-E-XG69-B,0.08 € + 0.31 €/kWh
2026-10-08T07:17:01Z,STR-E-XH51-A,0 € + 0.37 €/kWh
2026-10-08T07:17:01Z,STR-E-XKW2-A,0.23 € + 0.38 €/kWh
2026-10-08T07:17:01Z,STR-E-XKW2-B,0.23 € + 0.38 €/kWh
2026-10-08T07:17:01Z,STR-E-XRV8-A,0 € + 0.37 €/kWh
2026-10-08T07:17:01Z,STR-E-Y7JK-A,0 € + 0.37 €/kWh
2026-10-08T07:17:01Z,STR-E-Y82E-A,0 € + 0.37 €/kWh
2026-10-08T07:17:01Z,STR-E-YC50-A,0.25 €/kWh
2026-10-08T07:17:01Z,STR-E-Z2PJ-A,0.08 € + 0.31 €/kWh
2026-10-08T07:17:01Z,STR-E-Z2PJ-B,0.08 € + 0.31 €/kWh
2026-10-08T07:17:01Z,STR-E-ZA6O-A,0.25 €/kWh
2026-10-08T07:17:01Z,STR-E-ZEP7-A,0 € + 0.37 €/kWh
2026-10-08T07:17:01Z,STR-E-ZIAZ-A,0 € + 0.37 €/kWh
2026-10-08T07:17:01Z,STR-E-ZK9W-A,0 € + 0.37 €/kWh
2026-10-08T07:17:01Z,STR-E-ZS00-A,0.23 € + 0.38 €/kWh
2026-10-08T07:17:01Z,STR-E-ZS00-B,0.23 € + 0.38 €/kWh
2026-10-08T07:17:01Z,STR-E-ZWU5-A,0.08 € + 0.31 €/kWh
2026-10-08T07:17:01Z,STR-E-ZWU5-B,0.08 € + 0.31 €/kWh
2026-10-08T07:32:26Z,IKR-E-1220-A,0.3 € + 0.47 €/kWh
2026-10-08T07:32:26Z,IKR-E-1871-A,0.3 € + 0.47 €/kWh
2026-10-08T07:32:26Z,IKR-E-2G8J-A,0.3 € + 0.47 €/kWh
2026-10-08T07:32:26Z,IKR-E-3TSR-A,0.3 € + 0.47 €/kWh
2026-10-08T07:32:26Z,IKR-E-5715-A,0.3 € + 0.47 €/kWh
2026-10-08T07:32:26Z,IKR-E-5730-A,0.3 € + 0.53 €/kWh
2026-10-08T07:32:26Z,IKR-E-5CGU-A,0.3 € + 0.47 €/kWh
2026-10-08T07:32:26Z,IKR-E-7718-A,0.3 € + 0.53 €/kWh
2026-10-08T07:32:26Z,IKR-E-DVCM-A,0.3 € + 0.47 €/kWh
2026-10-08T07:32:26Z,IKR-E-E228-A,0.3 € + 0.45 €/kWh
2026-10-08T07:32:26Z,IKR-E-E475-A,0.3 € + 0.47 €/kWh
2026-10-08T07:32:26Z,IKR-E-E544-A,0.3 € + 0.47 €/kWh
2026-10-08T07:32:26Z,IKR-E-EKZA-A,0.3 € + 0.45 €/kWh
2026-10-08T07:32:26Z,IKR-E-GAY9-A,0.3 € + 0.47 €/kWh
2026-10-08T07:32:26Z,IKR-E-IZW2-A,0.3 € + 0.47 €/kWh
2026-10-08T07:32:26Z,IKR-E-J1JV-A,0.3 € + 0.45 €/kWh
2026-10-08T07:32:26Z,IKR-E-JJAJ-A,0.3 € + 0.47 €/kWh
2026-10-08T07:32:26Z,IKR-E-KMBH-A,0.3 € + 0.47 €/kWh
2026-10-08T07:32:26Z,IKR-E-LJZI-A,0.3 € + 0.47 €/kWh
2026-10-08T07:32:26Z,IKR-E-MAU9-A,0.29 € + 0.39 €/kWh
2026-10-08T07:32:26Z,IKR-E-OWF5-A,0.3 € + 0.48 €/kWh
2026-10-08T07:32:26Z,IKR-E-W6HQ-A,0.29 € + 0.39 €/kWh
2026-10-08T07:32:26Z,IKR-E-XIH2-A,0.3 € + 0.47 €/kWh
2026-10-08T07:32:26Z,IKR-E-Y2Z8-A,0.3 € + 0.41 €/kWh
2026-10-08T07:32:26Z,IKR-P-IV7E-B,0.3 € + 0.47 €/kWh
2026-10-08T07:32:26Z,IKR-P-SCM5-A,0.3 € + 0.48 €/kWh
2026-10-08T07:32:26Z,IKR-P-V9X4-A,0.3 € + 0.48 €/kWh
2026-10-08T07:32:26Z,IKR-P-V9X4-B,0.3 € + 0.48 €/kWh
2026-10-08T07:32:26Z,STR-E-027B-A,0.23 € + 0.37 €/kWh
2026-10-08T07:32:26Z,STR-E-027B-B,0.23 € + 0.37 €/kWh
2026-10-08T07:32:26Z,STR-E-02VO-A,0.39 €/kWh
2026-10-08T07:32:26Z,STR-E-02VO-B,0.39 €/kWh
2026-10-08T07:32:26Z,STR-E-1MHB-A,0.58 €/kWh
2026-10-08T07:32:26Z,STR-E-21O1-A,0.37 €/kWh
2026-10-08T07:32:26Z,STR-E-21O1-B,0.37 €/kWh
2026-10-08T07:32:26Z,STR-E-3468-A,0.37 €/kWh
2026-10-08T07:32:26Z,STR-E-3468-B,0.37 €/kWh
2026-10-08T07:32:26Z,STR-E-3ENA-A,0.37 €/kWh
2026-10-08T07:32:26Z,STR-E-3ENA-B,0.37 €/kWh
2026-10-08T07:32:26Z,STR-E-3ENA-C,0.37 €/kWh
2026-10-08T07:32:26Z,STR-E-3FMF-A,0.23 € + 0.37 €/kWh
2026-10-08T07:32:26Z,STR-E-3FMF-B,0.23 € + 0.37 €/kWh
2026-10-08T07:32:26Z,STR-E-3SXI-A,0.37 €/kWh
2026-10-08T07:32:26Z,STR-E-3SXI-B,0.37 €/kWh
2026-10-08T07:32:26Z,STR-E-4156-A,0.41 €/kWh
2026-10-08T07:32:26Z,STR-E-4156-B,0.41 €/kWh
2026-10-08T07:32:26Z,STR-E-4KWM-A,0.44 €/kWh
2026-10-08T07:32:26Z,STR-E-4KWM-B,0.44 €/kWh
2026-10-08T07:32:26Z,STR-E-6UZQ-A,0.37 €/kWh
2026-10-08T07:32:26Z,STR-E-6UZQ-B,0.37 €/kWh
2026-10-08T07:32:26Z,STR-E-7Z8G-A,0.44 €/kWh
2026-10-08T07:32:26Z,STR-E-7Z8G-B,0.44 €/kWh
2026-10-08T07:32:26Z,STR-E-92KW-A,0.23 € + 0.37 €/kWh
2026-10-08T07:32:26Z,STR-E-A27N-A,0.39 €/kWh
2026-10-08T07:32:26Z,STR-E-A27N-B,0.39 €/kWh
2026-10-08T07:32:26Z,STR-E-A27N-C,0.39 €/kWh
2026-10-08T07:32:26Z,STR-E-ANJ0-A,0.23 € + 0.37 €/kWh
2026-10-08T07:32:26Z,STR-E-ANJ0-B,0.23 € + 0.37 €/kWh
2026-10-08T07:32:26Z,STR-E-AP96-A,0.23 € + 0.37 €/kWh
2026-10-08T07:32:26Z,STR-E-AP96-B,0.23 € + 0.37 €/kWh
2026-10-08T07:32:26Z,STR-E-AWJ9-A,0.39 €/kWh
2026-10-08T07:32:26Z,STR-E-AWJ9-B,0.39 €/kWh
2026-10-08T07:32:26Z,STR-E-B36V-A,0.19 € + 0.42 €/kWh
2026-10-08T07:32:26Z,STR-E-B36V-B,0.19 € + 0.42 €/kWh
2026-10-08T07:32:26Z,STR-E-BIKW-A,0.23 € + 0.37 €/kWh
2026-10-08T07:32:26Z,STR-E-BIKW-B,0.23 € + 0.37 €/kWh
2026-10-08T07:32:26Z,STR-E-D3MB-A,0.23 € + 0.37 €/kWh
2026-10-08T07:32:26Z,STR-E-D3MB-B,0.23 € + 0.37 €/kWh
2026-10-08T07:32:26Z,STR-E-E0DZ-A,0.37 €/kWh
2026-10-08T07:32:26Z,STR-E-E0DZ-B,0.37 €/kWh
2026-10-08T07:32:26Z,STR-E-ELFQ-A,0.23 € + 0.37 €/kWh
2026-10-08T07:32:26Z,STR-E-ELFQ-B,0.23 € + 0.37 €/kWh
2026-10-08T07:32:26Z,STR-E-F79A-A,0.23 € + 0.37 €/kWh
2026-10-08T07:32:26Z,STR-E-F79A-B,0.23 € + 0.37 €/kWh
2026-10-08T07:32:26Z,STR-E-GE77-A,0.44 €/kWh
2026-10-08T07:32:26Z,STR-E-GE77-B,0.44 €/kWh
2026-10-08T07:32:26Z,STR-E-IGH5-A,0.23 € + 0.37 €/kWh
2026-10-08T07:32:26Z,STR-E-IGH5-B,0.23 € + 0.37 €/kWh
2026-10-08T07:32:26Z,STR-E-K73C-A,0.23 € + 0.37 €/kWh
2026-10-08T07:32:26Z,STR-E-K73C-B,0.23 € + 0.37 €/kWh
2026-10-08T07:32:26Z,STR-E-LREY-A,0.58 €/kWh
2026-10-08T07:32:26Z,STR-E-NY0Q-A,0.15 € + 0.39 €/kWh
2026-10-08T07:32:26Z,STR-E-ODBK-A,0.44 €/kWh
2026-10-08T07:32:26Z,STR-E-ODBK-B,0.44 €/kWh
2026-10-08T07:32:26Z,STR-E-OJ3E-A,0.23 € + 0.37 €/kWh
2026-10-08T07:32:26Z,STR-E-OJ3E-B,0.23 € + 0.37 €/kWh
2026-10-08T07:32:26Z,STR-E-PM3P-A,0.23 € + 0.37 €/kWh
2026-10-08T07:32:26Z,STR-E-PM3P-B,0.23 € + 0.37 €/kWh
2026-10-08T07:32:26Z,STR-E-Q5YF-A,0.23 € + 0.37 €/kWh
2026-10-08T07:32:26Z,STR-E-Q5YF-B,0.23 € + 0.37 €/kWh
2026-10-08T07:32:26Z,STR-E-Q7LB-A,0.23 € + 0.37 €/kWh
2026-10-08T07:32:26Z,STR-E-Q7LB-B,0.23 € + 0.37 €/kWh
2026-10-08T07:32:26Z,STR-E-QAXH-A,0.15 € + 0.39 €/kWh
2026-10-08T07:32:26Z,STR-E-R1MT-A,0.23 € + 0.37 €/kWh
2026-10-08T07:32:26Z,STR-E-R1MT-B,0.23 € + 0.37 €/kWh
2026-10-08T07:32:26Z,STR-E-R1PI-A,0.23 € + 0.37 €/kWh
2026-10-08T07:32:26Z,STR-E-R1PI-B,0.23 € + 0.37 €/kWh
2026-10-08T07:32:26Z,STR-E-R2LK-A,0.23 € + 0.37 €/kWh
2026-10-08T07:32:26Z,STR-E-R2LK-B,0.23 € + 0.37 €/kWh
2026-10-08T07:32:26Z,STR-E-S7YR-A,0.23 € + 0.37 €/kWh
2026-10-08T07:32:26Z,STR-E-S7YR-B,0.23 € + 0.37 €/kWh
2026-10-08T07:32:26Z,STR-E-SVR3-A,0.23 € + 0.37 €/kWh
2026-10-08T07:32:26Z,STR-E-SVR3-B,0.23 € + 0.37 €/kWh
2026-10-08T07:32:26Z,STR-E-TX67-A,0.39 €/kWh
2026-10-08T07:32:26Z,STR-E-TX67-B,0.39 €/kWh
2026-10-08T07:32:26Z,STR-E-UKPS-A,0.15 € + 0.39 €/kWh
2026-10-08T07:32:26Z,STR-E-VSDJ-A,0.39 €/kWh
2026-10-08T07:32:26Z,STR-E-VSDJ-B,0.39 €/kWh
2026-10-08T07:32:26Z,STR-E-WEE3-A,0.23 € + 0.37 €/kWh
2026-10-08T07:32:26Z,STR-E-WEE3-B,0.23 € + 0.37 €/kWh
2026-10-08T07:32:26Z,STR-E-WTQ5-A,0.37 €/kWh
2026-10-08T07:32:26Z,STR-E-WYFE-A,0.37 €/kWh
2026-10-08T07:32:26Z,STR-E-WYFE-B,0.37 €/kWh
2026-10-08T07:32:26Z,STR-E-WYYC-A,0.23 € + 0.37 €/kWh
2026-10-08T07:32:26Z,STR-E-WYYC-B,0.23 € + 0.37 €/kWh
2026-10-08T07:32:26Z,STR-E-XKW2-A,0.23 € + 0.37 €/kWh
2026-10-08T07:32:26Z,STR-E-XKW2-B,0.23 € + 0.37 €/kWh
2026-10-08T07:32:26Z,STR-E-ZS00-A,0.23 € + 0.37 €/kWh
2026-10-08T07:32:26Z,STR-E-ZS00-B,0.23 € + 0.37 €/kWh
2026-10-08T07:46:26Z,IKR-E-1220-A,0.3 € + 0.44 €/kWh
2026-10-08T07:46:26Z,IKR-E-1871-A,0.3 € + 0.44 €/kWh
2026-10-08T07:46:26Z,IKR-E-2G8J-A,0.3 € + 0.44 €/kWh
2026-10-08T07:46:26Z,IKR-E-3TSR-A,0.3 € + 0.44 €/kWh
2026-10-08T07:46:26Z,IKR-E-5715-A,0.3 € + 0.44 €/kWh
2026-10-08T07:46:26Z,IKR-E-5730-A,0.3 € + 0.48 €/kWh
2026-10-08T07:46:26Z,IKR-E-5CGU-A,0.3 € + 0.44 €/kWh
2026-10-08T07:46:26Z,IKR-E-7718-A,0.3 € + 0.48 €/kWh
2026-10-08T07:46:26Z,IKR-E-DVCM-A,0.3 € + 0.44 €/kWh
2026-10-08T07:46:26Z,IKR-E-E228-A,0.3 € + 0.41 €/kWh
2026-10-08T07:46:26Z,IKR-E-E475-A,0.3 € + 0.44 €/kWh
2026-10-08T07:46:26Z,IKR-E-E544-A,0.3 € + 0.44 €/kWh
2026-10-08T07:46:26Z,IKR-E-EKZA-A,0.3 € + 0.41 €/kWh
2026-10-08T07:46:26Z,IKR-E-GAY9-A,0.3 € + 0.44 €/kWh
2026-10-08T07:46:26Z,IKR-E-IZW2-A,0.3 € + 0.44 €/kWh
2026-10-08T07:46:26Z,IKR-E-J1JV-A,0.3 € + 0.41 €/kWh
2026-10-08T07:46:26Z,IKR-E-JJAJ-A,0.3 € + 0.44 €/kWh
2026-10-08T07:46:26Z,IKR-E-KMBH-A,0.3 € + 0.44 €/kWh
2026-10-08T07:46:26Z,IKR-E-LJZI-A,0.3 € + 0.44 €/kWh
2026-10-08T07:46:26Z,IKR-E-MAU9-A,0.29 € + 0.34 €/kWh
2026-10-08T07:46:26Z,IKR-E-OWF5-A,0.3 € + 0.45 €/kWh
2026-10-08T07:46:26Z,IKR-E-W6HQ-A,0.29 € + 0.34 €/kWh
2026-10-08T07:46:26Z,IKR-E-XIH2-A,0.3 € + 0.44 €/kWh
2026-10-08T07:46:26Z,IKR-E-Y2Z8-A,0.3 € + 0.38 €/kWh
2026-10-08T07:46:26Z,IKR-P-IV7E-B,0.3 € + 0.44 €/kWh
2026-10-08T07:46:26Z,IKR-P-SCM5-A,0.3 € + 0.45 €/kWh
2026-10-08T07:46:26Z,IKR-P-V9X4-A,0.3 € + 0.45 €/kWh
2026-10-08T07:46:26Z,IKR-P-V9X4-B,0.3 € + 0.45 €/kWh
2026-10-08T07:46:26Z,STR-E-027B-A,0.23 € + 0.36 €/kWh
2026-10-08T07:46:26Z,STR-E-027B-B,0.23 € + 0.36 €/kWh
2026-10-08T07:46:26Z,STR-E-02VO-A,0.38 €/kWh
2026-10-08T07:46:26Z,STR-E-02VO-B,0.38 €/kWh
2026-10-08T07:46:26Z,STR-E-04YS-A,0 € + 0.36 €/kWh
2026-10-08T07:46:26Z,STR-E-051F-A,0.08 € + 0.3 €/kWh
2026-10-08T07:46:26Z,STR-E-0698-A,0.24 €/kWh
2026-10-08T07:46:26Z,STR-E-0GEL-A,0.24 €/kWh
2026-10-08T07:46:26Z,STR-E-10G9-A,0.08 € + 0.3 €/kWh
2026-10-08T07:46:26Z,STR-E-10G9-B,0.08 € + 0.3 €/kWh
2026-10-08T07:46:26Z,STR-E-1162-A,0.24 €/kWh
2026-10-08T07:46:26Z,STR-E-11DT-A,0.24 €/kWh
2026-10-08T07:46:26Z,STR-E-1887-A,0.24 €/kWh
2026-10-08T07:46:26Z,STR-E-1927-A,0.24 €/kWh
2026-10-08T07:46:26Z,STR-E-1ME5-A,0.08 € + 0.3 €/kWh
2026-10-08T07:46:26Z,STR-E-1ME5-B,0.08 € + 0.3 €/kWh
2026-10-08T07:46:26Z,STR-E-1MHB-A,0.57 €/kWh
2026-10-08T07:46:26Z,STR-E-1MJQ-A,0.24 €/kWh
2026-10-08T07:46:26Z,STR-E-1X30-A,0 € + 0.36 €/kWh
2026-10-08T07:46:26Z,STR-E-21O1-A,0.36 €/kWh
2026-10-08T07:46:26Z,STR-E-21O1-B,0.36 €/kWh
2026-10-08T07:46:26Z,STR-E-2446-A,0 € + 0.36 €/kWh
2026-10-08T07:46:26Z,STR-E-2D12-A,0.24 €/kWh
2026-10-08T07:46:26Z,STR-E-2ED4-A,0.24 €/kWh
2026-10-08T07:46:26Z,STR-E-2K1Q-A,0 € + 0.36 €/kWh
2026-10-08T07:46:26Z,STR-E-2XDJ-A,0 € + 0.36 €/kWh
2026-10-08T07:46:26Z,STR-E-320G-A,0.24 €/kWh
2026-10-08T07:46:26Z,STR-E-3468-A,0.36 €/kWh
2026-10-08T07:46:26Z,STR-E-3468-B,0.36 €/kWh
2026-10-08T07:46:26Z,STR-E-3ENA-A,0.36 €/kWh
2026-10-08T07:46:26Z,STR-E-3ENA-B,0.36 €/kWh
2026-10-08T07:46:26Z,STR-E-3ENA-C,0.36 €/kWh
2026-10-08T07:46:26Z,STR-E-3FMF-A,0.23 € + 0.36 €/kWh
2026-10-08T07:46:26Z,STR-E-3FMF-B,0.23 € + 0.36 €/kWh
2026-10-08T07:46:26Z,STR-E-3PZS-A,0.24 €/kWh
2026-10-08T07:46:26Z,STR-E-3SXI-A,0.36 €/kWh
2026-10-08T07:46:26Z,STR-E-3SXI-B,0.36 €/kWh
2026-10-08T07:46:26Z,STR-E-3TZI-A,0.24 €/kWh
2026-10-08T07:46:26Z,STR-E-3WE5-A,0 € + 0.36 €/kWh
2026-10-08T07:46:26Z,STR-E-3YH3-A,0.08 € + 0.3 €/kWh
2026-10-08T07:46:26Z,STR-E-3YH3-B,0.08 € + 0.3 €/kWh
2026-10-08T07:46:26Z,STR-E-491A-A,0.35 €/kWh
2026-10-08T07:46:26Z,STR-E-491A-B,0.35 €/kWh
2026-10-08T07:46:26Z,STR-E-491A-C,0.35 €/kWh
2026-10-08T07:46:26Z,STR-E-4DE6-A,0.35 €/kWh
2026-10-08T07:46:26Z,STR-E-4DE6-B,0.35 €/kWh
2026-10-08T07:46:26Z,STR-E-4LRS-A,0.24 €/kWh
2026-10-08T07:46:26Z,STR-E-4UGU-A,0.24 €/kWh
2026-10-08T07:46:26Z,STR-E-4YKC-A,0 € + 0.36 €/kWh
2026-10-08T07:46:26Z,STR-E-527U-A,0 € + 0.36 €/kWh
2026-10-08T07:46:26Z,STR-E-54PK-A,0.08 € + 0.3 €/kWh
2026-10-08T07:46:26Z,STR-E-54PK-B,0.08 € + 0.3 €/kWh
2026-10-08T07:46:26Z,STR-E-55I4-A,0 € + 0.36 €/kWh
2026-10-08T07:46:26Z,STR-E-566J-A,0 € + 0.36 €/kWh
2026-10-08T07:46:26Z,STR-E-59TF-A,0.08 € + 0.3 €/kWh
2026-10-08T07:46:26Z,STR-E-5DWB-A,0.24 €/kWh
2026-10-08T07:46:26Z,STR-E-5TI5-A,0.24 €/kWh
2026-10-08T07:46:26Z,STR-E-69PN-A,0.24 €/kWh
2026-10-08T07:46:26Z,STR-E-6CNG-A,0.24 €/kWh
2026-10-08T07:46:26Z,STR-E-6E7W-A,0 € + 0.36 €/kWh
2026-10-08T07:46:26Z,STR-E-6SQH-A,0.24 €/kWh
2026-10-08T07:46:26Z,STR-E-6UZQ-A,0.36 €/kWh
2026-10-08T07:46:26Z,STR-E-6UZQ-B,0.36 €/kWh
2026-10-08T07:46:26Z,STR-E-6ZTQ-A,0 € + 0.36 €/kWh
2026-10-08T07:46:26Z,STR-E-7438-A,0 € + 0.36 €/kWh
2026-10-08T07:46:26Z,STR-E-7A48-A,0.08 € + 0.3 €/kWh
2026-10-08T07:46:26Z,STR-E-7YBN-A,0 € + 0.36 €/kWh
2026-10-08T07:46:26Z,STR-E-86C0-A,0.24 €/kWh
2026-10-08T07:46:26Z,STR-E-88SA-A,0.24 €/kWh
2026-10-08T07:46:26Z,STR-E-8A02-A,0 € + 0.36 €/kWh
2026-10-08T07:46:26Z,STR-E-8M2O-A,0.24 €/kWh
2026-10-08T07:46:26Z,STR-E-8Q9F-A,0 € + 0.36 €/kWh
2026-10-08T07:46:26Z,STR-E-8XL5-A,0.24 €/kWh
2026-10-08T07:46:26Z,STR-E-8Y23-A,0.24 €/kWh
2026-10-08T07:46:26Z,STR-E-92KW-A,0.23 € + 0.36 €/kWh
2026-10-08T07:46:26Z,STR-E-9AH3-A,0 € + 0.36 €/kWh
2026-10-08T07:46:26Z,STR-E-9I2R-A,0.24 €/kWh
2026-10-08T07:46:26Z,STR-E-9TUZ-A,0.24 €/kWh
2026-10-08T07:46:26Z,STR-E-9WY2-A,0.24 €/kWh
2026-10-08T07:46:26Z,STR-E-A169-A,0 € + 0.36 €/kWh
2026-10-08T07:46:26Z,STR-E-A27N-A,0.38 €/kWh
2026-10-08T07:46:26Z,STR-E-A27N-B,0.38 €/kWh
2026-10-08T07:46:26Z,STR-E-A27N-C,0.38 €/kWh
2026-10-08T07:46:26Z,STR-E-A442-A,0.24 €/kWh
2026-10-08T07:46:26Z,STR-E-AABG-A,0.24 €/kWh
2026-10-08T07:46:26Z,STR-E-ACMT-A,0.24 €/kWh
2026-10-08T07:46:26Z,STR-E-ADXE-A,0 € + 0.36 €/kWh
2026-10-08T07:46:26Z,STR-E-AF2O-A,0.08 € + 0.3 €/kWh
2026-10-08T07:46:26Z,STR-E-AMQK-A,0 € + 0.36 €/kWh
2026-10-08T07:46:26Z,STR-E-ANJ0-A,0.23 € + 0.36 €/kWh
2026-10-08T07:46:26Z,STR-E-ANJ0-B,0.23 € + 0.36 €/kWh
2026-10-08T07:46:26Z,STR-E-AP96-A,0.23 € + 0.36 €/kWh
2026-10-08T07:46:26Z,STR-E-AP96-B,0.23 € + 0.36 €/kWh
2026-10-08T07:46:26Z,STR-E-AUQ2-A,0 € + 0.36 €/kWh
2026-10-08T07:46:26Z,STR-E-AWF1-A,0.08 € + 0.3 €/kWh
2026-10-08T07:46:26Z,STR-E-AWF1-B,0.08 € + 0.3 €/kWh
2026-10-08T07:46:26Z,STR-E-AWJ9-A,0.38 €/kWh
2026-10-08T07:46:26Z,STR-E-AWJ9-B,0.38 €/kWh
2026-10-08T07:46:26Z,STR-E-B36V-A,0.19 € + 0.41 €/kWh
2026-10-08T07:46:26Z,STR-E-B36V-B,0.19 € + 0.41 €/kWh
2026-10-08T07:46:26Z,STR-E-BIKW-A,0.23 € + 0.36 €/kWh
2026-10-08T07:46:26Z,STR-E-BIKW-B,0.23 € + 0.36 €/kWh
2026-10-08T07:46:26Z,STR-E-BXA5-A,0.24 €/kWh
2026-10-08T07:46:26Z,STR-E-C91L-A,0.24 €/kWh
2026-10-08T07:46:26Z,STR-E-C99Z-A,0 € + 0.36 €/kWh
2026-10-08T07:46:26Z,STR-E-D3MB-A,0.23 € + 0.36 €/kWh
2026-10-08T07:46:26Z,STR-E-D3MB-B,0.23 € + 0.36 €/kWh
2026-10-08T07:46:26Z,STR-E-DBCC-A,0.08 € + 0.3 €/kWh
2026-10-08T07:46:26Z,STR-E-DBCC-B,0.08 € + 0.3 €/kWh
2026-10-08T07:46:26Z,STR-E-DHEJ-A,0 € + 0.36 €/kWh
2026-10-08T07:46:26Z,STR-E-E0DZ-A,0.36 €/kWh
2026-10-08T07:46:26Z,STR-E-E0DZ-B,0.36 €/kWh
2026-10-08T07:46:26Z,STR-E-E7HH-A,0.24 €/kWh
2026-10-08T07:46:26Z,STR-E-ECI7-A,0 € + 0.36 €/kWh
2026-10-08T07:46:26Z,STR-E-EFXK-A,0 € + 0.36 €/kWh
2026-10-08T07:46:26Z,STR-E-ELFQ-A,0.23 € + 0.36 €/kWh
2026-10-08T07:46:26Z,STR-E-ELFQ-B,0.23 € + 0.36 €/kWh
2026-10-08T07:46:26Z,STR-E-EPQY-A,0 € + 0.36 €/kWh
2026-10-08T07:46:26Z,STR-E-ER2N-A,0 € + 0.36 €/kWh
2026-10-08T07:46:26Z,STR-E-ES3O-A,0 € + 0.36 €/kWh
2026-10-08T07:46:26Z,STR-E-EU1U-A,0.24 €/kWh
2026-10-08T07:46:26Z,STR-E-F2G0-A,0.08 € + 0.3 €/kWh
2026-10-08T07:46:26Z,STR-E-F2G0-B,0.08 € + 0.3 €/kWh
2026-10-08T07:46:26Z,STR-E-F4B3-A,0.24 €/kWh
2026-10-08T07:46:26Z,STR-E-F5LZ-A,0.24 €/kWh
2026-10-08T07:46:26Z,STR-E-F79A-A,0.23 € + 0.36 €/kWh
2026-10-08T07:46:26Z,STR-E-F79A-B,0.23 € + 0.36 €/kWh
2026-10-08T07:46:26Z,STR-E-FGMF-A,0.24 €/kWh
2026-10-08T07:46:26Z,STR-E-FK06-A,0.24 €/kWh
2026-10-08T07:46:26Z,STR-E-FKUY-A,0 € + 0.36 €/kWh
2026-10-08T07:46:26Z,STR-E-FUE8-A,0.08 € + 0.3 €/kWh
2026-10-08T07:46:26Z,STR-E-FUE8-B,0.08 € + 0.3 €/kWh
2026-10-08T07:46:26Z,STR-E-G4VM-A,0.24 €/kWh
2026-10-08T07:46:26Z,STR-E-G518-A,0.24 €/kWh
2026-10-08T07:46:26Z,STR-E-GB9A-A,0.24 €/kWh
2026-10-08T07:46:26Z,STR-E-GFB3-A,0 € + 0.36 €/kWh
2026-10-08T07:46:26Z,STR-E-GGV8-A,0.24 €/kWh
2026-10-08T07:46:26Z,STR-E-GHJA-A,0.24 €/kWh
2026-10-08T07:46:26Z,STR-E-GK0C-A,0 € + 0.36 €/kWh
2026-10-08T07:46:26Z,STR-E-GR5K-A,0.24 €/kWh
2026-10-08T07:46:26Z,STR-E-H6Q5-A,0.24 €/kWh
2026-10-08T07:46:26Z,STR-E-HHXV-A,0 € + 0.36 €/kWh
2026-10-08T07:46:26Z,STR-E-I1KE-A,0 € + 0.36 €/kWh
2026-10-08T07:46:26Z,STR-E-I4UZ-A,0.24 €/kWh
2026-10-08T07:46:26Z,STR-E-I5FH-A,0.24 €/kWh
2026-10-08T07:46:26Z,STR-E-I8C6-A,0.24 €/kWh
2026-10-08T07:46:26Z,STR-E-IA3X-A,0.24 €/kWh
2026-10-08T07:46:26Z,STR-E-IAO5-A,0 € + 0.36 €/kWh
2026-10-08T07:46:26Z,STR-E-IGH5-A,0.23 € + 0.36 €/kWh
2026-10-08T07:46:26Z,STR-E-IGH5-B,0.23 € + 0.36 €/kWh
2026-10-08T07:46:26Z,STR-E-IIKL-A,0.08 € + 0.3 €/kWh
2026-10-08T07:46:26Z,STR-E-IIKL-B,0.08 € + 0.3 €/kWh
2026-10-08T07:46:26Z,STR-E-IPEC-A,0 € + 0.36 €/kWh
2026-10-08T07:46:26Z,STR-E-IV6T-A,0 € + 0.36 €/kWh
2026-10-08T07:46:26Z,STR-E-J54N-A,0 € + 0.36 €/kWh
2026-10-08T07:46:26Z,STR-E-J6DA-A,0 € + 0.36 €/kWh
2026-10-08T07:46:26Z,STR-E-J8VF-A,0 € + 0.36 €/kWh
2026-10-08T07:46:26Z,STR-E-JG90-A,0.26 €/kWh + 0.3 €
2026-10-08T07:46:26Z,STR-E-JG90-B,0.26 €/kWh + 0.3 €
2026-10-08T07:46:26Z,STR-E-JMOR-A,0 € + 0.36 €/kWh
2026-10-08T07:46:26Z,STR-E-JVO0-A,0.24 €/kWh
2026-10-08T07:46:26Z,STR-E-K217-A,0 € + 0.36 €/kWh
2026-10-08T07:46:26Z,STR-E-K73C-A,0.23 € + 0.36 €/kWh
2026-10-08T07:46:26Z,STR-E-K73C-B,0.23 € + 0.36 €/kWh
2026-10-08T07:46:26Z,STR-E-KBZL-A,0.24 €/kWh
2026-10-08T07:46:26Z,STR-E-KOHN-A,0 € + 0.36 €/kWh
2026-10-08T07:46:26Z,STR-E-KT5B-A,0 € + 0.36 €/kWh
2026-10-08T07:46:26Z,STR-E-KUKS-A,0.08 € + 0.3 €/kWh
2026-10-08T07:46:26Z,STR-E-KUKS-B,0.08 € + 0.3 €/kWh
2026-10-08T07:46:26Z,STR-E-L84D-A,0.24 €/kWh
2026-10-08T07:46:26Z,STR-E-LISV-A,0.24 €/kWh
2026-10-08T07:46:26Z,STR-E-LKFQ-A,0.24 €/kWh
2026-10-08T07:46:26Z,STR-E-LREY-A,0.57 €/kWh
2026-10-08T07:46:26Z,STR-E-M1IB-A,0.24 €/kWh
2026-10-08T07:46:26Z,STR-E-M8WL-A,0.24 €/kWh
2026-10-08T07:46:26Z,STR-E-M9W7-A,0.24 €/kWh
2026-10-08T07:46:26Z,STR-E-MIP3-A,0.35 €/kWh
2026-10-08T07:46:26Z,STR-E-MIP3-B,0.35 €/kWh
2026-10-08T07:46:26Z,STR-E-MSEN-A,0.24 €/kWh
2026-10-08T07:46:26Z,STR-E-MSUL-A,0.24 €/kWh
2026-10-08T07:46:26Z,STR-E-N6P5-A,0.24 €/kWh
2026-10-08T07:46:26Z,STR-E-NCKT-A,0.08 € + 0.3 €/kWh
2026-10-08T07:46:26Z,STR-E-NCKT-B,0.08 € + 0.3 €/kWh
2026-10-08T07:46:26Z,STR-E-NDU2-A,0 € + 0.36 €/kWh
2026-10-08T07:46:26Z,STR-E-NDZ4-A,0 € + 0.36 €/kWh
2026-10-08T07:46:26Z,STR-E-NFV5-A,0 € + 0.36 €/kWh
2026-10-08T07:46:26Z,STR-E-NNGC-A,0.24 €/kWh
2026-10-08T07:46:26Z,STR-E-NSGB-A,0 € + 0.36 €/kWh
2026-10-08T07:46:26Z,STR-E-NY0Q-A,0.15 € + 0.38 €/kWh
2026-10-08T07:46:26Z,STR-E-O0VK-A,0.24 €/kWh
2026-10-08T07:46:26Z,STR-E-O5JX-A,0 € + 0.36 €/kWh
2026-10-08T07:46:26Z,STR-E-O5YW-A,0.08 € + 0.3 €/kWh
2026-10-08T07:46:26Z,STR-E-O5YW-B,0.08 € + 0.3 €/kWh
2026-10-08T07:46:26Z,STR-E-OFWF-A,0 € + 0.36 €/kWh
2026-10-08T07:46:26Z,STR-E-OG1X-A,0.24 €/kWh
2026-10-08T07:46:26Z,STR-E-OHH6-A,0 € + 0.36 €/kWh
2026-10-08T07:46:26Z,STR-E-OJ3E-A,0.23 € + 0.36 €/kWh
2026-10-08T07:46:26Z,STR-E-OJ3E-B,0.23 € + 0.36 €/kWh
2026-10-08T07:46:26Z,STR-E-OQKZ-A,0.24 €/kWh
2026-10-08T07:46:26Z,STR-E-P46N-A,0 € + 0.36 €/kWh
2026-10-08T07:46:26Z,STR-E-P7AF-A,0.08 € + 0.3 €/kWh
2026-10-08T07:46:26Z,STR-E-P7AF-B,0.08 € + 0.3 €/kWh
2026-10-08T07:46:26Z,STR-E-PC04-A,0.24 €/kWh
2026-10-08T07:46:26Z,STR-E-PDR2-A,0.24 €/kWh
2026-10-08T07:46:26Z,STR-E-PJCQ-A,0.08 € + 0.3 €/kWh
2026-10-08T07:46:26Z,STR-E-PJCQ-B,0.08 € + 0.3 €/kWh
2026-10-08T07:46:26Z,STR-E-PM3P-A,0.23 € + 0.36 €/kWh
2026-10-08T07:46:26Z,STR-E-PM3P-B,0.23 € + 0.36 €/kWh
2026-10-08T07:46:26Z,STR-E-PRUQ-A,0.24 €/kWh
2026-10-08T07:46:26Z,STR-E-PSU9-A,0.24 €/kWh
2026-10-08T07:46:26Z,STR-E-PZ9U-A,0.24 €/kWh
2026-10-08T07:46:26Z,STR-E-PZES-A,0.24 €/kWh
2026-10-08T07:46:26Z,STR-E-Q5YF-A,0.23 € + 0.36 €/kWh
2026-10-08T07:46:26Z,STR-E-Q5YF-B,0.23 € + 0.36 €/kWh
2026-10-08T07:46:26Z,STR-E-Q7LB-A,0.23 € + 0.36 €/kWh
2026-10-08T07:46:26Z,STR-E-Q7LB-B,0.23 € + 0.36 €/kWh
2026-10-08T07:46:26Z,STR-E-QAXH-A,0.15 € + 0.38 €/kWh
2026-10-08T07:46:26Z,STR-E-QE1X-A,0.08 € + 0.3 €/kWh
2026-10-08T07:46:26Z,STR-E-QE1X-B,0.08 € + 0.3 €/kWh
2026-10-08T07:46:26Z,STR-E-QEDL-A,0.24 €/kWh
2026-10-08T07:46:26Z,STR-E-QIQM-A,0.24 €/kWh
2026-10-08T07:46:26Z,STR-E-QLC9-A,0.35 €/kWh
2026-10-08T07:46:26Z,STR-E-QLC9-B,0.35 €/kWh
2026-10-08T07:46:26Z,STR-E-R0J8-A,0.24 €/kWh
2026-10-08T07:46:26Z,STR-E-R1MT-A,0.23 € + 0.36 €/kWh
2026-10-08T07:46:26Z,STR-E-R1MT-B,0.23 € + 0.36 €/kWh
2026-10-08T07:46:26Z,STR-E-R1PI-A,0.23 € + 0.36 €/kWh
2026-10-08T07:46:26Z,STR-E-R1PI-B,0.23 € + 0.36 €/kWh
2026-10-08T07:46:26Z,STR-E-R2LK-A,0.23 € + 0.36 €/kWh
2026-10-08T07:46:26Z,STR-E-R2LK-B,0.23 € + 0.36 €/kWh
2026-10-08T07:46:26Z,STR-E-R8PQ-A,0 € + 0.36 €/kWh
2026-10-08T07:46:26Z,STR-E-R9GA-A,0.24 €/kWh
2026-10-08T07:46:26Z,STR-E-RJH9-A,0.24 €/kWh
2026-10-08T07:46:26Z,STR-E-RKWJ-A,0.24 €/kWh
2026-10-08T07:46:26Z,STR-E-S42D-A,0.24 €/kWh
2026-10-08T07:46:26Z,STR-E-S6VR-A,0 € + 0.36 €/kWh
2026-10-08T07:46:26Z,STR-E-S7YR-A,0.23 € + 0.36 €/kWh
2026-10-08T07:46:26Z,STR-E-S7YR-B,0.23 € + 0.36 €/kWh
2026-10-08T07:46:26Z,STR-E-SGC2-A,0 € + 0.36 €/kWh
2026-10-08T07:46:26Z,STR-E-SJKA-A,0.24 €/kWh
2026-10-08T07:46:26Z,STR-E-SQX8-A,0.08 € + 0.3 €/kWh
2026-10-08T07:46:26Z,STR-E-SQX8-B,0.08 € + 0.3 €/kWh
2026-10-08T07:46:26Z,STR-E-SVR3-A,0.23 € + 0.36 €/kWh
2026-10-08T07:46:26Z,STR-E-SVR3-B,0.23 € + 0.36 €/kWh
2026-10-08T07:46:26Z,STR-E-SY9Y-A,0.24 €/kWh
2026-10-08T07:46:26Z,STR-E-TO2O-A,0.24 €/kWh
2026-10-08T07:46:26Z,STR-E-TX67-A,0.38 €/kWh
2026-10-08T07:46:26Z,STR-E-TX67-B,0.38 €/kWh
2026-10-08T07:46:26Z,STR-E-U41O-A,0 € + 0.36 €/kWh
2026-10-08T07:46:26Z,STR-E-U5TP-A,0.24 €/kWh
2026-10-08T07:46:26Z,STR-E-UKPS-A,0.15 € + 0.38 €/kWh
2026-10-08T07:46:26Z,STR-E-UPAQ-A,0.35 €/kWh
2026-10-08T07:46:26Z,STR-E-UPAQ-B,0.35 €/kWh
2026-10-08T07:46:26Z,STR-E-UPOS-A,0.08 € + 0.3 €/kWh
2026-10-08T07:46:26Z,STR-E-UPOS-B,0.08 € + 0.3 €/kWh
2026-10-08T07:46:26Z,STR-E-UY5H-A,0.24 €/kWh
2026-10-08T07:46:26Z,STR-E-V17G-A,0.24 €/kWh
2026-10-08T07:46:26Z,STR-E-V31J-A,0.24 €/kWh
2026-10-08T07:46:26Z,STR-E-V50T-A,0.24 €/kWh
2026-10-08T07:46:26Z,STR-E-V9SD-A,0.24 €/kWh
2026-10-08T07:46:26Z,STR-E-V9ZR-A,0.24 €/kWh
2026-10-08T07:46:26Z,STR-E-VBMP-A,0.24 €/kWh
2026-10-08T07:46:26Z,STR-E-VJBJ-A,0 € + 0.36 €/kWh
2026-10-08T07:46:26Z,STR-E-VPDB-A,0.24 €/kWh
2026-10-08T07:46:26Z,STR-E-VQ06-A,0 € + 0.36 €/kWh
2026-10-08T07:46:26Z,STR-E-VSDJ-A,0.38 €/kWh
2026-10-08T07:46:26Z,STR-E-VSDJ-B,0.38 €/kWh
2026-10-08T07:46:26Z,STR-E-VT0G-A,0.24 €/kWh
2026-10-08T07:46:26Z,STR-E-VX2O-A,0 € + 0.36 €/kWh
2026-10-08T07:46:26Z,STR-E-VXGH-A,0.24 €/kWh
2026-10-08T07:46:26Z,STR-E-W1X4-A,0.24 €/kWh
2026-10-08T07:46:26Z,STR-E-WEE3-A,0.23 € + 0.36 €/kWh
2026-10-08T07:46:26Z,STR-E-WEE3-B,0.23 € + 0.36 €/kWh
2026-10-08T07:46:26Z,STR-E-WHZ1-A,0 € + 0.36 €/kWh
2026-10-08T07:46:26Z,STR-E-WLGM-A,0 € + 0.36 €/kWh
2026-10-08T07:46:26Z,STR-E-WTQ5-A,0.36 €/kWh
2026-10-08T07:46:26Z,STR-E-WXV8-A,0.24 €/kWh
2026-10-08T07:46:26Z,STR-E-WYFE-A,0.36 €/kWh
2026-10-08T07:46:26Z,STR-E-WYFE-B,0.36 €/kWh
2026-10-08T07:46:26Z,STR-E-WYYC-A,0.23 € + 0.36 €/kWh
2026-10-08T07:46:26Z,STR-E-WYYC-B,0.23 € + 0.36 €/kWh
2026-10-08T07:46:26Z,STR-E-WZW9-A,0.24 €/kWh
2026-10-08T07:46:26Z,STR-E-X525-A,0.24 €/kWh
2026-10-08T07:46:26Z,STR-E-X54O-A,0 € + 0.36 €/kWh
2026-10-08T07:46:26Z,STR-E-XCMJ-A,0.08 € + 0.3 €/kWh
2026-10-08T07:46:26Z,STR-E-XCMJ-B,0.08 € + 0.3 €/kWh
2026-10-08T07:46:26Z,STR-E-XFON-A,0.24 €/kWh
2026-10-08T07:46:26Z,STR-E-XG69-A,0.08 € + 0.3 €/kWh
2026-10-08T07:46:26Z,STR-E-XG69-B,0.08 € + 0.3 €/kWh
2026-10-08T07:46:26Z,STR-E-XH51-A,0 € + 0.36 €/kWh
2026-10-08T07:46:26Z,STR-E-XKW2-A,0.23 € + 0.36 €/kWh
2026-10-08T07:46:26Z,STR-E-XKW2-B,0.23 € + 0.36 €/kWh
2026-10-08T07:46:26Z,STR-E-XRV8-A,0 € + 0.36 €/kWh
2026-10-08T07:46:26Z,STR-E-Y7JK-A,0 € + 0.36 €/kWh
2026-10-08T07:46:26Z,STR-E-Y82E-A,0 € + 0.36 €/kWh
2026-10-08T07:46:26Z,STR-E-YC50-A,0.24 €/kWh
2026-10-08T07:46:26Z,STR-E-Z2PJ-A,0.08 € + 0.3 €/kWh
2026-10-08T07:46:26Z,STR-E-Z2PJ-B,0.08 € + 0.3 €/kWh
2026-10-08T07:46:26Z,STR-E-ZA6O-A,0.24 €/kWh
2026-10-08T07:46:26Z,STR-E-ZEP7-A,0 € + 0.36 €/kWh
2026-10-08T07:46:26Z,STR-E-ZIAZ-A,0 € + 0.36 €/kWh
2026-10-08T07:46:26Z,STR-E-ZK9W-A,0 € + 0.36 €/kWh
2026-10-08T07:46:26Z,STR-E-ZS00-A,0.23 € + 0.36 €/kWh
2026-10-08T07:46:26Z,STR-E-ZS00-B,0.23 € + 0.36 €/kWh
2026-10-08T07:46:26Z,STR-E-ZWU5-A,0.08 € + 0.3 €/kWh
2026-10-08T07:46:26Z,STR-E-ZWU5-B,0.08 € + 0.3 €/kWh
2026-10-08T08:01:22Z,IKR-E-1220-A,0.3 € + 0.45 €/kWh
2026-10-08T08:01:22Z,IKR-E-1871-A,0.3 € + 0.45 €/kWh
2026-10-08T08:01:22Z,IKR-E-2G8J-A,0.3 € + 0.45 €/kWh
2026-10-08T08:01:22Z,IKR-E-3TSR-A,0.3 € + 0.45 €/kWh
2026-10-08T08:01:22Z,IKR-E-5715-A,0.3 € + 0.45 €/kWh
2026-10-08T08:01:22Z,IKR-E-5730-A,0.3 € + 0.51 €/kWh
2026-10-08T08:01:22Z,IKR-E-5CGU-A,0.3 € + 0.45 €/kWh
2026-10-08T08:01:22Z,IKR-E-7718-A,0.3 € + 0.51 €/kWh
2026-10-08T08:01:22Z,IKR-E-DVCM-A,0.3 € + 0.45 €/kWh
2026-10-08T08:01:22Z,IKR-E-E228-A,0.3 € + 0.44 €/kWh
2026-10-08T08:01:22Z,IKR-E-E475-A,0.3 € + 0.46 €/kWh
2026-10-08T08:01:22Z,IKR-E-E544-A,0.3 € + 0.46 €/kWh
2026-10-08T08:01:22Z,IKR-E-EKZA-A,0.3 € + 0.44 €/kWh
2026-10-08T08:01:22Z,IKR-E-GAY9-A,0.3 € + 0.45 €/kWh
2026-10-08T08:01:22Z,IKR-E-IZW2-A,0.3 € + 0.45 €/kWh
2026-10-08T08:01:22Z,IKR-E-J1JV-A,0.3 € + 0.44 €/kWh
2026-10-08T08:01:22Z,IKR-E-JJAJ-A,0.3 € + 0.45 €/kWh
2026-10-08T08:01:22Z,IKR-E-KMBH-A,0.3 € + 0.45 €/kWh
2026-10-08T08:01:22Z,IKR-E-LJZI-A,0.3 € + 0.45 €/kWh
2026-10-08T08:01:22Z,IKR-E-MAU9-A,0.29 € + 0.38 €/kWh
2026-10-08T08:01:22Z,IKR-E-OWF5-A,0.3 € + 0.47 €/kWh
2026-10-08T08:01:22Z,IKR-E-W6HQ-A,0.29 € + 0.38 €/kWh
2026-10-08T08:01:22Z,IKR-E-XIH2-A,0.3 € + 0.45 €/kWh
2026-10-08T08:01:22Z,IKR-E-Y2Z8-A,0.3 € + 0.4 €/kWh
2026-10-08T08:01:22Z,IKR-P-IV7E-B,0.3 € + 0.45 €/kWh
2026-10-08T08:01:22Z,IKR-P-SCM5-A,0.3 € + 0.47 €/kWh
2026-10-08T08:01:22Z,IKR-P-V9X4-A,0.3 € + 0.47 €/kWh
2026-10-08T08:01:22Z,IKR-P-V9X4-B,0.3 € + 0.47 €/kWh
2026-10-08T08:02:27Z,STR-E-027B-A,0.23 € + 0.37 €/kWh
2026-10-08T08:02:27Z,STR-E-027B-B,0.23 € + 0.37 €/kWh
2026-10-08T08:02:27Z,STR-E-02VO-A,0.39 €/kWh
2026-10-08T08:02:27Z,STR-E-02VO-B,0.39 €/kWh
2026-10-08T08:02:27Z,STR-E-04YS-A,0 € + 0.37 €/kWh
2026-10-08T08:02:27Z,STR-E-051F-A,0.08 € + 0.31 €/kWh
2026-10-08T08:02:27Z,STR-E-0698-A,0.25 €/kWh
2026-10-08T08:02:27Z,STR-E-0GEL-A,0.25 €/kWh
2026-10-08T08:02:27Z,STR-E-10G9-A,0.08 € + 0.31 €/kWh
2026-10-08T08:02:27Z,STR-E-10G9-B,0.08 € + 0.31 €/kWh
2026-10-08T08:02:27Z,STR-E-1162-A,0.25 €/kWh
2026-10-08T08:02:27Z,STR-E-11DT-A,0.25 €/kWh
2026-10-08T08:02:27Z,STR-E-1887-A,0.25 €/kWh
2026-10-08T08:02:27Z,STR-E-1927-A,0.25 €/kWh
2026-10-08T08:02:27Z,STR-E-1ME5-A,0.08 € + 0.31 €/kWh
2026-10-08T08:02:27Z,STR-E-1ME5-B,0.08 € + 0.31 €/kWh
2026-10-08T08:02:27Z,STR-E-1MHB-A,0.58 €/kWh
2026-10-08T08:02:27Z,STR-E-1MJQ-A,0.25 €/kWh
2026-10-08T08:02:27Z,STR-E-1X30-A,0 € + 0.37 €/kWh
2026-10-08T08:02:27Z,STR-E-21O1-A,0.37 €/kWh
2026-10-08T08:02:27Z,STR-E-21O1-B,0.37 €/kWh
2026-10-08T08:02:27Z,STR-E-2446-A,0 € + 0.37 €/kWh
2026-10-08T08:02:27Z,STR-E-2D12-A,0.25 €/kWh
2026-10-08T08:02:27Z,STR-E-2ED4-A,0.25 €/kWh
2026-10-08T08:02:27Z,STR-E-2K1Q-A,0 € + 0.37 €/kWh
2026-10-08T08:02:27Z,STR-E-2XDJ-A,0 € + 0.37 €/kWh
2026-10-08T08:02:27Z,STR-E-320G-A,0.25 €/kWh
2026-10-08T08:02:27Z,STR-E-3468-A,0.37 €/kWh
2026-10-08T08:02:27Z,STR-E-3468-B,0.37 €/kWh
2026-10-08T08:02:27Z,STR-E-3ENA-A,0.37 €/kWh
2026-10-08T08:02:27Z,STR-E-3ENA-B,0.37 €/kWh
2026-10-08T08:02:27Z,STR-E-3ENA-C,0.37 €/kWh
2026-10-08T08:02:27Z,STR-E-3FMF-A,0.23 € + 0.37 €/kWh
2026-10-08T08:02:27Z,STR-E-3FMF-B,0.23 € + 0.37 €/kWh
2026-10-08T08:02:27Z,STR-E-3PZS-A,0.25 €/kWh
2026-10-08T08:02:27Z,STR-E-3SXI-A,0.37 €/kWh
2026-10-08T08:02:27Z,STR-E-3SXI-B,0.37 €/kWh
2026-10-08T08:02:27Z,STR-E-3TZI-A,0.25 €/kWh
2026-10-08T08:02:27Z,STR-E-3WE5-A,0 € + 0.37 €/kWh
2026-10-08T08:02:27Z,STR-E-3YH3-A,0.08 € + 0.31 €/kWh
2026-10-08T08:02:27Z,STR-E-3YH3-B,0.08 € + 0.31 €/kWh
2026-10-08T08:02:27Z,STR-E-491A-A,0.36 €/kWh
2026-10-08T08:02:27Z,STR-E-491A-B,0.36 €/kWh
2026-10-08T08:02:27Z,STR-E-491A-C,0.36 €/kWh
2026-10-08T08:02:27Z,STR-E-4DE6-A,0.36 €/kWh
2026-10-08T08:02:27Z,STR-E-4DE6-B,0.36 €/kWh
2026-10-08T08:02:27Z,STR-E-4LRS-A,0.25 €/kWh
2026-10-08T08:02:27Z,STR-E-4UGU-A,0.25 €/kWh
2026-10-08T08:02:27Z,STR-E-4YKC-A,0 € + 0.37 €/kWh
2026-10-08T08:02:27Z,STR-E-527U-A,0 € + 0.37 €/kWh
2026-10-08T08:02:27Z,STR-E-54PK-A,0.08 € + 0.31 €/kWh
2026-10-08T08:02:27Z,STR-E-54PK-B,0.08 € + 0.31 €/kWh
2026-10-08T08:02:27Z,STR-E-55I4-A,0 € + 0.37 €/kWh
2026-10-08T08:02:27Z,STR-E-566J-A,0 € + 0.37 €/kWh
2026-10-08T08:02:27Z,STR-E-59TF-A,0.08 € + 0.31 €/kWh
2026-10-08T08:02:27Z,STR-E-5DWB-A,0.25 €/kWh
2026-10-08T08:02:27Z,STR-E-5TI5-A,0.25 €/kWh
2026-10-08T08:02:27Z,STR-E-69PN-A,0.25 €/kWh
2026-10-08T08:02:27Z,STR-E-6CNG-A,0.25 €/kWh
2026-10-08T08:02:27Z,STR-E-6E7W-A,0 € + 0.37 €/kWh
2026-10-08T08:02:27Z,STR-E-6SQH-A,0.25 €/kWh
2026-10-08T08:02:27Z,STR-E-6UZQ-A,0.37 €/kWh
2026-10-08T08:02:27Z,STR-E-6UZQ-B,0.37 €/kWh
2026-10-08T08:02:27Z,STR-E-6ZTQ-A,0 € + 0.37 €/kWh
2026-10-08T08:02:27Z,STR-E-7438-A,0 € + 0.37 €/kWh
2026-10-08T08:02:27Z,STR-E-7A48-A,0.08 € + 0.31 €/kWh
2026-10-08T08:02:27Z,STR-E-7YBN-A,0 € + 0.37 €/kWh
2026-10-08T08:02:27Z,STR-E-86C0-A,0.25 €/kWh
2026-10-08T08:02:27Z,STR-E-88SA-A,0.25 €/kWh
2026-10-08T08:02:27Z,STR-E-8A02-A,0 € + 0.37 €/kWh
2026-10-08T08:02:27Z,STR-E-8M2O-A,0.25 €/kWh
2026-10-08T08:02:27Z,STR-E-8Q9F-A,0 € + 0.37 €/kWh
2026-10-08T08:02:27Z,STR-E-8XL5-A,0.25 €/kWh
2026-10-08T08:02:27Z,STR-E-8Y23-A,0.25 €/kWh
2026-10-08T08:02:27Z,STR-E-92KW-A,0.23 € + 0.37 €/kWh
2026-10-08T08:02:27Z,STR-E-9AH3-A,0 € + 0.37 €/kWh
2026-10-08T08:02:27Z,STR-E-9I2R-A,0.25 €/kWh
2026-10-08T08:02:27Z,STR-E-9TUZ-A,0.25 €/kWh
2026-10-08T08:02:27Z,STR-E-9WY2-A,0.25 €/kWh
2026-10-08T08:02:27Z,STR-E-A169-A,0 € + 0.37 €/kWh
2026-10-08T08:02:27Z,STR-E-A27N-A,0.39 €/kWh
2026-10-08T08:02:27Z,STR-E-A27N-B,0.39 €/kWh
2026-10-08T08:02:27Z,STR-E-A27N-C,0.39 €/kWh
2026-10-08T08:02:27Z,STR-E-A442-A,0.25 €/kWh
2026-10-08T08:02:27Z,STR-E-AABG-A,0.25 €/kWh
2026-10-08T08:02:27Z,STR-E-ACMT-A,0.25 €/kWh
2026-10-08T08:02:27Z,STR-E-ADXE-A,0 € + 0.37 €/kWh
2026-10-08T08:02:27Z,STR-E-AF2O-A,0.08 € + 0.31 €/kWh
2026-10-08T08:02:27Z,STR-E-AMQK-A,0 € + 0.37 €/kWh
2026-10-08T08:02:27Z,STR-E-ANJ0-A,0.23 € + 0.37 €/kWh
2026-10-08T08:02:27Z,STR-E-ANJ0-B,0.23 € + 0.37 €/kWh
2026-10-08T08:02:27Z,STR-E-AP96-A,0.23 € + 0.37 €/kWh
2026-10-08T08:02:27Z,STR-E-AP96-B,0.23 € + 0.37 €/kWh
2026-10-08T08:02:27Z,STR-E-AUQ2-A,0 € + 0.37 €/kWh
2026-10-08T08:02:27Z,STR-E-AWF1-A,0.08 € + 0.31 €/kWh
2026-10-08T08:02:27Z,STR-E-AWF1-B,0.08 € + 0.31 €/kWh
2026-10-08T08:02:27Z,STR-E-AWJ9-A,0.39 €/kWh
2026-10-08T08:02:27Z,STR-E-AWJ9-B,0.39 €/kWh
2026-10-08T08:02:27Z,STR-E-B36V-A,0.19 € + 0.42 €/kWh
2026-10-08T08:02:27Z,STR-E-B36V-B,0.19 € + 0.42 €/kWh
2026-10-08T08:02:27Z,STR-E-BIKW-A,0.23 € + 0.37 €/kWh
2026-10-08T08:02:27Z,STR-E-BIKW-B,0.23 € + 0.37 €/kWh
2026-10-08T08:02:27Z,STR-E-BXA5-A,0.25 €/kWh
2026-10-08T08:02:27Z,STR-E-C91L-A,0.25 €/kWh
2026-10-08T08:02:27Z,STR-E-C99Z-A,0 € + 0.37 €/kWh
2026-10-08T08:02:27Z,STR-E-D3MB-A,0.23 € + 0.37 €/kWh
2026-10-08T08:02:27Z,STR-E-D3MB-B,0.23 € + 0.37 €/kWh
2026-10-08T08:02:27Z,STR-E-DBCC-A,0.08 € + 0.31 €/kWh
2026-10-08T08:02:27Z,STR-E-DBCC-B,0.08 € + 0.31 €/kWh
2026-10-08T08:02:27Z,STR-E-DHEJ-A,0 € + 0.37 €/kWh
2026-10-08T08:02:27Z,STR-E-E0DZ-A,0.37 €/kWh
2026-10-08T08:02:27Z,STR-E-E0DZ-B,0.37 €/kWh
2026-10-08T08:02:27Z,STR-E-E7HH-A,0.25 €/kWh
2026-10-08T08:02:27Z,STR-E-ECI7-A,0 € + 0.37 €/kWh
2026-10-08T08:02:27Z,STR-E-EFXK-A,0 € + 0.37 €/kWh
2026-10-08T08:02:27Z,STR-E-ELFQ-A,0.23 € + 0.37 €/kWh
2026-10-08T08:02:27Z,STR-E-ELFQ-B,0.23 € + 0.37 €/kWh
2026-10-08T08:02:27Z,STR-E-EPQY-A,0 € + 0.37 €/kWh
2026-10-08T08:02:27Z,STR-E-ER2N-A,0 € + 0.37 €/kWh
2026-10-08T08:02:27Z,STR-E-ES3O-A,0 € + 0.37 €/kWh
2026-10-08T08:02:27Z,STR-E-EU1U-A,0.25 €/kWh
2026-10-08T08:02:27Z,STR-E-F2G0-A,0.08 € + 0.31 €/kWh
2026-10-08T08:02:27Z,STR-E-F2G0-B,0.08 € + 0.31 €/kWh
2026-10-08T08:02:27Z,STR-E-F4B3-A,0.25 €/kWh
2026-10-08T08:02:27Z,STR-E-F5LZ-A,0.25 €/kWh
2026-10-08T08:02:27Z,STR-E-F79A-A,0.23 € + 0.37 €/kWh
2026-10-08T08:02:27Z,STR-E-F79A-B,0.23 € + 0.37 €/kWh
2026-10-08T08:02:27Z,STR-E-FGMF-A,0.25 €/kWh
2026-10-08T08:02:27Z,STR-E-FK06-A,0.25 €/kWh
2026-10-08T08:02:27Z,STR-E-FKUY-A,0 € + 0.37 €/kWh
2026-10-08T08:02:27Z,STR-E-FUE8-A,0.08 € + 0.31 €/kWh
2026-10-08T08:02:27Z,STR-E-FUE8-B,0.08 € + 0.31 €/kWh
2026-10-08T08:02:27Z,STR-E-G4VM-A,0.25 €/kWh
2026-10-08T08:02:27Z,STR-E-G518-A,0.25 €/kWh
2026-10-08T08:02:27Z,STR-E-GB9A-A,0.25 €/kWh
2026-10-08T08:02:27Z,STR-E-GFB3-A,0 € + 0.37 €/kWh
2026-10-08T08:02:27Z,STR-E-GGV8-A,0.25 €/kWh
2026-10-08T08:02:27Z,STR-E-GHJA-A,0.25 €/kWh
2026-10-08T08:02:27Z,STR-E-GK0C-A,0 € + 0.37 €/kWh
2026-10-08T08:02:27Z,STR-E-GR5K-A,0.25 €/kWh
2026-10-08T08:02:27Z,STR-E-H6Q5-A,0.25 €/kWh
2026-10-08T08:02:27Z,STR-E-HHXV-A,0 € + 0.37 €/kWh
2026-10-08T08:02:27Z,STR-E-I1KE-A,0 € + 0.37 €/kWh
2026-10-08T08:02:27Z,STR-E-I4UZ-A,0.25 €/kWh
2026-10-08T08:02:27Z,STR-E-I5FH-A,0.25 €/kWh
2026-10-08T08:02:27Z,STR-E-I8C6-A,0.25 €/kWh
2026-10-08T08:02:27Z,STR-E-IA3X-A,0.25 €/kWh
2026-10-08T08:02:27Z,STR-E-IAO5-A,0 € + 0.37 €/kWh
2026-10-08T08:02:27Z,STR-E-IGH5-A,0.23 € + 0.37 €/kWh
2026-10-08T08:02:27Z,STR-E-IGH5-B,0.23 € + 0.37 €/kWh
2026-10-08T08:02:27Z,STR-E-IIKL-A,0.08 € + 0.31 €/kWh
2026-10-08T08:02:27Z,STR-E-IIKL-B,0.08 € + 0.31 €/kWh
2026-10-08T08:02:27Z,STR-E-IPEC-A,0 € + 0.37 €/kWh
2026-10-08T08:02:27Z,STR-E-IV6T-A,0 € + 0.37 €/kWh
2026-10-08T08:02:27Z,STR-E-J54N-A,0 € + 0.37 €/kWh
2026-10-08T08:02:27Z,STR-E-J6DA-A,0 € + 0.37 €/kWh
2026-10-08T08:02:27Z,STR-E-J8VF-A,0 € + 0.37 €/kWh
2026-10-08T08:02:27Z,STR-E-JG90-A,0.27 €/kWh + 0.3 €
2026-10-08T08:02:27Z,STR-E-JG90-B,0.27 €/kWh + 0.3 €
2026-10-08T08:02:27Z,STR-E-JMOR-A,0 € + 0.37 €/kWh
2026-10-08T08:02:27Z,STR-E-JVO0-A,0.25 €/kWh
2026-10-08T08:02:27Z,STR-E-K217-A,0 € + 0.37 €/kWh
2026-10-08T08:02:27Z,STR-E-K73C-A,0.23 € + 0.37 €/kWh
2026-10-08T08:02:27Z,STR-E-K73C-B,0.23 € + 0.37 €/kWh
2026-10-08T08:02:27Z,STR-E-KBZL-A,0.25 €/kWh
2026-10-08T08:02:27Z,STR-E-KOHN-A,0 € + 0.37 €/kWh
2026-10-08T08:02:27Z,STR-E-KT5B-A,0 € + 0.37 €/kWh
2026-10-08T08:02:27Z,STR-E-KUKS-A,0.08 € + 0.31 €/kWh
2026-10-08T08:02:27Z,STR-E-KUKS-B,0.08 € + 0.31 €/kWh
2026-10-08T08:02:27Z,STR-E-L84D-A,0.25 €/kWh
2026-10-08T08:02:27Z,STR-E-LISV-A,0.25 €/kWh
2026-10-08T08:02:27Z,STR-E-LKFQ-A,0.25 €/kWh
2026-10-08T08:02:27Z,STR-E-LREY-A,0.58 €/kWh
2026-10-08T08:02:27Z,STR-E-M1IB-A,0.25 €/kWh
2026-10-08T08:02:27Z,STR-E-M8WL-A,0.25 €/kWh
2026-10-08T08:02:27Z,STR-E-M9W7-A,0.25 €/kWh
2026-10-08T08:02:27Z,STR-E-MIP3-A,0.36 €/kWh
2026-10-08T08:02:27Z,STR-E-MIP3-B,0.36 €/kWh
2026-10-08T08:02:27Z,STR-E-MSEN-A,0.25 €/kWh
2026-10-08T08:02:27Z,STR-E-MSUL-A,0.25 €/kWh
2026-10-08T08:02:27Z,STR-E-N6P5-A,0.25 €/kWh
2026-10-08T08:02:27Z,STR-E-NCKT-A,0.08 € + 0.31 €/kWh
2026-10-08T08:02:27Z,STR-E-NCKT-B,0.08 € + 0.31 €/kWh
2026-10-08T08:02:27Z,STR-E-NDU2-A,0 € + 0.37 €/kWh
2026-10-08T08:02:27Z,STR-E-NDZ4-A,0 € + 0.37 €/kWh
2026-10-08T08:02:27Z,STR-E-NFV5-A,0 € + 0.37 €/kWh
2026-10-08T08:02:27Z,STR-E-NNGC-A,0.25 €/kWh
2026-10-08T08:02:27Z,STR-E-NSGB-A,0 € + 0.37 €/kWh
2026-10-08T08:02:27Z,STR-E-NY0Q-A,0.15 € + 0.39 €/kWh
2026-10-08T08:02:27Z,STR-E-O0VK-A,0.25 €/kWh
2026-10-08T08:02:27Z,STR-E-O5JX-A,0 € + 0.37 €/kWh
2026-10-08T08:02:27Z,STR-E-O5YW-A,0.08 € + 0.31 €/kWh
2026-10-08T08:02:27Z,STR-E-O5YW-B,0.08 € + 0.31 €/kWh
2026-10-08T08:02:27Z,STR-E-OFWF-A,0 € + 0.37 €/kWh
2026-10-08T08:02:27Z,STR-E-OG1X-A,0.25 €/kWh
2026-10-08T08:02:27Z,STR-E-OHH6-A,0 € + 0.37 €/kWh
2026-10-08T08:02:27Z,STR-E-OJ3E-A,0.23 € + 0.37 €/kWh
2026-10-08T08:02:27Z,STR-E-OJ3E-B,0.23 € + 0.37 €/kWh
2026-10-08T08:02:27Z,STR-E-OQKZ-A,0.25 €/kWh
2026-10-08T08:02:27Z,STR-E-P46N-A,0 € + 0.37 €/kWh
2026-10-08T08:02:27Z,STR-E-P7AF-A,0.08 € + 0.31 €/kWh
2026-10-08T08:02:27Z,STR-E-P7AF-B,0.08 € + 0.31 €/kWh
2026-10-08T08:02:27Z,STR-E-PC04-A,0.25 €/kWh
2026-10-08T08:02:27Z,STR-E-PDR2-A,0.25 €/kWh
2026-10-08T08:02:27Z,STR-E-PJCQ-A,0.08 € + 0.31 €/kWh
2026-10-08T08:02:27Z,STR-E-PJCQ-B,0.08 € + 0.31 €/kWh
2026-10-08T08:02:27Z,STR-E-PM3P-A,0.23 € + 0.37 €/kWh
2026-10-08T08:02:27Z,STR-E-PM3P-B,0.23 € + 0.37 €/kWh
2026-10-08T08:02:27Z,STR-E-PRUQ-A,0.25 €/kWh
2026-10-08T08:02:27Z,STR-E-PSU9-A,0.25 €/kWh
2026-10-08T08:02:27Z,STR-E-PZ9U-A,0.25 €/kWh
2026-10-08T08:02:27Z,STR-E-PZES-A,0.25 €/kWh
2026-10-08T08:02:27Z,STR-E-Q5YF-A,0.23 € + 0.37 €/kWh
2026-10-08T08:02:27Z,STR-E-Q5YF-B,0.23 € + 0.37 €/kWh
2026-10-08T08:02:27Z,STR-E-Q7LB-A,0.23 € + 0.37 €/kWh
2026-10-08T08:02:27Z,STR-E-Q7LB-B,0.23 € + 0.37 €/kWh
2026-10-08T08:02:27Z,STR-E-QAXH-A,0.15 € + 0.39 €/kWh
2026-10-08T08:02:27Z,STR-E-QE1X-A,0.08 € + 0.31 €/kWh
2026-10-08T08:02:27Z,STR-E-QE1X-B,0.08 € + 0.31 €/kWh
2026-10-08T08:02:27Z,STR-E-QEDL-A,0.25 €/kWh
2026-10-08T08:02:27Z,STR-E-QIQM-A,0.25 €/kWh
2026-10-08T08:02:27Z,STR-E-QLC9-A,0.36 €/kWh
2026-10-08T08:02:27Z,STR-E-QLC9-B,0.36 €/kWh
2026-10-08T08:02:27Z,STR-E-R0J8-A,0.25 €/kWh
2026-10-08T08:02:27Z,STR-E-R1MT-A,0.23 € + 0.37 €/kWh
2026-10-08T08:02:27Z,STR-E-R1MT-B,0.23 € + 0.37 €/kWh
2026-10-08T08:02:27Z,STR-E-R1PI-A,0.23 € + 0.37 €/kWh
2026-10-08T08:02:27Z,STR-E-R1PI-B,0.23 € + 0.37 €/kWh
2026-10-08T08:02:27Z,STR-E-R2LK-A,0.23 € + 0.37 €/kWh
2026-10-08T08:02:27Z,STR-E-R2LK-B,0.23 € + 0.37 €/kWh
2026-10-08T08:02:27Z,STR-E-R8PQ-A,0 € + 0.37 €/kWh
2026-10-08T08:02:27Z,STR-E-R9GA-A,0.25 €/kWh
2026-10-08T08:02:27Z,STR-E-RJH9-A,0.25 €/kWh
2026-10-08T08:02:27Z,STR-E-RKWJ-A,0.25 €/kWh
2026-10-08T08:02:27Z,STR-E-S42D-A,0.25 €/kWh
2026-10-08T08:02:27Z,STR-E-S6VR-A,0 € + 0.37 €/kWh
2026-10-08T08:02:27Z,STR-E-S7YR-A,0.23 € + 0.37 €/kWh
2026-10-08T08:02:27Z,STR-E-S7YR-B,0.23 € + 0.37 €/kWh
2026-10-08T08:02:27Z,STR-E-SGC2-A,0 € + 0.37 €/kWh
2026-10-08T08:02:27Z,STR-E-SJKA-A,0.25 €/kWh
2026-10-08T08:02:27Z,STR-E-SQX8-A,0.08 € + 0.31 €/kWh
2026-10-08T08:02:27Z,STR-E-SQX8-B,0.08 € + 0.31 €/kWh
2026-10-08T08:02:27Z,STR-E-SVR3-A,0.23 € + 0.37 €/kWh
2026-10-08T08:02:27Z,STR-E-SVR3-B,0.23 € + 0.37 €/kWh
2026-10-08T08:02:27Z,STR-E-SY9Y-A,0.25 €/kWh
2026-10-08T08:02:27Z,STR-E-TO2O-A,0.25 €/kWh
2026-10-08T08:02:27Z,STR-E-TX67-A,0.39 €/kWh
2026-10-08T08:02:27Z,STR-E-TX67-B,0.39 €/kWh
2026-10-08T08:02:27Z,STR-E-U41O-A,0 € + 0.37 €/kWh
2026-10-08T08:02:27Z,STR-E-U5TP-A,0.25 €/kWh
2026-10-08T08:02:27Z,STR-E-UKPS-A,0.15 € + 0.39 €/kWh
2026-10-08T08:02:27Z,STR-E-UPAQ-A,0.36 €/kWh
2026-10-08T08:02:27Z,STR-E-UPAQ-B,0.36 €/kWh
2026-10-08T08:02:27Z,STR-E-UPOS-A,0.08 € + 0.31 €/kWh
2026-10-08T08:02:27Z,STR-E-UPOS-B,0.08 € + 0.31 €/kWh
2026-10-08T08:02:27Z,STR-E-UY5H-A,0.25 €/kWh
2026-10-08T08:02:27Z,STR-E-V17G-A,0.25 €/kWh
2026-10-08T08:02:27Z,STR-E-V31J-A,0.25 €/kWh
2026-10-08T08:02:27Z,STR-E-V50T-A,0.25 €/kWh
2026-10-08T08:02:27Z,STR-E-V9SD-A,0.25 €/kWh
2026-10-08T08:02:27Z,STR-E-V9ZR-A,0.25 €/kWh
2026-10-08T08:02:27Z,STR-E-VBMP-A,0.25 €/kWh
2026-10-08T08:02:27Z,STR-E-VJBJ-A,0 € + 0.37 €/kWh
2026-10-08T08:02:27Z,STR-E-VPDB-A,0.25 €/kWh
2026-10-08T08:02:27Z,STR-E-VQ06-A,0 € + 0.37 €/kWh
2026-10-08T08:02:27Z,STR-E-VSDJ-A,0.39 €/kWh
2026-10-08T08:02:27Z,STR-E-VSDJ-B,0.39 €/kWh
2026-10-08T08:02:27Z,STR-E-VT0G-A,0.25 €/kWh
2026-10-08T08:02:27Z,STR-E-VX2O-A,0 € + 0.37 €/kWh
2026-10-08T08:02:27Z,STR-E-VXGH-A,0.25 €/kWh
2026-10-08T08:02:27Z,STR-E-W1X4-A,0.25 €/kWh
2026-10-08T08:02:27Z,STR-E-WEE3-A,0.23 € + 0.37 €/kWh
2026-10-08T08:02:27Z,STR-E-WEE3-B,0.23 € + 0.37 €/kWh
2026-10-08T08:02:27Z,STR-E-WHZ1-A,0 € + 0.37 €/kWh
2026-10-08T08:02:27Z,STR-E-WLGM-A,0 € + 0.37 €/kWh
2026-10-08T08:02:27Z,STR-E-WTQ5-A,0.37 €/kWh
2026-10-08T08:02:27Z,STR-E-WXV8-A,0.25 €/kWh
2026-10-08T08:02:27Z,STR-E-WYFE-A,0.37 €/kWh
2026-10-08T08:02:27Z,STR-E-WYFE-B,0.37 €/kWh
2026-10-08T08:02:27Z,STR-E-WYYC-A,0.23 € + 0.37 €/kWh
2026-10-08T08:02:27Z,STR-E-WYYC-B,0.23 € + 0.37 €/kWh
2026-10-08T08:02:27Z,STR-E-WZW9-A,0.25 €/kWh
2026-10-08T08:02:27Z,STR-E-X525-A,0.25 €/kWh
2026-10-08T08:02:27Z,STR-E-X54O-A,0 € + 0.37 €/kWh
2026-10-08T08:02:27Z,STR-E-XCMJ-A,0.08 € + 0.31 €/kWh
2026-10-08T08:02:27Z,STR-E-XCMJ-B,0.08 € + 0.31 €/kWh
2026-10-08T08:02:27Z,STR-E-XFON-A,0.25 €/kWh
2026-10-08T08:02:27Z,STR-E-XG69-A,0.08 € + 0.31 €/kWh
2026-10-08T08:02:27Z,STR-E-XG69-B,0.08 € + 0.31 €/kWh
2026-10-08T08:02:27Z,STR-E-XH51-A,0 € + 0.37 €/kWh
2026-10-08T08:02:27Z,STR-E-XKW2-A,0.23 € + 0.37 €/kWh
2026-10-08T08:02:27Z,STR-E-XKW2-B,0.23 € + 0.37 €/kWh
2026-10-08T08:02:27Z,STR-E-XRV8-A,0 € + 0.37 €/kWh
2026-10-08T08:02:27Z,STR-E-Y7JK-A,0 € + 0.37 €/kWh
2026-10-08T08:02:27Z,STR-E-Y82E-A,0 € + 0.37 €/kWh
2026-10-08T08:02:27Z,STR-E-YC50-A,0.25 €/kWh
2026-10-08T08:02:27Z,STR-E-Z2PJ-A,0.08 € + 0.31 €/kWh
2026-10-08T08:02:27Z,STR-E-Z2PJ-B,0.08 € + 0.31 €/kWh
2026-10-08T08:02:27Z,STR-E-ZA6O-A,0.25 €/kWh
2026-10-08T08:02:27Z,STR-E-ZEP7-A,0 € + 0.37 €/kWh
2026-10-08T08:02:27Z,STR-E-ZIAZ-A,0 € + 0.37 €/kWh
2026-10-08T08:02:27Z,STR-E-ZK9W-A,0 € + 0.37 €/kWh
2026-10-08T08:02:27Z,STR-E-ZS00-A,0.23 € + 0.37 €/kWh
2026-10-08T08:02:27Z,STR-E-ZS00-B,0.23 € + 0.37 €/kWh
2026-10-08T08:02:27Z,STR-E-ZWU5-A,0.08 € + 0.31 €/kWh
2026-10-08T08:02:27Z,STR-E-ZWU5-B,0.08 € + 0.31 €/kWh
2026-10-08T08:16:26Z,IKR-E-1220-A,0.3 € + 0.41 €/kWh
2026-10-08T08:16:26Z,IKR-E-1871-A,0.3 € + 0.41 €/kWh
2026-10-08T08:16:26Z,IKR-E-2G8J-A,0.3 € + 0.41 €/kWh
2026-10-08T08:16:26Z,IKR-E-3TSR-A,0.3 € + 0.41 €/kWh
2026-10-08T08:16:26Z,IKR-E-5715-A,0.3 € + 0.41 €/kWh
2026-10-08T08:16:26Z,IKR-E-5730-A,0.3 € + 0.47 €/kWh
2026-10-08T08:16:26Z,IKR-E-5CGU-A,0.3 € + 0.41 €/kWh
2026-10-08T08:16:26Z,IKR-E-7718-A,0.3 € + 0.47 €/kWh
2026-10-08T08:16:26Z,IKR-E-DVCM-A,0.3 € + 0.41 €/kWh
2026-10-08T08:16:26Z,IKR-E-E228-A,0.3 € + 0.4 €/kWh
2026-10-08T08:16:26Z,IKR-E-E475-A,0.3 € + 0.42 €/kWh
2026-10-08T08:16:26Z,IKR-E-E544-A,0.3 € + 0.42 €/kWh
2026-10-08T08:16:26Z,IKR-E-EKZA-A,0.3 € + 0.4 €/kWh
2026-10-08T08:16:26Z,IKR-E-GAY9-A,0.3 € + 0.41 €/kWh
2026-10-08T08:16:26Z,IKR-E-IZW2-A,0.3 € + 0.41 €/kWh
2026-10-08T08:16:26Z,IKR-E-J1JV-A,0.3 € + 0.4 €/kWh
2026-10-08T08:16:26Z,IKR-E-JJAJ-A,0.3 € + 0.41 €/kWh
2026-10-08T08:16:26Z,IKR-E-KMBH-A,0.3 € + 0.41 €/kWh
2026-10-08T08:16:26Z,IKR-E-LJZI-A,0.3 € + 0.41 €/kWh
2026-10-08T08:16:26Z,IKR-E-MAU9-A,0.29 € + 0.33 €/kWh
2026-10-08T08:16:26Z,IKR-E-OWF5-A,0.3 € + 0.44 €/kWh
2026-10-08T08:16:26Z,IKR-E-W6HQ-A,0.29 € + 0.33 €/kWh
2026-10-08T08:16:26Z,IKR-E-XIH2-A,0.3 € + 0.41 €/kWh
2026-10-08T08:16:26Z,IKR-E-Y2Z8-A,0.3 € + 0.36 €/kWh
2026-10-08T08:16:26Z,IKR-P-IV7E-B,0.3 € + 0.41 €/kWh
2026-10-08T08:16:26Z,IKR-P-SCM5-A,0.3 € + 0.44 €/kWh
2026-10-08T08:16:26Z,IKR-P-V9X4-A,0.3 € + 0.44 €/kWh
2026-10-08T08:16:26Z,IKR-P-V9X4-B,0.3 € + 0.44 €/kWh
2026-10-08T08:18:25Z,IGN-E-7YN9-J,6 €/val. parkavimo mokestis + 0.47 €/kWh
2026-10-08T08:18:25Z,IGN-E-7YN9-K,6 €/val. parkavimo mokestis + 0.47 €/kWh
2026-10-08T08:18:25Z,STR-E-027B-A,0.23 € + 0.35 €/kWh
2026-10-08T08:18:25Z,STR-E-027B-B,0.23 € + 0.35 €/kWh
2026-10-08T08:18:25Z,STR-E-02VO-A,0.38 €/kWh
2026-10-08T08:18:25Z,STR-E-02VO-B,0.38 €/kWh
2026-10-08T08:18:25Z,STR-E-04YS-A,0 € + 0.35 €/kWh
2026-10-08T08:18:25Z,STR-E-051F-A,0.08 € + 0.29 €/kWh
2026-10-08T08:18:25Z,STR-E-0698-A,0.23 €/kWh
2026-10-08T08:18:25Z,STR-E-0GEL-A,0.23 €/kWh
2026-10-08T08:18:25Z,STR-E-10G9-A,0.08 € + 0.29 €/kWh
2026-10-08T08:18:25Z,STR-E-10G9-B,0.08 € + 0.29 €/kWh
2026-10-08T08:18:25Z,STR-E-1162-A,0.23 €/kWh
2026-10-08T08:18:25Z,STR-E-11DT-A,0.23 €/kWh
2026-10-08T08:18:25Z,STR-E-1887-A,0.23 €/kWh
2026-10-08T08:18:25Z,STR-E-1927-A,0.23 €/kWh
2026-10-08T08:18:25Z,STR-E-1ME5-A,0.08 € + 0.29 €/kWh
2026-10-08T08:18:25Z,STR-E-1ME5-B,0.08 € + 0.29 €/kWh
2026-10-08T08:18:25Z,STR-E-1MHB-A,0.56 €/kWh
2026-10-08T08:18:25Z,STR-E-1MJQ-A,0.23 €/kWh
2026-10-08T08:18:25Z,STR-E-1X30-A,0 € + 0.35 €/kWh
2026-10-08T08:18:25Z,STR-E-21O1-A,0.35 €/kWh
2026-10-08T08:18:25Z,STR-E-21O1-B,0.35 €/kWh
2026-10-08T08:18:25Z,STR-E-2446-A,0 € + 0.35 €/kWh
2026-10-08T08:18:25Z,STR-E-2D12-A,0.23 €/kWh
2026-10-08T08:18:25Z,STR-E-2ED4-A,0.23 €/kWh
2026-10-08T08:18:25Z,STR-E-2K1Q-A,0 € + 0.35 €/kWh
2026-10-08T08:18:25Z,STR-E-2XDJ-A,0 € + 0.35 €/kWh
2026-10-08T08:18:25Z,STR-E-320G-A,0.23 €/kWh
2026-10-08T08:18:25Z,STR-E-3468-A,0.35 €/kWh
2026-10-08T08:18:25Z,STR-E-3468-B,0.35 €/kWh
2026-10-08T08:18:25Z,STR-E-3ENA-A,0.35 €/kWh
2026-10-08T08:18:25Z,STR-E-3ENA-B,0.35 €/kWh
2026-10-08T08:18:25Z,STR-E-3ENA-C,0.35 €/kWh
2026-10-08T08:18:25Z,STR-E-3FMF-A,0.23 € + 0.35 €/kWh
2026-10-08T08:18:25Z,STR-E-3FMF-B,0.23 € + 0.35 €/kWh
2026-10-08T08:18:25Z,STR-E-3PZS-A,0.23 €/kWh
2026-10-08T08:18:25Z,STR-E-3SXI-A,0.35 €/kWh
2026-10-08T08:18:25Z,STR-E-3SXI-B,0.35 €/kWh
2026-10-08T08:18:25Z,STR-E-3TZI-A,0.23 €/kWh
2026-10-08T08:18:25Z,STR-E-3WE5-A,0 € + 0.35 €/kWh
2026-10-08T08:18:25Z,STR-E-3YH3-A,0.08 € + 0.29 €/kWh
2026-10-08T08:18:25Z,STR-E-3YH3-B,0.08 € + 0.29 €/kWh
2026-10-08T08:18:25Z,STR-E-4156-A,0.4 €/kWh
2026-10-08T08:18:25Z,STR-E-4156-B,0.4 €/kWh
2026-10-08T08:18:25Z,STR-E-491A-A,0.34 €/kWh
2026-10-08T08:18:25Z,STR-E-491A-B,0.34 €/kWh
2026-10-08T08:18:25Z,STR-E-491A-C,0.34 €/kWh
2026-10-08T08:18:25Z,STR-E-4DE6-A,0.34 €/kWh
2026-10-08T08:18:25Z,STR-E-4DE6-B,0.34 €/kWh
2026-10-08T08:18:25Z,STR-E-4KWM-A,0.43 €/kWh
2026-10-08T08:18:25Z,STR-E-4KWM-B,0.43 €/kWh
2026-10-08T08:18:25Z,STR-E-4LRS-A,0.23 €/kWh
2026-10-08T08:18:25Z,STR-E-4UGU-A,0.23 €/kWh
2026-10-08T08:18:25Z,STR-E-4YKC-A,0 € + 0.35 €/kWh
2026-10-08T08:18:25Z,STR-E-527U-A,0 € + 0.35 €/kWh
2026-10-08T08:18:25Z,STR-E-54PK-A,0.08 € + 0.29 €/kWh
2026-10-08T08:18:25Z,STR-E-54PK-B,0.08 € + 0.29 €/kWh
2026-10-08T08:18:25Z,STR-E-55I4-A,0 € + 0.35 €/kWh
2026-10-08T08:18:25Z,STR-E-566J-A,0 € + 0.35 €/kWh
2026-10-08T08:18:25Z,STR-E-59TF-A,0.08 € + 0.29 €/kWh
2026-10-08T08:18:25Z,STR-E-5DWB-A,0.23 €/kWh
2026-10-08T08:18:25Z,STR-E-5TI5-A,0.23 €/kWh
2026-10-08T08:18:25Z,STR-E-69PN-A,0.23 €/kWh
2026-10-08T08:18:25Z,STR-E-6CNG-A,0.23 €/kWh
2026-10-08T08:18:25Z,STR-E-6E7W-A,0 € + 0.35 €/kWh
2026-10-08T08:18:25Z,STR-E-6SQH-A,0.23 €/kWh
2026-10-08T08:18:25Z,STR-E-6UZQ-A,0.35 €/kWh
2026-10-08T08:18:25Z,STR-E-6UZQ-B,0.35 €/kWh
2026-10-08T08:18:25Z,STR-E-6ZTQ-A,0 € + 0.35 €/kWh
2026-10-08T08:18:25Z,STR-E-7438-A,0 € + 0.35 €/kWh
2026-10-08T08:18:25Z,STR-E-7A48-A,0.08 € + 0.29 €/kWh
2026-10-08T08:18:25Z,STR-E-7YBN-A,0 € + 0.35 €/kWh
2026-10-08T08:18:25Z,STR-E-7Z8G-A,0.43 €/kWh
2026-10-08T08:18:25Z,STR-E-7Z8G-B,0.43 €/kWh
2026-10-08T08:18:25Z,STR-E-86C0-A,0.23 €/kWh
2026-10-08T08:18:25Z,STR-E-88SA-A,0.23 €/kWh
2026-10-08T08:18:25Z,STR-E-8A02-A,0 € + 0.35 €/kWh
2026-10-08T08:18:25Z,STR-E-8M2O-A,0.23 €/kWh
2026-10-08T08:18:25Z,STR-E-8Q9F-A,0 € + 0.35 €/kWh
2026-10-08T08:18:25Z,STR-E-8XL5-A,0.23 €/kWh
2026-10-08T08:18:25Z,STR-E-8Y23-A,0.23 €/kWh
2026-10-08T08:18:25Z,STR-E-92KW-A,0.23 € + 0.35 €/kWh
2026-10-08T08:18:25Z,STR-E-9AH3-A,0 € + 0.35 €/kWh
2026-10-08T08:18:25Z,STR-E-9I2R-A,0.23 €/kWh
2026-10-08T08:18:25Z,STR-E-9TUZ-A,0.23 €/kWh
2026-10-08T08:18:25Z,STR-E-9WY2-A,0.23 €/kWh
2026-10-08T08:18:25Z,STR-E-A169-A,0 € + 0.35 €/kWh
2026-10-08T08:18:25Z,STR-E-A27N-A,0.38 €/kWh
2026-10-08T08:18:25Z,STR-E-A27N-B,0.38 €/kWh
2026-10-08T08:18:25Z,STR-E-A27N-C,0.38 €/kWh
2026-10-08T08:18:25Z,STR-E-A442-A,0.23 €/kWh
2026-10-08T08:18:25Z,STR-E-AABG-A,0.23 €/kWh
2026-10-08T08:18:25Z,STR-E-ACMT-A,0.23 €/kWh
2026-10-08T08:18:25Z,STR-E-ADXE-A,0 € + 0.35 €/kWh
2026-10-08T08:18:25Z,STR-E-AF2O-A,0.08 € + 0.29 €/kWh
2026-10-08T08:18:25Z,STR-E-AMQK-A,0 € + 0.35 €/kWh
2026-10-08T08:18:25Z,STR-E-ANJ0-A,0.23 € + 0.35 €/kWh
2026-10-08T08:18:25Z,STR-E-ANJ0-B,0.23 € + 0.35 €/kWh
2026-10-08T08:18:25Z,STR-E-AP96-A,0.23 € + 0.35 €/kWh
2026-10-08T08:18:25Z,STR-E-AP96-B,0.23 € + 0.35 €/kWh
2026-10-08T08:18:25Z,STR-E-AUQ2-A,0 € + 0.35 €/kWh
2026-10-08T08:18:25Z,STR-E-AWF1-A,0.08 € + 0.29 €/kWh
2026-10-08T08:18:25Z,STR-E-AWF1-B,0.08 € + 0.29 €/kWh
2026-10-08T08:18:25Z,STR-E-AWJ9-A,0.38 €/kWh
2026-10-08T08:18:25Z,STR-E-AWJ9-B,0.38 €/kWh
2026-10-08T08:18:25Z,STR-E-B36V-A,0.19 € + 0.4 €/kWh
2026-10-08T08:18:25Z,STR-E-B36V-B,0.19 € + 0.4 €/kWh
2026-10-08T08:18:25Z,STR-E-BIKW-A,0.23 € + 0.35 €/kWh
2026-10-08T08:18:25Z,STR-E-BIKW-B,0.23 € + 0.35 €/kWh
2026-10-08T08:18:25Z,STR-E-BXA5-A,0.23 €/kWh
2026-10-08T08:18:25Z,STR-E-C91L-A,0.23 €/kWh
2026-10-08T08:18:25Z,STR-E-C99Z-A,0 € + 0.35 €/kWh
2026-10-08T08:18:25Z,STR-E-D3MB-A,0.23 € + 0.35 €/kWh
2026-10-08T08:18:25Z,STR-E-D3MB-B,0.23 € + 0.35 €/kWh
2026-10-08T08:18:25Z,STR-E-DBCC-A,0.08 € + 0.29 €/kWh
2026-10-08T08:18:25Z,STR-E-DBCC-B,0.08 € + 0.29 €/kWh
2026-10-08T08:18:25Z,STR-E-DHEJ-A,0 € + 0.35 €/kWh
2026-10-08T08:18:25Z,STR-E-E0DZ-A,0.35 €/kWh
2026-10-08T08:18:25Z,STR-E-E0DZ-B,0.35 €/kWh
2026-10-08T08:18:25Z,STR-E-E7HH-A,0.23 €/kWh
2026-10-08T08:18:25Z,STR-E-ECI7-A,0 € + 0.35 €/kWh
2026-10-08T08:18:25Z,STR-E-EFXK-A,0 € + 0.35 €/kWh
2026-10-08T08:18:25Z,STR-E-ELFQ-A,0.23 € + 0.35 €/kWh
2026-10-08T08:18:25Z,STR-E-ELFQ-B,0.23 € + 0.35 €/kWh
2026-10-08T08:18:25Z,STR-E-EPQY-A,0 € + 0.35 €/kWh
2026-10-08T08:18:25Z,STR-E-ER2N-A,0 € + 0.35 €/kWh
2026-10-08T08:18:25Z,STR-E-ES3O-A,0 € + 0.35 €/kWh
2026-10-08T08:18:25Z,STR-E-EU1U-A,0.23 €/kWh
2026-10-08T08:18:25Z,STR-E-F2G0-A,0.08 € + 0.29 €/kWh
2026-10-08T08:18:25Z,STR-E-F2G0-B,0.08 € + 0.29 €/kWh
2026-10-08T08:18:25Z,STR-E-F4B3-A,0.23 €/kWh
2026-10-08T08:18:25Z,STR-E-F5LZ-A,0.23 €/kWh
2026-10-08T08:18:25Z,STR-E-F79A-A,0.23 € + 0.35 €/kWh
2026-10-08T08:18:25Z,STR-E-F79A-B,0.23 € + 0.35 €/kWh
2026-10-08T08:18:25Z,STR-E-FGMF-A,0.23 €/kWh
2026-10-08T08:18:25Z,STR-E-FK06-A,0.23 €/kWh
2026-10-08T08:18:25Z,STR-E-FKUY-A,0 € + 0.35 €/kWh
2026-10-08T08:18:25Z,STR-E-FUE8-A,0.08 € + 0.29 €/kWh
2026-10-08T08:18:25Z,STR-E-FUE8-B,0.08 € + 0.29 €/kWh
2026-10-08T08:18:25Z,STR-E-G4VM-A,0.23 €/kWh
2026-10-08T08:18:25Z,STR-E-G518-A,0.23 €/kWh
2026-10-08T08:18:25Z,STR-E-GB9A-A,0.23 €/kWh
2026-10-08T08:18:25Z,STR-E-GE77-A,0.43 €/kWh
2026-10-08T08:18:25Z,STR-E-GE77-B,0.43 €/kWh
2026-10-08T08:18:25Z,STR-E-GFB3-A,0 € + 0.35 €/kWh
2026-10-08T08:18:25Z,STR-E-GGV8-A,0.23 €/kWh
2026-10-08T08:18:25Z,STR-E-GHJA-A,0.23 €/kWh
2026-10-08T08:18:25Z,STR-E-GK0C-A,0 € + 0.35 €/kWh
2026-10-08T08:18:25Z,STR-E-GR5K-A,0.23 €/kWh
2026-10-08T08:18:25Z,STR-E-H6Q5-A,0.23 €/kWh
2026-10-08T08:18:25Z,STR-E-HHXV-A,0 € + 0.35 €/kWh
2026-10-08T08:18:25Z,STR-E-I1KE-A,0 € + 0.35 €/kWh
2026-10-08T08:18:25Z,STR-E-I4UZ-A,0.23 €/kWh
2026-10-08T08:18:25Z,STR-E-I5FH-A,0.23 €/kWh
2026-10-08T08:18:25Z,STR-E-I8C6-A,0.23 €/kWh
2026-10-08T08:18:25Z,STR-E-IA3X-A,0.23 €/kWh
2026-10-08T08:18:25Z,STR-E-IAO5-A,0 € + 0.35 €/kWh
2026-10-08T08:18:25Z,STR-E-IGH5-A,0.23 € + 0.35 €/kWh
2026-10-08T08:18:25Z,STR-E-IGH5-B,0.23 € + 0.35 €/kWh
2026-10-08T08:18:25Z,STR-E-IIKL-A,0.08 € + 0.29 €/kWh
2026-10-08T08:18:25Z,STR-E-IIKL-B,0.08 € + 0.29 €/kWh
2026-10-08T08:18:25Z,STR-E-IPEC-A,0 € + 0.35 €/kWh
2026-10-08T08:18:25Z,STR-E-IV6T-A,0 € + 0.35 €/kWh
2026-10-08T08:18:25Z,STR-E-J54N-A,0 € + 0.35 €/kWh
2026-10-08T08:18:25Z,STR-E-J6DA-A,0 € + 0.35 €/kWh
2026-10-08T08:18:25Z,STR-E-J8VF-A,0 € + 0.35 €/kWh
2026-10-08T08:18:25Z,STR-E-JG90-A,0.25 €/kWh + 0.3 €
2026-10-08T08:18:25Z,STR-E-JG90-B,0.25 €/kWh + 0.3 €
2026-10-08T08:18:25Z,STR-E-JMOR-A,0 € + 0.35 €/kWh
2026-10-08T08:18:25Z,STR-E-JVO0-A,0.23 €/kWh
2026-10-08T08:18:25Z,STR-E-K217-A,0 € + 0.35 €/kWh
2026-10-08T08:18:25Z,STR-E-K73C-A,0.23 € + 0.35 €/kWh
2026-10-08T08:18:25Z,STR-E-K73C-B,0.23 € + 0.35 €/kWh
2026-10-08T08:18:25Z,STR-E-KBZL-A,0.23 €/kWh
2026-10-08T08:18:25Z,STR-E-KOHN-A,0 € + 0.35 €/kWh
2026-10-08T08:18:25Z,STR-E-KT5B-A,0 € + 0.35 €/kWh
2026-10-08T08:18:25Z,STR-E-KUKS-A,0.08 € + 0.29 €/kWh
2026-10-08T08:18:25Z,STR-E-KUKS-B,0.08 € + 0.29 €/kWh
2026-10-08T08:18:25Z,STR-E-L84D-A,0.23 €/kWh
2026-10-08T08:18:25Z,STR-E-LISV-A,0.23 €/kWh
2026-10-08T08:18:25Z,STR-E-LKFQ-A,0.23 €/kWh
2026-10-08T08:18:25Z,STR-E-LREY-A,0.56 €/kWh
2026-10-08T08:18:25Z,STR-E-M1IB-A,0.23 €/kWh
2026-10-08T08:18:25Z,STR-E-M8WL-A,0.23 €/kWh
2026-10-08T08:18:25Z,STR-E-M9W7-A,0.23 €/kWh
2026-10-08T08:18:25Z,STR-E-MIP3-A,0.34 €/kWh
2026-10-08T08:18:25Z,STR-E-MIP3-B,0.34 €/kWh
2026-10-08T08:18:25Z,STR-E-MSEN-A,0.23 €/kWh
2026-10-08T08:18:25Z,STR-E-MSUL-A,0.23 €/kWh
2026-10-08T08:18:25Z,STR-E-N6P5-A,0.23 €/kWh
2026-10-08T08:18:25Z,STR-E-NCKT-A,0.08 € + 0.29 €/kWh
2026-10-08T08:18:25Z,STR-E-NCKT-B,0.08 € + 0.29 €/kWh
2026-10-08T08:18:25Z,STR-E-NDU2-A,0 € + 0.35 €/kWh
2026-10-08T08:18:25Z,STR-E-NDZ4-A,0 € + 0.35 €/kWh
2026-10-08T08:18:25Z,STR-E-NFV5-A,0 € + 0.35 €/kWh
2026-10-08T08:18:25Z,STR-E-NNGC-A,0.23 €/kWh
2026-10-08T08:18:25Z,STR-E-NSGB-A,0 € + 0.35 €/kWh
2026-10-08T08:18:25Z,STR-E-NY0Q-A,0.15 € + 0.37 €/kWh
2026-10-08T08:18:25Z,STR-E-O0VK-A,0.23 €/kWh
2026-10-08T08:18:25Z,STR-E-O5JX-A,0 € + 0.35 €/kWh
2026-10-08T08:18:25Z,STR-E-O5YW-A,0.08 € + 0.29 €/kWh
2026-10-08T08:18:25Z,STR-E-O5YW-B,0.08 € + 0.29 €/kWh
2026-10-08T08:18:25Z,STR-E-ODBK-A,0.43 €/kWh
2026-10-08T08:18:25Z,STR-E-ODBK-B,0.43 €/kWh
2026-10-08T08:18:25Z,STR-E-OFWF-A,0 € + 0.35 €/kWh
2026-10-08T08:18:25Z,STR-E-OG1X-A,0.23 €/kWh
2026-10-08T08:18:25Z,STR-E-OHH6-A,0 € + 0.35 €/kWh
2026-10-08T08:18:25Z,STR-E-OJ3E-A,0.23 € + 0.35 €/kWh
2026-10-08T08:18:25Z,STR-E-OJ3E-B,0.23 € + 0.35 €/kWh
2026-10-08T08:18:25Z,STR-E-OQKZ-A,0.23 €/kWh
2026-10-08T08:18:25Z,STR-E-P46N-A,0 € + 0.35 €/kWh
2026-10-08T08:18:25Z,STR-E-P7AF-A,0.08 € + 0.29 €/kWh
2026-10-08T08:18:25Z,STR-E-P7AF-B,0.08 € + 0.29 €/kWh
2026-10-08T08:18:25Z,STR-E-PC04-A,0.23 €/kWh
2026-10-08T08:18:25Z,STR-E-PDR2-A,0.23 €/kWh
2026-10-08T08:18:25Z,STR-E-PJCQ-A,0.08 € + 0.29 €/kWh
2026-10-08T08:18:25Z,STR-E-PJCQ-B,0.08 € + 0.29 €/kWh
2026-10-08T08:18:25Z,STR-E-PM3P-A,0.23 € + 0.35 €/kWh
2026-10-08T08:18:25Z,STR-E-PM3P-B,0.23 € + 0.35 €/kWh
2026-10-08T08:18:25Z,STR-E-PRUQ-A,0.23 €/kWh
2026-10-08T08:18:25Z,STR-E-PSU9-A,0.23 €/kWh
2026-10-08T08:18:25Z,STR-E-PZ9U-A,0.23 €/kWh
2026-10-08T08:18:25Z,STR-E-PZES-A,0.23 €/kWh
2026-10-08T08:18:25Z,STR-E-Q5YF-A,0.23 € + 0.35 €/kWh
2026-10-08T08:18:25Z,STR-E-Q5YF-B,0.23 € + 0.35 €/kWh
2026-10-08T08:18:25Z,STR-E-Q7LB-A,0.23 € + 0.35 €/kWh
2026-10-08T08:18:25Z,STR-E-Q7LB-B,0.23 € + 0.35 €/kWh
2026-10-08T08:18:25Z,STR-E-QAXH-A,0.15 € + 0.37 €/kWh
2026-10-08T08:18:25Z,STR-E-QE1X-A,0.08 € + 0.29 €/kWh
2026-10-08T08:18:25Z,STR-E-QE1X-B,0.08 € + 0.29 €/kWh
2026-10-08T08:18:25Z,STR-E-QEDL-A,0.23 €/kWh
2026-10-08T08:18:25Z,STR-E-QIQM-A,0.23 €/kWh
2026-10-08T08:18:25Z,STR-E-QLC9-A,0.34 €/kWh
2026-10-08T08:18:25Z,STR-E-QLC9-B,0.34 €/kWh
2026-10-08T08:18:25Z,STR-E-R0J8-A,0.23 €/kWh
2026-10-08T08:18:25Z,STR-E-R1MT-A,0.23 € + 0.35 €/kWh
2026-10-08T08:18:25Z,STR-E-R1MT-B,0.23 € + 0.35 €/kWh
2026-10-08T08:18:25Z,STR-E-R1PI-A,0.23 € + 0.35 €/kWh
2026-10-08T08:18:25Z,STR-E-R1PI-B,0.23 € + 0.35 €/kWh
2026-10-08T08:18:25Z,STR-E-R2LK-A,0.23 € + 0.35 €/kWh
2026-10-08T08:18:25Z,STR-E-R2LK-B,0.23 € + 0.35 €/kWh
2026-10-08T08:18:25Z,STR-E-R8PQ-A,0 € + 0.35 €/kWh
2026-10-08T08:18:25Z,STR-E-R9GA-A,0.23 €/kWh
2026-10-08T08:18:25Z,STR-E-RJH9-A,0.23 €/kWh
2026-10-08T08:18:25Z,STR-E-RKWJ-A,0.23 €/kWh
2026-10-08T08:18:25Z,STR-E-S42D-A,0.23 €/kWh
2026-10-08T08:18:25Z,STR-E-S6VR-A,0 € + 0.35 €/kWh
2026-10-08T08:18:25Z,STR-E-S7YR-A,0.23 € + 0.35 €/kWh
2026-10-08T08:18:25Z,STR-E-S7YR-B,0.23 € + 0.35 €/kWh
2026-10-08T08:18:25Z,STR-E-SGC2-A,0 € + 0.35 €/kWh
2026-10-08T08:18:25Z,STR-E-SJKA-A,0.23 €/kWh
2026-10-08T08:18:25Z,STR-E-SQX8-A,0.08 € + 0.29 €/kWh
2026-10-08T08:18:25Z,STR-E-SQX8-B,0.08 € + 0.29 €/kWh
2026-10-08T08:18:25Z,STR-E-SVR3-A,0.23 € + 0.35 €/kWh
2026-10-08T08:18:25Z,STR-E-SVR3-B,0.23 € + 0.35 €/kWh
2026-10-08T08:18:25Z,STR-E-SY9Y-A,0.23 €/kWh
2026-10-08T08:18:25Z,STR-E-TO2O-A,0.23 €/kWh
2026-10-08T08:18:25Z,STR-E-TX67-A,0.38 €/kWh
2026-10-08T08:18:25Z,STR-E-TX67-B,0.38 €/kWh
2026-10-08T08:18:25Z,STR-E-U41O-A,0 € + 0.35 €/kWh
2026-10-08T08:18:25Z,STR-E-U5TP-A,0.23 €/kWh
2026-10-08T08:18:25Z,STR-E-UKPS-A,0.15 € + 0.37 €/kWh
2026-10-08T08:18:25Z,STR-E-UPAQ-A,0.34 €/kWh
2026-10-08T08:18:25Z,STR-E-UPAQ-B,0.34 €/kWh
2026-10-08T08:18:25Z,STR-E-UPOS-A,0.08 € + 0.29 €/kWh
2026-10-08T08:18:25Z,STR-E-UPOS-B,0.08 € + 0.29 €/kWh
2026-10-08T08:18:25Z,STR-E-UY5H-A,0.23 €/kWh
2026-10-08T08:18:25Z,STR-E-V17G-A,0.23 €/kWh
2026-10-08T08:18:25Z,STR-E-V31J-A,0.23 €/kWh
2026-10-08T08:18:25Z,STR-E-V50T-A,0.23 €/kWh
2026-10-08T08:18:25Z,STR-E-V9SD-A,0.23 €/kWh
2026-10-08T08:18:25Z,STR-E-V9ZR-A,0.23 €/kWh
2026-10-08T08:18:25Z,STR-E-VBMP-A,0.23 €/kWh
2026-10-08T08:18:25Z,STR-E-VJBJ-A,0 € + 0.35 €/kWh
2026-10-08T08:18:25Z,STR-E-VPDB-A,0.23 €/kWh
2026-10-08T08:18:25Z,STR-E-VQ06-A,0 € + 0.35 €/kWh
2026-10-08T08:18:25Z,STR-E-VSDJ-A,0.38 €/kWh
2026-10-08T08:18:25Z,STR-E-VSDJ-B,0.38 €/kWh
2026-10-08T08:18:25Z,STR-E-VT0G-A,0.23 €/kWh
2026-10-08T08:18:25Z,STR-E-VX2O-A,0 € + 0.35 €/kWh
2026-10-08T08:18:25Z,STR-E-VXGH-A,0.23 €/kWh
2026-10-08T08:18:25Z,STR-E-W1X4-A,0.23 €/kWh
2026-10-08T08:18:25Z,STR-E-WEE3-A,0.23 € + 0.35 €/kWh
2026-10-08T08:18:25Z,STR-E-WEE3-B,0.23 € + 0.35 €/kWh
2026-10-08T08:18:25Z,STR-E-WHZ1-A,0 € + 0.35 €/kWh
2026-10-08T08:18:25Z,STR-E-WLGM-A,0 € + 0.35 €/kWh
2026-10-08T08:18:25Z,STR-E-WTQ5-A,0.35 €/kWh
2026-10-08T08:18:25Z,STR-E-WXV8-A,0.23 €/kWh
2026-10-08T08:18:25Z,STR-E-WYFE-A,0.35 €/kWh
2026-10-08T08:18:25Z,STR-E-WYFE-B,0.35 €/kWh
2026-10-08T08:18:25Z,STR-E-WYYC-A,0.23 € + 0.35 €/kWh
2026-10-08T08:18:25Z,STR-E-WYYC-B,0.23 € + 0.35 €/kWh
2026-10-08T08:18:25Z,STR-E-WZW9-A,0.23 €/kWh
2026-10-08T08:18:25Z,STR-E-X525-A,0.23 €/kWh
2026-10-08T08:18:25Z,STR-E-X54O-A,0 € + 0.35 €/kWh
2026-10-08T08:18:25Z,STR-E-XCMJ-A,0.08 € + 0.29 €/kWh
2026-10-08T08:18:25Z,STR-E-XCMJ-B,0.08 € + 0.29 €/kWh
2026-10-08T08:18:25Z,STR-E-XFON-A,0.23 €/kWh
2026-10-08T08:18:25Z,STR-E-XG69-A,0.08 € + 0.29 €/kWh
2026-10-08T08:18:25Z,STR-E-XG69-B,0.08 € + 0.29 €/kWh
2026-10-08T08:18:25Z,STR-E-XH51-A,0 € + 0.35 €/kWh
2026-10-08T08:18:25Z,STR-E-XKW2-A,0.23 € + 0.35 €/kWh
2026-10-08T08:18:25Z,STR-E-XKW2-B,0.23 € + 0.35 €/kWh
2026-10-08T08:18:25Z,STR-E-XRV8-A,0 € + 0.35 €/kWh
2026-10-08T08:18:25Z,STR-E-Y7JK-A,0 € + 0.35 €/kWh
2026-10-08T08:18:25Z,STR-E-Y82E-A,0 € + 0.35 €/kWh
2026-10-08T08:18:25Z,STR-E-YC50-A,0.23 €/kWh
2026-10-08T08:18:25Z,STR-E-Z2PJ-A,0.08 € + 0.29 €/kWh
2026-10-08T08:18:25Z,STR-E-Z2PJ-B,0.08 € + 0.29 €/kWh
2026-10-08T08:18:25Z,STR-E-ZA6O-A,0.23 €/kWh
2026-10-08T08:18:25Z,STR-E-ZEP7-A,0 € + 0.35 €/kWh
2026-10-08T08:18:25Z,STR-E-ZIAZ-A,0 € + 0.35 €/kWh
2026-10-08T08:18:25Z,STR-E-ZK9W-A,0 € + 0.35 €/kWh
2026-10-08T08:18:25Z,STR-E-ZS00-A,0.23 € + 0.35 €/kWh
2026-10-08T08:18:25Z,STR-E-ZS00-B,0.23 € + 0.35 €/kWh
2026-10-08T08:18:25Z,STR-E-ZWU5-A,0.08 € + 0.29 €/kWh
2026-10-08T08:18:25Z,STR-E-ZWU5-B,0.08 € + 0.29 €/kWh
2026-10-08T08:31:10Z,IKR-E-1220-A,0.3 € + 0.39 €/kWh
2026-10-08T08:31:10Z,IKR-E-1871-A,0.3 € + 0.39 €/kWh
2026-10-08T08:31:10Z,IKR-E-2G8J-A,0.3 € + 0.39 €/kWh
2026-10-08T08:31:10Z,IKR-E-3TSR-A,0.3 € + 0.39 €/kWh
2026-10-08T08:31:10Z,IKR-E-5715-A,0.3 € + 0.39 €/kWh
2026-10-08T08:31:10Z,IKR-E-5730-A,0.3 € + 0.45 €/kWh
2026-10-08T08:31:10Z,IKR-E-5CGU-A,0.3 € + 0.39 €/kWh
2026-10-08T08:31:10Z,IKR-E-7718-A,0.3 € + 0.45 €/kWh
2026-10-08T08:31:10Z,IKR-E-DVCM-A,0.3 € + 0.39 €/kWh
2026-10-08T08:31:10Z,IKR-E-E228-A,0.3 € + 0.39 €/kWh
2026-10-08T08:31:10Z,IKR-E-E475-A,0.3 € + 0.41 €/kWh
2026-10-08T08:31:10Z,IKR-E-E544-A,0.3 € + 0.41 €/kWh
2026-10-08T08:31:10Z,IKR-E-EKZA-A,0.3 € + 0.39 €/kWh
2026-10-08T08:31:10Z,IKR-E-GAY9-A,0.3 € + 0.39 €/kWh
2026-10-08T08:31:10Z,IKR-E-IZW2-A,0.3 € + 0.39 €/kWh
2026-10-08T08:31:10Z,IKR-E-J1JV-A,0.3 € + 0.39 €/kWh
2026-10-08T08:31:10Z,IKR-E-JJAJ-A,0.3 € + 0.39 €/kWh
2026-10-08T08:31:10Z,IKR-E-KMBH-A,0.3 € + 0.39 €/kWh
2026-10-08T08:31:10Z,IKR-E-LJZI-A,0.3 € + 0.39 €/kWh
2026-10-08T08:31:10Z,IKR-E-MAU9-A,0.29 € + 0.31 €/kWh
2026-10-08T08:31:10Z,IKR-E-OWF5-A,0.3 € + 0.42 €/kWh
2026-10-08T08:31:10Z,IKR-E-W6HQ-A,0.29 € + 0.31 €/kWh
2026-10-08T08:31:10Z,IKR-E-XIH2-A,0.3 € + 0.39 €/kWh
2026-10-08T08:31:10Z,IKR-E-Y2Z8-A,0.3 € + 0.35 €/kWh
2026-10-08T08:31:10Z,IKR-P-IV7E-B,0.3 € + 0.39 €/kWh
2026-10-08T08:31:10Z,IKR-P-SCM5-A,0.3 € + 0.42 €/kWh
2026-10-08T08:31:10Z,IKR-P-V9X4-A,0.3 € + 0.42 €/kWh
2026-10-08T08:31:10Z,IKR-P-V9X4-B,0.3 € + 0.42 €/kWh
2026-10-08T08:31:10Z,STR-E-027B-A,0.23 € + 0.34 €/kWh
2026-10-08T08:31:10Z,STR-E-027B-B,0.23 € + 0.34 €/kWh
2026-10-08T08:31:10Z,STR-E-02VO-A,0.36 €/kWh
2026-10-08T08:31:10Z,STR-E-02VO-B,0.36 €/kWh
2026-10-08T08:31:10Z,STR-E-04YS-A,0 € + 0.34 €/kWh
2026-10-08T08:31:10Z,STR-E-051F-A,0.08 € + 0.28 €/kWh
2026-10-08T08:31:10Z,STR-E-0698-A,0.22 €/kWh
2026-10-08T08:31:10Z,STR-E-0GEL-A,0.22 €/kWh
2026-10-08T08:31:10Z,STR-E-10G9-A,0.08 € + 0.28 €/kWh
2026-10-08T08:31:10Z,STR-E-10G9-B,0.08 € + 0.28 €/kWh
2026-10-08T08:31:10Z,STR-E-1162-A,0.22 €/kWh
2026-10-08T08:31:10Z,STR-E-11DT-A,0.22 €/kWh
2026-10-08T08:31:10Z,STR-E-1887-A,0.22 €/kWh
2026-10-08T08:31:10Z,STR-E-1927-A,0.22 €/kWh
2026-10-08T08:31:10Z,STR-E-1ME5-A,0.08 € + 0.28 €/kWh
2026-10-08T08:31:10Z,STR-E-1ME5-B,0.08 € + 0.28 €/kWh
2026-10-08T08:31:10Z,STR-E-1MHB-A,0.54 €/kWh
2026-10-08T08:31:10Z,STR-E-1MJQ-A,0.22 €/kWh
2026-10-08T08:31:10Z,STR-E-1X30-A,0 € + 0.34 €/kWh
2026-10-08T08:31:10Z,STR-E-21O1-A,0.34 €/kWh
2026-10-08T08:31:10Z,STR-E-21O1-B,0.34 €/kWh
2026-10-08T08:31:10Z,STR-E-2446-A,0 € + 0.34 €/kWh
2026-10-08T08:31:10Z,STR-E-2D12-A,0.22 €/kWh
2026-10-08T08:31:10Z,STR-E-2ED4-A,0.22 €/kWh
2026-10-08T08:31:10Z,STR-E-2K1Q-A,0 € + 0.34 €/kWh
2026-10-08T08:31:10Z,STR-E-2XDJ-A,0 € + 0.34 €/kWh
2026-10-08T08:31:10Z,STR-E-320G-A,0.22 €/kWh
2026-10-08T08:31:10Z,STR-E-3468-A,0.34 €/kWh
2026-10-08T08:31:10Z,STR-E-3468-B,0.34 €/kWh
2026-10-08T08:31:10Z,STR-E-3ENA-A,0.34 €/kWh
2026-10-08T08:31:10Z,STR-E-3ENA-B,0.34 €/kWh
2026-10-08T08:31:10Z,STR-E-3ENA-C,0.34 €/kWh
2026-10-08T08:31:10Z,STR-E-3FMF-A,0.23 € + 0.34 €/kWh
2026-10-08T08:31:10Z,STR-E-3FMF-B,0.23 € + 0.34 €/kWh
2026-10-08T08:31:10Z,STR-E-3PZS-A,0.22 €/kWh
2026-10-08T08:31:10Z,STR-E-3SXI-A,0.34 €/kWh
2026-10-08T08:31:10Z,STR-E-3SXI-B,0.34 €/kWh
2026-10-08T08:31:10Z,STR-E-3TZI-A,0.22 €/kWh
2026-10-08T08:31:10Z,STR-E-3WE5-A,0 € + 0.34 €/kWh
2026-10-08T08:31:10Z,STR-E-3YH3-A,0.08 € + 0.28 €/kWh
2026-10-08T08:31:10Z,STR-E-3YH3-B,0.08 € + 0.28 €/kWh
2026-10-08T08:31:10Z,STR-E-4156-A,0.39 €/kWh
2026-10-08T08:31:10Z,STR-E-4156-B,0.39 €/kWh
2026-10-08T08:31:10Z,STR-E-491A-A,0.33 €/kWh
2026-10-08T08:31:10Z,STR-E-491A-B,0.33 €/kWh
2026-10-08T08:31:10Z,STR-E-491A-C,0.33 €/kWh
2026-10-08T08:31:10Z,STR-E-4DE6-A,0.33 €/kWh
2026-10-08T08:31:10Z,STR-E-4DE6-B,0.33 €/kWh
2026-10-08T08:31:10Z,STR-E-4KWM-A,0.42 €/kWh
2026-10-08T08:31:10Z,STR-E-4KWM-B,0.42 €/kWh
2026-10-08T08:31:10Z,STR-E-4LRS-A,0.22 €/kWh
2026-10-08T08:31:10Z,STR-E-4UGU-A,0.22 €/kWh
2026-10-08T08:31:10Z,STR-E-4YKC-A,0 € + 0.34 €/kWh
2026-10-08T08:31:10Z,STR-E-527U-A,0 € + 0.34 €/kWh
2026-10-08T08:31:10Z,STR-E-54PK-A,0.08 € + 0.28 €/kWh
2026-10-08T08:31:10Z,STR-E-54PK-B,0.08 € + 0.28 €/kWh
2026-10-08T08:31:10Z,STR-E-55I4-A,0 € + 0.34 €/kWh
2026-10-08T08:31:10Z,STR-E-566J-A,0 € + 0.34 €/kWh
2026-10-08T08:31:10Z,STR-E-59TF-A,0.08 € + 0.28 €/kWh
2026-10-08T08:31:10Z,STR-E-5DWB-A,0.22 €/kWh
2026-10-08T08:31:10Z,STR-E-5TI5-A,0.22 €/kWh
2026-10-08T08:31:10Z,STR-E-69PN-A,0.22 €/kWh
2026-10-08T08:31:10Z,STR-E-6CNG-A,0.22 €/kWh
2026-10-08T08:31:10Z,STR-E-6E7W-A,0 € + 0.34 €/kWh
2026-10-08T08:31:10Z,STR-E-6SQH-A,0.22 €/kWh
2026-10-08T08:31:10Z,STR-E-6UZQ-A,0.34 €/kWh
2026-10-08T08:31:10Z,STR-E-6UZQ-B,0.34 €/kWh
2026-10-08T08:31:10Z,STR-E-6ZTQ-A,0 € + 0.34 €/kWh
2026-10-08T08:31:10Z,STR-E-7438-A,0 € + 0.34 €/kWh
2026-10-08T08:31:10Z,STR-E-7A48-A,0.08 € + 0.28 €/kWh
2026-10-08T08:31:10Z,STR-E-7YBN-A,0 € + 0.34 €/kWh
2026-10-08T08:31:10Z,STR-E-7Z8G-A,0.42 €/kWh
2026-10-08T08:31:10Z,STR-E-7Z8G-B,0.42 €/kWh
2026-10-08T08:31:10Z,STR-E-86C0-A,0.22 €/kWh
2026-10-08T08:31:10Z,STR-E-88SA-A,0.22 €/kWh
2026-10-08T08:31:10Z,STR-E-8A02-A,0 € + 0.34 €/kWh
2026-10-08T08:31:10Z,STR-E-8M2O-A,0.22 €/kWh
2026-10-08T08:31:10Z,STR-E-8Q9F-A,0 € + 0.34 €/kWh
2026-10-08T08:31:10Z,STR-E-8XL5-A,0.22 €/kWh
2026-10-08T08:31:10Z,STR-E-8Y23-A,0.22 €/kWh
2026-10-08T08:31:10Z,STR-E-92KW-A,0.23 € + 0.34 €/kWh
2026-10-08T08:31:10Z,STR-E-9AH3-A,0 € + 0.34 €/kWh
2026-10-08T08:31:10Z,STR-E-9I2R-A,0.22 €/kWh
2026-10-08T08:31:10Z,STR-E-9TUZ-A,0.22 €/kWh
2026-10-08T08:31:10Z,STR-E-9WY2-A,0.22 €/kWh
2026-10-08T08:31:10Z,STR-E-A169-A,0 € + 0.34 €/kWh
2026-10-08T08:31:10Z,STR-E-A27N-A,0.36 €/kWh
2026-10-08T08:31:10Z,STR-E-A27N-B,0.36 €/kWh
2026-10-08T08:31:10Z,STR-E-A27N-C,0.36 €/kWh
2026-10-08T08:31:10Z,STR-E-A442-A,0.22 €/kWh
2026-10-08T08:31:10Z,STR-E-AABG-A,0.22 €/kWh
2026-10-08T08:31:10Z,STR-E-ACMT-A,0.22 €/kWh
2026-10-08T08:31:10Z,STR-E-ADXE-A,0 € + 0.34 €/kWh
2026-10-08T08:31:10Z,STR-E-AF2O-A,0.08 € + 0.28 €/kWh
2026-10-08T08:31:10Z,STR-E-AMQK-A,0 € + 0.34 €/kWh
2026-10-08T08:31:10Z,STR-E-ANJ0-A,0.23 € + 0.34 €/kWh
2026-10-08T08:31:10Z,STR-E-ANJ0-B,0.23 € + 0.34 €/kWh
2026-10-08T08:31:10Z,STR-E-AP96-A,0.23 € + 0.34 €/kWh
2026-10-08T08:31:10Z,STR-E-AP96-B,0.23 € + 0.34 €/kWh
2026-10-08T08:31:10Z,STR-E-AUQ2-A,0 € + 0.34 €/kWh
2026-10-08T08:31:10Z,STR-E-AWF1-A,0.08 € + 0.28 €/kWh
2026-10-08T08:31:10Z,STR-E-AWF1-B,0.08 € + 0.28 €/kWh
2026-10-08T08:31:10Z,STR-E-AWJ9-A,0.36 €/kWh
2026-10-08T08:31:10Z,STR-E-AWJ9-B,0.36 €/kWh
2026-10-08T08:31:10Z,STR-E-B36V-A,0.19 € + 0.39 €/kWh
2026-10-08T08:31:10Z,STR-E-B36V-B,0.19 € + 0.39 €/kWh
2026-10-08T08:31:10Z,STR-E-BIKW-A,0.23 € + 0.34 €/kWh
2026-10-08T08:31:10Z,STR-E-BIKW-B,0.23 € + 0.34 €/kWh
2026-10-08T08:31:10Z,STR-E-BXA5-A,0.22 €/kWh
2026-10-08T08:31:10Z,STR-E-C91L-A,0.22 €/kWh
2026-10-08T08:31:10Z,STR-E-C99Z-A,0 € + 0.34 €/kWh
2026-10-08T08:31:10Z,STR-E-D3MB-A,0.23 € + 0.34 €/kWh
2026-10-08T08:31:10Z,STR-E-D3MB-B,0.23 € + 0.34 €/kWh
2026-10-08T08:31:10Z,STR-E-DBCC-A,0.08 € + 0.28 €/kWh
2026-10-08T08:31:10Z,STR-E-DBCC-B,0.08 € + 0.28 €/kWh
2026-10-08T08:31:10Z,STR-E-DHEJ-A,0 € + 0.34 €/kWh
2026-10-08T08:31:10Z,STR-E-E0DZ-A,0.34 €/kWh
2026-10-08T08:31:10Z,STR-E-E0DZ-B,0.34 €/kWh
2026-10-08T08:31:10Z,STR-E-E7HH-A,0.22 €/kWh
2026-10-08T08:31:10Z,STR-E-ECI7-A,0 € + 0.34 €/kWh
2026-10-08T08:31:10Z,STR-E-EFXK-A,0 € + 0.34 €/kWh
2026-10-08T08:31:10Z,STR-E-ELFQ-A,0.23 € + 0.34 €/kWh
2026-10-08T08:31:10Z,STR-E-ELFQ-B,0.23 € + 0.34 €/kWh
2026-10-08T08:31:10Z,STR-E-EPQY-A,0 € + 0.34 €/kWh
2026-10-08T08:31:10Z,STR-E-ER2N-A,0 € + 0.34 €/kWh
2026-10-08T08:31:10Z,STR-E-ES3O-A,0 € + 0.34 €/kWh
2026-10-08T08:31:10Z,STR-E-EU1U-A,0.22 €/kWh
2026-10-08T08:31:10Z,STR-E-F2G0-A,0.08 € + 0.28 €/kWh
2026-10-08T08:31:10Z,STR-E-F2G0-B,0.08 € + 0.28 €/kWh
2026-10-08T08:31:10Z,STR-E-F4B3-A,0.22 €/kWh
2026-10-08T08:31:10Z,STR-E-F5LZ-A,0.22 €/kWh
2026-10-08T08:31:10Z,STR-E-F79A-A,0.23 € + 0.34 €/kWh
2026-10-08T08:31:10Z,STR-E-F79A-B,0.23 € + 0.34 €/kWh
2026-10-08T08:31:10Z,STR-E-FGMF-A,0.22 €/kWh
2026-10-08T08:31:10Z,STR-E-FK06-A,0.22 €/kWh
2026-10-08T08:31:10Z,STR-E-FKUY-A,0 € + 0.34 €/kWh
2026-10-08T08:31:10Z,STR-E-FUE8-A,0.08 € + 0.28 €/kWh
2026-10-08T08:31:10Z,STR-E-FUE8-B,0.08 € + 0.28 €/kWh
2026-10-08T08:31:10Z,STR-E-G4VM-A,0.22 €/kWh
2026-10-08T08:31:10Z,STR-E-G518-A,0.22 €/kWh
2026-10-08T08:31:10Z,STR-E-GB9A-A,0.22 €/kWh
2026-10-08T08:31:10Z,STR-E-GE77-A,0.42 €/kWh
2026-10-08T08:31:10Z,STR-E-GE77-B,0.42 €/kWh
2026-10-08T08:31:10Z,STR-E-GFB3-A,0 € + 0.34 €/kWh
2026-10-08T08:31:10Z,STR-E-GGV8-A,0.22 €/kWh
2026-10-08T08:31:10Z,STR-E-GHJA-A,0.22 €/kWh
2026-10-08T08:31:10Z,STR-E-GK0C-A,0 € + 0.34 €/kWh
2026-10-08T08:31:10Z,STR-E-GR5K-A,0.22 €/kWh
2026-10-08T08:31:10Z,STR-E-H6Q5-A,0.22 €/kWh
2026-10-08T08:31:10Z,STR-E-HHXV-A,0 € + 0.34 €/kWh
2026-10-08T08:31:10Z,STR-E-I1KE-A,0 € + 0.34 €/kWh
2026-10-08T08:31:10Z,STR-E-I4UZ-A,0.22 €/kWh
2026-10-08T08:31:10Z,STR-E-I5FH-A,0.22 €/kWh
2026-10-08T08:31:10Z,STR-E-I8C6-A,0.22 €/kWh
2026-10-08T08:31:10Z,STR-E-IA3X-A,0.22 €/kWh
2026-10-08T08:31:10Z,STR-E-IAO5-A,0 € + 0.34 €/kWh
2026-10-08T08:31:10Z,STR-E-IGH5-A,0.23 € + 0.34 €/kWh
2026-10-08T08:31:10Z,STR-E-IGH5-B,0.23 € + 0.34 €/kWh
2026-10-08T08:31:10Z,STR-E-IIKL-A,0.08 € + 0.28 €/kWh
2026-10-08T08:31:10Z,STR-E-IIKL-B,0.08 € + 0.28 €/kWh
2026-10-08T08:31:10Z,STR-E-IPEC-A,0 € + 0.34 €/kWh
2026-10-08T08:31:10Z,STR-E-IV6T-A,0 € + 0.34 €/kWh
2026-10-08T08:31:10Z,STR-E-J54N-A,0 € + 0.34 €/kWh
2026-10-08T08:31:10Z,STR-E-J6DA-A,0 € + 0.34 €/kWh
2026-10-08T08:31:10Z,STR-E-J8VF-A,0 € + 0.34 €/kWh
2026-10-08T08:31:10Z,STR-E-JG90-A,0.24 €/kWh + 0.3 €
2026-10-08T08:31:10Z,STR-E-JG90-B,0.24 €/kWh + 0.3 €
2026-10-08T08:31:10Z,STR-E-JMOR-A,0 € + 0.34 €/kWh
2026-10-08T08:31:10Z,STR-E-JVO0-A,0.22 €/kWh
2026-10-08T08:31:10Z,STR-E-K217-A,0 € + 0.34 €/kWh
2026-10-08T08:31:10Z,STR-E-K73C-A,0.23 € + 0.34 €/kWh
2026-10-08T08:31:10Z,STR-E-K73C-B,0.23 € + 0.34 €/kWh
2026-10-08T08:31:10Z,STR-E-KBZL-A,0.22 €/kWh
2026-10-08T08:31:10Z,STR-E-KOHN-A,0 € + 0.34 €/kWh
2026-10-08T08:31:10Z,STR-E-KT5B-A,0 € + 0.34 €/kWh
2026-10-08T08:31:10Z,STR-E-KUKS-A,0.08 € + 0.28 €/kWh
2026-10-08T08:31:10Z,STR-E-KUKS-B,0.08 € + 0.28 €/kWh
2026-10-08T08:31:10Z,STR-E-L84D-A,0.22 €/kWh
2026-10-08T08:31:10Z,STR-E-LISV-A,0.22 €/kWh
2026-10-08T08:31:10Z,STR-E-LKFQ-A,0.22 €/kWh
2026-10-08T08:31:10Z,STR-E-LREY-A,0.54 €/kWh
2026-10-08T08:31:10Z,STR-E-M1IB-A,0.22 €/kWh
2026-10-08T08:31:10Z,STR-E-M8WL-A,0.22 €/kWh
2026-10-08T08:31:10Z,STR-E-M9W7-A,0.22 €/kWh
2026-10-08T08:31:10Z,STR-E-MIP3-A,0.33 €/kWh
2026-10-08T08:31:10Z,STR-E-MIP3-B,0.33 €/kWh
2026-10-08T08:31:10Z,STR-E-MSEN-A,0.22 €/kWh
2026-10-08T08:31:10Z,STR-E-MSUL-A,0.22 €/kWh
2026-10-08T08:31:10Z,STR-E-N6P5-A,0.22 €/kWh
2026-10-08T08:31:10Z,STR-E-NCKT-A,0.08 € + 0.28 €/kWh
2026-10-08T08:31:10Z,STR-E-NCKT-B,0.08 € + 0.28 €/kWh
2026-10-08T08:31:10Z,STR-E-NDU2-A,0 € + 0.34 €/kWh
2026-10-08T08:31:10Z,STR-E-NDZ4-A,0 € + 0.34 €/kWh
2026-10-08T08:31:10Z,STR-E-NFV5-A,0 € + 0.34 €/kWh
2026-10-08T08:31:10Z,STR-E-NNGC-A,0.22 €/kWh
2026-10-08T08:31:10Z,STR-E-NSGB-A,0 € + 0.34 €/kWh
2026-10-08T08:31:10Z,STR-E-NY0Q-A,0.15 € + 0.36 €/kWh
2026-10-08T08:31:10Z,STR-E-O0VK-A,0.22 €/kWh
2026-10-08T08:31:10Z,STR-E-O5JX-A,0 € + 0.34 €/kWh
2026-10-08T08:31:10Z,STR-E-O5YW-A,0.08 € + 0.28 €/kWh
2026-10-08T08:31:10Z,STR-E-O5YW-B,0.08 € + 0.28 €/kWh
2026-10-08T08:31:10Z,STR-E-ODBK-A,0.42 €/kWh
2026-10-08T08:31:10Z,STR-E-ODBK-B,0.42 €/kWh
2026-10-08T08:31:10Z,STR-E-OFWF-A,0 € + 0.34 €/kWh
2026-10-08T08:31:10Z,STR-E-OG1X-A,0.22 €/kWh
2026-10-08T08:31:10Z,STR-E-OHH6-A,0 € + 0.34 €/kWh
2026-10-08T08:31:10Z,STR-E-OJ3E-A,0.23 € + 0.34 €/kWh
2026-10-08T08:31:10Z,STR-E-OJ3E-B,0.23 € + 0.34 €/kWh
2026-10-08T08:31:10Z,STR-E-OQKZ-A,0.22 €/kWh
2026-10-08T08:31:10Z,STR-E-P46N-A,0 € + 0.34 €/kWh
2026-10-08T08:31:10Z,STR-E-P7AF-A,0.08 € + 0.28 €/kWh
2026-10-08T08:31:10Z,STR-E-P7AF-B,0.08 € + 0.28 €/kWh
2026-10-08T08:31:10Z,STR-E-PC04-A,0.22 €/kWh
2026-10-08T08:31:10Z,STR-E-PDR2-A,0.22 €/kWh
2026-10-08T08:31:10Z,STR-E-PJCQ-A,0.08 € + 0.28 €/kWh
2026-10-08T08:31:10Z,STR-E-PJCQ-B,0.08 € + 0.28 €/kWh
2026-10-08T08:31:10Z,STR-E-PM3P-A,0.23 € + 0.34 €/kWh
2026-10-08T08:31:10Z,STR-E-PM3P-B,0.23 € + 0.34 €/kWh
2026-10-08T08:31:10Z,STR-E-PRUQ-A,0.22 €/kWh
2026-10-08T08:31:10Z,STR-E-PSU9-A,0.22 €/kWh
2026-10-08T08:31:10Z,STR-E-PZ9U-A,0.22 €/kWh
2026-10-08T08:31:10Z,STR-E-PZES-A,0.22 €/kWh
2026-10-08T08:31:10Z,STR-E-Q5YF-A,0.23 € + 0.34 €/kWh
2026-10-08T08:31:10Z,STR-E-Q5YF-B,0.23 € + 0.34 €/kWh
2026-10-08T08:31:10Z,STR-E-Q7LB-A,0.23 € + 0.34 €/kWh
2026-10-08T08:31:10Z,STR-E-Q7LB-B,0.23 € + 0.34 €/kWh
2026-10-08T08:31:10Z,STR-E-QAXH-A,0.15 € + 0.36 €/kWh
2026-10-08T08:31:10Z,STR-E-QE1X-A,0.08 € + 0.28 €/kWh
2026-10-08T08:31:10Z,STR-E-QE1X-B,0.08 € + 0.28 €/kWh
2026-10-08T08:31:10Z,STR-E-QEDL-A,0.22 €/kWh
2026-10-08T08:31:10Z,STR-E-QIQM-A,0.22 €/kWh
2026-10-08T08:31:10Z,STR-E-QLC9-A,0.33 €/kWh
2026-10-08T08:31:10Z,STR-E-QLC9-B,0.33 €/kWh
2026-10-08T08:31:10Z,STR-E-R0J8-A,0.22 €/kWh
2026-10-08T08:31:10Z,STR-E-R1MT-A,0.23 € + 0.34 €/kWh
2026-10-08T08:31:10Z,STR-E-R1MT-B,0.23 € + 0.34 €/kWh
2026-10-08T08:31:10Z,STR-E-R1PI-A,0.23 € + 0.34 €/kWh
2026-10-08T08:31:10Z,STR-E-R1PI-B,0.23 € + 0.34 €/kWh
2026-10-08T08:31:10Z,STR-E-R2LK-A,0.23 € + 0.34 €/kWh
2026-10-08T08:31:10Z,STR-E-R2LK-B,0.23 € + 0.34 €/kWh
2026-10-08T08:31:10Z,STR-E-R8PQ-A,0 € + 0.34 €/kWh
2026-10-08T08:31:10Z,STR-E-R9GA-A,0.22 €/kWh
2026-10-08T08:31:10Z,STR-E-RJH9-A,0.22 €/kWh
2026-10-08T08:31:10Z,STR-E-RKWJ-A,0.22 €/kWh
2026-10-08T08:31:10Z,STR-E-S42D-A,0.22 €/kWh
2026-10-08T08:31:10Z,STR-E-S6VR-A,0 € + 0.34 €/kWh
2026-10-08T08:31:10Z,STR-E-S7YR-A,0.23 € + 0.34 €/kWh
2026-10-08T08:31:10Z,STR-E-S7YR-B,0.23 € + 0.34 €/kWh
2026-10-08T08:31:10Z,STR-E-SGC2-A,0 € + 0.34 €/kWh
2026-10-08T08:31:10Z,STR-E-SJKA-A,0.22 €/kWh
2026-10-08T08:31:10Z,STR-E-SQX8-A,0.08 € + 0.28 €/kWh
2026-10-08T08:31:10Z,STR-E-SQX8-B,0.08 € + 0.28 €/kWh
2026-10-08T08:31:10Z,STR-E-SVR3-A,0.23 € + 0.34 €/kWh
2026-10-08T08:31:10Z,STR-E-SVR3-B,0.23 € + 0.34 €/kWh
2026-10-08T08:31:10Z,STR-E-SY9Y-A,0.22 €/kWh
2026-10-08T08:31:10Z,STR-E-TO2O-A,0.22 €/kWh
2026-10-08T08:31:10Z,STR-E-TX67-A,0.36 €/kWh
2026-10-08T08:31:10Z,STR-E-TX67-B,0.36 €/kWh
2026-10-08T08:31:10Z,STR-E-U41O-A,0 € + 0.34 €/kWh
2026-10-08T08:31:10Z,STR-E-U5TP-A,0.22 €/kWh
2026-10-08T08:31:10Z,STR-E-UKPS-A,0.15 € + 0.36 €/kWh
2026-10-08T08:31:10Z,STR-E-UPAQ-A,0.33 €/kWh
2026-10-08T08:31:10Z,STR-E-UPAQ-B,0.33 €/kWh
2026-10-08T08:31:10Z,STR-E-UPOS-A,0.08 € + 0.28 €/kWh
2026-10-08T08:31:10Z,STR-E-UPOS-B,0.08 € + 0.28 €/kWh
2026-10-08T08:31:10Z,STR-E-UY5H-A,0.22 €/kWh
2026-10-08T08:31:10Z,STR-E-V17G-A,0.22 €/kWh
2026-10-08T08:31:10Z,STR-E-V31J-A,0.22 €/kWh
2026-10-08T08:31:10Z,STR-E-V50T-A,0.22 €/kWh
2026-10-08T08:31:10Z,STR-E-V9SD-A,0.22 €/kWh
2026-10-08T08:31:10Z,STR-E-V9ZR-A,0.22 €/kWh
2026-10-08T08:31:10Z,STR-E-VBMP-A,0.22 €/kWh
2026-10-08T08:31:10Z,STR-E-VJBJ-A,0 € + 0.34 €/kWh
2026-10-08T08:31:10Z,STR-E-VPDB-A,0.22 €/kWh
2026-10-08T08:31:10Z,STR-E-VQ06-A,0 € + 0.34 €/kWh
2026-10-08T08:31:10Z,STR-E-VSDJ-A,0.36 €/kWh
2026-10-08T08:31:10Z,STR-E-VSDJ-B,0.36 €/kWh
2026-10-08T08:31:10Z,STR-E-VT0G-A,0.22 €/kWh
2026-10-08T08:31:10Z,STR-E-VX2O-A,0 € + 0.34 €/kWh
2026-10-08T08:31:10Z,STR-E-VXGH-A,0.22 €/kWh
2026-10-08T08:31:10Z,STR-E-W1X4-A,0.22 €/kWh
2026-10-08T08:31:10Z,STR-E-WEE3-A,0.23 € + 0.34 €/kWh
2026-10-08T08:31:10Z,STR-E-WEE3-B,0.23 € + 0.34 €/kWh
2026-10-08T08:31:10Z,STR-E-WHZ1-A,0 € + 0.34 €/kWh
2026-10-08T08:31:10Z,STR-E-WLGM-A,0 € + 0.34 €/kWh
2026-10-08T08:31:10Z,STR-E-WTQ5-A,0.34 €/kWh
2026-10-08T08:31:10Z,STR-E-WXV8-A,0.22 €/kWh
2026-10-08T08:31:10Z,STR-E-WYFE-A,0.34 €/kWh
2026-10-08T08:31:10Z,STR-E-WYFE-B,0.34 €/kWh
2026-10-08T08:31:10Z,STR-E-WYYC-A,0.23 € + 0.34 €/kWh
2026-10-08T08:31:10Z,STR-E-WYYC-B,0.23 € + 0.34 €/kWh
2026-10-08T08:31:10Z,STR-E-WZW9-A,0.22 €/kWh
2026-10-08T08:31:10Z,STR-E-X525-A,0.22 €/kWh
2026-10-08T08:31:10Z,STR-E-X54O-A,0 € + 0.34 €/kWh
2026-10-08T08:31:10Z,STR-E-XCMJ-A,0.08 € + 0.28 €/kWh
2026-10-08T08:31:10Z,STR-E-XCMJ-B,0.08 € + 0.28 €/kWh
2026-10-08T08:31:10Z,STR-E-XFON-A,0.22 €/kWh
2026-10-08T08:31:10Z,STR-E-XG69-A,0.08 € + 0.28 €/kWh
2026-10-08T08:31:10Z,STR-E-XG69-B,0.08 € + 0.28 €/kWh
2026-10-08T08:31:10Z,STR-E-XH51-A,0 € + 0.34 €/kWh
2026-10-08T08:31:10Z,STR-E-XKW2-A,0.23 € + 0.34 €/kWh
2026-10-08T08:31:10Z,STR-E-XKW2-B,0.23 € + 0.34 €/kWh
2026-10-08T08:31:10Z,STR-E-XRV8-A,0 € + 0.34 €/kWh
2026-10-08T08:31:10Z,STR-E-Y7JK-A,0 € + 0.34 €/kWh
2026-10-08T08:31:10Z,STR-E-Y82E-A,0 € + 0.34 €/kWh
2026-10-08T08:31:10Z,STR-E-YC50-A,0.22 €/kWh
2026-10-08T08:31:10Z,STR-E-Z2PJ-A,0.08 € + 0.28 €/kWh
2026-10-08T08:31:10Z,STR-E-Z2PJ-B,0.08 € + 0.28 €/kWh
2026-10-08T08:31:10Z,STR-E-ZA6O-A,0.22 €/kWh
2026-10-08T08:31:10Z,STR-E-ZEP7-A,0 € + 0.34 €/kWh
2026-10-08T08:31:10Z,STR-E-ZIAZ-A,0 € + 0.34 €/kWh
2026-10-08T08:31:10Z,STR-E-ZK9W-A,0 € + 0.34 €/kWh
2026-10-08T08:31:10Z,STR-E-ZS00-A,0.23 € + 0.34 €/kWh
2026-10-08T08:31:10Z,STR-E-ZS00-B,0.23 € + 0.34 €/kWh
2026-10-08T08:31:10Z,STR-E-ZWU5-A,0.08 € + 0.28 €/kWh
2026-10-08T08:31:10Z,STR-E-ZWU5-B,0.08 € + 0.28 €/kWh
2026-10-08T08:46:27Z,IKR-E-1220-A,0.3 € + 0.36 €/kWh
2026-10-08T08:46:27Z,IKR-E-1871-A,0.3 € + 0.36 €/kWh
2026-10-08T08:46:27Z,IKR-E-2G8J-A,0.3 € + 0.36 €/kWh
2026-10-08T08:46:27Z,IKR-E-3TSR-A,0.3 € + 0.36 €/kWh
2026-10-08T08:46:27Z,IKR-E-5715-A,0.3 € + 0.36 €/kWh
2026-10-08T08:46:27Z,IKR-E-5730-A,0.3 € + 0.42 €/kWh
2026-10-08T08:46:27Z,IKR-E-5CGU-A,0.3 € + 0.36 €/kWh
2026-10-08T08:46:27Z,IKR-E-7718-A,0.3 € + 0.42 €/kWh
2026-10-08T08:46:27Z,IKR-E-DVCM-A,0.3 € + 0.36 €/kWh
2026-10-08T08:46:27Z,IKR-E-E228-A,0.3 € + 0.36 €/kWh
2026-10-08T08:46:27Z,IKR-E-E475-A,0.3 € + 0.38 €/kWh
2026-10-08T08:46:27Z,IKR-E-E544-A,0.3 € + 0.38 €/kWh
2026-10-08T08:46:27Z,IKR-E-EKZA-A,0.3 € + 0.36 €/kWh
2026-10-08T08:46:27Z,IKR-E-GAY9-A,0.3 € + 0.36 €/kWh
2026-10-08T08:46:27Z,IKR-E-IZW2-A,0.3 € + 0.36 €/kWh
2026-10-08T08:46:27Z,IKR-E-J1JV-A,0.3 € + 0.36 €/kWh
2026-10-08T08:46:27Z,IKR-E-JJAJ-A,0.3 € + 0.36 €/kWh
2026-10-08T08:46:27Z,IKR-E-KMBH-A,0.3 € + 0.36 €/kWh
2026-10-08T08:46:27Z,IKR-E-LJZI-A,0.3 € + 0.36 €/kWh
2026-10-08T08:46:27Z,IKR-E-MAU9-A,0.29 € + 0.27 €/kWh
2026-10-08T08:46:27Z,IKR-E-OWF5-A,0.3 € + 0.4 €/kWh
2026-10-08T08:46:27Z,IKR-E-W6HQ-A,0.29 € + 0.27 €/kWh
2026-10-08T08:46:27Z,IKR-E-XIH2-A,0.3 € + 0.36 €/kWh
2026-10-08T08:46:27Z,IKR-E-Y2Z8-A,0.3 € + 0.31 €/kWh
2026-10-08T08:46:27Z,IKR-P-IV7E-B,0.3 € + 0.36 €/kWh
2026-10-08T08:46:27Z,IKR-P-SCM5-A,0.3 € + 0.4 €/kWh
2026-10-08T08:46:27Z,IKR-P-V9X4-A,0.3 € + 0.4 €/kWh
2026-10-08T08:46:27Z,IKR-P-V9X4-B,0.3 € + 0.4 €/kWh
2026-10-08T08:46:27Z,STR-E-027B-A,0.23 € + 0.33 €/kWh
2026-10-08T08:46:27Z,STR-E-027B-B,0.23 € + 0.33 €/kWh
2026-10-08T08:46:27Z,STR-E-02VO-A,0.35 €/kWh
2026-10-08T08:46:27Z,STR-E-02VO-B,0.35 €/kWh
2026-10-08T08:46:27Z,STR-E-04YS-A,0 € + 0.33 €/kWh
2026-10-08T08:46:27Z,STR-E-051F-A,0.08 € + 0.27 €/kWh
2026-10-08T08:46:27Z,STR-E-0698-A,0.21 €/kWh
2026-10-08T08:46:27Z,STR-E-0GEL-A,0.21 €/kWh
2026-10-08T08:46:27Z,STR-E-10G9-A,0.08 € + 0.27 €/kWh
2026-10-08T08:46:27Z,STR-E-10G9-B,0.08 € + 0.27 €/kWh
2026-10-08T08:46:27Z,STR-E-1162-A,0.21 €/kWh
2026-10-08T08:46:27Z,STR-E-11DT-A,0.21 €/kWh
2026-10-08T08:46:27Z,STR-E-1887-A,0.21 €/kWh
2026-10-08T08:46:27Z,STR-E-1927-A,0.21 €/kWh
2026-10-08T08:46:27Z,STR-E-1ME5-A,0.08 € + 0.27 €/kWh
2026-10-08T08:46:27Z,STR-E-1ME5-B,0.08 € + 0.27 €/kWh
2026-10-08T08:46:27Z,STR-E-1MHB-A,0.52 €/kWh
2026-10-08T08:46:27Z,STR-E-1MJQ-A,0.21 €/kWh
2026-10-08T08:46:27Z,STR-E-1X30-A,0 € + 0.33 €/kWh
2026-10-08T08:46:27Z,STR-E-21O1-A,0.33 €/kWh
2026-10-08T08:46:27Z,STR-E-21O1-B,0.33 €/kWh
2026-10-08T08:46:27Z,STR-E-2446-A,0 € + 0.33 €/kWh
2026-10-08T08:46:27Z,STR-E-2D12-A,0.21 €/kWh
2026-10-08T08:46:27Z,STR-E-2ED4-A,0.21 €/kWh
2026-10-08T08:46:27Z,STR-E-2K1Q-A,0 € + 0.33 €/kWh
2026-10-08T08:46:27Z,STR-E-2XDJ-A,0 € + 0.33 €/kWh
2026-10-08T08:46:27Z,STR-E-320G-A,0.21 €/kWh
2026-10-08T08:46:27Z,STR-E-3468-A,0.33 €/kWh
2026-10-08T08:46:27Z,STR-E-3468-B,0.33 €/kWh
2026-10-08T08:46:27Z,STR-E-3ENA-A,0.33 €/kWh
2026-10-08T08:46:27Z,STR-E-3ENA-B,0.33 €/kWh
2026-10-08T08:46:27Z,STR-E-3ENA-C,0.33 €/kWh
2026-10-08T08:46:27Z,STR-E-3FMF-A,0.23 € + 0.33 €/kWh
2026-10-08T08:46:27Z,STR-E-3FMF-B,0.23 € + 0.33 €/kWh
2026-10-08T08:46:27Z,STR-E-3PZS-A,0.21 €/kWh
2026-10-08T08:46:27Z,STR-E-3SXI-A,0.33 €/kWh
2026-10-08T08:46:27Z,STR-E-3SXI-B,0.33 €/kWh
2026-10-08T08:46:27Z,STR-E-3TZI-A,0.21 €/kWh
2026-10-08T08:46:27Z,STR-E-3WE5-A,0 € + 0.33 €/kWh
2026-10-08T08:46:27Z,STR-E-3YH3-A,0.08 € + 0.27 €/kWh
2026-10-08T08:46:27Z,STR-E-3YH3-B,0.08 € + 0.27 €/kWh
2026-10-08T08:46:27Z,STR-E-4156-A,0.38 €/kWh
2026-10-08T08:46:27Z,STR-E-4156-B,0.38 €/kWh
2026-10-08T08:46:27Z,STR-E-491A-A,0.32 €/kWh
2026-10-08T08:46:27Z,STR-E-491A-B,0.32 €/kWh
2026-10-08T08:46:27Z,STR-E-491A-C,0.32 €/kWh
2026-10-08T08:46:27Z,STR-E-4DE6-A,0.32 €/kWh
2026-10-08T08:46:27Z,STR-E-4DE6-B,0.32 €/kWh
2026-10-08T08:46:27Z,STR-E-4KWM-A,0.41 €/kWh
2026-10-08T08:46:27Z,STR-E-4KWM-B,0.41 €/kWh
2026-10-08T08:46:27Z,STR-E-4LRS-A,0.21 €/kWh
2026-10-08T08:46:27Z,STR-E-4UGU-A,0.21 €/kWh
2026-10-08T08:46:27Z,STR-E-4YKC-A,0 € + 0.33 €/kWh
2026-10-08T08:46:27Z,STR-E-527U-A,0 € + 0.33 €/kWh
2026-10-08T08:46:27Z,STR-E-54PK-A,0.08 € + 0.27 €/kWh
2026-10-08T08:46:27Z,STR-E-54PK-B,0.08 € + 0.27 €/kWh
2026-10-08T08:46:27Z,STR-E-55I4-A,0 € + 0.33 €/kWh
2026-10-08T08:46:27Z,STR-E-566J-A,0 € + 0.33 €/kWh
2026-10-08T08:46:27Z,STR-E-59TF-A,0.08 € + 0.27 €/kWh
2026-10-08T08:46:27Z,STR-E-5DWB-A,0.21 €/kWh
2026-10-08T08:46:27Z,STR-E-5TI5-A,0.21 €/kWh
2026-10-08T08:46:27Z,STR-E-69PN-A,0.21 €/kWh
2026-10-08T08:46:27Z,STR-E-6CNG-A,0.21 €/kWh
2026-10-08T08:46:27Z,STR-E-6E7W-A,0 € + 0.33 €/kWh
2026-10-08T08:46:27Z,STR-E-6SQH-A,0.21 €/kWh
2026-10-08T08:46:27Z,STR-E-6UZQ-A,0.33 €/kWh
2026-10-08T08:46:27Z,STR-E-6UZQ-B,0.33 €/kWh
2026-10-08T08:46:27Z,STR-E-6ZTQ-A,0 € + 0.33 €/kWh
2026-10-08T08:46:27Z,STR-E-7438-A,0 € + 0.33 €/kWh
2026-10-08T08:46:27Z,STR-E-7A48-A,0.08 € + 0.27 €/kWh
2026-10-08T08:46:27Z,STR-E-7YBN-A,0 € + 0.33 €/kWh
2026-10-08T08:46:27Z,STR-E-7Z8G-A,0.41 €/kWh
2026-10-08T08:46:27Z,STR-E-7Z8G-B,0.41 €/kWh
2026-10-08T08:46:27Z,STR-E-86C0-A,0.21 €/kWh
2026-10-08T08:46:27Z,STR-E-88SA-A,0.21 €/kWh
2026-10-08T08:46:27Z,STR-E-8A02-A,0 € + 0.33 €/kWh
2026-10-08T08:46:27Z,STR-E-8M2O-A,0.21 €/kWh
2026-10-08T08:46:27Z,STR-E-8Q9F-A,0 € + 0.33 €/kWh
2026-10-08T08:46:27Z,STR-E-8XL5-A,0.21 €/kWh
2026-10-08T08:46:27Z,STR-E-8Y23-A,0.21 €/kWh
2026-10-08T08:46:27Z,STR-E-92KW-A,0.23 € + 0.33 €/kWh
2026-10-08T08:46:27Z,STR-E-9AH3-A,0 € + 0.33 €/kWh
2026-10-08T08:46:27Z,STR-E-9I2R-A,0.21 €/kWh
2026-10-08T08:46:27Z,STR-E-9TUZ-A,0.21 €/kWh
2026-10-08T08:46:27Z,STR-E-9WY2-A,0.21 €/kWh
2026-10-08T08:46:27Z,STR-E-A169-A,0 € + 0.33 €/kWh
2026-10-08T08:46:27Z,STR-E-A27N-A,0.35 €/kWh
2026-10-08T08:46:27Z,STR-E-A27N-B,0.35 €/kWh
2026-10-08T08:46:27Z,STR-E-A27N-C,0.35 €/kWh
2026-10-08T08:46:27Z,STR-E-A442-A,0.21 €/kWh
2026-10-08T08:46:27Z,STR-E-AABG-A,0.21 €/kWh
2026-10-08T08:46:27Z,STR-E-ACMT-A,0.21 €/kWh
2026-10-08T08:46:27Z,STR-E-ADXE-A,0 € + 0.33 €/kWh
2026-10-08T08:46:27Z,STR-E-AF2O-A,0.08 € + 0.27 €/kWh
2026-10-08T08:46:27Z,STR-E-AMQK-A,0 € + 0.33 €/kWh
2026-10-08T08:46:27Z,STR-E-ANJ0-A,0.23 € + 0.33 €/kWh
2026-10-08T08:46:27Z,STR-E-ANJ0-B,0.23 € + 0.33 €/kWh
2026-10-08T08:46:27Z,STR-E-AP96-A,0.23 € + 0.33 €/kWh
2026-10-08T08:46:27Z,STR-E-AP96-B,0.23 € + 0.33 €/kWh
2026-10-08T08:46:27Z,STR-E-AUQ2-A,0 € + 0.33 €/kWh
2026-10-08T08:46:27Z,STR-E-AWF1-A,0.08 € + 0.27 €/kWh
2026-10-08T08:46:27Z,STR-E-AWF1-B,0.08 € + 0.27 €/kWh
2026-10-08T08:46:27Z,STR-E-AWJ9-A,0.35 €/kWh
2026-10-08T08:46:27Z,STR-E-AWJ9-B,0.35 €/kWh
2026-10-08T08:46:27Z,STR-E-BIKW-A,0.23 € + 0.33 €/kWh
2026-10-08T08:46:27Z,STR-E-BIKW-B,0.23 € + 0.33 €/kWh
2026-10-08T08:46:27Z,STR-E-BXA5-A,0.21 €/kWh
2026-10-08T08:46:27Z,STR-E-C91L-A,0.21 €/kWh
2026-10-08T08:46:27Z,STR-E-C99Z-A,0 € + 0.33 €/kWh
2026-10-08T08:46:27Z,STR-E-D3MB-A,0.23 € + 0.33 €/kWh
2026-10-08T08:46:27Z,STR-E-D3MB-B,0.23 € + 0.33 €/kWh
2026-10-08T08:46:27Z,STR-E-DBCC-A,0.08 € + 0.27 €/kWh
2026-10-08T08:46:27Z,STR-E-DBCC-B,0.08 € + 0.27 €/kWh
2026-10-08T08:46:27Z,STR-E-DHEJ-A,0 € + 0.33 €/kWh
2026-10-08T08:46:27Z,STR-E-E0DZ-A,0.33 €/kWh
2026-10-08T08:46:27Z,STR-E-E0DZ-B,0.33 €/kWh
2026-10-08T08:46:27Z,STR-E-E7HH-A,0.21 €/kWh
2026-10-08T08:46:27Z,STR-E-ECI7-A,0 € + 0.33 €/kWh
2026-10-08T08:46:27Z,STR-E-EFXK-A,0 € + 0.33 €/kWh
2026-10-08T08:46:27Z,STR-E-ELFQ-A,0.23 € + 0.33 €/kWh
2026-10-08T08:46:27Z,STR-E-ELFQ-B,0.23 € + 0.33 €/kWh
2026-10-08T08:46:27Z,STR-E-EPQY-A,0 € + 0.33 €/kWh
2026-10-08T08:46:27Z,STR-E-ER2N-A,0 € + 0.33 €/kWh
2026-10-08T08:46:27Z,STR-E-ES3O-A,0 € + 0.33 €/kWh
2026-10-08T08:46:27Z,STR-E-EU1U-A,0.21 €/kWh
2026-10-08T08:46:27Z,STR-E-F2G0-A,0.08 € + 0.27 €/kWh
2026-10-08T08:46:27Z,STR-E-F2G0-B,0.08 € + 0.27 €/kWh
2026-10-08T08:46:27Z,STR-E-F4B3-A,0.21 €/kWh
2026-10-08T08:46:27Z,STR-E-F5LZ-A,0.21 €/kWh
2026-10-08T08:46:27Z,STR-E-F79A-A,0.23 € + 0.33 €/kWh
2026-10-08T08:46:27Z,STR-E-F79A-B,0.23 € + 0.33 €/kWh
2026-10-08T08:46:27Z,STR-E-FGMF-A,0.21 €/kWh
2026-10-08T08:46:27Z,STR-E-FK06-A,0.21 €/kWh
2026-10-08T08:46:27Z,STR-E-FKUY-A,0 € + 0.33 €/kWh
2026-10-08T08:46:27Z,STR-E-FUE8-A,0.08 € + 0.27 €/kWh
2026-10-08T08:46:27Z,STR-E-FUE8-B,0.08 € + 0.27 €/kWh
2026-10-08T08:46:27Z,STR-E-G4VM-A,0.21 €/kWh
2026-10-08T08:46:27Z,STR-E-G518-A,0.21 €/kWh
2026-10-08T08:46:27Z,STR-E-GB9A-A,0.21 €/kWh
2026-10-08T08:46:27Z,STR-E-GE77-A,0.41 €/kWh
2026-10-08T08:46:27Z,STR-E-GE77-B,0.41 €/kWh
2026-10-08T08:46:27Z,STR-E-GFB3-A,0 € + 0.33 €/kWh
2026-10-08T08:46:27Z,STR-E-GGV8-A,0.21 €/kWh
2026-10-08T08:46:27Z,STR-E-GHJA-A,0.21 €/kWh
2026-10-08T08:46:27Z,STR-E-GK0C-A,0 € + 0.33 €/kWh
2026-10-08T08:46:27Z,STR-E-GR5K-A,0.21 €/kWh
2026-10-08T08:46:27Z,STR-E-H6Q5-A,0.21 €/kWh
2026-10-08T08:46:27Z,STR-E-HHXV-A,0 € + 0.33 €/kWh
2026-10-08T08:46:27Z,STR-E-I1KE-A,0 € + 0.33 €/kWh
2026-10-08T08:46:27Z,STR-E-I4UZ-A,0.21 €/kWh
2026-10-08T08:46:27Z,STR-E-I5FH-A,0.21 €/kWh
2026-10-08T08:46:27Z,STR-E-I8C6-A,0.21 €/kWh
2026-10-08T08:46:27Z,STR-E-IA3X-A,0.21 €/kWh
2026-10-08T08:46:27Z,STR-E-IAO5-A,0 € + 0.33 €/kWh
2026-10-08T08:46:27Z,STR-E-IGH5-A,0.23 € + 0.33 €/kWh
2026-10-08T08:46:27Z,STR-E-IGH5-B,0.23 € + 0.33 €/kWh
2026-10-08T08:46:27Z,STR-E-IIKL-A,0.08 € + 0.27 €/kWh
2026-10-08T08:46:27Z,STR-E-IIKL-B,0.08 € + 0.27 €/kWh
2026-10-08T08:46:27Z,STR-E-IPEC-A,0 € + 0.33 €/kWh
2026-10-08T08:46:27Z,STR-E-IV6T-A,0 € + 0.33 €/kWh
2026-10-08T08:46:27Z,STR-E-J54N-A,0 € + 0.33 €/kWh
2026-10-08T08:46:27Z,STR-E-J6DA-A,0 € + 0.33 €/kWh
2026-10-08T08:46:27Z,STR-E-J8VF-A,0 € + 0.33 €/kWh
2026-10-08T08:46:27Z,STR-E-JG90-A,0.23 €/kWh + 0.3 €
2026-10-08T08:46:27Z,STR-E-JG90-B,0.23 €/kWh + 0.3 €
2026-10-08T08:46:27Z,STR-E-JMOR-A,0 € + 0.33 €/kWh
2026-10-08T08:46:27Z,STR-E-JVO0-A,0.21 €/kWh
2026-10-08T08:46:27Z,STR-E-K217-A,0 € + 0.33 €/kWh
2026-10-08T08:46:27Z,STR-E-K73C-A,0.23 € + 0.33 €/kWh
2026-10-08T08:46:27Z,STR-E-K73C-B,0.23 € + 0.33 €/kWh
2026-10-08T08:46:27Z,STR-E-KBZL-A,0.21 €/kWh
2026-10-08T08:46:27Z,STR-E-KOHN-A,0 € + 0.33 €/kWh
2026-10-08T08:46:27Z,STR-E-KT5B-A,0 € + 0.33 €/kWh
2026-10-08T08:46:27Z,STR-E-KUKS-A,0.08 € + 0.27 €/kWh
2026-10-08T08:46:27Z,STR-E-KUKS-B,0.08 € + 0.27 €/kWh
2026-10-08T08:46:27Z,STR-E-L84D-A,0.21 €/kWh
2026-10-08T08:46:27Z,STR-E-LISV-A,0.21 €/kWh
2026-10-08T08:46:27Z,STR-E-LKFQ-A,0.21 €/kWh
2026-10-08T08:46:27Z,STR-E-LREY-A,0.52 €/kWh
2026-10-08T08:46:27Z,STR-E-M1IB-A,0.21 €/kWh
2026-10-08T08:46:27Z,STR-E-M8WL-A,0.21 €/kWh
2026-10-08T08:46:27Z,STR-E-M9W7-A,0.21 €/kWh
2026-10-08T08:46:27Z,STR-E-MIP3-A,0.32 €/kWh
2026-10-08T08:46:27Z,STR-E-MIP3-B,0.32 €/kWh
2026-10-08T08:46:27Z,STR-E-MSEN-A,0.21 €/kWh
2026-10-08T08:46:27Z,STR-E-MSUL-A,0.21 €/kWh
2026-10-08T08:46:27Z,STR-E-N6P5-A,0.21 €/kWh
2026-10-08T08:46:27Z,STR-E-NCKT-A,0.08 € + 0.27 €/kWh
2026-10-08T08:46:27Z,STR-E-NCKT-B,0.08 € + 0.27 €/kWh
2026-10-08T08:46:27Z,STR-E-NDU2-A,0 € + 0.33 €/kWh
2026-10-08T08:46:27Z,STR-E-NDZ4-A,0 € + 0.33 €/kWh
2026-10-08T08:46:27Z,STR-E-NFV5-A,0 € + 0.33 €/kWh
2026-10-08T08:46:27Z,STR-E-NNGC-A,0.21 €/kWh
2026-10-08T08:46:27Z,STR-E-NSGB-A,0 € + 0.33 €/kWh
2026-10-08T08:46:27Z,STR-E-NY0Q-A,0.15 € + 0.35 €/kWh
2026-10-08T08:46:27Z,STR-E-O0VK-A,0.21 €/kWh
2026-10-08T08:46:27Z,STR-E-O5JX-A,0 € + 0.33 €/kWh
2026-10-08T08:46:27Z,STR-E-O5YW-A,0.08 € + 0.27 €/kWh
2026-10-08T08:46:27Z,STR-E-O5YW-B,0.08 € + 0.27 €/kWh
2026-10-08T08:46:27Z,STR-E-ODBK-A,0.41 €/kWh
2026-10-08T08:46:27Z,STR-E-ODBK-B,0.41 €/kWh
2026-10-08T08:46:27Z,STR-E-OFWF-A,0 € + 0.33 €/kWh
2026-10-08T08:46:27Z,STR-E-OG1X-A,0.21 €/kWh
2026-10-08T08:46:27Z,STR-E-OHH6-A,0 € + 0.33 €/kWh
2026-10-08T08:46:27Z,STR-E-OJ3E-A,0.23 € + 0.33 €/kWh
2026-10-08T08:46:27Z,STR-E-OJ3E-B,0.23 € + 0.33 €/kWh
2026-10-08T08:46:27Z,STR-E-OQKZ-A,0.21 €/kWh
2026-10-08T08:46:27Z,STR-E-P46N-A,0 € + 0.33 €/kWh
2026-10-08T08:46:27Z,STR-E-P7AF-A,0.08 € + 0.27 €/kWh
2026-10-08T08:46:27Z,STR-E-P7AF-B,0.08 € + 0.27 €/kWh
2026-10-08T08:46:27Z,STR-E-PC04-A,0.21 €/kWh
2026-10-08T08:46:27Z,STR-E-PDR2-A,0.21 €/kWh
2026-10-08T08:46:27Z,STR-E-PJCQ-A,0.08 € + 0.27 €/kWh
2026-10-08T08:46:27Z,STR-E-PJCQ-B,0.08 € + 0.27 €/kWh
2026-10-08T08:46:27Z,STR-E-PM3P-A,0.23 € + 0.33 €/kWh
2026-10-08T08:46:27Z,STR-E-PM3P-B,0.23 € + 0.33 €/kWh
2026-10-08T08:46:27Z,STR-E-PRUQ-A,0.21 €/kWh
2026-10-08T08:46:27Z,STR-E-PSU9-A,0.21 €/kWh
2026-10-08T08:46:27Z,STR-E-PZ9U-A,0.21 €/kWh
2026-10-08T08:46:27Z,STR-E-PZES-A,0.21 €/kWh
2026-10-08T08:46:27Z,STR-E-Q5YF-A,0.23 € + 0.33 €/kWh
2026-10-08T08:46:27Z,STR-E-Q5YF-B,0.23 € + 0.33 €/kWh
2026-10-08T08:46:27Z,STR-E-Q7LB-A,0.23 € + 0.33 €/kWh
2026-10-08T08:46:27Z,STR-E-Q7LB-B,0.23 € + 0.33 €/kWh
2026-10-08T08:46:27Z,STR-E-QAXH-A,0.15 € + 0.35 €/kWh
2026-10-08T08:46:27Z,STR-E-QE1X-A,0.08 € + 0.27 €/kWh
2026-10-08T08:46:27Z,STR-E-QE1X-B,0.08 € + 0.27 €/kWh
2026-10-08T08:46:27Z,STR-E-QEDL-A,0.21 €/kWh
2026-10-08T08:46:27Z,STR-E-QIQM-A,0.21 €/kWh
2026-10-08T08:46:27Z,STR-E-QLC9-A,0.32 €/kWh
2026-10-08T08:46:27Z,STR-E-QLC9-B,0.32 €/kWh
2026-10-08T08:46:27Z,STR-E-R0J8-A,0.21 €/kWh
2026-10-08T08:46:27Z,STR-E-R1MT-A,0.23 € + 0.33 €/kWh
2026-10-08T08:46:27Z,STR-E-R1MT-B,0.23 € + 0.33 €/kWh
2026-10-08T08:46:27Z,STR-E-R1PI-A,0.23 € + 0.33 €/kWh
2026-10-08T08:46:27Z,STR-E-R1PI-B,0.23 € + 0.33 €/kWh
2026-10-08T08:46:27Z,STR-E-R2LK-A,0.23 € + 0.33 €/kWh
2026-10-08T08:46:27Z,STR-E-R2LK-B,0.23 € + 0.33 €/kWh
2026-10-08T08:46:27Z,STR-E-R8PQ-A,0 € + 0.33 €/kWh
2026-10-08T08:46:27Z,STR-E-R9GA-A,0.21 €/kWh
2026-10-08T08:46:27Z,STR-E-RJH9-A,0.21 €/kWh
2026-10-08T08:46:27Z,STR-E-RKWJ-A,0.21 €/kWh
2026-10-08T08:46:27Z,STR-E-S42D-A,0.21 €/kWh
2026-10-08T08:46:27Z,STR-E-S6VR-A,0 € + 0.33 €/kWh
2026-10-08T08:46:27Z,STR-E-S7YR-A,0.23 € + 0.33 €/kWh
2026-10-08T08:46:27Z,STR-E-S7YR-B,0.23 € + 0.33 €/kWh
2026-10-08T08:46:27Z,STR-E-SGC2-A,0 € + 0.33 €/kWh
2026-10-08T08:46:27Z,STR-E-SJKA-A,0.21 €/kWh
2026-10-08T08:46:27Z,STR-E-SQX8-A,0.08 € + 0.27 €/kWh
2026-10-08T08:46:27Z,STR-E-SQX8-B,0.08 € + 0.27 €/kWh
2026-10-08T08:46:27Z,STR-E-SVR3-A,0.23 € + 0.33 €/kWh
2026-10-08T08:46:27Z,STR-E-SVR3-B,0.23 € + 0.33 €/kWh
2026-10-08T08:46:27Z,STR-E-SY9Y-A,0.21 €/kWh
2026-10-08T08:46:27Z,STR-E-TO2O-A,0.21 €/kWh
2026-10-08T08:46:27Z,STR-E-TX67-A,0.35 €/kWh
2026-10-08T08:46:27Z,STR-E-TX67-B,0.35 €/kWh
2026-10-08T08:46:27Z,STR-E-U41O-A,0 € + 0.33 €/kWh
2026-10-08T08:46:27Z,STR-E-U5TP-A,0.21 €/kWh
2026-10-08T08:46:27Z,STR-E-UKPS-A,0.15 € + 0.35 €/kWh
2026-10-08T08:46:27Z,STR-E-UPAQ-A,0.32 €/kWh
2026-10-08T08:46:27Z,STR-E-UPAQ-B,0.32 €/kWh
2026-10-08T08:46:27Z,STR-E-UPOS-A,0.08 € + 0.27 €/kWh
2026-10-08T08:46:27Z,STR-E-UPOS-B,0.08 € + 0.27 €/kWh
2026-10-08T08:46:27Z,STR-E-UY5H-A,0.21 €/kWh
2026-10-08T08:46:27Z,STR-E-V17G-A,0.21 €/kWh
2026-10-08T08:46:27Z,STR-E-V31J-A,0.21 €/kWh
2026-10-08T08:46:27Z,STR-E-V50T-A,0.21 €/kWh
2026-10-08T08:46:27Z,STR-E-V9SD-A,0.21 €/kWh
2026-10-08T08:46:27Z,STR-E-V9ZR-A,0.21 €/kWh
2026-10-08T08:46:27Z,STR-E-VBMP-A,0.21 €/kWh
2026-10-08T08:46:27Z,STR-E-VJBJ-A,0 € + 0.33 €/kWh
2026-10-08T08:46:27Z,STR-E-VPDB-A,0.21 €/kWh
2026-10-08T08:46:27Z,STR-E-VQ06-A,0 € + 0.33 €/kWh
2026-10-08T08:46:27Z,STR-E-VSDJ-A,0.35 €/kWh
2026-10-08T08:46:27Z,STR-E-VSDJ-B,0.35 €/kWh
2026-10-08T08:46:27Z,STR-E-VT0G-A,0.21 €/kWh
2026-10-08T08:46:27Z,STR-E-VX2O-A,0 € + 0.33 €/kWh
2026-10-08T08:46:27Z,STR-E-VXGH-A,0.21 €/kWh
2026-10-08T08:46:27Z,STR-E-W1X4-A,0.21 €/kWh
2026-10-08T08:46:27Z,STR-E-WEE3-A,0.23 € + 0.33 €/kWh
2026-10-08T08:46:27Z,STR-E-WEE3-B,0.23 € + 0.33 €/kWh
2026-10-08T08:46:27Z,STR-E-WHZ1-A,0 € + 0.33 €/kWh
2026-10-08T08:46:27Z,STR-E-WLGM-A,0 € + 0.33 €/kWh
2026-10-08T08:46:27Z,STR-E-WTQ5-A,0.33 €/kWh
2026-10-08T08:46:27Z,STR-E-WXV8-A,0.21 €/kWh
2026-10-08T08:46:27Z,STR-E-WYFE-A,0.33 €/kWh
2026-10-08T08:46:27Z,STR-E-WYFE-B,0.33 €/kWh
2026-10-08T08:46:27Z,STR-E-WYYC-A,0.23 € + 0.33 €/kWh
2026-10-08T08:46:27Z,STR-E-WYYC-B,0.23 € + 0.33 €/kWh
2026-10-08T08:46:27Z,STR-E-WZW9-A,0.21 €/kWh
2026-10-08T08:46:27Z,STR-E-X525-A,0.21 €/kWh
2026-10-08T08:46:27Z,STR-E-X54O-A,0 € + 0.33 €/kWh
2026-10-08T08:46:27Z,STR-E-XCMJ-A,0.08 € + 0.27 €/kWh
2026-10-08T08:46:27Z,STR-E-XCMJ-B,0.08 € + 0.27 €/kWh
2026-10-08T08:46:27Z,STR-E-XFON-A,0.21 €/kWh
2026-10-08T08:46:27Z,STR-E-XG69-A,0.08 € + 0.27 €/kWh
2026-10-08T08:46:27Z,STR-E-XG69-B,0.08 € + 0.27 €/kWh
2026-10-08T08:46:27Z,STR-E-XH51-A,0 € + 0.33 €/kWh
2026-10-08T08:46:27Z,STR-E-XKW2-A,0.23 € + 0.33 €/kWh
2026-10-08T08:46:27Z,STR-E-XKW2-B,0.23 € + 0.33 €/kWh
2026-10-08T08:46:27Z,STR-E-XRV8-A,0 € + 0.33 €/kWh
2026-10-08T08:46:27Z,STR-E-Y7JK-A,0 € + 0.33 €/kWh
2026-10-08T08:46:27Z,STR-E-Y82E-A,0 € + 0.33 €/kWh
2026-10-08T08:46:27Z,STR-E-YC50-A,0.21 €/kWh
2026-10-08T08:46:27Z,STR-E-Z2PJ-A,0.08 € + 0.27 €/kWh
2026-10-08T08:46:27Z,STR-E-Z2PJ-B,0.08 € + 0.27 €/kWh
2026-10-08T08:46:27Z,STR-E-ZA6O-A,0.21 €/kWh
2026-10-08T08:46:27Z,STR-E-ZEP7-A,0 € + 0.33 €/kWh
2026-10-08T08:46:27Z,STR-E-ZIAZ-A,0 € + 0.33 €/kWh
2026-10-08T08:46:27Z,STR-E-ZK9W-A,0 € + 0.33 €/kWh
2026-10-08T08:46:27Z,STR-E-ZS00-A,0.23 € + 0.33 €/kWh
2026-10-08T08:46:27Z,STR-E-ZS00-B,0.23 € + 0.33 €/kWh
2026-10-08T08:46:27Z,STR-E-ZWU5-A,0.08 € + 0.27 €/kWh
2026-10-08T08:46:27Z,STR-E-ZWU5-B,0.08 € + 0.27 €/kWh
