timestamp_utc,connector_id,tariff
2026-10-09T00:02:23Z,IKR-E-1220-A,0.3 € + 0.33 €/kWh
2026-10-09T00:02:23Z,IKR-E-1871-A,0.3 € + 0.33 €/kWh
2026-10-09T00:02:23Z,IKR-E-2G8J-A,0.3 € + 0.33 €/kWh
2026-10-09T00:02:23Z,IKR-E-3TSR-A,0.3 € + 0.33 €/kWh
2026-10-09T00:02:23Z,IKR-E-5715-A,0.3 € + 0.33 €/kWh
2026-10-09T00:02:23Z,IKR-E-5730-A,0.3 € + 0.39 €/kWh
2026-10-09T00:02:23Z,IKR-E-5CGU-A,0.3 € + 0.33 €/kWh
2026-10-09T00:02:23Z,IKR-E-7718-A,0.3 € + 0.39 €/kWh
2026-10-09T00:02:23Z,IKR-E-DVCM-A,0.3 € + 0.33 €/kWh
2026-10-09T00:02:23Z,IKR-E-E228-A,0.3 € + 0.33 €/kWh
2026-10-09T00:02:23Z,IKR-E-E475-A,0.3 € + 0.36 €/kWh
2026-10-09T00:02:23Z,IKR-E-E544-A,0.3 € + 0.36 €/kWh
2026-10-09T00:02:23Z,IKR-E-EKZA-A,0.3 € + 0.33 €/kWh
2026-10-09T00:02:23Z,IKR-E-GAY9-A,0.3 € + 0.33 €/kWh
2026-10-09T00:02:23Z,IKR-E-IZW2-A,0.3 € + 0.33 €/kWh
2026-10-09T00:02:23Z,IKR-E-J1JV-A,0.3 € + 0.33 €/kWh
2026-10-09T00:02:23Z,IKR-E-JJAJ-A,0.3 € + 0.33 €/kWh
2026-10-09T00:02:23Z,IKR-E-KMBH-A,0.3 € + 0.33 €/kWh
2026-10-09T00:02:23Z,IKR-E-LJZI-A,0.3 € + 0.33 €/kWh
2026-10-09T00:02:23Z,IKR-E-MAU9-A,0.29 € + 0.24 €/kWh
2026-10-09T00:02:23Z,IKR-E-OWF5-A,0.3 € + 0.38 €/kWh
2026-10-09T00:02:23Z,IKR-E-W6HQ-A,0.29 € + 0.24 €/kWh
2026-10-09T00:02:23Z,IKR-E-XIH2-A,0.3 € + 0.33 €/kWh
2026-10-09T00:02:23Z,IKR-E-Y2Z8-A,0.3 € + 0.3 €/kWh
2026-10-09T00:02:23Z,IKR-P-IV7E-B,0.3 € + 0.33 €/kWh
2026-10-09T00:02:23Z,IKR-P-SCM5-A,0.3 € + 0.38 €/kWh
2026-10-09T00:02:23Z,IKR-P-V9X4-A,0.3 € + 0.38 €/kWh
2026-10-09T00:02:23Z,IKR-P-V9X4-B,0.3 € + 0.38 €/kWh
2026-10-09T00:02:23Z,STR-E-027B-A,0.18 €/kWh + 0.23 €
2026-10-09T00:02:23Z,STR-E-027B-B,0.18 €/kWh + 0.23 €
2026-10-09T00:02:23Z,STR-E-02VO-A,0.2 €/kWh
2026-10-09T00:02:23Z,STR-E-02VO-B,0.2 €/kWh
2026-10-09T00:02:23Z,STR-E-04YS-A,0 € + 0.16 €/kWh
2026-10-09T00:02:23Z,STR-E-051F-A,0.08 € + 0.12 €/kWh
2026-10-09T00:02:23Z,STR-E-0698-A,0.08 €/kWh
2026-10-09T00:02:23Z,STR-E-0GEL-A,0.08 €/kWh
2026-10-09T00:02:23Z,STR-E-10G9-A,0.08 € + 0.12 €/kWh
2026-10-09T00:02:23Z,STR-E-10G9-B,0.08 € + 0.12 €/kWh
2026-10-09T00:02:23Z,STR-E-1162-A,0.08 €/kWh
2026-10-09T00:02:23Z,STR-E-11DT-A,0.08 €/kWh
2026-10-09T00:02:23Z,STR-E-1887-A,0.08 €/kWh
2026-10-09T00:02:23Z,STR-E-1927-A,0.08 €/kWh
2026-10-09T00:02:23Z,STR-E-1ME5-A,0.08 € + 0.12 €/kWh
2026-10-09T00:02:23Z,STR-E-1ME5-B,0.08 € + 0.12 €/kWh
2026-10-09T00:02:23Z,STR-E-1MHB-A,0.28 €/kWh
2026-10-09T00:02:23Z,STR-E-1MJQ-A,0.08 €/kWh
2026-10-09T00:02:23Z,STR-E-1X30-A,0 € + 0.16 €/kWh
2026-10-09T00:02:23Z,STR-E-21O1-A,0.18 €/kWh
2026-10-09T00:02:23Z,STR-E-21O1-B,0.18 €/kWh
2026-10-09T00:02:23Z,STR-E-2446-A,0 € + 0.16 €/kWh
2026-10-09T00:02:23Z,STR-E-2D12-A,0.08 €/kWh
2026-10-09T00:02:23Z,STR-E-2ED4-A,0.08 €/kWh
2026-10-09T00:02:23Z,STR-E-2K1Q-A,0 € + 0.16 €/kWh
2026-10-09T00:02:23Z,STR-E-2XDJ-A,0 € + 0.16 €/kWh
2026-10-09T00:02:23Z,STR-E-320G-A,0.08 €/kWh
2026-10-09T00:02:23Z,STR-E-3468-A,0.18 €/kWh
2026-10-09T00:02:23Z,STR-E-3468-B,0.18 €/kWh
2026-10-09T00:02:23Z,STR-E-3ENA-A,0.18 €/kWh
2026-10-09T00:02:23Z,STR-E-3ENA-B,0.18 €/kWh
2026-10-09T00:02:23Z,STR-E-3ENA-C,0.18 €/kWh
2026-10-09T00:02:23Z,STR-E-3FMF-A,0.18 €/kWh + 0.23 €
2026-10-09T00:02:23Z,STR-E-3FMF-B,0.18 €/kWh + 0.23 €
2026-10-09T00:02:23Z,STR-E-3PZS-A,0.08 €/kWh
2026-10-09T00:02:23Z,STR-E-3SXI-A,0.18 €/kWh
2026-10-09T00:02:23Z,STR-E-3SXI-B,0.18 €/kWh
2026-10-09T00:02:23Z,STR-E-3TZI-A,0.08 €/kWh
2026-10-09T00:02:23Z,STR-E-3WE5-A,0 € + 0.16 €/kWh
2026-10-09T00:02:23Z,STR-E-3YH3-A,0.08 € + 0.12 €/kWh
2026-10-09T00:02:23Z,STR-E-3YH3-B,0.08 € + 0.12 €/kWh
2026-10-09T00:02:23Z,STR-E-4156-A,0.24 €/kWh
2026-10-09T00:02:23Z,STR-E-4156-B,0.24 €/kWh
2026-10-09T00:02:23Z,STR-E-491A-A,0.17 €/kWh
2026-10-09T00:02:23Z,STR-E-491A-B,0.17 €/kWh
2026-10-09T00:02:23Z,STR-E-491A-C,0.17 €/kWh
2026-10-09T00:02:23Z,STR-E-4DE6-A,0.17 €/kWh
2026-10-09T00:02:23Z,STR-E-4DE6-B,0.17 €/kWh
2026-10-09T00:02:23Z,STR-E-4LRS-A,0.08 €/kWh
2026-10-09T00:02:23Z,STR-E-4UGU-A,0.08 €/kWh
2026-10-09T00:02:23Z,STR-E-4YKC-A,0 € + 0.16 €/kWh
2026-10-09T00:02:23Z,STR-E-527U-A,0 € + 0.16 €/kWh
2026-10-09T00:02:23Z,STR-E-54PK-A,0.08 € + 0.12 €/kWh
2026-10-09T00:02:23Z,STR-E-54PK-B,0.08 € + 0.12 €/kWh
2026-10-09T00:02:23Z,STR-E-55I4-A,0 € + 0.16 €/kWh
2026-10-09T00:02:23Z,STR-E-566J-A,0 € + 0.16 €/kWh
2026-10-09T00:02:23Z,STR-E-59TF-A,0.08 € + 0.12 €/kWh
2026-10-09T00:02:23Z,STR-E-5DWB-A,0.08 €/kWh
2026-10-09T00:02:23Z,STR-E-5TI5-A,0.08 €/kWh
2026-10-09T00:02:23Z,STR-E-69PN-A,0.08 €/kWh
2026-10-09T00:02:23Z,STR-E-6CNG-A,0.08 €/kWh
2026-10-09T00:02:23Z,STR-E-6E7W-A,0 € + 0.16 €/kWh
2026-10-09T00:02:23Z,STR-E-6SQH-A,0.08 €/kWh
2026-10-09T00:02:23Z,STR-E-6UZQ-A,0.18 €/kWh
2026-10-09T00:02:23Z,STR-E-6UZQ-B,0.18 €/kWh
2026-10-09T00:02:23Z,STR-E-6ZTQ-A,0 € + 0.16 €/kWh
2026-10-09T00:02:23Z,STR-E-7438-A,0 € + 0.16 €/kWh
2026-10-09T00:02:23Z,STR-E-7A48-A,0.08 € + 0.12 €/kWh
2026-10-09T00:02:23Z,STR-E-7YBN-A,0 € + 0.16 €/kWh
2026-10-09T00:02:23Z,STR-E-86C0-A,0.08 €/kWh
2026-10-09T00:02:23Z,STR-E-88SA-A,0.08 €/kWh
2026-10-09T00:02:23Z,STR-E-8A02-A,0 € + 0.16 €/kWh
2026-10-09T00:02:23Z,STR-E-8M2O-A,0.08 €/kWh
2026-10-09T00:02:23Z,STR-E-8Q9F-A,0 € + 0.16 €/kWh
2026-10-09T00:02:23Z,STR-E-8XL5-A,0.08 €/kWh
2026-10-09T00:02:23Z,STR-E-8Y23-A,0.08 €/kWh
2026-10-09T00:02:23Z,STR-E-92KW-A,0.18 €/kWh + 0.23 €
2026-10-09T00:02:23Z,STR-E-9AH3-A,0 € + 0.16 €/kWh
2026-10-09T00:02:23Z,STR-E-9I2R-A,0.08 €/kWh
2026-10-09T00:02:23Z,STR-E-9TUZ-A,0.08 €/kWh
2026-10-09T00:02:23Z,STR-E-9WY2-A,0.08 €/kWh
2026-10-09T00:02:23Z,STR-E-A169-A,0 € + 0.16 €/kWh
2026-10-09T00:02:23Z,STR-E-A27N-A,0.2 €/kWh
2026-10-09T00:02:23Z,STR-E-A27N-B,0.2 €/kWh
2026-10-09T00:02:23Z,STR-E-A27N-C,0.2 €/kWh
2026-10-09T00:02:23Z,STR-E-A442-A,0.08 €/kWh
2026-10-09T00:02:23Z,STR-E-AABG-A,0.08 €/kWh
2026-10-09T00:02:23Z,STR-E-ACMT-A,0.08 €/kWh
2026-10-09T00:02:23Z,STR-E-ADXE-A,0 € + 0.16 €/kWh
2026-10-09T00:02:23Z,STR-E-AF2O-A,0.08 € + 0.12 €/kWh
2026-10-09T00:02:23Z,STR-E-AMQK-A,0 € + 0.16 €/kWh
2026-10-09T00:02:23Z,STR-E-ANJ0-A,0.18 €/kWh + 0.23 €
2026-10-09T00:02:23Z,STR-E-ANJ0-B,0.18 €/kWh + 0.23 €
2026-10-09T00:02:23Z,STR-E-AP96-A,0.18 €/kWh + 0.23 €
2026-10-09T00:02:23Z,STR-E-AP96-B,0.18 €/kWh + 0.23 €
2026-10-09T00:02:23Z,STR-E-AUQ2-A,0 € + 0.16 €/kWh
2026-10-09T00:02:23Z,STR-E-AWF1-A,0.08 € + 0.12 €/kWh
2026-10-09T00:02:23Z,STR-E-AWF1-B,0.08 € + 0.12 €/kWh
2026-10-09T00:02:23Z,STR-E-AWJ9-A,0.2 €/kWh
2026-10-09T00:02:23Z,STR-E-AWJ9-B,0.2 €/kWh
2026-10-09T00:02:23Z,STR-E-B36V-A,0.19 € + 0.25 €/kWh
2026-10-09T00:02:23Z,STR-E-B36V-B,0.19 € + 0.25 €/kWh
2026-10-09T00:02:23Z,STR-E-BIKW-A,0.18 €/kWh + 0.23 €
2026-10-09T00:02:23Z,STR-E-BIKW-B,0.18 €/kWh + 0.23 €
2026-10-09T00:02:23Z,STR-E-BXA5-A,0.08 €/kWh
2026-10-09T00:02:23Z,STR-E-C91L-A,0.08 €/kWh
2026-10-09T00:02:23Z,STR-E-C99Z-A,0 € + 0.16 €/kWh
2026-10-09T00:02:23Z,STR-E-D3MB-A,0.18 €/kWh + 0.23 €
2026-10-09T00:02:23Z,STR-E-D3MB-B,0.18 €/kWh + 0.23 €
2026-10-09T00:02:23Z,STR-E-DBCC-A,0.08 € + 0.12 €/kWh
2026-10-09T00:02:23Z,STR-E-DBCC-B,0.08 € + 0.12 €/kWh
2026-10-09T00:02:23Z,STR-E-DHEJ-A,0 € + 0.16 €/kWh
2026-10-09T00:02:23Z,STR-E-E0DZ-A,0.18 €/kWh
2026-10-09T00:02:23Z,STR-E-E0DZ-B,0.18 €/kWh
2026-10-09T00:02:23Z,STR-E-E7HH-A,0.08 €/kWh
2026-10-09T00:02:23Z,STR-E-ECI7-A,0 € + 0.16 €/kWh
2026-10-09T00:02:23Z,STR-E-EFXK-A,0 € + 0.16 €/kWh
2026-10-09T00:02:23Z,STR-E-ELFQ-A,0.18 €/kWh + 0.23 €
2026-10-09T00:02:23Z,STR-E-ELFQ-B,0.18 €/kWh + 0.23 €
2026-10-09T00:02:23Z,STR-E-EPQY-A,0 € + 0.16 €/kWh
2026-10-09T00:02:23Z,STR-E-ER2N-A,0 € + 0.16 €/kWh
2026-10-09T00:02:23Z,STR-E-ES3O-A,0 € + 0.16 €/kWh
2026-10-09T00:02:23Z,STR-E-EU1U-A,0.08 €/kWh
2026-10-09T00:02:23Z,STR-E-F2G0-A,0.08 € + 0.12 €/kWh
2026-10-09T00:02:23Z,STR-E-F2G0-B,0.08 € + 0.12 €/kWh
2026-10-09T00:02:23Z,STR-E-F4B3-A,0.08 €/kWh
2026-10-09T00:02:23Z,STR-E-F5LZ-A,0.08 €/kWh
2026-10-09T00:02:23Z,STR-E-F79A-A,0.18 €/kWh + 0.23 €
2026-10-09T00:02:23Z,STR-E-F79A-B,0.18 €/kWh + 0.23 €
2026-10-09T00:02:23Z,STR-E-FGMF-A,0.08 €/kWh
2026-10-09T00:02:23Z,STR-E-FK06-A,0.08 €/kWh
2026-10-09T00:02:23Z,STR-E-FKUY-A,0 € + 0.16 €/kWh
2026-10-09T00:02:23Z,STR-E-FUE8-A,0.08 € + 0.12 €/kWh
2026-10-09T00:02:23Z,STR-E-FUE8-B,0.08 € + 0.12 €/kWh
2026-10-09T00:02:23Z,STR-E-G4VM-A,0.08 €/kWh
2026-10-09T00:02:23Z,STR-E-G518-A,0.08 €/kWh
2026-10-09T00:02:23Z,STR-E-GB9A-A,0.08 €/kWh
2026-10-09T00:02:23Z,STR-E-GFB3-A,0 € + 0.16 €/kWh
2026-10-09T00:02:23Z,STR-E-GGV8-A,0.08 €/kWh
2026-10-09T00:02:23Z,STR-E-GHJA-A,0.08 €/kWh
2026-10-09T00:02:23Z,STR-E-GK0C-A,0 € + 0.16 €/kWh
2026-10-09T00:02:23Z,STR-E-GR5K-A,0.08 €/kWh
2026-10-09T00:02:23Z,STR-E-H6Q5-A,0.08 €/kWh
2026-10-09T00:02:23Z,STR-E-HHXV-A,0 € + 0.16 €/kWh
2026-10-09T00:02:23Z,STR-E-I1KE-A,0 € + 0.16 €/kWh
2026-10-09T00:02:23Z,STR-E-I4UZ-A,0.08 €/kWh
2026-10-09T00:02:23Z,STR-E-I5FH-A,0.08 €/kWh
2026-10-09T00:02:23Z,STR-E-I8C6-A,0.08 €/kWh
2026-10-09T00:02:23Z,STR-E-IA3X-A,0.08 €/kWh
2026-10-09T00:02:23Z,STR-E-IAO5-A,0 € + 0.16 €/kWh
2026-10-09T00:02:23Z,STR-E-IGH5-A,0.18 €/kWh + 0.23 €
2026-10-09T00:02:23Z,STR-E-IGH5-B,0.18 €/kWh + 0.23 €
2026-10-09T00:02:23Z,STR-E-IIKL-A,0.08 € + 0.12 €/kWh
2026-10-09T00:02:23Z,STR-E-IIKL-B,0.08 € + 0.12 €/kWh
2026-10-09T00:02:23Z,STR-E-IPEC-A,0 € + 0.16 €/kWh
2026-10-09T00:02:23Z,STR-E-IV6T-A,0 € + 0.16 €/kWh
2026-10-09T00:02:23Z,STR-E-J54N-A,0 € + 0.16 €/kWh
2026-10-09T00:02:23Z,STR-E-J6DA-A,0 € + 0.16 €/kWh
2026-10-09T00:02:23Z,STR-E-J8VF-A,0 € + 0.16 €/kWh
2026-10-09T00:02:23Z,STR-E-JG90-A,0.09 €/kWh + 0.3 €
2026-10-09T00:02:23Z,STR-E-JG90-B,0.09 €/kWh + 0.3 €
2026-10-09T00:02:23Z,STR-E-JMOR-A,0 € + 0.16 €/kWh
2026-10-09T00:02:23Z,STR-E-JVO0-A,0.08 €/kWh
2026-10-09T00:02:23Z,STR-E-K217-A,0 € + 0.16 €/kWh
2026-10-09T00:02:23Z,STR-E-K73C-A,0.18 €/kWh + 0.23 €
2026-10-09T00:02:23Z,STR-E-K73C-B,0.18 €/kWh + 0.23 €
2026-10-09T00:02:23Z,STR-E-KBZL-A,0.08 €/kWh
2026-10-09T00:02:23Z,STR-E-KOHN-A,0 € + 0.16 €/kWh
2026-10-09T00:02:23Z,STR-E-KT5B-A,0 € + 0.16 €/kWh
2026-10-09T00:02:23Z,STR-E-KUKS-A,0.08 € + 0.12 €/kWh
2026-10-09T00:02:23Z,STR-E-KUKS-B,0.08 € + 0.12 €/kWh
2026-10-09T00:02:23Z,STR-E-L84D-A,0.08 €/kWh
2026-10-09T00:02:23Z,STR-E-LISV-A,0.08 €/kWh
2026-10-09T00:02:23Z,STR-E-LKFQ-A,0.08 €/kWh
2026-10-09T00:02:23Z,STR-E-LREY-A,0.28 €/kWh
2026-10-09T00:02:23Z,STR-E-M1IB-A,0.08 €/kWh
2026-10-09T00:02:23Z,STR-E-M8WL-A,0.08 €/kWh
2026-10-09T00:02:23Z,STR-E-M9W7-A,0.08 €/kWh
2026-10-09T00:02:23Z,STR-E-MIP3-A,0.17 €/kWh
2026-10-09T00:02:23Z,STR-E-MIP3-B,0.17 €/kWh
2026-10-09T00:02:23Z,STR-E-MSEN-A,0.08 €/kWh
2026-10-09T00:02:23Z,STR-E-MSUL-A,0.08 €/kWh
2026-10-09T00:02:23Z,STR-E-N6P5-A,0.08 €/kWh
2026-10-09T00:02:23Z,STR-E-NCKT-A,0.08 € + 0.12 €/kWh
2026-10-09T00:02:23Z,STR-E-NCKT-B,0.08 € + 0.12 €/kWh
2026-10-09T00:02:23Z,STR-E-NDU2-A,0 € + 0.16 €/kWh
2026-10-09T00:02:23Z,STR-E-NDZ4-A,0 € + 0.16 €/kWh
2026-10-09T00:02:23Z,STR-E-NFV5-A,0 € + 0.16 €/kWh
2026-10-09T00:02:23Z,STR-E-NNGC-A,0.08 €/kWh
2026-10-09T00:02:23Z,STR-E-NSGB-A,0 € + 0.16 €/kWh
2026-10-09T00:02:23Z,STR-E-NY0Q-A,0.15 € + 0.17 €/kWh
2026-10-09T00:02:23Z,STR-E-O0VK-A,0.08 €/kWh
2026-10-09T00:02:23Z,STR-E-O5JX-A,0 € + 0.16 €/kWh
2026-10-09T00:02:23Z,STR-E-O5YW-A,0.08 € + 0.12 €/kWh
2026-10-09T00:02:23Z,STR-E-O5YW-B,0.08 € + 0.12 €/kWh
2026-10-09T00:02:23Z,STR-E-OFWF-A,0 € + 0.16 €/kWh
2026-10-09T00:02:23Z,STR-E-OG1X-A,0.08 €/kWh
2026-10-09T00:02:23Z,STR-E-OHH6-A,0 € + 0.16 €/kWh
2026-10-09T00:02:23Z,STR-E-OJ3E-A,0.18 €/kWh + 0.23 €
2026-10-09T00:02:23Z,STR-E-OJ3E-B,0.18 €/kWh + 0.23 €
2026-10-09T00:02:23Z,STR-E-OQKZ-A,0.08 €/kWh
2026-10-09T00:02:23Z,STR-E-P46N-A,0 € + 0.16 €/kWh
2026-10-09T00:02:23Z,STR-E-P7AF-A,0.08 € + 0.12 €/kWh
2026-10-09T00:02:23Z,STR-E-P7AF-B,0.08 € + 0.12 €/kWh
2026-10-09T00:02:23Z,STR-E-PC04-A,0.08 €/kWh
2026-10-09T00:02:23Z,STR-E-PDR2-A,0.08 €/kWh
2026-10-09T00:02:23Z,STR-E-PJCQ-A,0.08 € + 0.12 €/kWh
2026-10-09T00:02:23Z,STR-E-PJCQ-B,0.08 € + 0.12 €/kWh
2026-10-09T00:02:23Z,STR-E-PM3P-A,0.18 €/kWh + 0.23 €
2026-10-09T00:02:23Z,STR-E-PM3P-B,0.18 €/kWh + 0.23 €
2026-10-09T00:02:23Z,STR-E-PRUQ-A,0.08 €/kWh
2026-10-09T00:02:23Z,STR-E-PSU9-A,0.08 €/kWh
2026-10-09T00:02:23Z,STR-E-PZ9U-A,0.08 €/kWh
2026-10-09T00:02:23Z,STR-E-PZES-A,0.08 €/kWh
2026-10-09T00:02:23Z,STR-E-Q5YF-A,0.18 €/kWh + 0.23 €
2026-10-09T00:02:23Z,STR-E-Q5YF-B,0.18 €/kWh + 0.23 €
2026-10-09T00:02:23Z,STR-E-Q7LB-A,0.18 €/kWh + 0.23 €
2026-10-09T00:02:23Z,STR-E-Q7LB-B,0.18 €/kWh + 0.23 €
2026-10-09T00:02:23Z,STR-E-QAXH-A,0.15 € + 0.17 €/kWh
2026-10-09T00:02:23Z,STR-E-QE1X-A,0.08 € + 0.12 €/kWh
2026-10-09T00:02:23Z,STR-E-QE1X-B,0.08 € + 0.12 €/kWh
2026-10-09T00:02:23Z,STR-E-QEDL-A,0.08 €/kWh
2026-10-09T00:02:23Z,STR-E-QIQM-A,0.08 €/kWh
2026-10-09T00:02:23Z,STR-E-QLC9-A,0.17 €/kWh
2026-10-09T00:02:23Z,STR-E-QLC9-B,0.17 €/kWh
2026-10-09T00:02:23Z,STR-E-R0J8-A,0.08 €/kWh
2026-10-09T00:02:23Z,STR-E-R1MT-A,0.18 €/kWh + 0.23 €
2026-10-09T00:02:23Z,STR-E-R1MT-B,0.18 €/kWh + 0.23 €
2026-10-09T00:02:23Z,STR-E-R1PI-A,0.18 €/kWh + 0.23 €
2026-10-09T00:02:23Z,STR-E-R1PI-B,0.18 €/kWh + 0.23 €
2026-10-09T00:02:23Z,STR-E-R2LK-A,0.18 €/kWh + 0.23 €
2026-10-09T00:02:23Z,STR-E-R2LK-B,0.18 €/kWh + 0.23 €
2026-10-09T00:02:23Z,STR-E-R8PQ-A,0 € + 0.16 €/kWh
2026-10-09T00:02:23Z,STR-E-R9GA-A,0.08 €/kWh
2026-10-09T00:02:23Z,STR-E-RJH9-A,0.08 €/kWh
2026-10-09T00:02:23Z,STR-E-RKWJ-A,0.08 €/kWh
2026-10-09T00:02:23Z,STR-E-S42D-A,0.08 €/kWh
2026-10-09T00:02:23Z,STR-E-S6VR-A,0 € + 0.16 €/kWh
2026-10-09T00:02:23Z,STR-E-S7YR-A,0.18 €/kWh + 0.23 €
2026-10-09T00:02:23Z,STR-E-S7YR-B,0.18 €/kWh + 0.23 €
2026-10-09T00:02:23Z,STR-E-SGC2-A,0 € + 0.16 €/kWh
2026-10-09T00:02:23Z,STR-E-SJKA-A,0.08 €/kWh
2026-10-09T00:02:23Z,STR-E-SQX8-A,0.08 € + 0.12 €/kWh
2026-10-09T00:02:23Z,STR-E-SQX8-B,0.08 € + 0.12 €/kWh
2026-10-09T00:02:23Z,STR-E-SVR3-A,0.18 €/kWh + 0.23 €
2026-10-09T00:02:23Z,STR-E-SVR3-B,0.18 €/kWh + 0.23 €
2026-10-09T00:02:23Z,STR-E-SY9Y-A,0.08 €/kWh
2026-10-09T00:02:23Z,STR-E-TO2O-A,0.08 €/kWh
2026-10-09T00:02:23Z,STR-E-TX67-A,0.2 €/kWh
2026-10-09T00:02:23Z,STR-E-TX67-B,0.2 €/kWh
2026-10-09T00:02:23Z,STR-E-U41O-A,0 € + 0.16 €/kWh
2026-10-09T00:02:23Z,STR-E-U5TP-A,0.08 €/kWh
2026-10-09T00:02:23Z,STR-E-UKPS-A,0.15 € + 0.17 €/kWh
2026-10-09T00:02:23Z,STR-E-UPAQ-A,0.17 €/kWh
2026-10-09T00:02:23Z,STR-E-UPAQ-B,0.17 €/kWh
2026-10-09T00:02:23Z,STR-E-UPOS-A,0.08 € + 0.12 €/kWh
2026-10-09T00:02:23Z,STR-E-UPOS-B,0.08 € + 0.12 €/kWh
2026-10-09T00:02:23Z,STR-E-UY5H-A,0.08 €/kWh
2026-10-09T00:02:23Z,STR-E-V17G-A,0.08 €/kWh
2026-10-09T00:02:23Z,STR-E-V31J-A,0.08 €/kWh
2026-10-09T00:02:23Z,STR-E-V50T-A,0.08 €/kWh
2026-10-09T00:02:23Z,STR-E-V9SD-A,0.08 €/kWh
2026-10-09T00:02:23Z,STR-E-V9ZR-A,0.08 €/kWh
2026-10-09T00:02:23Z,STR-E-VBMP-A,0.08 €/kWh
2026-10-09T00:02:23Z,STR-E-VJBJ-A,0 € + 0.16 €/kWh
2026-10-09T00:02:23Z,STR-E-VPDB-A,0.08 €/kWh
2026-10-09T00:02:23Z,STR-E-VQ06-A,0 € + 0.16 €/kWh
2026-10-09T00:02:23Z,STR-E-VSDJ-A,0.2 €/kWh
2026-10-09T00:02:23Z,STR-E-VSDJ-B,0.2 €/kWh
2026-10-09T00:02:23Z,STR-E-VT0G-A,0.08 €/kWh
2026-10-09T00:02:23Z,STR-E-VX2O-A,0 € + 0.16 €/kWh
2026-10-09T00:02:23Z,STR-E-VXGH-A,0.08 €/kWh
2026-10-09T00:02:23Z,STR-E-W1X4-A,0.08 €/kWh
2026-10-09T00:02:23Z,STR-E-WEE3-A,0.18 €/kWh + 0.23 €
2026-10-09T00:02:23Z,STR-E-WEE3-B,0.18 €/kWh + 0.23 €
2026-10-09T00:02:23Z,STR-E-WHZ1-A,0 € + 0.16 €/kWh
2026-10-09T00:02:23Z,STR-E-WLGM-A,0 € + 0.16 €/kWh
2026-10-09T00:02:23Z,STR-E-WTQ5-A,0.18 €/kWh
2026-10-09T00:02:23Z,STR-E-WXV8-A,0.08 €/kWh
2026-10-09T00:02:23Z,STR-E-WYFE-A,0.18 €/kWh
2026-10-09T00:02:23Z,STR-E-WYFE-B,0.18 €/kWh
2026-10-09T00:02:23Z,STR-E-WYYC-A,0.18 €/kWh + 0.23 €
2026-10-09T00:02:23Z,STR-E-WYYC-B,0.18 €/kWh + 0.23 €
2026-10-09T00:02:23Z,STR-E-WZW9-A,0.08 €/kWh
2026-10-09T00:02:23Z,STR-E-X525-A,0.08 €/kWh
2026-10-09T00:02:23Z,STR-E-X54O-A,0 € + 0.16 €/kWh
2026-10-09T00:02:23Z,STR-E-XCMJ-A,0.08 € + 0.12 €/kWh
2026-10-09T00:02:23Z,STR-E-XCMJ-B,0.08 € + 0.12 €/kWh
2026-10-09T00:02:23Z,STR-E-XFON-A,0.08 €/kWh
2026-10-09T00:02:23Z,STR-E-XG69-A,0.08 € + 0.12 €/kWh
2026-10-09T00:02:23Z,STR-E-XG69-B,0.08 € + 0.12 €/kWh
2026-10-09T00:02:23Z,STR-E-XH51-A,0 € + 0.16 €/kWh
2026-10-09T00:02:23Z,STR-E-XKW2-A,0.18 €/kWh + 0.23 €
2026-10-09T00:02:23Z,STR-E-XKW2-B,0.18 €/kWh + 0.23 €
2026-10-09T00:02:23Z,STR-E-XRV8-A,0 € + 0.16 €/kWh
2026-10-09T00:02:23Z,STR-E-Y7JK-A,0 € + 0.16 €/kWh
2026-10-09T00:02:23Z,STR-E-Y82E-A,0 € + 0.16 €/kWh
2026-10-09T00:02:23Z,STR-E-YC50-A,0.08 €/kWh
2026-10-09T00:02:23Z,STR-E-Z2PJ-A,0.08 € + 0.12 €/kWh
2026-10-09T00:02:23Z,STR-E-Z2PJ-B,0.08 € + 0.12 €/kWh
2026-10-09T00:02:23Z,STR-E-ZA6O-A,0.08 €/kWh
2026-10-09T00:02:23Z,STR-E-ZEP7-A,0 € + 0.16 €/kWh
2026-10-09T00:02:23Z,STR-E-ZIAZ-A,0 € + 0.16 €/kWh
2026-10-09T00:02:23Z,STR-E-ZK9W-A,0 € + 0.16 €/kWh
2026-10-09T00:02:23Z,STR-E-ZS00-A,0.18 €/kWh + 0.23 €
2026-10-09T00:02:23Z,STR-E-ZS00-B,0.18 €/kWh + 0.23 €
2026-10-09T00:02:23Z,STR-E-ZWU5-A,0.08 € + 0.12 €/kWh
2026-10-09T00:02:23Z,STR-E-ZWU5-B,0.08 € + 0.12 €/kWh
2026-10-09T00:18:22Z,IKR-E-1220-A,0.3 € + 0.31 €/kWh
2026-10-09T00:18:22Z,IKR-E-1871-A,0.3 € + 0.31 €/kWh
2026-10-09T00:18:22Z,IKR-E-2G8J-A,0.3 € + 0.31 €/kWh
2026-10-09T00:18:22Z,IKR-E-3TSR-A,0.3 € + 0.31 €/kWh
2026-10-09T00:18:22Z,IKR-E-5715-A,0.3 € + 0.31 €/kWh
2026-10-09T00:18:22Z,IKR-E-5730-A,0.3 € + 0.38 €/kWh
2026-10-09T00:18:22Z,IKR-E-5CGU-A,0.3 € + 0.31 €/kWh
2026-10-09T00:18:22Z,IKR-E-7718-A,0.3 € + 0.38 €/kWh
2026-10-09T00:18:22Z,IKR-E-DVCM-A,0.3 € + 0.31 €/kWh
2026-10-09T00:18:22Z,IKR-E-E228-A,0.3 € + 0.31 €/kWh
2026-10-09T00:18:22Z,IKR-E-E475-A,0.3 € + 0.35 €/kWh
2026-10-09T00:18:22Z,IKR-E-E544-A,0.3 € + 0.35 €/kWh
2026-10-09T00:18:22Z,IKR-E-EKZA-A,0.3 € + 0.31 €/kWh
2026-10-09T00:18:22Z,IKR-E-GAY9-A,0.3 € + 0.31 €/kWh
2026-10-09T00:18:22Z,IKR-E-IZW2-A,0.3 € + 0.31 €/kWh
2026-10-09T00:18:22Z,IKR-E-J1JV-A,0.3 € + 0.31 €/kWh
2026-10-09T00:18:22Z,IKR-E-JJAJ-A,0.3 € + 0.31 €/kWh
2026-10-09T00:18:22Z,IKR-E-KMBH-A,0.3 € + 0.31 €/kWh
2026-10-09T00:18:22Z,IKR-E-LJZI-A,0.3 € + 0.31 €/kWh
2026-10-09T00:18:22Z,IKR-E-MAU9-A,0.29 € + 0.23 €/kWh
2026-10-09T00:18:22Z,IKR-E-OWF5-A,0.3 € + 0.36 €/kWh
2026-10-09T00:18:22Z,IKR-E-W6HQ-A,0.29 € + 0.23 €/kWh
2026-10-09T00:18:22Z,IKR-E-XIH2-A,0.3 € + 0.31 €/kWh
2026-10-09T00:18:22Z,IKR-E-Y2Z8-A,0.3 € + 0.29 €/kWh
2026-10-09T00:18:22Z,IKR-P-IV7E-B,0.3 € + 0.31 €/kWh
2026-10-09T00:18:22Z,IKR-P-SCM5-A,0.3 € + 0.36 €/kWh
2026-10-09T00:18:22Z,IKR-P-V9X4-A,0.3 € + 0.36 €/kWh
2026-10-09T00:18:22Z,IKR-P-V9X4-B,0.3 € + 0.36 €/kWh
2026-10-09T00:18:22Z,STR-E-027B-A,0.17 €/kWh + 0.23 €
2026-10-09T00:18:22Z,STR-E-027B-B,0.17 €/kWh + 0.23 €
2026-10-09T00:18:22Z,STR-E-21O1-A,0.17 €/kWh
2026-10-09T00:18:22Z,STR-E-21O1-B,0.17 €/kWh
2026-10-09T00:18:22Z,STR-E-3468-A,0.17 €/kWh
2026-10-09T00:18:22Z,STR-E-3468-B,0.17 €/kWh
2026-10-09T00:18:22Z,STR-E-3ENA-A,0.17 €/kWh
2026-10-09T00:18:22Z,STR-E-3ENA-B,0.17 €/kWh
2026-10-09T00:18:22Z,STR-E-3ENA-C,0.17 €/kWh
2026-10-09T00:18:22Z,STR-E-3FMF-A,0.17 €/kWh + 0.23 €
2026-10-09T00:18:22Z,STR-E-3FMF-B,0.17 €/kWh + 0.23 €
2026-10-09T00:18:22Z,STR-E-3SXI-A,0.17 €/kWh
2026-10-09T00:18:22Z,STR-E-3SXI-B,0.17 €/kWh
2026-10-09T00:18:22Z,STR-E-4156-A,0.23 €/kWh
2026-10-09T00:18:22Z,STR-E-4156-B,0.23 €/kWh
2026-10-09T00:18:22Z,STR-E-6UZQ-A,0.17 €/kWh
2026-10-09T00:18:22Z,STR-E-6UZQ-B,0.17 €/kWh
2026-10-09T00:18:22Z,STR-E-92KW-A,0.17 €/kWh + 0.23 €
2026-10-09T00:18:22Z,STR-E-ANJ0-A,0.17 €/kWh + 0.23 €
2026-10-09T00:18:22Z,STR-E-ANJ0-B,0.17 €/kWh + 0.23 €
2026-10-09T00:18:22Z,STR-E-AP96-A,0.17 €/kWh + 0.23 €
2026-10-09T00:18:22Z,STR-E-AP96-B,0.17 €/kWh + 0.23 €
2026-10-09T00:18:22Z,STR-E-BIKW-A,0.17 €/kWh + 0.23 €
2026-10-09T00:18:22Z,STR-E-BIKW-B,0.17 €/kWh + 0.23 €
2026-10-09T00:18:22Z,STR-E-D3MB-A,0.17 €/kWh + 0.23 €
2026-10-09T00:18:22Z,STR-E-D3MB-B,0.17 €/kWh + 0.23 €
2026-10-09T00:18:22Z,STR-E-E0DZ-A,0.17 €/kWh
2026-10-09T00:18:22Z,STR-E-E0DZ-B,0.17 €/kWh
2026-10-09T00:18:22Z,STR-E-ELFQ-A,0.17 €/kWh + 0.23 €
2026-10-09T00:18:22Z,STR-E-ELFQ-B,0.17 €/kWh + 0.23 €
2026-10-09T00:18:22Z,STR-E-F79A-A,0.17 €/kWh + 0.23 €
2026-10-09T00:18:22Z,STR-E-F79A-B,0.17 €/kWh + 0.23 €
2026-10-09T00:18:22Z,STR-E-IGH5-A,0.17 €/kWh + 0.23 €
2026-10-09T00:18:22Z,STR-E-IGH5-B,0.17 €/kWh + 0.23 €
2026-10-09T00:18:22Z,STR-E-K73C-A,0.17 €/kWh + 0.23 €
2026-10-09T00:18:22Z,STR-E-K73C-B,0.17 €/kWh + 0.23 €
2026-10-09T00:18:22Z,STR-E-OJ3E-A,0.17 €/kWh + 0.23 €
2026-10-09T00:18:22Z,STR-E-OJ3E-B,0.17 €/kWh + 0.23 €
2026-10-09T00:18:22Z,STR-E-PM3P-A,0.17 €/kWh + 0.23 €
2026-10-09T00:18:22Z,STR-E-PM3P-B,0.17 €/kWh + 0.23 €
2026-10-09T00:18:22Z,STR-E-Q5YF-A,0.17 €/kWh + 0.23 €
2026-10-09T00:18:22Z,STR-E-Q5YF-B,0.17 €/kWh + 0.23 €
2026-10-09T00:18:22Z,STR-E-Q7LB-A,0.17 €/kWh + 0.23 €
2026-10-09T00:18:22Z,STR-E-Q7LB-B,0.17 €/kWh + 0.23 €
2026-10-09T00:18:22Z,STR-E-R1MT-A,0.17 €/kWh + 0.23 €
2026-10-09T00:18:22Z,STR-E-R1MT-B,0.17 €/kWh + 0.23 €
2026-10-09T00:18:22Z,STR-E-R1PI-A,0.17 €/kWh + 0.23 €
2026-10-09T00:18:22Z,STR-E-R1PI-B,0.17 €/kWh + 0.23 €
2026-10-09T00:18:22Z,STR-E-R2LK-A,0.17 €/kWh + 0.23 €
2026-10-09T00:18:22Z,STR-E-R2LK-B,0.17 €/kWh + 0.23 €
2026-10-09T00:18:22Z,STR-E-S7YR-A,0.17 €/kWh + 0.23 €
2026-10-09T00:18:22Z,STR-E-S7YR-B,0.17 €/kWh + 0.23 €
2026-10-09T00:18:22Z,STR-E-SVR3-A,0.17 €/kWh + 0.23 €
2026-10-09T00:18:22Z,STR-E-SVR3-B,0.17 €/kWh + 0.23 €
2026-10-09T00:18:22Z,STR-E-WEE3-A,0.17 €/kWh + 0.23 €
2026-10-09T00:18:22Z,STR-E-WEE3-B,0.17 €/kWh + 0.23 €
2026-10-09T00:18:22Z,STR-E-WTQ5-A,0.17 €/kWh
2026-10-09T00:18:22Z,STR-E-WYFE-A,0.17 €/kWh
2026-10-09T00:18:22Z,STR-E-WYFE-B,0.17 €/kWh
2026-10-09T00:18:22Z,STR-E-WYYC-A,0.17 €/kWh + 0.23 €
2026-10-09T00:18:22Z,STR-E-WYYC-B,0.17 €/kWh + 0.23 €
2026-10-09T00:18:22Z,STR-E-XKW2-A,0.17 €/kWh + 0.23 €
2026-10-09T00:18:22Z,STR-E-XKW2-B,0.17 €/kWh + 0.23 €
2026-10-09T00:18:22Z,STR-E-ZS00-A,0.17 €/kWh + 0.23 €
2026-10-09T00:18:22Z,STR-E-ZS00-B,0.17 €/kWh + 0.23 €
2026-10-09T00:32:21Z,STR-E-02VO-A,0.19 €/kWh
2026-10-09T00:32:21Z,STR-E-02VO-B,0.19 €/kWh
2026-10-09T00:32:21Z,STR-E-04YS-A,0 € + 0.15 €/kWh
2026-10-09T00:32:21Z,STR-E-051F-A,0.08 € + 0.11 €/kWh
2026-10-09T00:32:21Z,STR-E-0698-A,0.07 €/kWh
2026-10-09T00:32:21Z,STR-E-0GEL-A,0.07 €/kWh
2026-10-09T00:32:21Z,STR-E-10G9-A,0.08 € + 0.11 €/kWh
2026-10-09T00:32:21Z,STR-E-10G9-B,0.08 € + 0.11 €/kWh
2026-10-09T00:32:21Z,STR-E-1162-A,0.07 €/kWh
2026-10-09T00:32:21Z,STR-E-11DT-A,0.07 €/kWh
2026-10-09T00:32:21Z,STR-E-1887-A,0.07 €/kWh
2026-10-09T00:32:21Z,STR-E-1927-A,0.07 €/kWh
2026-10-09T00:32:21Z,STR-E-1ME5-A,0.08 € + 0.11 €/kWh
2026-10-09T00:32:21Z,STR-E-1ME5-B,0.08 € + 0.11 €/kWh
2026-10-09T00:32:21Z,STR-E-1MHB-A,0.26 €/kWh
2026-10-09T00:32:21Z,STR-E-1MJQ-A,0.07 €/kWh
2026-10-09T00:32:21Z,STR-E-1X30-A,0 € + 0.15 €/kWh
2026-10-09T00:32:21Z,STR-E-2446-A,0 € + 0.15 €/kWh
2026-10-09T00:32:21Z,STR-E-2D12-A,0.07 €/kWh
2026-10-09T00:32:21Z,STR-E-2ED4-A,0.07 €/kWh
2026-10-09T00:32:21Z,STR-E-2K1Q-A,0 € + 0.15 €/kWh
2026-10-09T00:32:21Z,STR-E-2XDJ-A,0 € + 0.15 €/kWh
2026-10-09T00:32:21Z,STR-E-320G-A,0.07 €/kWh
2026-10-09T00:32:21Z,STR-E-3PZS-A,0.07 €/kWh
2026-10-09T00:32:21Z,STR-E-3TZI-A,0.07 €/kWh
2026-10-09T00:32:21Z,STR-E-3WE5-A,0 € + 0.15 €/kWh
2026-10-09T00:32:21Z,STR-E-3YH3-A,0.08 € + 0.11 €/kWh
2026-10-09T00:32:21Z,STR-E-3YH3-B,0.08 € + 0.11 €/kWh
2026-10-09T00:32:21Z,STR-E-491A-A,0.16 €/kWh
2026-10-09T00:32:21Z,STR-E-491A-B,0.16 €/kWh
2026-10-09T00:32:21Z,STR-E-491A-C,0.16 €/kWh
2026-10-09T00:32:21Z,STR-E-4DE6-A,0.16 €/kWh
2026-10-09T00:32:21Z,STR-E-4DE6-B,0.16 €/kWh
2026-10-09T00:32:21Z,STR-E-4LRS-A,0.07 €/kWh
2026-10-09T00:32:21Z,STR-E-4UGU-A,0.07 €/kWh
2026-10-09T00:32:21Z,STR-E-4YKC-A,0 € + 0.15 €/kWh
2026-10-09T00:32:21Z,STR-E-527U-A,0 € + 0.15 €/kWh
2026-10-09T00:32:21Z,STR-E-54PK-A,0.08 € + 0.11 €/kWh
2026-10-09T00:32:21Z,STR-E-54PK-B,0.08 € + 0.11 €/kWh
2026-10-09T00:32:21Z,STR-E-55I4-A,0 € + 0.15 €/kWh
2026-10-09T00:32:21Z,STR-E-566J-A,0 € + 0.15 €/kWh
2026-10-09T00:32:21Z,STR-E-59TF-A,0.08 € + 0.11 €/kWh
2026-10-09T00:32:21Z,STR-E-5DWB-A,0.07 €/kWh
2026-10-09T00:32:21Z,STR-E-5TI5-A,0.07 €/kWh
2026-10-09T00:32:21Z,STR-E-69PN-A,0.07 €/kWh
2026-10-09T00:32:21Z,STR-E-6CNG-A,0.07 €/kWh
2026-10-09T00:32:21Z,STR-E-6E7W-A,0 € + 0.15 €/kWh
2026-10-09T00:32:21Z,STR-E-6SQH-A,0.07 €/kWh
2026-10-09T00:32:21Z,STR-E-6ZTQ-A,0 € + 0.15 €/kWh
2026-10-09T00:32:21Z,STR-E-7438-A,0 € + 0.15 €/kWh
2026-10-09T00:32:21Z,STR-E-7A48-A,0.08 € + 0.11 €/kWh
2026-10-09T00:32:21Z,STR-E-7YBN-A,0 € + 0.15 €/kWh
2026-10-09T00:32:21Z,STR-E-86C0-A,0.07 €/kWh
2026-10-09T00:32:21Z,STR-E-88SA-A,0.07 €/kWh
2026-10-09T00:32:21Z,STR-E-8A02-A,0 € + 0.15 €/kWh
2026-10-09T00:32:21Z,STR-E-8M2O-A,0.07 €/kWh
2026-10-09T00:32:21Z,STR-E-8Q9F-A,0 € + 0.15 €/kWh
2026-10-09T00:32:21Z,STR-E-8XL5-A,0.07 €/kWh
2026-10-09T00:32:21Z,STR-E-8Y23-A,0.07 €/kWh
2026-10-09T00:32:21Z,STR-E-9AH3-A,0 € + 0.15 €/kWh
2026-10-09T00:32:21Z,STR-E-9I2R-A,0.07 €/kWh
2026-10-09T00:32:21Z,STR-E-9TUZ-A,0.07 €/kWh
2026-10-09T00:32:21Z,STR-E-9WY2-A,0.07 €/kWh
2026-10-09T00:32:21Z,STR-E-A169-A,0 € + 0.15 €/kWh
2026-10-09T00:32:21Z,STR-E-A27N-A,0.19 €/kWh
2026-10-09T00:32:21Z,STR-E-A27N-B,0.19 €/kWh
2026-10-09T00:32:21Z,STR-E-A27N-C,0.19 €/kWh
2026-10-09T00:32:21Z,STR-E-A442-A,0.07 €/kWh
2026-10-09T00:32:21Z,STR-E-AABG-A,0.07 €/kWh
2026-10-09T00:32:21Z,STR-E-ACMT-A,0.07 €/kWh
2026-10-09T00:32:21Z,STR-E-ADXE-A,0 € + 0.15 €/kWh
2026-10-09T00:32:21Z,STR-E-AF2O-A,0.08 € + 0.11 €/kWh
2026-10-09T00:32:21Z,STR-E-AMQK-A,0 € + 0.15 €/kWh
2026-10-09T00:32:21Z,STR-E-AUQ2-A,0 € + 0.15 €/kWh
2026-10-09T00:32:21Z,STR-E-AWF1-A,0.08 € + 0.11 €/kWh
2026-10-09T00:32:21Z,STR-E-AWF1-B,0.08 € + 0.11 €/kWh
2026-10-09T00:32:21Z,STR-E-AWJ9-A,0.19 €/kWh
2026-10-09T00:32:21Z,STR-E-AWJ9-B,0.19 €/kWh
2026-10-09T00:32:21Z,STR-E-B36V-A,0.19 € + 0.24 €/kWh
2026-10-09T00:32:21Z,STR-E-B36V-B,0.19 € + 0.24 €/kWh
2026-10-09T00:32:21Z,STR-E-BXA5-A,0.07 €/kWh
2026-10-09T00:32:21Z,STR-E-C91L-A,0.07 €/kWh
2026-10-09T00:32:21Z,STR-E-C99Z-A,0 € + 0.15 €/kWh
2026-10-09T00:32:21Z,STR-E-DBCC-A,0.08 € + 0.11 €/kWh
2026-10-09T00:32:21Z,STR-E-DBCC-B,0.08 € + 0.11 €/kWh
2026-10-09T00:32:21Z,STR-E-DHEJ-A,0 € + 0.15 €/kWh
2026-10-09T00:32:21Z,STR-E-E7HH-A,0.07 €/kWh
2026-10-09T00:32:21Z,STR-E-ECI7-A,0 € + 0.15 €/kWh
2026-10-09T00:32:21Z,STR-E-EFXK-A,0 € + 0.15 €/kWh
2026-10-09T00:32:21Z,STR-E-EPQY-A,0 € + 0.15 €/kWh
2026-10-09T00:32:21Z,STR-E-ER2N-A,0 € + 0.15 €/kWh
2026-10-09T00:32:21Z,STR-E-ES3O-A,0 € + 0.15 €/kWh
2026-10-09T00:32:21Z,STR-E-EU1U-A,0.07 €/kWh
2026-10-09T00:32:21Z,STR-E-F2G0-A,0.08 € + 0.11 €/kWh
2026-10-09T00:32:21Z,STR-E-F2G0-B,0.08 € + 0.11 €/kWh
2026-10-09T00:32:21Z,STR-E-F4B3-A,0.07 €/kWh
2026-10-09T00:32:21Z,STR-E-F5LZ-A,0.07 €/kWh
2026-10-09T00:32:21Z,STR-E-FGMF-A,0.07 €/kWh
2026-10-09T00:32:21Z,STR-E-FK06-A,0.07 €/kWh
2026-10-09T00:32:21Z,STR-E-FKUY-A,0 € + 0.15 €/kWh
2026-10-09T00:32:21Z,STR-E-FUE8-A,0.08 € + 0.11 €/kWh
2026-10-09T00:32:21Z,STR-E-FUE8-B,0.08 € + 0.11 €/kWh
2026-10-09T00:32:21Z,STR-E-G4VM-A,0.07 €/kWh
2026-10-09T00:32:21Z,STR-E-G518-A,0.07 €/kWh
2026-10-09T00:32:21Z,STR-E-GB9A-A,0.07 €/kWh
2026-10-09T00:32:21Z,STR-E-GFB3-A,0 € + 0.15 €/kWh
2026-10-09T00:32:21Z,STR-E-GGV8-A,0.07 €/kWh
2026-10-09T00:32:21Z,STR-E-GHJA-A,0.07 €/kWh
2026-10-09T00:32:21Z,STR-E-GK0C-A,0 € + 0.15 €/kWh
2026-10-09T00:32:21Z,STR-E-GR5K-A,0.07 €/kWh
2026-10-09T00:32:21Z,STR-E-H6Q5-A,0.07 €/kWh
2026-10-09T00:32:21Z,STR-E-HHXV-A,0 € + 0.15 €/kWh
2026-10-09T00:32:21Z,STR-E-I1KE-A,0 € + 0.15 €/kWh
2026-10-09T00:32:21Z,STR-E-I4UZ-A,0.07 €/kWh
2026-10-09T00:32:21Z,STR-E-I5FH-A,0.07 €/kWh
2026-10-09T00:32:21Z,STR-E-I8C6-A,0.07 €/kWh
2026-10-09T00:32:21Z,STR-E-IA3X-A,0.07 €/kWh
2026-10-09T00:32:21Z,STR-E-IAO5-A,0 € + 0.15 €/kWh
2026-10-09T00:32:21Z,STR-E-IIKL-A,0.08 € + 0.11 €/kWh
2026-10-09T00:32:21Z,STR-E-IIKL-B,0.08 € + 0.11 €/kWh
2026-10-09T00:32:21Z,STR-E-IPEC-A,0 € + 0.15 €/kWh
2026-10-09T00:32:21Z,STR-E-IV6T-A,0 € + 0.15 €/kWh
2026-10-09T00:32:21Z,STR-E-J54N-A,0 € + 0.15 €/kWh
2026-10-09T00:32:21Z,STR-E-J6DA-A,0 € + 0.15 €/kWh
2026-10-09T00:32:21Z,STR-E-J8VF-A,0 € + 0.15 €/kWh
2026-10-09T00:32:21Z,STR-E-JG90-A,0.08 €/kWh + 0.3 €
2026-10-09T00:32:21Z,STR-E-JG90-B,0.08 €/kWh + 0.3 €
2026-10-09T00:32:21Z,STR-E-JMOR-A,0 € + 0.15 €/kWh
2026-10-09T00:32:21Z,STR-E-JVO0-A,0.07 €/kWh
2026-10-09T00:32:21Z,STR-E-K217-A,0 € + 0.15 €/kWh
2026-10-09T00:32:21Z,STR-E-KBZL-A,0.07 €/kWh
2026-10-09T00:32:21Z,STR-E-KOHN-A,0 € + 0.15 €/kWh
2026-10-09T00:32:21Z,STR-E-KT5B-A,0 € + 0.15 €/kWh
2026-10-09T00:32:21Z,STR-E-KUKS-A,0.08 € + 0.11 €/kWh
2026-10-09T00:32:21Z,STR-E-KUKS-B,0.08 € + 0.11 €/kWh
2026-10-09T00:32:21Z,STR-E-L84D-A,0.07 €/kWh
2026-10-09T00:32:21Z,STR-E-LISV-A,0.07 €/kWh
2026-10-09T00:32:21Z,STR-E-LKFQ-A,0.07 €/kWh
2026-10-09T00:32:21Z,STR-E-LREY-A,0.26 €/kWh
2026-10-09T00:32:21Z,STR-E-M1IB-A,0.07 €/kWh
2026-10-09T00:32:21Z,STR-E-M8WL-A,0.07 €/kWh
2026-10-09T00:32:21Z,STR-E-M9W7-A,0.07 €/kWh
2026-10-09T00:32:21Z,STR-E-MIP3-A,0.16 €/kWh
2026-10-09T00:32:21Z,STR-E-MIP3-B,0.16 €/kWh
2026-10-09T00:32:21Z,STR-E-MSEN-A,0.07 €/kWh
2026-10-09T00:32:21Z,STR-E-MSUL-A,0.07 €/kWh
2026-10-09T00:32:21Z,STR-E-N6P5-A,0.07 €/kWh
2026-10-09T00:32:21Z,STR-E-NCKT-A,0.08 € + 0.11 €/kWh
2026-10-09T00:32:21Z,STR-E-NCKT-B,0.08 € + 0.11 €/kWh
2026-10-09T00:32:21Z,STR-E-NDU2-A,0 € + 0.15 €/kWh
2026-10-09T00:32:21Z,STR-E-NDZ4-A,0 € + 0.15 €/kWh
2026-10-09T00:32:21Z,STR-E-NFV5-A,0 € + 0.15 €/kWh
2026-10-09T00:32:21Z,STR-E-NNGC-A,0.07 €/kWh
2026-10-09T00:32:21Z,STR-E-NSGB-A,0 € + 0.15 €/kWh
2026-10-09T00:32:21Z,STR-E-NY0Q-A,0.15 € + 0.16 €/kWh
2026-10-09T00:32:21Z,STR-E-O0VK-A,0.07 €/kWh
2026-10-09T00:32:21Z,STR-E-O5JX-A,0 € + 0.15 €/kWh
2026-10-09T00:32:21Z,STR-E-O5YW-A,0.08 € + 0.11 €/kWh
2026-10-09T00:32:21Z,STR-E-O5YW-B,0.08 € + 0.11 €/kWh
2026-10-09T00:32:21Z,STR-E-OFWF-A,0 € + 0.15 €/kWh
2026-10-09T00:32:21Z,STR-E-OG1X-A,0.07 €/kWh
2026-10-09T00:32:21Z,STR-E-OHH6-A,0 € + 0.15 €/kWh
2026-10-09T00:32:21Z,STR-E-OQKZ-A,0.07 €/kWh
2026-10-09T00:32:21Z,STR-E-P46N-A,0 € + 0.15 €/kWh
2026-10-09T00:32:21Z,STR-E-P7AF-A,0.08 € + 0.11 €/kWh
2026-10-09T00:32:21Z,STR-E-P7AF-B,0.08 € + 0.11 €/kWh
2026-10-09T00:32:21Z,STR-E-PC04-A,0.07 €/kWh
2026-10-09T00:32:21Z,STR-E-PDR2-A,0.07 €/kWh
2026-10-09T00:32:21Z,STR-E-PJCQ-A,0.08 € + 0.11 €/kWh
2026-10-09T00:32:21Z,STR-E-PJCQ-B,0.08 € + 0.11 €/kWh
2026-10-09T00:32:21Z,STR-E-PRUQ-A,0.07 €/kWh
2026-10-09T00:32:21Z,STR-E-PSU9-A,0.07 €/kWh
2026-10-09T00:32:21Z,STR-E-PZ9U-A,0.07 €/kWh
2026-10-09T00:32:21Z,STR-E-PZES-A,0.07 €/kWh
2026-10-09T00:32:21Z,STR-E-QAXH-A,0.15 € + 0.16 €/kWh
2026-10-09T00:32:21Z,STR-E-QE1X-A,0.08 € + 0.11 €/kWh
2026-10-09T00:32:21Z,STR-E-QE1X-B,0.08 € + 0.11 €/kWh
2026-10-09T00:32:21Z,STR-E-QEDL-A,0.07 €/kWh
2026-10-09T00:32:21Z,STR-E-QIQM-A,0.07 €/kWh
2026-10-09T00:32:21Z,STR-E-QLC9-A,0.16 €/kWh
2026-10-09T00:32:21Z,STR-E-QLC9-B,0.16 €/kWh
2026-10-09T00:32:21Z,STR-E-R0J8-A,0.07 €/kWh
2026-10-09T00:32:21Z,STR-E-R8PQ-A,0 € + 0.15 €/kWh
2026-10-09T00:32:21Z,STR-E-R9GA-A,0.07 €/kWh
2026-10-09T00:32:21Z,STR-E-RJH9-A,0.07 €/kWh
2026-10-09T00:32:21Z,STR-E-RKWJ-A,0.07 €/kWh
2026-10-09T00:32:21Z,STR-E-S42D-A,0.07 €/kWh
2026-10-09T00:32:21Z,STR-E-S6VR-A,0 € + 0.15 €/kWh
2026-10-09T00:32:21Z,STR-E-SGC2-A,0 € + 0.15 €/kWh
2026-10-09T00:32:21Z,STR-E-SJKA-A,0.07 €/kWh
2026-10-09T00:32:21Z,STR-E-SQX8-A,0.08 € + 0.11 €/kWh
2026-10-09T00:32:21Z,STR-E-SQX8-B,0.08 € + 0.11 €/kWh
2026-10-09T00:32:21Z,STR-E-SY9Y-A,0.07 €/kWh
2026-10-09T00:32:21Z,STR-E-TO2O-A,0.07 €/kWh
2026-10-09T00:32:21Z,STR-E-TX67-A,0.19 €/kWh
2026-10-09T00:32:21Z,STR-E-TX67-B,0.19 €/kWh
2026-10-09T00:32:21Z,STR-E-U41O-A,0 € + 0.15 €/kWh
2026-10-09T00:32:21Z,STR-E-U5TP-A,0.07 €/kWh
2026-10-09T00:32:21Z,STR-E-UKPS-A,0.15 € + 0.16 €/kWh
2026-10-09T00:32:21Z,STR-E-UPAQ-A,0.16 €/kWh
2026-10-09T00:32:21Z,STR-E-UPAQ-B,0.16 €/kWh
2026-10-09T00:32:21Z,STR-E-UPOS-A,0.08 € + 0.11 €/kWh
2026-10-09T00:32:21Z,STR-E-UPOS-B,0.08 € + 0.11 €/kWh
2026-10-09T00:32:21Z,STR-E-UY5H-A,0.07 €/kWh
2026-10-09T00:32:21Z,STR-E-V17G-A,0.07 €/kWh
2026-10-09T00:32:21Z,STR-E-V31J-A,0.07 €/kWh
2026-10-09T00:32:21Z,STR-E-V50T-A,0.07 €/kWh
2026-10-09T00:32:21Z,STR-E-V9SD-A,0.07 €/kWh
2026-10-09T00:32:21Z,STR-E-V9ZR-A,0.07 €/kWh
2026-10-09T00:32:21Z,STR-E-VBMP-A,0.07 €/kWh
2026-10-09T00:32:21Z,STR-E-VJBJ-A,0 € + 0.15 €/kWh
2026-10-09T00:32:21Z,STR-E-VPDB-A,0.07 €/kWh
2026-10-09T00:32:21Z,STR-E-VQ06-A,0 € + 0.15 €/kWh
2026-10-09T00:32:21Z,STR-E-VSDJ-A,0.19 €/kWh
2026-10-09T00:32:21Z,STR-E-VSDJ-B,0.19 €/kWh
2026-10-09T00:32:21Z,STR-E-VT0G-A,0.07 €/kWh
2026-10-09T00:32:21Z,STR-E-VX2O-A,0 € + 0.15 €/kWh
2026-10-09T00:32:21Z,STR-E-VXGH-A,0.07 €/kWh
2026-10-09T00:32:21Z,STR-E-W1X4-A,0.07 €/kWh
2026-10-09T00:32:21Z,STR-E-WHZ1-A,0 € + 0.15 €/kWh
2026-10-09T00:32:21Z,STR-E-WLGM-A,0 € + 0.15 €/kWh
2026-10-09T00:32:21Z,STR-E-WXV8-A,0.07 €/kWh
2026-10-09T00:32:21Z,STR-E-WZW9-A,0.07 €/kWh
2026-10-09T00:32:21Z,STR-E-X525-A,0.07 €/kWh
2026-10-09T00:32:21Z,STR-E-X54O-A,0 € + 0.15 €/kWh
2026-10-09T00:32:21Z,STR-E-XCMJ-A,0.08 € + 0.11 €/kWh
2026-10-09T00:32:21Z,STR-E-XCMJ-B,0.08 € + 0.11 €/kWh
2026-10-09T00:32:21Z,STR-E-XFON-A,0.07 €/kWh
2026-10-09T00:32:21Z,STR-E-XG69-A,0.08 € + 0.11 €/kWh
2026-10-09T00:32:21Z,STR-E-XG69-B,0.08 € + 0.11 €/kWh
2026-10-09T00:32:21Z,STR-E-XH51-A,0 € + 0.15 €/kWh
2026-10-09T00:32:21Z,STR-E-XRV8-A,0 € + 0.15 €/kWh
2026-10-09T00:32:21Z,STR-E-Y7JK-A,0 € + 0.15 €/kWh
2026-10-09T00:32:21Z,STR-E-Y82E-A,0 € + 0.15 €/kWh
2026-10-09T00:32:21Z,STR-E-YC50-A,0.07 €/kWh
2026-10-09T00:32:21Z,STR-E-Z2PJ-A,0.08 € + 0.11 €/kWh
2026-10-09T00:32:21Z,STR-E-Z2PJ-B,0.08 € + 0.11 €/kWh
2026-10-09T00:32:21Z,STR-E-ZA6O-A,0.07 €/kWh
2026-10-09T00:32:21Z,STR-E-ZEP7-A,0 € + 0.15 €/kWh
2026-10-09T00:32:21Z,STR-E-ZIAZ-A,0 € + 0.15 €/kWh
2026-10-09T00:32:21Z,STR-E-ZK9W-A,0 € + 0.15 €/kWh
2026-10-09T00:32:21Z,STR-E-ZWU5-A,0.08 € + 0.11 €/kWh
2026-10-09T00:32:21Z,STR-E-ZWU5-B,0.08 € + 0.11 €/kWh
2026-10-09T00:48:22Z,IKR-E-E228-A,0.3 € + 0.33 €/kWh
2026-10-09T00:48:22Z,IKR-E-EKZA-A,0.3 € + 0.33 €/kWh
2026-10-09T00:48:22Z,IKR-E-J1JV-A,0.3 € + 0.33 €/kWh
2026-10-09T00:48:22Z,IKR-E-MAU9-A,0.29 € + 0.24 €/kWh
2026-10-09T00:48:22Z,IKR-E-W6HQ-A,0.29 € + 0.24 €/kWh
2026-10-09T00:48:22Z,STR-E-027B-A,0.16 €/kWh + 0.23 €
2026-10-09T00:48:22Z,STR-E-027B-B,0.16 €/kWh + 0.23 €
2026-10-09T00:48:22Z,STR-E-21O1-A,0.16 €/kWh
2026-10-09T00:48:22Z,STR-E-21O1-B,0.16 €/kWh
2026-10-09T00:48:22Z,STR-E-3468-A,0.16 €/kWh
2026-10-09T00:48:22Z,STR-E-3468-B,0.16 €/kWh
2026-10-09T00:48:22Z,STR-E-3ENA-A,0.16 €/kWh
2026-10-09T00:48:22Z,STR-E-3ENA-B,0.16 €/kWh
2026-10-09T00:48:22Z,STR-E-3ENA-C,0.16 €/kWh
2026-10-09T00:48:22Z,STR-E-3FMF-A,0.16 €/kWh + 0.23 €
2026-10-09T00:48:22Z,STR-E-3FMF-B,0.16 €/kWh + 0.23 €
2026-10-09T00:48:22Z,STR-E-3SXI-A,0.16 €/kWh
2026-10-09T00:48:22Z,STR-E-3SXI-B,0.16 €/kWh
2026-10-09T00:48:22Z,STR-E-4156-A,0.22 €/kWh
2026-10-09T00:48:22Z,STR-E-4156-B,0.22 €/kWh
2026-10-09T00:48:22Z,STR-E-4KWM-A,0.26 €/kWh
2026-10-09T00:48:22Z,STR-E-4KWM-B,0.26 €/kWh
2026-10-09T00:48:22Z,STR-E-6UZQ-A,0.16 €/kWh
2026-10-09T00:48:22Z,STR-E-6UZQ-B,0.16 €/kWh
2026-10-09T00:48:22Z,STR-E-7Z8G-A,0.26 €/kWh
2026-10-09T00:48:22Z,STR-E-7Z8G-B,0.26 €/kWh
2026-10-09T00:48:22Z,STR-E-92KW-A,0.16 €/kWh + 0.23 €
2026-10-09T00:48:22Z,STR-E-ANJ0-A,0.16 €/kWh + 0.23 €
2026-10-09T00:48:22Z,STR-E-ANJ0-B,0.16 €/kWh + 0.23 €
2026-10-09T00:48:22Z,STR-E-AP96-A,0.16 €/kWh + 0.23 €
2026-10-09T00:48:22Z,STR-E-AP96-B,0.16 €/kWh + 0.23 €
2026-10-09T00:48:22Z,STR-E-BIKW-A,0.16 €/kWh + 0.23 €
2026-10-09T00:48:22Z,STR-E-BIKW-B,0.16 €/kWh + 0.23 €
2026-10-09T00:48:22Z,STR-E-D3MB-A,0.16 €/kWh + 0.23 €
2026-10-09T00:48:22Z,STR-E-D3MB-B,0.16 €/kWh + 0.23 €
2026-10-09T00:48:22Z,STR-E-E0DZ-A,0.16 €/kWh
2026-10-09T00:48:22Z,STR-E-E0DZ-B,0.16 €/kWh
2026-10-09T00:48:22Z,STR-E-ELFQ-A,0.16 €/kWh + 0.23 €
2026-10-09T00:48:22Z,STR-E-ELFQ-B,0.16 €/kWh + 0.23 €
2026-10-09T00:48:22Z,STR-E-F79A-A,0.16 €/kWh + 0.23 €
2026-10-09T00:48:22Z,STR-E-F79A-B,0.16 €/kWh + 0.23 €
2026-10-09T00:48:22Z,STR-E-GE77-A,0.26 €/kWh
2026-10-09T00:48:22Z,STR-E-GE77-B,0.26 €/kWh
2026-10-09T00:48:22Z,STR-E-IGH5-A,0.16 €/kWh + 0.23 €
2026-10-09T00:48:22Z,STR-E-IGH5-B,0.16 €/kWh + 0.23 €
2026-10-09T00:48:22Z,STR-E-K73C-A,0.16 €/kWh + 0.23 €
2026-10-09T00:48:22Z,STR-E-K73C-B,0.16 €/kWh + 0.23 €
2026-10-09T00:48:22Z,STR-E-ODBK-A,0.26 €/kWh
2026-10-09T00:48:22Z,STR-E-ODBK-B,0.26 €/kWh
2026-10-09T00:48:22Z,STR-E-OJ3E-A,0.16 €/kWh + 0.23 €
2026-10-09T00:48:22Z,STR-E-OJ3E-B,0.16 €/kWh + 0.23 €
2026-10-09T00:48:22Z,STR-E-PM3P-A,0.16 €/kWh + 0.23 €
2026-10-09T00:48:22Z,STR-E-PM3P-B,0.16 €/kWh + 0.23 €
2026-10-09T00:48:22Z,STR-E-Q5YF-A,0.16 €/kWh + 0.23 €
2026-10-09T00:48:22Z,STR-E-Q5YF-B,0.16 €/kWh + 0.23 €
2026-10-09T00:48:22Z,STR-E-Q7LB-A,0.16 €/kWh + 0.23 €
2026-10-09T00:48:22Z,STR-E-Q7LB-B,0.16 €/kWh + 0.23 €
2026-10-09T00:48:22Z,STR-E-R1MT-A,0.16 €/kWh + 0.23 €
2026-10-09T00:48:22Z,STR-E-R1MT-B,0.16 €/kWh + 0.23 €
2026-10-09T00:48:22Z,STR-E-R1PI-A,0.16 €/kWh + 0.23 €
2026-10-09T00:48:22Z,STR-E-R1PI-B,0.16 €/kWh + 0.23 €
2026-10-09T00:48:22Z,STR-E-R2LK-A,0.16 €/kWh + 0.23 €
2026-10-09T00:48:22Z,STR-E-R2LK-B,0.16 €/kWh + 0.23 €
2026-10-09T00:48:22Z,STR-E-S7YR-A,0.16 €/kWh + 0.23 €
2026-10-09T00:48:22Z,STR-E-S7YR-B,0.16 €/kWh + 0.23 €
2026-10-09T00:48:22Z,STR-E-SVR3-A,0.16 €/kWh + 0.23 €
2026-10-09T00:48:22Z,STR-E-SVR3-B,0.16 €/kWh + 0.23 €
2026-10-09T00:48:22Z,STR-E-WEE3-A,0.16 €/kWh + 0.23 €
2026-10-09T00:48:22Z,STR-E-WEE3-B,0.16 €/kWh + 0.23 €
2026-10-09T00:48:22Z,STR-E-WTQ5-A,0.16 €/kWh
2026-10-09T00:48:22Z,STR-E-WYFE-A,0.16 €/kWh
2026-10-09T00:48:22Z,STR-E-WYFE-B,0.16 €/kWh
2026-10-09T00:48:22Z,STR-E-WYYC-A,0.16 €/kWh + 0.23 €
2026-10-09T00:48:22Z,STR-E-WYYC-B,0.16 €/kWh + 0.23 €
2026-10-09T00:48:22Z,STR-E-XKW2-A,0.16 €/kWh + 0.23 €
2026-10-09T00:48:22Z,STR-E-XKW2-B,0.16 €/kWh + 0.23 €
2026-10-09T00:48:22Z,STR-E-ZS00-A,0.16 €/kWh + 0.23 €
2026-10-09T00:48:22Z,STR-E-ZS00-B,0.16 €/kWh + 0.23 €
2026-10-09T01:02:22Z,IKR-E-1220-A,0.3 € + 0.33 €/kWh
2026-10-09T01:02:22Z,IKR-E-1871-A,0.3 € + 0.33 €/kWh
2026-10-09T01:02:22Z,IKR-E-2G8J-A,0.3 € + 0.33 €/kWh
2026-10-09T01:02:22Z,IKR-E-3TSR-A,0.3 € + 0.33 €/kWh
2026-10-09T01:02:22Z,IKR-E-5715-A,0.3 € + 0.33 €/kWh
2026-10-09T01:02:22Z,IKR-E-5730-A,0.3 € + 0.39 €/kWh
2026-10-09T01:02:22Z,IKR-E-5CGU-A,0.3 € + 0.33 €/kWh
2026-10-09T01:02:22Z,IKR-E-7718-A,0.3 € + 0.39 €/kWh
2026-10-09T01:02:22Z,IKR-E-DVCM-A,0.3 € + 0.33 €/kWh
2026-10-09T01:02:22Z,IKR-E-E475-A,0.3 € + 0.36 €/kWh
2026-10-09T01:02:22Z,IKR-E-E544-A,0.3 € + 0.36 €/kWh
2026-10-09T01:02:22Z,IKR-E-GAY9-A,0.3 € + 0.33 €/kWh
2026-10-09T01:02:22Z,IKR-E-IZW2-A,0.3 € + 0.33 €/kWh
2026-10-09T01:02:22Z,IKR-E-JJAJ-A,0.3 € + 0.33 €/kWh
2026-10-09T01:02:22Z,IKR-E-KMBH-A,0.3 € + 0.33 €/kWh
2026-10-09T01:02:22Z,IKR-E-LJZI-A,0.3 € + 0.33 €/kWh
2026-10-09T01:02:22Z,IKR-E-OWF5-A,0.3 € + 0.38 €/kWh
2026-10-09T01:02:22Z,IKR-E-XIH2-A,0.3 € + 0.33 €/kWh
2026-10-09T01:02:22Z,IKR-E-Y2Z8-A,0.3 € + 0.3 €/kWh
2026-10-09T01:02:22Z,IKR-P-IV7E-B,0.3 € + 0.33 €/kWh
2026-10-09T01:02:22Z,IKR-P-SCM5-A,0.3 € + 0.38 €/kWh
2026-10-09T01:02:22Z,IKR-P-V9X4-A,0.3 € + 0.38 €/kWh
2026-10-09T01:02:22Z,IKR-P-V9X4-B,0.3 € + 0.38 €/kWh
2026-10-09T01:02:22Z,STR-E-027B-A,0.17 €/kWh + 0.23 €
2026-10-09T01:02:22Z,STR-E-027B-B,0.17 €/kWh + 0.23 €
2026-10-09T01:02:22Z,STR-E-1MHB-A,0.27 €/kWh
2026-10-09T01:02:22Z,STR-E-21O1-A,0.17 €/kWh
2026-10-09T01:02:22Z,STR-E-21O1-B,0.17 €/kWh
2026-10-09T01:02:22Z,STR-E-3468-A,0.17 €/kWh
2026-10-09T01:02:22Z,STR-E-3468-B,0.17 €/kWh
2026-10-09T01:02:22Z,STR-E-3ENA-A,0.17 €/kWh
2026-10-09T01:02:22Z,STR-E-3ENA-B,0.17 €/kWh
2026-10-09T01:02:22Z,STR-E-3ENA-C,0.17 €/kWh
2026-10-09T01:02:22Z,STR-E-3FMF-A,0.17 €/kWh + 0.23 €
2026-10-09T01:02:22Z,STR-E-3FMF-B,0.17 €/kWh + 0.23 €
2026-10-09T01:02:22Z,STR-E-3SXI-A,0.17 €/kWh
2026-10-09T01:02:22Z,STR-E-3SXI-B,0.17 €/kWh
2026-10-09T01:02:22Z,STR-E-4156-A,0.23 €/kWh
2026-10-09T01:02:22Z,STR-E-4156-B,0.23 €/kWh
2026-10-09T01:02:22Z,STR-E-4KWM-A,0.27 €/kWh
2026-10-09T01:02:22Z,STR-E-4KWM-B,0.27 €/kWh
2026-10-09T01:02:22Z,STR-E-6UZQ-A,0.17 €/kWh
2026-10-09T01:02:22Z,STR-E-6UZQ-B,0.17 €/kWh
2026-10-09T01:02:22Z,STR-E-7Z8G-A,0.27 €/kWh
2026-10-09T01:02:22Z,STR-E-7Z8G-B,0.27 €/kWh
2026-10-09T01:02:22Z,STR-E-92KW-A,0.17 €/kWh + 0.23 €
2026-10-09T01:02:22Z,STR-E-ANJ0-A,0.17 €/kWh + 0.23 €
2026-10-09T01:02:22Z,STR-E-ANJ0-B,0.17 €/kWh + 0.23 €
2026-10-09T01:02:22Z,STR-E-AP96-A,0.17 €/kWh + 0.23 €
2026-10-09T01:02:22Z,STR-E-AP96-B,0.17 €/kWh + 0.23 €
2026-10-09T01:02:22Z,STR-E-BIKW-A,0.17 €/kWh + 0.23 €
2026-10-09T01:02:22Z,STR-E-BIKW-B,0.17 €/kWh + 0.23 €
2026-10-09T01:02:22Z,STR-E-D3MB-A,0.17 €/kWh + 0.23 €
2026-10-09T01:02:22Z,STR-E-D3MB-B,0.17 €/kWh + 0.23 €
2026-10-09T01:02:22Z,STR-E-E0DZ-A,0.17 €/kWh
2026-10-09T01:02:22Z,STR-E-E0DZ-B,0.17 €/kWh
2026-10-09T01:02:22Z,STR-E-ELFQ-A,0.17 €/kWh + 0.23 €
2026-10-09T01:02:22Z,STR-E-ELFQ-B,0.17 €/kWh + 0.23 €
2026-10-09T01:02:22Z,STR-E-F79A-A,0.17 €/kWh + 0.23 €
2026-10-09T01:02:22Z,STR-E-F79A-B,0.17 €/kWh + 0.23 €
2026-10-09T01:02:22Z,STR-E-GE77-A,0.27 €/kWh
2026-10-09T01:02:22Z,STR-E-GE77-B,0.27 €/kWh
2026-10-09T01:02:22Z,STR-E-IGH5-A,0.17 €/kWh + 0.23 €
2026-10-09T01:02:22Z,STR-E-IGH5-B,0.17 €/kWh + 0.23 €
2026-10-09T01:02:22Z,STR-E-K73C-A,0.17 €/kWh + 0.23 €
2026-10-09T01:02:22Z,STR-E-K73C-B,0.17 €/kWh + 0.23 €
2026-10-09T01:02:22Z,STR-E-LREY-A,0.27 €/kWh
2026-10-09T01:02:22Z,STR-E-NY0Q-A,0.15 € + 0.17 €/kWh
2026-10-09T01:02:22Z,STR-E-ODBK-A,0.27 €/kWh
2026-10-09T01:02:22Z,STR-E-ODBK-B,0.27 €/kWh
2026-10-09T01:02:22Z,STR-E-OJ3E-A,0.17 €/kWh + 0.23 €
2026-10-09T01:02:22Z,STR-E-OJ3E-B,0.17 €/kWh + 0.23 €
2026-10-09T01:02:22Z,STR-E-PM3P-A,0.17 €/kWh + 0.23 €
2026-10-09T01:02:22Z,STR-E-PM3P-B,0.17 €/kWh + 0.23 €
2026-10-09T01:02:22Z,STR-E-Q5YF-A,0.17 €/kWh + 0.23 €
2026-10-09T01:02:22Z,STR-E-Q5YF-B,0.17 €/kWh + 0.23 €
2026-10-09T01:02:22Z,STR-E-Q7LB-A,0.17 €/kWh + 0.23 €
2026-10-09T01:02:22Z,STR-E-Q7LB-B,0.17 €/kWh + 0.23 €
2026-10-09T01:02:22Z,STR-E-QAXH-A,0.15 € + 0.17 €/kWh
2026-10-09T01:02:22Z,STR-E-R1MT-A,0.17 €/kWh + 0.23 €
2026-10-09T01:02:22Z,STR-E-R1MT-B,0.17 €/kWh + 0.23 €
2026-10-09T01:02:22Z,STR-E-R1PI-A,0.17 €/kWh + 0.23 €
2026-10-09T01:02:22Z,STR-E-R1PI-B,0.17 €/kWh + 0.23 €
2026-10-09T01:02:22Z,STR-E-R2LK-A,0.17 €/kWh + 0.23 €
2026-10-09T01:02:22Z,STR-E-R2LK-B,0.17 €/kWh + 0.23 €
2026-10-09T01:02:22Z,STR-E-S7YR-A,0.17 €/kWh + 0.23 €
2026-10-09T01:02:22Z,STR-E-S7YR-B,0.17 €/kWh + 0.23 €
2026-10-09T01:02:22Z,STR-E-SVR3-A,0.17 €/kWh + 0.23 €
2026-10-09T01:02:22Z,STR-E-SVR3-B,0.17 €/kWh + 0.23 €
2026-10-09T01:02:22Z,STR-E-UKPS-A,0.15 € + 0.17 €/kWh
2026-10-09T01:02:22Z,STR-E-WEE3-A,0.17 €/kWh + 0.23 €
2026-10-09T01:02:22Z,STR-E-WEE3-B,0.17 €/kWh + 0.23 €
2026-10-09T01:02:22Z,STR-E-WTQ5-A,0.17 €/kWh
2026-10-09T01:02:22Z,STR-E-WYFE-A,0.17 €/kWh
2026-10-09T01:02:22Z,STR-E-WYFE-B,0.17 €/kWh
2026-10-09T01:02:22Z,STR-E-WYYC-A,0.17 €/kWh + 0.23 €
2026-10-09T01:02:22Z,STR-E-WYYC-B,0.17 €/kWh + 0.23 €
2026-10-09T01:02:22Z,STR-E-XKW2-A,0.17 €/kWh + 0.23 €
2026-10-09T01:02:22Z,STR-E-XKW2-B,0.17 €/kWh + 0.23 €
2026-10-09T01:02:22Z,STR-E-ZS00-A,0.17 €/kWh + 0.23 €
2026-10-09T01:02:22Z,STR-E-ZS00-B,0.17 €/kWh + 0.23 €
2026-10-09T01:16:25Z,IKR-E-E475-A,0.3 € + 0.35 €/kWh
2026-10-09T01:16:25Z,IKR-E-E544-A,0.3 € + 0.35 €/kWh
2026-10-09T01:16:25Z,IKR-E-Y2Z8-A,0.3 € + 0.29 €/kWh
2026-10-09T01:16:25Z,STR-E-1MHB-A,0.26 €/kWh
2026-10-09T01:16:25Z,STR-E-LREY-A,0.26 €/kWh
2026-10-09T01:16:25Z,STR-E-NY0Q-A,0.15 € + 0.16 €/kWh
2026-10-09T01:16:25Z,STR-E-QAXH-A,0.15 € + 0.16 €/kWh
2026-10-09T01:16:25Z,STR-E-UKPS-A,0.15 € + 0.16 €/kWh
2026-10-09T01:32:22Z,IKR-E-1220-A,0.3 € + 0.31 €/kWh
2026-10-09T01:32:22Z,IKR-E-1871-A,0.3 € + 0.31 €/kWh
2026-10-09T01:32:22Z,IKR-E-2G8J-A,0.3 € + 0.31 €/kWh
2026-10-09T01:32:22Z,IKR-E-3TSR-A,0.3 € + 0.31 €/kWh
2026-10-09T01:32:22Z,IKR-E-5715-A,0.3 € + 0.31 €/kWh
2026-10-09T01:32:22Z,IKR-E-5730-A,0.3 € + 0.38 €/kWh
2026-10-09T01:32:22Z,IKR-E-5CGU-A,0.3 € + 0.31 €/kWh
2026-10-09T01:32:22Z,IKR-E-7718-A,0.3 € + 0.38 €/kWh
2026-10-09T01:32:22Z,IKR-E-DVCM-A,0.3 € + 0.31 €/kWh
2026-10-09T01:32:22Z,IKR-E-E228-A,0.3 € + 0.31 €/kWh
2026-10-09T01:32:22Z,IKR-E-EKZA-A,0.3 € + 0.31 €/kWh
2026-10-09T01:32:22Z,IKR-E-GAY9-A,0.3 € + 0.31 €/kWh
2026-10-09T01:32:22Z,IKR-E-IZW2-A,0.3 € + 0.31 €/kWh
2026-10-09T01:32:22Z,IKR-E-J1JV-A,0.3 € + 0.31 €/kWh
2026-10-09T01:32:22Z,IKR-E-JJAJ-A,0.3 € + 0.31 €/kWh
2026-10-09T01:32:22Z,IKR-E-KMBH-A,0.3 € + 0.31 €/kWh
2026-10-09T01:32:22Z,IKR-E-LJZI-A,0.3 € + 0.31 €/kWh
2026-10-09T01:32:22Z,IKR-E-MAU9-A,0.29 € + 0.23 €/kWh
2026-10-09T01:32:22Z,IKR-E-OWF5-A,0.3 € + 0.36 €/kWh
2026-10-09T01:32:22Z,IKR-E-W6HQ-A,0.29 € + 0.23 €/kWh
2026-10-09T01:32:22Z,IKR-E-XIH2-A,0.3 € + 0.31 €/kWh
2026-10-09T01:32:22Z,IKR-P-IV7E-B,0.3 € + 0.31 €/kWh
2026-10-09T01:32:22Z,IKR-P-SCM5-A,0.3 € + 0.36 €/kWh
2026-10-09T01:32:22Z,IKR-P-V9X4-A,0.3 € + 0.36 €/kWh
2026-10-09T01:32:22Z,IKR-P-V9X4-B,0.3 € + 0.36 €/kWh
2026-10-09T01:32:22Z,STR-E-1MHB-A,0.27 €/kWh
2026-10-09T01:32:22Z,STR-E-LREY-A,0.27 €/kWh
2026-10-09T01:48:21Z,STR-E-027B-A,0.16 €/kWh + 0.23 €
2026-10-09T01:48:21Z,STR-E-027B-B,0.16 €/kWh + 0.23 €
2026-10-09T01:48:21Z,STR-E-1MHB-A,0.26 €/kWh
2026-10-09T01:48:21Z,STR-E-21O1-A,0.16 €/kWh
2026-10-09T01:48:21Z,STR-E-21O1-B,0.16 €/kWh
2026-10-09T01:48:21Z,STR-E-3468-A,0.16 €/kWh
2026-10-09T01:48:21Z,STR-E-3468-B,0.16 €/kWh
2026-10-09T01:48:21Z,STR-E-3ENA-A,0.16 €/kWh
2026-10-09T01:48:21Z,STR-E-3ENA-B,0.16 €/kWh
2026-10-09T01:48:21Z,STR-E-3ENA-C,0.16 €/kWh
2026-10-09T01:48:21Z,STR-E-3FMF-A,0.16 €/kWh + 0.23 €
2026-10-09T01:48:21Z,STR-E-3FMF-B,0.16 €/kWh + 0.23 €
2026-10-09T01:48:21Z,STR-E-3SXI-A,0.16 €/kWh
2026-10-09T01:48:21Z,STR-E-3SXI-B,0.16 €/kWh
2026-10-09T01:48:21Z,STR-E-4KWM-A,0.26 €/kWh
2026-10-09T01:48:21Z,STR-E-4KWM-B,0.26 €/kWh
2026-10-09T01:48:21Z,STR-E-6UZQ-A,0.16 €/kWh
2026-10-09T01:48:21Z,STR-E-6UZQ-B,0.16 €/kWh
2026-10-09T01:48:21Z,STR-E-7Z8G-A,0.26 €/kWh
2026-10-09T01:48:21Z,STR-E-7Z8G-B,0.26 €/kWh
2026-10-09T01:48:21Z,STR-E-92KW-A,0.16 €/kWh + 0.23 €
2026-10-09T01:48:21Z,STR-E-ANJ0-A,0.16 €/kWh + 0.23 €
2026-10-09T01:48:21Z,STR-E-ANJ0-B,0.16 €/kWh + 0.23 €
2026-10-09T01:48:21Z,STR-E-AP96-A,0.16 €/kWh + 0.23 €
2026-10-09T01:48:21Z,STR-E-AP96-B,0.16 €/kWh + 0.23 €
2026-10-09T01:48:21Z,STR-E-BIKW-A,0.16 €/kWh + 0.23 €
2026-10-09T01:48:21Z,STR-E-BIKW-B,0.16 €/kWh + 0.23 €
2026-10-09T01:48:21Z,STR-E-D3MB-A,0.16 €/kWh + 0.23 €
2026-10-09T01:48:21Z,STR-E-D3MB-B,0.16 €/kWh + 0.23 €
2026-10-09T01:48:21Z,STR-E-E0DZ-A,0.16 €/kWh
2026-10-09T01:48:21Z,STR-E-E0DZ-B,0.16 €/kWh
2026-10-09T01:48:21Z,STR-E-ELFQ-A,0.16 €/kWh + 0.23 €
2026-10-09T01:48:21Z,STR-E-ELFQ-B,0.16 €/kWh + 0.23 €
2026-10-09T01:48:21Z,STR-E-F79A-A,0.16 €/kWh + 0.23 €
2026-10-09T01:48:21Z,STR-E-F79A-B,0.16 €/kWh + 0.23 €
2026-10-09T01:48:21Z,STR-E-GE77-A,0.26 €/kWh
2026-10-09T01:48:21Z,STR-E-GE77-B,0.26 €/kWh
2026-10-09T01:48:21Z,STR-E-IGH5-A,0.16 €/kWh + 0.23 €
2026-10-09T01:48:21Z,STR-E-IGH5-B,0.16 €/kWh + 0.23 €
2026-10-09T01:48:21Z,STR-E-K73C-A,0.16 €/kWh + 0.23 €
2026-10-09T01:48:21Z,STR-E-K73C-B,0.16 €/kWh + 0.23 €
2026-10-09T01:48:21Z,STR-E-LREY-A,0.26 €/kWh
2026-10-09T01:48:21Z,STR-E-ODBK-A,0.26 €/kWh
2026-10-09T01:48:21Z,STR-E-ODBK-B,0.26 €/kWh
2026-10-09T01:48:21Z,STR-E-OJ3E-A,0.16 €/kWh + 0.23 €
2026-10-09T01:48:21Z,STR-E-OJ3E-B,0.16 €/kWh + 0.23 €
2026-10-09T01:48:21Z,STR-E-PM3P-A,0.16 €/kWh + 0.23 €
2026-10-09T01:48:21Z,STR-E-PM3P-B,0.16 €/kWh + 0.23 €
2026-10-09T01:48:21Z,STR-E-Q5YF-A,0.16 €/kWh + 0.23 €
2026-10-09T01:48:21Z,STR-E-Q5YF-B,0.16 €/kWh + 0.23 €
2026-10-09T01:48:21Z,STR-E-Q7LB-A,0.16 €/kWh + 0.23 €
2026-10-09T01:48:21Z,STR-E-Q7LB-B,0.16 €/kWh + 0.23 €
2026-10-09T01:48:21Z,STR-E-R1MT-A,0.16 €/kWh + 0.23 €
2026-10-09T01:48:21Z,STR-E-R1MT-B,0.16 €/kWh + 0.23 €
2026-10-09T01:48:21Z,STR-E-R1PI-A,0.16 €/kWh + 0.23 €
2026-10-09T01:48:21Z,STR-E-R1PI-B,0.16 €/kWh + 0.23 €
2026-10-09T01:48:21Z,STR-E-R2LK-A,0.16 €/kWh + 0.23 €
2026-10-09T01:48:21Z,STR-E-R2LK-B,0.16 €/kWh + 0.23 €
2026-10-09T01:48:21Z,STR-E-S7YR-A,0.16 €/kWh + 0.23 €
2026-10-09T01:48:21Z,STR-E-S7YR-B,0.16 €/kWh + 0.23 €
2026-10-09T01:48:21Z,STR-E-SVR3-A,0.16 €/kWh + 0.23 €
2026-10-09T01:48:21Z,STR-E-SVR3-B,0.16 €/kWh + 0.23 €
2026-10-09T01:48:21Z,STR-E-WEE3-A,0.16 €/kWh + 0.23 €
2026-10-09T01:48:21Z,STR-E-WEE3-B,0.16 €/kWh + 0.23 €
2026-10-09T01:48:21Z,STR-E-WTQ5-A,0.16 €/kWh
2026-10-09T01:48:21Z,STR-E-WYFE-A,0.16 €/kWh
2026-10-09T01:48:21Z,STR-E-WYFE-B,0.16 €/kWh
2026-10-09T01:48:21Z,STR-E-WYYC-A,0.16 €/kWh + 0.23 €
2026-10-09T01:48:21Z,STR-E-WYYC-B,0.16 €/kWh + 0.23 €
2026-10-09T01:48:21Z,STR-E-XKW2-A,0.16 €/kWh + 0.23 €
2026-10-09T01:48:21Z,STR-E-XKW2-B,0.16 €/kWh + 0.23 €
2026-10-09T01:48:21Z,STR-E-ZS00-A,0.16 €/kWh + 0.23 €
2026-10-09T01:48:21Z,STR-E-ZS00-B,0.16 €/kWh + 0.23 €
2026-10-09T02:02:23Z,IKR-E-1220-A,0.3 € + 0.33 €/kWh
2026-10-09T02:02:23Z,IKR-E-1871-A,0.3 € + 0.33 €/kWh
2026-10-09T02:02:23Z,IKR-E-2G8J-A,0.3 € + 0.33 €/kWh
2026-10-09T02:02:23Z,IKR-E-3TSR-A,0.3 € + 0.33 €/kWh
2026-10-09T02:02:23Z,IKR-E-5715-A,0.3 € + 0.33 €/kWh
2026-10-09T02:02:23Z,IKR-E-5730-A,0.3 € + 0.39 €/kWh
2026-10-09T02:02:23Z,IKR-E-5CGU-A,0.3 € + 0.33 €/kWh
2026-10-09T02:02:23Z,IKR-E-7718-A,0.3 € + 0.39 €/kWh
2026-10-09T02:02:23Z,IKR-E-DVCM-A,0.3 € + 0.33 €/kWh
2026-10-09T02:02:23Z,IKR-E-E228-A,0.3 € + 0.33 €/kWh
2026-10-09T02:02:23Z,IKR-E-E475-A,0.3 € + 0.36 €/kWh
2026-10-09T02:02:23Z,IKR-E-E544-A,0.3 € + 0.36 €/kWh
2026-10-09T02:02:23Z,IKR-E-EKZA-A,0.3 € + 0.33 €/kWh
2026-10-09T02:02:23Z,IKR-E-GAY9-A,0.3 € + 0.33 €/kWh
2026-10-09T02:02:23Z,IKR-E-IZW2-A,0.3 € + 0.33 €/kWh
2026-10-09T02:02:23Z,IKR-E-J1JV-A,0.3 € + 0.33 €/kWh
2026-10-09T02:02:23Z,IKR-E-JJAJ-A,0.3 € + 0.33 €/kWh
2026-10-09T02:02:23Z,IKR-E-KMBH-A,0.3 € + 0.33 €/kWh
2026-10-09T02:02:23Z,IKR-E-LJZI-A,0.3 € + 0.33 €/kWh
2026-10-09T02:02:23Z,IKR-E-MAU9-A,0.29 € + 0.24 €/kWh
2026-10-09T02:02:23Z,IKR-E-OWF5-A,0.3 € + 0.38 €/kWh
2026-10-09T02:02:23Z,IKR-E-W6HQ-A,0.29 € + 0.24 €/kWh
2026-10-09T02:02:23Z,IKR-E-XIH2-A,0.3 € + 0.33 €/kWh
2026-10-09T02:02:23Z,IKR-P-IV7E-B,0.3 € + 0.33 €/kWh
2026-10-09T02:02:23Z,IKR-P-SCM5-A,0.3 € + 0.38 €/kWh
2026-10-09T02:02:23Z,IKR-P-V9X4-A,0.3 € + 0.38 €/kWh
2026-10-09T02:02:23Z,IKR-P-V9X4-B,0.3 € + 0.38 €/kWh
2026-10-09T02:02:23Z,STR-E-027B-A,0.17 €/kWh + 0.23 €
2026-10-09T02:02:23Z,STR-E-027B-B,0.17 €/kWh + 0.23 €
2026-10-09T02:02:23Z,STR-E-1MHB-A,0.27 €/kWh
2026-10-09T02:02:23Z,STR-E-21O1-A,0.17 €/kWh
2026-10-09T02:02:23Z,STR-E-21O1-B,0.17 €/kWh
2026-10-09T02:02:23Z,STR-E-3468-A,0.17 €/kWh
2026-10-09T02:02:23Z,STR-E-3468-B,0.17 €/kWh
2026-10-09T02:02:23Z,STR-E-3ENA-A,0.17 €/kWh
2026-10-09T02:02:23Z,STR-E-3ENA-B,0.17 €/kWh
2026-10-09T02:02:23Z,STR-E-3ENA-C,0.17 €/kWh
2026-10-09T02:02:23Z,STR-E-3FMF-A,0.17 €/kWh + 0.23 €
2026-10-09T02:02:23Z,STR-E-3FMF-B,0.17 €/kWh + 0.23 €
2026-10-09T02:02:23Z,STR-E-3SXI-A,0.17 €/kWh
2026-10-09T02:02:23Z,STR-E-3SXI-B,0.17 €/kWh
2026-10-09T02:02:23Z,STR-E-4KWM-A,0.27 €/kWh
2026-10-09T02:02:23Z,STR-E-4KWM-B,0.27 €/kWh
2026-10-09T02:02:23Z,STR-E-6UZQ-A,0.17 €/kWh
2026-10-09T02:02:23Z,STR-E-6UZQ-B,0.17 €/kWh
2026-10-09T02:02:23Z,STR-E-7Z8G-A,0.27 €/kWh
2026-10-09T02:02:23Z,STR-E-7Z8G-B,0.27 €/kWh
2026-10-09T02:02:23Z,STR-E-92KW-A,0.17 €/kWh + 0.23 €
2026-10-09T02:02:23Z,STR-E-ANJ0-A,0.17 €/kWh + 0.23 €
2026-10-09T02:02:23Z,STR-E-ANJ0-B,0.17 €/kWh + 0.23 €
2026-10-09T02:02:23Z,STR-E-AP96-A,0.17 €/kWh + 0.23 €
2026-10-09T02:02:23Z,STR-E-AP96-B,0.17 €/kWh + 0.23 €
2026-10-09T02:02:23Z,STR-E-BIKW-A,0.17 €/kWh + 0.23 €
2026-10-09T02:02:23Z,STR-E-BIKW-B,0.17 €/kWh + 0.23 €
2026-10-09T02:02:23Z,STR-E-D3MB-A,0.17 €/kWh + 0.23 €
2026-10-09T02:02:23Z,STR-E-D3MB-B,0.17 €/kWh + 0.23 €
2026-10-09T02:02:23Z,STR-E-E0DZ-A,0.17 €/kWh
2026-10-09T02:02:23Z,STR-E-E0DZ-B,0.17 €/kWh
2026-10-09T02:02:23Z,STR-E-ELFQ-A,0.17 €/kWh + 0.23 €
2026-10-09T02:02:23Z,STR-E-ELFQ-B,0.17 €/kWh + 0.23 €
2026-10-09T02:02:23Z,STR-E-F79A-A,0.17 €/kWh + 0.23 €
2026-10-09T02:02:23Z,STR-E-F79A-B,0.17 €/kWh + 0.23 €
2026-10-09T02:02:23Z,STR-E-GE77-A,0.27 €/kWh
2026-10-09T02:02:23Z,STR-E-GE77-B,0.27 €/kWh
2026-10-09T02:02:23Z,STR-E-IGH5-A,0.17 €/kWh + 0.23 €
2026-10-09T02:02:23Z,STR-E-IGH5-B,0.17 €/kWh + 0.23 €
2026-10-09T02:02:23Z,STR-E-K73C-A,0.17 €/kWh + 0.23 €
2026-10-09T02:02:23Z,STR-E-K73C-B,0.17 €/kWh + 0.23 €
2026-10-09T02:02:23Z,STR-E-LREY-A,0.27 €/kWh
2026-10-09T02:02:23Z,STR-E-ODBK-A,0.27 €/kWh
2026-10-09T02:02:23Z,STR-E-ODBK-B,0.27 €/kWh
2026-10-09T02:02:23Z,STR-E-OJ3E-A,0.17 €/kWh + 0.23 €
2026-10-09T02:02:23Z,STR-E-OJ3E-B,0.17 €/kWh + 0.23 €
2026-10-09T02:02:23Z,STR-E-PM3P-A,0.17 €/kWh + 0.23 €
2026-10-09T02:02:23Z,STR-E-PM3P-B,0.17 €/kWh + 0.23 €
2026-10-09T02:02:23Z,STR-E-Q5YF-A,0.17 €/kWh + 0.23 €
2026-10-09T02:02:23Z,STR-E-Q5YF-B,0.17 €/kWh + 0.23 €
2026-10-09T02:02:23Z,STR-E-Q7LB-A,0.17 €/kWh + 0.23 €
2026-10-09T02:02:23Z,STR-E-Q7LB-B,0.17 €/kWh + 0.23 €
2026-10-09T02:02:23Z,STR-E-R1MT-A,0.17 €/kWh + 0.23 €
2026-10-09T02:02:23Z,STR-E-R1MT-B,0.17 €/kWh + 0.23 €
2026-10-09T02:02:23Z,STR-E-R1PI-A,0.17 €/kWh + 0.23 €
2026-10-09T02:02:23Z,STR-E-R1PI-B,0.17 €/kWh + 0.23 €
2026-10-09T02:02:23Z,STR-E-R2LK-A,0.17 €/kWh + 0.23 €
2026-10-09T02:02:23Z,STR-E-R2LK-B,0.17 €/kWh + 0.23 €
2026-10-09T02:02:23Z,STR-E-S7YR-A,0.17 €/kWh + 0.23 €
2026-10-09T02:02:23Z,STR-E-S7YR-B,0.17 €/kWh + 0.23 €
2026-10-09T02:02:23Z,STR-E-SVR3-A,0.17 €/kWh + 0.23 €
2026-10-09T02:02:23Z,STR-E-SVR3-B,0.17 €/kWh + 0.23 €
2026-10-09T02:02:23Z,STR-E-WEE3-A,0.17 €/kWh + 0.23 €
2026-10-09T02:02:23Z,STR-E-WEE3-B,0.17 €/kWh + 0.23 €
2026-10-09T02:02:23Z,STR-E-WTQ5-A,0.17 €/kWh
2026-10-09T02:02:23Z,STR-E-WYFE-A,0.17 €/kWh
2026-10-09T02:02:23Z,STR-E-WYFE-B,0.17 €/kWh
2026-10-09T02:02:23Z,STR-E-WYYC-A,0.17 €/kWh + 0.23 €
2026-10-09T02:02:23Z,STR-E-WYYC-B,0.17 €/kWh + 0.23 €
2026-10-09T02:02:23Z,STR-E-XKW2-A,0.17 €/kWh + 0.23 €
2026-10-09T02:02:23Z,STR-E-XKW2-B,0.17 €/kWh + 0.23 €
2026-10-09T02:02:23Z,STR-E-ZS00-A,0.17 €/kWh + 0.23 €
2026-10-09T02:02:23Z,STR-E-ZS00-B,0.17 €/kWh + 0.23 €
2026-10-09T02:18:22Z,IKR-E-1220-A,0.3 € + 0.31 €/kWh
2026-10-09T02:18:22Z,IKR-E-1871-A,0.3 € + 0.31 €/kWh
2026-10-09T02:18:22Z,IKR-E-2G8J-A,0.3 € + 0.31 €/kWh
2026-10-09T02:18:22Z,IKR-E-3TSR-A,0.3 € + 0.31 €/kWh
2026-10-09T02:18:22Z,IKR-E-5715-A,0.3 € + 0.31 €/kWh
2026-10-09T02:18:22Z,IKR-E-5730-A,0.3 € + 0.38 €/kWh
2026-10-09T02:18:22Z,IKR-E-5CGU-A,0.3 € + 0.31 €/kWh
2026-10-09T02:18:22Z,IKR-E-7718-A,0.3 € + 0.38 €/kWh
2026-10-09T02:18:22Z,IKR-E-DVCM-A,0.3 € + 0.31 €/kWh
2026-10-09T02:18:22Z,IKR-E-E475-A,0.3 € + 0.35 €/kWh
2026-10-09T02:18:22Z,IKR-E-E544-A,0.3 € + 0.35 €/kWh
2026-10-09T02:18:22Z,IKR-E-GAY9-A,0.3 € + 0.31 €/kWh
2026-10-09T02:18:22Z,IKR-E-IZW2-A,0.3 € + 0.31 €/kWh
2026-10-09T02:18:22Z,IKR-E-JJAJ-A,0.3 € + 0.31 €/kWh
2026-10-09T02:18:22Z,IKR-E-KMBH-A,0.3 € + 0.31 €/kWh
2026-10-09T02:18:22Z,IKR-E-LJZI-A,0.3 € + 0.31 €/kWh
2026-10-09T02:18:22Z,IKR-E-OWF5-A,0.3 € + 0.36 €/kWh
2026-10-09T02:18:22Z,IKR-E-XIH2-A,0.3 € + 0.31 €/kWh
2026-10-09T02:18:22Z,IKR-P-IV7E-B,0.3 € + 0.31 €/kWh
2026-10-09T02:18:22Z,IKR-P-SCM5-A,0.3 € + 0.36 €/kWh
2026-10-09T02:18:22Z,IKR-P-V9X4-A,0.3 € + 0.36 €/kWh
2026-10-09T02:18:22Z,IKR-P-V9X4-B,0.3 € + 0.36 €/kWh
2026-10-09T02:18:22Z,STR-E-1MHB-A,0.26 €/kWh
2026-10-09T02:18:22Z,STR-E-LREY-A,0.26 €/kWh
2026-10-09T02:32:29Z,IKR-E-1220-A,0.3 € + 0.33 €/kWh
2026-10-09T02:32:29Z,IKR-E-1871-A,0.3 € + 0.33 €/kWh
2026-10-09T02:32:29Z,IKR-E-2G8J-A,0.3 € + 0.33 €/kWh
2026-10-09T02:32:29Z,IKR-E-3TSR-A,0.3 € + 0.33 €/kWh
2026-10-09T02:32:29Z,IKR-E-5715-A,0.3 € + 0.33 €/kWh
2026-10-09T02:32:29Z,IKR-E-5730-A,0.3 € + 0.39 €/kWh
2026-10-09T02:32:29Z,IKR-E-5CGU-A,0.3 € + 0.33 €/kWh
2026-10-09T02:32:29Z,IKR-E-7718-A,0.3 € + 0.39 €/kWh
2026-10-09T02:32:29Z,IKR-E-DVCM-A,0.3 € + 0.33 €/kWh
2026-10-09T02:32:29Z,IKR-E-E475-A,0.3 € + 0.36 €/kWh
2026-10-09T02:32:29Z,IKR-E-E544-A,0.3 € + 0.36 €/kWh
2026-10-09T02:32:29Z,IKR-E-GAY9-A,0.3 € + 0.33 €/kWh
2026-10-09T02:32:29Z,IKR-E-IZW2-A,0.3 € + 0.33 €/kWh
2026-10-09T02:32:29Z,IKR-E-JJAJ-A,0.3 € + 0.33 €/kWh
2026-10-09T02:32:29Z,IKR-E-KMBH-A,0.3 € + 0.33 €/kWh
2026-10-09T02:32:29Z,IKR-E-LJZI-A,0.3 € + 0.33 €/kWh
2026-10-09T02:32:29Z,IKR-E-OWF5-A,0.3 € + 0.38 €/kWh
2026-10-09T02:32:29Z,IKR-E-XIH2-A,0.3 € + 0.33 €/kWh
2026-10-09T02:32:29Z,IKR-P-IV7E-B,0.3 € + 0.33 €/kWh
2026-10-09T02:32:29Z,IKR-P-SCM5-A,0.3 € + 0.38 €/kWh
2026-10-09T02:32:29Z,IKR-P-V9X4-A,0.3 € + 0.38 €/kWh
2026-10-09T02:32:29Z,IKR-P-V9X4-B,0.3 € + 0.38 €/kWh
2026-10-09T02:32:29Z,STR-E-027B-A,0.16 €/kWh + 0.23 €
2026-10-09T02:32:29Z,STR-E-027B-B,0.16 €/kWh + 0.23 €
2026-10-09T02:32:29Z,STR-E-21O1-A,0.16 €/kWh
2026-10-09T02:32:29Z,STR-E-21O1-B,0.16 €/kWh
2026-10-09T02:32:29Z,STR-E-3468-A,0.16 €/kWh
2026-10-09T02:32:29Z,STR-E-3468-B,0.16 €/kWh
2026-10-09T02:32:29Z,STR-E-3ENA-A,0.16 €/kWh
2026-10-09T02:32:29Z,STR-E-3ENA-B,0.16 €/kWh
2026-10-09T02:32:29Z,STR-E-3ENA-C,0.16 €/kWh
2026-10-09T02:32:29Z,STR-E-3FMF-A,0.16 €/kWh + 0.23 €
2026-10-09T02:32:29Z,STR-E-3FMF-B,0.16 €/kWh + 0.23 €
2026-10-09T02:32:29Z,STR-E-3SXI-A,0.16 €/kWh
2026-10-09T02:32:29Z,STR-E-3SXI-B,0.16 €/kWh
2026-10-09T02:32:29Z,STR-E-4KWM-A,0.26 €/kWh
2026-10-09T02:32:29Z,STR-E-4KWM-B,0.26 €/kWh
2026-10-09T02:32:29Z,STR-E-6UZQ-A,0.16 €/kWh
2026-10-09T02:32:29Z,STR-E-6UZQ-B,0.16 €/kWh
2026-10-09T02:32:29Z,STR-E-7Z8G-A,0.26 €/kWh
2026-10-09T02:32:29Z,STR-E-7Z8G-B,0.26 €/kWh
2026-10-09T02:32:29Z,STR-E-92KW-A,0.16 €/kWh + 0.23 €
2026-10-09T02:32:29Z,STR-E-ANJ0-A,0.16 €/kWh + 0.23 €
2026-10-09T02:32:29Z,STR-E-ANJ0-B,0.16 €/kWh + 0.23 €
2026-10-09T02:32:29Z,STR-E-AP96-A,0.16 €/kWh + 0.23 €
2026-10-09T02:32:29Z,STR-E-AP96-B,0.16 €/kWh + 0.23 €
2026-10-09T02:32:29Z,STR-E-BIKW-A,0.16 €/kWh + 0.23 €
2026-10-09T02:32:29Z,STR-E-BIKW-B,0.16 €/kWh + 0.23 €
2026-10-09T02:32:29Z,STR-E-D3MB-A,0.16 €/kWh + 0.23 €
2026-10-09T02:32:29Z,STR-E-D3MB-B,0.16 €/kWh + 0.23 €
2026-10-09T02:32:29Z,STR-E-E0DZ-A,0.16 €/kWh
2026-10-09T02:32:29Z,STR-E-E0DZ-B,0.16 €/kWh
2026-10-09T02:32:29Z,STR-E-ELFQ-A,0.16 €/kWh + 0.23 €
2026-10-09T02:32:29Z,STR-E-ELFQ-B,0.16 €/kWh + 0.23 €
2026-10-09T02:32:29Z,STR-E-F79A-A,0.16 €/kWh + 0.23 €
2026-10-09T02:32:29Z,STR-E-F79A-B,0.16 €/kWh + 0.23 €
2026-10-09T02:32:29Z,STR-E-GE77-A,0.26 €/kWh
2026-10-09T02:32:29Z,STR-E-GE77-B,0.26 €/kWh
2026-10-09T02:32:29Z,STR-E-IGH5-A,0.16 €/kWh + 0.23 €
2026-10-09T02:32:29Z,STR-E-IGH5-B,0.16 €/kWh + 0.23 €
2026-10-09T02:32:29Z,STR-E-K73C-A,0.16 €/kWh + 0.23 €
2026-10-09T02:32:29Z,STR-E-K73C-B,0.16 €/kWh + 0.23 €
2026-10-09T02:32:29Z,STR-E-ODBK-A,0.26 €/kWh
2026-10-09T02:32:29Z,STR-E-ODBK-B,0.26 €/kWh
2026-10-09T02:32:29Z,STR-E-OJ3E-A,0.16 €/kWh + 0.23 €
2026-10-09T02:32:29Z,STR-E-OJ3E-B,0.16 €/kWh + 0.23 €
2026-10-09T02:32:29Z,STR-E-PM3P-A,0.16 €/kWh + 0.23 €
2026-10-09T02:32:29Z,STR-E-PM3P-B,0.16 €/kWh + 0.23 €
2026-10-09T02:32:29Z,STR-E-Q5YF-A,0.16 €/kWh + 0.23 €
2026-10-09T02:32:29Z,STR-E-Q5YF-B,0.16 €/kWh + 0.23 €
2026-10-09T02:32:29Z,STR-E-Q7LB-A,0.16 €/kWh + 0.23 €
2026-10-09T02:32:29Z,STR-E-Q7LB-B,0.16 €/kWh + 0.23 €
2026-10-09T02:32:29Z,STR-E-R1MT-A,0.16 €/kWh + 0.23 €
2026-10-09T02:32:29Z,STR-E-R1MT-B,0.16 €/kWh + 0.23 €
2026-10-09T02:32:29Z,STR-E-R1PI-A,0.16 €/kWh + 0.23 €
2026-10-09T02:32:29Z,STR-E-R1PI-B,0.16 €/kWh + 0.23 €
2026-10-09T02:32:29Z,STR-E-R2LK-A,0.16 €/kWh + 0.23 €
2026-10-09T02:32:29Z,STR-E-R2LK-B,0.16 €/kWh + 0.23 €
2026-10-09T02:32:29Z,STR-E-S7YR-A,0.16 €/kWh + 0.23 €
2026-10-09T02:32:29Z,STR-E-S7YR-B,0.16 €/kWh + 0.23 €
2026-10-09T02:32:29Z,STR-E-SVR3-A,0.16 €/kWh + 0.23 €
2026-10-09T02:32:29Z,STR-E-SVR3-B,0.16 €/kWh + 0.23 €
2026-10-09T02:32:29Z,STR-E-WEE3-A,0.16 €/kWh + 0.23 €
2026-10-09T02:32:29Z,STR-E-WEE3-B,0.16 €/kWh + 0.23 €
2026-10-09T02:32:29Z,STR-E-WTQ5-A,0.16 €/kWh
2026-10-09T02:32:29Z,STR-E-WYFE-A,0.16 €/kWh
2026-10-09T02:32:29Z,STR-E-WYFE-B,0.16 €/kWh
2026-10-09T02:32:29Z,STR-E-WYYC-A,0.16 €/kWh + 0.23 €
2026-10-09T02:32:29Z,STR-E-WYYC-B,0.16 €/kWh + 0.23 €
2026-10-09T02:32:29Z,STR-E-XKW2-A,0.16 €/kWh + 0.23 €
2026-10-09T02:32:29Z,STR-E-XKW2-B,0.16 €/kWh + 0.23 €
2026-10-09T02:32:29Z,STR-E-ZS00-A,0.16 €/kWh + 0.23 €
2026-10-09T02:32:29Z,STR-E-ZS00-B,0.16 €/kWh + 0.23 €
2026-10-09T02:48:21Z,IKR-E-1220-A,0.3 € + 0.31 €/kWh
2026-10-09T02:48:21Z,IKR-E-1871-A,0.3 € + 0.31 €/kWh
2026-10-09T02:48:21Z,IKR-E-2G8J-A,0.3 € + 0.31 €/kWh
2026-10-09T02:48:21Z,IKR-E-3TSR-A,0.3 € + 0.31 €/kWh
2026-10-09T02:48:21Z,IKR-E-5715-A,0.3 € + 0.31 €/kWh
2026-10-09T02:48:21Z,IKR-E-5730-A,0.3 € + 0.38 €/kWh
2026-10-09T02:48:21Z,IKR-E-5CGU-A,0.3 € + 0.31 €/kWh
2026-10-09T02:48:21Z,IKR-E-7718-A,0.3 € + 0.38 €/kWh
2026-10-09T02:48:21Z,IKR-E-DVCM-A,0.3 € + 0.31 €/kWh
2026-10-09T02:48:21Z,IKR-E-E475-A,0.3 € + 0.35 €/kWh
2026-10-09T02:48:21Z,IKR-E-E544-A,0.3 € + 0.35 €/kWh
2026-10-09T02:48:21Z,IKR-E-GAY9-A,0.3 € + 0.31 €/kWh
2026-10-09T02:48:21Z,IKR-E-IZW2-A,0.3 € + 0.31 €/kWh
2026-10-09T02:48:21Z,IKR-E-JJAJ-A,0.3 € + 0.31 €/kWh
2026-10-09T02:48:21Z,IKR-E-KMBH-A,0.3 € + 0.31 €/kWh
2026-10-09T02:48:21Z,IKR-E-LJZI-A,0.3 € + 0.31 €/kWh
2026-10-09T02:48:21Z,IKR-E-OWF5-A,0.3 € + 0.36 €/kWh
2026-10-09T02:48:21Z,IKR-E-XIH2-A,0.3 € + 0.31 €/kWh
2026-10-09T02:48:21Z,IKR-P-IV7E-B,0.3 € + 0.31 €/kWh
2026-10-09T02:48:21Z,IKR-P-SCM5-A,0.3 € + 0.36 €/kWh
2026-10-09T02:48:21Z,IKR-P-V9X4-A,0.3 € + 0.36 €/kWh
2026-10-09T02:48:21Z,IKR-P-V9X4-B,0.3 € + 0.36 €/kWh
2026-10-09T02:48:21Z,STR-E-027B-A,0.17 €/kWh + 0.23 €
2026-10-09T02:48:21Z,STR-E-027B-B,0.17 €/kWh + 0.23 €
2026-10-09T02:48:21Z,STR-E-1MHB-A,0.27 €/kWh
2026-10-09T02:48:21Z,STR-E-21O1-A,0.17 €/kWh
2026-10-09T02:48:21Z,STR-E-21O1-B,0.17 €/kWh
2026-10-09T02:48:21Z,STR-E-3468-A,0.17 €/kWh
2026-10-09T02:48:21Z,STR-E-3468-B,0.17 €/kWh
2026-10-09T02:48:21Z,STR-E-3ENA-A,0.17 €/kWh
2026-10-09T02:48:21Z,STR-E-3ENA-B,0.17 €/kWh
2026-10-09T02:48:21Z,STR-E-3ENA-C,0.17 €/kWh
2026-10-09T02:48:21Z,STR-E-3FMF-A,0.17 €/kWh + 0.23 €
2026-10-09T02:48:21Z,STR-E-3FMF-B,0.17 €/kWh + 0.23 €
2026-10-09T02:48:21Z,STR-E-3SXI-A,0.17 €/kWh
2026-10-09T02:48:21Z,STR-E-3SXI-B,0.17 €/kWh
2026-10-09T02:48:21Z,STR-E-4KWM-A,0.27 €/kWh
2026-10-09T02:48:21Z,STR-E-4KWM-B,0.27 €/kWh
2026-10-09T02:48:21Z,STR-E-6UZQ-A,0.17 €/kWh
2026-10-09T02:48:21Z,STR-E-6UZQ-B,0.17 €/kWh
2026-10-09T02:48:21Z,STR-E-7Z8G-A,0.27 €/kWh
2026-10-09T02:48:21Z,STR-E-7Z8G-B,0.27 €/kWh
2026-10-09T02:48:21Z,STR-E-92KW-A,0.17 €/kWh + 0.23 €
2026-10-09T02:48:21Z,STR-E-ANJ0-A,0.17 €/kWh + 0.23 €
2026-10-09T02:48:21Z,STR-E-ANJ0-B,0.17 €/kWh + 0.23 €
2026-10-09T02:48:21Z,STR-E-AP96-A,0.17 €/kWh + 0.23 €
2026-10-09T02:48:21Z,STR-E-AP96-B,0.17 €/kWh + 0.23 €
2026-10-09T02:48:21Z,STR-E-BIKW-A,0.17 €/kWh + 0.23 €
2026-10-09T02:48:21Z,STR-E-BIKW-B,0.17 €/kWh + 0.23 €
2026-10-09T02:48:21Z,STR-E-D3MB-A,0.17 €/kWh + 0.23 €
2026-10-09T02:48:21Z,STR-E-D3MB-B,0.17 €/kWh + 0.23 €
2026-10-09T02:48:21Z,STR-E-E0DZ-A,0.17 €/kWh
2026-10-09T02:48:21Z,STR-E-E0DZ-B,0.17 €/kWh
2026-10-09T02:48:21Z,STR-E-ELFQ-A,0.17 €/kWh + 0.23 €
2026-10-09T02:48:21Z,STR-E-ELFQ-B,0.17 €/kWh + 0.23 €
2026-10-09T02:48:21Z,STR-E-F79A-A,0.17 €/kWh + 0.23 €
2026-10-09T02:48:21Z,STR-E-F79A-B,0.17 €/kWh + 0.23 €
2026-10-09T02:48:21Z,STR-E-GE77-A,0.27 €/kWh
2026-10-09T02:48:21Z,STR-E-GE77-B,0.27 €/kWh
2026-10-09T02:48:21Z,STR-E-IGH5-A,0.17 €/kWh + 0.23 €
2026-10-09T02:48:21Z,STR-E-IGH5-B,0.17 €/kWh + 0.23 €
2026-10-09T02:48:21Z,STR-E-K73C-A,0.17 €/kWh + 0.23 €
2026-10-09T02:48:21Z,STR-E-K73C-B,0.17 €/kWh + 0.23 €
2026-10-09T02:48:21Z,STR-E-LREY-A,0.27 €/kWh
2026-10-09T02:48:21Z,STR-E-ODBK-A,0.27 €/kWh
2026-10-09T02:48:21Z,STR-E-ODBK-B,0.27 €/kWh
2026-10-09T02:48:21Z,STR-E-OJ3E-A,0.17 €/kWh + 0.23 €
2026-10-09T02:48:21Z,STR-E-OJ3E-B,0.17 €/kWh + 0.23 €
2026-10-09T02:48:21Z,STR-E-PM3P-A,0.17 €/kWh + 0.23 €
2026-10-09T02:48:21Z,STR-E-PM3P-B,0.17 €/kWh + 0.23 €
2026-10-09T02:48:21Z,STR-E-Q5YF-A,0.17 €/kWh + 0.23 €
2026-10-09T02:48:21Z,STR-E-Q5YF-B,0.17 €/kWh + 0.23 €
2026-10-09T02:48:21Z,STR-E-Q7LB-A,0.17 €/kWh + 0.23 €
2026-10-09T02:48:21Z,STR-E-Q7LB-B,0.17 €/kWh + 0.23 €
2026-10-09T02:48:21Z,STR-E-R1MT-A,0.17 €/kWh + 0.23 €
2026-10-09T02:48:21Z,STR-E-R1MT-B,0.17 €/kWh + 0.23 €
2026-10-09T02:48:21Z,STR-E-R1PI-A,0.17 €/kWh + 0.23 €
2026-10-09T02:48:21Z,STR-E-R1PI-B,0.17 €/kWh + 0.23 €
2026-10-09T02:48:21Z,STR-E-R2LK-A,0.17 €/kWh + 0.23 €
2026-10-09T02:48:21Z,STR-E-R2LK-B,0.17 €/kWh + 0.23 €
2026-10-09T02:48:21Z,STR-E-S7YR-A,0.17 €/kWh + 0.23 €
2026-10-09T02:48:21Z,STR-E-S7YR-B,0.17 €/kWh + 0.23 €
2026-10-09T02:48:21Z,STR-E-SVR3-A,0.17 €/kWh + 0.23 €
2026-10-09T02:48:21Z,STR-E-SVR3-B,0.17 €/kWh + 0.23 €
2026-10-09T02:48:21Z,STR-E-WEE3-A,0.17 €/kWh + 0.23 €
2026-10-09T02:48:21Z,STR-E-WEE3-B,0.17 €/kWh + 0.23 €
2026-10-09T02:48:21Z,STR-E-WTQ5-A,0.17 €/kWh
2026-10-09T02:48:21Z,STR-E-WYFE-A,0.17 €/kWh
2026-10-09T02:48:21Z,STR-E-WYFE-B,0.17 €/kWh
2026-10-09T02:48:21Z,STR-E-WYYC-A,0.17 €/kWh + 0.23 €
2026-10-09T02:48:21Z,STR-E-WYYC-B,0.17 €/kWh + 0.23 €
2026-10-09T02:48:21Z,STR-E-XKW2-A,0.17 €/kWh + 0.23 €
2026-10-09T02:48:21Z,STR-E-XKW2-B,0.17 €/kWh + 0.23 €
2026-10-09T02:48:21Z,STR-E-ZS00-A,0.17 €/kWh + 0.23 €
2026-10-09T02:48:21Z,STR-E-ZS00-B,0.17 €/kWh + 0.23 €
2026-10-09T03:02:23Z,IKR-E-1220-A,0.3 € + 0.33 €/kWh
2026-10-09T03:02:23Z,IKR-E-1871-A,0.3 € + 0.33 €/kWh
2026-10-09T03:02:23Z,IKR-E-2G8J-A,0.3 € + 0.33 €/kWh
2026-10-09T03:02:23Z,IKR-E-3TSR-A,0.3 € + 0.33 €/kWh
2026-10-09T03:02:23Z,IKR-E-5715-A,0.3 € + 0.33 €/kWh
2026-10-09T03:02:23Z,IKR-E-5730-A,0.3 € + 0.39 €/kWh
2026-10-09T03:02:23Z,IKR-E-5CGU-A,0.3 € + 0.33 €/kWh
2026-10-09T03:02:23Z,IKR-E-7718-A,0.3 € + 0.39 €/kWh
2026-10-09T03:02:23Z,IKR-E-DVCM-A,0.3 € + 0.33 €/kWh
2026-10-09T03:02:23Z,IKR-E-E475-A,0.3 € + 0.36 €/kWh
2026-10-09T03:02:23Z,IKR-E-E544-A,0.3 € + 0.36 €/kWh
2026-10-09T03:02:23Z,IKR-E-GAY9-A,0.3 € + 0.33 €/kWh
2026-10-09T03:02:23Z,IKR-E-IZW2-A,0.3 € + 0.33 €/kWh
2026-10-09T03:02:23Z,IKR-E-JJAJ-A,0.3 € + 0.33 €/kWh
2026-10-09T03:02:23Z,IKR-E-KMBH-A,0.3 € + 0.33 €/kWh
2026-10-09T03:02:23Z,IKR-E-LJZI-A,0.3 € + 0.33 €/kWh
2026-10-09T03:02:23Z,IKR-E-OWF5-A,0.3 € + 0.38 €/kWh
2026-10-09T03:02:23Z,IKR-E-XIH2-A,0.3 € + 0.33 €/kWh
2026-10-09T03:02:23Z,IKR-P-IV7E-B,0.3 € + 0.33 €/kWh
2026-10-09T03:02:23Z,IKR-P-SCM5-A,0.3 € + 0.38 €/kWh
2026-10-09T03:02:23Z,IKR-P-V9X4-A,0.3 € + 0.38 €/kWh
2026-10-09T03:02:23Z,IKR-P-V9X4-B,0.3 € + 0.38 €/kWh
2026-10-09T03:02:23Z,STR-E-027B-A,0.16 €/kWh + 0.23 €
2026-10-09T03:02:23Z,STR-E-027B-B,0.16 €/kWh + 0.23 €
2026-10-09T03:02:23Z,STR-E-1MHB-A,0.26 €/kWh
2026-10-09T03:02:23Z,STR-E-21O1-A,0.16 €/kWh
2026-10-09T03:02:23Z,STR-E-21O1-B,0.16 €/kWh
2026-10-09T03:02:23Z,STR-E-3468-A,0.16 €/kWh
2026-10-09T03:02:23Z,STR-E-3468-B,0.16 €/kWh
2026-10-09T03:02:23Z,STR-E-3ENA-A,0.16 €/kWh
2026-10-09T03:02:23Z,STR-E-3ENA-B,0.16 €/kWh
2026-10-09T03:02:23Z,STR-E-3ENA-C,0.16 €/kWh
2026-10-09T03:02:23Z,STR-E-3FMF-A,0.16 €/kWh + 0.23 €
2026-10-09T03:02:23Z,STR-E-3FMF-B,0.16 €/kWh + 0.23 €
2026-10-09T03:02:23Z,STR-E-3SXI-A,0.16 €/kWh
2026-10-09T03:02:23Z,STR-E-3SXI-B,0.16 €/kWh
2026-10-09T03:02:23Z,STR-E-4156-A,0.22 €/kWh
2026-10-09T03:02:23Z,STR-E-4156-B,0.22 €/kWh
2026-10-09T03:02:23Z,STR-E-4KWM-A,0.26 €/kWh
2026-10-09T03:02:23Z,STR-E-4KWM-B,0.26 €/kWh
2026-10-09T03:02:23Z,STR-E-6UZQ-A,0.16 €/kWh
2026-10-09T03:02:23Z,STR-E-6UZQ-B,0.16 €/kWh
2026-10-09T03:02:23Z,STR-E-7Z8G-A,0.26 €/kWh
2026-10-09T03:02:23Z,STR-E-7Z8G-B,0.26 €/kWh
2026-10-09T03:02:23Z,STR-E-92KW-A,0.16 €/kWh + 0.23 €
2026-10-09T03:02:23Z,STR-E-ANJ0-A,0.16 €/kWh + 0.23 €
2026-10-09T03:02:23Z,STR-E-ANJ0-B,0.16 €/kWh + 0.23 €
2026-10-09T03:02:23Z,STR-E-AP96-A,0.16 €/kWh + 0.23 €
2026-10-09T03:02:23Z,STR-E-AP96-B,0.16 €/kWh + 0.23 €
2026-10-09T03:02:23Z,STR-E-BIKW-A,0.16 €/kWh + 0.23 €
2026-10-09T03:02:23Z,STR-E-BIKW-B,0.16 €/kWh + 0.23 €
2026-10-09T03:02:23Z,STR-E-D3MB-A,0.16 €/kWh + 0.23 €
2026-10-09T03:02:23Z,STR-E-D3MB-B,0.16 €/kWh + 0.23 €
2026-10-09T03:02:23Z,STR-E-E0DZ-A,0.16 €/kWh
2026-10-09T03:02:23Z,STR-E-E0DZ-B,0.16 €/kWh
2026-10-09T03:02:23Z,STR-E-ELFQ-A,0.16 €/kWh + 0.23 €
2026-10-09T03:02:23Z,STR-E-ELFQ-B,0.16 €/kWh + 0.23 €
2026-10-09T03:02:23Z,STR-E-F79A-A,0.16 €/kWh + 0.23 €
2026-10-09T03:02:23Z,STR-E-F79A-B,0.16 €/kWh + 0.23 €
2026-10-09T03:02:23Z,STR-E-GE77-A,0.26 €/kWh
2026-10-09T03:02:23Z,STR-E-GE77-B,0.26 €/kWh
2026-10-09T03:02:23Z,STR-E-IGH5-A,0.16 €/kWh + 0.23 €
2026-10-09T03:02:23Z,STR-E-IGH5-B,0.16 €/kWh + 0.23 €
2026-10-09T03:02:23Z,STR-E-K73C-A,0.16 €/kWh + 0.23 €
2026-10-09T03:02:23Z,STR-E-K73C-B,0.16 €/kWh + 0.23 €
2026-10-09T03:02:23Z,STR-E-LREY-A,0.26 €/kWh
2026-10-09T03:02:23Z,STR-E-ODBK-A,0.26 €/kWh
2026-10-09T03:02:23Z,STR-E-ODBK-B,0.26 €/kWh
2026-10-09T03:02:23Z,STR-E-OJ3E-A,0.16 €/kWh + 0.23 €
2026-10-09T03:02:23Z,STR-E-OJ3E-B,0.16 €/kWh + 0.23 €
2026-10-09T03:02:23Z,STR-E-PM3P-A,0.16 €/kWh + 0.23 €
2026-10-09T03:02:23Z,STR-E-PM3P-B,0.16 €/kWh + 0.23 €
2026-10-09T03:02:23Z,STR-E-Q5YF-A,0.16 €/kWh + 0.23 €
2026-10-09T03:02:23Z,STR-E-Q5YF-B,0.16 €/kWh + 0.23 €
2026-10-09T03:02:23Z,STR-E-Q7LB-A,0.16 €/kWh + 0.23 €
2026-10-09T03:02:23Z,STR-E-Q7LB-B,0.16 €/kWh + 0.23 €
2026-10-09T03:02:23Z,STR-E-R1MT-A,0.16 €/kWh + 0.23 €
2026-10-09T03:02:23Z,STR-E-R1MT-B,0.16 €/kWh + 0.23 €
2026-10-09T03:02:23Z,STR-E-R1PI-A,0.16 €/kWh + 0.23 €
2026-10-09T03:02:23Z,STR-E-R1PI-B,0.16 €/kWh + 0.23 €
2026-10-09T03:02:23Z,STR-E-R2LK-A,0.16 €/kWh + 0.23 €
2026-10-09T03:02:23Z,STR-E-R2LK-B,0.16 €/kWh + 0.23 €
2026-10-09T03:02:23Z,STR-E-S7YR-A,0.16 €/kWh + 0.23 €
2026-10-09T03:02:23Z,STR-E-S7YR-B,0.16 €/kWh + 0.23 €
2026-10-09T03:02:23Z,STR-E-SVR3-A,0.16 €/kWh + 0.23 €
2026-10-09T03:02:23Z,STR-E-SVR3-B,0.16 €/kWh + 0.23 €
2026-10-09T03:02:23Z,STR-E-WEE3-A,0.16 €/kWh + 0.23 €
2026-10-09T03:02:23Z,STR-E-WEE3-B,0.16 €/kWh + 0.23 €
2026-10-09T03:02:23Z,STR-E-WTQ5-A,0.16 €/kWh
2026-10-09T03:02:23Z,STR-E-WYFE-A,0.16 €/kWh
2026-10-09T03:02:23Z,STR-E-WYFE-B,0.16 €/kWh
2026-10-09T03:02:23Z,STR-E-WYYC-A,0.16 €/kWh + 0.23 €
2026-10-09T03:02:23Z,STR-E-WYYC-B,0.16 €/kWh + 0.23 €
2026-10-09T03:02:23Z,STR-E-XKW2-A,0.16 €/kWh + 0.23 €
2026-10-09T03:02:23Z,STR-E-XKW2-B,0.16 €/kWh + 0.23 €
2026-10-09T03:02:23Z,STR-E-ZS00-A,0.16 €/kWh + 0.23 €
2026-10-09T03:02:23Z,STR-E-ZS00-B,0.16 €/kWh + 0.23 €
2026-10-09T03:18:23Z,IKR-E-1220-A,0.3 € + 0.31 €/kWh
2026-10-09T03:18:23Z,IKR-E-1871-A,0.3 € + 0.31 €/kWh
2026-10-09T03:18:23Z,IKR-E-2G8J-A,0.3 € + 0.31 €/kWh
2026-10-09T03:18:23Z,IKR-E-3TSR-A,0.3 € + 0.31 €/kWh
2026-10-09T03:18:23Z,IKR-E-5715-A,0.3 € + 0.31 €/kWh
2026-10-09T03:18:23Z,IKR-E-5730-A,0.3 € + 0.38 €/kWh
2026-10-09T03:18:23Z,IKR-E-5CGU-A,0.3 € + 0.31 €/kWh
2026-10-09T03:18:23Z,IKR-E-7718-A,0.3 € + 0.38 €/kWh
2026-10-09T03:18:23Z,IKR-E-DVCM-A,0.3 € + 0.31 €/kWh
2026-10-09T03:18:23Z,IKR-E-E475-A,0.3 € + 0.35 €/kWh
2026-10-09T03:18:23Z,IKR-E-E544-A,0.3 € + 0.35 €/kWh
2026-10-09T03:18:23Z,IKR-E-GAY9-A,0.3 € + 0.31 €/kWh
2026-10-09T03:18:23Z,IKR-E-IZW2-A,0.3 € + 0.31 €/kWh
2026-10-09T03:18:23Z,IKR-E-JJAJ-A,0.3 € + 0.31 €/kWh
2026-10-09T03:18:23Z,IKR-E-KMBH-A,0.3 € + 0.31 €/kWh
2026-10-09T03:18:23Z,IKR-E-LJZI-A,0.3 € + 0.31 €/kWh
2026-10-09T03:18:23Z,IKR-E-OWF5-A,0.3 € + 0.36 €/kWh
2026-10-09T03:18:23Z,IKR-E-XIH2-A,0.3 € + 0.31 €/kWh
2026-10-09T03:18:23Z,IKR-P-IV7E-B,0.3 € + 0.31 €/kWh
2026-10-09T03:18:23Z,IKR-P-SCM5-A,0.3 € + 0.36 €/kWh
2026-10-09T03:18:23Z,IKR-P-V9X4-A,0.3 € + 0.36 €/kWh
2026-10-09T03:18:23Z,IKR-P-V9X4-B,0.3 € + 0.36 €/kWh
2026-10-09T03:18:23Z,STR-E-4156-A,0.23 €/kWh
2026-10-09T03:18:23Z,STR-E-4156-B,0.23 €/kWh
2026-10-09T03:32:22Z,IKR-E-E228-A,0.3 € + 0.31 €/kWh
2026-10-09T03:32:22Z,IKR-E-EKZA-A,0.3 € + 0.31 €/kWh
2026-10-09T03:32:22Z,IKR-E-J1JV-A,0.3 € + 0.31 €/kWh
2026-10-09T03:32:22Z,IKR-E-MAU9-A,0.29 € + 0.23 €/kWh
2026-10-09T03:32:22Z,IKR-E-W6HQ-A,0.29 € + 0.23 €/kWh
2026-10-09T03:32:22Z,STR-E-027B-A,0.17 €/kWh + 0.23 €
2026-10-09T03:32:22Z,STR-E-027B-B,0.17 €/kWh + 0.23 €
2026-10-09T03:32:22Z,STR-E-02VO-A,0.2 €/kWh
2026-10-09T03:32:22Z,STR-E-02VO-B,0.2 €/kWh
2026-10-09T03:32:22Z,STR-E-04YS-A,0 € + 0.16 €/kWh
2026-10-09T03:32:22Z,STR-E-051F-A,0.08 € + 0.12 €/kWh
2026-10-09T03:32:22Z,STR-E-0698-A,0.08 €/kWh
2026-10-09T03:32:22Z,STR-E-0GEL-A,0.08 €/kWh
2026-10-09T03:32:22Z,STR-E-10G9-A,0.08 € + 0.12 €/kWh
2026-10-09T03:32:22Z,STR-E-10G9-B,0.08 € + 0.12 €/kWh
2026-10-09T03:32:22Z,STR-E-1162-A,0.08 €/kWh
2026-10-09T03:32:22Z,STR-E-11DT-A,0.08 €/kWh
2026-10-09T03:32:22Z,STR-E-1887-A,0.08 €/kWh
2026-10-09T03:32:22Z,STR-E-1927-A,0.08 €/kWh
2026-10-09T03:32:22Z,STR-E-1ME5-A,0.08 € + 0.12 €/kWh
2026-10-09T03:32:22Z,STR-E-1ME5-B,0.08 € + 0.12 €/kWh
2026-10-09T03:32:22Z,STR-E-1MHB-A,0.28 €/kWh
2026-10-09T03:32:22Z,STR-E-1MJQ-A,0.08 €/kWh
2026-10-09T03:32:22Z,STR-E-1X30-A,0 € + 0.16 €/kWh
2026-10-09T03:32:22Z,STR-E-21O1-A,0.17 €/kWh
2026-10-09T03:32:22Z,STR-E-21O1-B,0.17 €/kWh
2026-10-09T03:32:22Z,STR-E-2446-A,0 € + 0.16 €/kWh
2026-10-09T03:32:22Z,STR-E-2D12-A,0.08 €/kWh
2026-10-09T03:32:22Z,STR-E-2ED4-A,0.08 €/kWh
2026-10-09T03:32:22Z,STR-E-2K1Q-A,0 € + 0.16 €/kWh
2026-10-09T03:32:22Z,STR-E-2XDJ-A,0 € + 0.16 €/kWh
2026-10-09T03:32:22Z,STR-E-320G-A,0.08 €/kWh
2026-10-09T03:32:22Z,STR-E-3468-A,0.17 €/kWh
2026-10-09T03:32:22Z,STR-E-3468-B,0.17 €/kWh
2026-10-09T03:32:22Z,STR-E-3ENA-A,0.17 €/kWh
2026-10-09T03:32:22Z,STR-E-3ENA-B,0.17 €/kWh
2026-10-09T03:32:22Z,STR-E-3ENA-C,0.17 €/kWh
2026-10-09T03:32:22Z,STR-E-3FMF-A,0.17 €/kWh + 0.23 €
2026-10-09T03:32:22Z,STR-E-3FMF-B,0.17 €/kWh + 0.23 €
2026-10-09T03:32:22Z,STR-E-3PZS-A,0.08 €/kWh
2026-10-09T03:32:22Z,STR-E-3SXI-A,0.17 €/kWh
2026-10-09T03:32:22Z,STR-E-3SXI-B,0.17 €/kWh
2026-10-09T03:32:22Z,STR-E-3TZI-A,0.08 €/kWh
2026-10-09T03:32:22Z,STR-E-3WE5-A,0 € + 0.16 €/kWh
2026-10-09T03:32:22Z,STR-E-3YH3-A,0.08 € + 0.12 €/kWh
2026-10-09T03:32:22Z,STR-E-3YH3-B,0.08 € + 0.12 €/kWh
2026-10-09T03:32:22Z,STR-E-491A-A,0.17 €/kWh
2026-10-09T03:32:22Z,STR-E-491A-B,0.17 €/kWh
2026-10-09T03:32:22Z,STR-E-491A-C,0.17 €/kWh
2026-10-09T03:32:22Z,STR-E-4DE6-A,0.17 €/kWh
2026-10-09T03:32:22Z,STR-E-4DE6-B,0.17 €/kWh
2026-10-09T03:32:22Z,STR-E-4KWM-A,0.27 €/kWh
2026-10-09T03:32:22Z,STR-E-4KWM-B,0.27 €/kWh
2026-10-09T03:32:22Z,STR-E-4LRS-A,0.08 €/kWh
2026-10-09T03:32:22Z,STR-E-4UGU-A,0.08 €/kWh
2026-10-09T03:32:22Z,STR-E-4YKC-A,0 € + 0.16 €/kWh
2026-10-09T03:32:22Z,STR-E-527U-A,0 € + 0.16 €/kWh
2026-10-09T03:32:22Z,STR-E-54PK-A,0.08 € + 0.12 €/kWh
2026-10-09T03:32:22Z,STR-E-54PK-B,0.08 € + 0.12 €/kWh
2026-10-09T03:32:22Z,STR-E-55I4-A,0 € + 0.16 €/kWh
2026-10-09T03:32:22Z,STR-E-566J-A,0 € + 0.16 €/kWh
2026-10-09T03:32:22Z,STR-E-59TF-A,0.08 € + 0.12 €/kWh
2026-10-09T03:32:22Z,STR-E-5DWB-A,0.08 €/kWh
2026-10-09T03:32:22Z,STR-E-5TI5-A,0.08 €/kWh
2026-10-09T03:32:22Z,STR-E-69PN-A,0.08 €/kWh
2026-10-09T03:32:22Z,STR-E-6CNG-A,0.08 €/kWh
2026-10-09T03:32:22Z,STR-E-6E7W-A,0 € + 0.16 €/kWh
2026-10-09T03:32:22Z,STR-E-6SQH-A,0.08 €/kWh
2026-10-09T03:32:22Z,STR-E-6UZQ-A,0.17 €/kWh
2026-10-09T03:32:22Z,STR-E-6UZQ-B,0.17 €/kWh
2026-10-09T03:32:22Z,STR-E-6ZTQ-A,0 € + 0.16 €/kWh
2026-10-09T03:32:22Z,STR-E-7438-A,0 € + 0.16 €/kWh
2026-10-09T03:32:22Z,STR-E-7A48-A,0.08 € + 0.12 €/kWh
2026-10-09T03:32:22Z,STR-E-7YBN-A,0 € + 0.16 €/kWh
2026-10-09T03:32:22Z,STR-E-7Z8G-A,0.27 €/kWh
2026-10-09T03:32:22Z,STR-E-7Z8G-B,0.27 €/kWh
2026-10-09T03:32:22Z,STR-E-86C0-A,0.08 €/kWh
2026-10-09T03:32:22Z,STR-E-88SA-A,0.08 €/kWh
2026-10-09T03:32:22Z,STR-E-8A02-A,0 € + 0.16 €/kWh
2026-10-09T03:32:22Z,STR-E-8M2O-A,0.08 €/kWh
2026-10-09T03:32:22Z,STR-E-8Q9F-A,0 € + 0.16 €/kWh
2026-10-09T03:32:22Z,STR-E-8XL5-A,0.08 €/kWh
2026-10-09T03:32:22Z,STR-E-8Y23-A,0.08 €/kWh
2026-10-09T03:32:22Z,STR-E-92KW-A,0.17 €/kWh + 0.23 €
2026-10-09T03:32:22Z,STR-E-9AH3-A,0 € + 0.16 €/kWh
2026-10-09T03:32:22Z,STR-E-9I2R-A,0.08 €/kWh
2026-10-09T03:32:22Z,STR-E-9TUZ-A,0.08 €/kWh
2026-10-09T03:32:22Z,STR-E-9WY2-A,0.08 €/kWh
2026-10-09T03:32:22Z,STR-E-A169-A,0 € + 0.16 €/kWh
2026-10-09T03:32:22Z,STR-E-A27N-A,0.2 €/kWh
2026-10-09T03:32:22Z,STR-E-A27N-B,0.2 €/kWh
2026-10-09T03:32:22Z,STR-E-A27N-C,0.2 €/kWh
2026-10-09T03:32:22Z,STR-E-A442-A,0.08 €/kWh
2026-10-09T03:32:22Z,STR-E-AABG-A,0.08 €/kWh
2026-10-09T03:32:22Z,STR-E-ACMT-A,0.08 €/kWh
2026-10-09T03:32:22Z,STR-E-ADXE-A,0 € + 0.16 €/kWh
2026-10-09T03:32:22Z,STR-E-AF2O-A,0.08 € + 0.12 €/kWh
2026-10-09T03:32:22Z,STR-E-AMQK-A,0 € + 0.16 €/kWh
2026-10-09T03:32:22Z,STR-E-ANJ0-A,0.17 €/kWh + 0.23 €
2026-10-09T03:32:22Z,STR-E-ANJ0-B,0.17 €/kWh + 0.23 €
2026-10-09T03:32:22Z,STR-E-AP96-A,0.17 €/kWh + 0.23 €
2026-10-09T03:32:22Z,STR-E-AP96-B,0.17 €/kWh + 0.23 €
2026-10-09T03:32:22Z,STR-E-AUQ2-A,0 € + 0.16 €/kWh
2026-10-09T03:32:22Z,STR-E-AWF1-A,0.08 € + 0.12 €/kWh
2026-10-09T03:32:22Z,STR-E-AWF1-B,0.08 € + 0.12 €/kWh
2026-10-09T03:32:22Z,STR-E-AWJ9-A,0.2 €/kWh
2026-10-09T03:32:22Z,STR-E-AWJ9-B,0.2 €/kWh
2026-10-09T03:32:22Z,STR-E-B36V-A,0.19 € + 0.25 €/kWh
2026-10-09T03:32:22Z,STR-E-B36V-B,0.19 € + 0.25 €/kWh
2026-10-09T03:32:22Z,STR-E-BIKW-A,0.17 €/kWh + 0.23 €
2026-10-09T03:32:22Z,STR-E-BIKW-B,0.17 €/kWh + 0.23 €
2026-10-09T03:32:22Z,STR-E-BXA5-A,0.08 €/kWh
2026-10-09T03:32:22Z,STR-E-C91L-A,0.08 €/kWh
2026-10-09T03:32:22Z,STR-E-C99Z-A,0 € + 0.16 €/kWh
2026-10-09T03:32:22Z,STR-E-D3MB-A,0.17 €/kWh + 0.23 €
2026-10-09T03:32:22Z,STR-E-D3MB-B,0.17 €/kWh + 0.23 €
2026-10-09T03:32:22Z,STR-E-DBCC-A,0.08 € + 0.12 €/kWh
2026-10-09T03:32:22Z,STR-E-DBCC-B,0.08 € + 0.12 €/kWh
2026-10-09T03:32:22Z,STR-E-DHEJ-A,0 € + 0.16 €/kWh
2026-10-09T03:32:22Z,STR-E-E0DZ-A,0.17 €/kWh
2026-10-09T03:32:22Z,STR-E-E0DZ-B,0.17 €/kWh
2026-10-09T03:32:22Z,STR-E-E7HH-A,0.08 €/kWh
2026-10-09T03:32:22Z,STR-E-ECI7-A,0 € + 0.16 €/kWh
2026-10-09T03:32:22Z,STR-E-EFXK-A,0 € + 0.16 €/kWh
2026-10-09T03:32:22Z,STR-E-ELFQ-A,0.17 €/kWh + 0.23 €
2026-10-09T03:32:22Z,STR-E-ELFQ-B,0.17 €/kWh + 0.23 €
2026-10-09T03:32:22Z,STR-E-EPQY-A,0 € + 0.16 €/kWh
2026-10-09T03:32:22Z,STR-E-ER2N-A,0 € + 0.16 €/kWh
2026-10-09T03:32:22Z,STR-E-ES3O-A,0 € + 0.16 €/kWh
2026-10-09T03:32:22Z,STR-E-EU1U-A,0.08 €/kWh
2026-10-09T03:32:22Z,STR-E-F2G0-A,0.08 € + 0.12 €/kWh
2026-10-09T03:32:22Z,STR-E-F2G0-B,0.08 € + 0.12 €/kWh
2026-10-09T03:32:22Z,STR-E-F4B3-A,0.08 €/kWh
2026-10-09T03:32:22Z,STR-E-F5LZ-A,0.08 €/kWh
2026-10-09T03:32:22Z,STR-E-F79A-A,0.17 €/kWh + 0.23 €
2026-10-09T03:32:22Z,STR-E-F79A-B,0.17 €/kWh + 0.23 €
2026-10-09T03:32:22Z,STR-E-FGMF-A,0.08 €/kWh
2026-10-09T03:32:22Z,STR-E-FK06-A,0.08 €/kWh
2026-10-09T03:32:22Z,STR-E-FKUY-A,0 € + 0.16 €/kWh
2026-10-09T03:32:22Z,STR-E-FUE8-A,0.08 € + 0.12 €/kWh
2026-10-09T03:32:22Z,STR-E-FUE8-B,0.08 € + 0.12 €/kWh
2026-10-09T03:32:22Z,STR-E-G4VM-A,0.08 €/kWh
2026-10-09T03:32:22Z,STR-E-G518-A,0.08 €/kWh
2026-10-09T03:32:22Z,STR-E-GB9A-A,0.08 €/kWh
2026-10-09T03:32:22Z,STR-E-GE77-A,0.27 €/kWh
2026-10-09T03:32:22Z,STR-E-GE77-B,0.27 €/kWh
2026-10-09T03:32:22Z,STR-E-GFB3-A,0 € + 0.16 €/kWh
2026-10-09T03:32:22Z,STR-E-GGV8-A,0.08 €/kWh
2026-10-09T03:32:22Z,STR-E-GHJA-A,0.08 €/kWh
2026-10-09T03:32:22Z,STR-E-GK0C-A,0 € + 0.16 €/kWh
2026-10-09T03:32:22Z,STR-E-GR5K-A,0.08 €/kWh
2026-10-09T03:32:22Z,STR-E-H6Q5-A,0.08 €/kWh
2026-10-09T03:32:22Z,STR-E-HHXV-A,0 € + 0.16 €/kWh
2026-10-09T03:32:22Z,STR-E-I1KE-A,0 € + 0.16 €/kWh
2026-10-09T03:32:22Z,STR-E-I4UZ-A,0.08 €/kWh
2026-10-09T03:32:22Z,STR-E-I5FH-A,0.08 €/kWh
2026-10-09T03:32:22Z,STR-E-I8C6-A,0.08 €/kWh
2026-10-09T03:32:22Z,STR-E-IA3X-A,0.08 €/kWh
2026-10-09T03:32:22Z,STR-E-IAO5-A,0 € + 0.16 €/kWh
2026-10-09T03:32:22Z,STR-E-IGH5-A,0.17 €/kWh + 0.23 €
2026-10-09T03:32:22Z,STR-E-IGH5-B,0.17 €/kWh + 0.23 €
2026-10-09T03:32:22Z,STR-E-IIKL-A,0.08 € + 0.12 €/kWh
2026-10-09T03:32:22Z,STR-E-IIKL-B,0.08 € + 0.12 €/kWh
2026-10-09T03:32:22Z,STR-E-IPEC-A,0 € + 0.16 €/kWh
2026-10-09T03:32:22Z,STR-E-IV6T-A,0 € + 0.16 €/kWh
2026-10-09T03:32:22Z,STR-E-J54N-A,0 € + 0.16 €/kWh
2026-10-09T03:32:22Z,STR-E-J6DA-A,0 € + 0.16 €/kWh
2026-10-09T03:32:22Z,STR-E-J8VF-A,0 € + 0.16 €/kWh
2026-10-09T03:32:22Z,STR-E-JG90-A,0.09 €/kWh + 0.3 €
2026-10-09T03:32:22Z,STR-E-JG90-B,0.09 €/kWh + 0.3 €
2026-10-09T03:32:22Z,STR-E-JMOR-A,0 € + 0.16 €/kWh
2026-10-09T03:32:22Z,STR-E-JVO0-A,0.08 €/kWh
2026-10-09T03:32:22Z,STR-E-K217-A,0 € + 0.16 €/kWh
2026-10-09T03:32:22Z,STR-E-K73C-A,0.17 €/kWh + 0.23 €
2026-10-09T03:32:22Z,STR-E-K73C-B,0.17 €/kWh + 0.23 €
2026-10-09T03:32:22Z,STR-E-KBZL-A,0.08 €/kWh
2026-10-09T03:32:22Z,STR-E-KOHN-A,0 € + 0.16 €/kWh
2026-10-09T03:32:22Z,STR-E-KT5B-A,0 € + 0.16 €/kWh
2026-10-09T03:32:22Z,STR-E-KUKS-A,0.08 € + 0.12 €/kWh
2026-10-09T03:32:22Z,STR-E-KUKS-B,0.08 € + 0.12 €/kWh
2026-10-09T03:32:22Z,STR-E-L84D-A,0.08 €/kWh
2026-10-09T03:32:22Z,STR-E-LISV-A,0.08 €/kWh
2026-10-09T03:32:22Z,STR-E-LKFQ-A,0.08 €/kWh
2026-10-09T03:32:22Z,STR-E-LREY-A,0.28 €/kWh
2026-10-09T03:32:22Z,STR-E-M1IB-A,0.08 €/kWh
2026-10-09T03:32:22Z,STR-E-M8WL-A,0.08 €/kWh
2026-10-09T03:32:22Z,STR-E-M9W7-A,0.08 €/kWh
2026-10-09T03:32:22Z,STR-E-MIP3-A,0.17 €/kWh
2026-10-09T03:32:22Z,STR-E-MIP3-B,0.17 €/kWh
2026-10-09T03:32:22Z,STR-E-MSEN-A,0.08 €/kWh
2026-10-09T03:32:22Z,STR-E-MSUL-A,0.08 €/kWh
2026-10-09T03:32:22Z,STR-E-N6P5-A,0.08 €/kWh
2026-10-09T03:32:22Z,STR-E-NCKT-A,0.08 € + 0.12 €/kWh
2026-10-09T03:32:22Z,STR-E-NCKT-B,0.08 € + 0.12 €/kWh
2026-10-09T03:32:22Z,STR-E-NDU2-A,0 € + 0.16 €/kWh
2026-10-09T03:32:22Z,STR-E-NDZ4-A,0 € + 0.16 €/kWh
2026-10-09T03:32:22Z,STR-E-NFV5-A,0 € + 0.16 €/kWh
2026-10-09T03:32:22Z,STR-E-NNGC-A,0.08 €/kWh
2026-10-09T03:32:22Z,STR-E-NSGB-A,0 € + 0.16 €/kWh
2026-10-09T03:32:22Z,STR-E-NY0Q-A,0.15 € + 0.17 €/kWh
2026-10-09T03:32:22Z,STR-E-O0VK-A,0.08 €/kWh
2026-10-09T03:32:22Z,STR-E-O5JX-A,0 € + 0.16 €/kWh
2026-10-09T03:32:22Z,STR-E-O5YW-A,0.08 € + 0.12 €/kWh
2026-10-09T03:32:22Z,STR-E-O5YW-B,0.08 € + 0.12 €/kWh
2026-10-09T03:32:22Z,STR-E-ODBK-A,0.27 €/kWh
2026-10-09T03:32:22Z,STR-E-ODBK-B,0.27 €/kWh
2026-10-09T03:32:22Z,STR-E-OFWF-A,0 € + 0.16 €/kWh
2026-10-09T03:32:22Z,STR-E-OG1X-A,0.08 €/kWh
2026-10-09T03:32:22Z,STR-E-OHH6-A,0 € + 0.16 €/kWh
2026-10-09T03:32:22Z,STR-E-OJ3E-A,0.17 €/kWh + 0.23 €
2026-10-09T03:32:22Z,STR-E-OJ3E-B,0.17 €/kWh + 0.23 €
2026-10-09T03:32:22Z,STR-E-OQKZ-A,0.08 €/kWh
2026-10-09T03:32:22Z,STR-E-P46N-A,0 € + 0.16 €/kWh
2026-10-09T03:32:22Z,STR-E-P7AF-A,0.08 € + 0.12 €/kWh
2026-10-09T03:32:22Z,STR-E-P7AF-B,0.08 € + 0.12 €/kWh
2026-10-09T03:32:22Z,STR-E-PC04-A,0.08 €/kWh
2026-10-09T03:32:22Z,STR-E-PDR2-A,0.08 €/kWh
2026-10-09T03:32:22Z,STR-E-PJCQ-A,0.08 € + 0.12 €/kWh
2026-10-09T03:32:22Z,STR-E-PJCQ-B,0.08 € + 0.12 €/kWh
2026-10-09T03:32:22Z,STR-E-PM3P-A,0.17 €/kWh + 0.23 €
2026-10-09T03:32:22Z,STR-E-PM3P-B,0.17 €/kWh + 0.23 €
2026-10-09T03:32:22Z,STR-E-PRUQ-A,0.08 €/kWh
2026-10-09T03:32:22Z,STR-E-PSU9-A,0.08 €/kWh
2026-10-09T03:32:22Z,STR-E-PZ9U-A,0.08 €/kWh
2026-10-09T03:32:22Z,STR-E-PZES-A,0.08 €/kWh
2026-10-09T03:32:22Z,STR-E-Q5YF-A,0.17 €/kWh + 0.23 €
2026-10-09T03:32:22Z,STR-E-Q5YF-B,0.17 €/kWh + 0.23 €
2026-10-09T03:32:22Z,STR-E-Q7LB-A,0.17 €/kWh + 0.23 €
2026-10-09T03:32:22Z,STR-E-Q7LB-B,0.17 €/kWh + 0.23 €
2026-10-09T03:32:22Z,STR-E-QAXH-A,0.15 € + 0.17 €/kWh
2026-10-09T03:32:22Z,STR-E-QE1X-A,0.08 € + 0.12 €/kWh
2026-10-09T03:32:22Z,STR-E-QE1X-B,0.08 € + 0.12 €/kWh
2026-10-09T03:32:22Z,STR-E-QEDL-A,0.08 €/kWh
2026-10-09T03:32:22Z,STR-E-QIQM-A,0.08 €/kWh
2026-10-09T03:32:22Z,STR-E-QLC9-A,0.17 €/kWh
2026-10-09T03:32:22Z,STR-E-QLC9-B,0.17 €/kWh
2026-10-09T03:32:22Z,STR-E-R0J8-A,0.08 €/kWh
2026-10-09T03:32:22Z,STR-E-R1MT-A,0.17 €/kWh + 0.23 €
2026-10-09T03:32:22Z,STR-E-R1MT-B,0.17 €/kWh + 0.23 €
2026-10-09T03:32:22Z,STR-E-R1PI-A,0.17 €/kWh + 0.23 €
2026-10-09T03:32:22Z,STR-E-R1PI-B,0.17 €/kWh + 0.23 €
2026-10-09T03:32:22Z,STR-E-R2LK-A,0.17 €/kWh + 0.23 €
2026-10-09T03:32:22Z,STR-E-R2LK-B,0.17 €/kWh + 0.23 €
2026-10-09T03:32:22Z,STR-E-R8PQ-A,0 € + 0.16 €/kWh
2026-10-09T03:32:22Z,STR-E-R9GA-A,0.08 €/kWh
2026-10-09T03:32:22Z,STR-E-RJH9-A,0.08 €/kWh
2026-10-09T03:32:22Z,STR-E-RKWJ-A,0.08 €/kWh
2026-10-09T03:32:22Z,STR-E-S42D-A,0.08 €/kWh
2026-10-09T03:32:22Z,STR-E-S6VR-A,0 € + 0.16 €/kWh
2026-10-09T03:32:22Z,STR-E-S7YR-A,0.17 €/kWh + 0.23 €
2026-10-09T03:32:22Z,STR-E-S7YR-B,0.17 €/kWh + 0.23 €
2026-10-09T03:32:22Z,STR-E-SGC2-A,0 € + 0.16 €/kWh
2026-10-09T03:32:22Z,STR-E-SJKA-A,0.08 €/kWh
2026-10-09T03:32:22Z,STR-E-SQX8-A,0.08 € + 0.12 €/kWh
2026-10-09T03:32:22Z,STR-E-SQX8-B,0.08 € + 0.12 €/kWh
2026-10-09T03:32:22Z,STR-E-SVR3-A,0.17 €/kWh + 0.23 €
2026-10-09T03:32:22Z,STR-E-SVR3-B,0.17 €/kWh + 0.23 €
2026-10-09T03:32:22Z,STR-E-SY9Y-A,0.08 €/kWh
2026-10-09T03:32:22Z,STR-E-TO2O-A,0.08 €/kWh
2026-10-09T03:32:22Z,STR-E-TX67-A,0.2 €/kWh
2026-10-09T03:32:22Z,STR-E-TX67-B,0.2 €/kWh
2026-10-09T03:32:22Z,STR-E-U41O-A,0 € + 0.16 €/kWh
2026-10-09T03:32:22Z,STR-E-U5TP-A,0.08 €/kWh
2026-10-09T03:32:22Z,STR-E-UKPS-A,0.15 € + 0.17 €/kWh
2026-10-09T03:32:22Z,STR-E-UPAQ-A,0.17 €/kWh
2026-10-09T03:32:22Z,STR-E-UPAQ-B,0.17 €/kWh
2026-10-09T03:32:22Z,STR-E-UPOS-A,0.08 € + 0.12 €/kWh
2026-10-09T03:32:22Z,STR-E-UPOS-B,0.08 € + 0.12 €/kWh
2026-10-09T03:32:22Z,STR-E-UY5H-A,0.08 €/kWh
2026-10-09T03:32:22Z,STR-E-V17G-A,0.08 €/kWh
2026-10-09T03:32:22Z,STR-E-V31J-A,0.08 €/kWh
2026-10-09T03:32:22Z,STR-E-V50T-A,0.08 €/kWh
2026-10-09T03:32:22Z,STR-E-V9SD-A,0.08 €/kWh
2026-10-09T03:32:22Z,STR-E-V9ZR-A,0.08 €/kWh
2026-10-09T03:32:22Z,STR-E-VBMP-A,0.08 €/kWh
2026-10-09T03:32:22Z,STR-E-VJBJ-A,0 € + 0.16 €/kWh
2026-10-09T03:32:22Z,STR-E-VPDB-A,0.08 €/kWh
2026-10-09T03:32:22Z,STR-E-VQ06-A,0 € + 0.16 €/kWh
2026-10-09T03:32:22Z,STR-E-VSDJ-A,0.2 €/kWh
2026-10-09T03:32:22Z,STR-E-VSDJ-B,0.2 €/kWh
2026-10-09T03:32:22Z,STR-E-VT0G-A,0.08 €/kWh
2026-10-09T03:32:22Z,STR-E-VX2O-A,0 € + 0.16 €/kWh
2026-10-09T03:32:22Z,STR-E-VXGH-A,0.08 €/kWh
2026-10-09T03:32:22Z,STR-E-W1X4-A,0.08 €/kWh
2026-10-09T03:32:22Z,STR-E-WEE3-A,0.17 €/kWh + 0.23 €
2026-10-09T03:32:22Z,STR-E-WEE3-B,0.17 €/kWh + 0.23 €
2026-10-09T03:32:22Z,STR-E-WHZ1-A,0 € + 0.16 €/kWh
2026-10-09T03:32:22Z,STR-E-WLGM-A,0 € + 0.16 €/kWh
2026-10-09T03:32:22Z,STR-E-WTQ5-A,0.17 €/kWh
2026-10-09T03:32:22Z,STR-E-WXV8-A,0.08 €/kWh
2026-10-09T03:32:22Z,STR-E-WYFE-A,0.17 €/kWh
2026-10-09T03:32:22Z,STR-E-WYFE-B,0.17 €/kWh
2026-10-09T03:32:22Z,STR-E-WYYC-A,0.17 €/kWh + 0.23 €
2026-10-09T03:32:22Z,STR-E-WYYC-B,0.17 €/kWh + 0.23 €
2026-10-09T03:32:22Z,STR-E-WZW9-A,0.08 €/kWh
2026-10-09T03:32:22Z,STR-E-X525-A,0.08 €/kWh
2026-10-09T03:32:22Z,STR-E-X54O-A,0 € + 0.16 €/kWh
2026-10-09T03:32:22Z,STR-E-XCMJ-A,0.08 € + 0.12 €/kWh
2026-10-09T03:32:22Z,STR-E-XCMJ-B,0.08 € + 0.12 €/kWh
2026-10-09T03:32:22Z,STR-E-XFON-A,0.08 €/kWh
2026-10-09T03:32:22Z,STR-E-XG69-A,0.08 € + 0.12 €/kWh
2026-10-09T03:32:22Z,STR-E-XG69-B,0.08 € + 0.12 €/kWh
2026-10-09T03:32:22Z,STR-E-XH51-A,0 € + 0.16 €/kWh
2026-10-09T03:32:22Z,STR-E-XKW2-A,0.17 €/kWh + 0.23 €
2026-10-09T03:32:22Z,STR-E-XKW2-B,0.17 €/kWh + 0.23 €
2026-10-09T03:32:22Z,STR-E-XRV8-A,0 € + 0.16 €/kWh
2026-10-09T03:32:22Z,STR-E-Y7JK-A,0 € + 0.16 €/kWh
2026-10-09T03:32:22Z,STR-E-Y82E-A,0 € + 0.16 €/kWh
2026-10-09T03:32:22Z,STR-E-YC50-A,0.08 €/kWh
2026-10-09T03:32:22Z,STR-E-Z2PJ-A,0.08 € + 0.12 €/kWh
2026-10-09T03:32:22Z,STR-E-Z2PJ-B,0.08 € + 0.12 €/kWh
2026-10-09T03:32:22Z,STR-E-ZA6O-A,0.08 €/kWh
2026-10-09T03:32:22Z,STR-E-ZEP7-A,0 € + 0.16 €/kWh
2026-10-09T03:32:22Z,STR-E-ZIAZ-A,0 € + 0.16 €/kWh
2026-10-09T03:32:22Z,STR-E-ZK9W-A,0 € + 0.16 €/kWh
2026-10-09T03:32:22Z,STR-E-ZS00-A,0.17 €/kWh + 0.23 €
2026-10-09T03:32:22Z,STR-E-ZS00-B,0.17 €/kWh + 0.23 €
2026-10-09T03:32:22Z,STR-E-ZWU5-A,0.08 € + 0.12 €/kWh
2026-10-09T03:32:22Z,STR-E-ZWU5-B,0.08 € + 0.12 €/kWh
2026-10-09T03:49:30Z,IKR-E-E228-A,0.3 € + 0.33 €/kWh
2026-10-09T03:49:30Z,IKR-E-EKZA-A,0.3 € + 0.33 €/kWh
2026-10-09T03:49:30Z,IKR-E-J1JV-A,0.3 € + 0.33 €/kWh
2026-10-09T03:49:30Z,IKR-E-MAU9-A,0.29 € + 0.24 €/kWh
2026-10-09T03:49:30Z,IKR-E-W6HQ-A,0.29 € + 0.24 €/kWh
2026-10-09T04:02:21Z,IKR-E-1220-A,0.3 € + 0.33 €/kWh
2026-10-09T04:02:21Z,IKR-E-1871-A,0.3 € + 0.33 €/kWh
2026-10-09T04:02:21Z,IKR-E-2G8J-A,0.3 € + 0.33 €/kWh
2026-10-09T04:02:21Z,IKR-E-3TSR-A,0.3 € + 0.33 €/kWh
2026-10-09T04:02:21Z,IKR-E-5715-A,0.3 € + 0.33 €/kWh
2026-10-09T04:02:21Z,IKR-E-5730-A,0.3 € + 0.39 €/kWh
2026-10-09T04:02:21Z,IKR-E-5CGU-A,0.3 € + 0.33 €/kWh
2026-10-09T04:02:21Z,IKR-E-7718-A,0.3 € + 0.39 €/kWh
2026-10-09T04:02:21Z,IKR-E-DVCM-A,0.3 € + 0.33 €/kWh
2026-10-09T04:02:21Z,IKR-E-E475-A,0.3 € + 0.36 €/kWh
2026-10-09T04:02:21Z,IKR-E-E544-A,0.3 € + 0.36 €/kWh
2026-10-09T04:02:21Z,IKR-E-GAY9-A,0.3 € + 0.33 €/kWh
2026-10-09T04:02:21Z,IKR-E-IZW2-A,0.3 € + 0.33 €/kWh
2026-10-09T04:02:21Z,IKR-E-JJAJ-A,0.3 € + 0.33 €/kWh
2026-10-09T04:02:21Z,IKR-E-KMBH-A,0.3 € + 0.33 €/kWh
2026-10-09T04:02:21Z,IKR-E-LJZI-A,0.3 € + 0.33 €/kWh
2026-10-09T04:02:21Z,IKR-E-OWF5-A,0.3 € + 0.38 €/kWh
2026-10-09T04:02:21Z,IKR-E-XIH2-A,0.3 € + 0.33 €/kWh
2026-10-09T04:02:21Z,IKR-E-Y2Z8-A,0.3 € + 0.3 €/kWh
2026-10-09T04:02:21Z,IKR-P-1S0V-A,0.3 € + 1.8 €/val. parkavimo mokestis + 0.38 €/kWh
2026-10-09T04:02:21Z,IKR-P-IV7E-B,0.3 € + 0.33 €/kWh
2026-10-09T04:02:21Z,IKR-P-NUIE-A,0.3 € + 1.8 €/val. parkavimo mokestis + 0.38 €/kWh
2026-10-09T04:02:21Z,IKR-P-SCM5-A,0.3 € + 0.38 €/kWh
2026-10-09T04:02:21Z,IKR-P-V9X4-A,0.3 € + 0.38 €/kWh
2026-10-09T04:02:21Z,IKR-P-V9X4-B,0.3 € + 0.38 €/kWh
2026-10-09T04:02:21Z,STR-E-027B-A,0.16 €/kWh + 0.23 €
2026-10-09T04:02:21Z,STR-E-027B-B,0.16 €/kWh + 0.23 €
2026-10-09T04:02:21Z,STR-E-02VO-A,0.19 €/kWh
2026-10-09T04:02:21Z,STR-E-02VO-B,0.19 €/kWh
2026-10-09T04:02:21Z,STR-E-04YS-A,0 € + 0.15 €/kWh
2026-10-09T04:02:21Z,STR-E-051F-A,0.08 € + 0.11 €/kWh
2026-10-09T04:02:21Z,STR-E-0698-A,0.07 €/kWh
2026-10-09T04:02:21Z,STR-E-0GEL-A,0.07 €/kWh
2026-10-09T04:02:21Z,STR-E-10G9-A,0.08 € + 0.11 €/kWh
2026-10-09T04:02:21Z,STR-E-10G9-B,0.08 € + 0.11 €/kWh
2026-10-09T04:02:21Z,STR-E-1162-A,0.07 €/kWh
2026-10-09T04:02:21Z,STR-E-11DT-A,0.07 €/kWh
2026-10-09T04:02:21Z,STR-E-1887-A,0.07 €/kWh
2026-10-09T04:02:21Z,STR-E-1927-A,0.07 €/kWh
2026-10-09T04:02:21Z,STR-E-1ME5-A,0.08 € + 0.11 €/kWh
2026-10-09T04:02:21Z,STR-E-1ME5-B,0.08 € + 0.11 €/kWh
2026-10-09T04:02:21Z,STR-E-1MHB-A,0.26 €/kWh
2026-10-09T04:02:21Z,STR-E-1MJQ-A,0.07 €/kWh
2026-10-09T04:02:21Z,STR-E-1X30-A,0 € + 0.15 €/kWh
2026-10-09T04:02:21Z,STR-E-21O1-A,0.16 €/kWh
2026-10-09T04:02:21Z,STR-E-21O1-B,0.16 €/kWh
2026-10-09T04:02:21Z,STR-E-2446-A,0 € + 0.15 €/kWh
2026-10-09T04:02:21Z,STR-E-2D12-A,0.07 €/kWh
2026-10-09T04:02:21Z,STR-E-2ED4-A,0.07 €/kWh
2026-10-09T04:02:21Z,STR-E-2K1Q-A,0 € + 0.15 €/kWh
2026-10-09T04:02:21Z,STR-E-2XDJ-A,0 € + 0.15 €/kWh
2026-10-09T04:02:21Z,STR-E-320G-A,0.07 €/kWh
2026-10-09T04:02:21Z,STR-E-3468-A,0.16 €/kWh
2026-10-09T04:02:21Z,STR-E-3468-B,0.16 €/kWh
2026-10-09T04:02:21Z,STR-E-3ENA-A,0.16 €/kWh
2026-10-09T04:02:21Z,STR-E-3ENA-B,0.16 €/kWh
2026-10-09T04:02:21Z,STR-E-3ENA-C,0.16 €/kWh
2026-10-09T04:02:21Z,STR-E-3FMF-A,0.16 €/kWh + 0.23 €
2026-10-09T04:02:21Z,STR-E-3FMF-B,0.16 €/kWh + 0.23 €
2026-10-09T04:02:21Z,STR-E-3PZS-A,0.07 €/kWh
2026-10-09T04:02:21Z,STR-E-3SXI-A,0.16 €/kWh
2026-10-09T04:02:21Z,STR-E-3SXI-B,0.16 €/kWh
2026-10-09T04:02:21Z,STR-E-3TZI-A,0.07 €/kWh
2026-10-09T04:02:21Z,STR-E-3WE5-A,0 € + 0.15 €/kWh
2026-10-09T04:02:21Z,STR-E-3YH3-A,0.08 € + 0.11 €/kWh
2026-10-09T04:02:21Z,STR-E-3YH3-B,0.08 € + 0.11 €/kWh
2026-10-09T04:02:21Z,STR-E-4156-A,0.22 €/kWh
2026-10-09T04:02:21Z,STR-E-4156-B,0.22 €/kWh
2026-10-09T04:02:21Z,STR-E-491A-A,0.16 €/kWh
2026-10-09T04:02:21Z,STR-E-491A-B,0.16 €/kWh
2026-10-09T04:02:21Z,STR-E-491A-C,0.16 €/kWh
2026-10-09T04:02:21Z,STR-E-4DE6-A,0.16 €/kWh
2026-10-09T04:02:21Z,STR-E-4DE6-B,0.16 €/kWh
2026-10-09T04:02:21Z,STR-E-4KWM-A,0.26 €/kWh
2026-10-09T04:02:21Z,STR-E-4KWM-B,0.26 €/kWh
2026-10-09T04:02:21Z,STR-E-4LRS-A,0.07 €/kWh
2026-10-09T04:02:21Z,STR-E-4UGU-A,0.07 €/kWh
2026-10-09T04:02:21Z,STR-E-4YKC-A,0 € + 0.15 €/kWh
2026-10-09T04:02:21Z,STR-E-527U-A,0 € + 0.15 €/kWh
2026-10-09T04:02:21Z,STR-E-54PK-A,0.08 € + 0.11 €/kWh
2026-10-09T04:02:21Z,STR-E-54PK-B,0.08 € + 0.11 €/kWh
2026-10-09T04:02:21Z,STR-E-55I4-A,0 € + 0.15 €/kWh
2026-10-09T04:02:21Z,STR-E-566J-A,0 € + 0.15 €/kWh
2026-10-09T04:02:21Z,STR-E-59TF-A,0.08 € + 0.11 €/kWh
2026-10-09T04:02:21Z,STR-E-5DWB-A,0.07 €/kWh
2026-10-09T04:02:21Z,STR-E-5TI5-A,0.07 €/kWh
2026-10-09T04:02:21Z,STR-E-69PN-A,0.07 €/kWh
2026-10-09T04:02:21Z,STR-E-6CNG-A,0.07 €/kWh
2026-10-09T04:02:21Z,STR-E-6E7W-A,0 € + 0.15 €/kWh
2026-10-09T04:02:21Z,STR-E-6SQH-A,0.07 €/kWh
2026-10-09T04:02:21Z,STR-E-6UZQ-A,0.16 €/kWh
2026-10-09T04:02:21Z,STR-E-6UZQ-B,0.16 €/kWh
2026-10-09T04:02:21Z,STR-E-6ZTQ-A,0 € + 0.15 €/kWh
2026-10-09T04:02:21Z,STR-E-7438-A,0 € + 0.15 €/kWh
2026-10-09T04:02:21Z,STR-E-7A48-A,0.08 € + 0.11 €/kWh
2026-10-09T04:02:21Z,STR-E-7YBN-A,0 € + 0.15 €/kWh
2026-10-09T04:02:21Z,STR-E-7Z8G-A,0.26 €/kWh
2026-10-09T04:02:21Z,STR-E-7Z8G-B,0.26 €/kWh
2026-10-09T04:02:21Z,STR-E-86C0-A,0.07 €/kWh
2026-10-09T04:02:21Z,STR-E-88SA-A,0.07 €/kWh
2026-10-09T04:02:21Z,STR-E-8A02-A,0 € + 0.15 €/kWh
2026-10-09T04:02:21Z,STR-E-8M2O-A,0.07 €/kWh
2026-10-09T04:02:21Z,STR-E-8Q9F-A,0 € + 0.15 €/kWh
2026-10-09T04:02:21Z,STR-E-8XL5-A,0.07 €/kWh
2026-10-09T04:02:21Z,STR-E-8Y23-A,0.07 €/kWh
2026-10-09T04:02:21Z,STR-E-92KW-A,0.16 €/kWh + 0.23 €
2026-10-09T04:02:21Z,STR-E-9AH3-A,0 € + 0.15 €/kWh
2026-10-09T04:02:21Z,STR-E-9I2R-A,0.07 €/kWh
2026-10-09T04:02:21Z,STR-E-9TUZ-A,0.07 €/kWh
2026-10-09T04:02:21Z,STR-E-9WY2-A,0.07 €/kWh
2026-10-09T04:02:21Z,STR-E-A169-A,0 € + 0.15 €/kWh
2026-10-09T04:02:21Z,STR-E-A27N-A,0.19 €/kWh
2026-10-09T04:02:21Z,STR-E-A27N-B,0.19 €/kWh
2026-10-09T04:02:21Z,STR-E-A27N-C,0.19 €/kWh
2026-10-09T04:02:21Z,STR-E-A442-A,0.07 €/kWh
2026-10-09T04:02:21Z,STR-E-AABG-A,0.07 €/kWh
2026-10-09T04:02:21Z,STR-E-ACMT-A,0.07 €/kWh
2026-10-09T04:02:21Z,STR-E-ADXE-A,0 € + 0.15 €/kWh
2026-10-09T04:02:21Z,STR-E-AF2O-A,0.08 € + 0.11 €/kWh
2026-10-09T04:02:21Z,STR-E-AMQK-A,0 € + 0.15 €/kWh
2026-10-09T04:02:21Z,STR-E-ANJ0-A,0.16 €/kWh + 0.23 €
2026-10-09T04:02:21Z,STR-E-ANJ0-B,0.16 €/kWh + 0.23 €
2026-10-09T04:02:21Z,STR-E-AP96-A,0.16 €/kWh + 0.23 €
2026-10-09T04:02:21Z,STR-E-AP96-B,0.16 €/kWh + 0.23 €
2026-10-09T04:02:21Z,STR-E-AUQ2-A,0 € + 0.15 €/kWh
2026-10-09T04:02:21Z,STR-E-AWF1-A,0.08 € + 0.11 €/kWh
2026-10-09T04:02:21Z,STR-E-AWF1-B,0.08 € + 0.11 €/kWh
2026-10-09T04:02:21Z,STR-E-AWJ9-A,0.19 €/kWh
2026-10-09T04:02:21Z,STR-E-AWJ9-B,0.19 €/kWh
2026-10-09T04:02:21Z,STR-E-B36V-A,0.19 € + 0.24 €/kWh
2026-10-09T04:02:21Z,STR-E-B36V-B,0.19 € + 0.24 €/kWh
2026-10-09T04:02:21Z,STR-E-BIKW-A,0.16 €/kWh + 0.23 €
2026-10-09T04:02:21Z,STR-E-BIKW-B,0.16 €/kWh + 0.23 €
2026-10-09T04:02:21Z,STR-E-BXA5-A,0.07 €/kWh
2026-10-09T04:02:21Z,STR-E-C91L-A,0.07 €/kWh
2026-10-09T04:02:21Z,STR-E-C99Z-A,0 € + 0.15 €/kWh
2026-10-09T04:02:21Z,STR-E-D3MB-A,0.16 €/kWh + 0.23 €
2026-10-09T04:02:21Z,STR-E-D3MB-B,0.16 €/kWh + 0.23 €
2026-10-09T04:02:21Z,STR-E-DBCC-A,0.08 € + 0.11 €/kWh
2026-10-09T04:02:21Z,STR-E-DBCC-B,0.08 € + 0.11 €/kWh
2026-10-09T04:02:21Z,STR-E-DHEJ-A,0 € + 0.15 €/kWh
2026-10-09T04:02:21Z,STR-E-E0DZ-A,0.16 €/kWh
2026-10-09T04:02:21Z,STR-E-E0DZ-B,0.16 €/kWh
2026-10-09T04:02:21Z,STR-E-E7HH-A,0.07 €/kWh
2026-10-09T04:02:21Z,STR-E-ECI7-A,0 € + 0.15 €/kWh
2026-10-09T04:02:21Z,STR-E-EFXK-A,0 € + 0.15 €/kWh
2026-10-09T04:02:21Z,STR-E-ELFQ-A,0.16 €/kWh + 0.23 €
2026-10-09T04:02:21Z,STR-E-ELFQ-B,0.16 €/kWh + 0.23 €
2026-10-09T04:02:21Z,STR-E-EPQY-A,0 € + 0.15 €/kWh
2026-10-09T04:02:21Z,STR-E-ER2N-A,0 € + 0.15 €/kWh
2026-10-09T04:02:21Z,STR-E-ES3O-A,0 € + 0.15 €/kWh
2026-10-09T04:02:21Z,STR-E-EU1U-A,0.07 €/kWh
2026-10-09T04:02:21Z,STR-E-F2G0-A,0.08 € + 0.11 €/kWh
2026-10-09T04:02:21Z,STR-E-F2G0-B,0.08 € + 0.11 €/kWh
2026-10-09T04:02:21Z,STR-E-F4B3-A,0.07 €/kWh
2026-10-09T04:02:21Z,STR-E-F5LZ-A,0.07 €/kWh
2026-10-09T04:02:21Z,STR-E-F79A-A,0.16 €/kWh + 0.23 €
2026-10-09T04:02:21Z,STR-E-F79A-B,0.16 €/kWh + 0.23 €
2026-10-09T04:02:21Z,STR-E-FGMF-A,0.07 €/kWh
2026-10-09T04:02:21Z,STR-E-FK06-A,0.07 €/kWh
2026-10-09T04:02:21Z,STR-E-FKUY-A,0 € + 0.15 €/kWh
2026-10-09T04:02:21Z,STR-E-FUE8-A,0.08 € + 0.11 €/kWh
2026-10-09T04:02:21Z,STR-E-FUE8-B,0.08 € + 0.11 €/kWh
2026-10-09T04:02:21Z,STR-E-G4VM-A,0.07 €/kWh
2026-10-09T04:02:21Z,STR-E-G518-A,0.07 €/kWh
2026-10-09T04:02:21Z,STR-E-GB9A-A,0.07 €/kWh
2026-10-09T04:02:21Z,STR-E-GE77-A,0.26 €/kWh
2026-10-09T04:02:21Z,STR-E-GE77-B,0.26 €/kWh
2026-10-09T04:02:21Z,STR-E-GFB3-A,0 € + 0.15 €/kWh
2026-10-09T04:02:21Z,STR-E-GGV8-A,0.07 €/kWh
2026-10-09T04:02:21Z,STR-E-GHJA-A,0.07 €/kWh
2026-10-09T04:02:21Z,STR-E-GK0C-A,0 € + 0.15 €/kWh
2026-10-09T04:02:21Z,STR-E-GR5K-A,0.07 €/kWh
2026-10-09T04:02:21Z,STR-E-H6Q5-A,0.07 €/kWh
2026-10-09T04:02:21Z,STR-E-HHXV-A,0 € + 0.15 €/kWh
2026-10-09T04:02:21Z,STR-E-I1KE-A,0 € + 0.15 €/kWh
2026-10-09T04:02:21Z,STR-E-I4UZ-A,0.07 €/kWh
2026-10-09T04:02:21Z,STR-E-I5FH-A,0.07 €/kWh
2026-10-09T04:02:21Z,STR-E-I8C6-A,0.07 €/kWh
2026-10-09T04:02:21Z,STR-E-IA3X-A,0.07 €/kWh
2026-10-09T04:02:21Z,STR-E-IAO5-A,0 € + 0.15 €/kWh
2026-10-09T04:02:21Z,STR-E-IGH5-A,0.16 €/kWh + 0.23 €
2026-10-09T04:02:21Z,STR-E-IGH5-B,0.16 €/kWh + 0.23 €
2026-10-09T04:02:21Z,STR-E-IIKL-A,0.08 € + 0.11 €/kWh
2026-10-09T04:02:21Z,STR-E-IIKL-B,0.08 € + 0.11 €/kWh
2026-10-09T04:02:21Z,STR-E-IPEC-A,0 € + 0.15 €/kWh
2026-10-09T04:02:21Z,STR-E-IV6T-A,0 € + 0.15 €/kWh
2026-10-09T04:02:21Z,STR-E-J54N-A,0 € + 0.15 €/kWh
2026-10-09T04:02:21Z,STR-E-J6DA-A,0 € + 0.15 €/kWh
2026-10-09T04:02:21Z,STR-E-J8VF-A,0 € + 0.15 €/kWh
2026-10-09T04:02:21Z,STR-E-JG90-A,0.08 €/kWh + 0.3 €
2026-10-09T04:02:21Z,STR-E-JG90-B,0.08 €/kWh + 0.3 €
2026-10-09T04:02:21Z,STR-E-JMOR-A,0 € + 0.15 €/kWh
2026-10-09T04:02:21Z,STR-E-JVO0-A,0.07 €/kWh
2026-10-09T04:02:21Z,STR-E-K217-A,0 € + 0.15 €/kWh
2026-10-09T04:02:21Z,STR-E-K73C-A,0.16 €/kWh + 0.23 €
2026-10-09T04:02:21Z,STR-E-K73C-B,0.16 €/kWh + 0.23 €
2026-10-09T04:02:21Z,STR-E-KBZL-A,0.07 €/kWh
2026-10-09T04:02:21Z,STR-E-KOHN-A,0 € + 0.15 €/kWh
2026-10-09T04:02:21Z,STR-E-KT5B-A,0 € + 0.15 €/kWh
2026-10-09T04:02:21Z,STR-E-KUKS-A,0.08 € + 0.11 €/kWh
2026-10-09T04:02:21Z,STR-E-KUKS-B,0.08 € + 0.11 €/kWh
2026-10-09T04:02:21Z,STR-E-L84D-A,0.07 €/kWh
2026-10-09T04:02:21Z,STR-E-LISV-A,0.07 €/kWh
2026-10-09T04:02:21Z,STR-E-LKFQ-A,0.07 €/kWh
2026-10-09T04:02:21Z,STR-E-LREY-A,0.26 €/kWh
2026-10-09T04:02:21Z,STR-E-M1IB-A,0.07 €/kWh
2026-10-09T04:02:21Z,STR-E-M8WL-A,0.07 €/kWh
2026-10-09T04:02:21Z,STR-E-M9W7-A,0.07 €/kWh
2026-10-09T04:02:21Z,STR-E-MIP3-A,0.16 €/kWh
2026-10-09T04:02:21Z,STR-E-MIP3-B,0.16 €/kWh
2026-10-09T04:02:21Z,STR-E-MSEN-A,0.07 €/kWh
2026-10-09T04:02:21Z,STR-E-MSUL-A,0.07 €/kWh
2026-10-09T04:02:21Z,STR-E-N6P5-A,0.07 €/kWh
2026-10-09T04:02:21Z,STR-E-NCKT-A,0.08 € + 0.11 €/kWh
2026-10-09T04:02:21Z,STR-E-NCKT-B,0.08 € + 0.11 €/kWh
2026-10-09T04:02:21Z,STR-E-NDU2-A,0 € + 0.15 €/kWh
2026-10-09T04:02:21Z,STR-E-NDZ4-A,0 € + 0.15 €/kWh
2026-10-09T04:02:21Z,STR-E-NFV5-A,0 € + 0.15 €/kWh
2026-10-09T04:02:21Z,STR-E-NNGC-A,0.07 €/kWh
2026-10-09T04:02:21Z,STR-E-NSGB-A,0 € + 0.15 €/kWh
2026-10-09T04:02:21Z,STR-E-NY0Q-A,0.15 € + 0.16 €/kWh
2026-10-09T04:02:21Z,STR-E-O0VK-A,0.07 €/kWh
2026-10-09T04:02:21Z,STR-E-O5JX-A,0 € + 0.15 €/kWh
2026-10-09T04:02:21Z,STR-E-O5YW-A,0.08 € + 0.11 €/kWh
2026-10-09T04:02:21Z,STR-E-O5YW-B,0.08 € + 0.11 €/kWh
2026-10-09T04:02:21Z,STR-E-ODBK-A,0.26 €/kWh
2026-10-09T04:02:21Z,STR-E-ODBK-B,0.26 €/kWh
2026-10-09T04:02:21Z,STR-E-OFWF-A,0 € + 0.15 €/kWh
2026-10-09T04:02:21Z,STR-E-OG1X-A,0.07 €/kWh
2026-10-09T04:02:21Z,STR-E-OHH6-A,0 € + 0.15 €/kWh
2026-10-09T04:02:21Z,STR-E-OJ3E-A,0.16 €/kWh + 0.23 €
2026-10-09T04:02:21Z,STR-E-OJ3E-B,0.16 €/kWh + 0.23 €
2026-10-09T04:02:21Z,STR-E-OQKZ-A,0.07 €/kWh
2026-10-09T04:02:21Z,STR-E-P46N-A,0 € + 0.15 €/kWh
2026-10-09T04:02:21Z,STR-E-P7AF-A,0.08 € + 0.11 €/kWh
2026-10-09T04:02:21Z,STR-E-P7AF-B,0.08 € + 0.11 €/kWh
2026-10-09T04:02:21Z,STR-E-PC04-A,0.07 €/kWh
2026-10-09T04:02:21Z,STR-E-PDR2-A,0.07 €/kWh
2026-10-09T04:02:21Z,STR-E-PJCQ-A,0.08 € + 0.11 €/kWh
2026-10-09T04:02:21Z,STR-E-PJCQ-B,0.08 € + 0.11 €/kWh
2026-10-09T04:02:21Z,STR-E-PM3P-A,0.16 €/kWh + 0.23 €
2026-10-09T04:02:21Z,STR-E-PM3P-B,0.16 €/kWh + 0.23 €
2026-10-09T04:02:21Z,STR-E-PRUQ-A,0.07 €/kWh
2026-10-09T04:02:21Z,STR-E-PSU9-A,0.07 €/kWh
2026-10-09T04:02:21Z,STR-E-PZ9U-A,0.07 €/kWh
2026-10-09T04:02:21Z,STR-E-PZES-A,0.07 €/kWh
2026-10-09T04:02:21Z,STR-E-Q5YF-A,0.16 €/kWh + 0.23 €
2026-10-09T04:02:21Z,STR-E-Q5YF-B,0.16 €/kWh + 0.23 €
2026-10-09T04:02:21Z,STR-E-Q7LB-A,0.16 €/kWh + 0.23 €
2026-10-09T04:02:21Z,STR-E-Q7LB-B,0.16 €/kWh + 0.23 €
2026-10-09T04:02:21Z,STR-E-QAXH-A,0.15 € + 0.16 €/kWh
2026-10-09T04:02:21Z,STR-E-QE1X-A,0.08 € + 0.11 €/kWh
2026-10-09T04:02:21Z,STR-E-QE1X-B,0.08 € + 0.11 €/kWh
2026-10-09T04:02:21Z,STR-E-QEDL-A,0.07 €/kWh
2026-10-09T04:02:21Z,STR-E-QIQM-A,0.07 €/kWh
2026-10-09T04:02:21Z,STR-E-QLC9-A,0.16 €/kWh
2026-10-09T04:02:21Z,STR-E-QLC9-B,0.16 €/kWh
2026-10-09T04:02:21Z,STR-E-R0J8-A,0.07 €/kWh
2026-10-09T04:02:21Z,STR-E-R1MT-A,0.16 €/kWh + 0.23 €
2026-10-09T04:02:21Z,STR-E-R1MT-B,0.16 €/kWh + 0.23 €
2026-10-09T04:02:21Z,STR-E-R1PI-A,0.16 €/kWh + 0.23 €
2026-10-09T04:02:21Z,STR-E-R1PI-B,0.16 €/kWh + 0.23 €
2026-10-09T04:02:21Z,STR-E-R2LK-A,0.16 €/kWh + 0.23 €
2026-10-09T04:02:21Z,STR-E-R2LK-B,0.16 €/kWh + 0.23 €
2026-10-09T04:02:21Z,STR-E-R8PQ-A,0 € + 0.15 €/kWh
2026-10-09T04:02:21Z,STR-E-R9GA-A,0.07 €/kWh
2026-10-09T04:02:21Z,STR-E-RJH9-A,0.07 €/kWh
2026-10-09T04:02:21Z,STR-E-RKWJ-A,0.07 €/kWh
2026-10-09T04:02:21Z,STR-E-S42D-A,0.07 €/kWh
2026-10-09T04:02:21Z,STR-E-S6VR-A,0 € + 0.15 €/kWh
2026-10-09T04:02:21Z,STR-E-S7YR-A,0.16 €/kWh + 0.23 €
2026-10-09T04:02:21Z,STR-E-S7YR-B,0.16 €/kWh + 0.23 €
2026-10-09T04:02:21Z,STR-E-SGC2-A,0 € + 0.15 €/kWh
2026-10-09T04:02:21Z,STR-E-SJKA-A,0.07 €/kWh
2026-10-09T04:02:21Z,STR-E-SQX8-A,0.08 € + 0.11 €/kWh
2026-10-09T04:02:21Z,STR-E-SQX8-B,0.08 € + 0.11 €/kWh
2026-10-09T04:02:21Z,STR-E-SVR3-A,0.16 €/kWh + 0.23 €
2026-10-09T04:02:21Z,STR-E-SVR3-B,0.16 €/kWh + 0.23 €
2026-10-09T04:02:21Z,STR-E-SY9Y-A,0.07 €/kWh
2026-10-09T04:02:21Z,STR-E-TO2O-A,0.07 €/kWh
2026-10-09T04:02:21Z,STR-E-TX67-A,0.19 €/kWh
2026-10-09T04:02:21Z,STR-E-TX67-B,0.19 €/kWh
2026-10-09T04:02:21Z,STR-E-U41O-A,0 € + 0.15 €/kWh
2026-10-09T04:02:21Z,STR-E-U5TP-A,0.07 €/kWh
2026-10-09T04:02:21Z,STR-E-UKPS-A,0.15 € + 0.16 €/kWh
2026-10-09T04:02:21Z,STR-E-UPAQ-A,0.16 €/kWh
2026-10-09T04:02:21Z,STR-E-UPAQ-B,0.16 €/kWh
2026-10-09T04:02:21Z,STR-E-UPOS-A,0.08 € + 0.11 €/kWh
2026-10-09T04:02:21Z,STR-E-UPOS-B,0.08 € + 0.11 €/kWh
2026-10-09T04:02:21Z,STR-E-UY5H-A,0.07 €/kWh
2026-10-09T04:02:21Z,STR-E-V17G-A,0.07 €/kWh
2026-10-09T04:02:21Z,STR-E-V31J-A,0.07 €/kWh
2026-10-09T04:02:21Z,STR-E-V50T-A,0.07 €/kWh
2026-10-09T04:02:21Z,STR-E-V9SD-A,0.07 €/kWh
2026-10-09T04:02:21Z,STR-E-V9ZR-A,0.07 €/kWh
2026-10-09T04:02:21Z,STR-E-VBMP-A,0.07 €/kWh
2026-10-09T04:02:21Z,STR-E-VJBJ-A,0 € + 0.15 €/kWh
2026-10-09T04:02:21Z,STR-E-VPDB-A,0.07 €/kWh
2026-10-09T04:02:21Z,STR-E-VQ06-A,0 € + 0.15 €/kWh
2026-10-09T04:02:21Z,STR-E-VSDJ-A,0.19 €/kWh
2026-10-09T04:02:21Z,STR-E-VSDJ-B,0.19 €/kWh
2026-10-09T04:02:21Z,STR-E-VT0G-A,0.07 €/kWh
2026-10-09T04:02:21Z,STR-E-VX2O-A,0 € + 0.15 €/kWh
2026-10-09T04:02:21Z,STR-E-VXGH-A,0.07 €/kWh
2026-10-09T04:02:21Z,STR-E-W1X4-A,0.07 €/kWh
2026-10-09T04:02:21Z,STR-E-WEE3-A,0.16 €/kWh + 0.23 €
2026-10-09T04:02:21Z,STR-E-WEE3-B,0.16 €/kWh + 0.23 €
2026-10-09T04:02:21Z,STR-E-WHZ1-A,0 € + 0.15 €/kWh
2026-10-09T04:02:21Z,STR-E-WLGM-A,0 € + 0.15 €/kWh
2026-10-09T04:02:21Z,STR-E-WTQ5-A,0.16 €/kWh
2026-10-09T04:02:21Z,STR-E-WXV8-A,0.07 €/kWh
2026-10-09T04:02:21Z,STR-E-WYFE-A,0.16 €/kWh
2026-10-09T04:02:21Z,STR-E-WYFE-B,0.16 €/kWh
2026-10-09T04:02:21Z,STR-E-WYYC-A,0.16 €/kWh + 0.23 €
2026-10-09T04:02:21Z,STR-E-WYYC-B,0.16 €/kWh + 0.23 €
2026-10-09T04:02:21Z,STR-E-WZW9-A,0.07 €/kWh
2026-10-09T04:02:21Z,STR-E-X525-A,0.07 €/kWh
2026-10-09T04:02:21Z,STR-E-X54O-A,0 € + 0.15 €/kWh
2026-10-09T04:02:21Z,STR-E-XCMJ-A,0.08 € + 0.11 €/kWh
2026-10-09T04:02:21Z,STR-E-XCMJ-B,0.08 € + 0.11 €/kWh
2026-10-09T04:02:21Z,STR-E-XFON-A,0.07 €/kWh
2026-10-09T04:02:21Z,STR-E-XG69-A,0.08 € + 0.11 €/kWh
2026-10-09T04:02:21Z,STR-E-XG69-B,0.08 € + 0.11 €/kWh
2026-10-09T04:02:21Z,STR-E-XH51-A,0 € + 0.15 €/kWh
2026-10-09T04:02:21Z,STR-E-XKW2-A,0.16 €/kWh + 0.23 €
2026-10-09T04:02:21Z,STR-E-XKW2-B,0.16 €/kWh + 0.23 €
2026-10-09T04:02:21Z,STR-E-XRV8-A,0 € + 0.15 €/kWh
2026-10-09T04:02:21Z,STR-E-Y7JK-A,0 € + 0.15 €/kWh
2026-10-09T04:02:21Z,STR-E-Y82E-A,0 € + 0.15 €/kWh
2026-10-09T04:02:21Z,STR-E-YC50-A,0.07 €/kWh
2026-10-09T04:02:21Z,STR-E-Z2PJ-A,0.08 € + 0.11 €/kWh
2026-10-09T04:02:21Z,STR-E-Z2PJ-B,0.08 € + 0.11 €/kWh
2026-10-09T04:02:21Z,STR-E-ZA6O-A,0.07 €/kWh
2026-10-09T04:02:21Z,STR-E-ZEP7-A,0 € + 0.15 €/kWh
2026-10-09T04:02:21Z,STR-E-ZIAZ-A,0 € + 0.15 €/kWh
2026-10-09T04:02:21Z,STR-E-ZK9W-A,0 € + 0.15 €/kWh
2026-10-09T04:02:21Z,STR-E-ZS00-A,0.16 €/kWh + 0.23 €
2026-10-09T04:02:21Z,STR-E-ZS00-B,0.16 €/kWh + 0.23 €
2026-10-09T04:02:21Z,STR-E-ZWU5-A,0.08 € + 0.11 €/kWh
2026-10-09T04:02:21Z,STR-E-ZWU5-B,0.08 € + 0.11 €/kWh
2026-10-09T04:16:24Z,IKR-E-1220-A,0.3 € + 0.34 €/kWh
2026-10-09T04:16:24Z,IKR-E-1871-A,0.3 € + 0.34 €/kWh
2026-10-09T04:16:24Z,IKR-E-2G8J-A,0.3 € + 0.34 €/kWh
2026-10-09T04:16:24Z,IKR-E-3TSR-A,0.3 € + 0.34 €/kWh
2026-10-09T04:16:24Z,IKR-E-5715-A,0.3 € + 0.34 €/kWh
2026-10-09T04:16:24Z,IKR-E-5730-A,0.3 € + 0.41 €/kWh
2026-10-09T04:16:24Z,IKR-E-5CGU-A,0.3 € + 0.34 €/kWh
2026-10-09T04:16:24Z,IKR-E-7718-A,0.3 € + 0.41 €/kWh
2026-10-09T04:16:24Z,IKR-E-DVCM-A,0.3 € + 0.34 €/kWh
2026-10-09T04:16:24Z,IKR-E-E228-A,0.3 € + 0.35 €/kWh
2026-10-09T04:16:24Z,IKR-E-E475-A,0.3 € + 0.38 €/kWh
2026-10-09T04:16:24Z,IKR-E-E544-A,0.3 € + 0.38 €/kWh
2026-10-09T04:16:24Z,IKR-E-EKZA-A,0.3 € + 0.35 €/kWh
2026-10-09T04:16:24Z,IKR-E-GAY9-A,0.3 € + 0.34 €/kWh
2026-10-09T04:16:24Z,IKR-E-IZW2-A,0.3 € + 0.34 €/kWh
2026-10-09T04:16:24Z,IKR-E-J1JV-A,0.3 € + 0.35 €/kWh
2026-10-09T04:16:24Z,IKR-E-JJAJ-A,0.3 € + 0.34 €/kWh
2026-10-09T04:16:24Z,IKR-E-KMBH-A,0.3 € + 0.34 €/kWh
2026-10-09T04:16:24Z,IKR-E-LJZI-A,0.3 € + 0.34 €/kWh
2026-10-09T04:16:24Z,IKR-E-MAU9-A,0.29 € + 0.25 €/kWh
2026-10-09T04:16:24Z,IKR-E-W6HQ-A,0.29 € + 0.25 €/kWh
2026-10-09T04:16:24Z,IKR-E-XIH2-A,0.3 € + 0.34 €/kWh
2026-10-09T04:16:24Z,IKR-E-Y2Z8-A,0.3 € + 0.31 €/kWh
2026-10-09T04:16:24Z,IKR-P-IV7E-B,0.3 € + 0.34 €/kWh
2026-10-09T04:16:24Z,STR-E-027B-A,0.17 €/kWh + 0.23 €
2026-10-09T04:16:24Z,STR-E-027B-B,0.17 €/kWh + 0.23 €
2026-10-09T04:16:24Z,STR-E-02VO-A,0.2 €/kWh
2026-10-09T04:16:24Z,STR-E-02VO-B,0.2 €/kWh
2026-10-09T04:16:24Z,STR-E-04YS-A,0 € + 0.16 €/kWh
2026-10-09T04:16:24Z,STR-E-051F-A,0.08 € + 0.12 €/kWh
2026-10-09T04:16:24Z,STR-E-0698-A,0.08 €/kWh
2026-10-09T04:16:24Z,STR-E-0GEL-A,0.08 €/kWh
2026-10-09T04:16:24Z,STR-E-10G9-A,0.08 € + 0.12 €/kWh
2026-10-09T04:16:24Z,STR-E-10G9-B,0.08 € + 0.12 €/kWh
2026-10-09T04:16:24Z,STR-E-1162-A,0.08 €/kWh
2026-10-09T04:16:24Z,STR-E-11DT-A,0.08 €/kWh
2026-10-09T04:16:24Z,STR-E-1887-A,0.08 €/kWh
2026-10-09T04:16:24Z,STR-E-1927-A,0.08 €/kWh
2026-10-09T04:16:24Z,STR-E-1ME5-A,0.08 € + 0.12 €/kWh
2026-10-09T04:16:24Z,STR-E-1ME5-B,0.08 € + 0.12 €/kWh
2026-10-09T04:16:24Z,STR-E-1MHB-A,0.27 €/kWh
2026-10-09T04:16:24Z,STR-E-1MJQ-A,0.08 €/kWh
2026-10-09T04:16:24Z,STR-E-1X30-A,0 € + 0.16 €/kWh
2026-10-09T04:16:24Z,STR-E-21O1-A,0.17 €/kWh
2026-10-09T04:16:24Z,STR-E-21O1-B,0.17 €/kWh
2026-10-09T04:16:24Z,STR-E-2446-A,0 € + 0.16 €/kWh
2026-10-09T04:16:24Z,STR-E-2D12-A,0.08 €/kWh
2026-10-09T04:16:24Z,STR-E-2ED4-A,0.08 €/kWh
2026-10-09T04:16:24Z,STR-E-2K1Q-A,0 € + 0.16 €/kWh
2026-10-09T04:16:24Z,STR-E-2XDJ-A,0 € + 0.16 €/kWh
2026-10-09T04:16:24Z,STR-E-320G-A,0.08 €/kWh
2026-10-09T04:16:24Z,STR-E-3468-A,0.17 €/kWh
2026-10-09T04:16:24Z,STR-E-3468-B,0.17 €/kWh
2026-10-09T04:16:24Z,STR-E-3ENA-A,0.17 €/kWh
2026-10-09T04:16:24Z,STR-E-3ENA-B,0.17 €/kWh
2026-10-09T04:16:24Z,STR-E-3ENA-C,0.17 €/kWh
2026-10-09T04:16:24Z,STR-E-3FMF-A,0.17 €/kWh + 0.23 €
2026-10-09T04:16:24Z,STR-E-3FMF-B,0.17 €/kWh + 0.23 €
2026-10-09T04:16:24Z,STR-E-3PZS-A,0.08 €/kWh
2026-10-09T04:16:24Z,STR-E-3SXI-A,0.17 €/kWh
2026-10-09T04:16:24Z,STR-E-3SXI-B,0.17 €/kWh
2026-10-09T04:16:24Z,STR-E-3TZI-A,0.08 €/kWh
2026-10-09T04:16:24Z,STR-E-3WE5-A,0 € + 0.16 €/kWh
2026-10-09T04:16:24Z,STR-E-3YH3-A,0.08 € + 0.12 €/kWh
2026-10-09T04:16:24Z,STR-E-3YH3-B,0.08 € + 0.12 €/kWh
2026-10-09T04:16:24Z,STR-E-4156-A,0.23 €/kWh
2026-10-09T04:16:24Z,STR-E-4156-B,0.23 €/kWh
2026-10-09T04:16:24Z,STR-E-491A-A,0.17 €/kWh
2026-10-09T04:16:24Z,STR-E-491A-B,0.17 €/kWh
2026-10-09T04:16:24Z,STR-E-491A-C,0.17 €/kWh
2026-10-09T04:16:24Z,STR-E-4DE6-A,0.17 €/kWh
2026-10-09T04:16:24Z,STR-E-4DE6-B,0.17 €/kWh
2026-10-09T04:16:24Z,STR-E-4KWM-A,0.27 €/kWh
2026-10-09T04:16:24Z,STR-E-4KWM-B,0.27 €/kWh
2026-10-09T04:16:24Z,STR-E-4LRS-A,0.08 €/kWh
2026-10-09T04:16:24Z,STR-E-4UGU-A,0.08 €/kWh
2026-10-09T04:16:24Z,STR-E-4YKC-A,0 € + 0.16 €/kWh
2026-10-09T04:16:24Z,STR-E-527U-A,0 € + 0.16 €/kWh
2026-10-09T04:16:24Z,STR-E-54PK-A,0.08 € + 0.12 €/kWh
2026-10-09T04:16:24Z,STR-E-54PK-B,0.08 € + 0.12 €/kWh
2026-10-09T04:16:24Z,STR-E-55I4-A,0 € + 0.16 €/kWh
2026-10-09T04:16:24Z,STR-E-566J-A,0 € + 0.16 €/kWh
2026-10-09T04:16:24Z,STR-E-59TF-A,0.08 € + 0.12 €/kWh
2026-10-09T04:16:24Z,STR-E-5DWB-A,0.08 €/kWh
2026-10-09T04:16:24Z,STR-E-5TI5-A,0.08 €/kWh
2026-10-09T04:16:24Z,STR-E-69PN-A,0.08 €/kWh
2026-10-09T04:16:24Z,STR-E-6CNG-A,0.08 €/kWh
2026-10-09T04:16:24Z,STR-E-6E7W-A,0 € + 0.16 €/kWh
2026-10-09T04:16:24Z,STR-E-6SQH-A,0.08 €/kWh
2026-10-09T04:16:24Z,STR-E-6UZQ-A,0.17 €/kWh
2026-10-09T04:16:24Z,STR-E-6UZQ-B,0.17 €/kWh
2026-10-09T04:16:24Z,STR-E-6ZTQ-A,0 € + 0.16 €/kWh
2026-10-09T04:16:24Z,STR-E-7438-A,0 € + 0.16 €/kWh
2026-10-09T04:16:24Z,STR-E-7A48-A,0.08 € + 0.12 €/kWh
2026-10-09T04:16:24Z,STR-E-7YBN-A,0 € + 0.16 €/kWh
2026-10-09T04:16:24Z,STR-E-7Z8G-A,0.27 €/kWh
2026-10-09T04:16:24Z,STR-E-7Z8G-B,0.27 €/kWh
2026-10-09T04:16:24Z,STR-E-86C0-A,0.08 €/kWh
2026-10-09T04:16:24Z,STR-E-88SA-A,0.08 €/kWh
2026-10-09T04:16:24Z,STR-E-8A02-A,0 € + 0.16 €/kWh
2026-10-09T04:16:24Z,STR-E-8M2O-A,0.08 €/kWh
2026-10-09T04:16:24Z,STR-E-8Q9F-A,0 € + 0.16 €/kWh
2026-10-09T04:16:24Z,STR-E-8XL5-A,0.08 €/kWh
2026-10-09T04:16:24Z,STR-E-8Y23-A,0.08 €/kWh
2026-10-09T04:16:24Z,STR-E-92KW-A,0.17 €/kWh + 0.23 €
2026-10-09T04:16:24Z,STR-E-9AH3-A,0 € + 0.16 €/kWh
2026-10-09T04:16:24Z,STR-E-9I2R-A,0.08 €/kWh
2026-10-09T04:16:24Z,STR-E-9TUZ-A,0.08 €/kWh
2026-10-09T04:16:24Z,STR-E-9WY2-A,0.08 €/kWh
2026-10-09T04:16:24Z,STR-E-A169-A,0 € + 0.16 €/kWh
2026-10-09T04:16:24Z,STR-E-A27N-A,0.2 €/kWh
2026-10-09T04:16:24Z,STR-E-A27N-B,0.2 €/kWh
2026-10-09T04:16:24Z,STR-E-A27N-C,0.2 €/kWh
2026-10-09T04:16:24Z,STR-E-A442-A,0.08 €/kWh
2026-10-09T04:16:24Z,STR-E-AABG-A,0.08 €/kWh
2026-10-09T04:16:24Z,STR-E-ACMT-A,0.08 €/kWh
2026-10-09T04:16:24Z,STR-E-ADXE-A,0 € + 0.16 €/kWh
2026-10-09T04:16:24Z,STR-E-AF2O-A,0.08 € + 0.12 €/kWh
2026-10-09T04:16:24Z,STR-E-AMQK-A,0 € + 0.16 €/kWh
2026-10-09T04:16:24Z,STR-E-ANJ0-A,0.17 €/kWh + 0.23 €
2026-10-09T04:16:24Z,STR-E-ANJ0-B,0.17 €/kWh + 0.23 €
2026-10-09T04:16:24Z,STR-E-AP96-A,0.17 €/kWh + 0.23 €
2026-10-09T04:16:24Z,STR-E-AP96-B,0.17 €/kWh + 0.23 €
2026-10-09T04:16:24Z,STR-E-AUQ2-A,0 € + 0.16 €/kWh
2026-10-09T04:16:24Z,STR-E-AWF1-A,0.08 € + 0.12 €/kWh
2026-10-09T04:16:24Z,STR-E-AWF1-B,0.08 € + 0.12 €/kWh
2026-10-09T04:16:24Z,STR-E-AWJ9-A,0.2 €/kWh
2026-10-09T04:16:24Z,STR-E-AWJ9-B,0.2 €/kWh
2026-10-09T04:16:24Z,STR-E-B36V-A,0.19 € + 0.25 €/kWh
2026-10-09T04:16:24Z,STR-E-B36V-B,0.19 € + 0.25 €/kWh
2026-10-09T04:16:24Z,STR-E-BIKW-A,0.17 €/kWh + 0.23 €
2026-10-09T04:16:24Z,STR-E-BIKW-B,0.17 €/kWh + 0.23 €
2026-10-09T04:16:24Z,STR-E-BXA5-A,0.08 €/kWh
2026-10-09T04:16:24Z,STR-E-C91L-A,0.08 €/kWh
2026-10-09T04:16:24Z,STR-E-C99Z-A,0 € + 0.16 €/kWh
2026-10-09T04:16:24Z,STR-E-D3MB-A,0.17 €/kWh + 0.23 €
2026-10-09T04:16:24Z,STR-E-D3MB-B,0.17 €/kWh + 0.23 €
2026-10-09T04:16:24Z,STR-E-DBCC-A,0.08 € + 0.12 €/kWh
2026-10-09T04:16:24Z,STR-E-DBCC-B,0.08 € + 0.12 €/kWh
2026-10-09T04:16:24Z,STR-E-DHEJ-A,0 € + 0.16 €/kWh
2026-10-09T04:16:24Z,STR-E-E0DZ-A,0.17 €/kWh
2026-10-09T04:16:24Z,STR-E-E0DZ-B,0.17 €/kWh
2026-10-09T04:16:24Z,STR-E-E7HH-A,0.08 €/kWh
2026-10-09T04:16:24Z,STR-E-ECI7-A,0 € + 0.16 €/kWh
2026-10-09T04:16:24Z,STR-E-EFXK-A,0 € + 0.16 €/kWh
2026-10-09T04:16:24Z,STR-E-ELFQ-A,0.17 €/kWh + 0.23 €
2026-10-09T04:16:24Z,STR-E-ELFQ-B,0.17 €/kWh + 0.23 €
2026-10-09T04:16:24Z,STR-E-EPQY-A,0 € + 0.16 €/kWh
2026-10-09T04:16:24Z,STR-E-ER2N-A,0 € + 0.16 €/kWh
2026-10-09T04:16:24Z,STR-E-ES3O-A,0 € + 0.16 €/kWh
2026-10-09T04:16:24Z,STR-E-EU1U-A,0.08 €/kWh
2026-10-09T04:16:24Z,STR-E-F2G0-A,0.08 € + 0.12 €/kWh
2026-10-09T04:16:24Z,STR-E-F2G0-B,0.08 € + 0.12 €/kWh
2026-10-09T04:16:24Z,STR-E-F4B3-A,0.08 €/kWh
2026-10-09T04:16:24Z,STR-E-F5LZ-A,0.08 €/kWh
2026-10-09T04:16:24Z,STR-E-F79A-A,0.17 €/kWh + 0.23 €
2026-10-09T04:16:24Z,STR-E-F79A-B,0.17 €/kWh + 0.23 €
2026-10-09T04:16:24Z,STR-E-FGMF-A,0.08 €/kWh
2026-10-09T04:16:24Z,STR-E-FK06-A,0.08 €/kWh
2026-10-09T04:16:24Z,STR-E-FKUY-A,0 € + 0.16 €/kWh
2026-10-09T04:16:24Z,STR-E-FUE8-A,0.08 € + 0.12 €/kWh
2026-10-09T04:16:24Z,STR-E-FUE8-B,0.08 € + 0.12 €/kWh
2026-10-09T04:16:24Z,STR-E-G4VM-A,0.08 €/kWh
2026-10-09T04:16:24Z,STR-E-G518-A,0.08 €/kWh
2026-10-09T04:16:24Z,STR-E-GB9A-A,0.08 €/kWh
2026-10-09T04:16:24Z,STR-E-GE77-A,0.27 €/kWh
2026-10-09T04:16:24Z,STR-E-GE77-B,0.27 €/kWh
2026-10-09T04:16:24Z,STR-E-GFB3-A,0 € + 0.16 €/kWh
2026-10-09T04:16:24Z,STR-E-GGV8-A,0.08 €/kWh
2026-10-09T04:16:24Z,STR-E-GHJA-A,0.08 €/kWh
2026-10-09T04:16:24Z,STR-E-GK0C-A,0 € + 0.16 €/kWh
2026-10-09T04:16:24Z,STR-E-GR5K-A,0.08 €/kWh
2026-10-09T04:16:24Z,STR-E-H6Q5-A,0.08 €/kWh
2026-10-09T04:16:24Z,STR-E-HHXV-A,0 € + 0.16 €/kWh
2026-10-09T04:16:24Z,STR-E-I1KE-A,0 € + 0.16 €/kWh
2026-10-09T04:16:24Z,STR-E-I4UZ-A,0.08 €/kWh
2026-10-09T04:16:24Z,STR-E-I5FH-A,0.08 €/kWh
2026-10-09T04:16:24Z,STR-E-I8C6-A,0.08 €/kWh
2026-10-09T04:16:24Z,STR-E-IA3X-A,0.08 €/kWh
2026-10-09T04:16:24Z,STR-E-IAO5-A,0 € + 0.16 €/kWh
2026-10-09T04:16:24Z,STR-E-IGH5-A,0.17 €/kWh + 0.23 €
2026-10-09T04:16:24Z,STR-E-IGH5-B,0.17 €/kWh + 0.23 €
2026-10-09T04:16:24Z,STR-E-IIKL-A,0.08 € + 0.12 €/kWh
2026-10-09T04:16:24Z,STR-E-IIKL-B,0.08 € + 0.12 €/kWh
2026-10-09T04:16:24Z,STR-E-IPEC-A,0 € + 0.16 €/kWh
2026-10-09T04:16:24Z,STR-E-IV6T-A,0 € + 0.16 €/kWh
2026-10-09T04:16:24Z,STR-E-J54N-A,0 € + 0.16 €/kWh
2026-10-09T04:16:24Z,STR-E-J6DA-A,0 € + 0.16 €/kWh
2026-10-09T04:16:24Z,STR-E-J8VF-A,0 € + 0.16 €/kWh
2026-10-09T04:16:24Z,STR-E-JG90-A,0.09 €/kWh + 0.3 €
2026-10-09T04:16:24Z,STR-E-JG90-B,0.09 €/kWh + 0.3 €
2026-10-09T04:16:24Z,STR-E-JMOR-A,0 € + 0.16 €/kWh
2026-10-09T04:16:24Z,STR-E-JVO0-A,0.08 €/kWh
2026-10-09T04:16:24Z,STR-E-K217-A,0 € + 0.16 €/kWh
2026-10-09T04:16:24Z,STR-E-K73C-A,0.17 €/kWh + 0.23 €
2026-10-09T04:16:24Z,STR-E-K73C-B,0.17 €/kWh + 0.23 €
2026-10-09T04:16:24Z,STR-E-KBZL-A,0.08 €/kWh
2026-10-09T04:16:24Z,STR-E-KOHN-A,0 € + 0.16 €/kWh
2026-10-09T04:16:24Z,STR-E-KT5B-A,0 € + 0.16 €/kWh
2026-10-09T04:16:24Z,STR-E-KUKS-A,0.08 € + 0.12 €/kWh
2026-10-09T04:16:24Z,STR-E-KUKS-B,0.08 € + 0.12 €/kWh
2026-10-09T04:16:24Z,STR-E-L84D-A,0.08 €/kWh
2026-10-09T04:16:24Z,STR-E-LISV-A,0.08 €/kWh
2026-10-09T04:16:24Z,STR-E-LKFQ-A,0.08 €/kWh
2026-10-09T04:16:24Z,STR-E-LREY-A,0.27 €/kWh
2026-10-09T04:16:24Z,STR-E-M1IB-A,0.08 €/kWh
2026-10-09T04:16:24Z,STR-E-M8WL-A,0.08 €/kWh
2026-10-09T04:16:24Z,STR-E-M9W7-A,0.08 €/kWh
2026-10-09T04:16:24Z,STR-E-MIP3-A,0.17 €/kWh
2026-10-09T04:16:24Z,STR-E-MIP3-B,0.17 €/kWh
2026-10-09T04:16:24Z,STR-E-MSEN-A,0.08 €/kWh
2026-10-09T04:16:24Z,STR-E-MSUL-A,0.08 €/kWh
2026-10-09T04:16:24Z,STR-E-N6P5-A,0.08 €/kWh
2026-10-09T04:16:24Z,STR-E-NCKT-A,0.08 € + 0.12 €/kWh
2026-10-09T04:16:24Z,STR-E-NCKT-B,0.08 € + 0.12 €/kWh
2026-10-09T04:16:24Z,STR-E-NDU2-A,0 € + 0.16 €/kWh
2026-10-09T04:16:24Z,STR-E-NDZ4-A,0 € + 0.16 €/kWh
2026-10-09T04:16:24Z,STR-E-NFV5-A,0 € + 0.16 €/kWh
2026-10-09T04:16:24Z,STR-E-NNGC-A,0.08 €/kWh
2026-10-09T04:16:24Z,STR-E-NSGB-A,0 € + 0.16 €/kWh
2026-10-09T04:16:24Z,STR-E-NY0Q-A,0.15 € + 0.17 €/kWh
2026-10-09T04:16:24Z,STR-E-O0VK-A,0.08 €/kWh
2026-10-09T04:16:24Z,STR-E-O5JX-A,0 € + 0.16 €/kWh
2026-10-09T04:16:24Z,STR-E-O5YW-A,0.08 € + 0.12 €/kWh
2026-10-09T04:16:24Z,STR-E-O5YW-B,0.08 € + 0.12 €/kWh
2026-10-09T04:16:24Z,STR-E-ODBK-A,0.27 €/kWh
2026-10-09T04:16:24Z,STR-E-ODBK-B,0.27 €/kWh
2026-10-09T04:16:24Z,STR-E-OFWF-A,0 € + 0.16 €/kWh
2026-10-09T04:16:24Z,STR-E-OG1X-A,0.08 €/kWh
2026-10-09T04:16:24Z,STR-E-OHH6-A,0 € + 0.16 €/kWh
2026-10-09T04:16:24Z,STR-E-OJ3E-A,0.17 €/kWh + 0.23 €
2026-10-09T04:16:24Z,STR-E-OJ3E-B,0.17 €/kWh + 0.23 €
2026-10-09T04:16:24Z,STR-E-OQKZ-A,0.08 €/kWh
2026-10-09T04:16:24Z,STR-E-P46N-A,0 € + 0.16 €/kWh
2026-10-09T04:16:24Z,STR-E-P7AF-A,0.08 € + 0.12 €/kWh
2026-10-09T04:16:24Z,STR-E-P7AF-B,0.08 € + 0.12 €/kWh
2026-10-09T04:16:24Z,STR-E-PC04-A,0.08 €/kWh
2026-10-09T04:16:24Z,STR-E-PDR2-A,0.08 €/kWh
2026-10-09T04:16:24Z,STR-E-PJCQ-A,0.08 € + 0.12 €/kWh
2026-10-09T04:16:24Z,STR-E-PJCQ-B,0.08 € + 0.12 €/kWh
2026-10-09T04:16:24Z,STR-E-PM3P-A,0.17 €/kWh + 0.23 €
2026-10-09T04:16:24Z,STR-E-PM3P-B,0.17 €/kWh + 0.23 €
2026-10-09T04:16:24Z,STR-E-PRUQ-A,0.08 €/kWh
2026-10-09T04:16:24Z,STR-E-PSU9-A,0.08 €/kWh
2026-10-09T04:16:24Z,STR-E-PZ9U-A,0.08 €/kWh
2026-10-09T04:16:24Z,STR-E-PZES-A,0.08 €/kWh
2026-10-09T04:16:24Z,STR-E-Q5YF-A,0.17 €/kWh + 0.23 €
2026-10-09T04:16:24Z,STR-E-Q5YF-B,0.17 €/kWh + 0.23 €
2026-10-09T04:16:24Z,STR-E-Q7LB-A,0.17 €/kWh + 0.23 €
2026-10-09T04:16:24Z,STR-E-Q7LB-B,0.17 €/kWh + 0.23 €
2026-10-09T04:16:24Z,STR-E-QAXH-A,0.15 € + 0.17 €/kWh
2026-10-09T04:16:24Z,STR-E-QE1X-A,0.08 € + 0.12 €/kWh
2026-10-09T04:16:24Z,STR-E-QE1X-B,0.08 € + 0.12 €/kWh
2026-10-09T04:16:24Z,STR-E-QEDL-A,0.08 €/kWh
2026-10-09T04:16:24Z,STR-E-QIQM-A,0.08 €/kWh
2026-10-09T04:16:24Z,STR-E-QLC9-A,0.17 €/kWh
2026-10-09T04:16:24Z,STR-E-QLC9-B,0.17 €/kWh
2026-10-09T04:16:24Z,STR-E-R0J8-A,0.08 €/kWh
2026-10-09T04:16:24Z,STR-E-R1MT-A,0.17 €/kWh + 0.23 €
2026-10-09T04:16:24Z,STR-E-R1MT-B,0.17 €/kWh + 0.23 €
2026-10-09T04:16:24Z,STR-E-R1PI-A,0.17 €/kWh + 0.23 €
2026-10-09T04:16:24Z,STR-E-R1PI-B,0.17 €/kWh + 0.23 €
2026-10-09T04:16:24Z,STR-E-R2LK-A,0.17 €/kWh + 0.23 €
2026-10-09T04:16:24Z,STR-E-R2LK-B,0.17 €/kWh + 0.23 €
2026-10-09T04:16:24Z,STR-E-R8PQ-A,0 € + 0.16 €/kWh
2026-10-09T04:16:24Z,STR-E-R9GA-A,0.08 €/kWh
2026-10-09T04:16:24Z,STR-E-RJH9-A,0.08 €/kWh
2026-10-09T04:16:24Z,STR-E-RKWJ-A,0.08 €/kWh
2026-10-09T04:16:24Z,STR-E-S42D-A,0.08 €/kWh
2026-10-09T04:16:24Z,STR-E-S6VR-A,0 € + 0.16 €/kWh
2026-10-09T04:16:24Z,STR-E-S7YR-A,0.17 €/kWh + 0.23 €
2026-10-09T04:16:24Z,STR-E-S7YR-B,0.17 €/kWh + 0.23 €
2026-10-09T04:16:24Z,STR-E-SGC2-A,0 € + 0.16 €/kWh
2026-10-09T04:16:24Z,STR-E-SJKA-A,0.08 €/kWh
2026-10-09T04:16:24Z,STR-E-SQX8-A,0.08 € + 0.12 €/kWh
2026-10-09T04:16:24Z,STR-E-SQX8-B,0.08 € + 0.12 €/kWh
2026-10-09T04:16:24Z,STR-E-SVR3-A,0.17 €/kWh + 0.23 €
2026-10-09T04:16:24Z,STR-E-SVR3-B,0.17 €/kWh + 0.23 €
2026-10-09T04:16:24Z,STR-E-SY9Y-A,0.08 €/kWh
2026-10-09T04:16:24Z,STR-E-TO2O-A,0.08 €/kWh
2026-10-09T04:16:24Z,STR-E-TX67-A,0.2 €/kWh
2026-10-09T04:16:24Z,STR-E-TX67-B,0.2 €/kWh
2026-10-09T04:16:24Z,STR-E-U41O-A,0 € + 0.16 €/kWh
2026-10-09T04:16:24Z,STR-E-U5TP-A,0.08 €/kWh
2026-10-09T04:16:24Z,STR-E-UKPS-A,0.15 € + 0.17 €/kWh
2026-10-09T04:16:24Z,STR-E-UPAQ-A,0.17 €/kWh
2026-10-09T04:16:24Z,STR-E-UPAQ-B,0.17 €/kWh
2026-10-09T04:16:24Z,STR-E-UPOS-A,0.08 € + 0.12 €/kWh
2026-10-09T04:16:24Z,STR-E-UPOS-B,0.08 € + 0.12 €/kWh
2026-10-09T04:16:24Z,STR-E-UY5H-A,0.08 €/kWh
2026-10-09T04:16:24Z,STR-E-V17G-A,0.08 €/kWh
2026-10-09T04:16:24Z,STR-E-V31J-A,0.08 €/kWh
2026-10-09T04:16:24Z,STR-E-V50T-A,0.08 €/kWh
2026-10-09T04:16:24Z,STR-E-V9SD-A,0.08 €/kWh
2026-10-09T04:16:24Z,STR-E-V9ZR-A,0.08 €/kWh
2026-10-09T04:16:24Z,STR-E-VBMP-A,0.08 €/kWh
2026-10-09T04:16:24Z,STR-E-VJBJ-A,0 € + 0.16 €/kWh
2026-10-09T04:16:24Z,STR-E-VPDB-A,0.08 €/kWh
2026-10-09T04:16:24Z,STR-E-VQ06-A,0 € + 0.16 €/kWh
2026-10-09T04:16:24Z,STR-E-VSDJ-A,0.2 €/kWh
2026-10-09T04:16:24Z,STR-E-VSDJ-B,0.2 €/kWh
2026-10-09T04:16:24Z,STR-E-VT0G-A,0.08 €/kWh
2026-10-09T04:16:24Z,STR-E-VX2O-A,0 € + 0.16 €/kWh
2026-10-09T04:16:24Z,STR-E-VXGH-A,0.08 €/kWh
2026-10-09T04:16:24Z,STR-E-W1X4-A,0.08 €/kWh
2026-10-09T04:16:24Z,STR-E-WEE3-A,0.17 €/kWh + 0.23 €
2026-10-09T04:16:24Z,STR-E-WEE3-B,0.17 €/kWh + 0.23 €
2026-10-09T04:16:24Z,STR-E-WHZ1-A,0 € + 0.16 €/kWh
2026-10-09T04:16:24Z,STR-E-WLGM-A,0 € + 0.16 €/kWh
2026-10-09T04:16:24Z,STR-E-WTQ5-A,0.17 €/kWh
2026-10-09T04:16:24Z,STR-E-WXV8-A,0.08 €/kWh
2026-10-09T04:16:24Z,STR-E-WYFE-A,0.17 €/kWh
2026-10-09T04:16:24Z,STR-E-WYFE-B,0.17 €/kWh
2026-10-09T04:16:24Z,STR-E-WYYC-A,0.17 €/kWh + 0.23 €
2026-10-09T04:16:24Z,STR-E-WYYC-B,0.17 €/kWh + 0.23 €
2026-10-09T04:16:24Z,STR-E-WZW9-A,0.08 €/kWh
2026-10-09T04:16:24Z,STR-E-X525-A,0.08 €/kWh
2026-10-09T04:16:24Z,STR-E-X54O-A,0 € + 0.16 €/kWh
2026-10-09T04:16:24Z,STR-E-XCMJ-A,0.08 € + 0.12 €/kWh
2026-10-09T04:16:24Z,STR-E-XCMJ-B,0.08 € + 0.12 €/kWh
2026-10-09T04:16:24Z,STR-E-XFON-A,0.08 €/kWh
2026-10-09T04:16:24Z,STR-E-XG69-A,0.08 € + 0.12 €/kWh
2026-10-09T04:16:24Z,STR-E-XG69-B,0.08 € + 0.12 €/kWh
2026-10-09T04:16:24Z,STR-E-XH51-A,0 € + 0.16 €/kWh
2026-10-09T04:16:24Z,STR-E-XKW2-A,0.17 €/kWh + 0.23 €
2026-10-09T04:16:24Z,STR-E-XKW2-B,0.17 €/kWh + 0.23 €
2026-10-09T04:16:24Z,STR-E-XRV8-A,0 € + 0.16 €/kWh
2026-10-09T04:16:24Z,STR-E-Y7JK-A,0 € + 0.16 €/kWh
2026-10-09T04:16:24Z,STR-E-Y82E-A,0 € + 0.16 €/kWh
2026-10-09T04:16:24Z,STR-E-YC50-A,0.08 €/kWh
2026-10-09T04:16:24Z,STR-E-Z2PJ-A,0.08 € + 0.12 €/kWh
2026-10-09T04:16:24Z,STR-E-Z2PJ-B,0.08 € + 0.12 €/kWh
2026-10-09T04:16:24Z,STR-E-ZA6O-A,0.08 €/kWh
2026-10-09T04:16:24Z,STR-E-ZEP7-A,0 € + 0.16 €/kWh
2026-10-09T04:16:24Z,STR-E-ZIAZ-A,0 € + 0.16 €/kWh
2026-10-09T04:16:24Z,STR-E-ZK9W-A,0 € + 0.16 €/kWh
2026-10-09T04:16:24Z,STR-E-ZS00-A,0.17 €/kWh + 0.23 €
2026-10-09T04:16:24Z,STR-E-ZS00-B,0.17 €/kWh + 0.23 €
2026-10-09T04:16:24Z,STR-E-ZWU5-A,0.08 € + 0.12 €/kWh
2026-10-09T04:16:24Z,STR-E-ZWU5-B,0.08 € + 0.12 €/kWh
2026-10-09T04:30:55Z,IKR-E-1220-A,0.3 € + 0.38 €/kWh
2026-10-09T04:30:55Z,IKR-E-1871-A,0.3 € + 0.38 €/kWh
2026-10-09T04:30:55Z,IKR-E-2G8J-A,0.3 € + 0.38 €/kWh
2026-10-09T04:30:55Z,IKR-E-3TSR-A,0.3 € + 0.38 €/kWh
2026-10-09T04:30:55Z,IKR-E-5715-A,0.3 € + 0.38 €/kWh
2026-10-09T04:30:55Z,IKR-E-5730-A,0.3 € + 0.44 €/kWh
2026-10-09T04:30:55Z,IKR-E-5CGU-A,0.3 € + 0.38 €/kWh
2026-10-09T04:30:55Z,IKR-E-7718-A,0.3 € + 0.44 €/kWh
2026-10-09T04:30:55Z,IKR-E-DVCM-A,0.3 € + 0.38 €/kWh
2026-10-09T04:30:55Z,IKR-E-E228-A,0.3 € + 0.38 €/kWh
2026-10-09T04:30:55Z,IKR-E-E475-A,0.3 € + 0.39 €/kWh
2026-10-09T04:30:55Z,IKR-E-E544-A,0.3 € + 0.39 €/kWh
2026-10-09T04:30:55Z,IKR-E-EKZA-A,0.3 € + 0.38 €/kWh
2026-10-09T04:30:55Z,IKR-E-GAY9-A,0.3 € + 0.38 €/kWh
2026-10-09T04:30:55Z,IKR-E-IZW2-A,0.3 € + 0.38 €/kWh
2026-10-09T04:30:55Z,IKR-E-J1JV-A,0.3 € + 0.38 €/kWh
2026-10-09T04:30:55Z,IKR-E-JJAJ-A,0.3 € + 0.38 €/kWh
2026-10-09T04:30:55Z,IKR-E-KMBH-A,0.3 € + 0.38 €/kWh
2026-10-09T04:30:55Z,IKR-E-LJZI-A,0.3 € + 0.38 €/kWh
2026-10-09T04:30:55Z,IKR-E-MAU9-A,0.29 € + 0.28 €/kWh
2026-10-09T04:30:55Z,IKR-E-OWF5-A,0.3 € + 0.4 €/kWh
2026-10-09T04:30:55Z,IKR-E-W6HQ-A,0.29 € + 0.28 €/kWh
2026-10-09T04:30:55Z,IKR-E-XIH2-A,0.3 € + 0.38 €/kWh
2026-10-09T04:30:55Z,IKR-E-Y2Z8-A,0.3 € + 0.33 €/kWh
2026-10-09T04:30:55Z,IKR-P-IV7E-B,0.3 € + 0.38 €/kWh
2026-10-09T04:30:55Z,IKR-P-SCM5-A,0.3 € + 0.4 €/kWh
2026-10-09T04:30:55Z,IKR-P-V9X4-A,0.3 € + 0.4 €/kWh
2026-10-09T04:30:55Z,IKR-P-V9X4-B,0.3 € + 0.4 €/kWh
2026-10-09T04:32:23Z,STR-E-027B-A,0.18 €/kWh + 0.23 €
2026-10-09T04:32:23Z,STR-E-027B-B,0.18 €/kWh + 0.23 €
2026-10-09T04:32:23Z,STR-E-1MHB-A,0.28 €/kWh
2026-10-09T04:32:23Z,STR-E-21O1-A,0.18 €/kWh
2026-10-09T04:32:23Z,STR-E-21O1-B,0.18 €/kWh
2026-10-09T04:32:23Z,STR-E-3468-A,0.18 €/kWh
2026-10-09T04:32:23Z,STR-E-3468-B,0.18 €/kWh
2026-10-09T04:32:23Z,STR-E-3ENA-A,0.18 €/kWh
2026-10-09T04:32:23Z,STR-E-3ENA-B,0.18 €/kWh
2026-10-09T04:32:23Z,STR-E-3ENA-C,0.18 €/kWh
2026-10-09T04:32:23Z,STR-E-3FMF-A,0.18 €/kWh + 0.23 €
2026-10-09T04:32:23Z,STR-E-3FMF-B,0.18 €/kWh + 0.23 €
2026-10-09T04:32:23Z,STR-E-3SXI-A,0.18 €/kWh
2026-10-09T04:32:23Z,STR-E-3SXI-B,0.18 €/kWh
2026-10-09T04:32:23Z,STR-E-4156-A,0.24 €/kWh
2026-10-09T04:32:23Z,STR-E-4156-B,0.24 €/kWh
2026-10-09T04:32:23Z,STR-E-6UZQ-A,0.18 €/kWh
2026-10-09T04:32:23Z,STR-E-6UZQ-B,0.18 €/kWh
2026-10-09T04:32:23Z,STR-E-92KW-A,0.18 €/kWh + 0.23 €
2026-10-09T04:32:23Z,STR-E-ANJ0-A,0.18 €/kWh + 0.23 €
2026-10-09T04:32:23Z,STR-E-ANJ0-B,0.18 €/kWh + 0.23 €
2026-10-09T04:32:23Z,STR-E-AP96-A,0.18 €/kWh + 0.23 €
2026-10-09T04:32:23Z,STR-E-AP96-B,0.18 €/kWh + 0.23 €
2026-10-09T04:32:23Z,STR-E-BIKW-A,0.18 €/kWh + 0.23 €
2026-10-09T04:32:23Z,STR-E-BIKW-B,0.18 €/kWh + 0.23 €
2026-10-09T04:32:23Z,STR-E-D3MB-A,0.18 €/kWh + 0.23 €
2026-10-09T04:32:23Z,STR-E-D3MB-B,0.18 €/kWh + 0.23 €
2026-10-09T04:32:23Z,STR-E-E0DZ-A,0.18 €/kWh
2026-10-09T04:32:23Z,STR-E-E0DZ-B,0.18 €/kWh
2026-10-09T04:32:23Z,STR-E-ELFQ-A,0.18 €/kWh + 0.23 €
2026-10-09T04:32:23Z,STR-E-ELFQ-B,0.18 €/kWh + 0.23 €
2026-10-09T04:32:23Z,STR-E-F79A-A,0.18 €/kWh + 0.23 €
2026-10-09T04:32:23Z,STR-E-F79A-B,0.18 €/kWh + 0.23 €
2026-10-09T04:32:23Z,STR-E-IGH5-A,0.18 €/kWh + 0.23 €
2026-10-09T04:32:23Z,STR-E-IGH5-B,0.18 €/kWh + 0.23 €
2026-10-09T04:32:23Z,STR-E-K73C-A,0.18 €/kWh + 0.23 €
2026-10-09T04:32:23Z,STR-E-K73C-B,0.18 €/kWh + 0.23 €
2026-10-09T04:32:23Z,STR-E-LREY-A,0.28 €/kWh
2026-10-09T04:32:23Z,STR-E-OJ3E-A,0.18 €/kWh + 0.23 €
2026-10-09T04:32:23Z,STR-E-OJ3E-B,0.18 €/kWh + 0.23 €
2026-10-09T04:32:23Z,STR-E-PM3P-A,0.18 €/kWh + 0.23 €
2026-10-09T04:32:23Z,STR-E-PM3P-B,0.18 €/kWh + 0.23 €
2026-10-09T04:32:23Z,STR-E-Q5YF-A,0.18 €/kWh + 0.23 €
2026-10-09T04:32:23Z,STR-E-Q5YF-B,0.18 €/kWh + 0.23 €
2026-10-09T04:32:23Z,STR-E-Q7LB-A,0.18 €/kWh + 0.23 €
2026-10-09T04:32:23Z,STR-E-Q7LB-B,0.18 €/kWh + 0.23 €
2026-10-09T04:32:23Z,STR-E-R1MT-A,0.18 €/kWh + 0.23 €
2026-10-09T04:32:23Z,STR-E-R1MT-B,0.18 €/kWh + 0.23 €
2026-10-09T04:32:23Z,STR-E-R1PI-A,0.18 €/kWh + 0.23 €
2026-10-09T04:32:23Z,STR-E-R1PI-B,0.18 €/kWh + 0.23 €
2026-10-09T04:32:23Z,STR-E-R2LK-A,0.18 €/kWh + 0.23 €
2026-10-09T04:32:23Z,STR-E-R2LK-B,0.18 €/kWh + 0.23 €
2026-10-09T04:32:23Z,STR-E-S7YR-A,0.18 €/kWh + 0.23 €
2026-10-09T04:32:23Z,STR-E-S7YR-B,0.18 €/kWh + 0.23 €
2026-10-09T04:32:23Z,STR-E-SVR3-A,0.18 €/kWh + 0.23 €
2026-10-09T04:32:23Z,STR-E-SVR3-B,0.18 €/kWh + 0.23 €
2026-10-09T04:32:23Z,STR-E-WEE3-A,0.18 €/kWh + 0.23 €
2026-10-09T04:32:23Z,STR-E-WEE3-B,0.18 €/kWh + 0.23 €
2026-10-09T04:32:23Z,STR-E-WTQ5-A,0.18 €/kWh
2026-10-09T04:32:23Z,STR-E-WYFE-A,0.18 €/kWh
2026-10-09T04:32:23Z,STR-E-WYFE-B,0.18 €/kWh
2026-10-09T04:32:23Z,STR-E-WYYC-A,0.18 €/kWh + 0.23 €
2026-10-09T04:32:23Z,STR-E-WYYC-B,0.18 €/kWh + 0.23 €
2026-10-09T04:32:23Z,STR-E-XKW2-A,0.18 €/kWh + 0.23 €
2026-10-09T04:32:23Z,STR-E-XKW2-B,0.18 €/kWh + 0.23 €
2026-10-09T04:32:23Z,STR-E-ZS00-A,0.18 €/kWh + 0.23 €
2026-10-09T04:32:23Z,STR-E-ZS00-B,0.18 €/kWh + 0.23 €
2026-10-09T04:48:23Z,IKR-E-E475-A,0.3 € + 0.4 €/kWh
2026-10-09T04:48:23Z,IKR-E-E544-A,0.3 € + 0.4 €/kWh
2026-10-09T04:48:23Z,IKR-E-MAU9-A,0.29 € + 0.29 €/kWh
2026-10-09T04:48:23Z,IKR-E-OWF5-A,0.3 € + 0.41 €/kWh
2026-10-09T04:48:23Z,IKR-E-W6HQ-A,0.29 € + 0.29 €/kWh
2026-10-09T04:48:23Z,IKR-P-SCM5-A,0.3 € + 0.41 €/kWh
2026-10-09T04:48:23Z,IKR-P-V9X4-A,0.3 € + 0.41 €/kWh
2026-10-09T04:48:23Z,IKR-P-V9X4-B,0.3 € + 0.41 €/kWh
2026-10-09T04:48:23Z,STR-E-4KWM-A,0.28 €/kWh
2026-10-09T04:48:23Z,STR-E-4KWM-B,0.28 €/kWh
2026-10-09T04:48:23Z,STR-E-7Z8G-A,0.28 €/kWh
2026-10-09T04:48:23Z,STR-E-7Z8G-B,0.28 €/kWh
2026-10-09T04:48:23Z,STR-E-GE77-A,0.28 €/kWh
2026-10-09T04:48:23Z,STR-E-GE77-B,0.28 €/kWh
2026-10-09T04:48:23Z,STR-E-NY0Q-A,0.15 € + 0.18 €/kWh
2026-10-09T04:48:23Z,STR-E-ODBK-A,0.28 €/kWh
2026-10-09T04:48:23Z,STR-E-ODBK-B,0.28 €/kWh
2026-10-09T04:48:23Z,STR-E-QAXH-A,0.15 € + 0.18 €/kWh
2026-10-09T04:48:23Z,STR-E-UKPS-A,0.15 € + 0.18 €/kWh
2026-10-09T05:01:06Z,IGN-E-0X0P-A,3 €/val. parkavimo mokestis + 0.35 €/kWh
2026-10-09T05:01:06Z,IGN-E-0X0P-B,3 €/val. parkavimo mokestis + 0.35 €/kWh
2026-10-09T05:01:06Z,IGN-E-0X0P-C,3 €/val. parkavimo mokestis + 0.35 €/kWh
2026-10-09T05:01:06Z,IGN-E-0X0P-D,3 €/val. parkavimo mokestis + 0.35 €/kWh
2026-10-09T05:01:06Z,IGN-E-0X0P-E,3 €/val. parkavimo mokestis + 0.35 €/kWh
2026-10-09T05:01:06Z,IGN-E-0X0P-F,3 €/val. parkavimo mokestis + 0.35 €/kWh
2026-10-09T05:01:06Z,IGN-E-0X0P-G,3 €/val. parkavimo mokestis + 0.35 €/kWh
2026-10-09T05:01:06Z,IGN-E-0X0P-H,3 €/val. parkavimo mokestis + 0.35 €/kWh
2026-10-09T05:01:06Z,IGN-E-0X0P-I,3 €/val. parkavimo mokestis + 0.35 €/kWh
2026-10-09T05:01:06Z,IGN-E-370-A,3 €/val. parkavimo mokestis + 0.35 €/kWh
2026-10-09T05:01:06Z,IGN-E-370-B,3 €/val. parkavimo mokestis + 0.35 €/kWh
2026-10-09T05:01:06Z,IGN-E-370-C,3 €/val. parkavimo mokestis + 0.35 €/kWh
2026-10-09T05:01:06Z,IGN-E-370-D,3 €/val. parkavimo mokestis + 0.35 €/kWh
2026-10-09T05:01:06Z,IGN-E-370-E,3 €/val. parkavimo mokestis + 0.35 €/kWh
2026-10-09T05:01:06Z,IGN-E-370-F,3 €/val. parkavimo mokestis + 0.35 €/kWh
2026-10-09T05:01:06Z,IGN-E-CK94-A,3 €/val. parkavimo mokestis + 0.35 €/kWh
2026-10-09T05:01:06Z,IGN-E-CK94-B,3 €/val. parkavimo mokestis + 0.35 €/kWh
2026-10-09T05:01:06Z,IGN-E-CK94-C,3 €/val. parkavimo mokestis + 0.35 €/kWh
2026-10-09T05:01:06Z,IGN-E-CK94-D,3 €/val. parkavimo mokestis + 0.35 €/kWh
2026-10-09T05:01:06Z,IKR-E-3855-A,0.3 € + 0.21 €/kWh
2026-10-09T05:01:06Z,IKR-E-9635-A,0.3 € + 0.21 €/kWh
2026-10-09T05:01:06Z,IKR-E-MAU9-A,0.29 € + 0.3 €/kWh
2026-10-09T05:01:06Z,IKR-E-W6HQ-A,0.29 € + 0.3 €/kWh
2026-10-09T05:01:06Z,IKR-E-Y2Z8-A,0.3 € + 0.34 €/kWh
2026-10-09T05:01:06Z,STR-E-4KWM-A,0.27 €/kWh
2026-10-09T05:01:06Z,STR-E-4KWM-B,0.27 €/kWh
2026-10-09T05:01:06Z,STR-E-7Z8G-A,0.27 €/kWh
2026-10-09T05:01:06Z,STR-E-7Z8G-B,0.27 €/kWh
2026-10-09T05:01:06Z,STR-E-GE77-A,0.27 €/kWh
2026-10-09T05:01:06Z,STR-E-GE77-B,0.27 €/kWh
2026-10-09T05:01:06Z,STR-E-NY0Q-A,0.15 € + 0.17 €/kWh
2026-10-09T05:01:06Z,STR-E-ODBK-A,0.27 €/kWh
2026-10-09T05:01:06Z,STR-E-ODBK-B,0.27 €/kWh
2026-10-09T05:01:06Z,STR-E-QAXH-A,0.15 € + 0.17 €/kWh
2026-10-09T05:01:06Z,STR-E-UKPS-A,0.15 € + 0.17 €/kWh
2026-10-09T05:08:22Z,IBG-E-WJND-C,0.28 €/kWh
2026-10-09T05:08:22Z,IBG-E-WJND-D,0.28 €/kWh
2026-10-09T05:16:22Z,IKR-E-1220-A,0.3 € + 0.39 €/kWh
2026-10-09T05:16:22Z,IKR-E-1871-A,0.3 € + 0.39 €/kWh
2026-10-09T05:16:22Z,IKR-E-2G8J-A,0.3 € + 0.39 €/kWh
2026-10-09T05:16:22Z,IKR-E-3TSR-A,0.3 € + 0.39 €/kWh
2026-10-09T05:16:22Z,IKR-E-5715-A,0.3 € + 0.39 €/kWh
2026-10-09T05:16:22Z,IKR-E-5730-A,0.3 € + 0.45 €/kWh
2026-10-09T05:16:22Z,IKR-E-5CGU-A,0.3 € + 0.39 €/kWh
2026-10-09T05:16:22Z,IKR-E-7718-A,0.3 € + 0.45 €/kWh
2026-10-09T05:16:22Z,IKR-E-DVCM-A,0.3 € + 0.39 €/kWh
2026-10-09T05:16:22Z,IKR-E-GAY9-A,0.3 € + 0.39 €/kWh
2026-10-09T05:16:22Z,IKR-E-IZW2-A,0.3 € + 0.39 €/kWh
2026-10-09T05:16:22Z,IKR-E-JJAJ-A,0.3 € + 0.39 €/kWh
2026-10-09T05:16:22Z,IKR-E-KMBH-A,0.3 € + 0.39 €/kWh
2026-10-09T05:16:22Z,IKR-E-LJZI-A,0.3 € + 0.39 €/kWh
2026-10-09T05:16:22Z,IKR-E-OWF5-A,0.3 € + 0.42 €/kWh
2026-10-09T05:16:22Z,IKR-E-XIH2-A,0.3 € + 0.39 €/kWh
2026-10-09T05:16:22Z,IKR-P-IV7E-B,0.3 € + 0.39 €/kWh
2026-10-09T05:16:22Z,IKR-P-SCM5-A,0.3 € + 0.42 €/kWh
2026-10-09T05:16:22Z,IKR-P-V9X4-A,0.3 € + 0.42 €/kWh
2026-10-09T05:16:22Z,IKR-P-V9X4-B,0.3 € + 0.42 €/kWh
2026-10-09T05:16:22Z,STR-E-4KWM-A,0.28 €/kWh
2026-10-09T05:16:22Z,STR-E-4KWM-B,0.28 €/kWh
2026-10-09T05:16:22Z,STR-E-7Z8G-A,0.28 €/kWh
2026-10-09T05:16:22Z,STR-E-7Z8G-B,0.28 €/kWh
2026-10-09T05:16:22Z,STR-E-GE77-A,0.28 €/kWh
2026-10-09T05:16:22Z,STR-E-GE77-B,0.28 €/kWh
2026-10-09T05:16:22Z,STR-E-NY0Q-A,0.15 € + 0.18 €/kWh
2026-10-09T05:16:22Z,STR-E-ODBK-A,0.28 €/kWh
2026-10-09T05:16:22Z,STR-E-ODBK-B,0.28 €/kWh
2026-10-09T05:16:22Z,STR-E-QAXH-A,0.15 € + 0.18 €/kWh
2026-10-09T05:16:22Z,STR-E-UKPS-A,0.15 € + 0.18 €/kWh
2026-10-09T05:30:55Z,IKR-E-E475-A,0.3 € + 0.41 €/kWh
2026-10-09T05:30:55Z,IKR-E-E544-A,0.3 € + 0.41 €/kWh
2026-10-09T05:30:55Z,IKR-E-Y2Z8-A,0.3 € + 0.35 €/kWh
2026-10-09T05:32:23Z,STR-E-04YS-A,0 € + 0.17 €/kWh
2026-10-09T05:32:23Z,STR-E-1X30-A,0 € + 0.17 €/kWh
2026-10-09T05:32:23Z,STR-E-2446-A,0 € + 0.17 €/kWh
2026-10-09T05:32:23Z,STR-E-2K1Q-A,0 € + 0.17 €/kWh
2026-10-09T05:32:23Z,STR-E-2XDJ-A,0 € + 0.17 €/kWh
2026-10-09T05:32:23Z,STR-E-3WE5-A,0 € + 0.17 €/kWh
2026-10-09T05:32:23Z,STR-E-4YKC-A,0 € + 0.17 €/kWh
2026-10-09T05:32:23Z,STR-E-527U-A,0 € + 0.17 €/kWh
2026-10-09T05:32:23Z,STR-E-55I4-A,0 € + 0.17 €/kWh
2026-10-09T05:32:23Z,STR-E-566J-A,0 € + 0.17 €/kWh
2026-10-09T05:32:23Z,STR-E-6E7W-A,0 € + 0.17 €/kWh
2026-10-09T05:32:23Z,STR-E-6ZTQ-A,0 € + 0.17 €/kWh
2026-10-09T05:32:23Z,STR-E-7438-A,0 € + 0.17 €/kWh
2026-10-09T05:32:23Z,STR-E-7YBN-A,0 € + 0.17 €/kWh
2026-10-09T05:32:23Z,STR-E-8A02-A,0 € + 0.17 €/kWh
2026-10-09T05:32:23Z,STR-E-8Q9F-A,0 € + 0.17 €/kWh
2026-10-09T05:32:23Z,STR-E-9AH3-A,0 € + 0.17 €/kWh
2026-10-09T05:32:23Z,STR-E-A169-A,0 € + 0.17 €/kWh
2026-10-09T05:32:23Z,STR-E-ADXE-A,0 € + 0.17 €/kWh
2026-10-09T05:32:23Z,STR-E-AMQK-A,0 € + 0.17 €/kWh
2026-10-09T05:32:23Z,STR-E-AUQ2-A,0 € + 0.17 €/kWh
2026-10-09T05:32:23Z,STR-E-C99Z-A,0 € + 0.17 €/kWh
2026-10-09T05:32:23Z,STR-E-DHEJ-A,0 € + 0.17 €/kWh
2026-10-09T05:32:23Z,STR-E-ECI7-A,0 € + 0.17 €/kWh
2026-10-09T05:32:23Z,STR-E-EFXK-A,0 € + 0.17 €/kWh
2026-10-09T05:32:23Z,STR-E-EPQY-A,0 € + 0.17 €/kWh
2026-10-09T05:32:23Z,STR-E-ER2N-A,0 € + 0.17 €/kWh
2026-10-09T05:32:23Z,STR-E-ES3O-A,0 € + 0.17 €/kWh
2026-10-09T05:32:23Z,STR-E-FKUY-A,0 € + 0.17 €/kWh
2026-10-09T05:32:23Z,STR-E-GFB3-A,0 € + 0.17 €/kWh
2026-10-09T05:32:23Z,STR-E-GK0C-A,0 € + 0.17 €/kWh
2026-10-09T05:32:23Z,STR-E-HHXV-A,0 € + 0.17 €/kWh
2026-10-09T05:32:23Z,STR-E-I1KE-A,0 € + 0.17 €/kWh
2026-10-09T05:32:23Z,STR-E-IAO5-A,0 € + 0.17 €/kWh
2026-10-09T05:32:23Z,STR-E-IPEC-A,0 € + 0.17 €/kWh
2026-10-09T05:32:23Z,STR-E-IV6T-A,0 € + 0.17 €/kWh
2026-10-09T05:32:23Z,STR-E-J54N-A,0 € + 0.17 €/kWh
2026-10-09T05:32:23Z,STR-E-J6DA-A,0 € + 0.17 €/kWh
2026-10-09T05:32:23Z,STR-E-J8VF-A,0 € + 0.17 €/kWh
2026-10-09T05:32:23Z,STR-E-JMOR-A,0 € + 0.17 €/kWh
2026-10-09T05:32:23Z,STR-E-K217-A,0 € + 0.17 €/kWh
2026-10-09T05:32:23Z,STR-E-KOHN-A,0 € + 0.17 €/kWh
2026-10-09T05:32:23Z,STR-E-KT5B-A,0 € + 0.17 €/kWh
2026-10-09T05:32:23Z,STR-E-NDU2-A,0 € + 0.17 €/kWh
2026-10-09T05:32:23Z,STR-E-NDZ4-A,0 € + 0.17 €/kWh
2026-10-09T05:32:23Z,STR-E-NFV5-A,0 € + 0.17 €/kWh
2026-10-09T05:32:23Z,STR-E-NSGB-A,0 € + 0.17 €/kWh
2026-10-09T05:32:23Z,STR-E-O5JX-A,0 € + 0.17 €/kWh
2026-10-09T05:32:23Z,STR-E-OFWF-A,0 € + 0.17 €/kWh
2026-10-09T05:32:23Z,STR-E-OHH6-A,0 € + 0.17 €/kWh
2026-10-09T05:32:23Z,STR-E-P46N-A,0 € + 0.17 €/kWh
2026-10-09T05:32:23Z,STR-E-R8PQ-A,0 € + 0.17 €/kWh
2026-10-09T05:32:23Z,STR-E-S6VR-A,0 € + 0.17 €/kWh
2026-10-09T05:32:23Z,STR-E-SGC2-A,0 € + 0.17 €/kWh
2026-10-09T05:32:23Z,STR-E-U41O-A,0 € + 0.17 €/kWh
2026-10-09T05:32:23Z,STR-E-VJBJ-A,0 € + 0.17 €/kWh
2026-10-09T05:32:23Z,STR-E-VQ06-A,0 € + 0.17 €/kWh
2026-10-09T05:32:23Z,STR-E-VX2O-A,0 € + 0.17 €/kWh
2026-10-09T05:32:23Z,STR-E-WHZ1-A,0 € + 0.17 €/kWh
2026-10-09T05:32:23Z,STR-E-WLGM-A,0 € + 0.17 €/kWh
2026-10-09T05:32:23Z,STR-E-X54O-A,0 € + 0.17 €/kWh
2026-10-09T05:32:23Z,STR-E-XH51-A,0 € + 0.17 €/kWh
2026-10-09T05:32:23Z,STR-E-XRV8-A,0 € + 0.17 €/kWh
2026-10-09T05:32:23Z,STR-E-Y7JK-A,0 € + 0.17 €/kWh
2026-10-09T05:32:23Z,STR-E-Y82E-A,0 € + 0.17 €/kWh
2026-10-09T05:32:23Z,STR-E-ZEP7-A,0 € + 0.17 €/kWh
2026-10-09T05:32:23Z,STR-E-ZIAZ-A,0 € + 0.17 €/kWh
2026-10-09T05:32:23Z,STR-E-ZK9W-A,0 € + 0.17 €/kWh
2026-10-09T05:46:21Z,STR-E-1MHB-A,0.29 €/kWh
2026-10-09T05:46:21Z,STR-E-491A-A,0.18 €/kWh
2026-10-09T05:46:21Z,STR-E-491A-B,0.18 €/kWh
2026-10-09T05:46:21Z,STR-E-491A-C,0.18 €/kWh
2026-10-09T05:46:21Z,STR-E-4DE6-A,0.18 €/kWh
2026-10-09T05:46:21Z,STR-E-4DE6-B,0.18 €/kWh
2026-10-09T05:46:21Z,STR-E-LREY-A,0.29 €/kWh
2026-10-09T05:46:21Z,STR-E-MIP3-A,0.18 €/kWh
2026-10-09T05:46:21Z,STR-E-MIP3-B,0.18 €/kWh
2026-10-09T05:46:21Z,STR-E-QLC9-A,0.18 €/kWh
2026-10-09T05:46:21Z,STR-E-QLC9-B,0.18 €/kWh
2026-10-09T05:46:21Z,STR-E-UPAQ-A,0.18 €/kWh
2026-10-09T05:46:21Z,STR-E-UPAQ-B,0.18 €/kWh
2026-10-09T06:01:10Z,IKR-E-1220-A,0.3 € + 0.42 €/kWh
2026-10-09T06:01:10Z,IKR-E-1871-A,0.3 € + 0.42 €/kWh
2026-10-09T06:01:10Z,IKR-E-2G8J-A,0.3 € + 0.42 €/kWh
2026-10-09T06:01:10Z,IKR-E-3TSR-A,0.3 € + 0.42 €/kWh
2026-10-09T06:01:10Z,IKR-E-5715-A,0.3 € + 0.42 €/kWh
2026-10-09T06:01:10Z,IKR-E-5730-A,0.3 € + 0.48 €/kWh
2026-10-09T06:01:10Z,IKR-E-5CGU-A,0.3 € + 0.42 €/kWh
2026-10-09T06:01:10Z,IKR-E-7718-A,0.3 € + 0.48 €/kWh
2026-10-09T06:01:10Z,IKR-E-7768-A,0.3 € + 2.4 €/val. parkavimo mokestis + 0.35 €/kWh
2026-10-09T06:01:10Z,IKR-E-9203-A,0.3 € + 2.4 €/val. parkavimo mokestis + 0.35 €/kWh
2026-10-09T06:01:10Z,IKR-E-DVCM-A,0.3 € + 0.42 €/kWh
2026-10-09T06:01:10Z,IKR-E-E228-A,0.3 € + 0.41 €/kWh
2026-10-09T06:01:10Z,IKR-E-E475-A,0.3 € + 0.44 €/kWh
2026-10-09T06:01:10Z,IKR-E-E544-A,0.3 € + 0.44 €/kWh
2026-10-09T06:01:10Z,IKR-E-EKZA-A,0.3 € + 0.41 €/kWh
2026-10-09T06:01:10Z,IKR-E-GAY9-A,0.3 € + 0.42 €/kWh
2026-10-09T06:01:10Z,IKR-E-IZW2-A,0.3 € + 0.42 €/kWh
2026-10-09T06:01:10Z,IKR-E-J1JV-A,0.3 € + 0.41 €/kWh
2026-10-09T06:01:10Z,IKR-E-JJAJ-A,0.3 € + 0.42 €/kWh
2026-10-09T06:01:10Z,IKR-E-KMBH-A,0.3 € + 0.42 €/kWh
2026-10-09T06:01:10Z,IKR-E-LJZI-A,0.3 € + 0.42 €/kWh
2026-10-09T06:01:10Z,IKR-E-MAU9-A,0.29 € + 0.34 €/kWh
2026-10-09T06:01:10Z,IKR-E-OWF5-A,0.3 € + 0.44 €/kWh
2026-10-09T06:01:10Z,IKR-E-W6HQ-A,0.29 € + 0.34 €/kWh
2026-10-09T06:01:10Z,IKR-E-XIH2-A,0.3 € + 0.42 €/kWh
2026-10-09T06:01:10Z,IKR-E-Y2Z8-A,0.3 € + 0.38 €/kWh
2026-10-09T06:01:10Z,IKR-P-IV7E-B,0.3 € + 0.42 €/kWh
2026-10-09T06:01:10Z,IKR-P-SCM5-A,0.3 € + 0.44 €/kWh
2026-10-09T06:01:10Z,IKR-P-V9X4-A,0.3 € + 0.44 €/kWh
2026-10-09T06:01:10Z,IKR-P-V9X4-B,0.3 € + 0.44 €/kWh
2026-10-09T06:01:10Z,STR-E-02VO-A,0.21 €/kWh
2026-10-09T06:01:10Z,STR-E-02VO-B,0.21 €/kWh
2026-10-09T06:01:10Z,STR-E-051F-A,0.08 € + 0.13 €/kWh
2026-10-09T06:01:10Z,STR-E-10G9-A,0.08 € + 0.13 €/kWh
2026-10-09T06:01:10Z,STR-E-10G9-B,0.08 € + 0.13 €/kWh
2026-10-09T06:01:10Z,STR-E-1ME5-A,0.08 € + 0.13 €/kWh
2026-10-09T06:01:10Z,STR-E-1ME5-B,0.08 € + 0.13 €/kWh
2026-10-09T06:01:10Z,STR-E-3YH3-A,0.08 € + 0.13 €/kWh
2026-10-09T06:01:10Z,STR-E-3YH3-B,0.08 € + 0.13 €/kWh
2026-10-09T06:01:10Z,STR-E-54PK-A,0.08 € + 0.13 €/kWh
2026-10-09T06:01:10Z,STR-E-54PK-B,0.08 € + 0.13 €/kWh
2026-10-09T06:01:10Z,STR-E-59TF-A,0.08 € + 0.13 €/kWh
2026-10-09T06:01:10Z,STR-E-7A48-A,0.08 € + 0.13 €/kWh
2026-10-09T06:01:10Z,STR-E-A27N-A,0.21 €/kWh
2026-10-09T06:01:10Z,STR-E-A27N-B,0.21 €/kWh
2026-10-09T06:01:10Z,STR-E-A27N-C,0.21 €/kWh
2026-10-09T06:01:10Z,STR-E-AF2O-A,0.08 € + 0.13 €/kWh
2026-10-09T06:01:10Z,STR-E-AWF1-A,0.08 € + 0.13 €/kWh
2026-10-09T06:01:10Z,STR-E-AWF1-B,0.08 € + 0.13 €/kWh
2026-10-09T06:01:10Z,STR-E-AWJ9-A,0.21 €/kWh
2026-10-09T06:01:10Z,STR-E-AWJ9-B,0.21 €/kWh
2026-10-09T06:01:10Z,STR-E-DBCC-A,0.08 € + 0.13 €/kWh
2026-10-09T06:01:10Z,STR-E-DBCC-B,0.08 € + 0.13 €/kWh
2026-10-09T06:01:10Z,STR-E-F2G0-A,0.08 € + 0.13 €/kWh
2026-10-09T06:01:10Z,STR-E-F2G0-B,0.08 € + 0.13 €/kWh
2026-10-09T06:01:10Z,STR-E-FUE8-A,0.08 € + 0.13 €/kWh
2026-10-09T06:01:10Z,STR-E-FUE8-B,0.08 € + 0.13 €/kWh
2026-10-09T06:01:10Z,STR-E-IIKL-A,0.08 € + 0.13 €/kWh
2026-10-09T06:01:10Z,STR-E-IIKL-B,0.08 € + 0.13 €/kWh
2026-10-09T06:01:10Z,STR-E-KUKS-A,0.08 € + 0.13 €/kWh
2026-10-09T06:01:10Z,STR-E-KUKS-B,0.08 € + 0.13 €/kWh
2026-10-09T06:01:10Z,STR-E-NCKT-A,0.08 € + 0.13 €/kWh
2026-10-09T06:01:10Z,STR-E-NCKT-B,0.08 € + 0.13 €/kWh
2026-10-09T06:01:10Z,STR-E-O5YW-A,0.08 € + 0.13 €/kWh
2026-10-09T06:01:10Z,STR-E-O5YW-B,0.08 € + 0.13 €/kWh
2026-10-09T06:01:10Z,STR-E-P7AF-A,0.08 € + 0.13 €/kWh
2026-10-09T06:01:10Z,STR-E-P7AF-B,0.08 € + 0.13 €/kWh
2026-10-09T06:01:10Z,STR-E-PJCQ-A,0.08 € + 0.13 €/kWh
2026-10-09T06:01:10Z,STR-E-PJCQ-B,0.08 € + 0.13 €/kWh
2026-10-09T06:01:10Z,STR-E-QE1X-A,0.08 € + 0.13 €/kWh
2026-10-09T06:01:10Z,STR-E-QE1X-B,0.08 € + 0.13 €/kWh
2026-10-09T06:01:10Z,STR-E-SQX8-A,0.08 € + 0.13 €/kWh
2026-10-09T06:01:10Z,STR-E-SQX8-B,0.08 € + 0.13 €/kWh
2026-10-09T06:01:10Z,STR-E-TX67-A,0.21 €/kWh
2026-10-09T06:01:10Z,STR-E-TX67-B,0.21 €/kWh
2026-10-09T06:01:10Z,STR-E-UPOS-A,0.08 € + 0.13 €/kWh
2026-10-09T06:01:10Z,STR-E-UPOS-B,0.08 € + 0.13 €/kWh
2026-10-09T06:01:10Z,STR-E-VSDJ-A,0.21 €/kWh
2026-10-09T06:01:10Z,STR-E-VSDJ-B,0.21 €/kWh
2026-10-09T06:01:10Z,STR-E-XCMJ-A,0.08 € + 0.13 €/kWh
2026-10-09T06:01:10Z,STR-E-XCMJ-B,0.08 € + 0.13 €/kWh
2026-10-09T06:01:10Z,STR-E-XG69-A,0.08 € + 0.13 €/kWh
2026-10-09T06:01:10Z,STR-E-XG69-B,0.08 € + 0.13 €/kWh
2026-10-09T06:01:10Z,STR-E-Z2PJ-A,0.08 € + 0.13 €/kWh
2026-10-09T06:01:10Z,STR-E-Z2PJ-B,0.08 € + 0.13 €/kWh
2026-10-09T06:01:10Z,STR-E-ZWU5-A,0.08 € + 0.13 €/kWh
2026-10-09T06:01:10Z,STR-E-ZWU5-B,0.08 € + 0.13 €/kWh
2026-10-09T06:18:21Z,IKR-E-E228-A,0.3 € + 0.4 €/kWh
2026-10-09T06:18:21Z,IKR-E-EKZA-A,0.3 € + 0.4 €/kWh
2026-10-09T06:18:21Z,IKR-E-J1JV-A,0.3 € + 0.4 €/kWh
2026-10-09T06:18:21Z,IKR-E-MAU9-A,0.29 € + 0.33 €/kWh
2026-10-09T06:18:21Z,IKR-E-W6HQ-A,0.29 € + 0.33 €/kWh
2026-10-09T06:18:21Z,STR-E-B36V-A,0.19 € + 0.26 €/kWh
2026-10-09T06:18:21Z,STR-E-B36V-B,0.19 € + 0.26 €/kWh
2026-10-09T06:32:23Z,IKR-E-1220-A,0.3 € + 0.41 €/kWh
2026-10-09T06:32:23Z,IKR-E-1871-A,0.3 € + 0.41 €/kWh
2026-10-09T06:32:23Z,IKR-E-2G8J-A,0.3 € + 0.41 €/kWh
2026-10-09T06:32:23Z,IKR-E-3TSR-A,0.3 € + 0.41 €/kWh
2026-10-09T06:32:23Z,IKR-E-5715-A,0.3 € + 0.41 €/kWh
2026-10-09T06:32:23Z,IKR-E-5730-A,0.3 € + 0.47 €/kWh
2026-10-09T06:32:23Z,IKR-E-5CGU-A,0.3 € + 0.41 €/kWh
2026-10-09T06:32:23Z,IKR-E-7718-A,0.3 € + 0.47 €/kWh
2026-10-09T06:32:23Z,IKR-E-DVCM-A,0.3 € + 0.41 €/kWh
2026-10-09T06:32:23Z,IKR-E-GAY9-A,0.3 € + 0.41 €/kWh
2026-10-09T06:32:23Z,IKR-E-IZW2-A,0.3 € + 0.41 €/kWh
2026-10-09T06:32:23Z,IKR-E-JJAJ-A,0.3 € + 0.41 €/kWh
2026-10-09T06:32:23Z,IKR-E-KMBH-A,0.3 € + 0.41 €/kWh
2026-10-09T06:32:23Z,IKR-E-LJZI-A,0.3 € + 0.41 €/kWh
2026-10-09T06:32:23Z,IKR-E-XIH2-A,0.3 € + 0.41 €/kWh
2026-10-09T06:32:23Z,IKR-E-Y2Z8-A,0.3 € + 0.36 €/kWh
2026-10-09T06:32:23Z,IKR-P-IV7E-B,0.3 € + 0.41 €/kWh
2026-10-09T06:32:23Z,STR-E-0698-A,0.09 €/kWh
2026-10-09T06:32:23Z,STR-E-0GEL-A,0.09 €/kWh
2026-10-09T06:32:23Z,STR-E-1162-A,0.09 €/kWh
2026-10-09T06:32:23Z,STR-E-11DT-A,0.09 €/kWh
2026-10-09T06:32:23Z,STR-E-1887-A,0.09 €/kWh
2026-10-09T06:32:23Z,STR-E-1927-A,0.09 €/kWh
2026-10-09T06:32:23Z,STR-E-1MJQ-A,0.09 €/kWh
2026-10-09T06:32:23Z,STR-E-2D12-A,0.09 €/kWh
2026-10-09T06:32:23Z,STR-E-2ED4-A,0.09 €/kWh
2026-10-09T06:32:23Z,STR-E-320G-A,0.09 €/kWh
2026-10-09T06:32:23Z,STR-E-3PZS-A,0.09 €/kWh
2026-10-09T06:32:23Z,STR-E-3TZI-A,0.09 €/kWh
2026-10-09T06:32:23Z,STR-E-4LRS-A,0.09 €/kWh
2026-10-09T06:32:23Z,STR-E-4UGU-A,0.09 €/kWh
2026-10-09T06:32:23Z,STR-E-5DWB-A,0.09 €/kWh
2026-10-09T06:32:23Z,STR-E-5TI5-A,0.09 €/kWh
2026-10-09T06:32:23Z,STR-E-69PN-A,0.09 €/kWh
2026-10-09T06:32:23Z,STR-E-6CNG-A,0.09 €/kWh
2026-10-09T06:32:23Z,STR-E-6SQH-A,0.09 €/kWh
2026-10-09T06:32:23Z,STR-E-86C0-A,0.09 €/kWh
2026-10-09T06:32:23Z,STR-E-88SA-A,0.09 €/kWh
2026-10-09T06:32:23Z,STR-E-8M2O-A,0.09 €/kWh
2026-10-09T06:32:23Z,STR-E-8XL5-A,0.09 €/kWh
2026-10-09T06:32:23Z,STR-E-8Y23-A,0.09 €/kWh
2026-10-09T06:32:23Z,STR-E-9I2R-A,0.09 €/kWh
2026-10-09T06:32:23Z,STR-E-9TUZ-A,0.09 €/kWh
2026-10-09T06:32:23Z,STR-E-9WY2-A,0.09 €/kWh
2026-10-09T06:32:23Z,STR-E-A442-A,0.09 €/kWh
2026-10-09T06:32:23Z,STR-E-AABG-A,0.09 €/kWh
2026-10-09T06:32:23Z,STR-E-ACMT-A,0.09 €/kWh
2026-10-09T06:32:23Z,STR-E-BXA5-A,0.09 €/kWh
2026-10-09T06:32:23Z,STR-E-C91L-A,0.09 €/kWh
2026-10-09T06:32:23Z,STR-E-E7HH-A,0.09 €/kWh
2026-10-09T06:32:23Z,STR-E-EU1U-A,0.09 €/kWh
2026-10-09T06:32:23Z,STR-E-F4B3-A,0.09 €/kWh
2026-10-09T06:32:23Z,STR-E-F5LZ-A,0.09 €/kWh
2026-10-09T06:32:23Z,STR-E-FGMF-A,0.09 €/kWh
2026-10-09T06:32:23Z,STR-E-FK06-A,0.09 €/kWh
2026-10-09T06:32:23Z,STR-E-G4VM-A,0.09 €/kWh
2026-10-09T06:32:23Z,STR-E-G518-A,0.09 €/kWh
2026-10-09T06:32:23Z,STR-E-GB9A-A,0.09 €/kWh
2026-10-09T06:32:23Z,STR-E-GGV8-A,0.09 €/kWh
2026-10-09T06:32:23Z,STR-E-GHJA-A,0.09 €/kWh
2026-10-09T06:32:23Z,STR-E-GR5K-A,0.09 €/kWh
2026-10-09T06:32:23Z,STR-E-H6Q5-A,0.09 €/kWh
2026-10-09T06:32:23Z,STR-E-I4UZ-A,0.09 €/kWh
2026-10-09T06:32:23Z,STR-E-I5FH-A,0.09 €/kWh
2026-10-09T06:32:23Z,STR-E-I8C6-A,0.09 €/kWh
2026-10-09T06:32:23Z,STR-E-IA3X-A,0.09 €/kWh
2026-10-09T06:32:23Z,STR-E-JG90-A,0.1 €/kWh + 0.3 €
2026-10-09T06:32:23Z,STR-E-JG90-B,0.1 €/kWh + 0.3 €
2026-10-09T06:32:23Z,STR-E-JVO0-A,0.09 €/kWh
2026-10-09T06:32:23Z,STR-E-KBZL-A,0.09 €/kWh
2026-10-09T06:32:23Z,STR-E-L84D-A,0.09 €/kWh
2026-10-09T06:32:23Z,STR-E-LISV-A,0.09 €/kWh
2026-10-09T06:32:23Z,STR-E-LKFQ-A,0.09 €/kWh
2026-10-09T06:32:23Z,STR-E-M1IB-A,0.09 €/kWh
2026-10-09T06:32:23Z,STR-E-M8WL-A,0.09 €/kWh
2026-10-09T06:32:23Z,STR-E-M9W7-A,0.09 €/kWh
2026-10-09T06:32:23Z,STR-E-MSEN-A,0.09 €/kWh
2026-10-09T06:32:23Z,STR-E-MSUL-A,0.09 €/kWh
2026-10-09T06:32:23Z,STR-E-N6P5-A,0.09 €/kWh
2026-10-09T06:32:23Z,STR-E-NNGC-A,0.09 €/kWh
2026-10-09T06:32:23Z,STR-E-O0VK-A,0.09 €/kWh
2026-10-09T06:32:23Z,STR-E-OG1X-A,0.09 €/kWh
2026-10-09T06:32:23Z,STR-E-OQKZ-A,0.09 €/kWh
2026-10-09T06:32:23Z,STR-E-PC04-A,0.09 €/kWh
2026-10-09T06:32:23Z,STR-E-PDR2-A,0.09 €/kWh
2026-10-09T06:32:23Z,STR-E-PRUQ-A,0.09 €/kWh
2026-10-09T06:32:23Z,STR-E-PSU9-A,0.09 €/kWh
2026-10-09T06:32:23Z,STR-E-PZ9U-A,0.09 €/kWh
2026-10-09T06:32:23Z,STR-E-PZES-A,0.09 €/kWh
2026-10-09T06:32:23Z,STR-E-QEDL-A,0.09 €/kWh
2026-10-09T06:32:23Z,STR-E-QIQM-A,0.09 €/kWh
2026-10-09T06:32:23Z,STR-E-R0J8-A,0.09 €/kWh
2026-10-09T06:32:23Z,STR-E-R9GA-A,0.09 €/kWh
2026-10-09T06:32:23Z,STR-E-RJH9-A,0.09 €/kWh
2026-10-09T06:32:23Z,STR-E-RKWJ-A,0.09 €/kWh
2026-10-09T06:32:23Z,STR-E-S42D-A,0.09 €/kWh
2026-10-09T06:32:23Z,STR-E-SJKA-A,0.09 €/kWh
2026-10-09T06:32:23Z,STR-E-SY9Y-A,0.09 €/kWh
2026-10-09T06:32:23Z,STR-E-TO2O-A,0.09 €/kWh
2026-10-09T06:32:23Z,STR-E-U5TP-A,0.09 €/kWh
2026-10-09T06:32:23Z,STR-E-UY5H-A,0.09 €/kWh
2026-10-09T06:32:23Z,STR-E-V17G-A,0.09 €/kWh
2026-10-09T06:32:23Z,STR-E-V31J-A,0.09 €/kWh
2026-10-09T06:32:23Z,STR-E-V50T-A,0.09 €/kWh
2026-10-09T06:32:23Z,STR-E-V9SD-A,0.09 €/kWh
2026-10-09T06:32:23Z,STR-E-V9ZR-A,0.09 €/kWh
2026-10-09T06:32:23Z,STR-E-VBMP-A,0.09 €/kWh
2026-10-09T06:32:23Z,STR-E-VPDB-A,0.09 €/kWh
2026-10-09T06:32:23Z,STR-E-VT0G-A,0.09 €/kWh
2026-10-09T06:32:23Z,STR-E-VXGH-A,0.09 €/kWh
2026-10-09T06:32:23Z,STR-E-W1X4-A,0.09 €/kWh
2026-10-09T06:32:23Z,STR-E-WXV8-A,0.09 €/kWh
2026-10-09T06:32:23Z,STR-E-WZW9-A,0.09 €/kWh
2026-10-09T06:32:23Z,STR-E-X525-A,0.09 €/kWh
2026-10-09T06:32:23Z,STR-E-XFON-A,0.09 €/kWh
2026-10-09T06:32:23Z,STR-E-YC50-A,0.09 €/kWh
2026-10-09T06:32:23Z,STR-E-ZA6O-A,0.09 €/kWh
2026-10-09T06:48:22Z,IKR-E-1220-A,0.3 € + 0.4 €/kWh
2026-10-09T06:48:22Z,IKR-E-1871-A,0.3 € + 0.4 €/kWh
2026-10-09T06:48:22Z,IKR-E-2G8J-A,0.3 € + 0.4 €/kWh
2026-10-09T06:48:22Z,IKR-E-3TSR-A,0.3 € + 0.4 €/kWh
2026-10-09T06:48:22Z,IKR-E-5715-A,0.3 € + 0.4 €/kWh
2026-10-09T06:48:22Z,IKR-E-5730-A,0.3 € + 0.46 €/kWh
2026-10-09T06:48:22Z,IKR-E-5CGU-A,0.3 € + 0.4 €/kWh
2026-10-09T06:48:22Z,IKR-E-7718-A,0.3 € + 0.46 €/kWh
2026-10-09T06:48:22Z,IKR-E-DVCM-A,0.3 € + 0.4 €/kWh
2026-10-09T06:48:22Z,IKR-E-E228-A,0.3 € + 0.39 €/kWh
2026-10-09T06:48:22Z,IKR-E-E475-A,0.3 € + 0.41 €/kWh
2026-10-09T06:48:22Z,IKR-E-E544-A,0.3 € + 0.41 €/kWh
2026-10-09T06:48:22Z,IKR-E-EKZA-A,0.3 € + 0.39 €/kWh
2026-10-09T06:48:22Z,IKR-E-GAY9-A,0.3 € + 0.4 €/kWh
2026-10-09T06:48:22Z,IKR-E-IZW2-A,0.3 € + 0.4 €/kWh
2026-10-09T06:48:22Z,IKR-E-J1JV-A,0.3 € + 0.39 €/kWh
2026-10-09T06:48:22Z,IKR-E-JJAJ-A,0.3 € + 0.4 €/kWh
2026-10-09T06:48:22Z,IKR-E-KMBH-A,0.3 € + 0.4 €/kWh
2026-10-09T06:48:22Z,IKR-E-LJZI-A,0.3 € + 0.4 €/kWh
2026-10-09T06:48:22Z,IKR-E-MAU9-A,0.29 € + 0.31 €/kWh
2026-10-09T06:48:22Z,IKR-E-W6HQ-A,0.29 € + 0.31 €/kWh
2026-10-09T06:48:22Z,IKR-E-XIH2-A,0.3 € + 0.4 €/kWh
2026-10-09T06:48:22Z,IKR-E-Y2Z8-A,0.3 € + 0.35 €/kWh
2026-10-09T06:48:22Z,IKR-P-IV7E-B,0.3 € + 0.4 €/kWh
2026-10-09T06:48:22Z,STR-E-02VO-A,0.2 €/kWh
2026-10-09T06:48:22Z,STR-E-02VO-B,0.2 €/kWh
2026-10-09T06:48:22Z,STR-E-051F-A,0.08 € + 0.12 €/kWh
2026-10-09T06:48:22Z,STR-E-0698-A,0.08 €/kWh
2026-10-09T06:48:22Z,STR-E-0GEL-A,0.08 €/kWh
2026-10-09T06:48:22Z,STR-E-10G9-A,0.08 € + 0.12 €/kWh
2026-10-09T06:48:22Z,STR-E-10G9-B,0.08 € + 0.12 €/kWh
2026-10-09T06:48:22Z,STR-E-1162-A,0.08 €/kWh
2026-10-09T06:48:22Z,STR-E-11DT-A,0.08 €/kWh
2026-10-09T06:48:22Z,STR-E-1887-A,0.08 €/kWh
2026-10-09T06:48:22Z,STR-E-1927-A,0.08 €/kWh
2026-10-09T06:48:22Z,STR-E-1ME5-A,0.08 € + 0.12 €/kWh
2026-10-09T06:48:22Z,STR-E-1ME5-B,0.08 € + 0.12 €/kWh
2026-10-09T06:48:22Z,STR-E-1MJQ-A,0.08 €/kWh
2026-10-09T06:48:22Z,STR-E-2D12-A,0.08 €/kWh
2026-10-09T06:48:22Z,STR-E-2ED4-A,0.08 €/kWh
2026-10-09T06:48:22Z,STR-E-320G-A,0.08 €/kWh
2026-10-09T06:48:22Z,STR-E-3PZS-A,0.08 €/kWh
2026-10-09T06:48:22Z,STR-E-3TZI-A,0.08 €/kWh
2026-10-09T06:48:22Z,STR-E-3YH3-A,0.08 € + 0.12 €/kWh
2026-10-09T06:48:22Z,STR-E-3YH3-B,0.08 € + 0.12 €/kWh
2026-10-09T06:48:22Z,STR-E-4LRS-A,0.08 €/kWh
2026-10-09T06:48:22Z,STR-E-4UGU-A,0.08 €/kWh
2026-10-09T06:48:22Z,STR-E-54PK-A,0.08 € + 0.12 €/kWh
2026-10-09T06:48:22Z,STR-E-54PK-B,0.08 € + 0.12 €/kWh
2026-10-09T06:48:22Z,STR-E-59TF-A,0.08 € + 0.12 €/kWh
2026-10-09T06:48:22Z,STR-E-5DWB-A,0.08 €/kWh
2026-10-09T06:48:22Z,STR-E-5TI5-A,0.08 €/kWh
2026-10-09T06:48:22Z,STR-E-69PN-A,0.08 €/kWh
2026-10-09T06:48:22Z,STR-E-6CNG-A,0.08 €/kWh
2026-10-09T06:48:22Z,STR-E-6SQH-A,0.08 €/kWh
2026-10-09T06:48:22Z,STR-E-7A48-A,0.08 € + 0.12 €/kWh
2026-10-09T06:48:22Z,STR-E-86C0-A,0.08 €/kWh
2026-10-09T06:48:22Z,STR-E-88SA-A,0.08 €/kWh
2026-10-09T06:48:22Z,STR-E-8M2O-A,0.08 €/kWh
2026-10-09T06:48:22Z,STR-E-8XL5-A,0.08 €/kWh
2026-10-09T06:48:22Z,STR-E-8Y23-A,0.08 €/kWh
2026-10-09T06:48:22Z,STR-E-9I2R-A,0.08 €/kWh
2026-10-09T06:48:22Z,STR-E-9TUZ-A,0.08 €/kWh
2026-10-09T06:48:22Z,STR-E-9WY2-A,0.08 €/kWh
2026-10-09T06:48:22Z,STR-E-A27N-A,0.2 €/kWh
2026-10-09T06:48:22Z,STR-E-A27N-B,0.2 €/kWh
2026-10-09T06:48:22Z,STR-E-A27N-C,0.2 €/kWh
2026-10-09T06:48:22Z,STR-E-A442-A,0.08 €/kWh
2026-10-09T06:48:22Z,STR-E-AABG-A,0.08 €/kWh
2026-10-09T06:48:22Z,STR-E-ACMT-A,0.08 €/kWh
2026-10-09T06:48:22Z,STR-E-AF2O-A,0.08 € + 0.12 €/kWh
2026-10-09T06:48:22Z,STR-E-AWF1-A,0.08 € + 0.12 €/kWh
2026-10-09T06:48:22Z,STR-E-AWF1-B,0.08 € + 0.12 €/kWh
2026-10-09T06:48:22Z,STR-E-AWJ9-A,0.2 €/kWh
2026-10-09T06:48:22Z,STR-E-AWJ9-B,0.2 €/kWh
2026-10-09T06:48:22Z,STR-E-B36V-A,0.19 € + 0.25 €/kWh
2026-10-09T06:48:22Z,STR-E-B36V-B,0.19 € + 0.25 €/kWh
2026-10-09T06:48:22Z,STR-E-BXA5-A,0.08 €/kWh
2026-10-09T06:48:22Z,STR-E-C91L-A,0.08 €/kWh
2026-10-09T06:48:22Z,STR-E-DBCC-A,0.08 € + 0.12 €/kWh
2026-10-09T06:48:22Z,STR-E-DBCC-B,0.08 € + 0.12 €/kWh
2026-10-09T06:48:22Z,STR-E-E7HH-A,0.08 €/kWh
2026-10-09T06:48:22Z,STR-E-EU1U-A,0.08 €/kWh
2026-10-09T06:48:22Z,STR-E-F2G0-A,0.08 € + 0.12 €/kWh
2026-10-09T06:48:22Z,STR-E-F2G0-B,0.08 € + 0.12 €/kWh
2026-10-09T06:48:22Z,STR-E-F4B3-A,0.08 €/kWh
2026-10-09T06:48:22Z,STR-E-F5LZ-A,0.08 €/kWh
2026-10-09T06:48:22Z,STR-E-FGMF-A,0.08 €/kWh
2026-10-09T06:48:22Z,STR-E-FK06-A,0.08 €/kWh
2026-10-09T06:48:22Z,STR-E-FUE8-A,0.08 € + 0.12 €/kWh
2026-10-09T06:48:22Z,STR-E-FUE8-B,0.08 € + 0.12 €/kWh
2026-10-09T06:48:22Z,STR-E-G4VM-A,0.08 €/kWh
2026-10-09T06:48:22Z,STR-E-G518-A,0.08 €/kWh
2026-10-09T06:48:22Z,STR-E-GB9A-A,0.08 €/kWh
2026-10-09T06:48:22Z,STR-E-GGV8-A,0.08 €/kWh
2026-10-09T06:48:22Z,STR-E-GHJA-A,0.08 €/kWh
2026-10-09T06:48:22Z,STR-E-GR5K-A,0.08 €/kWh
2026-10-09T06:48:22Z,STR-E-H6Q5-A,0.08 €/kWh
2026-10-09T06:48:22Z,STR-E-I4UZ-A,0.08 €/kWh
2026-10-09T06:48:22Z,STR-E-I5FH-A,0.08 €/kWh
2026-10-09T06:48:22Z,STR-E-I8C6-A,0.08 €/kWh
2026-10-09T06:48:22Z,STR-E-IA3X-A,0.08 €/kWh
2026-10-09T06:48:22Z,STR-E-IIKL-A,0.08 € + 0.12 €/kWh
2026-10-09T06:48:22Z,STR-E-IIKL-B,0.08 € + 0.12 €/kWh
2026-10-09T06:48:22Z,STR-E-JG90-A,0.09 €/kWh + 0.3 €
2026-10-09T06:48:22Z,STR-E-JG90-B,0.09 €/kWh + 0.3 €
2026-10-09T06:48:22Z,STR-E-JVO0-A,0.08 €/kWh
2026-10-09T06:48:22Z,STR-E-KBZL-A,0.08 €/kWh
2026-10-09T06:48:22Z,STR-E-KUKS-A,0.08 € + 0.12 €/kWh
2026-10-09T06:48:22Z,STR-E-KUKS-B,0.08 € + 0.12 €/kWh
2026-10-09T06:48:22Z,STR-E-L84D-A,0.08 €/kWh
2026-10-09T06:48:22Z,STR-E-LISV-A,0.08 €/kWh
2026-10-09T06:48:22Z,STR-E-LKFQ-A,0.08 €/kWh
2026-10-09T06:48:22Z,STR-E-M1IB-A,0.08 €/kWh
2026-10-09T06:48:22Z,STR-E-M8WL-A,0.08 €/kWh
2026-10-09T06:48:22Z,STR-E-M9W7-A,0.08 €/kWh
2026-10-09T06:48:22Z,STR-E-MSEN-A,0.08 €/kWh
2026-10-09T06:48:22Z,STR-E-MSUL-A,0.08 €/kWh
2026-10-09T06:48:22Z,STR-E-N6P5-A,0.08 €/kWh
2026-10-09T06:48:22Z,STR-E-NCKT-A,0.08 € + 0.12 €/kWh
2026-10-09T06:48:22Z,STR-E-NCKT-B,0.08 € + 0.12 €/kWh
2026-10-09T06:48:22Z,STR-E-NNGC-A,0.08 €/kWh
2026-10-09T06:48:22Z,STR-E-O0VK-A,0.08 €/kWh
2026-10-09T06:48:22Z,STR-E-O5YW-A,0.08 € + 0.12 €/kWh
2026-10-09T06:48:22Z,STR-E-O5YW-B,0.08 € + 0.12 €/kWh
2026-10-09T06:48:22Z,STR-E-OG1X-A,0.08 €/kWh
2026-10-09T06:48:22Z,STR-E-OQKZ-A,0.08 €/kWh
2026-10-09T06:48:22Z,STR-E-P7AF-A,0.08 € + 0.12 €/kWh
2026-10-09T06:48:22Z,STR-E-P7AF-B,0.08 € + 0.12 €/kWh
2026-10-09T06:48:22Z,STR-E-PC04-A,0.08 €/kWh
2026-10-09T06:48:22Z,STR-E-PDR2-A,0.08 €/kWh
2026-10-09T06:48:22Z,STR-E-PJCQ-A,0.08 € + 0.12 €/kWh
2026-10-09T06:48:22Z,STR-E-PJCQ-B,0.08 € + 0.12 €/kWh
2026-10-09T06:48:22Z,STR-E-PRUQ-A,0.08 €/kWh
2026-10-09T06:48:22Z,STR-E-PSU9-A,0.08 €/kWh
2026-10-09T06:48:22Z,STR-E-PZ9U-A,0.08 €/kWh
2026-10-09T06:48:22Z,STR-E-PZES-A,0.08 €/kWh
2026-10-09T06:48:22Z,STR-E-QE1X-A,0.08 € + 0.12 €/kWh
2026-10-09T06:48:22Z,STR-E-QE1X-B,0.08 € + 0.12 €/kWh
2026-10-09T06:48:22Z,STR-E-QEDL-A,0.08 €/kWh
2026-10-09T06:48:22Z,STR-E-QIQM-A,0.08 €/kWh
2026-10-09T06:48:22Z,STR-E-R0J8-A,0.08 €/kWh
2026-10-09T06:48:22Z,STR-E-R9GA-A,0.08 €/kWh
2026-10-09T06:48:22Z,STR-E-RJH9-A,0.08 €/kWh
2026-10-09T06:48:22Z,STR-E-RKWJ-A,0.08 €/kWh
2026-10-09T06:48:22Z,STR-E-S42D-A,0.08 €/kWh
2026-10-09T06:48:22Z,STR-E-SJKA-A,0.08 €/kWh
2026-10-09T06:48:22Z,STR-E-SQX8-A,0.08 € + 0.12 €/kWh
2026-10-09T06:48:22Z,STR-E-SQX8-B,0.08 € + 0.12 €/kWh
2026-10-09T06:48:22Z,STR-E-SY9Y-A,0.08 €/kWh
2026-10-09T06:48:22Z,STR-E-TO2O-A,0.08 €/kWh
2026-10-09T06:48:22Z,STR-E-TX67-A,0.2 €/kWh
2026-10-09T06:48:22Z,STR-E-TX67-B,0.2 €/kWh
2026-10-09T06:48:22Z,STR-E-U5TP-A,0.08 €/kWh
2026-10-09T06:48:22Z,STR-E-UPOS-A,0.08 € + 0.12 €/kWh
2026-10-09T06:48:22Z,STR-E-UPOS-B,0.08 € + 0.12 €/kWh
2026-10-09T06:48:22Z,STR-E-UY5H-A,0.08 €/kWh
2026-10-09T06:48:22Z,STR-E-V17G-A,0.08 €/kWh
2026-10-09T06:48:22Z,STR-E-V31J-A,0.08 €/kWh
2026-10-09T06:48:22Z,STR-E-V50T-A,0.08 €/kWh
2026-10-09T06:48:22Z,STR-E-V9SD-A,0.08 €/kWh
2026-10-09T06:48:22Z,STR-E-V9ZR-A,0.08 €/kWh
2026-10-09T06:48:22Z,STR-E-VBMP-A,0.08 €/kWh
2026-10-09T06:48:22Z,STR-E-VPDB-A,0.08 €/kWh
2026-10-09T06:48:22Z,STR-E-VSDJ-A,0.2 €/kWh
2026-10-09T06:48:22Z,STR-E-VSDJ-B,0.2 €/kWh
2026-10-09T06:48:22Z,STR-E-VT0G-A,0.08 €/kWh
2026-10-09T06:48:22Z,STR-E-VXGH-A,0.08 €/kWh
2026-10-09T06:48:22Z,STR-E-W1X4-A,0.08 €/kWh
2026-10-09T06:48:22Z,STR-E-WXV8-A,0.08 €/kWh
2026-10-09T06:48:22Z,STR-E-WZW9-A,0.08 €/kWh
2026-10-09T06:48:22Z,STR-E-X525-A,0.08 €/kWh
2026-10-09T06:48:22Z,STR-E-XCMJ-A,0.08 € + 0.12 €/kWh
2026-10-09T06:48:22Z,STR-E-XCMJ-B,0.08 € + 0.12 €/kWh
2026-10-09T06:48:22Z,STR-E-XFON-A,0.08 €/kWh
2026-10-09T06:48:22Z,STR-E-XG69-A,0.08 € + 0.12 €/kWh
2026-10-09T06:48:22Z,STR-E-XG69-B,0.08 € + 0.12 €/kWh
2026-10-09T06:48:22Z,STR-E-YC50-A,0.08 €/kWh
2026-10-09T06:48:22Z,STR-E-Z2PJ-A,0.08 € + 0.12 €/kWh
2026-10-09T06:48:22Z,STR-E-Z2PJ-B,0.08 € + 0.12 €/kWh
2026-10-09T06:48:22Z,STR-E-ZA6O-A,0.08 €/kWh
2026-10-09T06:48:22Z,STR-E-ZWU5-A,0.08 € + 0.12 €/kWh
2026-10-09T06:48:22Z,STR-E-ZWU5-B,0.08 € + 0.12 €/kWh
2026-10-09T06:54:23Z,IGN-E-DFMT-A,0.29 €/kWh
2026-10-09T06:54:23Z,IGN-E-DFMT-B,0.29 €/kWh
2026-10-09T06:54:23Z,IGN-E-DFMT-C,0.29 €/kWh
2026-10-09T06:54:23Z,IGN-E-DFMT-D,0.29 €/kWh
2026-10-09T06:54:23Z,IGN-E-DFMT-E,0.29 €/kWh
2026-10-09T06:54:23Z,IGN-E-DFMT-F,0.29 €/kWh
2026-10-09T06:54:23Z,IGN-E-DFMT-G,0.29 €/kWh
2026-10-09T06:54:23Z,IGN-E-DFMT-H,0.29 €/kWh
2026-10-09T07:02:21Z,IKR-E-1220-A,0.3 € + 0.41 €/kWh
2026-10-09T07:02:21Z,IKR-E-1871-A,0.3 € + 0.41 €/kWh
2026-10-09T07:02:21Z,IKR-E-2G8J-A,0.3 € + 0.41 €/kWh
2026-10-09T07:02:21Z,IKR-E-3TSR-A,0.3 € + 0.41 €/kWh
2026-10-09T07:02:21Z,IKR-E-5715-A,0.3 € + 0.41 €/kWh
2026-10-09T07:02:21Z,IKR-E-5730-A,0.3 € + 0.47 €/kWh
2026-10-09T07:02:21Z,IKR-E-5CGU-A,0.3 € + 0.41 €/kWh
2026-10-09T07:02:21Z,IKR-E-7718-A,0.3 € + 0.47 €/kWh
2026-10-09T07:02:21Z,IKR-E-DVCM-A,0.3 € + 0.41 €/kWh
2026-10-09T07:02:21Z,IKR-E-E228-A,0.3 € + 0.4 €/kWh
2026-10-09T07:02:21Z,IKR-E-E475-A,0.3 € + 0.42 €/kWh
2026-10-09T07:02:21Z,IKR-E-E544-A,0.3 € + 0.42 €/kWh
2026-10-09T07:02:21Z,IKR-E-EKZA-A,0.3 € + 0.4 €/kWh
2026-10-09T07:02:21Z,IKR-E-GAY9-A,0.3 € + 0.41 €/kWh
2026-10-09T07:02:21Z,IKR-E-IZW2-A,0.3 € + 0.41 €/kWh
2026-10-09T07:02:21Z,IKR-E-J1JV-A,0.3 € + 0.4 €/kWh
2026-10-09T07:02:21Z,IKR-E-JJAJ-A,0.3 € + 0.41 €/kWh
2026-10-09T07:02:21Z,IKR-E-KMBH-A,0.3 € + 0.41 €/kWh
2026-10-09T07:02:21Z,IKR-E-LJZI-A,0.3 € + 0.41 €/kWh
2026-10-09T07:02:21Z,IKR-E-XIH2-A,0.3 € + 0.41 €/kWh
2026-10-09T07:02:21Z,IKR-E-Y2Z8-A,0.3 € + 0.36 €/kWh
2026-10-09T07:02:21Z,IKR-P-IV7E-B,0.3 € + 0.41 €/kWh
2026-10-09T07:18:24Z,IKR-E-1220-A,0.3 € + 0.39 €/kWh
2026-10-09T07:18:24Z,IKR-E-1871-A,0.3 € + 0.39 €/kWh
2026-10-09T07:18:24Z,IKR-E-2G8J-A,0.3 € + 0.39 €/kWh
2026-10-09T07:18:24Z,IKR-E-3TSR-A,0.3 € + 0.39 €/kWh
2026-10-09T07:18:24Z,IKR-E-5715-A,0.3 € + 0.39 €/kWh
2026-10-09T07:18:24Z,IKR-E-5730-A,0.3 € + 0.45 €/kWh
2026-10-09T07:18:24Z,IKR-E-5CGU-A,0.3 € + 0.39 €/kWh
2026-10-09T07:18:24Z,IKR-E-7718-A,0.3 € + 0.45 €/kWh
2026-10-09T07:18:24Z,IKR-E-DVCM-A,0.3 € + 0.39 €/kWh
2026-10-09T07:18:24Z,IKR-E-E228-A,0.3 € + 0.38 €/kWh
2026-10-09T07:18:24Z,IKR-E-E475-A,0.3 € + 0.41 €/kWh
2026-10-09T07:18:24Z,IKR-E-E544-A,0.3 € + 0.41 €/kWh
2026-10-09T07:18:24Z,IKR-E-EKZA-A,0.3 € + 0.38 €/kWh
2026-10-09T07:18:24Z,IKR-E-GAY9-A,0.3 € + 0.39 €/kWh
2026-10-09T07:18:24Z,IKR-E-IZW2-A,0.3 € + 0.39 €/kWh
2026-10-09T07:18:24Z,IKR-E-J1JV-A,0.3 € + 0.38 €/kWh
2026-10-09T07:18:24Z,IKR-E-JJAJ-A,0.3 € + 0.39 €/kWh
2026-10-09T07:18:24Z,IKR-E-KMBH-A,0.3 € + 0.39 €/kWh
2026-10-09T07:18:24Z,IKR-E-LJZI-A,0.3 € + 0.39 €/kWh
2026-10-09T07:18:24Z,IKR-E-MAU9-A,0.29 € + 0.3 €/kWh
2026-10-09T07:18:24Z,IKR-E-OWF5-A,0.3 € + 0.42 €/kWh
2026-10-09T07:18:24Z,IKR-E-W6HQ-A,0.29 € + 0.3 €/kWh
2026-10-09T07:18:24Z,IKR-E-XIH2-A,0.3 € + 0.39 €/kWh
2026-10-09T07:18:24Z,IKR-E-Y2Z8-A,0.3 € + 0.35 €/kWh
2026-10-09T07:18:24Z,IKR-P-IV7E-B,0.3 € + 0.39 €/kWh
2026-10-09T07:18:24Z,IKR-P-SCM5-A,0.3 € + 0.42 €/kWh
2026-10-09T07:18:24Z,IKR-P-V9X4-A,0.3 € + 0.42 €/kWh
2026-10-09T07:18:24Z,IKR-P-V9X4-B,0.3 € + 0.42 €/kWh
2026-10-09T07:18:24Z,STR-E-491A-A,0.17 €/kWh
2026-10-09T07:18:24Z,STR-E-491A-B,0.17 €/kWh
2026-10-09T07:18:24Z,STR-E-491A-C,0.17 €/kWh
2026-10-09T07:18:24Z,STR-E-4DE6-A,0.17 €/kWh
2026-10-09T07:18:24Z,STR-E-4DE6-B,0.17 €/kWh
2026-10-09T07:18:24Z,STR-E-MIP3-A,0.17 €/kWh
2026-10-09T07:18:24Z,STR-E-MIP3-B,0.17 €/kWh
2026-10-09T07:18:24Z,STR-E-QLC9-A,0.17 €/kWh
2026-10-09T07:18:24Z,STR-E-QLC9-B,0.17 €/kWh
2026-10-09T07:18:24Z,STR-E-UPAQ-A,0.17 €/kWh
2026-10-09T07:18:24Z,STR-E-UPAQ-B,0.17 €/kWh
2026-10-09T07:30:57Z,IKR-E-1220-A,0.3 € + 0.38 €/kWh
2026-10-09T07:30:57Z,IKR-E-1871-A,0.3 € + 0.38 €/kWh
2026-10-09T07:30:57Z,IKR-E-2G8J-A,0.3 € + 0.38 €/kWh
2026-10-09T07:30:57Z,IKR-E-3TSR-A,0.3 € + 0.38 €/kWh
2026-10-09T07:30:57Z,IKR-E-5715-A,0.3 € + 0.38 €/kWh
2026-10-09T07:30:57Z,IKR-E-5730-A,0.3 € + 0.44 €/kWh
2026-10-09T07:30:57Z,IKR-E-5CGU-A,0.3 € + 0.38 €/kWh
2026-10-09T07:30:57Z,IKR-E-7718-A,0.3 € + 0.44 €/kWh
2026-10-09T07:30:57Z,IKR-E-DVCM-A,0.3 € + 0.38 €/kWh
2026-10-09T07:30:57Z,IKR-E-E475-A,0.3 € + 0.4 €/kWh
2026-10-09T07:30:57Z,IKR-E-E544-A,0.3 € + 0.4 €/kWh
2026-10-09T07:30:57Z,IKR-E-GAY9-A,0.3 € + 0.38 €/kWh
2026-10-09T07:30:57Z,IKR-E-IZW2-A,0.3 € + 0.38 €/kWh
2026-10-09T07:30:57Z,IKR-E-JJAJ-A,0.3 € + 0.38 €/kWh
2026-10-09T07:30:57Z,IKR-E-KMBH-A,0.3 € + 0.38 €/kWh
2026-10-09T07:30:57Z,IKR-E-LJZI-A,0.3 € + 0.38 €/kWh
2026-10-09T07:30:57Z,IKR-E-OWF5-A,0.3 € + 0.41 €/kWh
2026-10-09T07:30:57Z,IKR-E-XIH2-A,0.3 € + 0.38 €/kWh
2026-10-09T07:30:57Z,IKR-E-Y2Z8-A,0.3 € + 0.34 €/kWh
2026-10-09T07:30:57Z,IKR-P-IV7E-B,0.3 € + 0.38 €/kWh
2026-10-09T07:30:57Z,IKR-P-SCM5-A,0.3 € + 0.41 €/kWh
2026-10-09T07:30:57Z,IKR-P-V9X4-A,0.3 € + 0.41 €/kWh
2026-10-09T07:30:57Z,IKR-P-V9X4-B,0.3 € + 0.41 €/kWh
2026-10-09T07:32:23Z,STR-E-02VO-A,0.21 €/kWh
2026-10-09T07:32:23Z,STR-E-02VO-B,0.21 €/kWh
2026-10-09T07:32:23Z,STR-E-051F-A,0.08 € + 0.13 €/kWh
2026-10-09T07:32:23Z,STR-E-10G9-A,0.08 € + 0.13 €/kWh
2026-10-09T07:32:23Z,STR-E-10G9-B,0.08 € + 0.13 €/kWh
2026-10-09T07:32:23Z,STR-E-1ME5-A,0.08 € + 0.13 €/kWh
2026-10-09T07:32:23Z,STR-E-1ME5-B,0.08 € + 0.13 €/kWh
2026-10-09T07:32:23Z,STR-E-3YH3-A,0.08 € + 0.13 €/kWh
2026-10-09T07:32:23Z,STR-E-3YH3-B,0.08 € + 0.13 €/kWh
2026-10-09T07:32:23Z,STR-E-491A-A,0.18 €/kWh
2026-10-09T07:32:23Z,STR-E-491A-B,0.18 €/kWh
2026-10-09T07:32:23Z,STR-E-491A-C,0.18 €/kWh
2026-10-09T07:32:23Z,STR-E-4DE6-A,0.18 €/kWh
2026-10-09T07:32:23Z,STR-E-4DE6-B,0.18 €/kWh
2026-10-09T07:32:23Z,STR-E-54PK-A,0.08 € + 0.13 €/kWh
2026-10-09T07:32:23Z,STR-E-54PK-B,0.08 € + 0.13 €/kWh
2026-10-09T07:32:23Z,STR-E-59TF-A,0.08 € + 0.13 €/kWh
2026-10-09T07:32:23Z,STR-E-7A48-A,0.08 € + 0.13 €/kWh
2026-10-09T07:32:23Z,STR-E-A27N-A,0.21 €/kWh
2026-10-09T07:32:23Z,STR-E-A27N-B,0.21 €/kWh
2026-10-09T07:32:23Z,STR-E-A27N-C,0.21 €/kWh
2026-10-09T07:32:23Z,STR-E-AF2O-A,0.08 € + 0.13 €/kWh
2026-10-09T07:32:23Z,STR-E-AWF1-A,0.08 € + 0.13 €/kWh
2026-10-09T07:32:23Z,STR-E-AWF1-B,0.08 € + 0.13 €/kWh
2026-10-09T07:32:23Z,STR-E-AWJ9-A,0.21 €/kWh
2026-10-09T07:32:23Z,STR-E-AWJ9-B,0.21 €/kWh
2026-10-09T07:32:23Z,STR-E-B36V-A,0.19 € + 0.26 €/kWh
2026-10-09T07:32:23Z,STR-E-B36V-B,0.19 € + 0.26 €/kWh
2026-10-09T07:32:23Z,STR-E-DBCC-A,0.08 € + 0.13 €/kWh
2026-10-09T07:32:23Z,STR-E-DBCC-B,0.08 € + 0.13 €/kWh
2026-10-09T07:32:23Z,STR-E-F2G0-A,0.08 € + 0.13 €/kWh
2026-10-09T07:32:23Z,STR-E-F2G0-B,0.08 € + 0.13 €/kWh
2026-10-09T07:32:23Z,STR-E-FUE8-A,0.08 € + 0.13 €/kWh
2026-10-09T07:32:23Z,STR-E-FUE8-B,0.08 € + 0.13 €/kWh
2026-10-09T07:32:23Z,STR-E-IIKL-A,0.08 € + 0.13 €/kWh
2026-10-09T07:32:23Z,STR-E-IIKL-B,0.08 € + 0.13 €/kWh
2026-10-09T07:32:23Z,STR-E-KUKS-A,0.08 € + 0.13 €/kWh
2026-10-09T07:32:23Z,STR-E-KUKS-B,0.08 € + 0.13 €/kWh
2026-10-09T07:32:23Z,STR-E-MIP3-A,0.18 €/kWh
2026-10-09T07:32:23Z,STR-E-MIP3-B,0.18 €/kWh
2026-10-09T07:32:23Z,STR-E-NCKT-A,0.08 € + 0.13 €/kWh
2026-10-09T07:32:23Z,STR-E-NCKT-B,0.08 € + 0.13 €/kWh
2026-10-09T07:32:23Z,STR-E-O5YW-A,0.08 € + 0.13 €/kWh
2026-10-09T07:32:23Z,STR-E-O5YW-B,0.08 € + 0.13 €/kWh
2026-10-09T07:32:23Z,STR-E-P7AF-A,0.08 € + 0.13 €/kWh
2026-10-09T07:32:23Z,STR-E-P7AF-B,0.08 € + 0.13 €/kWh
2026-10-09T07:32:23Z,STR-E-PJCQ-A,0.08 € + 0.13 €/kWh
2026-10-09T07:32:23Z,STR-E-PJCQ-B,0.08 € + 0.13 €/kWh
2026-10-09T07:32:23Z,STR-E-QE1X-A,0.08 € + 0.13 €/kWh
2026-10-09T07:32:23Z,STR-E-QE1X-B,0.08 € + 0.13 €/kWh
2026-10-09T07:32:23Z,STR-E-QLC9-A,0.18 €/kWh
2026-10-09T07:32:23Z,STR-E-QLC9-B,0.18 €/kWh
2026-10-09T07:32:23Z,STR-E-SQX8-A,0.08 € + 0.13 €/kWh
2026-10-09T07:32:23Z,STR-E-SQX8-B,0.08 € + 0.13 €/kWh
2026-10-09T07:32:23Z,STR-E-TX67-A,0.21 €/kWh
2026-10-09T07:32:23Z,STR-E-TX67-B,0.21 €/kWh
2026-10-09T07:32:23Z,STR-E-UPAQ-A,0.18 €/kWh
2026-10-09T07:32:23Z,STR-E-UPAQ-B,0.18 €/kWh
2026-10-09T07:32:23Z,STR-E-UPOS-A,0.08 € + 0.13 €/kWh
2026-10-09T07:32:23Z,STR-E-UPOS-B,0.08 € + 0.13 €/kWh
2026-10-09T07:32:23Z,STR-E-VSDJ-A,0.21 €/kWh
2026-10-09T07:32:23Z,STR-E-VSDJ-B,0.21 €/kWh
2026-10-09T07:32:23Z,STR-E-XCMJ-A,0.08 € + 0.13 €/kWh
2026-10-09T07:32:23Z,STR-E-XCMJ-B,0.08 € + 0.13 €/kWh
2026-10-09T07:32:23Z,STR-E-XG69-A,0.08 € + 0.13 €/kWh
2026-10-09T07:32:23Z,STR-E-XG69-B,0.08 € + 0.13 €/kWh
2026-10-09T07:32:23Z,STR-E-Z2PJ-A,0.08 € + 0.13 €/kWh
2026-10-09T07:32:23Z,STR-E-Z2PJ-B,0.08 € + 0.13 €/kWh
2026-10-09T07:32:23Z,STR-E-ZWU5-A,0.08 € + 0.13 €/kWh
2026-10-09T07:32:23Z,STR-E-ZWU5-B,0.08 € + 0.13 €/kWh
2026-10-09T07:46:21Z,IKR-E-E475-A,0.3 € + 0.39 €/kWh
2026-10-09T07:46:21Z,IKR-E-E544-A,0.3 € + 0.39 €/kWh
2026-10-09T07:46:21Z,IKR-E-MAU9-A,0.29 € + 0.29 €/kWh
2026-10-09T07:46:21Z,IKR-E-OWF5-A,0.3 € + 0.4 €/kWh
2026-10-09T07:46:21Z,IKR-E-W6HQ-A,0.29 € + 0.29 €/kWh
2026-10-09T07:46:21Z,IKR-E-Y2Z8-A,0.3 € + 0.33 €/kWh
2026-10-09T07:46:21Z,IKR-P-SCM5-A,0.3 € + 0.4 €/kWh
2026-10-09T07:46:21Z,IKR-P-V9X4-A,0.3 € + 0.4 €/kWh
2026-10-09T07:46:21Z,IKR-P-V9X4-B,0.3 € + 0.4 €/kWh
2026-10-09T08:01:06Z,IKR-E-E475-A,0.3 € + 0.4 €/kWh
2026-10-09T08:01:06Z,IKR-E-E544-A,0.3 € + 0.4 €/kWh
2026-10-09T08:01:06Z,IKR-E-MAU9-A,0.29 € + 0.3 €/kWh
2026-10-09T08:01:06Z,IKR-E-OWF5-A,0.3 € + 0.41 €/kWh
2026-10-09T08:01:06Z,IKR-E-W6HQ-A,0.29 € + 0.3 €/kWh
2026-10-09T08:01:06Z,IKR-E-Y2Z8-A,0.3 € + 0.34 €/kWh
2026-10-09T08:01:06Z,IKR-P-SCM5-A,0.3 € + 0.41 €/kWh
2026-10-09T08:01:06Z,IKR-P-V9X4-A,0.3 € + 0.41 €/kWh
2026-10-09T08:01:06Z,IKR-P-V9X4-B,0.3 € + 0.41 €/kWh
2026-10-09T08:02:21Z,STR-E-02VO-A,0.2 €/kWh
2026-10-09T08:02:21Z,STR-E-02VO-B,0.2 €/kWh
2026-10-09T08:02:21Z,STR-E-051F-A,0.08 € + 0.12 €/kWh
2026-10-09T08:02:21Z,STR-E-10G9-A,0.08 € + 0.12 €/kWh
2026-10-09T08:02:21Z,STR-E-10G9-B,0.08 € + 0.12 €/kWh
2026-10-09T08:02:21Z,STR-E-1ME5-A,0.08 € + 0.12 €/kWh
2026-10-09T08:02:21Z,STR-E-1ME5-B,0.08 € + 0.12 €/kWh
2026-10-09T08:02:21Z,STR-E-3YH3-A,0.08 € + 0.12 €/kWh
2026-10-09T08:02:21Z,STR-E-3YH3-B,0.08 € + 0.12 €/kWh
2026-10-09T08:02:21Z,STR-E-54PK-A,0.08 € + 0.12 €/kWh
2026-10-09T08:02:21Z,STR-E-54PK-B,0.08 € + 0.12 €/kWh
2026-10-09T08:02:21Z,STR-E-59TF-A,0.08 € + 0.12 €/kWh
2026-10-09T08:02:21Z,STR-E-7A48-A,0.08 € + 0.12 €/kWh
2026-10-09T08:02:21Z,STR-E-A27N-A,0.2 €/kWh
2026-10-09T08:02:21Z,STR-E-A27N-B,0.2 €/kWh
2026-10-09T08:02:21Z,STR-E-A27N-C,0.2 €/kWh
2026-10-09T08:02:21Z,STR-E-AF2O-A,0.08 € + 0.12 €/kWh
2026-10-09T08:02:21Z,STR-E-AWF1-A,0.08 € + 0.12 €/kWh
2026-10-09T08:02:21Z,STR-E-AWF1-B,0.08 € + 0.12 €/kWh
2026-10-09T08:02:21Z,STR-E-AWJ9-A,0.2 €/kWh
2026-10-09T08:02:21Z,STR-E-AWJ9-B,0.2 €/kWh
2026-10-09T08:02:21Z,STR-E-B36V-A,0.19 € + 0.25 €/kWh
2026-10-09T08:02:21Z,STR-E-B36V-B,0.19 € + 0.25 €/kWh
2026-10-09T08:02:21Z,STR-E-DBCC-A,0.08 € + 0.12 €/kWh
2026-10-09T08:02:21Z,STR-E-DBCC-B,0.08 € + 0.12 €/kWh
2026-10-09T08:02:21Z,STR-E-F2G0-A,0.08 € + 0.12 €/kWh
2026-10-09T08:02:21Z,STR-E-F2G0-B,0.08 € + 0.12 €/kWh
2026-10-09T08:02:21Z,STR-E-FUE8-A,0.08 € + 0.12 €/kWh
2026-10-09T08:02:21Z,STR-E-FUE8-B,0.08 € + 0.12 €/kWh
2026-10-09T08:02:21Z,STR-E-IIKL-A,0.08 € + 0.12 €/kWh
2026-10-09T08:02:21Z,STR-E-IIKL-B,0.08 € + 0.12 €/kWh
2026-10-09T08:02:21Z,STR-E-KUKS-A,0.08 € + 0.12 €/kWh
2026-10-09T08:02:21Z,STR-E-KUKS-B,0.08 € + 0.12 €/kWh
2026-10-09T08:02:21Z,STR-E-NCKT-A,0.08 € + 0.12 €/kWh
2026-10-09T08:02:21Z,STR-E-NCKT-B,0.08 € + 0.12 €/kWh
2026-10-09T08:02:21Z,STR-E-O5YW-A,0.08 € + 0.12 €/kWh
2026-10-09T08:02:21Z,STR-E-O5YW-B,0.08 € + 0.12 €/kWh
2026-10-09T08:02:21Z,STR-E-P7AF-A,0.08 € + 0.12 €/kWh
2026-10-09T08:02:21Z,STR-E-P7AF-B,0.08 € + 0.12 €/kWh
2026-10-09T08:02:21Z,STR-E-PJCQ-A,0.08 € + 0.12 €/kWh
2026-10-09T08:02:21Z,STR-E-PJCQ-B,0.08 € + 0.12 €/kWh
2026-10-09T08:02:21Z,STR-E-QE1X-A,0.08 € + 0.12 €/kWh
2026-10-09T08:02:21Z,STR-E-QE1X-B,0.08 € + 0.12 €/kWh
2026-10-09T08:02:21Z,STR-E-SQX8-A,0.08 € + 0.12 €/kWh
2026-10-09T08:02:21Z,STR-E-SQX8-B,0.08 € + 0.12 €/kWh
2026-10-09T08:02:21Z,STR-E-TX67-A,0.2 €/kWh
2026-10-09T08:02:21Z,STR-E-TX67-B,0.2 €/kWh
2026-10-09T08:02:21Z,STR-E-UPOS-A,0.08 € + 0.12 €/kWh
2026-10-09T08:02:21Z,STR-E-UPOS-B,0.08 € + 0.12 €/kWh
2026-10-09T08:02:21Z,STR-E-VSDJ-A,0.2 €/kWh
2026-10-09T08:02:21Z,STR-E-VSDJ-B,0.2 €/kWh
2026-10-09T08:02:21Z,STR-E-XCMJ-A,0.08 € + 0.12 €/kWh
2026-10-09T08:02:21Z,STR-E-XCMJ-B,0.08 € + 0.12 €/kWh
2026-10-09T08:02:21Z,STR-E-XG69-A,0.08 € + 0.12 €/kWh
2026-10-09T08:02:21Z,STR-E-XG69-B,0.08 € + 0.12 €/kWh
2026-10-09T08:02:21Z,STR-E-Z2PJ-A,0.08 € + 0.12 €/kWh
2026-10-09T08:02:21Z,STR-E-Z2PJ-B,0.08 € + 0.12 €/kWh
2026-10-09T08:02:21Z,STR-E-ZWU5-A,0.08 € + 0.12 €/kWh
2026-10-09T08:02:21Z,STR-E-ZWU5-B,0.08 € + 0.12 €/kWh
2026-10-09T08:16:23Z,IKR-E-1220-A,0.3 € + 0.36 €/kWh
2026-10-09T08:16:23Z,IKR-E-1871-A,0.3 € + 0.36 €/kWh
2026-10-09T08:16:23Z,IKR-E-2G8J-A,0.3 € + 0.36 €/kWh
2026-10-09T08:16:23Z,IKR-E-3TSR-A,0.3 € + 0.36 €/kWh
2026-10-09T08:16:23Z,IKR-E-5715-A,0.3 € + 0.36 €/kWh
2026-10-09T08:16:23Z,IKR-E-5730-A,0.3 € + 0.42 €/kWh
2026-10-09T08:16:23Z,IKR-E-5CGU-A,0.3 € + 0.36 €/kWh
2026-10-09T08:16:23Z,IKR-E-7718-A,0.3 € + 0.42 €/kWh
2026-10-09T08:16:23Z,IKR-E-DVCM-A,0.3 € + 0.36 €/kWh
2026-10-09T08:16:23Z,IKR-E-E228-A,0.3 € + 0.36 €/kWh
2026-10-09T08:16:23Z,IKR-E-E475-A,0.3 € + 0.39 €/kWh
2026-10-09T08:16:23Z,IKR-E-E544-A,0.3 € + 0.39 €/kWh
2026-10-09T08:16:23Z,IKR-E-EKZA-A,0.3 € + 0.36 €/kWh
2026-10-09T08:16:23Z,IKR-E-GAY9-A,0.3 € + 0.36 €/kWh
2026-10-09T08:16:23Z,IKR-E-IZW2-A,0.3 € + 0.36 €/kWh
2026-10-09T08:16:23Z,IKR-E-J1JV-A,0.3 € + 0.36 €/kWh
2026-10-09T08:16:23Z,IKR-E-JJAJ-A,0.3 € + 0.36 €/kWh
2026-10-09T08:16:23Z,IKR-E-KMBH-A,0.3 € + 0.36 €/kWh
2026-10-09T08:16:23Z,IKR-E-LJZI-A,0.3 € + 0.36 €/kWh
2026-10-09T08:16:23Z,IKR-E-MAU9-A,0.29 € + 0.28 €/kWh
2026-10-09T08:16:23Z,IKR-E-OWF5-A,0.3 € + 0.4 €/kWh
2026-10-09T08:16:23Z,IKR-E-W6HQ-A,0.29 € + 0.28 €/kWh
2026-10-09T08:16:23Z,IKR-E-XIH2-A,0.3 € + 0.36 €/kWh
2026-10-09T08:16:23Z,IKR-E-Y2Z8-A,0.3 € + 0.31 €/kWh
2026-10-09T08:16:23Z,IKR-P-IV7E-B,0.3 € + 0.36 €/kWh
2026-10-09T08:16:23Z,IKR-P-SCM5-A,0.3 € + 0.4 €/kWh
2026-10-09T08:16:23Z,IKR-P-V9X4-A,0.3 € + 0.4 €/kWh
2026-10-09T08:16:23Z,IKR-P-V9X4-B,0.3 € + 0.4 €/kWh
2026-10-09T08:16:23Z,STR-E-04YS-A,0 € + 0.16 €/kWh
2026-10-09T08:16:23Z,STR-E-1MHB-A,0.28 €/kWh
2026-10-09T08:16:23Z,STR-E-1X30-A,0 € + 0.16 €/kWh
2026-10-09T08:16:23Z,STR-E-2446-A,0 € + 0.16 €/kWh
2026-10-09T08:16:23Z,STR-E-2K1Q-A,0 € + 0.16 €/kWh
2026-10-09T08:16:23Z,STR-E-2XDJ-A,0 € + 0.16 €/kWh
2026-10-09T08:16:23Z,STR-E-3WE5-A,0 € + 0.16 €/kWh
2026-10-09T08:16:23Z,STR-E-491A-A,0.17 €/kWh
2026-10-09T08:16:23Z,STR-E-491A-B,0.17 €/kWh
2026-10-09T08:16:23Z,STR-E-491A-C,0.17 €/kWh
2026-10-09T08:16:23Z,STR-E-4DE6-A,0.17 €/kWh
2026-10-09T08:16:23Z,STR-E-4DE6-B,0.17 €/kWh
2026-10-09T08:16:23Z,STR-E-4YKC-A,0 € + 0.16 €/kWh
2026-10-09T08:16:23Z,STR-E-527U-A,0 € + 0.16 €/kWh
2026-10-09T08:16:23Z,STR-E-55I4-A,0 € + 0.16 €/kWh
2026-10-09T08:16:23Z,STR-E-566J-A,0 € + 0.16 €/kWh
2026-10-09T08:16:23Z,STR-E-6E7W-A,0 € + 0.16 €/kWh
2026-10-09T08:16:23Z,STR-E-6ZTQ-A,0 € + 0.16 €/kWh
2026-10-09T08:16:23Z,STR-E-7438-A,0 € + 0.16 €/kWh
2026-10-09T08:16:23Z,STR-E-7YBN-A,0 € + 0.16 €/kWh
2026-10-09T08:16:23Z,STR-E-8A02-A,0 € + 0.16 €/kWh
2026-10-09T08:16:23Z,STR-E-8Q9F-A,0 € + 0.16 €/kWh
2026-10-09T08:16:23Z,STR-E-9AH3-A,0 € + 0.16 €/kWh
2026-10-09T08:16:23Z,STR-E-A169-A,0 € + 0.16 €/kWh
2026-10-09T08:16:23Z,STR-E-ADXE-A,0 € + 0.16 €/kWh
2026-10-09T08:16:23Z,STR-E-AMQK-A,0 € + 0.16 €/kWh
2026-10-09T08:16:23Z,STR-E-AUQ2-A,0 € + 0.16 €/kWh
2026-10-09T08:16:23Z,STR-E-C99Z-A,0 € + 0.16 €/kWh
2026-10-09T08:16:23Z,STR-E-DHEJ-A,0 € + 0.16 €/kWh
2026-10-09T08:16:23Z,STR-E-ECI7-A,0 € + 0.16 €/kWh
2026-10-09T08:16:23Z,STR-E-EFXK-A,0 € + 0.16 €/kWh
2026-10-09T08:16:23Z,STR-E-EPQY-A,0 € + 0.16 €/kWh
2026-10-09T08:16:23Z,STR-E-ER2N-A,0 € + 0.16 €/kWh
2026-10-09T08:16:23Z,STR-E-ES3O-A,0 € + 0.16 €/kWh
2026-10-09T08:16:23Z,STR-E-FKUY-A,0 € + 0.16 €/kWh
2026-10-09T08:16:23Z,STR-E-GFB3-A,0 € + 0.16 €/kWh
2026-10-09T08:16:23Z,STR-E-GK0C-A,0 € + 0.16 €/kWh
2026-10-09T08:16:23Z,STR-E-HHXV-A,0 € + 0.16 €/kWh
2026-10-09T08:16:23Z,STR-E-I1KE-A,0 € + 0.16 €/kWh
2026-10-09T08:16:23Z,STR-E-IAO5-A,0 € + 0.16 €/kWh
2026-10-09T08:16:23Z,STR-E-IPEC-A,0 € + 0.16 €/kWh
2026-10-09T08:16:23Z,STR-E-IV6T-A,0 € + 0.16 €/kWh
2026-10-09T08:16:23Z,STR-E-J54N-A,0 € + 0.16 €/kWh
2026-10-09T08:16:23Z,STR-E-J6DA-A,0 € + 0.16 €/kWh
2026-10-09T08:16:23Z,STR-E-J8VF-A,0 € + 0.16 €/kWh
2026-10-09T08:16:23Z,STR-E-JMOR-A,0 € + 0.16 €/kWh
2026-10-09T08:16:23Z,STR-E-K217-A,0 € + 0.16 €/kWh
2026-10-09T08:16:23Z,STR-E-KOHN-A,0 € + 0.16 €/kWh
2026-10-09T08:16:23Z,STR-E-KT5B-A,0 € + 0.16 €/kWh
2026-10-09T08:16:23Z,STR-E-LREY-A,0.28 €/kWh
2026-10-09T08:16:23Z,STR-E-MIP3-A,0.17 €/kWh
2026-10-09T08:16:23Z,STR-E-MIP3-B,0.17 €/kWh
2026-10-09T08:16:23Z,STR-E-NDU2-A,0 € + 0.16 €/kWh
2026-10-09T08:16:23Z,STR-E-NDZ4-A,0 € + 0.16 €/kWh
2026-10-09T08:16:23Z,STR-E-NFV5-A,0 € + 0.16 €/kWh
2026-10-09T08:16:23Z,STR-E-NSGB-A,0 € + 0.16 €/kWh
2026-10-09T08:16:23Z,STR-E-O5JX-A,0 € + 0.16 €/kWh
2026-10-09T08:16:23Z,STR-E-OFWF-A,0 € + 0.16 €/kWh
2026-10-09T08:16:23Z,STR-E-OHH6-A,0 € + 0.16 €/kWh
2026-10-09T08:16:23Z,STR-E-P46N-A,0 € + 0.16 €/kWh
2026-10-09T08:16:23Z,STR-E-QLC9-A,0.17 €/kWh
2026-10-09T08:16:23Z,STR-E-QLC9-B,0.17 €/kWh
2026-10-09T08:16:23Z,STR-E-R8PQ-A,0 € + 0.16 €/kWh
2026-10-09T08:16:23Z,STR-E-S6VR-A,0 € + 0.16 €/kWh
2026-10-09T08:16:23Z,STR-E-SGC2-A,0 € + 0.16 €/kWh
2026-10-09T08:16:23Z,STR-E-U41O-A,0 € + 0.16 €/kWh
2026-10-09T08:16:23Z,STR-E-UPAQ-A,0.17 €/kWh
2026-10-09T08:16:23Z,STR-E-UPAQ-B,0.17 €/kWh
2026-10-09T08:16:23Z,STR-E-VJBJ-A,0 € + 0.16 €/kWh
2026-10-09T08:16:23Z,STR-E-VQ06-A,0 € + 0.16 €/kWh
2026-10-09T08:16:23Z,STR-E-VX2O-A,0 € + 0.16 €/kWh
2026-10-09T08:16:23Z,STR-E-WHZ1-A,0 € + 0.16 €/kWh
2026-10-09T08:16:23Z,STR-E-WLGM-A,0 € + 0.16 €/kWh
2026-10-09T08:16:23Z,STR-E-X54O-A,0 € + 0.16 €/kWh
2026-10-09T08:16:23Z,STR-E-XH51-A,0 € + 0.16 €/kWh
2026-10-09T08:16:23Z,STR-E-XRV8-A,0 € + 0.16 €/kWh
2026-10-09T08:16:23Z,STR-E-Y7JK-A,0 € + 0.16 €/kWh
2026-10-09T08:16:23Z,STR-E-Y82E-A,0 € + 0.16 €/kWh
2026-10-09T08:16:23Z,STR-E-ZEP7-A,0 € + 0.16 €/kWh
2026-10-09T08:16:23Z,STR-E-ZIAZ-A,0 € + 0.16 €/kWh
2026-10-09T08:16:23Z,STR-E-ZK9W-A,0 € + 0.16 €/kWh
2026-10-09T08:30:56Z,IKR-E-1220-A,0.3 € + 0.35 €/kWh
2026-10-09T08:30:56Z,IKR-E-1871-A,0.3 € + 0.35 €/kWh
2026-10-09T08:30:56Z,IKR-E-2G8J-A,0.3 € + 0.35 €/kWh
2026-10-09T08:30:56Z,IKR-E-3TSR-A,0.3 € + 0.35 €/kWh
2026-10-09T08:30:56Z,IKR-E-5715-A,0.3 € + 0.35 €/kWh
2026-10-09T08:30:56Z,IKR-E-5730-A,0.3 € + 0.41 €/kWh
2026-10-09T08:30:56Z,IKR-E-5CGU-A,0.3 € + 0.35 €/kWh
2026-10-09T08:30:56Z,IKR-E-7718-A,0.3 € + 0.41 €/kWh
2026-10-09T08:30:56Z,IKR-E-DVCM-A,0.3 € + 0.35 €/kWh
2026-10-09T08:30:56Z,IKR-E-E228-A,0.3 € + 0.35 €/kWh
2026-10-09T08:30:56Z,IKR-E-E475-A,0.3 € + 0.38 €/kWh
2026-10-09T08:30:56Z,IKR-E-E544-A,0.3 € + 0.38 €/kWh
2026-10-09T08:30:56Z,IKR-E-EKZA-A,0.3 € + 0.35 €/kWh
2026-10-09T08:30:56Z,IKR-E-GAY9-A,0.3 € + 0.35 €/kWh
2026-10-09T08:30:56Z,IKR-E-IZW2-A,0.3 € + 0.35 €/kWh
2026-10-09T08:30:56Z,IKR-E-J1JV-A,0.3 € + 0.35 €/kWh
2026-10-09T08:30:56Z,IKR-E-JJAJ-A,0.3 € + 0.35 €/kWh
2026-10-09T08:30:56Z,IKR-E-KMBH-A,0.3 € + 0.35 €/kWh
2026-10-09T08:30:56Z,IKR-E-LJZI-A,0.3 € + 0.35 €/kWh
2026-10-09T08:30:56Z,IKR-E-MAU9-A,0.29 € + 0.27 €/kWh
2026-10-09T08:30:56Z,IKR-E-OWF5-A,0.3 € + 0.39 €/kWh
2026-10-09T08:30:56Z,IKR-E-W6HQ-A,0.29 € + 0.27 €/kWh
2026-10-09T08:30:56Z,IKR-E-XIH2-A,0.3 € + 0.35 €/kWh
2026-10-09T08:30:56Z,IKR-P-IV7E-B,0.3 € + 0.35 €/kWh
2026-10-09T08:30:56Z,IKR-P-SCM5-A,0.3 € + 0.39 €/kWh
2026-10-09T08:30:56Z,IKR-P-V9X4-A,0.3 € + 0.39 €/kWh
2026-10-09T08:30:56Z,IKR-P-V9X4-B,0.3 € + 0.39 €/kWh
2026-10-09T08:30:56Z,STR-E-NY0Q-A,0.15 € + 0.17 €/kWh
2026-10-09T08:30:56Z,STR-E-QAXH-A,0.15 € + 0.17 €/kWh
2026-10-09T08:30:56Z,STR-E-UKPS-A,0.15 € + 0.17 €/kWh
2026-10-09T08:46:21Z,IKR-E-1220-A,0.3 € + 0.34 €/kWh
2026-10-09T08:46:21Z,IKR-E-1871-A,0.3 € + 0.34 €/kWh
2026-10-09T08:46:21Z,IKR-E-2G8J-A,0.3 € + 0.34 €/kWh
2026-10-09T08:46:21Z,IKR-E-3TSR-A,0.3 € + 0.34 €/kWh
2026-10-09T08:46:21Z,IKR-E-5715-A,0.3 € + 0.34 €/kWh
2026-10-09T08:46:21Z,IKR-E-5730-A,0.3 € + 0.4 €/kWh
2026-10-09T08:46:21Z,IKR-E-5CGU-A,0.3 € + 0.34 €/kWh
2026-10-09T08:46:21Z,IKR-E-7718-A,0.3 € + 0.4 €/kWh
2026-10-09T08:46:21Z,IKR-E-DVCM-A,0.3 € + 0.34 €/kWh
2026-10-09T08:46:21Z,IKR-E-E228-A,0.3 € + 0.34 €/kWh
2026-10-09T08:46:21Z,IKR-E-EKZA-A,0.3 € + 0.34 €/kWh
2026-10-09T08:46:21Z,IKR-E-GAY9-A,0.3 € + 0.34 €/kWh
2026-10-09T08:46:21Z,IKR-E-IZW2-A,0.3 € + 0.34 €/kWh
2026-10-09T08:46:21Z,IKR-E-J1JV-A,0.3 € + 0.34 €/kWh
2026-10-09T08:46:21Z,IKR-E-JJAJ-A,0.3 € + 0.34 €/kWh
2026-10-09T08:46:21Z,IKR-E-KMBH-A,0.3 € + 0.34 €/kWh
2026-10-09T08:46:21Z,IKR-E-LJZI-A,0.3 € + 0.34 €/kWh
2026-10-09T08:46:21Z,IKR-E-MAU9-A,0.29 € + 0.25 €/kWh
2026-10-09T08:46:21Z,IKR-E-OWF5-A,0.3 € + 0.38 €/kWh
2026-10-09T08:46:21Z,IKR-E-W6HQ-A,0.29 € + 0.25 €/kWh
2026-10-09T08:46:21Z,IKR-E-XIH2-A,0.3 € + 0.34 €/kWh
2026-10-09T08:46:21Z,IKR-P-IV7E-B,0.3 € + 0.34 €/kWh
2026-10-09T08:46:21Z,IKR-P-SCM5-A,0.3 € + 0.38 €/kWh
2026-10-09T08:46:21Z,IKR-P-V9X4-A,0.3 € + 0.38 €/kWh
2026-10-09T08:46:21Z,IKR-P-V9X4-B,0.3 € + 0.38 €/kWh
2026-10-09T08:46:21Z,STR-E-4KWM-A,0.27 €/kWh
2026-10-09T08:46:21Z,STR-E-4KWM-B,0.27 €/kWh
2026-10-09T08:46:21Z,STR-E-7Z8G-A,0.27 €/kWh
2026-10-09T08:46:21Z,STR-E-7Z8G-B,0.27 €/kWh
2026-10-09T08:46:21Z,STR-E-GE77-A,0.27 €/kWh
2026-10-09T08:46:21Z,STR-E-GE77-B,0.27 €/kWh
2026-10-09T08:46:21Z,STR-E-ODBK-A,0.27 €/kWh
2026-10-09T08:46:21Z,STR-E-ODBK-B,0.27 €/kWh
2026-10-09T09:01:10Z,IKR-E-1220-A,0.3 € + 0.35 €/kWh
2026-10-09T09:01:10Z,IKR-E-1871-A,0.3 € + 0.35 €/kWh
2026-10-09T09:01:10Z,IKR-E-2G8J-A,0.3 € + 0.35 €/kWh
2026-10-09T09:01:10Z,IKR-E-3TSR-A,0.3 € + 0.35 €/kWh
2026-10-09T09:01:10Z,IKR-E-5715-A,0.3 € + 0.35 €/kWh
2026-10-09T09:01:10Z,IKR-E-5730-A,0.3 € + 0.41 €/kWh
2026-10-09T09:01:10Z,IKR-E-5CGU-A,0.3 € + 0.35 €/kWh
2026-10-09T09:01:10Z,IKR-E-7718-A,0.3 € + 0.41 €/kWh
2026-10-09T09:01:10Z,IKR-E-DVCM-A,0.3 € + 0.35 €/kWh
2026-10-09T09:01:10Z,IKR-E-E228-A,0.3 € + 0.35 €/kWh
2026-10-09T09:01:10Z,IKR-E-EKZA-A,0.3 € + 0.35 €/kWh
2026-10-09T09:01:10Z,IKR-E-GAY9-A,0.3 € + 0.35 €/kWh
2026-10-09T09:01:10Z,IKR-E-IZW2-A,0.3 € + 0.35 €/kWh
2026-10-09T09:01:10Z,IKR-E-J1JV-A,0.3 € + 0.35 €/kWh
2026-10-09T09:01:10Z,IKR-E-JJAJ-A,0.3 € + 0.35 €/kWh
2026-10-09T09:01:10Z,IKR-E-KMBH-A,0.3 € + 0.35 €/kWh
2026-10-09T09:01:10Z,IKR-E-LJZI-A,0.3 € + 0.35 €/kWh
2026-10-09T09:01:10Z,IKR-E-OWF5-A,0.3 € + 0.39 €/kWh
2026-10-09T09:01:10Z,IKR-E-XIH2-A,0.3 € + 0.35 €/kWh
2026-10-09T09:01:10Z,IKR-P-IV7E-B,0.3 € + 0.35 €/kWh
2026-10-09T09:01:10Z,IKR-P-SCM5-A,0.3 € + 0.39 €/kWh
2026-10-09T09:01:10Z,IKR-P-V9X4-A,0.3 € + 0.39 €/kWh
2026-10-09T09:01:10Z,IKR-P-V9X4-B,0.3 € + 0.39 €/kWh
2026-10-09T09:02:21Z,STR-E-02VO-A,0.21 €/kWh
2026-10-09T09:02:21Z,STR-E-02VO-B,0.21 €/kWh
2026-10-09T09:02:21Z,STR-E-04YS-A,0 € + 0.17 €/kWh
2026-10-09T09:02:21Z,STR-E-051F-A,0.08 € + 0.13 €/kWh
2026-10-09T09:02:21Z,STR-E-10G9-A,0.08 € + 0.13 €/kWh
2026-10-09T09:02:21Z,STR-E-10G9-B,0.08 € + 0.13 €/kWh
2026-10-09T09:02:21Z,STR-E-1ME5-A,0.08 € + 0.13 €/kWh
2026-10-09T09:02:21Z,STR-E-1ME5-B,0.08 € + 0.13 €/kWh
2026-10-09T09:02:21Z,STR-E-1MHB-A,0.29 €/kWh
2026-10-09T09:02:21Z,STR-E-1X30-A,0 € + 0.17 €/kWh
2026-10-09T09:02:21Z,STR-E-2446-A,0 € + 0.17 €/kWh
2026-10-09T09:02:21Z,STR-E-2K1Q-A,0 € + 0.17 €/kWh
2026-10-09T09:02:21Z,STR-E-2XDJ-A,0 € + 0.17 €/kWh
2026-10-09T09:02:21Z,STR-E-3WE5-A,0 € + 0.17 €/kWh
2026-10-09T09:02:21Z,STR-E-3YH3-A,0.08 € + 0.13 €/kWh
2026-10-09T09:02:21Z,STR-E-3YH3-B,0.08 € + 0.13 €/kWh
2026-10-09T09:02:21Z,STR-E-491A-A,0.18 €/kWh
2026-10-09T09:02:21Z,STR-E-491A-B,0.18 €/kWh
2026-10-09T09:02:21Z,STR-E-491A-C,0.18 €/kWh
2026-10-09T09:02:21Z,STR-E-4DE6-A,0.18 €/kWh
2026-10-09T09:02:21Z,STR-E-4DE6-B,0.18 €/kWh
2026-10-09T09:02:21Z,STR-E-4KWM-A,0.28 €/kWh
2026-10-09T09:02:21Z,STR-E-4KWM-B,0.28 €/kWh
2026-10-09T09:02:21Z,STR-E-4YKC-A,0 € + 0.17 €/kWh
2026-10-09T09:02:21Z,STR-E-527U-A,0 € + 0.17 €/kWh
2026-10-09T09:02:21Z,STR-E-54PK-A,0.08 € + 0.13 €/kWh
2026-10-09T09:02:21Z,STR-E-54PK-B,0.08 € + 0.13 €/kWh
2026-10-09T09:02:21Z,STR-E-55I4-A,0 € + 0.17 €/kWh
2026-10-09T09:02:21Z,STR-E-566J-A,0 € + 0.17 €/kWh
2026-10-09T09:02:21Z,STR-E-59TF-A,0.08 € + 0.13 €/kWh
2026-10-09T09:02:21Z,STR-E-6E7W-A,0 € + 0.17 €/kWh
2026-10-09T09:02:21Z,STR-E-6ZTQ-A,0 € + 0.17 €/kWh
2026-10-09T09:02:21Z,STR-E-7438-A,0 € + 0.17 €/kWh
2026-10-09T09:02:21Z,STR-E-7A48-A,0.08 € + 0.13 €/kWh
2026-10-09T09:02:21Z,STR-E-7YBN-A,0 € + 0.17 €/kWh
2026-10-09T09:02:21Z,STR-E-7Z8G-A,0.28 €/kWh
2026-10-09T09:02:21Z,STR-E-7Z8G-B,0.28 €/kWh
2026-10-09T09:02:21Z,STR-E-8A02-A,0 € + 0.17 €/kWh
2026-10-09T09:02:21Z,STR-E-8Q9F-A,0 € + 0.17 €/kWh
2026-10-09T09:02:21Z,STR-E-9AH3-A,0 € + 0.17 €/kWh
2026-10-09T09:02:21Z,STR-E-A169-A,0 € + 0.17 €/kWh
2026-10-09T09:02:21Z,STR-E-A27N-A,0.21 €/kWh
2026-10-09T09:02:21Z,STR-E-A27N-B,0.21 €/kWh
2026-10-09T09:02:21Z,STR-E-A27N-C,0.21 €/kWh
2026-10-09T09:02:21Z,STR-E-ADXE-A,0 € + 0.17 €/kWh
2026-10-09T09:02:21Z,STR-E-AF2O-A,0.08 € + 0.13 €/kWh
2026-10-09T09:02:21Z,STR-E-AMQK-A,0 € + 0.17 €/kWh
2026-10-09T09:02:21Z,STR-E-AUQ2-A,0 € + 0.17 €/kWh
2026-10-09T09:02:21Z,STR-E-AWF1-A,0.08 € + 0.13 €/kWh
2026-10-09T09:02:21Z,STR-E-AWF1-B,0.08 € + 0.13 €/kWh
2026-10-09T09:02:21Z,STR-E-AWJ9-A,0.21 €/kWh
2026-10-09T09:02:21Z,STR-E-AWJ9-B,0.21 €/kWh
2026-10-09T09:02:21Z,STR-E-C99Z-A,0 € + 0.17 €/kWh
2026-10-09T09:02:21Z,STR-E-DBCC-A,0.08 € + 0.13 €/kWh
2026-10-09T09:02:21Z,STR-E-DBCC-B,0.08 € + 0.13 €/kWh
2026-10-09T09:02:21Z,STR-E-DHEJ-A,0 € + 0.17 €/kWh
2026-10-09T09:02:21Z,STR-E-ECI7-A,0 € + 0.17 €/kWh
2026-10-09T09:02:21Z,STR-E-EFXK-A,0 € + 0.17 €/kWh
2026-10-09T09:02:21Z,STR-E-EPQY-A,0 € + 0.17 €/kWh
2026-10-09T09:02:21Z,STR-E-ER2N-A,0 € + 0.17 €/kWh
2026-10-09T09:02:21Z,STR-E-ES3O-A,0 € + 0.17 €/kWh
2026-10-09T09:02:21Z,STR-E-F2G0-A,0.08 € + 0.13 €/kWh
2026-10-09T09:02:21Z,STR-E-F2G0-B,0.08 € + 0.13 €/kWh
2026-10-09T09:02:21Z,STR-E-FKUY-A,0 € + 0.17 €/kWh
2026-10-09T09:02:21Z,STR-E-FUE8-A,0.08 € + 0.13 €/kWh
2026-10-09T09:02:21Z,STR-E-FUE8-B,0.08 € + 0.13 €/kWh
2026-10-09T09:02:21Z,STR-E-GE77-A,0.28 €/kWh
2026-10-09T09:02:21Z,STR-E-GE77-B,0.28 €/kWh
2026-10-09T09:02:21Z,STR-E-GFB3-A,0 € + 0.17 €/kWh
2026-10-09T09:02:21Z,STR-E-GK0C-A,0 € + 0.17 €/kWh
2026-10-09T09:02:21Z,STR-E-HHXV-A,0 € + 0.17 €/kWh
2026-10-09T09:02:21Z,STR-E-I1KE-A,0 € + 0.17 €/kWh
2026-10-09T09:02:21Z,STR-E-IAO5-A,0 € + 0.17 €/kWh
2026-10-09T09:02:21Z,STR-E-IIKL-A,0.08 € + 0.13 €/kWh
2026-10-09T09:02:21Z,STR-E-IIKL-B,0.08 € + 0.13 €/kWh
2026-10-09T09:02:21Z,STR-E-IPEC-A,0 € + 0.17 €/kWh
2026-10-09T09:02:21Z,STR-E-IV6T-A,0 € + 0.17 €/kWh
2026-10-09T09:02:21Z,STR-E-J54N-A,0 € + 0.17 €/kWh
2026-10-09T09:02:21Z,STR-E-J6DA-A,0 € + 0.17 €/kWh
2026-10-09T09:02:21Z,STR-E-J8VF-A,0 € + 0.17 €/kWh
2026-10-09T09:02:21Z,STR-E-JMOR-A,0 € + 0.17 €/kWh
2026-10-09T09:02:21Z,STR-E-K217-A,0 € + 0.17 €/kWh
2026-10-09T09:02:21Z,STR-E-KOHN-A,0 € + 0.17 €/kWh
2026-10-09T09:02:21Z,STR-E-KT5B-A,0 € + 0.17 €/kWh
2026-10-09T09:02:21Z,STR-E-KUKS-A,0.08 € + 0.13 €/kWh
2026-10-09T09:02:21Z,STR-E-KUKS-B,0.08 € + 0.13 €/kWh
2026-10-09T09:02:21Z,STR-E-LREY-A,0.29 €/kWh
2026-10-09T09:02:21Z,STR-E-MIP3-A,0.18 €/kWh
2026-10-09T09:02:21Z,STR-E-MIP3-B,0.18 €/kWh
2026-10-09T09:02:21Z,STR-E-NCKT-A,0.08 € + 0.13 €/kWh
2026-10-09T09:02:21Z,STR-E-NCKT-B,0.08 € + 0.13 €/kWh
2026-10-09T09:02:21Z,STR-E-NDU2-A,0 € + 0.17 €/kWh
2026-10-09T09:02:21Z,STR-E-NDZ4-A,0 € + 0.17 €/kWh
2026-10-09T09:02:21Z,STR-E-NFV5-A,0 € + 0.17 €/kWh
2026-10-09T09:02:21Z,STR-E-NSGB-A,0 € + 0.17 €/kWh
2026-10-09T09:02:21Z,STR-E-NY0Q-A,0.15 € + 0.18 €/kWh
2026-10-09T09:02:21Z,STR-E-O5JX-A,0 € + 0.17 €/kWh
2026-10-09T09:02:21Z,STR-E-O5YW-A,0.08 € + 0.13 €/kWh
2026-10-09T09:02:21Z,STR-E-O5YW-B,0.08 € + 0.13 €/kWh
2026-10-09T09:02:21Z,STR-E-ODBK-A,0.28 €/kWh
2026-10-09T09:02:21Z,STR-E-ODBK-B,0.28 €/kWh
2026-10-09T09:02:21Z,STR-E-OFWF-A,0 € + 0.17 €/kWh
2026-10-09T09:02:21Z,STR-E-OHH6-A,0 € + 0.17 €/kWh
2026-10-09T09:02:21Z,STR-E-P46N-A,0 € + 0.17 €/kWh
2026-10-09T09:02:21Z,STR-E-P7AF-A,0.08 € + 0.13 €/kWh
2026-10-09T09:02:21Z,STR-E-P7AF-B,0.08 € + 0.13 €/kWh
2026-10-09T09:02:21Z,STR-E-PJCQ-A,0.08 € + 0.13 €/kWh
2026-10-09T09:02:21Z,STR-E-PJCQ-B,0.08 € + 0.13 €/kWh
2026-10-09T09:02:21Z,STR-E-QAXH-A,0.15 € + 0.18 €/kWh
2026-10-09T09:02:21Z,STR-E-QE1X-A,0.08 € + 0.13 €/kWh
2026-10-09T09:02:21Z,STR-E-QE1X-B,0.08 € + 0.13 €/kWh
2026-10-09T09:02:21Z,STR-E-QLC9-A,0.18 €/kWh
2026-10-09T09:02:21Z,STR-E-QLC9-B,0.18 €/kWh
2026-10-09T09:02:21Z,STR-E-R8PQ-A,0 € + 0.17 €/kWh
2026-10-09T09:02:21Z,STR-E-S6VR-A,0 € + 0.17 €/kWh
2026-10-09T09:02:21Z,STR-E-SGC2-A,0 € + 0.17 €/kWh
2026-10-09T09:02:21Z,STR-E-SQX8-A,0.08 € + 0.13 €/kWh
2026-10-09T09:02:21Z,STR-E-SQX8-B,0.08 € + 0.13 €/kWh
2026-10-09T09:02:21Z,STR-E-TX67-A,0.21 €/kWh
2026-10-09T09:02:21Z,STR-E-TX67-B,0.21 €/kWh
2026-10-09T09:02:21Z,STR-E-U41O-A,0 € + 0.17 €/kWh
2026-10-09T09:02:21Z,STR-E-UKPS-A,0.15 € + 0.18 €/kWh
2026-10-09T09:02:21Z,STR-E-UPAQ-A,0.18 €/kWh
2026-10-09T09:02:21Z,STR-E-UPAQ-B,0.18 €/kWh
2026-10-09T09:02:21Z,STR-E-UPOS-A,0.08 € + 0.13 €/kWh
2026-10-09T09:02:21Z,STR-E-UPOS-B,0.08 € + 0.13 €/kWh
2026-10-09T09:02:21Z,STR-E-VJBJ-A,0 € + 0.17 €/kWh
2026-10-09T09:02:21Z,STR-E-VQ06-A,0 € + 0.17 €/kWh
2026-10-09T09:02:21Z,STR-E-VSDJ-A,0.21 €/kWh
2026-10-09T09:02:21Z,STR-E-VSDJ-B,0.21 €/kWh
2026-10-09T09:02:21Z,STR-E-VX2O-A,0 € + 0.17 €/kWh
2026-10-09T09:02:21Z,STR-E-WHZ1-A,0 € + 0.17 €/kWh
2026-10-09T09:02:21Z,STR-E-WLGM-A,0 € + 0.17 €/kWh
2026-10-09T09:02:21Z,STR-E-X54O-A,0 € + 0.17 €/kWh
2026-10-09T09:02:21Z,STR-E-XCMJ-A,0.08 € + 0.13 €/kWh
2026-10-09T09:02:21Z,STR-E-XCMJ-B,0.08 € + 0.13 €/kWh
2026-10-09T09:02:21Z,STR-E-XG69-A,0.08 € + 0.13 €/kWh
2026-10-09T09:02:21Z,STR-E-XG69-B,0.08 € + 0.13 €/kWh
2026-10-09T09:02:21Z,STR-E-XH51-A,0 € + 0.17 €/kWh
2026-10-09T09:02:21Z,STR-E-XRV8-A,0 € + 0.17 €/kWh
2026-10-09T09:02:21Z,STR-E-Y7JK-A,0 € + 0.17 €/kWh
2026-10-09T09:02:21Z,STR-E-Y82E-A,0 € + 0.17 €/kWh
2026-10-09T09:02:21Z,STR-E-Z2PJ-A,0.08 € + 0.13 €/kWh
2026-10-09T09:02:21Z,STR-E-Z2PJ-B,0.08 € + 0.13 €/kWh
2026-10-09T09:02:21Z,STR-E-ZEP7-A,0 € + 0.17 €/kWh
2026-10-09T09:02:21Z,STR-E-ZIAZ-A,0 € + 0.17 €/kWh
2026-10-09T09:02:21Z,STR-E-ZK9W-A,0 € + 0.17 €/kWh
2026-10-09T09:02:21Z,STR-E-ZWU5-A,0.08 € + 0.13 €/kWh
2026-10-09T09:02:21Z,STR-E-ZWU5-B,0.08 € + 0.13 €/kWh
2026-10-09T09:16:23Z,IKR-E-1220-A,0.3 € + 0.34 €/kWh
2026-10-09T09:16:23Z,IKR-E-1871-A,0.3 € + 0.34 €/kWh
2026-10-09T09:16:23Z,IKR-E-2G8J-A,0.3 € + 0.34 €/kWh
2026-10-09T09:16:23Z,IKR-E-3TSR-A,0.3 € + 0.34 €/kWh
2026-10-09T09:16:23Z,IKR-E-5715-A,0.3 € + 0.34 €/kWh
2026-10-09T09:16:23Z,IKR-E-5730-A,0.3 € + 0.4 €/kWh
2026-10-09T09:16:23Z,IKR-E-5CGU-A,0.3 € + 0.34 €/kWh
2026-10-09T09:16:23Z,IKR-E-7718-A,0.3 € + 0.4 €/kWh
2026-10-09T09:16:23Z,IKR-E-DVCM-A,0.3 € + 0.34 €/kWh
2026-10-09T09:16:23Z,IKR-E-GAY9-A,0.3 € + 0.34 €/kWh
2026-10-09T09:16:23Z,IKR-E-IZW2-A,0.3 € + 0.34 €/kWh
2026-10-09T09:16:23Z,IKR-E-JJAJ-A,0.3 € + 0.34 €/kWh
2026-10-09T09:16:23Z,IKR-E-KMBH-A,0.3 € + 0.34 €/kWh
2026-10-09T09:16:23Z,IKR-E-LJZI-A,0.3 € + 0.34 €/kWh
2026-10-09T09:16:23Z,IKR-E-OWF5-A,0.3 € + 0.38 €/kWh
2026-10-09T09:16:23Z,IKR-E-XIH2-A,0.3 € + 0.34 €/kWh
2026-10-09T09:16:23Z,IKR-P-IV7E-B,0.3 € + 0.34 €/kWh
2026-10-09T09:16:23Z,IKR-P-SCM5-A,0.3 € + 0.38 €/kWh
2026-10-09T09:16:23Z,IKR-P-V9X4-A,0.3 € + 0.38 €/kWh
2026-10-09T09:16:23Z,IKR-P-V9X4-B,0.3 € + 0.38 €/kWh
2026-10-09T09:16:23Z,STR-E-027B-A,0.17 €/kWh + 0.23 €
2026-10-09T09:16:23Z,STR-E-027B-B,0.17 €/kWh + 0.23 €
2026-10-09T09:16:23Z,STR-E-02VO-A,0.19 €/kWh
2026-10-09T09:16:23Z,STR-E-02VO-B,0.19 €/kWh
2026-10-09T09:16:23Z,STR-E-04YS-A,0 € + 0.16 €/kWh
2026-10-09T09:16:23Z,STR-E-051F-A,0.08 € + 0.11 €/kWh
2026-10-09T09:16:23Z,STR-E-0698-A,0.07 €/kWh
2026-10-09T09:16:23Z,STR-E-0GEL-A,0.07 €/kWh
2026-10-09T09:16:23Z,STR-E-10G9-A,0.08 € + 0.11 €/kWh
2026-10-09T09:16:23Z,STR-E-10G9-B,0.08 € + 0.11 €/kWh
2026-10-09T09:16:23Z,STR-E-1162-A,0.07 €/kWh
2026-10-09T09:16:23Z,STR-E-11DT-A,0.07 €/kWh
2026-10-09T09:16:23Z,STR-E-1887-A,0.07 €/kWh
2026-10-09T09:16:23Z,STR-E-1927-A,0.07 €/kWh
2026-10-09T09:16:23Z,STR-E-1ME5-A,0.08 € + 0.11 €/kWh
2026-10-09T09:16:23Z,STR-E-1ME5-B,0.08 € + 0.11 €/kWh
2026-10-09T09:16:23Z,STR-E-1MHB-A,0.27 €/kWh
2026-10-09T09:16:23Z,STR-E-1MJQ-A,0.07 €/kWh
2026-10-09T09:16:23Z,STR-E-1X30-A,0 € + 0.16 €/kWh
2026-10-09T09:16:23Z,STR-E-21O1-A,0.17 €/kWh
2026-10-09T09:16:23Z,STR-E-21O1-B,0.17 €/kWh
2026-10-09T09:16:23Z,STR-E-2446-A,0 € + 0.16 €/kWh
2026-10-09T09:16:23Z,STR-E-2D12-A,0.07 €/kWh
2026-10-09T09:16:23Z,STR-E-2ED4-A,0.07 €/kWh
2026-10-09T09:16:23Z,STR-E-2K1Q-A,0 € + 0.16 €/kWh
2026-10-09T09:16:23Z,STR-E-2XDJ-A,0 € + 0.16 €/kWh
2026-10-09T09:16:23Z,STR-E-320G-A,0.07 €/kWh
2026-10-09T09:16:23Z,STR-E-3468-A,0.17 €/kWh
2026-10-09T09:16:23Z,STR-E-3468-B,0.17 €/kWh
2026-10-09T09:16:23Z,STR-E-3ENA-A,0.17 €/kWh
2026-10-09T09:16:23Z,STR-E-3ENA-B,0.17 €/kWh
2026-10-09T09:16:23Z,STR-E-3ENA-C,0.17 €/kWh
2026-10-09T09:16:23Z,STR-E-3FMF-A,0.17 €/kWh + 0.23 €
2026-10-09T09:16:23Z,STR-E-3FMF-B,0.17 €/kWh + 0.23 €
2026-10-09T09:16:23Z,STR-E-3PZS-A,0.07 €/kWh
2026-10-09T09:16:23Z,STR-E-3SXI-A,0.17 €/kWh
2026-10-09T09:16:23Z,STR-E-3SXI-B,0.17 €/kWh
2026-10-09T09:16:23Z,STR-E-3TZI-A,0.07 €/kWh
2026-10-09T09:16:23Z,STR-E-3WE5-A,0 € + 0.16 €/kWh
2026-10-09T09:16:23Z,STR-E-3YH3-A,0.08 € + 0.11 €/kWh
2026-10-09T09:16:23Z,STR-E-3YH3-B,0.08 € + 0.11 €/kWh
2026-10-09T09:16:23Z,STR-E-4156-A,0.23 €/kWh
2026-10-09T09:16:23Z,STR-E-4156-B,0.23 €/kWh
2026-10-09T09:16:23Z,STR-E-491A-A,0.16 €/kWh
2026-10-09T09:16:23Z,STR-E-491A-B,0.16 €/kWh
2026-10-09T09:16:23Z,STR-E-491A-C,0.16 €/kWh
2026-10-09T09:16:23Z,STR-E-4DE6-A,0.16 €/kWh
2026-10-09T09:16:23Z,STR-E-4DE6-B,0.16 €/kWh
2026-10-09T09:16:23Z,STR-E-4KWM-A,0.27 €/kWh
2026-10-09T09:16:23Z,STR-E-4KWM-B,0.27 €/kWh
2026-10-09T09:16:23Z,STR-E-4LRS-A,0.07 €/kWh
2026-10-09T09:16:23Z,STR-E-4UGU-A,0.07 €/kWh
2026-10-09T09:16:23Z,STR-E-4YKC-A,0 € + 0.16 €/kWh
2026-10-09T09:16:23Z,STR-E-527U-A,0 € + 0.16 €/kWh
2026-10-09T09:16:23Z,STR-E-54PK-A,0.08 € + 0.11 €/kWh
2026-10-09T09:16:23Z,STR-E-54PK-B,0.08 € + 0.11 €/kWh
2026-10-09T09:16:23Z,STR-E-55I4-A,0 € + 0.16 €/kWh
2026-10-09T09:16:23Z,STR-E-566J-A,0 € + 0.16 €/kWh
2026-10-09T09:16:23Z,STR-E-59TF-A,0.08 € + 0.11 €/kWh
2026-10-09T09:16:23Z,STR-E-5DWB-A,0.07 €/kWh
2026-10-09T09:16:23Z,STR-E-5TI5-A,0.07 €/kWh
2026-10-09T09:16:23Z,STR-E-69PN-A,0.07 €/kWh
2026-10-09T09:16:23Z,STR-E-6CNG-A,0.07 €/kWh
2026-10-09T09:16:23Z,STR-E-6E7W-A,0 € + 0.16 €/kWh
2026-10-09T09:16:23Z,STR-E-6SQH-A,0.07 €/kWh
2026-10-09T09:16:23Z,STR-E-6UZQ-A,0.17 €/kWh
2026-10-09T09:16:23Z,STR-E-6UZQ-B,0.17 €/kWh
2026-10-09T09:16:23Z,STR-E-6ZTQ-A,0 € + 0.16 €/kWh
2026-10-09T09:16:23Z,STR-E-7438-A,0 € + 0.16 €/kWh
2026-10-09T09:16:23Z,STR-E-7A48-A,0.08 € + 0.11 €/kWh
2026-10-09T09:16:23Z,STR-E-7YBN-A,0 € + 0.16 €/kWh
2026-10-09T09:16:23Z,STR-E-7Z8G-A,0.27 €/kWh
2026-10-09T09:16:23Z,STR-E-7Z8G-B,0.27 €/kWh
2026-10-09T09:16:23Z,STR-E-86C0-A,0.07 €/kWh
2026-10-09T09:16:23Z,STR-E-88SA-A,0.07 €/kWh
2026-10-09T09:16:23Z,STR-E-8A02-A,0 € + 0.16 €/kWh
2026-10-09T09:16:23Z,STR-E-8M2O-A,0.07 €/kWh
2026-10-09T09:16:23Z,STR-E-8Q9F-A,0 € + 0.16 €/kWh
2026-10-09T09:16:23Z,STR-E-8XL5-A,0.07 €/kWh
2026-10-09T09:16:23Z,STR-E-8Y23-A,0.07 €/kWh
2026-10-09T09:16:23Z,STR-E-92KW-A,0.17 €/kWh + 0.23 €
2026-10-09T09:16:23Z,STR-E-9AH3-A,0 € + 0.16 €/kWh
2026-10-09T09:16:23Z,STR-E-9I2R-A,0.07 €/kWh
2026-10-09T09:16:23Z,STR-E-9TUZ-A,0.07 €/kWh
2026-10-09T09:16:23Z,STR-E-9WY2-A,0.07 €/kWh
2026-10-09T09:16:23Z,STR-E-A169-A,0 € + 0.16 €/kWh
2026-10-09T09:16:23Z,STR-E-A27N-A,0.19 €/kWh
2026-10-09T09:16:23Z,STR-E-A27N-B,0.19 €/kWh
2026-10-09T09:16:23Z,STR-E-A27N-C,0.19 €/kWh
2026-10-09T09:16:23Z,STR-E-A442-A,0.07 €/kWh
2026-10-09T09:16:23Z,STR-E-AABG-A,0.07 €/kWh
2026-10-09T09:16:23Z,STR-E-ACMT-A,0.07 €/kWh
2026-10-09T09:16:23Z,STR-E-ADXE-A,0 € + 0.16 €/kWh
2026-10-09T09:16:23Z,STR-E-AF2O-A,0.08 € + 0.11 €/kWh
2026-10-09T09:16:23Z,STR-E-AMQK-A,0 € + 0.16 €/kWh
2026-10-09T09:16:23Z,STR-E-ANJ0-A,0.17 €/kWh + 0.23 €
2026-10-09T09:16:23Z,STR-E-ANJ0-B,0.17 €/kWh + 0.23 €
2026-10-09T09:16:23Z,STR-E-AP96-A,0.17 €/kWh + 0.23 €
2026-10-09T09:16:23Z,STR-E-AP96-B,0.17 €/kWh + 0.23 €
2026-10-09T09:16:23Z,STR-E-AUQ2-A,0 € + 0.16 €/kWh
2026-10-09T09:16:23Z,STR-E-AWF1-A,0.08 € + 0.11 €/kWh
2026-10-09T09:16:23Z,STR-E-AWF1-B,0.08 € + 0.11 €/kWh
2026-10-09T09:16:23Z,STR-E-AWJ9-A,0.19 €/kWh
2026-10-09T09:16:23Z,STR-E-AWJ9-B,0.19 €/kWh
2026-10-09T09:16:23Z,STR-E-B36V-A,0.19 € + 0.24 €/kWh
2026-10-09T09:16:23Z,STR-E-B36V-B,0.19 € + 0.24 €/kWh
2026-10-09T09:16:23Z,STR-E-BIKW-A,0.17 €/kWh + 0.23 €
2026-10-09T09:16:23Z,STR-E-BIKW-B,0.17 €/kWh + 0.23 €
2026-10-09T09:16:23Z,STR-E-BXA5-A,0.07 €/kWh
2026-10-09T09:16:23Z,STR-E-C91L-A,0.07 €/kWh
2026-10-09T09:16:23Z,STR-E-C99Z-A,0 € + 0.16 €/kWh
2026-10-09T09:16:23Z,STR-E-D3MB-A,0.17 €/kWh + 0.23 €
2026-10-09T09:16:23Z,STR-E-D3MB-B,0.17 €/kWh + 0.23 €
2026-10-09T09:16:23Z,STR-E-DBCC-A,0.08 € + 0.11 €/kWh
2026-10-09T09:16:23Z,STR-E-DBCC-B,0.08 € + 0.11 €/kWh
2026-10-09T09:16:23Z,STR-E-DHEJ-A,0 € + 0.16 €/kWh
2026-10-09T09:16:23Z,STR-E-E0DZ-A,0.17 €/kWh
2026-10-09T09:16:23Z,STR-E-E0DZ-B,0.17 €/kWh
2026-10-09T09:16:23Z,STR-E-E7HH-A,0.07 €/kWh
2026-10-09T09:16:23Z,STR-E-ECI7-A,0 € + 0.16 €/kWh
2026-10-09T09:16:23Z,STR-E-EFXK-A,0 € + 0.16 €/kWh
2026-10-09T09:16:23Z,STR-E-ELFQ-A,0.17 €/kWh + 0.23 €
2026-10-09T09:16:23Z,STR-E-ELFQ-B,0.17 €/kWh + 0.23 €
2026-10-09T09:16:23Z,STR-E-EPQY-A,0 € + 0.16 €/kWh
2026-10-09T09:16:23Z,STR-E-ER2N-A,0 € + 0.16 €/kWh
2026-10-09T09:16:23Z,STR-E-ES3O-A,0 € + 0.16 €/kWh
2026-10-09T09:16:23Z,STR-E-EU1U-A,0.07 €/kWh
2026-10-09T09:16:23Z,STR-E-F2G0-A,0.08 € + 0.11 €/kWh
2026-10-09T09:16:23Z,STR-E-F2G0-B,0.08 € + 0.11 €/kWh
2026-10-09T09:16:23Z,STR-E-F4B3-A,0.07 €/kWh
2026-10-09T09:16:23Z,STR-E-F5LZ-A,0.07 €/kWh
2026-10-09T09:16:23Z,STR-E-F79A-A,0.17 €/kWh + 0.23 €
2026-10-09T09:16:23Z,STR-E-F79A-B,0.17 €/kWh + 0.23 €
2026-10-09T09:16:23Z,STR-E-FGMF-A,0.07 €/kWh
2026-10-09T09:16:23Z,STR-E-FK06-A,0.07 €/kWh
2026-10-09T09:16:23Z,STR-E-FKUY-A,0 € + 0.16 €/kWh
2026-10-09T09:16:23Z,STR-E-FUE8-A,0.08 € + 0.11 €/kWh
2026-10-09T09:16:23Z,STR-E-FUE8-B,0.08 € + 0.11 €/kWh
2026-10-09T09:16:23Z,STR-E-G4VM-A,0.07 €/kWh
2026-10-09T09:16:23Z,STR-E-G518-A,0.07 €/kWh
2026-10-09T09:16:23Z,STR-E-GB9A-A,0.07 €/kWh
2026-10-09T09:16:23Z,STR-E-GE77-A,0.27 €/kWh
2026-10-09T09:16:23Z,STR-E-GE77-B,0.27 €/kWh
2026-10-09T09:16:23Z,STR-E-GFB3-A,0 € + 0.16 €/kWh
2026-10-09T09:16:23Z,STR-E-GGV8-A,0.07 €/kWh
2026-10-09T09:16:23Z,STR-E-GHJA-A,0.07 €/kWh
2026-10-09T09:16:23Z,STR-E-GK0C-A,0 € + 0.16 €/kWh
2026-10-09T09:16:23Z,STR-E-GR5K-A,0.07 €/kWh
2026-10-09T09:16:23Z,STR-E-H6Q5-A,0.07 €/kWh
2026-10-09T09:16:23Z,STR-E-HHXV-A,0 € + 0.16 €/kWh
2026-10-09T09:16:23Z,STR-E-I1KE-A,0 € + 0.16 €/kWh
2026-10-09T09:16:23Z,STR-E-I4UZ-A,0.07 €/kWh
2026-10-09T09:16:23Z,STR-E-I5FH-A,0.07 €/kWh
2026-10-09T09:16:23Z,STR-E-I8C6-A,0.07 €/kWh
2026-10-09T09:16:23Z,STR-E-IA3X-A,0.07 €/kWh
2026-10-09T09:16:23Z,STR-E-IAO5-A,0 € + 0.16 €/kWh
2026-10-09T09:16:23Z,STR-E-IGH5-A,0.17 €/kWh + 0.23 €
2026-10-09T09:16:23Z,STR-E-IGH5-B,0.17 €/kWh + 0.23 €
2026-10-09T09:16:23Z,STR-E-IIKL-A,0.08 € + 0.11 €/kWh
2026-10-09T09:16:23Z,STR-E-IIKL-B,0.08 € + 0.11 €/kWh
2026-10-09T09:16:23Z,STR-E-IPEC-A,0 € + 0.16 €/kWh
2026-10-09T09:16:23Z,STR-E-IV6T-A,0 € + 0.16 €/kWh
2026-10-09T09:16:23Z,STR-E-J54N-A,0 € + 0.16 €/kWh
2026-10-09T09:16:23Z,STR-E-J6DA-A,0 € + 0.16 €/kWh
2026-10-09T09:16:23Z,STR-E-J8VF-A,0 € + 0.16 €/kWh
2026-10-09T09:16:23Z,STR-E-JG90-A,0.08 €/kWh + 0.3 €
2026-10-09T09:16:23Z,STR-E-JG90-B,0.08 €/kWh + 0.3 €
2026-10-09T09:16:23Z,STR-E-JMOR-A,0 € + 0.16 €/kWh
2026-10-09T09:16:23Z,STR-E-JVO0-A,0.07 €/kWh
2026-10-09T09:16:23Z,STR-E-K217-A,0 € + 0.16 €/kWh
2026-10-09T09:16:23Z,STR-E-K73C-A,0.17 €/kWh + 0.23 €
2026-10-09T09:16:23Z,STR-E-K73C-B,0.17 €/kWh + 0.23 €
2026-10-09T09:16:23Z,STR-E-KBZL-A,0.07 €/kWh
2026-10-09T09:16:23Z,STR-E-KOHN-A,0 € + 0.16 €/kWh
2026-10-09T09:16:23Z,STR-E-KT5B-A,0 € + 0.16 €/kWh
2026-10-09T09:16:23Z,STR-E-KUKS-A,0.08 € + 0.11 €/kWh
2026-10-09T09:16:23Z,STR-E-KUKS-B,0.08 € + 0.11 €/kWh
2026-10-09T09:16:23Z,STR-E-L84D-A,0.07 €/kWh
2026-10-09T09:16:23Z,STR-E-LISV-A,0.07 €/kWh
2026-10-09T09:16:23Z,STR-E-LKFQ-A,0.07 €/kWh
2026-10-09T09:16:23Z,STR-E-LREY-A,0.27 €/kWh
2026-10-09T09:16:23Z,STR-E-M1IB-A,0.07 €/kWh
2026-10-09T09:16:23Z,STR-E-M8WL-A,0.07 €/kWh
2026-10-09T09:16:23Z,STR-E-M9W7-A,0.07 €/kWh
2026-10-09T09:16:23Z,STR-E-MIP3-A,0.16 €/kWh
2026-10-09T09:16:23Z,STR-E-MIP3-B,0.16 €/kWh
2026-10-09T09:16:23Z,STR-E-MSEN-A,0.07 €/kWh
2026-10-09T09:16:23Z,STR-E-MSUL-A,0.07 €/kWh
2026-10-09T09:16:23Z,STR-E-N6P5-A,0.07 €/kWh
2026-10-09T09:16:23Z,STR-E-NCKT-A,0.08 € + 0.11 €/kWh
2026-10-09T09:16:23Z,STR-E-NCKT-B,0.08 € + 0.11 €/kWh
2026-10-09T09:16:23Z,STR-E-NDU2-A,0 € + 0.16 €/kWh
2026-10-09T09:16:23Z,STR-E-NDZ4-A,0 € + 0.16 €/kWh
2026-10-09T09:16:23Z,STR-E-NFV5-A,0 € + 0.16 €/kWh
2026-10-09T09:16:23Z,STR-E-NNGC-A,0.07 €/kWh
2026-10-09T09:16:23Z,STR-E-NSGB-A,0 € + 0.16 €/kWh
2026-10-09T09:16:23Z,STR-E-NY0Q-A,0.15 € + 0.17 €/kWh
2026-10-09T09:16:23Z,STR-E-O0VK-A,0.07 €/kWh
2026-10-09T09:16:23Z,STR-E-O5JX-A,0 € + 0.16 €/kWh
2026-10-09T09:16:23Z,STR-E-O5YW-A,0.08 € + 0.11 €/kWh
2026-10-09T09:16:23Z,STR-E-O5YW-B,0.08 € + 0.11 €/kWh
2026-10-09T09:16:23Z,STR-E-ODBK-A,0.27 €/kWh
2026-10-09T09:16:23Z,STR-E-ODBK-B,0.27 €/kWh
2026-10-09T09:16:23Z,STR-E-OFWF-A,0 € + 0.16 €/kWh
2026-10-09T09:16:23Z,STR-E-OG1X-A,0.07 €/kWh
2026-10-09T09:16:23Z,STR-E-OHH6-A,0 € + 0.16 €/kWh
2026-10-09T09:16:23Z,STR-E-OJ3E-A,0.17 €/kWh + 0.23 €
2026-10-09T09:16:23Z,STR-E-OJ3E-B,0.17 €/kWh + 0.23 €
2026-10-09T09:16:23Z,STR-E-OQKZ-A,0.07 €/kWh
2026-10-09T09:16:23Z,STR-E-P46N-A,0 € + 0.16 €/kWh
2026-10-09T09:16:23Z,STR-E-P7AF-A,0.08 € + 0.11 €/kWh
2026-10-09T09:16:23Z,STR-E-P7AF-B,0.08 € + 0.11 €/kWh
2026-10-09T09:16:23Z,STR-E-PC04-A,0.07 €/kWh
2026-10-09T09:16:23Z,STR-E-PDR2-A,0.07 €/kWh
2026-10-09T09:16:23Z,STR-E-PJCQ-A,0.08 € + 0.11 €/kWh
2026-10-09T09:16:23Z,STR-E-PJCQ-B,0.08 € + 0.11 €/kWh
2026-10-09T09:16:23Z,STR-E-PM3P-A,0.17 €/kWh + 0.23 €
2026-10-09T09:16:23Z,STR-E-PM3P-B,0.17 €/kWh + 0.23 €
2026-10-09T09:16:23Z,STR-E-PRUQ-A,0.07 €/kWh
2026-10-09T09:16:23Z,STR-E-PSU9-A,0.07 €/kWh
2026-10-09T09:16:23Z,STR-E-PZ9U-A,0.07 €/kWh
2026-10-09T09:16:23Z,STR-E-PZES-A,0.07 €/kWh
2026-10-09T09:16:23Z,STR-E-Q5YF-A,0.17 €/kWh + 0.23 €
2026-10-09T09:16:23Z,STR-E-Q5YF-B,0.17 €/kWh + 0.23 €
2026-10-09T09:16:23Z,STR-E-Q7LB-A,0.17 €/kWh + 0.23 €
2026-10-09T09:16:23Z,STR-E-Q7LB-B,0.17 €/kWh + 0.23 €
2026-10-09T09:16:23Z,STR-E-QAXH-A,0.15 € + 0.17 €/kWh
2026-10-09T09:16:23Z,STR-E-QE1X-A,0.08 € + 0.11 €/kWh
2026-10-09T09:16:23Z,STR-E-QE1X-B,0.08 € + 0.11 €/kWh
2026-10-09T09:16:23Z,STR-E-QEDL-A,0.07 €/kWh
2026-10-09T09:16:23Z,STR-E-QIQM-A,0.07 €/kWh
2026-10-09T09:16:23Z,STR-E-QLC9-A,0.16 €/kWh
2026-10-09T09:16:23Z,STR-E-QLC9-B,0.16 €/kWh
2026-10-09T09:16:23Z,STR-E-R0J8-A,0.07 €/kWh
2026-10-09T09:16:23Z,STR-E-R1MT-A,0.17 €/kWh + 0.23 €
2026-10-09T09:16:23Z,STR-E-R1MT-B,0.17 €/kWh + 0.23 €
2026-10-09T09:16:23Z,STR-E-R1PI-A,0.17 €/kWh + 0.23 €
2026-10-09T09:16:23Z,STR-E-R1PI-B,0.17 €/kWh + 0.23 €
2026-10-09T09:16:23Z,STR-E-R2LK-A,0.17 €/kWh + 0.23 €
2026-10-09T09:16:23Z,STR-E-R2LK-B,0.17 €/kWh + 0.23 €
2026-10-09T09:16:23Z,STR-E-R8PQ-A,0 € + 0.16 €/kWh
2026-10-09T09:16:23Z,STR-E-R9GA-A,0.07 €/kWh
2026-10-09T09:16:23Z,STR-E-RJH9-A,0.07 €/kWh
2026-10-09T09:16:23Z,STR-E-RKWJ-A,0.07 €/kWh
2026-10-09T09:16:23Z,STR-E-S42D-A,0.07 €/kWh
2026-10-09T09:16:23Z,STR-E-S6VR-A,0 € + 0.16 €/kWh
2026-10-09T09:16:23Z,STR-E-S7YR-A,0.17 €/kWh + 0.23 €
2026-10-09T09:16:23Z,STR-E-S7YR-B,0.17 €/kWh + 0.23 €
2026-10-09T09:16:23Z,STR-E-SGC2-A,0 € + 0.16 €/kWh
2026-10-09T09:16:23Z,STR-E-SJKA-A,0.07 €/kWh
2026-10-09T09:16:23Z,STR-E-SQX8-A,0.08 € + 0.11 €/kWh
2026-10-09T09:16:23Z,STR-E-SQX8-B,0.08 € + 0.11 €/kWh
2026-10-09T09:16:23Z,STR-E-SVR3-A,0.17 €/kWh + 0.23 €
2026-10-09T09:16:23Z,STR-E-SVR3-B,0.17 €/kWh + 0.23 €
2026-10-09T09:16:23Z,STR-E-SY9Y-A,0.07 €/kWh
2026-10-09T09:16:23Z,STR-E-TO2O-A,0.07 €/kWh
2026-10-09T09:16:23Z,STR-E-TX67-A,0.19 €/kWh
2026-10-09T09:16:23Z,STR-E-TX67-B,0.19 €/kWh
2026-10-09T09:16:23Z,STR-E-U41O-A,0 € + 0.16 €/kWh
2026-10-09T09:16:23Z,STR-E-U5TP-A,0.07 €/kWh
2026-10-09T09:16:23Z,STR-E-UKPS-A,0.15 € + 0.17 €/kWh
2026-10-09T09:16:23Z,STR-E-UPAQ-A,0.16 €/kWh
2026-10-09T09:16:23Z,STR-E-UPAQ-B,0.16 €/kWh
2026-10-09T09:16:23Z,STR-E-UPOS-A,0.08 € + 0.11 €/kWh
2026-10-09T09:16:23Z,STR-E-UPOS-B,0.08 € + 0.11 €/kWh
2026-10-09T09:16:23Z,STR-E-UY5H-A,0.07 €/kWh
2026-10-09T09:16:23Z,STR-E-V17G-A,0.07 €/kWh
2026-10-09T09:16:23Z,STR-E-V31J-A,0.07 €/kWh
2026-10-09T09:16:23Z,STR-E-V50T-A,0.07 €/kWh
2026-10-09T09:16:23Z,STR-E-V9SD-A,0.07 €/kWh
2026-10-09T09:16:23Z,STR-E-V9ZR-A,0.07 €/kWh
2026-10-09T09:16:23Z,STR-E-VBMP-A,0.07 €/kWh
2026-10-09T09:16:23Z,STR-E-VJBJ-A,0 € + 0.16 €/kWh
2026-10-09T09:16:23Z,STR-E-VPDB-A,0.07 €/kWh
2026-10-09T09:16:23Z,STR-E-VQ06-A,0 € + 0.16 €/kWh
2026-10-09T09:16:23Z,STR-E-VSDJ-A,0.19 €/kWh
2026-10-09T09:16:23Z,STR-E-VSDJ-B,0.19 €/kWh
2026-10-09T09:16:23Z,STR-E-VT0G-A,0.07 €/kWh
2026-10-09T09:16:23Z,STR-E-VX2O-A,0 € + 0.16 €/kWh
2026-10-09T09:16:23Z,STR-E-VXGH-A,0.07 €/kWh
2026-10-09T09:16:23Z,STR-E-W1X4-A,0.07 €/kWh
2026-10-09T09:16:23Z,STR-E-WEE3-A,0.17 €/kWh + 0.23 €
2026-10-09T09:16:23Z,STR-E-WEE3-B,0.17 €/kWh + 0.23 €
2026-10-09T09:16:23Z,STR-E-WHZ1-A,0 € + 0.16 €/kWh
2026-10-09T09:16:23Z,STR-E-WLGM-A,0 € + 0.16 €/kWh
2026-10-09T09:16:23Z,STR-E-WTQ5-A,0.17 €/kWh
2026-10-09T09:16:23Z,STR-E-WXV8-A,0.07 €/kWh
2026-10-09T09:16:23Z,STR-E-WYFE-A,0.17 €/kWh
2026-10-09T09:16:23Z,STR-E-WYFE-B,0.17 €/kWh
2026-10-09T09:16:23Z,STR-E-WYYC-A,0.17 €/kWh + 0.23 €
2026-10-09T09:16:23Z,STR-E-WYYC-B,0.17 €/kWh + 0.23 €
2026-10-09T09:16:23Z,STR-E-WZW9-A,0.07 €/kWh
2026-10-09T09:16:23Z,STR-E-X525-A,0.07 €/kWh
2026-10-09T09:16:23Z,STR-E-X54O-A,0 € + 0.16 €/kWh
2026-10-09T09:16:23Z,STR-E-XCMJ-A,0.08 € + 0.11 €/kWh
2026-10-09T09:16:23Z,STR-E-XCMJ-B,0.08 € + 0.11 €/kWh
2026-10-09T09:16:23Z,STR-E-XFON-A,0.07 €/kWh
2026-10-09T09:16:23Z,STR-E-XG69-A,0.08 € + 0.11 €/kWh
2026-10-09T09:16:23Z,STR-E-XG69-B,0.08 € + 0.11 €/kWh
2026-10-09T09:16:23Z,STR-E-XH51-A,0 € + 0.16 €/kWh
2026-10-09T09:16:23Z,STR-E-XKW2-A,0.17 €/kWh + 0.23 €
2026-10-09T09:16:23Z,STR-E-XKW2-B,0.17 €/kWh + 0.23 €
2026-10-09T09:16:23Z,STR-E-XRV8-A,0 € + 0.16 €/kWh
2026-10-09T09:16:23Z,STR-E-Y7JK-A,0 € + 0.16 €/kWh
2026-10-09T09:16:23Z,STR-E-Y82E-A,0 € + 0.16 €/kWh
2026-10-09T09:16:23Z,STR-E-YC50-A,0.07 €/kWh
2026-10-09T09:16:23Z,STR-E-Z2PJ-A,0.08 € + 0.11 €/kWh
2026-10-09T09:16:23Z,STR-E-Z2PJ-B,0.08 € + 0.11 €/kWh
2026-10-09T09:16:23Z,STR-E-ZA6O-A,0.07 €/kWh
2026-10-09T09:16:23Z,STR-E-ZEP7-A,0 € + 0.16 €/kWh
2026-10-09T09:16:23Z,STR-E-ZIAZ-A,0 € + 0.16 €/kWh
2026-10-09T09:16:23Z,STR-E-ZK9W-A,0 € + 0.16 €/kWh
2026-10-09T09:16:23Z,STR-E-ZS00-A,0.17 €/kWh + 0.23 €
2026-10-09T09:16:23Z,STR-E-ZS00-B,0.17 €/kWh + 0.23 €
2026-10-09T09:16:23Z,STR-E-ZWU5-A,0.08 € + 0.11 €/kWh
2026-10-09T09:16:23Z,STR-E-ZWU5-B,0.08 € + 0.11 €/kWh
2026-10-09T09:30:57Z,IKR-E-1220-A,0.3 € + 0.33 €/kWh
2026-10-09T09:30:57Z,IKR-E-1871-A,0.3 € + 0.33 €/kWh
2026-10-09T09:30:57Z,IKR-E-2G8J-A,0.3 € + 0.33 €/kWh
2026-10-09T09:30:57Z,IKR-E-3TSR-A,0.3 € + 0.33 €/kWh
2026-10-09T09:30:57Z,IKR-E-5715-A,0.3 € + 0.33 €/kWh
2026-10-09T09:30:57Z,IKR-E-5CGU-A,0.3 € + 0.33 €/kWh
2026-10-09T09:30:57Z,IKR-E-DVCM-A,0.3 € + 0.33 €/kWh
2026-10-09T09:30:57Z,IKR-E-E228-A,0.3 € + 0.34 €/kWh
2026-10-09T09:30:57Z,IKR-E-E475-A,0.3 € + 0.36 €/kWh
2026-10-09T09:30:57Z,IKR-E-E544-A,0.3 € + 0.36 €/kWh
2026-10-09T09:30:57Z,IKR-E-EKZA-A,0.3 € + 0.34 €/kWh
2026-10-09T09:30:57Z,IKR-E-GAY9-A,0.3 € + 0.33 €/kWh
2026-10-09T09:30:57Z,IKR-E-IZW2-A,0.3 € + 0.33 €/kWh
2026-10-09T09:30:57Z,IKR-E-J1JV-A,0.3 € + 0.34 €/kWh
2026-10-09T09:30:57Z,IKR-E-JJAJ-A,0.3 € + 0.33 €/kWh
2026-10-09T09:30:57Z,IKR-E-KMBH-A,0.3 € + 0.33 €/kWh
2026-10-09T09:30:57Z,IKR-E-LJZI-A,0.3 € + 0.33 €/kWh
2026-10-09T09:30:57Z,IKR-E-XIH2-A,0.3 € + 0.33 €/kWh
2026-10-09T09:30:57Z,IKR-E-Y2Z8-A,0.3 € + 0.3 €/kWh
2026-10-09T09:30:57Z,IKR-P-IV7E-B,0.3 € + 0.33 €/kWh
2026-10-09T09:30:57Z,STR-E-04YS-A,0 € + 0.15 €/kWh
2026-10-09T09:30:57Z,STR-E-1X30-A,0 € + 0.15 €/kWh
2026-10-09T09:30:57Z,STR-E-2446-A,0 € + 0.15 €/kWh
2026-10-09T09:30:57Z,STR-E-2K1Q-A,0 € + 0.15 €/kWh
2026-10-09T09:30:57Z,STR-E-2XDJ-A,0 € + 0.15 €/kWh
2026-10-09T09:30:57Z,STR-E-3WE5-A,0 € + 0.15 €/kWh
2026-10-09T09:30:57Z,STR-E-4YKC-A,0 € + 0.15 €/kWh
2026-10-09T09:30:57Z,STR-E-527U-A,0 € + 0.15 €/kWh
2026-10-09T09:30:57Z,STR-E-55I4-A,0 € + 0.15 €/kWh
2026-10-09T09:30:57Z,STR-E-566J-A,0 € + 0.15 €/kWh
2026-10-09T09:30:57Z,STR-E-6E7W-A,0 € + 0.15 €/kWh
2026-10-09T09:30:57Z,STR-E-6ZTQ-A,0 € + 0.15 €/kWh
2026-10-09T09:30:57Z,STR-E-7438-A,0 € + 0.15 €/kWh
2026-10-09T09:30:57Z,STR-E-7YBN-A,0 € + 0.15 €/kWh
2026-10-09T09:30:57Z,STR-E-8A02-A,0 € + 0.15 €/kWh
2026-10-09T09:30:57Z,STR-E-8Q9F-A,0 € + 0.15 €/kWh
2026-10-09T09:30:57Z,STR-E-9AH3-A,0 € + 0.15 €/kWh
2026-10-09T09:30:57Z,STR-E-A169-A,0 € + 0.15 €/kWh
2026-10-09T09:30:57Z,STR-E-ADXE-A,0 € + 0.15 €/kWh
2026-10-09T09:30:57Z,STR-E-AMQK-A,0 € + 0.15 €/kWh
2026-10-09T09:30:57Z,STR-E-AUQ2-A,0 € + 0.15 €/kWh
2026-10-09T09:30:57Z,STR-E-C99Z-A,0 € + 0.15 €/kWh
2026-10-09T09:30:57Z,STR-E-DHEJ-A,0 € + 0.15 €/kWh
2026-10-09T09:30:57Z,STR-E-ECI7-A,0 € + 0.15 €/kWh
2026-10-09T09:30:57Z,STR-E-EFXK-A,0 € + 0.15 €/kWh
2026-10-09T09:30:57Z,STR-E-EPQY-A,0 € + 0.15 €/kWh
2026-10-09T09:30:57Z,STR-E-ER2N-A,0 € + 0.15 €/kWh
2026-10-09T09:30:57Z,STR-E-ES3O-A,0 € + 0.15 €/kWh
2026-10-09T09:30:57Z,STR-E-FKUY-A,0 € + 0.15 €/kWh
2026-10-09T09:30:57Z,STR-E-GFB3-A,0 € + 0.15 €/kWh
2026-10-09T09:30:57Z,STR-E-GK0C-A,0 € + 0.15 €/kWh
2026-10-09T09:30:57Z,STR-E-HHXV-A,0 € + 0.15 €/kWh
2026-10-09T09:30:57Z,STR-E-I1KE-A,0 € + 0.15 €/kWh
2026-10-09T09:30:57Z,STR-E-IAO5-A,0 € + 0.15 €/kWh
2026-10-09T09:30:57Z,STR-E-IPEC-A,0 € + 0.15 €/kWh
2026-10-09T09:30:57Z,STR-E-IV6T-A,0 € + 0.15 €/kWh
2026-10-09T09:30:57Z,STR-E-J54N-A,0 € + 0.15 €/kWh
2026-10-09T09:30:57Z,STR-E-J6DA-A,0 € + 0.15 €/kWh
2026-10-09T09:30:57Z,STR-E-J8VF-A,0 € + 0.15 €/kWh
2026-10-09T09:30:57Z,STR-E-JMOR-A,0 € + 0.15 €/kWh
2026-10-09T09:30:57Z,STR-E-K217-A,0 € + 0.15 €/kWh
2026-10-09T09:30:57Z,STR-E-KOHN-A,0 € + 0.15 €/kWh
2026-10-09T09:30:57Z,STR-E-KT5B-A,0 € + 0.15 €/kWh
2026-10-09T09:30:57Z,STR-E-NDU2-A,0 € + 0.15 €/kWh
2026-10-09T09:30:57Z,STR-E-NDZ4-A,0 € + 0.15 €/kWh
2026-10-09T09:30:57Z,STR-E-NFV5-A,0 € + 0.15 €/kWh
2026-10-09T09:30:57Z,STR-E-NSGB-A,0 € + 0.15 €/kWh
2026-10-09T09:30:57Z,STR-E-O5JX-A,0 € + 0.15 €/kWh
2026-10-09T09:30:57Z,STR-E-OFWF-A,0 € + 0.15 €/kWh
2026-10-09T09:30:57Z,STR-E-OHH6-A,0 € + 0.15 €/kWh
2026-10-09T09:30:57Z,STR-E-P46N-A,0 € + 0.15 €/kWh
2026-10-09T09:30:57Z,STR-E-R8PQ-A,0 € + 0.15 €/kWh
2026-10-09T09:30:57Z,STR-E-S6VR-A,0 € + 0.15 €/kWh
2026-10-09T09:30:57Z,STR-E-SGC2-A,0 € + 0.15 €/kWh
2026-10-09T09:30:57Z,STR-E-U41O-A,0 € + 0.15 €/kWh
2026-10-09T09:30:57Z,STR-E-VJBJ-A,0 € + 0.15 €/kWh
2026-10-09T09:30:57Z,STR-E-VQ06-A,0 € + 0.15 €/kWh
2026-10-09T09:30:57Z,STR-E-VX2O-A,0 € + 0.15 €/kWh
2026-10-09T09:30:57Z,STR-E-WHZ1-A,0 € + 0.15 €/kWh
2026-10-09T09:30:57Z,STR-E-WLGM-A,0 € + 0.15 €/kWh
2026-10-09T09:30:57Z,STR-E-X54O-A,0 € + 0.15 €/kWh
2026-10-09T09:30:57Z,STR-E-XH51-A,0 € + 0.15 €/kWh
2026-10-09T09:30:57Z,STR-E-XRV8-A,0 € + 0.15 €/kWh
2026-10-09T09:30:57Z,STR-E-Y7JK-A,0 € + 0.15 €/kWh
2026-10-09T09:30:57Z,STR-E-Y82E-A,0 € + 0.15 €/kWh
2026-10-09T09:30:57Z,STR-E-ZEP7-A,0 € + 0.15 €/kWh
2026-10-09T09:30:57Z,STR-E-ZIAZ-A,0 € + 0.15 €/kWh
2026-10-09T09:30:57Z,STR-E-ZK9W-A,0 € + 0.15 €/kWh
2026-10-09T09:46:22Z,IKR-E-5730-A,0.3 € + 0.39 €/kWh
2026-10-09T09:46:22Z,IKR-E-7718-A,0.3 € + 0.39 €/kWh
2026-10-09T09:46:22Z,IKR-E-E228-A,0.3 € + 0.33 €/kWh
2026-10-09T09:46:22Z,IKR-E-EKZA-A,0.3 € + 0.33 €/kWh
2026-10-09T09:46:22Z,IKR-E-J1JV-A,0.3 € + 0.33 €/kWh
2026-10-09T09:46:22Z,STR-E-02VO-A,0.2 €/kWh
2026-10-09T09:46:22Z,STR-E-02VO-B,0.2 €/kWh
2026-10-09T09:46:22Z,STR-E-04YS-A,0 € + 0.16 €/kWh
2026-10-09T09:46:22Z,STR-E-051F-A,0.08 € + 0.12 €/kWh
2026-10-09T09:46:22Z,STR-E-10G9-A,0.08 € + 0.12 €/kWh
2026-10-09T09:46:22Z,STR-E-10G9-B,0.08 € + 0.12 €/kWh
2026-10-09T09:46:22Z,STR-E-1ME5-A,0.08 € + 0.12 €/kWh
2026-10-09T09:46:22Z,STR-E-1ME5-B,0.08 € + 0.12 €/kWh
2026-10-09T09:46:22Z,STR-E-1X30-A,0 € + 0.16 €/kWh
2026-10-09T09:46:22Z,STR-E-2446-A,0 € + 0.16 €/kWh
2026-10-09T09:46:22Z,STR-E-2K1Q-A,0 € + 0.16 €/kWh
2026-10-09T09:46:22Z,STR-E-2XDJ-A,0 € + 0.16 €/kWh
2026-10-09T09:46:22Z,STR-E-3WE5-A,0 € + 0.16 €/kWh
2026-10-09T09:46:22Z,STR-E-3YH3-A,0.08 € + 0.12 €/kWh
2026-10-09T09:46:22Z,STR-E-3YH3-B,0.08 € + 0.12 €/kWh
2026-10-09T09:46:22Z,STR-E-491A-A,0.17 €/kWh
2026-10-09T09:46:22Z,STR-E-491A-B,0.17 €/kWh
2026-10-09T09:46:22Z,STR-E-491A-C,0.17 €/kWh
2026-10-09T09:46:22Z,STR-E-4DE6-A,0.17 €/kWh
2026-10-09T09:46:22Z,STR-E-4DE6-B,0.17 €/kWh
2026-10-09T09:46:22Z,STR-E-4YKC-A,0 € + 0.16 €/kWh
2026-10-09T09:46:22Z,STR-E-527U-A,0 € + 0.16 €/kWh
2026-10-09T09:46:22Z,STR-E-54PK-A,0.08 € + 0.12 €/kWh
2026-10-09T09:46:22Z,STR-E-54PK-B,0.08 € + 0.12 €/kWh
2026-10-09T09:46:22Z,STR-E-55I4-A,0 € + 0.16 €/kWh
2026-10-09T09:46:22Z,STR-E-566J-A,0 € + 0.16 €/kWh
2026-10-09T09:46:22Z,STR-E-59TF-A,0.08 € + 0.12 €/kWh
2026-10-09T09:46:22Z,STR-E-6E7W-A,0 € + 0.16 €/kWh
2026-10-09T09:46:22Z,STR-E-6ZTQ-A,0 € + 0.16 €/kWh
2026-10-09T09:46:22Z,STR-E-7438-A,0 € + 0.16 €/kWh
2026-10-09T09:46:22Z,STR-E-7A48-A,0.08 € + 0.12 €/kWh
2026-10-09T09:46:22Z,STR-E-7YBN-A,0 € + 0.16 €/kWh
2026-10-09T09:46:22Z,STR-E-8A02-A,0 € + 0.16 €/kWh
2026-10-09T09:46:22Z,STR-E-8Q9F-A,0 € + 0.16 €/kWh
2026-10-09T09:46:22Z,STR-E-9AH3-A,0 € + 0.16 €/kWh
2026-10-09T09:46:22Z,STR-E-A169-A,0 € + 0.16 €/kWh
2026-10-09T09:46:22Z,STR-E-A27N-A,0.2 €/kWh
2026-10-09T09:46:22Z,STR-E-A27N-B,0.2 €/kWh
2026-10-09T09:46:22Z,STR-E-A27N-C,0.2 €/kWh
2026-10-09T09:46:22Z,STR-E-ADXE-A,0 € + 0.16 €/kWh
2026-10-09T09:46:22Z,STR-E-AF2O-A,0.08 € + 0.12 €/kWh
2026-10-09T09:46:22Z,STR-E-AMQK-A,0 € + 0.16 €/kWh
2026-10-09T09:46:22Z,STR-E-AUQ2-A,0 € + 0.16 €/kWh
2026-10-09T09:46:22Z,STR-E-AWF1-A,0.08 € + 0.12 €/kWh
2026-10-09T09:46:22Z,STR-E-AWF1-B,0.08 € + 0.12 €/kWh
2026-10-09T09:46:22Z,STR-E-AWJ9-A,0.2 €/kWh
2026-10-09T09:46:22Z,STR-E-AWJ9-B,0.2 €/kWh
2026-10-09T09:46:22Z,STR-E-B36V-A,0.19 € + 0.25 €/kWh
2026-10-09T09:46:22Z,STR-E-B36V-B,0.19 € + 0.25 €/kWh
2026-10-09T09:46:22Z,STR-E-C99Z-A,0 € + 0.16 €/kWh
2026-10-09T09:46:22Z,STR-E-DBCC-A,0.08 € + 0.12 €/kWh
2026-10-09T09:46:22Z,STR-E-DBCC-B,0.08 € + 0.12 €/kWh
2026-10-09T09:46:22Z,STR-E-DHEJ-A,0 € + 0.16 €/kWh
2026-10-09T09:46:22Z,STR-E-ECI7-A,0 € + 0.16 €/kWh
2026-10-09T09:46:22Z,STR-E-EFXK-A,0 € + 0.16 €/kWh
2026-10-09T09:46:22Z,STR-E-EPQY-A,0 € + 0.16 €/kWh
2026-10-09T09:46:22Z,STR-E-ER2N-A,0 € + 0.16 €/kWh
2026-10-09T09:46:22Z,STR-E-ES3O-A,0 € + 0.16 €/kWh
2026-10-09T09:46:22Z,STR-E-F2G0-A,0.08 € + 0.12 €/kWh
2026-10-09T09:46:22Z,STR-E-F2G0-B,0.08 € + 0.12 €/kWh
2026-10-09T09:46:22Z,STR-E-FKUY-A,0 € + 0.16 €/kWh
2026-10-09T09:46:22Z,STR-E-FUE8-A,0.08 € + 0.12 €/kWh
2026-10-09T09:46:22Z,STR-E-FUE8-B,0.08 € + 0.12 €/kWh
2026-10-09T09:46:22Z,STR-E-GFB3-A,0 € + 0.16 €/kWh
2026-10-09T09:46:22Z,STR-E-GK0C-A,0 € + 0.16 €/kWh
2026-10-09T09:46:22Z,STR-E-HHXV-A,0 € + 0.16 €/kWh
2026-10-09T09:46:22Z,STR-E-I1KE-A,0 € + 0.16 €/kWh
2026-10-09T09:46:22Z,STR-E-IAO5-A,0 € + 0.16 €/kWh
2026-10-09T09:46:22Z,STR-E-IIKL-A,0.08 € + 0.12 €/kWh
2026-10-09T09:46:22Z,STR-E-IIKL-B,0.08 € + 0.12 €/kWh
2026-10-09T09:46:22Z,STR-E-IPEC-A,0 € + 0.16 €/kWh
2026-10-09T09:46:22Z,STR-E-IV6T-A,0 € + 0.16 €/kWh
2026-10-09T09:46:22Z,STR-E-J54N-A,0 € + 0.16 €/kWh
2026-10-09T09:46:22Z,STR-E-J6DA-A,0 € + 0.16 €/kWh
2026-10-09T09:46:22Z,STR-E-J8VF-A,0 € + 0.16 €/kWh
2026-10-09T09:46:22Z,STR-E-JG90-A,0.09 €/kWh + 0.3 €
2026-10-09T09:46:22Z,STR-E-JG90-B,0.09 €/kWh + 0.3 €
2026-10-09T09:46:22Z,STR-E-JMOR-A,0 € + 0.16 €/kWh
2026-10-09T09:46:22Z,STR-E-K217-A,0 € + 0.16 €/kWh
2026-10-09T09:46:22Z,STR-E-KOHN-A,0 € + 0.16 €/kWh
2026-10-09T09:46:22Z,STR-E-KT5B-A,0 € + 0.16 €/kWh
2026-10-09T09:46:22Z,STR-E-KUKS-A,0.08 € + 0.12 €/kWh
2026-10-09T09:46:22Z,STR-E-KUKS-B,0.08 € + 0.12 €/kWh
2026-10-09T09:46:22Z,STR-E-MIP3-A,0.17 €/kWh
2026-10-09T09:46:22Z,STR-E-MIP3-B,0.17 €/kWh
2026-10-09T09:46:22Z,STR-E-NCKT-A,0.08 € + 0.12 €/kWh
2026-10-09T09:46:22Z,STR-E-NCKT-B,0.08 € + 0.12 €/kWh
2026-10-09T09:46:22Z,STR-E-NDU2-A,0 € + 0.16 €/kWh
2026-10-09T09:46:22Z,STR-E-NDZ4-A,0 € + 0.16 €/kWh
2026-10-09T09:46:22Z,STR-E-NFV5-A,0 € + 0.16 €/kWh
2026-10-09T09:46:22Z,STR-E-NSGB-A,0 € + 0.16 €/kWh
2026-10-09T09:46:22Z,STR-E-O5JX-A,0 € + 0.16 €/kWh
2026-10-09T09:46:22Z,STR-E-O5YW-A,0.08 € + 0.12 €/kWh
2026-10-09T09:46:22Z,STR-E-O5YW-B,0.08 € + 0.12 €/kWh
2026-10-09T09:46:22Z,STR-E-OFWF-A,0 € + 0.16 €/kWh
2026-10-09T09:46:22Z,STR-E-OHH6-A,0 € + 0.16 €/kWh
2026-10-09T09:46:22Z,STR-E-P46N-A,0 € + 0.16 €/kWh
2026-10-09T09:46:22Z,STR-E-P7AF-A,0.08 € + 0.12 €/kWh
2026-10-09T09:46:22Z,STR-E-P7AF-B,0.08 € + 0.12 €/kWh
2026-10-09T09:46:22Z,STR-E-PJCQ-A,0.08 € + 0.12 €/kWh
2026-10-09T09:46:22Z,STR-E-PJCQ-B,0.08 € + 0.12 €/kWh
2026-10-09T09:46:22Z,STR-E-QE1X-A,0.08 € + 0.12 €/kWh
2026-10-09T09:46:22Z,STR-E-QE1X-B,0.08 € + 0.12 €/kWh
2026-10-09T09:46:22Z,STR-E-QLC9-A,0.17 €/kWh
2026-10-09T09:46:22Z,STR-E-QLC9-B,0.17 €/kWh
2026-10-09T09:46:22Z,STR-E-R8PQ-A,0 € + 0.16 €/kWh
2026-10-09T09:46:22Z,STR-E-S6VR-A,0 € + 0.16 €/kWh
2026-10-09T09:46:22Z,STR-E-SGC2-A,0 € + 0.16 €/kWh
2026-10-09T09:46:22Z,STR-E-SQX8-A,0.08 € + 0.12 €/kWh
2026-10-09T09:46:22Z,STR-E-SQX8-B,0.08 € + 0.12 €/kWh
2026-10-09T09:46:22Z,STR-E-TX67-A,0.2 €/kWh
2026-10-09T09:46:22Z,STR-E-TX67-B,0.2 €/kWh
2026-10-09T09:46:22Z,STR-E-U41O-A,0 € + 0.16 €/kWh
2026-10-09T09:46:22Z,STR-E-UPAQ-A,0.17 €/kWh
2026-10-09T09:46:22Z,STR-E-UPAQ-B,0.17 €/kWh
2026-10-09T09:46:22Z,STR-E-UPOS-A,0.08 € + 0.12 €/kWh
2026-10-09T09:46:22Z,STR-E-UPOS-B,0.08 € + 0.12 €/kWh
2026-10-09T09:46:22Z,STR-E-VJBJ-A,0 € + 0.16 €/kWh
2026-10-09T09:46:22Z,STR-E-VQ06-A,0 € + 0.16 €/kWh
2026-10-09T09:46:22Z,STR-E-VSDJ-A,0.2 €/kWh
2026-10-09T09:46:22Z,STR-E-VSDJ-B,0.2 €/kWh
2026-10-09T09:46:22Z,STR-E-VX2O-A,0 € + 0.16 €/kWh
2026-10-09T09:46:22Z,STR-E-WHZ1-A,0 € + 0.16 €/kWh
2026-10-09T09:46:22Z,STR-E-WLGM-A,0 € + 0.16 €/kWh
2026-10-09T09:46:22Z,STR-E-X54O-A,0 € + 0.16 €/kWh
2026-10-09T09:46:22Z,STR-E-XCMJ-A,0.08 € + 0.12 €/kWh
2026-10-09T09:46:22Z,STR-E-XCMJ-B,0.08 € + 0.12 €/kWh
2026-10-09T09:46:22Z,STR-E-XG69-A,0.08 € + 0.12 €/kWh
2026-10-09T09:46:22Z,STR-E-XG69-B,0.08 € + 0.12 €/kWh
2026-10-09T09:46:22Z,STR-E-XH51-A,0 € + 0.16 €/kWh
2026-10-09T09:46:22Z,STR-E-XRV8-A,0 € + 0.16 €/kWh
2026-10-09T09:46:22Z,STR-E-Y7JK-A,0 € + 0.16 €/kWh
2026-10-09T09:46:22Z,STR-E-Y82E-A,0 € + 0.16 €/kWh
2026-10-09T09:46:22Z,STR-E-Z2PJ-A,0.08 € + 0.12 €/kWh
2026-10-09T09:46:22Z,STR-E-Z2PJ-B,0.08 € + 0.12 €/kWh
2026-10-09T09:46:22Z,STR-E-ZEP7-A,0 € + 0.16 €/kWh
2026-10-09T09:46:22Z,STR-E-ZIAZ-A,0 € + 0.16 €/kWh
2026-10-09T09:46:22Z,STR-E-ZK9W-A,0 € + 0.16 €/kWh
2026-10-09T09:46:22Z,STR-E-ZWU5-A,0.08 € + 0.12 €/kWh
2026-10-09T09:46:22Z,STR-E-ZWU5-B,0.08 € + 0.12 €/kWh
2026-10-09T10:01:09Z,IKR-E-E475-A,0.3 € + 0.35 €/kWh
2026-10-09T10:01:09Z,IKR-E-E544-A,0.3 € + 0.35 €/kWh
2026-10-09T10:01:09Z,IKR-E-MAU9-A,0.29 € + 0.24 €/kWh
2026-10-09T10:01:09Z,IKR-E-W6HQ-A,0.29 € + 0.24 €/kWh
2026-10-09T10:01:09Z,IKR-E-Y2Z8-A,0.3 € + 0.29 €/kWh
2026-10-09T10:01:09Z,STR-E-02VO-A,0.19 €/kWh
2026-10-09T10:01:09Z,STR-E-02VO-B,0.19 €/kWh
2026-10-09T10:01:09Z,STR-E-051F-A,0.08 € + 0.11 €/kWh
2026-10-09T10:01:09Z,STR-E-10G9-A,0.08 € + 0.11 €/kWh
2026-10-09T10:01:09Z,STR-E-10G9-B,0.08 € + 0.11 €/kWh
2026-10-09T10:01:09Z,STR-E-1ME5-A,0.08 € + 0.11 €/kWh
2026-10-09T10:01:09Z,STR-E-1ME5-B,0.08 € + 0.11 €/kWh
2026-10-09T10:01:09Z,STR-E-3YH3-A,0.08 € + 0.11 €/kWh
2026-10-09T10:01:09Z,STR-E-3YH3-B,0.08 € + 0.11 €/kWh
2026-10-09T10:01:09Z,STR-E-54PK-A,0.08 € + 0.11 €/kWh
2026-10-09T10:01:09Z,STR-E-54PK-B,0.08 € + 0.11 €/kWh
2026-10-09T10:01:09Z,STR-E-59TF-A,0.08 € + 0.11 €/kWh
2026-10-09T10:01:09Z,STR-E-7A48-A,0.08 € + 0.11 €/kWh
2026-10-09T10:01:09Z,STR-E-A27N-A,0.19 €/kWh
2026-10-09T10:01:09Z,STR-E-A27N-B,0.19 €/kWh
2026-10-09T10:01:09Z,STR-E-A27N-C,0.19 €/kWh
2026-10-09T10:01:09Z,STR-E-AF2O-A,0.08 € + 0.11 €/kWh
2026-10-09T10:01:09Z,STR-E-AWF1-A,0.08 € + 0.11 €/kWh
2026-10-09T10:01:09Z,STR-E-AWF1-B,0.08 € + 0.11 €/kWh
2026-10-09T10:01:09Z,STR-E-AWJ9-A,0.19 €/kWh
2026-10-09T10:01:09Z,STR-E-AWJ9-B,0.19 €/kWh
2026-10-09T10:01:09Z,STR-E-DBCC-A,0.08 € + 0.11 €/kWh
2026-10-09T10:01:09Z,STR-E-DBCC-B,0.08 € + 0.11 €/kWh
2026-10-09T10:01:09Z,STR-E-F2G0-A,0.08 € + 0.11 €/kWh
2026-10-09T10:01:09Z,STR-E-F2G0-B,0.08 € + 0.11 €/kWh
2026-10-09T10:01:09Z,STR-E-FUE8-A,0.08 € + 0.11 €/kWh
2026-10-09T10:01:09Z,STR-E-FUE8-B,0.08 € + 0.11 €/kWh
2026-10-09T10:01:09Z,STR-E-IIKL-A,0.08 € + 0.11 €/kWh
2026-10-09T10:01:09Z,STR-E-IIKL-B,0.08 € + 0.11 €/kWh
2026-10-09T10:01:09Z,STR-E-JG90-A,0.08 €/kWh + 0.3 €
2026-10-09T10:01:09Z,STR-E-JG90-B,0.08 €/kWh + 0.3 €
2026-10-09T10:01:09Z,STR-E-KUKS-A,0.08 € + 0.11 €/kWh
2026-10-09T10:01:09Z,STR-E-KUKS-B,0.08 € + 0.11 €/kWh
2026-10-09T10:01:09Z,STR-E-NCKT-A,0.08 € + 0.11 €/kWh
2026-10-09T10:01:09Z,STR-E-NCKT-B,0.08 € + 0.11 €/kWh
2026-10-09T10:01:09Z,STR-E-O5YW-A,0.08 € + 0.11 €/kWh
2026-10-09T10:01:09Z,STR-E-O5YW-B,0.08 € + 0.11 €/kWh
2026-10-09T10:01:09Z,STR-E-P7AF-A,0.08 € + 0.11 €/kWh
2026-10-09T10:01:09Z,STR-E-P7AF-B,0.08 € + 0.11 €/kWh
2026-10-09T10:01:09Z,STR-E-PJCQ-A,0.08 € + 0.11 €/kWh
2026-10-09T10:01:09Z,STR-E-PJCQ-B,0.08 € + 0.11 €/kWh
2026-10-09T10:01:09Z,STR-E-QE1X-A,0.08 € + 0.11 €/kWh
2026-10-09T10:01:09Z,STR-E-QE1X-B,0.08 € + 0.11 €/kWh
2026-10-09T10:01:09Z,STR-E-SQX8-A,0.08 € + 0.11 €/kWh
2026-10-09T10:01:09Z,STR-E-SQX8-B,0.08 € + 0.11 €/kWh
2026-10-09T10:01:09Z,STR-E-TX67-A,0.19 €/kWh
2026-10-09T10:01:09Z,STR-E-TX67-B,0.19 €/kWh
2026-10-09T10:01:09Z,STR-E-UPOS-A,0.08 € + 0.11 €/kWh
2026-10-09T10:01:09Z,STR-E-UPOS-B,0.08 € + 0.11 €/kWh
2026-10-09T10:01:09Z,STR-E-VSDJ-A,0.19 €/kWh
2026-10-09T10:01:09Z,STR-E-VSDJ-B,0.19 €/kWh
2026-10-09T10:01:09Z,STR-E-XCMJ-A,0.08 € + 0.11 €/kWh
2026-10-09T10:01:09Z,STR-E-XCMJ-B,0.08 € + 0.11 €/kWh
2026-10-09T10:01:09Z,STR-E-XG69-A,0.08 € + 0.11 €/kWh
2026-10-09T10:01:09Z,STR-E-XG69-B,0.08 € + 0.11 €/kWh
2026-10-09T10:01:09Z,STR-E-Z2PJ-A,0.08 € + 0.11 €/kWh
2026-10-09T10:01:09Z,STR-E-Z2PJ-B,0.08 € + 0.11 €/kWh
2026-10-09T10:01:09Z,STR-E-ZWU5-A,0.08 € + 0.11 €/kWh
2026-10-09T10:01:09Z,STR-E-ZWU5-B,0.08 € + 0.11 €/kWh
2026-10-09T10:16:23Z,IKR-E-1220-A,0.3 € + 0.31 €/kWh
2026-10-09T10:16:23Z,IKR-E-1871-A,0.3 € + 0.31 €/kWh
2026-10-09T10:16:23Z,IKR-E-2G8J-A,0.3 € + 0.31 €/kWh
2026-10-09T10:16:23Z,IKR-E-3TSR-A,0.3 € + 0.31 €/kWh
2026-10-09T10:16:23Z,IKR-E-5715-A,0.3 € + 0.31 €/kWh
2026-10-09T10:16:23Z,IKR-E-5730-A,0.3 € + 0.38 €/kWh
2026-10-09T10:16:23Z,IKR-E-5CGU-A,0.3 € + 0.31 €/kWh
2026-10-09T10:16:23Z,IKR-E-7718-A,0.3 € + 0.38 €/kWh
2026-10-09T10:16:23Z,IKR-E-DVCM-A,0.3 € + 0.31 €/kWh
2026-10-09T10:16:23Z,IKR-E-GAY9-A,0.3 € + 0.31 €/kWh
2026-10-09T10:16:23Z,IKR-E-IZW2-A,0.3 € + 0.31 €/kWh
2026-10-09T10:16:23Z,IKR-E-JJAJ-A,0.3 € + 0.31 €/kWh
2026-10-09T10:16:23Z,IKR-E-KMBH-A,0.3 € + 0.31 €/kWh
2026-10-09T10:16:23Z,IKR-E-LJZI-A,0.3 € + 0.31 €/kWh
2026-10-09T10:16:23Z,IKR-E-XIH2-A,0.3 € + 0.31 €/kWh
2026-10-09T10:16:23Z,IKR-P-IV7E-B,0.3 € + 0.31 €/kWh
2026-10-09T10:16:23Z,STR-E-04YS-A,0 € + 0.15 €/kWh
2026-10-09T10:16:23Z,STR-E-1X30-A,0 € + 0.15 €/kWh
2026-10-09T10:16:23Z,STR-E-2446-A,0 € + 0.15 €/kWh
2026-10-09T10:16:23Z,STR-E-2K1Q-A,0 € + 0.15 €/kWh
2026-10-09T10:16:23Z,STR-E-2XDJ-A,0 € + 0.15 €/kWh
2026-10-09T10:16:23Z,STR-E-3WE5-A,0 € + 0.15 €/kWh
2026-10-09T10:16:23Z,STR-E-491A-A,0.16 €/kWh
2026-10-09T10:16:23Z,STR-E-491A-B,0.16 €/kWh
2026-10-09T10:16:23Z,STR-E-491A-C,0.16 €/kWh
2026-10-09T10:16:23Z,STR-E-4DE6-A,0.16 €/kWh
2026-10-09T10:16:23Z,STR-E-4DE6-B,0.16 €/kWh
2026-10-09T10:16:23Z,STR-E-4YKC-A,0 € + 0.15 €/kWh
2026-10-09T10:16:23Z,STR-E-527U-A,0 € + 0.15 €/kWh
2026-10-09T10:16:23Z,STR-E-55I4-A,0 € + 0.15 €/kWh
2026-10-09T10:16:23Z,STR-E-566J-A,0 € + 0.15 €/kWh
2026-10-09T10:16:23Z,STR-E-6E7W-A,0 € + 0.15 €/kWh
2026-10-09T10:16:23Z,STR-E-6ZTQ-A,0 € + 0.15 €/kWh
2026-10-09T10:16:23Z,STR-E-7438-A,0 € + 0.15 €/kWh
2026-10-09T10:16:23Z,STR-E-7YBN-A,0 € + 0.15 €/kWh
2026-10-09T10:16:23Z,STR-E-8A02-A,0 € + 0.15 €/kWh
2026-10-09T10:16:23Z,STR-E-8Q9F-A,0 € + 0.15 €/kWh
2026-10-09T10:16:23Z,STR-E-9AH3-A,0 € + 0.15 €/kWh
2026-10-09T10:16:23Z,STR-E-A169-A,0 € + 0.15 €/kWh
2026-10-09T10:16:23Z,STR-E-ADXE-A,0 € + 0.15 €/kWh
2026-10-09T10:16:23Z,STR-E-AMQK-A,0 € + 0.15 €/kWh
2026-10-09T10:16:23Z,STR-E-AUQ2-A,0 € + 0.15 €/kWh
2026-10-09T10:16:23Z,STR-E-B36V-A,0.19 € + 0.24 €/kWh
2026-10-09T10:16:23Z,STR-E-B36V-B,0.19 € + 0.24 €/kWh
2026-10-09T10:16:23Z,STR-E-C99Z-A,0 € + 0.15 €/kWh
2026-10-09T10:16:23Z,STR-E-DHEJ-A,0 € + 0.15 €/kWh
2026-10-09T10:16:23Z,STR-E-ECI7-A,0 € + 0.15 €/kWh
2026-10-09T10:16:23Z,STR-E-EFXK-A,0 € + 0.15 €/kWh
2026-10-09T10:16:23Z,STR-E-EPQY-A,0 € + 0.15 €/kWh
2026-10-09T10:16:23Z,STR-E-ER2N-A,0 € + 0.15 €/kWh
2026-10-09T10:16:23Z,STR-E-ES3O-A,0 € + 0.15 €/kWh
2026-10-09T10:16:23Z,STR-E-FKUY-A,0 € + 0.15 €/kWh
2026-10-09T10:16:23Z,STR-E-GFB3-A,0 € + 0.15 €/kWh
2026-10-09T10:16:23Z,STR-E-GK0C-A,0 € + 0.15 €/kWh
2026-10-09T10:16:23Z,STR-E-HHXV-A,0 € + 0.15 €/kWh
2026-10-09T10:16:23Z,STR-E-I1KE-A,0 € + 0.15 €/kWh
2026-10-09T10:16:23Z,STR-E-IAO5-A,0 € + 0.15 €/kWh
2026-10-09T10:16:23Z,STR-E-IPEC-A,0 € + 0.15 €/kWh
2026-10-09T10:16:23Z,STR-E-IV6T-A,0 € + 0.15 €/kWh
2026-10-09T10:16:23Z,STR-E-J54N-A,0 € + 0.15 €/kWh
2026-10-09T10:16:23Z,STR-E-J6DA-A,0 € + 0.15 €/kWh
2026-10-09T10:16:23Z,STR-E-J8VF-A,0 € + 0.15 €/kWh
2026-10-09T10:16:23Z,STR-E-JMOR-A,0 € + 0.15 €/kWh
2026-10-09T10:16:23Z,STR-E-K217-A,0 € + 0.15 €/kWh
2026-10-09T10:16:23Z,STR-E-KOHN-A,0 € + 0.15 €/kWh
2026-10-09T10:16:23Z,STR-E-KT5B-A,0 € + 0.15 €/kWh
2026-10-09T10:16:23Z,STR-E-MIP3-A,0.16 €/kWh
2026-10-09T10:16:23Z,STR-E-MIP3-B,0.16 €/kWh
2026-10-09T10:16:23Z,STR-E-NDU2-A,0 € + 0.15 €/kWh
2026-10-09T10:16:23Z,STR-E-NDZ4-A,0 € + 0.15 €/kWh
2026-10-09T10:16:23Z,STR-E-NFV5-A,0 € + 0.15 €/kWh
2026-10-09T10:16:23Z,STR-E-NSGB-A,0 € + 0.15 €/kWh
2026-10-09T10:16:23Z,STR-E-O5JX-A,0 € + 0.15 €/kWh
2026-10-09T10:16:23Z,STR-E-OFWF-A,0 € + 0.15 €/kWh
2026-10-09T10:16:23Z,STR-E-OHH6-A,0 € + 0.15 €/kWh
2026-10-09T10:16:23Z,STR-E-P46N-A,0 € + 0.15 €/kWh
2026-10-09T10:16:23Z,STR-E-QLC9-A,0.16 €/kWh
2026-10-09T10:16:23Z,STR-E-QLC9-B,0.16 €/kWh
2026-10-09T10:16:23Z,STR-E-R8PQ-A,0 € + 0.15 €/kWh
2026-10-09T10:16:23Z,STR-E-S6VR-A,0 € + 0.15 €/kWh
2026-10-09T10:16:23Z,STR-E-SGC2-A,0 € + 0.15 €/kWh
2026-10-09T10:16:23Z,STR-E-U41O-A,0 € + 0.15 €/kWh
2026-10-09T10:16:23Z,STR-E-UPAQ-A,0.16 €/kWh
2026-10-09T10:16:23Z,STR-E-UPAQ-B,0.16 €/kWh
2026-10-09T10:16:23Z,STR-E-VJBJ-A,0 € + 0.15 €/kWh
2026-10-09T10:16:23Z,STR-E-VQ06-A,0 € + 0.15 €/kWh
2026-10-09T10:16:23Z,STR-E-VX2O-A,0 € + 0.15 €/kWh
2026-10-09T10:16:23Z,STR-E-WHZ1-A,0 € + 0.15 €/kWh
2026-10-09T10:16:23Z,STR-E-WLGM-A,0 € + 0.15 €/kWh
2026-10-09T10:16:23Z,STR-E-X54O-A,0 € + 0.15 €/kWh
2026-10-09T10:16:23Z,STR-E-XH51-A,0 € + 0.15 €/kWh
2026-10-09T10:16:23Z,STR-E-XRV8-A,0 € + 0.15 €/kWh
2026-10-09T10:16:23Z,STR-E-Y7JK-A,0 € + 0.15 €/kWh
2026-10-09T10:16:23Z,STR-E-Y82E-A,0 € + 0.15 €/kWh
2026-10-09T10:16:23Z,STR-E-ZEP7-A,0 € + 0.15 €/kWh
2026-10-09T10:16:23Z,STR-E-ZIAZ-A,0 € + 0.15 €/kWh
2026-10-09T10:16:23Z,STR-E-ZK9W-A,0 € + 0.15 €/kWh
2026-10-09T10:30:57Z,IKR-E-OWF5-A,0.3 € + 0.36 €/kWh
2026-10-09T10:30:57Z,IKR-P-SCM5-A,0.3 € + 0.36 €/kWh
2026-10-09T10:30:57Z,IKR-P-V9X4-A,0.3 € + 0.36 €/kWh
2026-10-09T10:30:57Z,IKR-P-V9X4-B,0.3 € + 0.36 €/kWh
2026-10-09T10:30:57Z,STR-E-027B-A,0.18 €/kWh + 0.23 €
2026-10-09T10:30:57Z,STR-E-027B-B,0.18 €/kWh + 0.23 €
2026-10-09T10:30:57Z,STR-E-02VO-A,0.2 €/kWh
2026-10-09T10:30:57Z,STR-E-02VO-B,0.2 €/kWh
2026-10-09T10:30:57Z,STR-E-04YS-A,0 € + 0.16 €/kWh
2026-10-09T10:30:57Z,STR-E-051F-A,0.08 € + 0.12 €/kWh
2026-10-09T10:30:57Z,STR-E-0698-A,0.08 €/kWh
2026-10-09T10:30:57Z,STR-E-0GEL-A,0.08 €/kWh
2026-10-09T10:30:57Z,STR-E-10G9-A,0.08 € + 0.12 €/kWh
2026-10-09T10:30:57Z,STR-E-10G9-B,0.08 € + 0.12 €/kWh
2026-10-09T10:30:57Z,STR-E-1162-A,0.08 €/kWh
2026-10-09T10:30:57Z,STR-E-11DT-A,0.08 €/kWh
2026-10-09T10:30:57Z,STR-E-1887-A,0.08 €/kWh
2026-10-09T10:30:57Z,STR-E-1927-A,0.08 €/kWh
2026-10-09T10:30:57Z,STR-E-1ME5-A,0.08 € + 0.12 €/kWh
2026-10-09T10:30:57Z,STR-E-1ME5-B,0.08 € + 0.12 €/kWh
2026-10-09T10:30:57Z,STR-E-1MHB-A,0.28 €/kWh
2026-10-09T10:30:57Z,STR-E-1MJQ-A,0.08 €/kWh
2026-10-09T10:30:57Z,STR-E-1X30-A,0 € + 0.16 €/kWh
2026-10-09T10:30:57Z,STR-E-21O1-A,0.18 €/kWh
2026-10-09T10:30:57Z,STR-E-21O1-B,0.18 €/kWh
2026-10-09T10:30:57Z,STR-E-2446-A,0 € + 0.16 €/kWh
2026-10-09T10:30:57Z,STR-E-2D12-A,0.08 €/kWh
2026-10-09T10:30:57Z,STR-E-2ED4-A,0.08 €/kWh
2026-10-09T10:30:57Z,STR-E-2K1Q-A,0 € + 0.16 €/kWh
2026-10-09T10:30:57Z,STR-E-2XDJ-A,0 € + 0.16 €/kWh
2026-10-09T10:30:57Z,STR-E-320G-A,0.08 €/kWh
2026-10-09T10:30:57Z,STR-E-3468-A,0.18 €/kWh
2026-10-09T10:30:57Z,STR-E-3468-B,0.18 €/kWh
2026-10-09T10:30:57Z,STR-E-3ENA-A,0.18 €/kWh
2026-10-09T10:30:57Z,STR-E-3ENA-B,0.18 €/kWh
2026-10-09T10:30:57Z,STR-E-3ENA-C,0.18 €/kWh
2026-10-09T10:30:57Z,STR-E-3FMF-A,0.18 €/kWh + 0.23 €
2026-10-09T10:30:57Z,STR-E-3FMF-B,0.18 €/kWh + 0.23 €
2026-10-09T10:30:57Z,STR-E-3PZS-A,0.08 €/kWh
2026-10-09T10:30:57Z,STR-E-3SXI-A,0.18 €/kWh
2026-10-09T10:30:57Z,STR-E-3SXI-B,0.18 €/kWh
2026-10-09T10:30:57Z,STR-E-3TZI-A,0.08 €/kWh
2026-10-09T10:30:57Z,STR-E-3WE5-A,0 € + 0.16 €/kWh
2026-10-09T10:30:57Z,STR-E-3YH3-A,0.08 € + 0.12 €/kWh
2026-10-09T10:30:57Z,STR-E-3YH3-B,0.08 € + 0.12 €/kWh
2026-10-09T10:30:57Z,STR-E-4156-A,0.24 €/kWh
2026-10-09T10:30:57Z,STR-E-4156-B,0.24 €/kWh
2026-10-09T10:30:57Z,STR-E-491A-A,0.17 €/kWh
2026-10-09T10:30:57Z,STR-E-491A-B,0.17 €/kWh
2026-10-09T10:30:57Z,STR-E-491A-C,0.17 €/kWh
2026-10-09T10:30:57Z,STR-E-4DE6-A,0.17 €/kWh
2026-10-09T10:30:57Z,STR-E-4DE6-B,0.17 €/kWh
2026-10-09T10:30:57Z,STR-E-4LRS-A,0.08 €/kWh
2026-10-09T10:30:57Z,STR-E-4UGU-A,0.08 €/kWh
2026-10-09T10:30:57Z,STR-E-4YKC-A,0 € + 0.16 €/kWh
2026-10-09T10:30:57Z,STR-E-527U-A,0 € + 0.16 €/kWh
2026-10-09T10:30:57Z,STR-E-54PK-A,0.08 € + 0.12 €/kWh
2026-10-09T10:30:57Z,STR-E-54PK-B,0.08 € + 0.12 €/kWh
2026-10-09T10:30:57Z,STR-E-55I4-A,0 € + 0.16 €/kWh
2026-10-09T10:30:57Z,STR-E-566J-A,0 € + 0.16 €/kWh
2026-10-09T10:30:57Z,STR-E-59TF-A,0.08 € + 0.12 €/kWh
2026-10-09T10:30:57Z,STR-E-5DWB-A,0.08 €/kWh
2026-10-09T10:30:57Z,STR-E-5TI5-A,0.08 €/kWh
2026-10-09T10:30:57Z,STR-E-69PN-A,0.08 €/kWh
2026-10-09T10:30:57Z,STR-E-6CNG-A,0.08 €/kWh
2026-10-09T10:30:57Z,STR-E-6E7W-A,0 € + 0.16 €/kWh
2026-10-09T10:30:57Z,STR-E-6SQH-A,0.08 €/kWh
2026-10-09T10:30:57Z,STR-E-6UZQ-A,0.18 €/kWh
2026-10-09T10:30:57Z,STR-E-6UZQ-B,0.18 €/kWh
2026-10-09T10:30:57Z,STR-E-6ZTQ-A,0 € + 0.16 €/kWh
2026-10-09T10:30:57Z,STR-E-7438-A,0 € + 0.16 €/kWh
2026-10-09T10:30:57Z,STR-E-7A48-A,0.08 € + 0.12 €/kWh
2026-10-09T10:30:57Z,STR-E-7YBN-A,0 € + 0.16 €/kWh
2026-10-09T10:30:57Z,STR-E-86C0-A,0.08 €/kWh
2026-10-09T10:30:57Z,STR-E-88SA-A,0.08 €/kWh
2026-10-09T10:30:57Z,STR-E-8A02-A,0 € + 0.16 €/kWh
2026-10-09T10:30:57Z,STR-E-8M2O-A,0.08 €/kWh
2026-10-09T10:30:57Z,STR-E-8Q9F-A,0 € + 0.16 €/kWh
2026-10-09T10:30:57Z,STR-E-8XL5-A,0.08 €/kWh
2026-10-09T10:30:57Z,STR-E-8Y23-A,0.08 €/kWh
2026-10-09T10:30:57Z,STR-E-92KW-A,0.18 €/kWh + 0.23 €
2026-10-09T10:30:57Z,STR-E-9AH3-A,0 € + 0.16 €/kWh
2026-10-09T10:30:57Z,STR-E-9I2R-A,0.08 €/kWh
2026-10-09T10:30:57Z,STR-E-9TUZ-A,0.08 €/kWh
2026-10-09T10:30:57Z,STR-E-9WY2-A,0.08 €/kWh
2026-10-09T10:30:57Z,STR-E-A169-A,0 € + 0.16 €/kWh
2026-10-09T10:30:57Z,STR-E-A27N-A,0.2 €/kWh
2026-10-09T10:30:57Z,STR-E-A27N-B,0.2 €/kWh
2026-10-09T10:30:57Z,STR-E-A27N-C,0.2 €/kWh
2026-10-09T10:30:57Z,STR-E-A442-A,0.08 €/kWh
2026-10-09T10:30:57Z,STR-E-AABG-A,0.08 €/kWh
2026-10-09T10:30:57Z,STR-E-ACMT-A,0.08 €/kWh
2026-10-09T10:30:57Z,STR-E-ADXE-A,0 € + 0.16 €/kWh
2026-10-09T10:30:57Z,STR-E-AF2O-A,0.08 € + 0.12 €/kWh
2026-10-09T10:30:57Z,STR-E-AMQK-A,0 € + 0.16 €/kWh
2026-10-09T10:30:57Z,STR-E-ANJ0-A,0.18 €/kWh + 0.23 €
2026-10-09T10:30:57Z,STR-E-ANJ0-B,0.18 €/kWh + 0.23 €
2026-10-09T10:30:57Z,STR-E-AP96-A,0.18 €/kWh + 0.23 €
2026-10-09T10:30:57Z,STR-E-AP96-B,0.18 €/kWh + 0.23 €
2026-10-09T10:30:57Z,STR-E-AUQ2-A,0 € + 0.16 €/kWh
2026-10-09T10:30:57Z,STR-E-AWF1-A,0.08 € + 0.12 €/kWh
2026-10-09T10:30:57Z,STR-E-AWF1-B,0.08 € + 0.12 €/kWh
2026-10-09T10:30:57Z,STR-E-AWJ9-A,0.2 €/kWh
2026-10-09T10:30:57Z,STR-E-AWJ9-B,0.2 €/kWh
2026-10-09T10:30:57Z,STR-E-B36V-A,0.19 € + 0.25 €/kWh
2026-10-09T10:30:57Z,STR-E-B36V-B,0.19 € + 0.25 €/kWh
2026-10-09T10:30:57Z,STR-E-BIKW-A,0.18 €/kWh + 0.23 €
2026-10-09T10:30:57Z,STR-E-BIKW-B,0.18 €/kWh + 0.23 €
2026-10-09T10:30:57Z,STR-E-BXA5-A,0.08 €/kWh
2026-10-09T10:30:57Z,STR-E-C91L-A,0.08 €/kWh
2026-10-09T10:30:57Z,STR-E-C99Z-A,0 € + 0.16 €/kWh
2026-10-09T10:30:57Z,STR-E-D3MB-A,0.18 €/kWh + 0.23 €
2026-10-09T10:30:57Z,STR-E-D3MB-B,0.18 €/kWh + 0.23 €
2026-10-09T10:30:57Z,STR-E-DBCC-A,0.08 € + 0.12 €/kWh
2026-10-09T10:30:57Z,STR-E-DBCC-B,0.08 € + 0.12 €/kWh
2026-10-09T10:30:57Z,STR-E-DHEJ-A,0 € + 0.16 €/kWh
2026-10-09T10:30:57Z,STR-E-E0DZ-A,0.18 €/kWh
2026-10-09T10:30:57Z,STR-E-E0DZ-B,0.18 €/kWh
2026-10-09T10:30:57Z,STR-E-E7HH-A,0.08 €/kWh
2026-10-09T10:30:57Z,STR-E-ECI7-A,0 € + 0.16 €/kWh
2026-10-09T10:30:57Z,STR-E-EFXK-A,0 € + 0.16 €/kWh
2026-10-09T10:30:57Z,STR-E-ELFQ-A,0.18 €/kWh + 0.23 €
2026-10-09T10:30:57Z,STR-E-ELFQ-B,0.18 €/kWh + 0.23 €
2026-10-09T10:30:57Z,STR-E-EPQY-A,0 € + 0.16 €/kWh
2026-10-09T10:30:57Z,STR-E-ER2N-A,0 € + 0.16 €/kWh
2026-10-09T10:30:57Z,STR-E-ES3O-A,0 € + 0.16 €/kWh
2026-10-09T10:30:57Z,STR-E-EU1U-A,0.08 €/kWh
2026-10-09T10:30:57Z,STR-E-F2G0-A,0.08 € + 0.12 €/kWh
2026-10-09T10:30:57Z,STR-E-F2G0-B,0.08 € + 0.12 €/kWh
2026-10-09T10:30:57Z,STR-E-F4B3-A,0.08 €/kWh
2026-10-09T10:30:57Z,STR-E-F5LZ-A,0.08 €/kWh
2026-10-09T10:30:57Z,STR-E-F79A-A,0.18 €/kWh + 0.23 €
2026-10-09T10:30:57Z,STR-E-F79A-B,0.18 €/kWh + 0.23 €
2026-10-09T10:30:57Z,STR-E-FGMF-A,0.08 €/kWh
2026-10-09T10:30:57Z,STR-E-FK06-A,0.08 €/kWh
2026-10-09T10:30:57Z,STR-E-FKUY-A,0 € + 0.16 €/kWh
2026-10-09T10:30:57Z,STR-E-FUE8-A,0.08 € + 0.12 €/kWh
2026-10-09T10:30:57Z,STR-E-FUE8-B,0.08 € + 0.12 €/kWh
2026-10-09T10:30:57Z,STR-E-G4VM-A,0.08 €/kWh
2026-10-09T10:30:57Z,STR-E-G518-A,0.08 €/kWh
2026-10-09T10:30:57Z,STR-E-GB9A-A,0.08 €/kWh
2026-10-09T10:30:57Z,STR-E-GFB3-A,0 € + 0.16 €/kWh
2026-10-09T10:30:57Z,STR-E-GGV8-A,0.08 €/kWh
2026-10-09T10:30:57Z,STR-E-GHJA-A,0.08 €/kWh
2026-10-09T10:30:57Z,STR-E-GK0C-A,0 € + 0.16 €/kWh
2026-10-09T10:30:57Z,STR-E-GR5K-A,0.08 €/kWh
2026-10-09T10:30:57Z,STR-E-H6Q5-A,0.08 €/kWh
2026-10-09T10:30:57Z,STR-E-HHXV-A,0 € + 0.16 €/kWh
2026-10-09T10:30:57Z,STR-E-I1KE-A,0 € + 0.16 €/kWh
2026-10-09T10:30:57Z,STR-E-I4UZ-A,0.08 €/kWh
2026-10-09T10:30:57Z,STR-E-I5FH-A,0.08 €/kWh
2026-10-09T10:30:57Z,STR-E-I8C6-A,0.08 €/kWh
2026-10-09T10:30:57Z,STR-E-IA3X-A,0.08 €/kWh
2026-10-09T10:30:57Z,STR-E-IAO5-A,0 € + 0.16 €/kWh
2026-10-09T10:30:57Z,STR-E-IGH5-A,0.18 €/kWh + 0.23 €
2026-10-09T10:30:57Z,STR-E-IGH5-B,0.18 €/kWh + 0.23 €
2026-10-09T10:30:57Z,STR-E-IIKL-A,0.08 € + 0.12 €/kWh
2026-10-09T10:30:57Z,STR-E-IIKL-B,0.08 € + 0.12 €/kWh
2026-10-09T10:30:57Z,STR-E-IPEC-A,0 € + 0.16 €/kWh
2026-10-09T10:30:57Z,STR-E-IV6T-A,0 € + 0.16 €/kWh
2026-10-09T10:30:57Z,STR-E-J54N-A,0 € + 0.16 €/kWh
2026-10-09T10:30:57Z,STR-E-J6DA-A,0 € + 0.16 €/kWh
2026-10-09T10:30:57Z,STR-E-J8VF-A,0 € + 0.16 €/kWh
2026-10-09T10:30:57Z,STR-E-JG90-A,0.09 €/kWh + 0.3 €
2026-10-09T10:30:57Z,STR-E-JG90-B,0.09 €/kWh + 0.3 €
2026-10-09T10:30:57Z,STR-E-JMOR-A,0 € + 0.16 €/kWh
2026-10-09T10:30:57Z,STR-E-JVO0-A,0.08 €/kWh
2026-10-09T10:30:57Z,STR-E-K217-A,0 € + 0.16 €/kWh
2026-10-09T10:30:57Z,STR-E-K73C-A,0.18 €/kWh + 0.23 €
2026-10-09T10:30:57Z,STR-E-K73C-B,0.18 €/kWh + 0.23 €
2026-10-09T10:30:57Z,STR-E-KBZL-A,0.08 €/kWh
2026-10-09T10:30:57Z,STR-E-KOHN-A,0 € + 0.16 €/kWh
2026-10-09T10:30:57Z,STR-E-KT5B-A,0 € + 0.16 €/kWh
2026-10-09T10:30:57Z,STR-E-KUKS-A,0.08 € + 0.12 €/kWh
2026-10-09T10:30:57Z,STR-E-KUKS-B,0.08 € + 0.12 €/kWh
2026-10-09T10:30:57Z,STR-E-L84D-A,0.08 €/kWh
2026-10-09T10:30:57Z,STR-E-LISV-A,0.08 €/kWh
2026-10-09T10:30:57Z,STR-E-LKFQ-A,0.08 €/kWh
2026-10-09T10:30:57Z,STR-E-LREY-A,0.28 €/kWh
2026-10-09T10:30:57Z,STR-E-M1IB-A,0.08 €/kWh
2026-10-09T10:30:57Z,STR-E-M8WL-A,0.08 €/kWh
2026-10-09T10:30:57Z,STR-E-M9W7-A,0.08 €/kWh
2026-10-09T10:30:57Z,STR-E-MIP3-A,0.17 €/kWh
2026-10-09T10:30:57Z,STR-E-MIP3-B,0.17 €/kWh
2026-10-09T10:30:57Z,STR-E-MSEN-A,0.08 €/kWh
2026-10-09T10:30:57Z,STR-E-MSUL-A,0.08 €/kWh
2026-10-09T10:30:57Z,STR-E-N6P5-A,0.08 €/kWh
2026-10-09T10:30:57Z,STR-E-NCKT-A,0.08 € + 0.12 €/kWh
2026-10-09T10:30:57Z,STR-E-NCKT-B,0.08 € + 0.12 €/kWh
2026-10-09T10:30:57Z,STR-E-NDU2-A,0 € + 0.16 €/kWh
2026-10-09T10:30:57Z,STR-E-NDZ4-A,0 € + 0.16 €/kWh
2026-10-09T10:30:57Z,STR-E-NFV5-A,0 € + 0.16 €/kWh
2026-10-09T10:30:57Z,STR-E-NNGC-A,0.08 €/kWh
2026-10-09T10:30:57Z,STR-E-NSGB-A,0 € + 0.16 €/kWh
2026-10-09T10:30:57Z,STR-E-O0VK-A,0.08 €/kWh
2026-10-09T10:30:57Z,STR-E-O5JX-A,0 € + 0.16 €/kWh
2026-10-09T10:30:57Z,STR-E-O5YW-A,0.08 € + 0.12 €/kWh
2026-10-09T10:30:57Z,STR-E-O5YW-B,0.08 € + 0.12 €/kWh
2026-10-09T10:30:57Z,STR-E-OFWF-A,0 € + 0.16 €/kWh
2026-10-09T10:30:57Z,STR-E-OG1X-A,0.08 €/kWh
2026-10-09T10:30:57Z,STR-E-OHH6-A,0 € + 0.16 €/kWh
2026-10-09T10:30:57Z,STR-E-OJ3E-A,0.18 €/kWh + 0.23 €
2026-10-09T10:30:57Z,STR-E-OJ3E-B,0.18 €/kWh + 0.23 €
2026-10-09T10:30:57Z,STR-E-OQKZ-A,0.08 €/kWh
2026-10-09T10:30:57Z,STR-E-P46N-A,0 € + 0.16 €/kWh
2026-10-09T10:30:57Z,STR-E-P7AF-A,0.08 € + 0.12 €/kWh
2026-10-09T10:30:57Z,STR-E-P7AF-B,0.08 € + 0.12 €/kWh
2026-10-09T10:30:57Z,STR-E-PC04-A,0.08 €/kWh
2026-10-09T10:30:57Z,STR-E-PDR2-A,0.08 €/kWh
2026-10-09T10:30:57Z,STR-E-PJCQ-A,0.08 € + 0.12 €/kWh
2026-10-09T10:30:57Z,STR-E-PJCQ-B,0.08 € + 0.12 €/kWh
2026-10-09T10:30:57Z,STR-E-PM3P-A,0.18 €/kWh + 0.23 €
2026-10-09T10:30:57Z,STR-E-PM3P-B,0.18 €/kWh + 0.23 €
2026-10-09T10:30:57Z,STR-E-PRUQ-A,0.08 €/kWh
2026-10-09T10:30:57Z,STR-E-PSU9-A,0.08 €/kWh
2026-10-09T10:30:57Z,STR-E-PZ9U-A,0.08 €/kWh
2026-10-09T10:30:57Z,STR-E-PZES-A,0.08 €/kWh
2026-10-09T10:30:57Z,STR-E-Q5YF-A,0.18 €/kWh + 0.23 €
2026-10-09T10:30:57Z,STR-E-Q5YF-B,0.18 €/kWh + 0.23 €
2026-10-09T10:30:57Z,STR-E-Q7LB-A,0.18 €/kWh + 0.23 €
2026-10-09T10:30:57Z,STR-E-Q7LB-B,0.18 €/kWh + 0.23 €
2026-10-09T10:30:57Z,STR-E-QE1X-A,0.08 € + 0.12 €/kWh
2026-10-09T10:30:57Z,STR-E-QE1X-B,0.08 € + 0.12 €/kWh
2026-10-09T10:30:57Z,STR-E-QEDL-A,0.08 €/kWh
2026-10-09T10:30:57Z,STR-E-QIQM-A,0.08 €/kWh
2026-10-09T10:30:57Z,STR-E-QLC9-A,0.17 €/kWh
2026-10-09T10:30:57Z,STR-E-QLC9-B,0.17 €/kWh
2026-10-09T10:30:57Z,STR-E-R0J8-A,0.08 €/kWh
2026-10-09T10:30:57Z,STR-E-R1MT-A,0.18 €/kWh + 0.23 €
2026-10-09T10:30:57Z,STR-E-R1MT-B,0.18 €/kWh + 0.23 €
2026-10-09T10:30:57Z,STR-E-R1PI-A,0.18 €/kWh + 0.23 €
2026-10-09T10:30:57Z,STR-E-R1PI-B,0.18 €/kWh + 0.23 €
2026-10-09T10:30:57Z,STR-E-R2LK-A,0.18 €/kWh + 0.23 €
2026-10-09T10:30:57Z,STR-E-R2LK-B,0.18 €/kWh + 0.23 €
2026-10-09T10:30:57Z,STR-E-R8PQ-A,0 € + 0.16 €/kWh
2026-10-09T10:30:57Z,STR-E-R9GA-A,0.08 €/kWh
2026-10-09T10:30:57Z,STR-E-RJH9-A,0.08 €/kWh
2026-10-09T10:30:57Z,STR-E-RKWJ-A,0.08 €/kWh
2026-10-09T10:30:57Z,STR-E-S42D-A,0.08 €/kWh
2026-10-09T10:30:57Z,STR-E-S6VR-A,0 € + 0.16 €/kWh
2026-10-09T10:30:57Z,STR-E-S7YR-A,0.18 €/kWh + 0.23 €
2026-10-09T10:30:57Z,STR-E-S7YR-B,0.18 €/kWh + 0.23 €
2026-10-09T10:30:57Z,STR-E-SGC2-A,0 € + 0.16 €/kWh
2026-10-09T10:30:57Z,STR-E-SJKA-A,0.08 €/kWh
2026-10-09T10:30:57Z,STR-E-SQX8-A,0.08 € + 0.12 €/kWh
2026-10-09T10:30:57Z,STR-E-SQX8-B,0.08 € + 0.12 €/kWh
2026-10-09T10:30:57Z,STR-E-SVR3-A,0.18 €/kWh + 0.23 €
2026-10-09T10:30:57Z,STR-E-SVR3-B,0.18 €/kWh + 0.23 €
2026-10-09T10:30:57Z,STR-E-SY9Y-A,0.08 €/kWh
2026-10-09T10:30:57Z,STR-E-TO2O-A,0.08 €/kWh
2026-10-09T10:30:57Z,STR-E-TX67-A,0.2 €/kWh
2026-10-09T10:30:57Z,STR-E-TX67-B,0.2 €/kWh
2026-10-09T10:30:57Z,STR-E-U41O-A,0 € + 0.16 €/kWh
2026-10-09T10:30:57Z,STR-E-U5TP-A,0.08 €/kWh
2026-10-09T10:30:57Z,STR-E-UPAQ-A,0.17 €/kWh
2026-10-09T10:30:57Z,STR-E-UPAQ-B,0.17 €/kWh
2026-10-09T10:30:57Z,STR-E-UPOS-A,0.08 € + 0.12 €/kWh
2026-10-09T10:30:57Z,STR-E-UPOS-B,0.08 € + 0.12 €/kWh
2026-10-09T10:30:57Z,STR-E-UY5H-A,0.08 €/kWh
2026-10-09T10:30:57Z,STR-E-V17G-A,0.08 €/kWh
2026-10-09T10:30:57Z,STR-E-V31J-A,0.08 €/kWh
2026-10-09T10:30:57Z,STR-E-V50T-A,0.08 €/kWh
2026-10-09T10:30:57Z,STR-E-V9SD-A,0.08 €/kWh
2026-10-09T10:30:57Z,STR-E-V9ZR-A,0.08 €/kWh
2026-10-09T10:30:57Z,STR-E-VBMP-A,0.08 €/kWh
2026-10-09T10:30:57Z,STR-E-VJBJ-A,0 € + 0.16 €/kWh
2026-10-09T10:30:57Z,STR-E-VPDB-A,0.08 €/kWh
2026-10-09T10:30:57Z,STR-E-VQ06-A,0 € + 0.16 €/kWh
2026-10-09T10:30:57Z,STR-E-VSDJ-A,0.2 €/kWh
2026-10-09T10:30:57Z,STR-E-VSDJ-B,0.2 €/kWh
2026-10-09T10:30:57Z,STR-E-VT0G-A,0.08 €/kWh
2026-10-09T10:30:57Z,STR-E-VX2O-A,0 € + 0.16 €/kWh
2026-10-09T10:30:57Z,STR-E-VXGH-A,0.08 €/kWh
2026-10-09T10:30:57Z,STR-E-W1X4-A,0.08 €/kWh
2026-10-09T10:30:57Z,STR-E-WEE3-A,0.18 €/kWh + 0.23 €
2026-10-09T10:30:57Z,STR-E-WEE3-B,0.18 €/kWh + 0.23 €
2026-10-09T10:30:57Z,STR-E-WHZ1-A,0 € + 0.16 €/kWh
2026-10-09T10:30:57Z,STR-E-WLGM-A,0 € + 0.16 €/kWh
2026-10-09T10:30:57Z,STR-E-WTQ5-A,0.18 €/kWh
2026-10-09T10:30:57Z,STR-E-WXV8-A,0.08 €/kWh
2026-10-09T10:30:57Z,STR-E-WYFE-A,0.18 €/kWh
2026-10-09T10:30:57Z,STR-E-WYFE-B,0.18 €/kWh
2026-10-09T10:30:57Z,STR-E-WYYC-A,0.18 €/kWh + 0.23 €
2026-10-09T10:30:57Z,STR-E-WYYC-B,0.18 €/kWh + 0.23 €
2026-10-09T10:30:57Z,STR-E-WZW9-A,0.08 €/kWh
2026-10-09T10:30:57Z,STR-E-X525-A,0.08 €/kWh
2026-10-09T10:30:57Z,STR-E-X54O-A,0 € + 0.16 €/kWh
2026-10-09T10:30:57Z,STR-E-XCMJ-A,0.08 € + 0.12 €/kWh
2026-10-09T10:30:57Z,STR-E-XCMJ-B,0.08 € + 0.12 €/kWh
2026-10-09T10:30:57Z,STR-E-XFON-A,0.08 €/kWh
2026-10-09T10:30:57Z,STR-E-XG69-A,0.08 € + 0.12 €/kWh
2026-10-09T10:30:57Z,STR-E-XG69-B,0.08 € + 0.12 €/kWh
2026-10-09T10:30:57Z,STR-E-XH51-A,0 € + 0.16 €/kWh
2026-10-09T10:30:57Z,STR-E-XKW2-A,0.18 €/kWh + 0.23 €
2026-10-09T10:30:57Z,STR-E-XKW2-B,0.18 €/kWh + 0.23 €
2026-10-09T10:30:57Z,STR-E-XRV8-A,0 € + 0.16 €/kWh
2026-10-09T10:30:57Z,STR-E-Y7JK-A,0 € + 0.16 €/kWh
2026-10-09T10:30:57Z,STR-E-Y82E-A,0 € + 0.16 €/kWh
2026-10-09T10:30:57Z,STR-E-YC50-A,0.08 €/kWh
2026-10-09T10:30:57Z,STR-E-Z2PJ-A,0.08 € + 0.12 €/kWh
2026-10-09T10:30:57Z,STR-E-Z2PJ-B,0.08 € + 0.12 €/kWh
2026-10-09T10:30:57Z,STR-E-ZA6O-A,0.08 €/kWh
2026-10-09T10:30:57Z,STR-E-ZEP7-A,0 € + 0.16 €/kWh
2026-10-09T10:30:57Z,STR-E-ZIAZ-A,0 € + 0.16 €/kWh
2026-10-09T10:30:57Z,STR-E-ZK9W-A,0 € + 0.16 €/kWh
2026-10-09T10:30:57Z,STR-E-ZS00-A,0.18 €/kWh + 0.23 €
2026-10-09T10:30:57Z,STR-E-ZS00-B,0.18 €/kWh + 0.23 €
2026-10-09T10:30:57Z,STR-E-ZWU5-A,0.08 € + 0.12 €/kWh
2026-10-09T10:30:57Z,STR-E-ZWU5-B,0.08 € + 0.12 €/kWh
2026-10-09T11:02:22Z,STR-E-027B-A,0.17 €/kWh + 0.23 €
2026-10-09T11:02:22Z,STR-E-027B-B,0.17 €/kWh + 0.23 €
2026-10-09T11:02:22Z,STR-E-02VO-A,0.19 €/kWh
2026-10-09T11:02:22Z,STR-E-02VO-B,0.19 €/kWh
2026-10-09T11:02:22Z,STR-E-051F-A,0.08 € + 0.11 €/kWh
2026-10-09T11:02:22Z,STR-E-0698-A,0.07 €/kWh
2026-10-09T11:02:22Z,STR-E-0GEL-A,0.07 €/kWh
2026-10-09T11:02:22Z,STR-E-10G9-A,0.08 € + 0.11 €/kWh
2026-10-09T11:02:22Z,STR-E-10G9-B,0.08 € + 0.11 €/kWh
2026-10-09T11:02:22Z,STR-E-1162-A,0.07 €/kWh
2026-10-09T11:02:22Z,STR-E-11DT-A,0.07 €/kWh
2026-10-09T11:02:22Z,STR-E-1887-A,0.07 €/kWh
2026-10-09T11:02:22Z,STR-E-1927-A,0.07 €/kWh
2026-10-09T11:02:22Z,STR-E-1ME5-A,0.08 € + 0.11 €/kWh
2026-10-09T11:02:22Z,STR-E-1ME5-B,0.08 € + 0.11 €/kWh
2026-10-09T11:02:22Z,STR-E-1MHB-A,0.27 €/kWh
2026-10-09T11:02:22Z,STR-E-1MJQ-A,0.07 €/kWh
2026-10-09T11:02:22Z,STR-E-21O1-A,0.17 €/kWh
2026-10-09T11:02:22Z,STR-E-21O1-B,0.17 €/kWh
2026-10-09T11:02:22Z,STR-E-2D12-A,0.07 €/kWh
2026-10-09T11:02:22Z,STR-E-2ED4-A,0.07 €/kWh
2026-10-09T11:02:22Z,STR-E-320G-A,0.07 €/kWh
2026-10-09T11:02:22Z,STR-E-3468-A,0.17 €/kWh
2026-10-09T11:02:22Z,STR-E-3468-B,0.17 €/kWh
2026-10-09T11:02:22Z,STR-E-3ENA-A,0.17 €/kWh
2026-10-09T11:02:22Z,STR-E-3ENA-B,0.17 €/kWh
2026-10-09T11:02:22Z,STR-E-3ENA-C,0.17 €/kWh
2026-10-09T11:02:22Z,STR-E-3FMF-A,0.17 €/kWh + 0.23 €
2026-10-09T11:02:22Z,STR-E-3FMF-B,0.17 €/kWh + 0.23 €
2026-10-09T11:02:22Z,STR-E-3PZS-A,0.07 €/kWh
2026-10-09T11:02:22Z,STR-E-3SXI-A,0.17 €/kWh
2026-10-09T11:02:22Z,STR-E-3SXI-B,0.17 €/kWh
2026-10-09T11:02:22Z,STR-E-3TZI-A,0.07 €/kWh
2026-10-09T11:02:22Z,STR-E-3YH3-A,0.08 € + 0.11 €/kWh
2026-10-09T11:02:22Z,STR-E-3YH3-B,0.08 € + 0.11 €/kWh
2026-10-09T11:02:22Z,STR-E-4156-A,0.23 €/kWh
2026-10-09T11:02:22Z,STR-E-4156-B,0.23 €/kWh
2026-10-09T11:02:22Z,STR-E-491A-A,0.16 €/kWh
2026-10-09T11:02:22Z,STR-E-491A-B,0.16 €/kWh
2026-10-09T11:02:22Z,STR-E-491A-C,0.16 €/kWh
2026-10-09T11:02:22Z,STR-E-4DE6-A,0.16 €/kWh
2026-10-09T11:02:22Z,STR-E-4DE6-B,0.16 €/kWh
2026-10-09T11:02:22Z,STR-E-4LRS-A,0.07 €/kWh
2026-10-09T11:02:22Z,STR-E-4UGU-A,0.07 €/kWh
2026-10-09T11:02:22Z,STR-E-54PK-A,0.08 € + 0.11 €/kWh
2026-10-09T11:02:22Z,STR-E-54PK-B,0.08 € + 0.11 €/kWh
2026-10-09T11:02:22Z,STR-E-59TF-A,0.08 € + 0.11 €/kWh
2026-10-09T11:02:22Z,STR-E-5DWB-A,0.07 €/kWh
2026-10-09T11:02:22Z,STR-E-5TI5-A,0.07 €/kWh
2026-10-09T11:02:22Z,STR-E-69PN-A,0.07 €/kWh
2026-10-09T11:02:22Z,STR-E-6CNG-A,0.07 €/kWh
2026-10-09T11:02:22Z,STR-E-6SQH-A,0.07 €/kWh
2026-10-09T11:02:22Z,STR-E-6UZQ-A,0.17 €/kWh
2026-10-09T11:02:22Z,STR-E-6UZQ-B,0.17 €/kWh
2026-10-09T11:02:22Z,STR-E-7A48-A,0.08 € + 0.11 €/kWh
2026-10-09T11:02:22Z,STR-E-86C0-A,0.07 €/kWh
2026-10-09T11:02:22Z,STR-E-88SA-A,0.07 €/kWh
2026-10-09T11:02:22Z,STR-E-8M2O-A,0.07 €/kWh
2026-10-09T11:02:22Z,STR-E-8XL5-A,0.07 €/kWh
2026-10-09T11:02:22Z,STR-E-8Y23-A,0.07 €/kWh
2026-10-09T11:02:22Z,STR-E-92KW-A,0.17 €/kWh + 0.23 €
2026-10-09T11:02:22Z,STR-E-9I2R-A,0.07 €/kWh
2026-10-09T11:02:22Z,STR-E-9TUZ-A,0.07 €/kWh
2026-10-09T11:02:22Z,STR-E-9WY2-A,0.07 €/kWh
2026-10-09T11:02:22Z,STR-E-A27N-A,0.19 €/kWh
2026-10-09T11:02:22Z,STR-E-A27N-B,0.19 €/kWh
2026-10-09T11:02:22Z,STR-E-A27N-C,0.19 €/kWh
2026-10-09T11:02:22Z,STR-E-A442-A,0.07 €/kWh
2026-10-09T11:02:22Z,STR-E-AABG-A,0.07 €/kWh
2026-10-09T11:02:22Z,STR-E-ACMT-A,0.07 €/kWh
2026-10-09T11:02:22Z,STR-E-AF2O-A,0.08 € + 0.11 €/kWh
2026-10-09T11:02:22Z,STR-E-ANJ0-A,0.17 €/kWh + 0.23 €
2026-10-09T11:02:22Z,STR-E-ANJ0-B,0.17 €/kWh + 0.23 €
2026-10-09T11:02:22Z,STR-E-AP96-A,0.17 €/kWh + 0.23 €
2026-10-09T11:02:22Z,STR-E-AP96-B,0.17 €/kWh + 0.23 €
2026-10-09T11:02:22Z,STR-E-AWF1-A,0.08 € + 0.11 €/kWh
2026-10-09T11:02:22Z,STR-E-AWF1-B,0.08 € + 0.11 €/kWh
2026-10-09T11:02:22Z,STR-E-AWJ9-A,0.19 €/kWh
2026-10-09T11:02:22Z,STR-E-AWJ9-B,0.19 €/kWh
2026-10-09T11:02:22Z,STR-E-B36V-A,0.19 € + 0.24 €/kWh
2026-10-09T11:02:22Z,STR-E-B36V-B,0.19 € + 0.24 €/kWh
2026-10-09T11:02:22Z,STR-E-BIKW-A,0.17 €/kWh + 0.23 €
2026-10-09T11:02:22Z,STR-E-BIKW-B,0.17 €/kWh + 0.23 €
2026-10-09T11:02:22Z,STR-E-BXA5-A,0.07 €/kWh
2026-10-09T11:02:22Z,STR-E-C91L-A,0.07 €/kWh
2026-10-09T11:02:22Z,STR-E-D3MB-A,0.17 €/kWh + 0.23 €
2026-10-09T11:02:22Z,STR-E-D3MB-B,0.17 €/kWh + 0.23 €
2026-10-09T11:02:22Z,STR-E-DBCC-A,0.08 € + 0.11 €/kWh
2026-10-09T11:02:22Z,STR-E-DBCC-B,0.08 € + 0.11 €/kWh
2026-10-09T11:02:22Z,STR-E-E0DZ-A,0.17 €/kWh
2026-10-09T11:02:22Z,STR-E-E0DZ-B,0.17 €/kWh
2026-10-09T11:02:22Z,STR-E-E7HH-A,0.07 €/kWh
2026-10-09T11:02:22Z,STR-E-ELFQ-A,0.17 €/kWh + 0.23 €
2026-10-09T11:02:22Z,STR-E-ELFQ-B,0.17 €/kWh + 0.23 €
2026-10-09T11:02:22Z,STR-E-EU1U-A,0.07 €/kWh
2026-10-09T11:02:22Z,STR-E-F2G0-A,0.08 € + 0.11 €/kWh
2026-10-09T11:02:22Z,STR-E-F2G0-B,0.08 € + 0.11 €/kWh
2026-10-09T11:02:22Z,STR-E-F4B3-A,0.07 €/kWh
2026-10-09T11:02:22Z,STR-E-F5LZ-A,0.07 €/kWh
2026-10-09T11:02:22Z,STR-E-F79A-A,0.17 €/kWh + 0.23 €
2026-10-09T11:02:22Z,STR-E-F79A-B,0.17 €/kWh + 0.23 €
2026-10-09T11:02:22Z,STR-E-FGMF-A,0.07 €/kWh
2026-10-09T11:02:22Z,STR-E-FK06-A,0.07 €/kWh
2026-10-09T11:02:22Z,STR-E-FUE8-A,0.08 € + 0.11 €/kWh
2026-10-09T11:02:22Z,STR-E-FUE8-B,0.08 € + 0.11 €/kWh
2026-10-09T11:02:22Z,STR-E-G4VM-A,0.07 €/kWh
2026-10-09T11:02:22Z,STR-E-G518-A,0.07 €/kWh
2026-10-09T11:02:22Z,STR-E-GB9A-A,0.07 €/kWh
2026-10-09T11:02:22Z,STR-E-GGV8-A,0.07 €/kWh
2026-10-09T11:02:22Z,STR-E-GHJA-A,0.07 €/kWh
2026-10-09T11:02:22Z,STR-E-GR5K-A,0.07 €/kWh
2026-10-09T11:02:22Z,STR-E-H6Q5-A,0.07 €/kWh
2026-10-09T11:02:22Z,STR-E-I4UZ-A,0.07 €/kWh
2026-10-09T11:02:22Z,STR-E-I5FH-A,0.07 €/kWh
2026-10-09T11:02:22Z,STR-E-I8C6-A,0.07 €/kWh
2026-10-09T11:02:22Z,STR-E-IA3X-A,0.07 €/kWh
2026-10-09T11:02:22Z,STR-E-IGH5-A,0.17 €/kWh + 0.23 €
2026-10-09T11:02:22Z,STR-E-IGH5-B,0.17 €/kWh + 0.23 €
2026-10-09T11:02:22Z,STR-E-IIKL-A,0.08 € + 0.11 €/kWh
2026-10-09T11:02:22Z,STR-E-IIKL-B,0.08 € + 0.11 €/kWh
2026-10-09T11:02:22Z,STR-E-JG90-A,0.08 €/kWh + 0.3 €
2026-10-09T11:02:22Z,STR-E-JG90-B,0.08 €/kWh + 0.3 €
2026-10-09T11:02:22Z,STR-E-JVO0-A,0.07 €/kWh
2026-10-09T11:02:22Z,STR-E-K73C-A,0.17 €/kWh + 0.23 €
2026-10-09T11:02:22Z,STR-E-K73C-B,0.17 €/kWh + 0.23 €
2026-10-09T11:02:22Z,STR-E-KBZL-A,0.07 €/kWh
2026-10-09T11:02:22Z,STR-E-KUKS-A,0.08 € + 0.11 €/kWh
2026-10-09T11:02:22Z,STR-E-KUKS-B,0.08 € + 0.11 €/kWh
2026-10-09T11:02:22Z,STR-E-L84D-A,0.07 €/kWh
2026-10-09T11:02:22Z,STR-E-LISV-A,0.07 €/kWh
2026-10-09T11:02:22Z,STR-E-LKFQ-A,0.07 €/kWh
2026-10-09T11:02:22Z,STR-E-LREY-A,0.27 €/kWh
2026-10-09T11:02:22Z,STR-E-M1IB-A,0.07 €/kWh
2026-10-09T11:02:22Z,STR-E-M8WL-A,0.07 €/kWh
2026-10-09T11:02:22Z,STR-E-M9W7-A,0.07 €/kWh
2026-10-09T11:02:22Z,STR-E-MIP3-A,0.16 €/kWh
2026-10-09T11:02:22Z,STR-E-MIP3-B,0.16 €/kWh
2026-10-09T11:02:22Z,STR-E-MSEN-A,0.07 €/kWh
2026-10-09T11:02:22Z,STR-E-MSUL-A,0.07 €/kWh
2026-10-09T11:02:22Z,STR-E-N6P5-A,0.07 €/kWh
2026-10-09T11:02:22Z,STR-E-NCKT-A,0.08 € + 0.11 €/kWh
2026-10-09T11:02:22Z,STR-E-NCKT-B,0.08 € + 0.11 €/kWh
2026-10-09T11:02:22Z,STR-E-NNGC-A,0.07 €/kWh
2026-10-09T11:02:22Z,STR-E-O0VK-A,0.07 €/kWh
2026-10-09T11:02:22Z,STR-E-O5YW-A,0.08 € + 0.11 €/kWh
2026-10-09T11:02:22Z,STR-E-O5YW-B,0.08 € + 0.11 €/kWh
2026-10-09T11:02:22Z,STR-E-OG1X-A,0.07 €/kWh
2026-10-09T11:02:22Z,STR-E-OJ3E-A,0.17 €/kWh + 0.23 €
2026-10-09T11:02:22Z,STR-E-OJ3E-B,0.17 €/kWh + 0.23 €
2026-10-09T11:02:22Z,STR-E-OQKZ-A,0.07 €/kWh
2026-10-09T11:02:22Z,STR-E-P7AF-A,0.08 € + 0.11 €/kWh
2026-10-09T11:02:22Z,STR-E-P7AF-B,0.08 € + 0.11 €/kWh
2026-10-09T11:02:22Z,STR-E-PC04-A,0.07 €/kWh
2026-10-09T11:02:22Z,STR-E-PDR2-A,0.07 €/kWh
2026-10-09T11:02:22Z,STR-E-PJCQ-A,0.08 € + 0.11 €/kWh
2026-10-09T11:02:22Z,STR-E-PJCQ-B,0.08 € + 0.11 €/kWh
2026-10-09T11:02:22Z,STR-E-PM3P-A,0.17 €/kWh + 0.23 €
2026-10-09T11:02:22Z,STR-E-PM3P-B,0.17 €/kWh + 0.23 €
2026-10-09T11:02:22Z,STR-E-PRUQ-A,0.07 €/kWh
2026-10-09T11:02:22Z,STR-E-PSU9-A,0.07 €/kWh
2026-10-09T11:02:22Z,STR-E-PZ9U-A,0.07 €/kWh
2026-10-09T11:02:22Z,STR-E-PZES-A,0.07 €/kWh
2026-10-09T11:02:22Z,STR-E-Q5YF-A,0.17 €/kWh + 0.23 €
2026-10-09T11:02:22Z,STR-E-Q5YF-B,0.17 €/kWh + 0.23 €
2026-10-09T11:02:22Z,STR-E-Q7LB-A,0.17 €/kWh + 0.23 €
2026-10-09T11:02:22Z,STR-E-Q7LB-B,0.17 €/kWh + 0.23 €
2026-10-09T11:02:22Z,STR-E-QE1X-A,0.08 € + 0.11 €/kWh
2026-10-09T11:02:22Z,STR-E-QE1X-B,0.08 € + 0.11 €/kWh
2026-10-09T11:02:22Z,STR-E-QEDL-A,0.07 €/kWh
2026-10-09T11:02:22Z,STR-E-QIQM-A,0.07 €/kWh
2026-10-09T11:02:22Z,STR-E-QLC9-A,0.16 €/kWh
2026-10-09T11:02:22Z,STR-E-QLC9-B,0.16 €/kWh
2026-10-09T11:02:22Z,STR-E-R0J8-A,0.07 €/kWh
2026-10-09T11:02:22Z,STR-E-R1MT-A,0.17 €/kWh + 0.23 €
2026-10-09T11:02:22Z,STR-E-R1MT-B,0.17 €/kWh + 0.23 €
2026-10-09T11:02:22Z,STR-E-R1PI-A,0.17 €/kWh + 0.23 €
2026-10-09T11:02:22Z,STR-E-R1PI-B,0.17 €/kWh + 0.23 €
2026-10-09T11:02:22Z,STR-E-R2LK-A,0.17 €/kWh + 0.23 €
2026-10-09T11:02:22Z,STR-E-R2LK-B,0.17 €/kWh + 0.23 €
2026-10-09T11:02:22Z,STR-E-R9GA-A,0.07 €/kWh
2026-10-09T11:02:22Z,STR-E-RJH9-A,0.07 €/kWh
2026-10-09T11:02:22Z,STR-E-RKWJ-A,0.07 €/kWh
2026-10-09T11:02:22Z,STR-E-S42D-A,0.07 €/kWh
2026-10-09T11:02:22Z,STR-E-S7YR-A,0.17 €/kWh + 0.23 €
2026-10-09T11:02:22Z,STR-E-S7YR-B,0.17 €/kWh + 0.23 €
2026-10-09T11:02:22Z,STR-E-SJKA-A,0.07 €/kWh
2026-10-09T11:02:22Z,STR-E-SQX8-A,0.08 € + 0.11 €/kWh
2026-10-09T11:02:22Z,STR-E-SQX8-B,0.08 € + 0.11 €/kWh
2026-10-09T11:02:22Z,STR-E-SVR3-A,0.17 €/kWh + 0.23 €
2026-10-09T11:02:22Z,STR-E-SVR3-B,0.17 €/kWh + 0.23 €
2026-10-09T11:02:22Z,STR-E-SY9Y-A,0.07 €/kWh
2026-10-09T11:02:22Z,STR-E-TO2O-A,0.07 €/kWh
2026-10-09T11:02:22Z,STR-E-TX67-A,0.19 €/kWh
2026-10-09T11:02:22Z,STR-E-TX67-B,0.19 €/kWh
2026-10-09T11:02:22Z,STR-E-U5TP-A,0.07 €/kWh
2026-10-09T11:02:22Z,STR-E-UPAQ-A,0.16 €/kWh
2026-10-09T11:02:22Z,STR-E-UPAQ-B,0.16 €/kWh
2026-10-09T11:02:22Z,STR-E-UPOS-A,0.08 € + 0.11 €/kWh
2026-10-09T11:02:22Z,STR-E-UPOS-B,0.08 € + 0.11 €/kWh
2026-10-09T11:02:22Z,STR-E-UY5H-A,0.07 €/kWh
2026-10-09T11:02:22Z,STR-E-V17G-A,0.07 €/kWh
2026-10-09T11:02:22Z,STR-E-V31J-A,0.07 €/kWh
2026-10-09T11:02:22Z,STR-E-V50T-A,0.07 €/kWh
2026-10-09T11:02:22Z,STR-E-V9SD-A,0.07 €/kWh
2026-10-09T11:02:22Z,STR-E-V9ZR-A,0.07 €/kWh
2026-10-09T11:02:22Z,STR-E-VBMP-A,0.07 €/kWh
2026-10-09T11:02:22Z,STR-E-VPDB-A,0.07 €/kWh
2026-10-09T11:02:22Z,STR-E-VSDJ-A,0.19 €/kWh
2026-10-09T11:02:22Z,STR-E-VSDJ-B,0.19 €/kWh
2026-10-09T11:02:22Z,STR-E-VT0G-A,0.07 €/kWh
2026-10-09T11:02:22Z,STR-E-VXGH-A,0.07 €/kWh
2026-10-09T11:02:22Z,STR-E-W1X4-A,0.07 €/kWh
2026-10-09T11:02:22Z,STR-E-WEE3-A,0.17 €/kWh + 0.23 €
2026-10-09T11:02:22Z,STR-E-WEE3-B,0.17 €/kWh + 0.23 €
2026-10-09T11:02:22Z,STR-E-WTQ5-A,0.17 €/kWh
2026-10-09T11:02:22Z,STR-E-WXV8-A,0.07 €/kWh
2026-10-09T11:02:22Z,STR-E-WYFE-A,0.17 €/kWh
2026-10-09T11:02:22Z,STR-E-WYFE-B,0.17 €/kWh
2026-10-09T11:02:22Z,STR-E-WYYC-A,0.17 €/kWh + 0.23 €
2026-10-09T11:02:22Z,STR-E-WYYC-B,0.17 €/kWh + 0.23 €
2026-10-09T11:02:22Z,STR-E-WZW9-A,0.07 €/kWh
2026-10-09T11:02:22Z,STR-E-X525-A,0.07 €/kWh
2026-10-09T11:02:22Z,STR-E-XCMJ-A,0.08 € + 0.11 €/kWh
2026-10-09T11:02:22Z,STR-E-XCMJ-B,0.08 € + 0.11 €/kWh
2026-10-09T11:02:22Z,STR-E-XFON-A,0.07 €/kWh
2026-10-09T11:02:22Z,STR-E-XG69-A,0.08 € + 0.11 €/kWh
2026-10-09T11:02:22Z,STR-E-XG69-B,0.08 € + 0.11 €/kWh
2026-10-09T11:02:22Z,STR-E-XKW2-A,0.17 €/kWh + 0.23 €
2026-10-09T11:02:22Z,STR-E-XKW2-B,0.17 €/kWh + 0.23 €
2026-10-09T11:02:22Z,STR-E-YC50-A,0.07 €/kWh
2026-10-09T11:02:22Z,STR-E-Z2PJ-A,0.08 € + 0.11 €/kWh
2026-10-09T11:02:22Z,STR-E-Z2PJ-B,0.08 € + 0.11 €/kWh
2026-10-09T11:02:22Z,STR-E-ZA6O-A,0.07 €/kWh
2026-10-09T11:02:22Z,STR-E-ZS00-A,0.17 €/kWh + 0.23 €
2026-10-09T11:02:22Z,STR-E-ZS00-B,0.17 €/kWh + 0.23 €
2026-10-09T11:02:22Z,STR-E-ZWU5-A,0.08 € + 0.11 €/kWh
2026-10-09T11:02:22Z,STR-E-ZWU5-B,0.08 € + 0.11 €/kWh
2026-10-09T11:16:22Z,STR-E-02VO-A,0.2 €/kWh
2026-10-09T11:16:22Z,STR-E-02VO-B,0.2 €/kWh
2026-10-09T11:16:22Z,STR-E-051F-A,0.08 € + 0.12 €/kWh
2026-10-09T11:16:22Z,STR-E-0698-A,0.08 €/kWh
2026-10-09T11:16:22Z,STR-E-0GEL-A,0.08 €/kWh
2026-10-09T11:16:22Z,STR-E-10G9-A,0.08 € + 0.12 €/kWh
2026-10-09T11:16:22Z,STR-E-10G9-B,0.08 € + 0.12 €/kWh
2026-10-09T11:16:22Z,STR-E-1162-A,0.08 €/kWh
2026-10-09T11:16:22Z,STR-E-11DT-A,0.08 €/kWh
2026-10-09T11:16:22Z,STR-E-1887-A,0.08 €/kWh
2026-10-09T11:16:22Z,STR-E-1927-A,0.08 €/kWh
2026-10-09T11:16:22Z,STR-E-1ME5-A,0.08 € + 0.12 €/kWh
2026-10-09T11:16:22Z,STR-E-1ME5-B,0.08 € + 0.12 €/kWh
2026-10-09T11:16:22Z,STR-E-1MJQ-A,0.08 €/kWh
2026-10-09T11:16:22Z,STR-E-2D12-A,0.08 €/kWh
2026-10-09T11:16:22Z,STR-E-2ED4-A,0.08 €/kWh
2026-10-09T11:16:22Z,STR-E-320G-A,0.08 €/kWh
2026-10-09T11:16:22Z,STR-E-3PZS-A,0.08 €/kWh
2026-10-09T11:16:22Z,STR-E-3TZI-A,0.08 €/kWh
2026-10-09T11:16:22Z,STR-E-3YH3-A,0.08 € + 0.12 €/kWh
2026-10-09T11:16:22Z,STR-E-3YH3-B,0.08 € + 0.12 €/kWh
2026-10-09T11:16:22Z,STR-E-491A-A,0.17 €/kWh
2026-10-09T11:16:22Z,STR-E-491A-B,0.17 €/kWh
2026-10-09T11:16:22Z,STR-E-491A-C,0.17 €/kWh
2026-10-09T11:16:22Z,STR-E-4DE6-A,0.17 €/kWh
2026-10-09T11:16:22Z,STR-E-4DE6-B,0.17 €/kWh
2026-10-09T11:16:22Z,STR-E-4LRS-A,0.08 €/kWh
2026-10-09T11:16:22Z,STR-E-4UGU-A,0.08 €/kWh
2026-10-09T11:16:22Z,STR-E-54PK-A,0.08 € + 0.12 €/kWh
2026-10-09T11:16:22Z,STR-E-54PK-B,0.08 € + 0.12 €/kWh
2026-10-09T11:16:22Z,STR-E-59TF-A,0.08 € + 0.12 €/kWh
2026-10-09T11:16:22Z,STR-E-5DWB-A,0.08 €/kWh
2026-10-09T11:16:22Z,STR-E-5TI5-A,0.08 €/kWh
2026-10-09T11:16:22Z,STR-E-69PN-A,0.08 €/kWh
2026-10-09T11:16:22Z,STR-E-6CNG-A,0.08 €/kWh
2026-10-09T11:16:22Z,STR-E-6SQH-A,0.08 €/kWh
2026-10-09T11:16:22Z,STR-E-7A48-A,0.08 € + 0.12 €/kWh
2026-10-09T11:16:22Z,STR-E-86C0-A,0.08 €/kWh
2026-10-09T11:16:22Z,STR-E-88SA-A,0.08 €/kWh
2026-10-09T11:16:22Z,STR-E-8M2O-A,0.08 €/kWh
2026-10-09T11:16:22Z,STR-E-8XL5-A,0.08 €/kWh
2026-10-09T11:16:22Z,STR-E-8Y23-A,0.08 €/kWh
2026-10-09T11:16:22Z,STR-E-9I2R-A,0.08 €/kWh
2026-10-09T11:16:22Z,STR-E-9TUZ-A,0.08 €/kWh
2026-10-09T11:16:22Z,STR-E-9WY2-A,0.08 €/kWh
2026-10-09T11:16:22Z,STR-E-A27N-A,0.2 €/kWh
2026-10-09T11:16:22Z,STR-E-A27N-B,0.2 €/kWh
2026-10-09T11:16:22Z,STR-E-A27N-C,0.2 €/kWh
2026-10-09T11:16:22Z,STR-E-A442-A,0.08 €/kWh
2026-10-09T11:16:22Z,STR-E-AABG-A,0.08 €/kWh
2026-10-09T11:16:22Z,STR-E-ACMT-A,0.08 €/kWh
2026-10-09T11:16:22Z,STR-E-AF2O-A,0.08 € + 0.12 €/kWh
2026-10-09T11:16:22Z,STR-E-AWF1-A,0.08 € + 0.12 €/kWh
2026-10-09T11:16:22Z,STR-E-AWF1-B,0.08 € + 0.12 €/kWh
2026-10-09T11:16:22Z,STR-E-AWJ9-A,0.2 €/kWh
2026-10-09T11:16:22Z,STR-E-AWJ9-B,0.2 €/kWh
2026-10-09T11:16:22Z,STR-E-B36V-A,0.19 € + 0.25 €/kWh
2026-10-09T11:16:22Z,STR-E-B36V-B,0.19 € + 0.25 €/kWh
2026-10-09T11:16:22Z,STR-E-BXA5-A,0.08 €/kWh
2026-10-09T11:16:22Z,STR-E-C91L-A,0.08 €/kWh
2026-10-09T11:16:22Z,STR-E-DBCC-A,0.08 € + 0.12 €/kWh
2026-10-09T11:16:22Z,STR-E-DBCC-B,0.08 € + 0.12 €/kWh
2026-10-09T11:16:22Z,STR-E-E7HH-A,0.08 €/kWh
2026-10-09T11:16:22Z,STR-E-EU1U-A,0.08 €/kWh
2026-10-09T11:16:22Z,STR-E-F2G0-A,0.08 € + 0.12 €/kWh
2026-10-09T11:16:22Z,STR-E-F2G0-B,0.08 € + 0.12 €/kWh
2026-10-09T11:16:22Z,STR-E-F4B3-A,0.08 €/kWh
2026-10-09T11:16:22Z,STR-E-F5LZ-A,0.08 €/kWh
2026-10-09T11:16:22Z,STR-E-FGMF-A,0.08 €/kWh
2026-10-09T11:16:22Z,STR-E-FK06-A,0.08 €/kWh
2026-10-09T11:16:22Z,STR-E-FUE8-A,0.08 € + 0.12 €/kWh
2026-10-09T11:16:22Z,STR-E-FUE8-B,0.08 € + 0.12 €/kWh
2026-10-09T11:16:22Z,STR-E-G4VM-A,0.08 €/kWh
2026-10-09T11:16:22Z,STR-E-G518-A,0.08 €/kWh
2026-10-09T11:16:22Z,STR-E-GB9A-A,0.08 €/kWh
2026-10-09T11:16:22Z,STR-E-GGV8-A,0.08 €/kWh
2026-10-09T11:16:22Z,STR-E-GHJA-A,0.08 €/kWh
2026-10-09T11:16:22Z,STR-E-GR5K-A,0.08 €/kWh
2026-10-09T11:16:22Z,STR-E-H6Q5-A,0.08 €/kWh
2026-10-09T11:16:22Z,STR-E-I4UZ-A,0.08 €/kWh
2026-10-09T11:16:22Z,STR-E-I5FH-A,0.08 €/kWh
2026-10-09T11:16:22Z,STR-E-I8C6-A,0.08 €/kWh
2026-10-09T11:16:22Z,STR-E-IA3X-A,0.08 €/kWh
2026-10-09T11:16:22Z,STR-E-IIKL-A,0.08 € + 0.12 €/kWh
2026-10-09T11:16:22Z,STR-E-IIKL-B,0.08 € + 0.12 €/kWh
2026-10-09T11:16:22Z,STR-E-JG90-A,0.09 €/kWh + 0.3 €
2026-10-09T11:16:22Z,STR-E-JG90-B,0.09 €/kWh + 0.3 €
2026-10-09T11:16:22Z,STR-E-JVO0-A,0.08 €/kWh
2026-10-09T11:16:22Z,STR-E-KBZL-A,0.08 €/kWh
2026-10-09T11:16:22Z,STR-E-KUKS-A,0.08 € + 0.12 €/kWh
2026-10-09T11:16:22Z,STR-E-KUKS-B,0.08 € + 0.12 €/kWh
2026-10-09T11:16:22Z,STR-E-L84D-A,0.08 €/kWh
2026-10-09T11:16:22Z,STR-E-LISV-A,0.08 €/kWh
2026-10-09T11:16:22Z,STR-E-LKFQ-A,0.08 €/kWh
2026-10-09T11:16:22Z,STR-E-M1IB-A,0.08 €/kWh
2026-10-09T11:16:22Z,STR-E-M8WL-A,0.08 €/kWh
2026-10-09T11:16:22Z,STR-E-M9W7-A,0.08 €/kWh
2026-10-09T11:16:22Z,STR-E-MIP3-A,0.17 €/kWh
2026-10-09T11:16:22Z,STR-E-MIP3-B,0.17 €/kWh
2026-10-09T11:16:22Z,STR-E-MSEN-A,0.08 €/kWh
2026-10-09T11:16:22Z,STR-E-MSUL-A,0.08 €/kWh
2026-10-09T11:16:22Z,STR-E-N6P5-A,0.08 €/kWh
2026-10-09T11:16:22Z,STR-E-NCKT-A,0.08 € + 0.12 €/kWh
2026-10-09T11:16:22Z,STR-E-NCKT-B,0.08 € + 0.12 €/kWh
2026-10-09T11:16:22Z,STR-E-NNGC-A,0.08 €/kWh
2026-10-09T11:16:22Z,STR-E-O0VK-A,0.08 €/kWh
2026-10-09T11:16:22Z,STR-E-O5YW-A,0.08 € + 0.12 €/kWh
2026-10-09T11:16:22Z,STR-E-O5YW-B,0.08 € + 0.12 €/kWh
2026-10-09T11:16:22Z,STR-E-OG1X-A,0.08 €/kWh
2026-10-09T11:16:22Z,STR-E-OQKZ-A,0.08 €/kWh
2026-10-09T11:16:22Z,STR-E-P7AF-A,0.08 € + 0.12 €/kWh
2026-10-09T11:16:22Z,STR-E-P7AF-B,0.08 € + 0.12 €/kWh
2026-10-09T11:16:22Z,STR-E-PC04-A,0.08 €/kWh
2026-10-09T11:16:22Z,STR-E-PDR2-A,0.08 €/kWh
2026-10-09T11:16:22Z,STR-E-PJCQ-A,0.08 € + 0.12 €/kWh
2026-10-09T11:16:22Z,STR-E-PJCQ-B,0.08 € + 0.12 €/kWh
2026-10-09T11:16:22Z,STR-E-PRUQ-A,0.08 €/kWh
2026-10-09T11:16:22Z,STR-E-PSU9-A,0.08 €/kWh
2026-10-09T11:16:22Z,STR-E-PZ9U-A,0.08 €/kWh
2026-10-09T11:16:22Z,STR-E-PZES-A,0.08 €/kWh
2026-10-09T11:16:22Z,STR-E-QE1X-A,0.08 € + 0.12 €/kWh
2026-10-09T11:16:22Z,STR-E-QE1X-B,0.08 € + 0.12 €/kWh
2026-10-09T11:16:22Z,STR-E-QEDL-A,0.08 €/kWh
2026-10-09T11:16:22Z,STR-E-QIQM-A,0.08 €/kWh
2026-10-09T11:16:22Z,STR-E-QLC9-A,0.17 €/kWh
2026-10-09T11:16:22Z,STR-E-QLC9-B,0.17 €/kWh
2026-10-09T11:16:22Z,STR-E-R0J8-A,0.08 €/kWh
2026-10-09T11:16:22Z,STR-E-R9GA-A,0.08 €/kWh
2026-10-09T11:16:22Z,STR-E-RJH9-A,0.08 €/kWh
2026-10-09T11:16:22Z,STR-E-RKWJ-A,0.08 €/kWh
2026-10-09T11:16:22Z,STR-E-S42D-A,0.08 €/kWh
2026-10-09T11:16:22Z,STR-E-SJKA-A,0.08 €/kWh
2026-10-09T11:16:22Z,STR-E-SQX8-A,0.08 € + 0.12 €/kWh
2026-10-09T11:16:22Z,STR-E-SQX8-B,0.08 € + 0.12 €/kWh
2026-10-09T11:16:22Z,STR-E-SY9Y-A,0.08 €/kWh
2026-10-09T11:16:22Z,STR-E-TO2O-A,0.08 €/kWh
2026-10-09T11:16:22Z,STR-E-TX67-A,0.2 €/kWh
2026-10-09T11:16:22Z,STR-E-TX67-B,0.2 €/kWh
2026-10-09T11:16:22Z,STR-E-U5TP-A,0.08 €/kWh
2026-10-09T11:16:22Z,STR-E-UPAQ-A,0.17 €/kWh
2026-10-09T11:16:22Z,STR-E-UPAQ-B,0.17 €/kWh
2026-10-09T11:16:22Z,STR-E-UPOS-A,0.08 € + 0.12 €/kWh
2026-10-09T11:16:22Z,STR-E-UPOS-B,0.08 € + 0.12 €/kWh
2026-10-09T11:16:22Z,STR-E-UY5H-A,0.08 €/kWh
2026-10-09T11:16:22Z,STR-E-V17G-A,0.08 €/kWh
2026-10-09T11:16:22Z,STR-E-V31J-A,0.08 €/kWh
2026-10-09T11:16:22Z,STR-E-V50T-A,0.08 €/kWh
2026-10-09T11:16:22Z,STR-E-V9SD-A,0.08 €/kWh
2026-10-09T11:16:22Z,STR-E-V9ZR-A,0.08 €/kWh
2026-10-09T11:16:22Z,STR-E-VBMP-A,0.08 €/kWh
2026-10-09T11:16:22Z,STR-E-VPDB-A,0.08 €/kWh
2026-10-09T11:16:22Z,STR-E-VSDJ-A,0.2 €/kWh
2026-10-09T11:16:22Z,STR-E-VSDJ-B,0.2 €/kWh
2026-10-09T11:16:22Z,STR-E-VT0G-A,0.08 €/kWh
2026-10-09T11:16:22Z,STR-E-VXGH-A,0.08 €/kWh
2026-10-09T11:16:22Z,STR-E-W1X4-A,0.08 €/kWh
2026-10-09T11:16:22Z,STR-E-WXV8-A,0.08 €/kWh
2026-10-09T11:16:22Z,STR-E-WZW9-A,0.08 €/kWh
2026-10-09T11:16:22Z,STR-E-X525-A,0.08 €/kWh
2026-10-09T11:16:22Z,STR-E-XCMJ-A,0.08 € + 0.12 €/kWh
2026-10-09T11:16:22Z,STR-E-XCMJ-B,0.08 € + 0.12 €/kWh
2026-10-09T11:16:22Z,STR-E-XFON-A,0.08 €/kWh
2026-10-09T11:16:22Z,STR-E-XG69-A,0.08 € + 0.12 €/kWh
2026-10-09T11:16:22Z,STR-E-XG69-B,0.08 € + 0.12 €/kWh
2026-10-09T11:16:22Z,STR-E-YC50-A,0.08 €/kWh
2026-10-09T11:16:22Z,STR-E-Z2PJ-A,0.08 € + 0.12 €/kWh
2026-10-09T11:16:22Z,STR-E-Z2PJ-B,0.08 € + 0.12 €/kWh
2026-10-09T11:16:22Z,STR-E-ZA6O-A,0.08 €/kWh
2026-10-09T11:16:22Z,STR-E-ZWU5-A,0.08 € + 0.12 €/kWh
2026-10-09T11:16:22Z,STR-E-ZWU5-B,0.08 € + 0.12 €/kWh
2026-10-09T11:46:23Z,IKR-E-E228-A,0.3 € + 0.31 €/kWh
2026-10-09T11:46:23Z,IKR-E-EKZA-A,0.3 € + 0.31 €/kWh
2026-10-09T11:46:23Z,IKR-E-J1JV-A,0.3 € + 0.31 €/kWh
2026-10-09T11:46:23Z,IKR-E-MAU9-A,0.29 € + 0.23 €/kWh
2026-10-09T11:46:23Z,IKR-E-W6HQ-A,0.29 € + 0.23 €/kWh
2026-10-09T11:46:23Z,STR-E-1MHB-A,0.28 €/kWh
2026-10-09T11:46:23Z,STR-E-LREY-A,0.28 €/kWh
2026-10-09T12:01:10Z,IKR-E-E475-A,0.3 € + 0.34 €/kWh
2026-10-09T12:01:10Z,IKR-E-E544-A,0.3 € + 0.34 €/kWh
2026-10-09T12:01:10Z,IKR-E-Y2Z8-A,0.3 € + 0.28 €/kWh
2026-10-09T12:02:22Z,STR-E-1MHB-A,0.27 €/kWh
2026-10-09T12:02:22Z,STR-E-LREY-A,0.27 €/kWh
2026-10-09T12:30:58Z,STR-E-1MHB-A,0.28 €/kWh
2026-10-09T12:30:58Z,STR-E-LREY-A,0.28 €/kWh
2026-10-09T12:48:24Z,IKR-E-E475-A,0.3 € + 0.35 €/kWh
2026-10-09T12:48:24Z,IKR-E-E544-A,0.3 € + 0.35 €/kWh
2026-10-09T12:48:24Z,STR-E-027B-A,0.18 €/kWh + 0.23 €
2026-10-09T12:48:24Z,STR-E-027B-B,0.18 €/kWh + 0.23 €
2026-10-09T12:48:24Z,STR-E-21O1-A,0.18 €/kWh
2026-10-09T12:48:24Z,STR-E-21O1-B,0.18 €/kWh
2026-10-09T12:48:24Z,STR-E-3468-A,0.18 €/kWh
2026-10-09T12:48:24Z,STR-E-3468-B,0.18 €/kWh
2026-10-09T12:48:24Z,STR-E-3ENA-A,0.18 €/kWh
2026-10-09T12:48:24Z,STR-E-3ENA-B,0.18 €/kWh
2026-10-09T12:48:24Z,STR-E-3ENA-C,0.18 €/kWh
2026-10-09T12:48:24Z,STR-E-3FMF-A,0.18 €/kWh + 0.23 €
2026-10-09T12:48:24Z,STR-E-3FMF-B,0.18 €/kWh + 0.23 €
2026-10-09T12:48:24Z,STR-E-3SXI-A,0.18 €/kWh
2026-10-09T12:48:24Z,STR-E-3SXI-B,0.18 €/kWh
2026-10-09T12:48:24Z,STR-E-4156-A,0.24 €/kWh
2026-10-09T12:48:24Z,STR-E-4156-B,0.24 €/kWh
2026-10-09T12:48:24Z,STR-E-6UZQ-A,0.18 €/kWh
2026-10-09T12:48:24Z,STR-E-6UZQ-B,0.18 €/kWh
2026-10-09T12:48:24Z,STR-E-92KW-A,0.18 €/kWh + 0.23 €
2026-10-09T12:48:24Z,STR-E-ANJ0-A,0.18 €/kWh + 0.23 €
2026-10-09T12:48:24Z,STR-E-ANJ0-B,0.18 €/kWh + 0.23 €
2026-10-09T12:48:24Z,STR-E-AP96-A,0.18 €/kWh + 0.23 €
2026-10-09T12:48:24Z,STR-E-AP96-B,0.18 €/kWh + 0.23 €
2026-10-09T12:48:24Z,STR-E-BIKW-A,0.18 €/kWh + 0.23 €
2026-10-09T12:48:24Z,STR-E-BIKW-B,0.18 €/kWh + 0.23 €
2026-10-09T12:48:24Z,STR-E-D3MB-A,0.18 €/kWh + 0.23 €
2026-10-09T12:48:24Z,STR-E-D3MB-B,0.18 €/kWh + 0.23 €
2026-10-09T12:48:24Z,STR-E-E0DZ-A,0.18 €/kWh
2026-10-09T12:48:24Z,STR-E-E0DZ-B,0.18 €/kWh
2026-10-09T12:48:24Z,STR-E-ELFQ-A,0.18 €/kWh + 0.23 €
2026-10-09T12:48:24Z,STR-E-ELFQ-B,0.18 €/kWh + 0.23 €
2026-10-09T12:48:24Z,STR-E-F79A-A,0.18 €/kWh + 0.23 €
2026-10-09T12:48:24Z,STR-E-F79A-B,0.18 €/kWh + 0.23 €
2026-10-09T12:48:24Z,STR-E-IGH5-A,0.18 €/kWh + 0.23 €
2026-10-09T12:48:24Z,STR-E-IGH5-B,0.18 €/kWh + 0.23 €
2026-10-09T12:48:24Z,STR-E-K73C-A,0.18 €/kWh + 0.23 €
2026-10-09T12:48:24Z,STR-E-K73C-B,0.18 €/kWh + 0.23 €
2026-10-09T12:48:24Z,STR-E-OJ3E-A,0.18 €/kWh + 0.23 €
2026-10-09T12:48:24Z,STR-E-OJ3E-B,0.18 €/kWh + 0.23 €
2026-10-09T12:48:24Z,STR-E-PM3P-A,0.18 €/kWh + 0.23 €
2026-10-09T12:48:24Z,STR-E-PM3P-B,0.18 €/kWh + 0.23 €
2026-10-09T12:48:24Z,STR-E-Q5YF-A,0.18 €/kWh + 0.23 €
2026-10-09T12:48:24Z,STR-E-Q5YF-B,0.18 €/kWh + 0.23 €
2026-10-09T12:48:24Z,STR-E-Q7LB-A,0.18 €/kWh + 0.23 €
2026-10-09T12:48:24Z,STR-E-Q7LB-B,0.18 €/kWh + 0.23 €
2026-10-09T12:48:24Z,STR-E-R1MT-A,0.18 €/kWh + 0.23 €
2026-10-09T12:48:24Z,STR-E-R1MT-B,0.18 €/kWh + 0.23 €
2026-10-09T12:48:24Z,STR-E-R1PI-A,0.18 €/kWh + 0.23 €
2026-10-09T12:48:24Z,STR-E-R1PI-B,0.18 €/kWh + 0.23 €
2026-10-09T12:48:24Z,STR-E-R2LK-A,0.18 €/kWh + 0.23 €
2026-10-09T12:48:24Z,STR-E-R2LK-B,0.18 €/kWh + 0.23 €
2026-10-09T12:48:24Z,STR-E-S7YR-A,0.18 €/kWh + 0.23 €
2026-10-09T12:48:24Z,STR-E-S7YR-B,0.18 €/kWh + 0.23 €
2026-10-09T12:48:24Z,STR-E-SVR3-A,0.18 €/kWh + 0.23 €
2026-10-09T12:48:24Z,STR-E-SVR3-B,0.18 €/kWh + 0.23 €
2026-10-09T12:48:24Z,STR-E-WEE3-A,0.18 €/kWh + 0.23 €
2026-10-09T12:48:24Z,STR-E-WEE3-B,0.18 €/kWh + 0.23 €
2026-10-09T12:48:24Z,STR-E-WTQ5-A,0.18 €/kWh
2026-10-09T12:48:24Z,STR-E-WYFE-A,0.18 €/kWh
2026-10-09T12:48:24Z,STR-E-WYFE-B,0.18 €/kWh
2026-10-09T12:48:24Z,STR-E-WYYC-A,0.18 €/kWh + 0.23 €
2026-10-09T12:48:24Z,STR-E-WYYC-B,0.18 €/kWh + 0.23 €
2026-10-09T12:48:24Z,STR-E-XKW2-A,0.18 €/kWh + 0.23 €
2026-10-09T12:48:24Z,STR-E-XKW2-B,0.18 €/kWh + 0.23 €
2026-10-09T12:48:24Z,STR-E-ZS00-A,0.18 €/kWh + 0.23 €
2026-10-09T12:48:24Z,STR-E-ZS00-B,0.18 €/kWh + 0.23 €
2026-10-09T13:02:23Z,IKR-E-E475-A,0.3 € + 0.34 €/kWh
2026-10-09T13:02:23Z,IKR-E-E544-A,0.3 € + 0.34 €/kWh
2026-10-09T13:02:23Z,IKR-E-MAU9-A,0.29 € + 0.22 €/kWh
2026-10-09T13:02:23Z,IKR-E-OWF5-A,0.3 € + 0.35 €/kWh
2026-10-09T13:02:23Z,IKR-E-W6HQ-A,0.29 € + 0.22 €/kWh
2026-10-09T13:02:23Z,IKR-P-SCM5-A,0.3 € + 0.35 €/kWh
2026-10-09T13:02:23Z,IKR-P-V9X4-A,0.3 € + 0.35 €/kWh
2026-10-09T13:02:23Z,IKR-P-V9X4-B,0.3 € + 0.35 €/kWh
2026-10-09T13:02:23Z,STR-E-027B-A,0.17 €/kWh + 0.23 €
2026-10-09T13:02:23Z,STR-E-027B-B,0.17 €/kWh + 0.23 €
2026-10-09T13:02:23Z,STR-E-21O1-A,0.17 €/kWh
2026-10-09T13:02:23Z,STR-E-21O1-B,0.17 €/kWh
2026-10-09T13:02:23Z,STR-E-3468-A,0.17 €/kWh
2026-10-09T13:02:23Z,STR-E-3468-B,0.17 €/kWh
2026-10-09T13:02:23Z,STR-E-3ENA-A,0.17 €/kWh
2026-10-09T13:02:23Z,STR-E-3ENA-B,0.17 €/kWh
2026-10-09T13:02:23Z,STR-E-3ENA-C,0.17 €/kWh
2026-10-09T13:02:23Z,STR-E-3FMF-A,0.17 €/kWh + 0.23 €
2026-10-09T13:02:23Z,STR-E-3FMF-B,0.17 €/kWh + 0.23 €
2026-10-09T13:02:23Z,STR-E-3SXI-A,0.17 €/kWh
2026-10-09T13:02:23Z,STR-E-3SXI-B,0.17 €/kWh
2026-10-09T13:02:23Z,STR-E-4156-A,0.23 €/kWh
2026-10-09T13:02:23Z,STR-E-4156-B,0.23 €/kWh
2026-10-09T13:02:23Z,STR-E-6UZQ-A,0.17 €/kWh
2026-10-09T13:02:23Z,STR-E-6UZQ-B,0.17 €/kWh
2026-10-09T13:02:23Z,STR-E-92KW-A,0.17 €/kWh + 0.23 €
2026-10-09T13:02:23Z,STR-E-ANJ0-A,0.17 €/kWh + 0.23 €
2026-10-09T13:02:23Z,STR-E-ANJ0-B,0.17 €/kWh + 0.23 €
2026-10-09T13:02:23Z,STR-E-AP96-A,0.17 €/kWh + 0.23 €
2026-10-09T13:02:23Z,STR-E-AP96-B,0.17 €/kWh + 0.23 €
2026-10-09T13:02:23Z,STR-E-BIKW-A,0.17 €/kWh + 0.23 €
2026-10-09T13:02:23Z,STR-E-BIKW-B,0.17 €/kWh + 0.23 €
2026-10-09T13:02:23Z,STR-E-D3MB-A,0.17 €/kWh + 0.23 €
2026-10-09T13:02:23Z,STR-E-D3MB-B,0.17 €/kWh + 0.23 €
2026-10-09T13:02:23Z,STR-E-E0DZ-A,0.17 €/kWh
2026-10-09T13:02:23Z,STR-E-E0DZ-B,0.17 €/kWh
2026-10-09T13:02:23Z,STR-E-ELFQ-A,0.17 €/kWh + 0.23 €
2026-10-09T13:02:23Z,STR-E-ELFQ-B,0.17 €/kWh + 0.23 €
2026-10-09T13:02:23Z,STR-E-F79A-A,0.17 €/kWh + 0.23 €
2026-10-09T13:02:23Z,STR-E-F79A-B,0.17 €/kWh + 0.23 €
2026-10-09T13:02:23Z,STR-E-IGH5-A,0.17 €/kWh + 0.23 €
2026-10-09T13:02:23Z,STR-E-IGH5-B,0.17 €/kWh + 0.23 €
2026-10-09T13:02:23Z,STR-E-K73C-A,0.17 €/kWh + 0.23 €
2026-10-09T13:02:23Z,STR-E-K73C-B,0.17 €/kWh + 0.23 €
2026-10-09T13:02:23Z,STR-E-OJ3E-A,0.17 €/kWh + 0.23 €
2026-10-09T13:02:23Z,STR-E-OJ3E-B,0.17 €/kWh + 0.23 €
2026-10-09T13:02:23Z,STR-E-PM3P-A,0.17 €/kWh + 0.23 €
2026-10-09T13:02:23Z,STR-E-PM3P-B,0.17 €/kWh + 0.23 €
2026-10-09T13:02:23Z,STR-E-Q5YF-A,0.17 €/kWh + 0.23 €
2026-10-09T13:02:23Z,STR-E-Q5YF-B,0.17 €/kWh + 0.23 €
2026-10-09T13:02:23Z,STR-E-Q7LB-A,0.17 €/kWh + 0.23 €
2026-10-09T13:02:23Z,STR-E-Q7LB-B,0.17 €/kWh + 0.23 €
2026-10-09T13:02:23Z,STR-E-R1MT-A,0.17 €/kWh + 0.23 €
2026-10-09T13:02:23Z,STR-E-R1MT-B,0.17 €/kWh + 0.23 €
2026-10-09T13:02:23Z,STR-E-R1PI-A,0.17 €/kWh + 0.23 €
2026-10-09T13:02:23Z,STR-E-R1PI-B,0.17 €/kWh + 0.23 €
2026-10-09T13:02:23Z,STR-E-R2LK-A,0.17 €/kWh + 0.23 €
2026-10-09T13:02:23Z,STR-E-R2LK-B,0.17 €/kWh + 0.23 €
2026-10-09T13:02:23Z,STR-E-S7YR-A,0.17 €/kWh + 0.23 €
2026-10-09T13:02:23Z,STR-E-S7YR-B,0.17 €/kWh + 0.23 €
2026-10-09T13:02:23Z,STR-E-SVR3-A,0.17 €/kWh + 0.23 €
2026-10-09T13:02:23Z,STR-E-SVR3-B,0.17 €/kWh + 0.23 €
2026-10-09T13:02:23Z,STR-E-WEE3-A,0.17 €/kWh + 0.23 €
2026-10-09T13:02:23Z,STR-E-WEE3-B,0.17 €/kWh + 0.23 €
2026-10-09T13:02:23Z,STR-E-WTQ5-A,0.17 €/kWh
2026-10-09T13:02:23Z,STR-E-WYFE-A,0.17 €/kWh
2026-10-09T13:02:23Z,STR-E-WYFE-B,0.17 €/kWh
2026-10-09T13:02:23Z,STR-E-WYYC-A,0.17 €/kWh + 0.23 €
2026-10-09T13:02:23Z,STR-E-WYYC-B,0.17 €/kWh + 0.23 €
2026-10-09T13:02:23Z,STR-E-XKW2-A,0.17 €/kWh + 0.23 €
2026-10-09T13:02:23Z,STR-E-XKW2-B,0.17 €/kWh + 0.23 €
2026-10-09T13:02:23Z,STR-E-ZS00-A,0.17 €/kWh + 0.23 €
2026-10-09T13:02:23Z,STR-E-ZS00-B,0.17 €/kWh + 0.23 €
2026-10-09T13:16:22Z,IKR-E-E228-A,0.3 € + 0.33 €/kWh
2026-10-09T13:16:22Z,IKR-E-E475-A,0.3 € + 0.35 €/kWh
2026-10-09T13:16:22Z,IKR-E-E544-A,0.3 € + 0.35 €/kWh
2026-10-09T13:16:22Z,IKR-E-EKZA-A,0.3 € + 0.33 €/kWh
2026-10-09T13:16:22Z,IKR-E-J1JV-A,0.3 € + 0.33 €/kWh
2026-10-09T13:16:22Z,IKR-E-MAU9-A,0.29 € + 0.23 €/kWh
2026-10-09T13:16:22Z,IKR-E-OWF5-A,0.3 € + 0.36 €/kWh
2026-10-09T13:16:22Z,IKR-E-W6HQ-A,0.29 € + 0.23 €/kWh
2026-10-09T13:16:22Z,IKR-E-Y2Z8-A,0.3 € + 0.29 €/kWh
2026-10-09T13:16:22Z,IKR-P-SCM5-A,0.3 € + 0.36 €/kWh
2026-10-09T13:16:22Z,IKR-P-V9X4-A,0.3 € + 0.36 €/kWh
2026-10-09T13:16:22Z,IKR-P-V9X4-B,0.3 € + 0.36 €/kWh
2026-10-09T13:16:22Z,STR-E-027B-A,0.18 €/kWh + 0.23 €
2026-10-09T13:16:22Z,STR-E-027B-B,0.18 €/kWh + 0.23 €
2026-10-09T13:16:22Z,STR-E-21O1-A,0.18 €/kWh
2026-10-09T13:16:22Z,STR-E-21O1-B,0.18 €/kWh
2026-10-09T13:16:22Z,STR-E-3468-A,0.18 €/kWh
2026-10-09T13:16:22Z,STR-E-3468-B,0.18 €/kWh
2026-10-09T13:16:22Z,STR-E-3ENA-A,0.18 €/kWh
2026-10-09T13:16:22Z,STR-E-3ENA-B,0.18 €/kWh
2026-10-09T13:16:22Z,STR-E-3ENA-C,0.18 €/kWh
2026-10-09T13:16:22Z,STR-E-3FMF-A,0.18 €/kWh + 0.23 €
2026-10-09T13:16:22Z,STR-E-3FMF-B,0.18 €/kWh + 0.23 €
2026-10-09T13:16:22Z,STR-E-3SXI-A,0.18 €/kWh
2026-10-09T13:16:22Z,STR-E-3SXI-B,0.18 €/kWh
2026-10-09T13:16:22Z,STR-E-4156-A,0.24 €/kWh
2026-10-09T13:16:22Z,STR-E-4156-B,0.24 €/kWh
2026-10-09T13:16:22Z,STR-E-4KWM-A,0.28 €/kWh
2026-10-09T13:16:22Z,STR-E-4KWM-B,0.28 €/kWh
2026-10-09T13:16:22Z,STR-E-6UZQ-A,0.18 €/kWh
2026-10-09T13:16:22Z,STR-E-6UZQ-B,0.18 €/kWh
2026-10-09T13:16:22Z,STR-E-7Z8G-A,0.28 €/kWh
2026-10-09T13:16:22Z,STR-E-7Z8G-B,0.28 €/kWh
2026-10-09T13:16:22Z,STR-E-92KW-A,0.18 €/kWh + 0.23 €
2026-10-09T13:16:22Z,STR-E-ANJ0-A,0.18 €/kWh + 0.23 €
2026-10-09T13:16:22Z,STR-E-ANJ0-B,0.18 €/kWh + 0.23 €
2026-10-09T13:16:22Z,STR-E-AP96-A,0.18 €/kWh + 0.23 €
2026-10-09T13:16:22Z,STR-E-AP96-B,0.18 €/kWh + 0.23 €
2026-10-09T13:16:22Z,STR-E-BIKW-A,0.18 €/kWh + 0.23 €
2026-10-09T13:16:22Z,STR-E-BIKW-B,0.18 €/kWh + 0.23 €
2026-10-09T13:16:22Z,STR-E-D3MB-A,0.18 €/kWh + 0.23 €
2026-10-09T13:16:22Z,STR-E-D3MB-B,0.18 €/kWh + 0.23 €
2026-10-09T13:16:22Z,STR-E-E0DZ-A,0.18 €/kWh
2026-10-09T13:16:22Z,STR-E-E0DZ-B,0.18 €/kWh
2026-10-09T13:16:22Z,STR-E-ELFQ-A,0.18 €/kWh + 0.23 €
2026-10-09T13:16:22Z,STR-E-ELFQ-B,0.18 €/kWh + 0.23 €
2026-10-09T13:16:22Z,STR-E-F79A-A,0.18 €/kWh + 0.23 €
2026-10-09T13:16:22Z,STR-E-F79A-B,0.18 €/kWh + 0.23 €
2026-10-09T13:16:22Z,STR-E-GE77-A,0.28 €/kWh
2026-10-09T13:16:22Z,STR-E-GE77-B,0.28 €/kWh
2026-10-09T13:16:22Z,STR-E-IGH5-A,0.18 €/kWh + 0.23 €
2026-10-09T13:16:22Z,STR-E-IGH5-B,0.18 €/kWh + 0.23 €
2026-10-09T13:16:22Z,STR-E-K73C-A,0.18 €/kWh + 0.23 €
2026-10-09T13:16:22Z,STR-E-K73C-B,0.18 €/kWh + 0.23 €
2026-10-09T13:16:22Z,STR-E-ODBK-A,0.28 €/kWh
2026-10-09T13:16:22Z,STR-E-ODBK-B,0.28 €/kWh
2026-10-09T13:16:22Z,STR-E-OJ3E-A,0.18 €/kWh + 0.23 €
2026-10-09T13:16:22Z,STR-E-OJ3E-B,0.18 €/kWh + 0.23 €
2026-10-09T13:16:22Z,STR-E-PM3P-A,0.18 €/kWh + 0.23 €
2026-10-09T13:16:22Z,STR-E-PM3P-B,0.18 €/kWh + 0.23 €
2026-10-09T13:16:22Z,STR-E-Q5YF-A,0.18 €/kWh + 0.23 €
2026-10-09T13:16:22Z,STR-E-Q5YF-B,0.18 €/kWh + 0.23 €
2026-10-09T13:16:22Z,STR-E-Q7LB-A,0.18 €/kWh + 0.23 €
2026-10-09T13:16:22Z,STR-E-Q7LB-B,0.18 €/kWh + 0.23 €
2026-10-09T13:16:22Z,STR-E-R1MT-A,0.18 €/kWh + 0.23 €
2026-10-09T13:16:22Z,STR-E-R1MT-B,0.18 €/kWh + 0.23 €
2026-10-09T13:16:22Z,STR-E-R1PI-A,0.18 €/kWh + 0.23 €
2026-10-09T13:16:22Z,STR-E-R1PI-B,0.18 €/kWh + 0.23 €
2026-10-09T13:16:22Z,STR-E-R2LK-A,0.18 €/kWh + 0.23 €
2026-10-09T13:16:22Z,STR-E-R2LK-B,0.18 €/kWh + 0.23 €
2026-10-09T13:16:22Z,STR-E-S7YR-A,0.18 €/kWh + 0.23 €
2026-10-09T13:16:22Z,STR-E-S7YR-B,0.18 €/kWh + 0.23 €
2026-10-09T13:16:22Z,STR-E-SVR3-A,0.18 €/kWh + 0.23 €
2026-10-09T13:16:22Z,STR-E-SVR3-B,0.18 €/kWh + 0.23 €
2026-10-09T13:16:22Z,STR-E-WEE3-A,0.18 €/kWh + 0.23 €
2026-10-09T13:16:22Z,STR-E-WEE3-B,0.18 €/kWh + 0.23 €
2026-10-09T13:16:22Z,STR-E-WTQ5-A,0.18 €/kWh
2026-10-09T13:16:22Z,STR-E-WYFE-A,0.18 €/kWh
2026-10-09T13:16:22Z,STR-E-WYFE-B,0.18 €/kWh
2026-10-09T13:16:22Z,STR-E-WYYC-A,0.18 €/kWh + 0.23 €
2026-10-09T13:16:22Z,STR-E-WYYC-B,0.18 €/kWh + 0.23 €
2026-10-09T13:16:22Z,STR-E-XKW2-A,0.18 €/kWh + 0.23 €
2026-10-09T13:16:22Z,STR-E-XKW2-B,0.18 €/kWh + 0.23 €
2026-10-09T13:16:22Z,STR-E-ZS00-A,0.18 €/kWh + 0.23 €
2026-10-09T13:16:22Z,STR-E-ZS00-B,0.18 €/kWh + 0.23 €
2026-10-09T13:30:58Z,IKR-E-MAU9-A,0.29 € + 0.24 €/kWh
2026-10-09T13:30:58Z,IKR-E-W6HQ-A,0.29 € + 0.24 €/kWh
2026-10-09T13:30:58Z,STR-E-027B-A,0.21 €/kWh + 0.23 €
2026-10-09T13:30:58Z,STR-E-027B-B,0.21 €/kWh + 0.23 €
2026-10-09T13:30:58Z,STR-E-02VO-A,0.24 €/kWh
2026-10-09T13:30:58Z,STR-E-02VO-B,0.24 €/kWh
2026-10-09T13:30:58Z,STR-E-04YS-A,0 € + 0.2 €/kWh
2026-10-09T13:30:58Z,STR-E-051F-A,0.08 € + 0.15 €/kWh
2026-10-09T13:30:58Z,STR-E-0698-A,0.11 €/kWh
2026-10-09T13:30:58Z,STR-E-0GEL-A,0.11 €/kWh
2026-10-09T13:30:58Z,STR-E-10G9-A,0.08 € + 0.15 €/kWh
2026-10-09T13:30:58Z,STR-E-10G9-B,0.08 € + 0.15 €/kWh
2026-10-09T13:30:58Z,STR-E-1162-A,0.11 €/kWh
2026-10-09T13:30:58Z,STR-E-11DT-A,0.11 €/kWh
2026-10-09T13:30:58Z,STR-E-1887-A,0.11 €/kWh
2026-10-09T13:30:58Z,STR-E-1927-A,0.11 €/kWh
2026-10-09T13:30:58Z,STR-E-1ME5-A,0.08 € + 0.15 €/kWh
2026-10-09T13:30:58Z,STR-E-1ME5-B,0.08 € + 0.15 €/kWh
2026-10-09T13:30:58Z,STR-E-1MHB-A,0.34 €/kWh
2026-10-09T13:30:58Z,STR-E-1MJQ-A,0.11 €/kWh
2026-10-09T13:30:58Z,STR-E-1X30-A,0 € + 0.2 €/kWh
2026-10-09T13:30:58Z,STR-E-21O1-A,0.21 €/kWh
2026-10-09T13:30:58Z,STR-E-21O1-B,0.21 €/kWh
2026-10-09T13:30:58Z,STR-E-2446-A,0 € + 0.2 €/kWh
2026-10-09T13:30:58Z,STR-E-2D12-A,0.11 €/kWh
2026-10-09T13:30:58Z,STR-E-2ED4-A,0.11 €/kWh
2026-10-09T13:30:58Z,STR-E-2K1Q-A,0 € + 0.2 €/kWh
2026-10-09T13:30:58Z,STR-E-2XDJ-A,0 € + 0.2 €/kWh
2026-10-09T13:30:58Z,STR-E-320G-A,0.11 €/kWh
2026-10-09T13:30:58Z,STR-E-3468-A,0.21 €/kWh
2026-10-09T13:30:58Z,STR-E-3468-B,0.21 €/kWh
2026-10-09T13:30:58Z,STR-E-3ENA-A,0.21 €/kWh
2026-10-09T13:30:58Z,STR-E-3ENA-B,0.21 €/kWh
2026-10-09T13:30:58Z,STR-E-3ENA-C,0.21 €/kWh
2026-10-09T13:30:58Z,STR-E-3FMF-A,0.21 €/kWh + 0.23 €
2026-10-09T13:30:58Z,STR-E-3FMF-B,0.21 €/kWh + 0.23 €
2026-10-09T13:30:58Z,STR-E-3PZS-A,0.11 €/kWh
2026-10-09T13:30:58Z,STR-E-3SXI-A,0.21 €/kWh
2026-10-09T13:30:58Z,STR-E-3SXI-B,0.21 €/kWh
2026-10-09T13:30:58Z,STR-E-3TZI-A,0.11 €/kWh
2026-10-09T13:30:58Z,STR-E-3WE5-A,0 € + 0.2 €/kWh
2026-10-09T13:30:58Z,STR-E-3YH3-A,0.08 € + 0.15 €/kWh
2026-10-09T13:30:58Z,STR-E-3YH3-B,0.08 € + 0.15 €/kWh
2026-10-09T13:30:58Z,STR-E-4156-A,0.27 €/kWh
2026-10-09T13:30:58Z,STR-E-4156-B,0.27 €/kWh
2026-10-09T13:30:58Z,STR-E-491A-A,0.21 €/kWh
2026-10-09T13:30:58Z,STR-E-491A-B,0.21 €/kWh
2026-10-09T13:30:58Z,STR-E-491A-C,0.21 €/kWh
2026-10-09T13:30:58Z,STR-E-4DE6-A,0.21 €/kWh
2026-10-09T13:30:58Z,STR-E-4DE6-B,0.21 €/kWh
2026-10-09T13:30:58Z,STR-E-4KWM-A,0.31 €/kWh
2026-10-09T13:30:58Z,STR-E-4KWM-B,0.31 €/kWh
2026-10-09T13:30:58Z,STR-E-4LRS-A,0.11 €/kWh
2026-10-09T13:30:58Z,STR-E-4UGU-A,0.11 €/kWh
2026-10-09T13:30:58Z,STR-E-4YKC-A,0 € + 0.2 €/kWh
2026-10-09T13:30:58Z,STR-E-527U-A,0 € + 0.2 €/kWh
2026-10-09T13:30:58Z,STR-E-54PK-A,0.08 € + 0.15 €/kWh
2026-10-09T13:30:58Z,STR-E-54PK-B,0.08 € + 0.15 €/kWh
2026-10-09T13:30:58Z,STR-E-55I4-A,0 € + 0.2 €/kWh
2026-10-09T13:30:58Z,STR-E-566J-A,0 € + 0.2 €/kWh
2026-10-09T13:30:58Z,STR-E-59TF-A,0.08 € + 0.15 €/kWh
2026-10-09T13:30:58Z,STR-E-5DWB-A,0.11 €/kWh
2026-10-09T13:30:58Z,STR-E-5TI5-A,0.11 €/kWh
2026-10-09T13:30:58Z,STR-E-69PN-A,0.11 €/kWh
2026-10-09T13:30:58Z,STR-E-6CNG-A,0.11 €/kWh
2026-10-09T13:30:58Z,STR-E-6E7W-A,0 € + 0.2 €/kWh
2026-10-09T13:30:58Z,STR-E-6SQH-A,0.11 €/kWh
2026-10-09T13:30:58Z,STR-E-6UZQ-A,0.21 €/kWh
2026-10-09T13:30:58Z,STR-E-6UZQ-B,0.21 €/kWh
2026-10-09T13:30:58Z,STR-E-6ZTQ-A,0 € + 0.2 €/kWh
2026-10-09T13:30:58Z,STR-E-7438-A,0 € + 0.2 €/kWh
2026-10-09T13:30:58Z,STR-E-7A48-A,0.08 € + 0.15 €/kWh
2026-10-09T13:30:58Z,STR-E-7YBN-A,0 € + 0.2 €/kWh
2026-10-09T13:30:58Z,STR-E-7Z8G-A,0.31 €/kWh
2026-10-09T13:30:58Z,STR-E-7Z8G-B,0.31 €/kWh
2026-10-09T13:30:58Z,STR-E-86C0-A,0.11 €/kWh
2026-10-09T13:30:58Z,STR-E-88SA-A,0.11 €/kWh
2026-10-09T13:30:58Z,STR-E-8A02-A,0 € + 0.2 €/kWh
2026-10-09T13:30:58Z,STR-E-8M2O-A,0.11 €/kWh
2026-10-09T13:30:58Z,STR-E-8Q9F-A,0 € + 0.2 €/kWh
2026-10-09T13:30:58Z,STR-E-8XL5-A,0.11 €/kWh
2026-10-09T13:30:58Z,STR-E-8Y23-A,0.11 €/kWh
2026-10-09T13:30:58Z,STR-E-92KW-A,0.21 €/kWh + 0.23 €
2026-10-09T13:30:58Z,STR-E-9AH3-A,0 € + 0.2 €/kWh
2026-10-09T13:30:58Z,STR-E-9I2R-A,0.11 €/kWh
2026-10-09T13:30:58Z,STR-E-9TUZ-A,0.11 €/kWh
2026-10-09T13:30:58Z,STR-E-9WY2-A,0.11 €/kWh
2026-10-09T13:30:58Z,STR-E-A169-A,0 € + 0.2 €/kWh
2026-10-09T13:30:58Z,STR-E-A27N-A,0.24 €/kWh
2026-10-09T13:30:58Z,STR-E-A27N-B,0.24 €/kWh
2026-10-09T13:30:58Z,STR-E-A27N-C,0.24 €/kWh
2026-10-09T13:30:58Z,STR-E-A442-A,0.11 €/kWh
2026-10-09T13:30:58Z,STR-E-AABG-A,0.11 €/kWh
2026-10-09T13:30:58Z,STR-E-ACMT-A,0.11 €/kWh
2026-10-09T13:30:58Z,STR-E-ADXE-A,0 € + 0.2 €/kWh
2026-10-09T13:30:58Z,STR-E-AF2O-A,0.08 € + 0.15 €/kWh
2026-10-09T13:30:58Z,STR-E-AMQK-A,0 € + 0.2 €/kWh
2026-10-09T13:30:58Z,STR-E-ANJ0-A,0.21 €/kWh + 0.23 €
2026-10-09T13:30:58Z,STR-E-ANJ0-B,0.21 €/kWh + 0.23 €
2026-10-09T13:30:58Z,STR-E-AP96-A,0.21 €/kWh + 0.23 €
2026-10-09T13:30:58Z,STR-E-AP96-B,0.21 €/kWh + 0.23 €
2026-10-09T13:30:58Z,STR-E-AUQ2-A,0 € + 0.2 €/kWh
2026-10-09T13:30:58Z,STR-E-AWF1-A,0.08 € + 0.15 €/kWh
2026-10-09T13:30:58Z,STR-E-AWF1-B,0.08 € + 0.15 €/kWh
2026-10-09T13:30:58Z,STR-E-AWJ9-A,0.24 €/kWh
2026-10-09T13:30:58Z,STR-E-AWJ9-B,0.24 €/kWh
2026-10-09T13:30:58Z,STR-E-B36V-A,0.19 € + 0.28 €/kWh
2026-10-09T13:30:58Z,STR-E-B36V-B,0.19 € + 0.28 €/kWh
2026-10-09T13:30:58Z,STR-E-BIKW-A,0.21 €/kWh + 0.23 €
2026-10-09T13:30:58Z,STR-E-BIKW-B,0.21 €/kWh + 0.23 €
2026-10-09T13:30:58Z,STR-E-BXA5-A,0.11 €/kWh
2026-10-09T13:30:58Z,STR-E-C91L-A,0.11 €/kWh
2026-10-09T13:30:58Z,STR-E-C99Z-A,0 € + 0.2 €/kWh
2026-10-09T13:30:58Z,STR-E-D3MB-A,0.21 €/kWh + 0.23 €
2026-10-09T13:30:58Z,STR-E-D3MB-B,0.21 €/kWh + 0.23 €
2026-10-09T13:30:58Z,STR-E-DBCC-A,0.08 € + 0.15 €/kWh
2026-10-09T13:30:58Z,STR-E-DBCC-B,0.08 € + 0.15 €/kWh
2026-10-09T13:30:58Z,STR-E-DHEJ-A,0 € + 0.2 €/kWh
2026-10-09T13:30:58Z,STR-E-E0DZ-A,0.21 €/kWh
2026-10-09T13:30:58Z,STR-E-E0DZ-B,0.21 €/kWh
2026-10-09T13:30:58Z,STR-E-E7HH-A,0.11 €/kWh
2026-10-09T13:30:58Z,STR-E-ECI7-A,0 € + 0.2 €/kWh
2026-10-09T13:30:58Z,STR-E-EFXK-A,0 € + 0.2 €/kWh
2026-10-09T13:30:58Z,STR-E-ELFQ-A,0.21 €/kWh + 0.23 €
2026-10-09T13:30:58Z,STR-E-ELFQ-B,0.21 €/kWh + 0.23 €
2026-10-09T13:30:58Z,STR-E-EPQY-A,0 € + 0.2 €/kWh
2026-10-09T13:30:58Z,STR-E-ER2N-A,0 € + 0.2 €/kWh
2026-10-09T13:30:58Z,STR-E-ES3O-A,0 € + 0.2 €/kWh
2026-10-09T13:30:58Z,STR-E-EU1U-A,0.11 €/kWh
2026-10-09T13:30:58Z,STR-E-F2G0-A,0.08 € + 0.15 €/kWh
2026-10-09T13:30:58Z,STR-E-F2G0-B,0.08 € + 0.15 €/kWh
2026-10-09T13:30:58Z,STR-E-F4B3-A,0.11 €/kWh
2026-10-09T13:30:58Z,STR-E-F5LZ-A,0.11 €/kWh
2026-10-09T13:30:58Z,STR-E-F79A-A,0.21 €/kWh + 0.23 €
2026-10-09T13:30:58Z,STR-E-F79A-B,0.21 €/kWh + 0.23 €
2026-10-09T13:30:58Z,STR-E-FGMF-A,0.11 €/kWh
2026-10-09T13:30:58Z,STR-E-FK06-A,0.11 €/kWh
2026-10-09T13:30:58Z,STR-E-FKUY-A,0 € + 0.2 €/kWh
2026-10-09T13:30:58Z,STR-E-FUE8-A,0.08 € + 0.15 €/kWh
2026-10-09T13:30:58Z,STR-E-FUE8-B,0.08 € + 0.15 €/kWh
2026-10-09T13:30:58Z,STR-E-G4VM-A,0.11 €/kWh
2026-10-09T13:30:58Z,STR-E-G518-A,0.11 €/kWh
2026-10-09T13:30:58Z,STR-E-GB9A-A,0.11 €/kWh
2026-10-09T13:30:58Z,STR-E-GE77-A,0.31 €/kWh
2026-10-09T13:30:58Z,STR-E-GE77-B,0.31 €/kWh
2026-10-09T13:30:58Z,STR-E-GFB3-A,0 € + 0.2 €/kWh
2026-10-09T13:30:58Z,STR-E-GGV8-A,0.11 €/kWh
2026-10-09T13:30:58Z,STR-E-GHJA-A,0.11 €/kWh
2026-10-09T13:30:58Z,STR-E-GK0C-A,0 € + 0.2 €/kWh
2026-10-09T13:30:58Z,STR-E-GR5K-A,0.11 €/kWh
2026-10-09T13:30:58Z,STR-E-H6Q5-A,0.11 €/kWh
2026-10-09T13:30:58Z,STR-E-HHXV-A,0 € + 0.2 €/kWh
2026-10-09T13:30:58Z,STR-E-I1KE-A,0 € + 0.2 €/kWh
2026-10-09T13:30:58Z,STR-E-I4UZ-A,0.11 €/kWh
2026-10-09T13:30:58Z,STR-E-I5FH-A,0.11 €/kWh
2026-10-09T13:30:58Z,STR-E-I8C6-A,0.11 €/kWh
2026-10-09T13:30:58Z,STR-E-IA3X-A,0.11 €/kWh
2026-10-09T13:30:58Z,STR-E-IAO5-A,0 € + 0.2 €/kWh
2026-10-09T13:30:58Z,STR-E-IGH5-A,0.21 €/kWh + 0.23 €
2026-10-09T13:30:58Z,STR-E-IGH5-B,0.21 €/kWh + 0.23 €
2026-10-09T13:30:58Z,STR-E-IIKL-A,0.08 € + 0.15 €/kWh
2026-10-09T13:30:58Z,STR-E-IIKL-B,0.08 € + 0.15 €/kWh
2026-10-09T13:30:58Z,STR-E-IPEC-A,0 € + 0.2 €/kWh
2026-10-09T13:30:58Z,STR-E-IV6T-A,0 € + 0.2 €/kWh
2026-10-09T13:30:58Z,STR-E-J54N-A,0 € + 0.2 €/kWh
2026-10-09T13:30:58Z,STR-E-J6DA-A,0 € + 0.2 €/kWh
2026-10-09T13:30:58Z,STR-E-J8VF-A,0 € + 0.2 €/kWh
2026-10-09T13:30:58Z,STR-E-JG90-A,0.12 €/kWh + 0.3 €
2026-10-09T13:30:58Z,STR-E-JG90-B,0.12 €/kWh + 0.3 €
2026-10-09T13:30:58Z,STR-E-JMOR-A,0 € + 0.2 €/kWh
2026-10-09T13:30:58Z,STR-E-JVO0-A,0.11 €/kWh
2026-10-09T13:30:58Z,STR-E-K217-A,0 € + 0.2 €/kWh
2026-10-09T13:30:58Z,STR-E-K73C-A,0.21 €/kWh + 0.23 €
2026-10-09T13:30:58Z,STR-E-K73C-B,0.21 €/kWh + 0.23 €
2026-10-09T13:30:58Z,STR-E-KBZL-A,0.11 €/kWh
2026-10-09T13:30:58Z,STR-E-KOHN-A,0 € + 0.2 €/kWh
2026-10-09T13:30:58Z,STR-E-KT5B-A,0 € + 0.2 €/kWh
2026-10-09T13:30:58Z,STR-E-KUKS-A,0.08 € + 0.15 €/kWh
2026-10-09T13:30:58Z,STR-E-KUKS-B,0.08 € + 0.15 €/kWh
2026-10-09T13:30:58Z,STR-E-L84D-A,0.11 €/kWh
2026-10-09T13:30:58Z,STR-E-LISV-A,0.11 €/kWh
2026-10-09T13:30:58Z,STR-E-LKFQ-A,0.11 €/kWh
2026-10-09T13:30:58Z,STR-E-LREY-A,0.34 €/kWh
2026-10-09T13:30:58Z,STR-E-M1IB-A,0.11 €/kWh
2026-10-09T13:30:58Z,STR-E-M8WL-A,0.11 €/kWh
2026-10-09T13:30:58Z,STR-E-M9W7-A,0.11 €/kWh
2026-10-09T13:30:58Z,STR-E-MIP3-A,0.21 €/kWh
2026-10-09T13:30:58Z,STR-E-MIP3-B,0.21 €/kWh
2026-10-09T13:30:58Z,STR-E-MSEN-A,0.11 €/kWh
2026-10-09T13:30:58Z,STR-E-MSUL-A,0.11 €/kWh
2026-10-09T13:30:58Z,STR-E-N6P5-A,0.11 €/kWh
2026-10-09T13:30:58Z,STR-E-NCKT-A,0.08 € + 0.15 €/kWh
2026-10-09T13:30:58Z,STR-E-NCKT-B,0.08 € + 0.15 €/kWh
2026-10-09T13:30:58Z,STR-E-NDU2-A,0 € + 0.2 €/kWh
2026-10-09T13:30:58Z,STR-E-NDZ4-A,0 € + 0.2 €/kWh
2026-10-09T13:30:58Z,STR-E-NFV5-A,0 € + 0.2 €/kWh
2026-10-09T13:30:58Z,STR-E-NNGC-A,0.11 €/kWh
2026-10-09T13:30:58Z,STR-E-NSGB-A,0 € + 0.2 €/kWh
2026-10-09T13:30:58Z,STR-E-NY0Q-A,0.15 € + 0.21 €/kWh
2026-10-09T13:30:58Z,STR-E-O0VK-A,0.11 €/kWh
2026-10-09T13:30:58Z,STR-E-O5JX-A,0 € + 0.2 €/kWh
2026-10-09T13:30:58Z,STR-E-O5YW-A,0.08 € + 0.15 €/kWh
2026-10-09T13:30:58Z,STR-E-O5YW-B,0.08 € + 0.15 €/kWh
2026-10-09T13:30:58Z,STR-E-ODBK-A,0.31 €/kWh
2026-10-09T13:30:58Z,STR-E-ODBK-B,0.31 €/kWh
2026-10-09T13:30:58Z,STR-E-OFWF-A,0 € + 0.2 €/kWh
2026-10-09T13:30:58Z,STR-E-OG1X-A,0.11 €/kWh
2026-10-09T13:30:58Z,STR-E-OHH6-A,0 € + 0.2 €/kWh
2026-10-09T13:30:58Z,STR-E-OJ3E-A,0.21 €/kWh + 0.23 €
2026-10-09T13:30:58Z,STR-E-OJ3E-B,0.21 €/kWh + 0.23 €
2026-10-09T13:30:58Z,STR-E-OQKZ-A,0.11 €/kWh
2026-10-09T13:30:58Z,STR-E-P46N-A,0 € + 0.2 €/kWh
2026-10-09T13:30:58Z,STR-E-P7AF-A,0.08 € + 0.15 €/kWh
2026-10-09T13:30:58Z,STR-E-P7AF-B,0.08 € + 0.15 €/kWh
2026-10-09T13:30:58Z,STR-E-PC04-A,0.11 €/kWh
2026-10-09T13:30:58Z,STR-E-PDR2-A,0.11 €/kWh
2026-10-09T13:30:58Z,STR-E-PJCQ-A,0.08 € + 0.15 €/kWh
2026-10-09T13:30:58Z,STR-E-PJCQ-B,0.08 € + 0.15 €/kWh
2026-10-09T13:30:58Z,STR-E-PM3P-A,0.21 €/kWh + 0.23 €
2026-10-09T13:30:58Z,STR-E-PM3P-B,0.21 €/kWh + 0.23 €
2026-10-09T13:30:58Z,STR-E-PRUQ-A,0.11 €/kWh
2026-10-09T13:30:58Z,STR-E-PSU9-A,0.11 €/kWh
2026-10-09T13:30:58Z,STR-E-PZ9U-A,0.11 €/kWh
2026-10-09T13:30:58Z,STR-E-PZES-A,0.11 €/kWh
2026-10-09T13:30:58Z,STR-E-Q5YF-A,0.21 €/kWh + 0.23 €
2026-10-09T13:30:58Z,STR-E-Q5YF-B,0.21 €/kWh + 0.23 €
2026-10-09T13:30:58Z,STR-E-Q7LB-A,0.21 €/kWh + 0.23 €
2026-10-09T13:30:58Z,STR-E-Q7LB-B,0.21 €/kWh + 0.23 €
2026-10-09T13:30:58Z,STR-E-QAXH-A,0.15 € + 0.21 €/kWh
2026-10-09T13:30:58Z,STR-E-QE1X-A,0.08 € + 0.15 €/kWh
2026-10-09T13:30:58Z,STR-E-QE1X-B,0.08 € + 0.15 €/kWh
2026-10-09T13:30:58Z,STR-E-QEDL-A,0.11 €/kWh
2026-10-09T13:30:58Z,STR-E-QIQM-A,0.11 €/kWh
2026-10-09T13:30:58Z,STR-E-QLC9-A,0.21 €/kWh
2026-10-09T13:30:58Z,STR-E-QLC9-B,0.21 €/kWh
2026-10-09T13:30:58Z,STR-E-R0J8-A,0.11 €/kWh
2026-10-09T13:30:58Z,STR-E-R1MT-A,0.21 €/kWh + 0.23 €
2026-10-09T13:30:58Z,STR-E-R1MT-B,0.21 €/kWh + 0.23 €
2026-10-09T13:30:58Z,STR-E-R1PI-A,0.21 €/kWh + 0.23 €
2026-10-09T13:30:58Z,STR-E-R1PI-B,0.21 €/kWh + 0.23 €
2026-10-09T13:30:58Z,STR-E-R2LK-A,0.21 €/kWh + 0.23 €
2026-10-09T13:30:58Z,STR-E-R2LK-B,0.21 €/kWh + 0.23 €
2026-10-09T13:30:58Z,STR-E-R8PQ-A,0 € + 0.2 €/kWh
2026-10-09T13:30:58Z,STR-E-R9GA-A,0.11 €/kWh
2026-10-09T13:30:58Z,STR-E-RJH9-A,0.11 €/kWh
2026-10-09T13:30:58Z,STR-E-RKWJ-A,0.11 €/kWh
2026-10-09T13:30:58Z,STR-E-S42D-A,0.11 €/kWh
2026-10-09T13:30:58Z,STR-E-S6VR-A,0 € + 0.2 €/kWh
2026-10-09T13:30:58Z,STR-E-S7YR-A,0.21 €/kWh + 0.23 €
2026-10-09T13:30:58Z,STR-E-S7YR-B,0.21 €/kWh + 0.23 €
2026-10-09T13:30:58Z,STR-E-SGC2-A,0 € + 0.2 €/kWh
2026-10-09T13:30:58Z,STR-E-SJKA-A,0.11 €/kWh
2026-10-09T13:30:58Z,STR-E-SQX8-A,0.08 € + 0.15 €/kWh
2026-10-09T13:30:58Z,STR-E-SQX8-B,0.08 € + 0.15 €/kWh
2026-10-09T13:30:58Z,STR-E-SVR3-A,0.21 €/kWh + 0.23 €
2026-10-09T13:30:58Z,STR-E-SVR3-B,0.21 €/kWh + 0.23 €
2026-10-09T13:30:58Z,STR-E-SY9Y-A,0.11 €/kWh
2026-10-09T13:30:58Z,STR-E-TO2O-A,0.11 €/kWh
2026-10-09T13:30:58Z,STR-E-TX67-A,0.24 €/kWh
2026-10-09T13:30:58Z,STR-E-TX67-B,0.24 €/kWh
2026-10-09T13:30:58Z,STR-E-U41O-A,0 € + 0.2 €/kWh
2026-10-09T13:30:58Z,STR-E-U5TP-A,0.11 €/kWh
2026-10-09T13:30:58Z,STR-E-UKPS-A,0.15 € + 0.21 €/kWh
2026-10-09T13:30:58Z,STR-E-UPAQ-A,0.21 €/kWh
2026-10-09T13:30:58Z,STR-E-UPAQ-B,0.21 €/kWh
2026-10-09T13:30:58Z,STR-E-UPOS-A,0.08 € + 0.15 €/kWh
2026-10-09T13:30:58Z,STR-E-UPOS-B,0.08 € + 0.15 €/kWh
2026-10-09T13:30:58Z,STR-E-UY5H-A,0.11 €/kWh
2026-10-09T13:30:58Z,STR-E-V17G-A,0.11 €/kWh
2026-10-09T13:30:58Z,STR-E-V31J-A,0.11 €/kWh
2026-10-09T13:30:58Z,STR-E-V50T-A,0.11 €/kWh
2026-10-09T13:30:58Z,STR-E-V9SD-A,0.11 €/kWh
2026-10-09T13:30:58Z,STR-E-V9ZR-A,0.11 €/kWh
2026-10-09T13:30:58Z,STR-E-VBMP-A,0.11 €/kWh
2026-10-09T13:30:58Z,STR-E-VJBJ-A,0 € + 0.2 €/kWh
2026-10-09T13:30:58Z,STR-E-VPDB-A,0.11 €/kWh
2026-10-09T13:30:58Z,STR-E-VQ06-A,0 € + 0.2 €/kWh
2026-10-09T13:30:58Z,STR-E-VSDJ-A,0.24 €/kWh
2026-10-09T13:30:58Z,STR-E-VSDJ-B,0.24 €/kWh
2026-10-09T13:30:58Z,STR-E-VT0G-A,0.11 €/kWh
2026-10-09T13:30:58Z,STR-E-VX2O-A,0 € + 0.2 €/kWh
2026-10-09T13:30:58Z,STR-E-VXGH-A,0.11 €/kWh
2026-10-09T13:30:58Z,STR-E-W1X4-A,0.11 €/kWh
2026-10-09T13:30:58Z,STR-E-WEE3-A,0.21 €/kWh + 0.23 €
2026-10-09T13:30:58Z,STR-E-WEE3-B,0.21 €/kWh + 0.23 €
2026-10-09T13:30:58Z,STR-E-WHZ1-A,0 € + 0.2 €/kWh
2026-10-09T13:30:58Z,STR-E-WLGM-A,0 € + 0.2 €/kWh
2026-10-09T13:30:58Z,STR-E-WTQ5-A,0.21 €/kWh
2026-10-09T13:30:58Z,STR-E-WXV8-A,0.11 €/kWh
2026-10-09T13:30:58Z,STR-E-WYFE-A,0.21 €/kWh
2026-10-09T13:30:58Z,STR-E-WYFE-B,0.21 €/kWh
2026-10-09T13:30:58Z,STR-E-WYYC-A,0.21 €/kWh + 0.23 €
2026-10-09T13:30:58Z,STR-E-WYYC-B,0.21 €/kWh + 0.23 €
2026-10-09T13:30:58Z,STR-E-WZW9-A,0.11 €/kWh
2026-10-09T13:30:58Z,STR-E-X525-A,0.11 €/kWh
2026-10-09T13:30:58Z,STR-E-X54O-A,0 € + 0.2 €/kWh
2026-10-09T13:30:58Z,STR-E-XCMJ-A,0.08 € + 0.15 €/kWh
2026-10-09T13:30:58Z,STR-E-XCMJ-B,0.08 € + 0.15 €/kWh
2026-10-09T13:30:58Z,STR-E-XFON-A,0.11 €/kWh
2026-10-09T13:30:58Z,STR-E-XG69-A,0.08 € + 0.15 €/kWh
2026-10-09T13:30:58Z,STR-E-XG69-B,0.08 € + 0.15 €/kWh
2026-10-09T13:30:58Z,STR-E-XH51-A,0 € + 0.2 €/kWh
2026-10-09T13:30:58Z,STR-E-XKW2-A,0.21 €/kWh + 0.23 €
2026-10-09T13:30:58Z,STR-E-XKW2-B,0.21 €/kWh + 0.23 €
2026-10-09T13:30:58Z,STR-E-XRV8-A,0 € + 0.2 €/kWh
2026-10-09T13:30:58Z,STR-E-Y7JK-A,0 € + 0.2 €/kWh
2026-10-09T13:30:58Z,STR-E-Y82E-A,0 € + 0.2 €/kWh
2026-10-09T13:30:58Z,STR-E-YC50-A,0.11 €/kWh
2026-10-09T13:30:58Z,STR-E-Z2PJ-A,0.08 € + 0.15 €/kWh
2026-10-09T13:30:58Z,STR-E-Z2PJ-B,0.08 € + 0.15 €/kWh
2026-10-09T13:30:58Z,STR-E-ZA6O-A,0.11 €/kWh
2026-10-09T13:30:58Z,STR-E-ZEP7-A,0 € + 0.2 €/kWh
2026-10-09T13:30:58Z,STR-E-ZIAZ-A,0 € + 0.2 €/kWh
2026-10-09T13:30:58Z,STR-E-ZK9W-A,0 € + 0.2 €/kWh
2026-10-09T13:30:58Z,STR-E-ZS00-A,0.21 €/kWh + 0.23 €
2026-10-09T13:30:58Z,STR-E-ZS00-B,0.21 €/kWh + 0.23 €
2026-10-09T13:30:58Z,STR-E-ZWU5-A,0.08 € + 0.15 €/kWh
2026-10-09T13:30:58Z,STR-E-ZWU5-B,0.08 € + 0.15 €/kWh
2026-10-09T13:46:22Z,IKR-E-1220-A,0.3 € + 0.35 €/kWh
2026-10-09T13:46:22Z,IKR-E-1871-A,0.3 € + 0.35 €/kWh
2026-10-09T13:46:22Z,IKR-E-2G8J-A,0.3 € + 0.35 €/kWh
2026-10-09T13:46:22Z,IKR-E-3TSR-A,0.3 € + 0.35 €/kWh
2026-10-09T13:46:22Z,IKR-E-5715-A,0.3 € + 0.35 €/kWh
2026-10-09T13:46:22Z,IKR-E-5730-A,0.3 € + 0.41 €/kWh
2026-10-09T13:46:22Z,IKR-E-5CGU-A,0.3 € + 0.35 €/kWh
2026-10-09T13:46:22Z,IKR-E-7718-A,0.3 € + 0.41 €/kWh
2026-10-09T13:46:22Z,IKR-E-DVCM-A,0.3 € + 0.35 €/kWh
2026-10-09T13:46:22Z,IKR-E-E228-A,0.3 € + 0.35 €/kWh
2026-10-09T13:46:22Z,IKR-E-E475-A,0.3 € + 0.38 €/kWh
2026-10-09T13:46:22Z,IKR-E-E544-A,0.3 € + 0.38 €/kWh
2026-10-09T13:46:22Z,IKR-E-EKZA-A,0.3 € + 0.35 €/kWh
2026-10-09T13:46:22Z,IKR-E-GAY9-A,0.3 € + 0.35 €/kWh
2026-10-09T13:46:22Z,IKR-E-IZW2-A,0.3 € + 0.35 €/kWh
2026-10-09T13:46:22Z,IKR-E-J1JV-A,0.3 € + 0.35 €/kWh
2026-10-09T13:46:22Z,IKR-E-JJAJ-A,0.3 € + 0.35 €/kWh
2026-10-09T13:46:22Z,IKR-E-KMBH-A,0.3 € + 0.35 €/kWh
2026-10-09T13:46:22Z,IKR-E-LJZI-A,0.3 € + 0.35 €/kWh
2026-10-09T13:46:22Z,IKR-E-MAU9-A,0.29 € + 0.25 €/kWh
2026-10-09T13:46:22Z,IKR-E-OWF5-A,0.3 € + 0.38 €/kWh
2026-10-09T13:46:22Z,IKR-E-W6HQ-A,0.29 € + 0.25 €/kWh
2026-10-09T13:46:22Z,IKR-E-XIH2-A,0.3 € + 0.35 €/kWh
2026-10-09T13:46:22Z,IKR-E-Y2Z8-A,0.3 € + 0.31 €/kWh
2026-10-09T13:46:22Z,IKR-P-IV7E-B,0.3 € + 0.35 €/kWh
2026-10-09T13:46:22Z,IKR-P-SCM5-A,0.3 € + 0.38 €/kWh
2026-10-09T13:46:22Z,IKR-P-V9X4-A,0.3 € + 0.38 €/kWh
2026-10-09T13:46:22Z,IKR-P-V9X4-B,0.3 € + 0.38 €/kWh
2026-10-09T13:46:22Z,STR-E-02VO-A,0.23 €/kWh
2026-10-09T13:46:22Z,STR-E-02VO-B,0.23 €/kWh
2026-10-09T13:46:22Z,STR-E-1MHB-A,0.33 €/kWh
2026-10-09T13:46:22Z,STR-E-491A-A,0.2 €/kWh
2026-10-09T13:46:22Z,STR-E-491A-B,0.2 €/kWh
2026-10-09T13:46:22Z,STR-E-491A-C,0.2 €/kWh
2026-10-09T13:46:22Z,STR-E-4DE6-A,0.2 €/kWh
2026-10-09T13:46:22Z,STR-E-4DE6-B,0.2 €/kWh
2026-10-09T13:46:22Z,STR-E-4KWM-A,0.3 €/kWh
2026-10-09T13:46:22Z,STR-E-4KWM-B,0.3 €/kWh
2026-10-09T13:46:22Z,STR-E-7Z8G-A,0.3 €/kWh
2026-10-09T13:46:22Z,STR-E-7Z8G-B,0.3 €/kWh
2026-10-09T13:46:22Z,STR-E-A27N-A,0.23 €/kWh
2026-10-09T13:46:22Z,STR-E-A27N-B,0.23 €/kWh
2026-10-09T13:46:22Z,STR-E-A27N-C,0.23 €/kWh
2026-10-09T13:46:22Z,STR-E-AWJ9-A,0.23 €/kWh
2026-10-09T13:46:22Z,STR-E-AWJ9-B,0.23 €/kWh
2026-10-09T13:46:22Z,STR-E-GE77-A,0.3 €/kWh
2026-10-09T13:46:22Z,STR-E-GE77-B,0.3 €/kWh
2026-10-09T13:46:22Z,STR-E-LREY-A,0.33 €/kWh
2026-10-09T13:46:22Z,STR-E-MIP3-A,0.2 €/kWh
2026-10-09T13:46:22Z,STR-E-MIP3-B,0.2 €/kWh
2026-10-09T13:46:22Z,STR-E-ODBK-A,0.3 €/kWh
2026-10-09T13:46:22Z,STR-E-ODBK-B,0.3 €/kWh
2026-10-09T13:46:22Z,STR-E-QLC9-A,0.2 €/kWh
2026-10-09T13:46:22Z,STR-E-QLC9-B,0.2 €/kWh
2026-10-09T13:46:22Z,STR-E-TX67-A,0.23 €/kWh
2026-10-09T13:46:22Z,STR-E-TX67-B,0.23 €/kWh
2026-10-09T13:46:22Z,STR-E-UPAQ-A,0.2 €/kWh
2026-10-09T13:46:22Z,STR-E-UPAQ-B,0.2 €/kWh
2026-10-09T13:46:22Z,STR-E-VSDJ-A,0.23 €/kWh
2026-10-09T13:46:22Z,STR-E-VSDJ-B,0.23 €/kWh
2026-10-09T14:02:24Z,IKR-E-1220-A,0.3 € + 0.33 €/kWh
2026-10-09T14:02:24Z,IKR-E-1871-A,0.3 € + 0.33 €/kWh
2026-10-09T14:02:24Z,IKR-E-2G8J-A,0.3 € + 0.33 €/kWh
2026-10-09T14:02:24Z,IKR-E-3TSR-A,0.3 € + 0.33 €/kWh
2026-10-09T14:02:24Z,IKR-E-5715-A,0.3 € + 0.33 €/kWh
2026-10-09T14:02:24Z,IKR-E-5730-A,0.3 € + 0.39 €/kWh
2026-10-09T14:02:24Z,IKR-E-5CGU-A,0.3 € + 0.33 €/kWh
2026-10-09T14:02:24Z,IKR-E-7718-A,0.3 € + 0.39 €/kWh
2026-10-09T14:02:24Z,IKR-E-DVCM-A,0.3 € + 0.33 €/kWh
2026-10-09T14:02:24Z,IKR-E-E228-A,0.3 € + 0.34 €/kWh
2026-10-09T14:02:24Z,IKR-E-E475-A,0.3 € + 0.36 €/kWh
2026-10-09T14:02:24Z,IKR-E-E544-A,0.3 € + 0.36 €/kWh
2026-10-09T14:02:24Z,IKR-E-EKZA-A,0.3 € + 0.34 €/kWh
2026-10-09T14:02:24Z,IKR-E-GAY9-A,0.3 € + 0.33 €/kWh
2026-10-09T14:02:24Z,IKR-E-IZW2-A,0.3 € + 0.33 €/kWh
2026-10-09T14:02:24Z,IKR-E-J1JV-A,0.3 € + 0.34 €/kWh
2026-10-09T14:02:24Z,IKR-E-JJAJ-A,0.3 € + 0.33 €/kWh
2026-10-09T14:02:24Z,IKR-E-KMBH-A,0.3 € + 0.33 €/kWh
2026-10-09T14:02:24Z,IKR-E-LJZI-A,0.3 € + 0.33 €/kWh
2026-10-09T14:02:24Z,IKR-E-XIH2-A,0.3 € + 0.33 €/kWh
2026-10-09T14:02:24Z,IKR-E-Y2Z8-A,0.3 € + 0.3 €/kWh
2026-10-09T14:02:24Z,IKR-P-IV7E-B,0.3 € + 0.33 €/kWh
2026-10-09T14:02:24Z,STR-E-02VO-A,0.24 €/kWh
2026-10-09T14:02:24Z,STR-E-02VO-B,0.24 €/kWh
2026-10-09T14:02:24Z,STR-E-051F-A,0.08 € + 0.16 €/kWh
2026-10-09T14:02:24Z,STR-E-10G9-A,0.08 € + 0.16 €/kWh
2026-10-09T14:02:24Z,STR-E-10G9-B,0.08 € + 0.16 €/kWh
2026-10-09T14:02:24Z,STR-E-1ME5-A,0.08 € + 0.16 €/kWh
2026-10-09T14:02:24Z,STR-E-1ME5-B,0.08 € + 0.16 €/kWh
2026-10-09T14:02:24Z,STR-E-1MHB-A,0.34 €/kWh
2026-10-09T14:02:24Z,STR-E-3YH3-A,0.08 € + 0.16 €/kWh
2026-10-09T14:02:24Z,STR-E-3YH3-B,0.08 € + 0.16 €/kWh
2026-10-09T14:02:24Z,STR-E-491A-A,0.21 €/kWh
2026-10-09T14:02:24Z,STR-E-491A-B,0.21 €/kWh
2026-10-09T14:02:24Z,STR-E-491A-C,0.21 €/kWh
2026-10-09T14:02:24Z,STR-E-4DE6-A,0.21 €/kWh
2026-10-09T14:02:24Z,STR-E-4DE6-B,0.21 €/kWh
2026-10-09T14:02:24Z,STR-E-4KWM-A,0.31 €/kWh
2026-10-09T14:02:24Z,STR-E-4KWM-B,0.31 €/kWh
2026-10-09T14:02:24Z,STR-E-54PK-A,0.08 € + 0.16 €/kWh
2026-10-09T14:02:24Z,STR-E-54PK-B,0.08 € + 0.16 €/kWh
2026-10-09T14:02:24Z,STR-E-59TF-A,0.08 € + 0.16 €/kWh
2026-10-09T14:02:24Z,STR-E-7A48-A,0.08 € + 0.16 €/kWh
2026-10-09T14:02:24Z,STR-E-7Z8G-A,0.31 €/kWh
2026-10-09T14:02:24Z,STR-E-7Z8G-B,0.31 €/kWh
2026-10-09T14:02:24Z,STR-E-A27N-A,0.24 €/kWh
2026-10-09T14:02:24Z,STR-E-A27N-B,0.24 €/kWh
2026-10-09T14:02:24Z,STR-E-A27N-C,0.24 €/kWh
2026-10-09T14:02:24Z,STR-E-AF2O-A,0.08 € + 0.16 €/kWh
2026-10-09T14:02:24Z,STR-E-AWF1-A,0.08 € + 0.16 €/kWh
2026-10-09T14:02:24Z,STR-E-AWF1-B,0.08 € + 0.16 €/kWh
2026-10-09T14:02:24Z,STR-E-AWJ9-A,0.24 €/kWh
2026-10-09T14:02:24Z,STR-E-AWJ9-B,0.24 €/kWh
2026-10-09T14:02:24Z,STR-E-DBCC-A,0.08 € + 0.16 €/kWh
2026-10-09T14:02:24Z,STR-E-DBCC-B,0.08 € + 0.16 €/kWh
2026-10-09T14:02:24Z,STR-E-F2G0-A,0.08 € + 0.16 €/kWh
2026-10-09T14:02:24Z,STR-E-F2G0-B,0.08 € + 0.16 €/kWh
2026-10-09T14:02:24Z,STR-E-FUE8-A,0.08 € + 0.16 €/kWh
2026-10-09T14:02:24Z,STR-E-FUE8-B,0.08 € + 0.16 €/kWh
2026-10-09T14:02:24Z,STR-E-GE77-A,0.31 €/kWh
2026-10-09T14:02:24Z,STR-E-GE77-B,0.31 €/kWh
2026-10-09T14:02:24Z,STR-E-IIKL-A,0.08 € + 0.16 €/kWh
2026-10-09T14:02:24Z,STR-E-IIKL-B,0.08 € + 0.16 €/kWh
2026-10-09T14:02:24Z,STR-E-KUKS-A,0.08 € + 0.16 €/kWh
2026-10-09T14:02:24Z,STR-E-KUKS-B,0.08 € + 0.16 €/kWh
2026-10-09T14:02:24Z,STR-E-LREY-A,0.34 €/kWh
2026-10-09T14:02:24Z,STR-E-MIP3-A,0.21 €/kWh
2026-10-09T14:02:24Z,STR-E-MIP3-B,0.21 €/kWh
2026-10-09T14:02:24Z,STR-E-NCKT-A,0.08 € + 0.16 €/kWh
2026-10-09T14:02:24Z,STR-E-NCKT-B,0.08 € + 0.16 €/kWh
2026-10-09T14:02:24Z,STR-E-NY0Q-A,0.15 € + 0.22 €/kWh
2026-10-09T14:02:24Z,STR-E-O5YW-A,0.08 € + 0.16 €/kWh
2026-10-09T14:02:24Z,STR-E-O5YW-B,0.08 € + 0.16 €/kWh
2026-10-09T14:02:24Z,STR-E-ODBK-A,0.31 €/kWh
2026-10-09T14:02:24Z,STR-E-ODBK-B,0.31 €/kWh
2026-10-09T14:02:24Z,STR-E-P7AF-A,0.08 € + 0.16 €/kWh
2026-10-09T14:02:24Z,STR-E-P7AF-B,0.08 € + 0.16 €/kWh
2026-10-09T14:02:24Z,STR-E-PJCQ-A,0.08 € + 0.16 €/kWh
2026-10-09T14:02:24Z,STR-E-PJCQ-B,0.08 € + 0.16 €/kWh
2026-10-09T14:02:24Z,STR-E-QAXH-A,0.15 € + 0.22 €/kWh
2026-10-09T14:02:24Z,STR-E-QE1X-A,0.08 € + 0.16 €/kWh
2026-10-09T14:02:24Z,STR-E-QE1X-B,0.08 € + 0.16 €/kWh
2026-10-09T14:02:24Z,STR-E-QLC9-A,0.21 €/kWh
2026-10-09T14:02:24Z,STR-E-QLC9-B,0.21 €/kWh
2026-10-09T14:02:24Z,STR-E-SQX8-A,0.08 € + 0.16 €/kWh
2026-10-09T14:02:24Z,STR-E-SQX8-B,0.08 € + 0.16 €/kWh
2026-10-09T14:02:24Z,STR-E-TX67-A,0.24 €/kWh
2026-10-09T14:02:24Z,STR-E-TX67-B,0.24 €/kWh
2026-10-09T14:02:24Z,STR-E-UKPS-A,0.15 € + 0.22 €/kWh
2026-10-09T14:02:24Z,STR-E-UPAQ-A,0.21 €/kWh
2026-10-09T14:02:24Z,STR-E-UPAQ-B,0.21 €/kWh
2026-10-09T14:02:24Z,STR-E-UPOS-A,0.08 € + 0.16 €/kWh
2026-10-09T14:02:24Z,STR-E-UPOS-B,0.08 € + 0.16 €/kWh
2026-10-09T14:02:24Z,STR-E-VSDJ-A,0.24 €/kWh
2026-10-09T14:02:24Z,STR-E-VSDJ-B,0.24 €/kWh
2026-10-09T14:02:24Z,STR-E-XCMJ-A,0.08 € + 0.16 €/kWh
2026-10-09T14:02:24Z,STR-E-XCMJ-B,0.08 € + 0.16 €/kWh
2026-10-09T14:02:24Z,STR-E-XG69-A,0.08 € + 0.16 €/kWh
2026-10-09T14:02:24Z,STR-E-XG69-B,0.08 € + 0.16 €/kWh
2026-10-09T14:02:24Z,STR-E-Z2PJ-A,0.08 € + 0.16 €/kWh
2026-10-09T14:02:24Z,STR-E-Z2PJ-B,0.08 € + 0.16 €/kWh
2026-10-09T14:02:24Z,STR-E-ZWU5-A,0.08 € + 0.16 €/kWh
2026-10-09T14:02:24Z,STR-E-ZWU5-B,0.08 € + 0.16 €/kWh
2026-10-09T14:18:24Z,IKR-E-1220-A,0.3 € + 0.31 €/kWh
2026-10-09T14:18:24Z,IKR-E-1871-A,0.3 € + 0.31 €/kWh
2026-10-09T14:18:24Z,IKR-E-2G8J-A,0.3 € + 0.31 €/kWh
2026-10-09T14:18:24Z,IKR-E-3TSR-A,0.3 € + 0.31 €/kWh
2026-10-09T14:18:24Z,IKR-E-5715-A,0.3 € + 0.31 €/kWh
2026-10-09T14:18:24Z,IKR-E-5730-A,0.3 € + 0.38 €/kWh
2026-10-09T14:18:24Z,IKR-E-5CGU-A,0.3 € + 0.31 €/kWh
2026-10-09T14:18:24Z,IKR-E-7718-A,0.3 € + 0.38 €/kWh
2026-10-09T14:18:24Z,IKR-E-DVCM-A,0.3 € + 0.31 €/kWh
2026-10-09T14:18:24Z,IKR-E-E228-A,0.3 € + 0.33 €/kWh
2026-10-09T14:18:24Z,IKR-E-E475-A,0.3 € + 0.35 €/kWh
2026-10-09T14:18:24Z,IKR-E-E544-A,0.3 € + 0.35 €/kWh
2026-10-09T14:18:24Z,IKR-E-EKZA-A,0.3 € + 0.33 €/kWh
2026-10-09T14:18:24Z,IKR-E-GAY9-A,0.3 € + 0.31 €/kWh
2026-10-09T14:18:24Z,IKR-E-IZW2-A,0.3 € + 0.31 €/kWh
2026-10-09T14:18:24Z,IKR-E-J1JV-A,0.3 € + 0.33 €/kWh
2026-10-09T14:18:24Z,IKR-E-JJAJ-A,0.3 € + 0.31 €/kWh
2026-10-09T14:18:24Z,IKR-E-KMBH-A,0.3 € + 0.31 €/kWh
2026-10-09T14:18:24Z,IKR-E-LJZI-A,0.3 € + 0.31 €/kWh
2026-10-09T14:18:24Z,IKR-E-MAU9-A,0.29 € + 0.24 €/kWh
2026-10-09T14:18:24Z,IKR-E-OWF5-A,0.3 € + 0.36 €/kWh
2026-10-09T14:18:24Z,IKR-E-W6HQ-A,0.29 € + 0.24 €/kWh
2026-10-09T14:18:24Z,IKR-E-XIH2-A,0.3 € + 0.31 €/kWh
2026-10-09T14:18:24Z,IKR-E-Y2Z8-A,0.3 € + 0.29 €/kWh
2026-10-09T14:18:24Z,IKR-P-IV7E-B,0.3 € + 0.31 €/kWh
2026-10-09T14:18:24Z,IKR-P-SCM5-A,0.3 € + 0.36 €/kWh
2026-10-09T14:18:24Z,IKR-P-V9X4-A,0.3 € + 0.36 €/kWh
2026-10-09T14:18:24Z,IKR-P-V9X4-B,0.3 € + 0.36 €/kWh
2026-10-09T14:18:24Z,STR-E-027B-A,0.22 €/kWh + 0.23 €
2026-10-09T14:18:24Z,STR-E-027B-B,0.22 €/kWh + 0.23 €
2026-10-09T14:18:24Z,STR-E-02VO-A,0.25 €/kWh
2026-10-09T14:18:24Z,STR-E-02VO-B,0.25 €/kWh
2026-10-09T14:18:24Z,STR-E-04YS-A,0 € + 0.21 €/kWh
2026-10-09T14:18:24Z,STR-E-051F-A,0.08 € + 0.17 €/kWh
2026-10-09T14:18:24Z,STR-E-0698-A,0.12 €/kWh
2026-10-09T14:18:24Z,STR-E-0GEL-A,0.12 €/kWh
2026-10-09T14:18:24Z,STR-E-10G9-A,0.08 € + 0.17 €/kWh
2026-10-09T14:18:24Z,STR-E-10G9-B,0.08 € + 0.17 €/kWh
2026-10-09T14:18:24Z,STR-E-1162-A,0.12 €/kWh
2026-10-09T14:18:24Z,STR-E-11DT-A,0.12 €/kWh
2026-10-09T14:18:24Z,STR-E-1887-A,0.12 €/kWh
2026-10-09T14:18:24Z,STR-E-1927-A,0.12 €/kWh
2026-10-09T14:18:24Z,STR-E-1ME5-A,0.08 € + 0.17 €/kWh
2026-10-09T14:18:24Z,STR-E-1ME5-B,0.08 € + 0.17 €/kWh
2026-10-09T14:18:24Z,STR-E-1MHB-A,0.35 €/kWh
2026-10-09T14:18:24Z,STR-E-1MJQ-A,0.12 €/kWh
2026-10-09T14:18:24Z,STR-E-1X30-A,0 € + 0.21 €/kWh
2026-10-09T14:18:24Z,STR-E-21O1-A,0.22 €/kWh
2026-10-09T14:18:24Z,STR-E-21O1-B,0.22 €/kWh
2026-10-09T14:18:24Z,STR-E-2446-A,0 € + 0.21 €/kWh
2026-10-09T14:18:24Z,STR-E-2D12-A,0.12 €/kWh
2026-10-09T14:18:24Z,STR-E-2ED4-A,0.12 €/kWh
2026-10-09T14:18:24Z,STR-E-2K1Q-A,0 € + 0.21 €/kWh
2026-10-09T14:18:24Z,STR-E-2XDJ-A,0 € + 0.21 €/kWh
2026-10-09T14:18:24Z,STR-E-320G-A,0.12 €/kWh
2026-10-09T14:18:24Z,STR-E-3468-A,0.22 €/kWh
2026-10-09T14:18:24Z,STR-E-3468-B,0.22 €/kWh
2026-10-09T14:18:24Z,STR-E-3ENA-A,0.22 €/kWh
2026-10-09T14:18:24Z,STR-E-3ENA-B,0.22 €/kWh
2026-10-09T14:18:24Z,STR-E-3ENA-C,0.22 €/kWh
2026-10-09T14:18:24Z,STR-E-3FMF-A,0.22 €/kWh + 0.23 €
2026-10-09T14:18:24Z,STR-E-3FMF-B,0.22 €/kWh + 0.23 €
2026-10-09T14:18:24Z,STR-E-3PZS-A,0.12 €/kWh
2026-10-09T14:18:24Z,STR-E-3SXI-A,0.22 €/kWh
2026-10-09T14:18:24Z,STR-E-3SXI-B,0.22 €/kWh
2026-10-09T14:18:24Z,STR-E-3TZI-A,0.12 €/kWh
2026-10-09T14:18:24Z,STR-E-3WE5-A,0 € + 0.21 €/kWh
2026-10-09T14:18:24Z,STR-E-3YH3-A,0.08 € + 0.17 €/kWh
2026-10-09T14:18:24Z,STR-E-3YH3-B,0.08 € + 0.17 €/kWh
2026-10-09T14:18:24Z,STR-E-4156-A,0.28 €/kWh
2026-10-09T14:18:24Z,STR-E-4156-B,0.28 €/kWh
2026-10-09T14:18:24Z,STR-E-491A-A,0.22 €/kWh
2026-10-09T14:18:24Z,STR-E-491A-B,0.22 €/kWh
2026-10-09T14:18:24Z,STR-E-491A-C,0.22 €/kWh
2026-10-09T14:18:24Z,STR-E-4DE6-A,0.22 €/kWh
2026-10-09T14:18:24Z,STR-E-4DE6-B,0.22 €/kWh
2026-10-09T14:18:24Z,STR-E-4KWM-A,0.32 €/kWh
2026-10-09T14:18:24Z,STR-E-4KWM-B,0.32 €/kWh
2026-10-09T14:18:24Z,STR-E-4LRS-A,0.12 €/kWh
2026-10-09T14:18:24Z,STR-E-4UGU-A,0.12 €/kWh
2026-10-09T14:18:24Z,STR-E-4YKC-A,0 € + 0.21 €/kWh
2026-10-09T14:18:24Z,STR-E-527U-A,0 € + 0.21 €/kWh
2026-10-09T14:18:24Z,STR-E-54PK-A,0.08 € + 0.17 €/kWh
2026-10-09T14:18:24Z,STR-E-54PK-B,0.08 € + 0.17 €/kWh
2026-10-09T14:18:24Z,STR-E-55I4-A,0 € + 0.21 €/kWh
2026-10-09T14:18:24Z,STR-E-566J-A,0 € + 0.21 €/kWh
2026-10-09T14:18:24Z,STR-E-59TF-A,0.08 € + 0.17 €/kWh
2026-10-09T14:18:24Z,STR-E-5DWB-A,0.12 €/kWh
2026-10-09T14:18:24Z,STR-E-5TI5-A,0.12 €/kWh
2026-10-09T14:18:24Z,STR-E-69PN-A,0.12 €/kWh
2026-10-09T14:18:24Z,STR-E-6CNG-A,0.12 €/kWh
2026-10-09T14:18:24Z,STR-E-6E7W-A,0 € + 0.21 €/kWh
2026-10-09T14:18:24Z,STR-E-6SQH-A,0.12 €/kWh
2026-10-09T14:18:24Z,STR-E-6UZQ-A,0.22 €/kWh
2026-10-09T14:18:24Z,STR-E-6UZQ-B,0.22 €/kWh
2026-10-09T14:18:24Z,STR-E-6ZTQ-A,0 € + 0.21 €/kWh
2026-10-09T14:18:24Z,STR-E-7438-A,0 € + 0.21 €/kWh
2026-10-09T14:18:24Z,STR-E-7A48-A,0.08 € + 0.17 €/kWh
2026-10-09T14:18:24Z,STR-E-7YBN-A,0 € + 0.21 €/kWh
2026-10-09T14:18:24Z,STR-E-7Z8G-A,0.32 €/kWh
2026-10-09T14:18:24Z,STR-E-7Z8G-B,0.32 €/kWh
2026-10-09T14:18:24Z,STR-E-86C0-A,0.12 €/kWh
2026-10-09T14:18:24Z,STR-E-88SA-A,0.12 €/kWh
2026-10-09T14:18:24Z,STR-E-8A02-A,0 € + 0.21 €/kWh
2026-10-09T14:18:24Z,STR-E-8M2O-A,0.12 €/kWh
2026-10-09T14:18:24Z,STR-E-8Q9F-A,0 € + 0.21 €/kWh
2026-10-09T14:18:24Z,STR-E-8XL5-A,0.12 €/kWh
2026-10-09T14:18:24Z,STR-E-8Y23-A,0.12 €/kWh
2026-10-09T14:18:24Z,STR-E-92KW-A,0.22 €/kWh + 0.23 €
2026-10-09T14:18:24Z,STR-E-9AH3-A,0 € + 0.21 €/kWh
2026-10-09T14:18:24Z,STR-E-9I2R-A,0.12 €/kWh
2026-10-09T14:18:24Z,STR-E-9TUZ-A,0.12 €/kWh
2026-10-09T14:18:24Z,STR-E-9WY2-A,0.12 €/kWh
2026-10-09T14:18:24Z,STR-E-A169-A,0 € + 0.21 €/kWh
2026-10-09T14:18:24Z,STR-E-A27N-A,0.25 €/kWh
2026-10-09T14:18:24Z,STR-E-A27N-B,0.25 €/kWh
2026-10-09T14:18:24Z,STR-E-A27N-C,0.25 €/kWh
2026-10-09T14:18:24Z,STR-E-A442-A,0.12 €/kWh
2026-10-09T14:18:24Z,STR-E-AABG-A,0.12 €/kWh
2026-10-09T14:18:24Z,STR-E-ACMT-A,0.12 €/kWh
2026-10-09T14:18:24Z,STR-E-ADXE-A,0 € + 0.21 €/kWh
2026-10-09T14:18:24Z,STR-E-AF2O-A,0.08 € + 0.17 €/kWh
2026-10-09T14:18:24Z,STR-E-AMQK-A,0 € + 0.21 €/kWh
2026-10-09T14:18:24Z,STR-E-ANJ0-A,0.22 €/kWh + 0.23 €
2026-10-09T14:18:24Z,STR-E-ANJ0-B,0.22 €/kWh + 0.23 €
2026-10-09T14:18:24Z,STR-E-AP96-A,0.22 €/kWh + 0.23 €
2026-10-09T14:18:24Z,STR-E-AP96-B,0.22 €/kWh + 0.23 €
2026-10-09T14:18:24Z,STR-E-AUQ2-A,0 € + 0.21 €/kWh
2026-10-09T14:18:24Z,STR-E-AWF1-A,0.08 € + 0.17 €/kWh
2026-10-09T14:18:24Z,STR-E-AWF1-B,0.08 € + 0.17 €/kWh
2026-10-09T14:18:24Z,STR-E-AWJ9-A,0.25 €/kWh
2026-10-09T14:18:24Z,STR-E-AWJ9-B,0.25 €/kWh
2026-10-09T14:18:24Z,STR-E-B36V-A,0.19 € + 0.29 €/kWh
2026-10-09T14:18:24Z,STR-E-B36V-B,0.19 € + 0.29 €/kWh
2026-10-09T14:18:24Z,STR-E-BIKW-A,0.22 €/kWh + 0.23 €
2026-10-09T14:18:24Z,STR-E-BIKW-B,0.22 €/kWh + 0.23 €
2026-10-09T14:18:24Z,STR-E-BXA5-A,0.12 €/kWh
2026-10-09T14:18:24Z,STR-E-C91L-A,0.12 €/kWh
2026-10-09T14:18:24Z,STR-E-C99Z-A,0 € + 0.21 €/kWh
2026-10-09T14:18:24Z,STR-E-D3MB-A,0.22 €/kWh + 0.23 €
2026-10-09T14:18:24Z,STR-E-D3MB-B,0.22 €/kWh + 0.23 €
2026-10-09T14:18:24Z,STR-E-DBCC-A,0.08 € + 0.17 €/kWh
2026-10-09T14:18:24Z,STR-E-DBCC-B,0.08 € + 0.17 €/kWh
2026-10-09T14:18:24Z,STR-E-DHEJ-A,0 € + 0.21 €/kWh
2026-10-09T14:18:24Z,STR-E-E0DZ-A,0.22 €/kWh
2026-10-09T14:18:24Z,STR-E-E0DZ-B,0.22 €/kWh
2026-10-09T14:18:24Z,STR-E-E7HH-A,0.12 €/kWh
2026-10-09T14:18:24Z,STR-E-ECI7-A,0 € + 0.21 €/kWh
2026-10-09T14:18:24Z,STR-E-EFXK-A,0 € + 0.21 €/kWh
2026-10-09T14:18:24Z,STR-E-ELFQ-A,0.22 €/kWh + 0.23 €
2026-10-09T14:18:24Z,STR-E-ELFQ-B,0.22 €/kWh + 0.23 €
2026-10-09T14:18:24Z,STR-E-EPQY-A,0 € + 0.21 €/kWh
2026-10-09T14:18:24Z,STR-E-ER2N-A,0 € + 0.21 €/kWh
2026-10-09T14:18:24Z,STR-E-ES3O-A,0 € + 0.21 €/kWh
2026-10-09T14:18:24Z,STR-E-EU1U-A,0.12 €/kWh
2026-10-09T14:18:24Z,STR-E-F2G0-A,0.08 € + 0.17 €/kWh
2026-10-09T14:18:24Z,STR-E-F2G0-B,0.08 € + 0.17 €/kWh
2026-10-09T14:18:24Z,STR-E-F4B3-A,0.12 €/kWh
2026-10-09T14:18:24Z,STR-E-F5LZ-A,0.12 €/kWh
2026-10-09T14:18:24Z,STR-E-F79A-A,0.22 €/kWh + 0.23 €
2026-10-09T14:18:24Z,STR-E-F79A-B,0.22 €/kWh + 0.23 €
2026-10-09T14:18:24Z,STR-E-FGMF-A,0.12 €/kWh
2026-10-09T14:18:24Z,STR-E-FK06-A,0.12 €/kWh
2026-10-09T14:18:24Z,STR-E-FKUY-A,0 € + 0.21 €/kWh
2026-10-09T14:18:24Z,STR-E-FUE8-A,0.08 € + 0.17 €/kWh
2026-10-09T14:18:24Z,STR-E-FUE8-B,0.08 € + 0.17 €/kWh
2026-10-09T14:18:24Z,STR-E-G4VM-A,0.12 €/kWh
2026-10-09T14:18:24Z,STR-E-G518-A,0.12 €/kWh
2026-10-09T14:18:24Z,STR-E-GB9A-A,0.12 €/kWh
2026-10-09T14:18:24Z,STR-E-GE77-A,0.32 €/kWh
2026-10-09T14:18:24Z,STR-E-GE77-B,0.32 €/kWh
2026-10-09T14:18:24Z,STR-E-GFB3-A,0 € + 0.21 €/kWh
2026-10-09T14:18:24Z,STR-E-GGV8-A,0.12 €/kWh
2026-10-09T14:18:24Z,STR-E-GHJA-A,0.12 €/kWh
2026-10-09T14:18:24Z,STR-E-GK0C-A,0 € + 0.21 €/kWh
2026-10-09T14:18:24Z,STR-E-GR5K-A,0.12 €/kWh
2026-10-09T14:18:24Z,STR-E-H6Q5-A,0.12 €/kWh
2026-10-09T14:18:24Z,STR-E-HHXV-A,0 € + 0.21 €/kWh
2026-10-09T14:18:24Z,STR-E-I1KE-A,0 € + 0.21 €/kWh
2026-10-09T14:18:24Z,STR-E-I4UZ-A,0.12 €/kWh
2026-10-09T14:18:24Z,STR-E-I5FH-A,0.12 €/kWh
2026-10-09T14:18:24Z,STR-E-I8C6-A,0.12 €/kWh
2026-10-09T14:18:24Z,STR-E-IA3X-A,0.12 €/kWh
2026-10-09T14:18:24Z,STR-E-IAO5-A,0 € + 0.21 €/kWh
2026-10-09T14:18:24Z,STR-E-IGH5-A,0.22 €/kWh + 0.23 €
2026-10-09T14:18:24Z,STR-E-IGH5-B,0.22 €/kWh + 0.23 €
2026-10-09T14:18:24Z,STR-E-IIKL-A,0.08 € + 0.17 €/kWh
2026-10-09T14:18:24Z,STR-E-IIKL-B,0.08 € + 0.17 €/kWh
2026-10-09T14:18:24Z,STR-E-IPEC-A,0 € + 0.21 €/kWh
2026-10-09T14:18:24Z,STR-E-IV6T-A,0 € + 0.21 €/kWh
2026-10-09T14:18:24Z,STR-E-J54N-A,0 € + 0.21 €/kWh
2026-10-09T14:18:24Z,STR-E-J6DA-A,0 € + 0.21 €/kWh
2026-10-09T14:18:24Z,STR-E-J8VF-A,0 € + 0.21 €/kWh
2026-10-09T14:18:24Z,STR-E-JG90-A,0.13 €/kWh + 0.3 €
2026-10-09T14:18:24Z,STR-E-JG90-B,0.13 €/kWh + 0.3 €
2026-10-09T14:18:24Z,STR-E-JMOR-A,0 € + 0.21 €/kWh
2026-10-09T14:18:24Z,STR-E-JVO0-A,0.12 €/kWh
2026-10-09T14:18:24Z,STR-E-K217-A,0 € + 0.21 €/kWh
2026-10-09T14:18:24Z,STR-E-K73C-A,0.22 €/kWh + 0.23 €
2026-10-09T14:18:24Z,STR-E-K73C-B,0.22 €/kWh + 0.23 €
2026-10-09T14:18:24Z,STR-E-KBZL-A,0.12 €/kWh
2026-10-09T14:18:24Z,STR-E-KOHN-A,0 € + 0.21 €/kWh
2026-10-09T14:18:24Z,STR-E-KT5B-A,0 € + 0.21 €/kWh
2026-10-09T14:18:24Z,STR-E-KUKS-A,0.08 € + 0.17 €/kWh
2026-10-09T14:18:24Z,STR-E-KUKS-B,0.08 € + 0.17 €/kWh
2026-10-09T14:18:24Z,STR-E-L84D-A,0.12 €/kWh
2026-10-09T14:18:24Z,STR-E-LISV-A,0.12 €/kWh
2026-10-09T14:18:24Z,STR-E-LKFQ-A,0.12 €/kWh
2026-10-09T14:18:24Z,STR-E-LREY-A,0.35 €/kWh
2026-10-09T14:18:24Z,STR-E-M1IB-A,0.12 €/kWh
2026-10-09T14:18:24Z,STR-E-M8WL-A,0.12 €/kWh
2026-10-09T14:18:24Z,STR-E-M9W7-A,0.12 €/kWh
2026-10-09T14:18:24Z,STR-E-MIP3-A,0.22 €/kWh
2026-10-09T14:18:24Z,STR-E-MIP3-B,0.22 €/kWh
2026-10-09T14:18:24Z,STR-E-MSEN-A,0.12 €/kWh
2026-10-09T14:18:24Z,STR-E-MSUL-A,0.12 €/kWh
2026-10-09T14:18:24Z,STR-E-N6P5-A,0.12 €/kWh
2026-10-09T14:18:24Z,STR-E-NCKT-A,0.08 € + 0.17 €/kWh
2026-10-09T14:18:24Z,STR-E-NCKT-B,0.08 € + 0.17 €/kWh
2026-10-09T14:18:24Z,STR-E-NDU2-A,0 € + 0.21 €/kWh
2026-10-09T14:18:24Z,STR-E-NDZ4-A,0 € + 0.21 €/kWh
2026-10-09T14:18:24Z,STR-E-NFV5-A,0 € + 0.21 €/kWh
2026-10-09T14:18:24Z,STR-E-NNGC-A,0.12 €/kWh
2026-10-09T14:18:24Z,STR-E-NSGB-A,0 € + 0.21 €/kWh
2026-10-09T14:18:24Z,STR-E-NY0Q-A,0.15 € + 0.23 €/kWh
2026-10-09T14:18:24Z,STR-E-O0VK-A,0.12 €/kWh
2026-10-09T14:18:24Z,STR-E-O5JX-A,0 € + 0.21 €/kWh
2026-10-09T14:18:24Z,STR-E-O5YW-A,0.08 € + 0.17 €/kWh
2026-10-09T14:18:24Z,STR-E-O5YW-B,0.08 € + 0.17 €/kWh
2026-10-09T14:18:24Z,STR-E-ODBK-A,0.32 €/kWh
2026-10-09T14:18:24Z,STR-E-ODBK-B,0.32 €/kWh
2026-10-09T14:18:24Z,STR-E-OFWF-A,0 € + 0.21 €/kWh
2026-10-09T14:18:24Z,STR-E-OG1X-A,0.12 €/kWh
2026-10-09T14:18:24Z,STR-E-OHH6-A,0 € + 0.21 €/kWh
2026-10-09T14:18:24Z,STR-E-OJ3E-A,0.22 €/kWh + 0.23 €
2026-10-09T14:18:24Z,STR-E-OJ3E-B,0.22 €/kWh + 0.23 €
2026-10-09T14:18:24Z,STR-E-OQKZ-A,0.12 €/kWh
2026-10-09T14:18:24Z,STR-E-P46N-A,0 € + 0.21 €/kWh
2026-10-09T14:18:24Z,STR-E-P7AF-A,0.08 € + 0.17 €/kWh
2026-10-09T14:18:24Z,STR-E-P7AF-B,0.08 € + 0.17 €/kWh
2026-10-09T14:18:24Z,STR-E-PC04-A,0.12 €/kWh
2026-10-09T14:18:24Z,STR-E-PDR2-A,0.12 €/kWh
2026-10-09T14:18:24Z,STR-E-PJCQ-A,0.08 € + 0.17 €/kWh
2026-10-09T14:18:24Z,STR-E-PJCQ-B,0.08 € + 0.17 €/kWh
2026-10-09T14:18:24Z,STR-E-PM3P-A,0.22 €/kWh + 0.23 €
2026-10-09T14:18:24Z,STR-E-PM3P-B,0.22 €/kWh + 0.23 €
2026-10-09T14:18:24Z,STR-E-PRUQ-A,0.12 €/kWh
2026-10-09T14:18:24Z,STR-E-PSU9-A,0.12 €/kWh
2026-10-09T14:18:24Z,STR-E-PZ9U-A,0.12 €/kWh
2026-10-09T14:18:24Z,STR-E-PZES-A,0.12 €/kWh
2026-10-09T14:18:24Z,STR-E-Q5YF-A,0.22 €/kWh + 0.23 €
2026-10-09T14:18:24Z,STR-E-Q5YF-B,0.22 €/kWh + 0.23 €
2026-10-09T14:18:24Z,STR-E-Q7LB-A,0.22 €/kWh + 0.23 €
2026-10-09T14:18:24Z,STR-E-Q7LB-B,0.22 €/kWh + 0.23 €
2026-10-09T14:18:24Z,STR-E-QAXH-A,0.15 € + 0.23 €/kWh
2026-10-09T14:18:24Z,STR-E-QE1X-A,0.08 € + 0.17 €/kWh
2026-10-09T14:18:24Z,STR-E-QE1X-B,0.08 € + 0.17 €/kWh
2026-10-09T14:18:24Z,STR-E-QEDL-A,0.12 €/kWh
2026-10-09T14:18:24Z,STR-E-QIQM-A,0.12 €/kWh
2026-10-09T14:18:24Z,STR-E-QLC9-A,0.22 €/kWh
2026-10-09T14:18:24Z,STR-E-QLC9-B,0.22 €/kWh
2026-10-09T14:18:24Z,STR-E-R0J8-A,0.12 €/kWh
2026-10-09T14:18:24Z,STR-E-R1MT-A,0.22 €/kWh + 0.23 €
2026-10-09T14:18:24Z,STR-E-R1MT-B,0.22 €/kWh + 0.23 €
2026-10-09T14:18:24Z,STR-E-R1PI-A,0.22 €/kWh + 0.23 €
2026-10-09T14:18:24Z,STR-E-R1PI-B,0.22 €/kWh + 0.23 €
2026-10-09T14:18:24Z,STR-E-R2LK-A,0.22 €/kWh + 0.23 €
2026-10-09T14:18:24Z,STR-E-R2LK-B,0.22 €/kWh + 0.23 €
2026-10-09T14:18:24Z,STR-E-R8PQ-A,0 € + 0.21 €/kWh
2026-10-09T14:18:24Z,STR-E-R9GA-A,0.12 €/kWh
2026-10-09T14:18:24Z,STR-E-RJH9-A,0.12 €/kWh
2026-10-09T14:18:24Z,STR-E-RKWJ-A,0.12 €/kWh
2026-10-09T14:18:24Z,STR-E-S42D-A,0.12 €/kWh
2026-10-09T14:18:24Z,STR-E-S6VR-A,0 € + 0.21 €/kWh
2026-10-09T14:18:24Z,STR-E-S7YR-A,0.22 €/kWh + 0.23 €
2026-10-09T14:18:24Z,STR-E-S7YR-B,0.22 €/kWh + 0.23 €
2026-10-09T14:18:24Z,STR-E-SGC2-A,0 € + 0.21 €/kWh
2026-10-09T14:18:24Z,STR-E-SJKA-A,0.12 €/kWh
2026-10-09T14:18:24Z,STR-E-SQX8-A,0.08 € + 0.17 €/kWh
2026-10-09T14:18:24Z,STR-E-SQX8-B,0.08 € + 0.17 €/kWh
2026-10-09T14:18:24Z,STR-E-SVR3-A,0.22 €/kWh + 0.23 €
2026-10-09T14:18:24Z,STR-E-SVR3-B,0.22 €/kWh + 0.23 €
2026-10-09T14:18:24Z,STR-E-SY9Y-A,0.12 €/kWh
2026-10-09T14:18:24Z,STR-E-TO2O-A,0.12 €/kWh
2026-10-09T14:18:24Z,STR-E-TX67-A,0.25 €/kWh
2026-10-09T14:18:24Z,STR-E-TX67-B,0.25 €/kWh
2026-10-09T14:18:24Z,STR-E-U41O-A,0 € + 0.21 €/kWh
2026-10-09T14:18:24Z,STR-E-U5TP-A,0.12 €/kWh
2026-10-09T14:18:24Z,STR-E-UKPS-A,0.15 € + 0.23 €/kWh
2026-10-09T14:18:24Z,STR-E-UPAQ-A,0.22 €/kWh
2026-10-09T14:18:24Z,STR-E-UPAQ-B,0.22 €/kWh
2026-10-09T14:18:24Z,STR-E-UPOS-A,0.08 € + 0.17 €/kWh
2026-10-09T14:18:24Z,STR-E-UPOS-B,0.08 € + 0.17 €/kWh
2026-10-09T14:18:24Z,STR-E-UY5H-A,0.12 €/kWh
2026-10-09T14:18:24Z,STR-E-V17G-A,0.12 €/kWh
2026-10-09T14:18:24Z,STR-E-V31J-A,0.12 €/kWh
2026-10-09T14:18:24Z,STR-E-V50T-A,0.12 €/kWh
2026-10-09T14:18:24Z,STR-E-V9SD-A,0.12 €/kWh
2026-10-09T14:18:24Z,STR-E-V9ZR-A,0.12 €/kWh
2026-10-09T14:18:24Z,STR-E-VBMP-A,0.12 €/kWh
2026-10-09T14:18:24Z,STR-E-VJBJ-A,0 € + 0.21 €/kWh
2026-10-09T14:18:24Z,STR-E-VPDB-A,0.12 €/kWh
2026-10-09T14:18:24Z,STR-E-VQ06-A,0 € + 0.21 €/kWh
2026-10-09T14:18:24Z,STR-E-VSDJ-A,0.25 €/kWh
2026-10-09T14:18:24Z,STR-E-VSDJ-B,0.25 €/kWh
2026-10-09T14:18:24Z,STR-E-VT0G-A,0.12 €/kWh
2026-10-09T14:18:24Z,STR-E-VX2O-A,0 € + 0.21 €/kWh
2026-10-09T14:18:24Z,STR-E-VXGH-A,0.12 €/kWh
2026-10-09T14:18:24Z,STR-E-W1X4-A,0.12 €/kWh
2026-10-09T14:18:24Z,STR-E-WEE3-A,0.22 €/kWh + 0.23 €
2026-10-09T14:18:24Z,STR-E-WEE3-B,0.22 €/kWh + 0.23 €
2026-10-09T14:18:24Z,STR-E-WHZ1-A,0 € + 0.21 €/kWh
2026-10-09T14:18:24Z,STR-E-WLGM-A,0 € + 0.21 €/kWh
2026-10-09T14:18:24Z,STR-E-WTQ5-A,0.22 €/kWh
2026-10-09T14:18:24Z,STR-E-WXV8-A,0.12 €/kWh
2026-10-09T14:18:24Z,STR-E-WYFE-A,0.22 €/kWh
2026-10-09T14:18:24Z,STR-E-WYFE-B,0.22 €/kWh
2026-10-09T14:18:24Z,STR-E-WYYC-A,0.22 €/kWh + 0.23 €
2026-10-09T14:18:24Z,STR-E-WYYC-B,0.22 €/kWh + 0.23 €
2026-10-09T14:18:24Z,STR-E-WZW9-A,0.12 €/kWh
2026-10-09T14:18:24Z,STR-E-X525-A,0.12 €/kWh
2026-10-09T14:18:24Z,STR-E-X54O-A,0 € + 0.21 €/kWh
2026-10-09T14:18:24Z,STR-E-XCMJ-A,0.08 € + 0.17 €/kWh
2026-10-09T14:18:24Z,STR-E-XCMJ-B,0.08 € + 0.17 €/kWh
2026-10-09T14:18:24Z,STR-E-XFON-A,0.12 €/kWh
2026-10-09T14:18:24Z,STR-E-XG69-A,0.08 € + 0.17 €/kWh
2026-10-09T14:18:24Z,STR-E-XG69-B,0.08 € + 0.17 €/kWh
2026-10-09T14:18:24Z,STR-E-XH51-A,0 € + 0.21 €/kWh
2026-10-09T14:18:24Z,STR-E-XKW2-A,0.22 €/kWh + 0.23 €
2026-10-09T14:18:24Z,STR-E-XKW2-B,0.22 €/kWh + 0.23 €
2026-10-09T14:18:24Z,STR-E-XRV8-A,0 € + 0.21 €/kWh
2026-10-09T14:18:24Z,STR-E-Y7JK-A,0 € + 0.21 €/kWh
2026-10-09T14:18:24Z,STR-E-Y82E-A,0 € + 0.21 €/kWh
2026-10-09T14:18:24Z,STR-E-YC50-A,0.12 €/kWh
2026-10-09T14:18:24Z,STR-E-Z2PJ-A,0.08 € + 0.17 €/kWh
2026-10-09T14:18:24Z,STR-E-Z2PJ-B,0.08 € + 0.17 €/kWh
2026-10-09T14:18:24Z,STR-E-ZA6O-A,0.12 €/kWh
2026-10-09T14:18:24Z,STR-E-ZEP7-A,0 € + 0.21 €/kWh
2026-10-09T14:18:24Z,STR-E-ZIAZ-A,0 € + 0.21 €/kWh
2026-10-09T14:18:24Z,STR-E-ZK9W-A,0 € + 0.21 €/kWh
2026-10-09T14:18:24Z,STR-E-ZS00-A,0.22 €/kWh + 0.23 €
2026-10-09T14:18:24Z,STR-E-ZS00-B,0.22 €/kWh + 0.23 €
2026-10-09T14:18:24Z,STR-E-ZWU5-A,0.08 € + 0.17 €/kWh
2026-10-09T14:18:24Z,STR-E-ZWU5-B,0.08 € + 0.17 €/kWh
2026-10-09T14:31:00Z,IKR-E-1220-A,0.3 € + 0.34 €/kWh
2026-10-09T14:31:00Z,IKR-E-1871-A,0.3 € + 0.34 €/kWh
2026-10-09T14:31:00Z,IKR-E-2G8J-A,0.3 € + 0.34 €/kWh
2026-10-09T14:31:00Z,IKR-E-3TSR-A,0.3 € + 0.34 €/kWh
2026-10-09T14:31:00Z,IKR-E-5715-A,0.3 € + 0.34 €/kWh
2026-10-09T14:31:00Z,IKR-E-5730-A,0.3 € + 0.4 €/kWh
2026-10-09T14:31:00Z,IKR-E-5CGU-A,0.3 € + 0.34 €/kWh
2026-10-09T14:31:00Z,IKR-E-7718-A,0.3 € + 0.4 €/kWh
2026-10-09T14:31:00Z,IKR-E-DVCM-A,0.3 € + 0.34 €/kWh
2026-10-09T14:31:00Z,IKR-E-E228-A,0.3 € + 0.35 €/kWh
2026-10-09T14:31:00Z,IKR-E-E475-A,0.3 € + 0.38 €/kWh
2026-10-09T14:31:00Z,IKR-E-E544-A,0.3 € + 0.38 €/kWh
2026-10-09T14:31:00Z,IKR-E-EKZA-A,0.3 € + 0.35 €/kWh
2026-10-09T14:31:00Z,IKR-E-GAY9-A,0.3 € + 0.34 €/kWh
2026-10-09T14:31:00Z,IKR-E-IZW2-A,0.3 € + 0.34 €/kWh
2026-10-09T14:31:00Z,IKR-E-J1JV-A,0.3 € + 0.35 €/kWh
2026-10-09T14:31:00Z,IKR-E-JJAJ-A,0.3 € + 0.34 €/kWh
2026-10-09T14:31:00Z,IKR-E-KMBH-A,0.3 € + 0.34 €/kWh
2026-10-09T14:31:00Z,IKR-E-LJZI-A,0.3 € + 0.34 €/kWh
2026-10-09T14:31:00Z,IKR-E-MAU9-A,0.29 € + 0.25 €/kWh
2026-10-09T14:31:00Z,IKR-E-OWF5-A,0.3 € + 0.38 €/kWh
2026-10-09T14:31:00Z,IKR-E-W6HQ-A,0.29 € + 0.25 €/kWh
2026-10-09T14:31:00Z,IKR-E-XIH2-A,0.3 € + 0.34 €/kWh
2026-10-09T14:31:00Z,IKR-E-Y2Z8-A,0.3 € + 0.31 €/kWh
2026-10-09T14:31:00Z,IKR-P-IV7E-B,0.3 € + 0.34 €/kWh
2026-10-09T14:31:00Z,IKR-P-SCM5-A,0.3 € + 0.38 €/kWh
2026-10-09T14:31:00Z,IKR-P-V9X4-A,0.3 € + 0.38 €/kWh
2026-10-09T14:31:00Z,IKR-P-V9X4-B,0.3 € + 0.38 €/kWh
2026-10-09T14:31:00Z,STR-E-027B-A,0.2 €/kWh + 0.23 €
2026-10-09T14:31:00Z,STR-E-027B-B,0.2 €/kWh + 0.23 €
2026-10-09T14:31:00Z,STR-E-02VO-A,0.23 €/kWh
2026-10-09T14:31:00Z,STR-E-02VO-B,0.23 €/kWh
2026-10-09T14:31:00Z,STR-E-04YS-A,0 € + 0.19 €/kWh
2026-10-09T14:31:00Z,STR-E-051F-A,0.08 € + 0.15 €/kWh
2026-10-09T14:31:00Z,STR-E-0698-A,0.1 €/kWh
2026-10-09T14:31:00Z,STR-E-0GEL-A,0.1 €/kWh
2026-10-09T14:31:00Z,STR-E-10G9-A,0.08 € + 0.15 €/kWh
2026-10-09T14:31:00Z,STR-E-10G9-B,0.08 € + 0.15 €/kWh
2026-10-09T14:31:00Z,STR-E-1162-A,0.1 €/kWh
2026-10-09T14:31:00Z,STR-E-11DT-A,0.1 €/kWh
2026-10-09T14:31:00Z,STR-E-1887-A,0.1 €/kWh
2026-10-09T14:31:00Z,STR-E-1927-A,0.1 €/kWh
2026-10-09T14:31:00Z,STR-E-1ME5-A,0.08 € + 0.15 €/kWh
2026-10-09T14:31:00Z,STR-E-1ME5-B,0.08 € + 0.15 €/kWh
2026-10-09T14:31:00Z,STR-E-1MHB-A,0.32 €/kWh
2026-10-09T14:31:00Z,STR-E-1MJQ-A,0.1 €/kWh
2026-10-09T14:31:00Z,STR-E-1X30-A,0 € + 0.19 €/kWh
2026-10-09T14:31:00Z,STR-E-21O1-A,0.2 €/kWh
2026-10-09T14:31:00Z,STR-E-21O1-B,0.2 €/kWh
2026-10-09T14:31:00Z,STR-E-2446-A,0 € + 0.19 €/kWh
2026-10-09T14:31:00Z,STR-E-2D12-A,0.1 €/kWh
2026-10-09T14:31:00Z,STR-E-2ED4-A,0.1 €/kWh
2026-10-09T14:31:00Z,STR-E-2K1Q-A,0 € + 0.19 €/kWh
2026-10-09T14:31:00Z,STR-E-2XDJ-A,0 € + 0.19 €/kWh
2026-10-09T14:31:00Z,STR-E-320G-A,0.1 €/kWh
2026-10-09T14:31:00Z,STR-E-3468-A,0.2 €/kWh
2026-10-09T14:31:00Z,STR-E-3468-B,0.2 €/kWh
2026-10-09T14:31:00Z,STR-E-3ENA-A,0.2 €/kWh
2026-10-09T14:31:00Z,STR-E-3ENA-B,0.2 €/kWh
2026-10-09T14:31:00Z,STR-E-3ENA-C,0.2 €/kWh
2026-10-09T14:31:00Z,STR-E-3FMF-A,0.2 €/kWh + 0.23 €
2026-10-09T14:31:00Z,STR-E-3FMF-B,0.2 €/kWh + 0.23 €
2026-10-09T14:31:00Z,STR-E-3PZS-A,0.1 €/kWh
2026-10-09T14:31:00Z,STR-E-3SXI-A,0.2 €/kWh
2026-10-09T14:31:00Z,STR-E-3SXI-B,0.2 €/kWh
2026-10-09T14:31:00Z,STR-E-3TZI-A,0.1 €/kWh
2026-10-09T14:31:00Z,STR-E-3WE5-A,0 € + 0.19 €/kWh
2026-10-09T14:31:00Z,STR-E-3YH3-A,0.08 € + 0.15 €/kWh
2026-10-09T14:31:00Z,STR-E-3YH3-B,0.08 € + 0.15 €/kWh
2026-10-09T14:31:00Z,STR-E-4156-A,0.26 €/kWh
2026-10-09T14:31:00Z,STR-E-4156-B,0.26 €/kWh
2026-10-09T14:31:00Z,STR-E-491A-A,0.2 €/kWh
2026-10-09T14:31:00Z,STR-E-491A-B,0.2 €/kWh
2026-10-09T14:31:00Z,STR-E-491A-C,0.2 €/kWh
2026-10-09T14:31:00Z,STR-E-4DE6-A,0.2 €/kWh
2026-10-09T14:31:00Z,STR-E-4DE6-B,0.2 €/kWh
2026-10-09T14:31:00Z,STR-E-4KWM-A,0.3 €/kWh
2026-10-09T14:31:00Z,STR-E-4KWM-B,0.3 €/kWh
2026-10-09T14:31:00Z,STR-E-4LRS-A,0.1 €/kWh
2026-10-09T14:31:00Z,STR-E-4UGU-A,0.1 €/kWh
2026-10-09T14:31:00Z,STR-E-4YKC-A,0 € + 0.19 €/kWh
2026-10-09T14:31:00Z,STR-E-527U-A,0 € + 0.19 €/kWh
2026-10-09T14:31:00Z,STR-E-54PK-A,0.08 € + 0.15 €/kWh
2026-10-09T14:31:00Z,STR-E-54PK-B,0.08 € + 0.15 €/kWh
2026-10-09T14:31:00Z,STR-E-55I4-A,0 € + 0.19 €/kWh
2026-10-09T14:31:00Z,STR-E-566J-A,0 € + 0.19 €/kWh
2026-10-09T14:31:00Z,STR-E-59TF-A,0.08 € + 0.15 €/kWh
2026-10-09T14:31:00Z,STR-E-5DWB-A,0.1 €/kWh
2026-10-09T14:31:00Z,STR-E-5TI5-A,0.1 €/kWh
2026-10-09T14:31:00Z,STR-E-69PN-A,0.1 €/kWh
2026-10-09T14:31:00Z,STR-E-6CNG-A,0.1 €/kWh
2026-10-09T14:31:00Z,STR-E-6E7W-A,0 € + 0.19 €/kWh
2026-10-09T14:31:00Z,STR-E-6SQH-A,0.1 €/kWh
2026-10-09T14:31:00Z,STR-E-6UZQ-A,0.2 €/kWh
2026-10-09T14:31:00Z,STR-E-6UZQ-B,0.2 €/kWh
2026-10-09T14:31:00Z,STR-E-6ZTQ-A,0 € + 0.19 €/kWh
2026-10-09T14:31:00Z,STR-E-7438-A,0 € + 0.19 €/kWh
2026-10-09T14:31:00Z,STR-E-7A48-A,0.08 € + 0.15 €/kWh
2026-10-09T14:31:00Z,STR-E-7YBN-A,0 € + 0.19 €/kWh
2026-10-09T14:31:00Z,STR-E-7Z8G-A,0.3 €/kWh
2026-10-09T14:31:00Z,STR-E-7Z8G-B,0.3 €/kWh
2026-10-09T14:31:00Z,STR-E-86C0-A,0.1 €/kWh
2026-10-09T14:31:00Z,STR-E-88SA-A,0.1 €/kWh
2026-10-09T14:31:00Z,STR-E-8A02-A,0 € + 0.19 €/kWh
2026-10-09T14:31:00Z,STR-E-8M2O-A,0.1 €/kWh
2026-10-09T14:31:00Z,STR-E-8Q9F-A,0 € + 0.19 €/kWh
2026-10-09T14:31:00Z,STR-E-8XL5-A,0.1 €/kWh
2026-10-09T14:31:00Z,STR-E-8Y23-A,0.1 €/kWh
2026-10-09T14:31:00Z,STR-E-92KW-A,0.2 €/kWh + 0.23 €
2026-10-09T14:31:00Z,STR-E-9AH3-A,0 € + 0.19 €/kWh
2026-10-09T14:31:00Z,STR-E-9I2R-A,0.1 €/kWh
2026-10-09T14:31:00Z,STR-E-9TUZ-A,0.1 €/kWh
2026-10-09T14:31:00Z,STR-E-9WY2-A,0.1 €/kWh
2026-10-09T14:31:00Z,STR-E-A169-A,0 € + 0.19 €/kWh
2026-10-09T14:31:00Z,STR-E-A27N-A,0.23 €/kWh
2026-10-09T14:31:00Z,STR-E-A27N-B,0.23 €/kWh
2026-10-09T14:31:00Z,STR-E-A27N-C,0.23 €/kWh
2026-10-09T14:31:00Z,STR-E-A442-A,0.1 €/kWh
2026-10-09T14:31:00Z,STR-E-AABG-A,0.1 €/kWh
2026-10-09T14:31:00Z,STR-E-ACMT-A,0.1 €/kWh
2026-10-09T14:31:00Z,STR-E-ADXE-A,0 € + 0.19 €/kWh
2026-10-09T14:31:00Z,STR-E-AF2O-A,0.08 € + 0.15 €/kWh
2026-10-09T14:31:00Z,STR-E-AMQK-A,0 € + 0.19 €/kWh
2026-10-09T14:31:00Z,STR-E-ANJ0-A,0.2 €/kWh + 0.23 €
2026-10-09T14:31:00Z,STR-E-ANJ0-B,0.2 €/kWh + 0.23 €
2026-10-09T14:31:00Z,STR-E-AP96-A,0.2 €/kWh + 0.23 €
2026-10-09T14:31:00Z,STR-E-AP96-B,0.2 €/kWh + 0.23 €
2026-10-09T14:31:00Z,STR-E-AUQ2-A,0 € + 0.19 €/kWh
2026-10-09T14:31:00Z,STR-E-AWF1-A,0.08 € + 0.15 €/kWh
2026-10-09T14:31:00Z,STR-E-AWF1-B,0.08 € + 0.15 €/kWh
2026-10-09T14:31:00Z,STR-E-AWJ9-A,0.23 €/kWh
2026-10-09T14:31:00Z,STR-E-AWJ9-B,0.23 €/kWh
2026-10-09T14:31:00Z,STR-E-B36V-A,0.19 € + 0.27 €/kWh
2026-10-09T14:31:00Z,STR-E-B36V-B,0.19 € + 0.27 €/kWh
2026-10-09T14:31:00Z,STR-E-BIKW-A,0.2 €/kWh + 0.23 €
2026-10-09T14:31:00Z,STR-E-BIKW-B,0.2 €/kWh + 0.23 €
2026-10-09T14:31:00Z,STR-E-BXA5-A,0.1 €/kWh
2026-10-09T14:31:00Z,STR-E-C91L-A,0.1 €/kWh
2026-10-09T14:31:00Z,STR-E-C99Z-A,0 € + 0.19 €/kWh
2026-10-09T14:31:00Z,STR-E-D3MB-A,0.2 €/kWh + 0.23 €
2026-10-09T14:31:00Z,STR-E-D3MB-B,0.2 €/kWh + 0.23 €
2026-10-09T14:31:00Z,STR-E-DBCC-A,0.08 € + 0.15 €/kWh
2026-10-09T14:31:00Z,STR-E-DBCC-B,0.08 € + 0.15 €/kWh
2026-10-09T14:31:00Z,STR-E-DHEJ-A,0 € + 0.19 €/kWh
2026-10-09T14:31:00Z,STR-E-E0DZ-A,0.2 €/kWh
2026-10-09T14:31:00Z,STR-E-E0DZ-B,0.2 €/kWh
2026-10-09T14:31:00Z,STR-E-E7HH-A,0.1 €/kWh
2026-10-09T14:31:00Z,STR-E-ECI7-A,0 € + 0.19 €/kWh
2026-10-09T14:31:00Z,STR-E-EFXK-A,0 € + 0.19 €/kWh
2026-10-09T14:31:00Z,STR-E-ELFQ-A,0.2 €/kWh + 0.23 €
2026-10-09T14:31:00Z,STR-E-ELFQ-B,0.2 €/kWh + 0.23 €
2026-10-09T14:31:00Z,STR-E-EPQY-A,0 € + 0.19 €/kWh
2026-10-09T14:31:00Z,STR-E-ER2N-A,0 € + 0.19 €/kWh
2026-10-09T14:31:00Z,STR-E-ES3O-A,0 € + 0.19 €/kWh
2026-10-09T14:31:00Z,STR-E-EU1U-A,0.1 €/kWh
2026-10-09T14:31:00Z,STR-E-F2G0-A,0.08 € + 0.15 €/kWh
2026-10-09T14:31:00Z,STR-E-F2G0-B,0.08 € + 0.15 €/kWh
2026-10-09T14:31:00Z,STR-E-F4B3-A,0.1 €/kWh
2026-10-09T14:31:00Z,STR-E-F5LZ-A,0.1 €/kWh
2026-10-09T14:31:00Z,STR-E-F79A-A,0.2 €/kWh + 0.23 €
2026-10-09T14:31:00Z,STR-E-F79A-B,0.2 €/kWh + 0.23 €
2026-10-09T14:31:00Z,STR-E-FGMF-A,0.1 €/kWh
2026-10-09T14:31:00Z,STR-E-FK06-A,0.1 €/kWh
2026-10-09T14:31:00Z,STR-E-FKUY-A,0 € + 0.19 €/kWh
2026-10-09T14:31:00Z,STR-E-FUE8-A,0.08 € + 0.15 €/kWh
2026-10-09T14:31:00Z,STR-E-FUE8-B,0.08 € + 0.15 €/kWh
2026-10-09T14:31:00Z,STR-E-G4VM-A,0.1 €/kWh
2026-10-09T14:31:00Z,STR-E-G518-A,0.1 €/kWh
2026-10-09T14:31:00Z,STR-E-GB9A-A,0.1 €/kWh
2026-10-09T14:31:00Z,STR-E-GE77-A,0.3 €/kWh
2026-10-09T14:31:00Z,STR-E-GE77-B,0.3 €/kWh
2026-10-09T14:31:00Z,STR-E-GFB3-A,0 € + 0.19 €/kWh
2026-10-09T14:31:00Z,STR-E-GGV8-A,0.1 €/kWh
2026-10-09T14:31:00Z,STR-E-GHJA-A,0.1 €/kWh
2026-10-09T14:31:00Z,STR-E-GK0C-A,0 € + 0.19 €/kWh
2026-10-09T14:31:00Z,STR-E-GR5K-A,0.1 €/kWh
2026-10-09T14:31:00Z,STR-E-H6Q5-A,0.1 €/kWh
2026-10-09T14:31:00Z,STR-E-HHXV-A,0 € + 0.19 €/kWh
2026-10-09T14:31:00Z,STR-E-I1KE-A,0 € + 0.19 €/kWh
2026-10-09T14:31:00Z,STR-E-I4UZ-A,0.1 €/kWh
2026-10-09T14:31:00Z,STR-E-I5FH-A,0.1 €/kWh
2026-10-09T14:31:00Z,STR-E-I8C6-A,0.1 €/kWh
2026-10-09T14:31:00Z,STR-E-IA3X-A,0.1 €/kWh
2026-10-09T14:31:00Z,STR-E-IAO5-A,0 € + 0.19 €/kWh
2026-10-09T14:31:00Z,STR-E-IGH5-A,0.2 €/kWh + 0.23 €
2026-10-09T14:31:00Z,STR-E-IGH5-B,0.2 €/kWh + 0.23 €
2026-10-09T14:31:00Z,STR-E-IIKL-A,0.08 € + 0.15 €/kWh
2026-10-09T14:31:00Z,STR-E-IIKL-B,0.08 € + 0.15 €/kWh
2026-10-09T14:31:00Z,STR-E-IPEC-A,0 € + 0.19 €/kWh
2026-10-09T14:31:00Z,STR-E-IV6T-A,0 € + 0.19 €/kWh
2026-10-09T14:31:00Z,STR-E-J54N-A,0 € + 0.19 €/kWh
2026-10-09T14:31:00Z,STR-E-J6DA-A,0 € + 0.19 €/kWh
2026-10-09T14:31:00Z,STR-E-J8VF-A,0 € + 0.19 €/kWh
2026-10-09T14:31:00Z,STR-E-JG90-A,0.11 €/kWh + 0.3 €
2026-10-09T14:31:00Z,STR-E-JG90-B,0.11 €/kWh + 0.3 €
2026-10-09T14:31:00Z,STR-E-JMOR-A,0 € + 0.19 €/kWh
2026-10-09T14:31:00Z,STR-E-JVO0-A,0.1 €/kWh
2026-10-09T14:31:00Z,STR-E-K217-A,0 € + 0.19 €/kWh
2026-10-09T14:31:00Z,STR-E-K73C-A,0.2 €/kWh + 0.23 €
2026-10-09T14:31:00Z,STR-E-K73C-B,0.2 €/kWh + 0.23 €
2026-10-09T14:31:00Z,STR-E-KBZL-A,0.1 €/kWh
2026-10-09T14:31:00Z,STR-E-KOHN-A,0 € + 0.19 €/kWh
2026-10-09T14:31:00Z,STR-E-KT5B-A,0 € + 0.19 €/kWh
2026-10-09T14:31:00Z,STR-E-KUKS-A,0.08 € + 0.15 €/kWh
2026-10-09T14:31:00Z,STR-E-KUKS-B,0.08 € + 0.15 €/kWh
2026-10-09T14:31:00Z,STR-E-L84D-A,0.1 €/kWh
2026-10-09T14:31:00Z,STR-E-LISV-A,0.1 €/kWh
2026-10-09T14:31:00Z,STR-E-LKFQ-A,0.1 €/kWh
2026-10-09T14:31:00Z,STR-E-LREY-A,0.32 €/kWh
2026-10-09T14:31:00Z,STR-E-M1IB-A,0.1 €/kWh
2026-10-09T14:31:00Z,STR-E-M8WL-A,0.1 €/kWh
2026-10-09T14:31:00Z,STR-E-M9W7-A,0.1 €/kWh
2026-10-09T14:31:00Z,STR-E-MIP3-A,0.2 €/kWh
2026-10-09T14:31:00Z,STR-E-MIP3-B,0.2 €/kWh
2026-10-09T14:31:00Z,STR-E-MSEN-A,0.1 €/kWh
2026-10-09T14:31:00Z,STR-E-MSUL-A,0.1 €/kWh
2026-10-09T14:31:00Z,STR-E-N6P5-A,0.1 €/kWh
2026-10-09T14:31:00Z,STR-E-NCKT-A,0.08 € + 0.15 €/kWh
2026-10-09T14:31:00Z,STR-E-NCKT-B,0.08 € + 0.15 €/kWh
2026-10-09T14:31:00Z,STR-E-NDU2-A,0 € + 0.19 €/kWh
2026-10-09T14:31:00Z,STR-E-NDZ4-A,0 € + 0.19 €/kWh
2026-10-09T14:31:00Z,STR-E-NFV5-A,0 € + 0.19 €/kWh
2026-10-09T14:31:00Z,STR-E-NNGC-A,0.1 €/kWh
2026-10-09T14:31:00Z,STR-E-NSGB-A,0 € + 0.19 €/kWh
2026-10-09T14:31:00Z,STR-E-NY0Q-A,0.15 € + 0.21 €/kWh
2026-10-09T14:31:00Z,STR-E-O0VK-A,0.1 €/kWh
2026-10-09T14:31:00Z,STR-E-O5JX-A,0 € + 0.19 €/kWh
2026-10-09T14:31:00Z,STR-E-O5YW-A,0.08 € + 0.15 €/kWh
2026-10-09T14:31:00Z,STR-E-O5YW-B,0.08 € + 0.15 €/kWh
2026-10-09T14:31:00Z,STR-E-ODBK-A,0.3 €/kWh
2026-10-09T14:31:00Z,STR-E-ODBK-B,0.3 €/kWh
2026-10-09T14:31:00Z,STR-E-OFWF-A,0 € + 0.19 €/kWh
2026-10-09T14:31:00Z,STR-E-OG1X-A,0.1 €/kWh
2026-10-09T14:31:00Z,STR-E-OHH6-A,0 € + 0.19 €/kWh
2026-10-09T14:31:00Z,STR-E-OJ3E-A,0.2 €/kWh + 0.23 €
2026-10-09T14:31:00Z,STR-E-OJ3E-B,0.2 €/kWh + 0.23 €
2026-10-09T14:31:00Z,STR-E-OQKZ-A,0.1 €/kWh
2026-10-09T14:31:00Z,STR-E-P46N-A,0 € + 0.19 €/kWh
2026-10-09T14:31:00Z,STR-E-P7AF-A,0.08 € + 0.15 €/kWh
2026-10-09T14:31:00Z,STR-E-P7AF-B,0.08 € + 0.15 €/kWh
2026-10-09T14:31:00Z,STR-E-PC04-A,0.1 €/kWh
2026-10-09T14:31:00Z,STR-E-PDR2-A,0.1 €/kWh
2026-10-09T14:31:00Z,STR-E-PJCQ-A,0.08 € + 0.15 €/kWh
2026-10-09T14:31:00Z,STR-E-PJCQ-B,0.08 € + 0.15 €/kWh
2026-10-09T14:31:00Z,STR-E-PM3P-A,0.2 €/kWh + 0.23 €
2026-10-09T14:31:00Z,STR-E-PM3P-B,0.2 €/kWh + 0.23 €
2026-10-09T14:31:00Z,STR-E-PRUQ-A,0.1 €/kWh
2026-10-09T14:31:00Z,STR-E-PSU9-A,0.1 €/kWh
2026-10-09T14:31:00Z,STR-E-PZ9U-A,0.1 €/kWh
2026-10-09T14:31:00Z,STR-E-PZES-A,0.1 €/kWh
2026-10-09T14:31:00Z,STR-E-Q5YF-A,0.2 €/kWh + 0.23 €
2026-10-09T14:31:00Z,STR-E-Q5YF-B,0.2 €/kWh + 0.23 €
2026-10-09T14:31:00Z,STR-E-Q7LB-A,0.2 €/kWh + 0.23 €
2026-10-09T14:31:00Z,STR-E-Q7LB-B,0.2 €/kWh + 0.23 €
2026-10-09T14:31:00Z,STR-E-QAXH-A,0.15 € + 0.21 €/kWh
2026-10-09T14:31:00Z,STR-E-QE1X-A,0.08 € + 0.15 €/kWh
2026-10-09T14:31:00Z,STR-E-QE1X-B,0.08 € + 0.15 €/kWh
2026-10-09T14:31:00Z,STR-E-QEDL-A,0.1 €/kWh
2026-10-09T14:31:00Z,STR-E-QIQM-A,0.1 €/kWh
2026-10-09T14:31:00Z,STR-E-QLC9-A,0.2 €/kWh
2026-10-09T14:31:00Z,STR-E-QLC9-B,0.2 €/kWh
2026-10-09T14:31:00Z,STR-E-R0J8-A,0.1 €/kWh
2026-10-09T14:31:00Z,STR-E-R1MT-A,0.2 €/kWh + 0.23 €
2026-10-09T14:31:00Z,STR-E-R1MT-B,0.2 €/kWh + 0.23 €
2026-10-09T14:31:00Z,STR-E-R1PI-A,0.2 €/kWh + 0.23 €
2026-10-09T14:31:00Z,STR-E-R1PI-B,0.2 €/kWh + 0.23 €
2026-10-09T14:31:00Z,STR-E-R2LK-A,0.2 €/kWh + 0.23 €
2026-10-09T14:31:00Z,STR-E-R2LK-B,0.2 €/kWh + 0.23 €
2026-10-09T14:31:00Z,STR-E-R8PQ-A,0 € + 0.19 €/kWh
2026-10-09T14:31:00Z,STR-E-R9GA-A,0.1 €/kWh
2026-10-09T14:31:00Z,STR-E-RJH9-A,0.1 €/kWh
2026-10-09T14:31:00Z,STR-E-RKWJ-A,0.1 €/kWh
2026-10-09T14:31:00Z,STR-E-S42D-A,0.1 €/kWh
2026-10-09T14:31:00Z,STR-E-S6VR-A,0 € + 0.19 €/kWh
2026-10-09T14:31:00Z,STR-E-S7YR-A,0.2 €/kWh + 0.23 €
2026-10-09T14:31:00Z,STR-E-S7YR-B,0.2 €/kWh + 0.23 €
2026-10-09T14:31:00Z,STR-E-SGC2-A,0 € + 0.19 €/kWh
2026-10-09T14:31:00Z,STR-E-SJKA-A,0.1 €/kWh
2026-10-09T14:31:00Z,STR-E-SQX8-A,0.08 € + 0.15 €/kWh
2026-10-09T14:31:00Z,STR-E-SQX8-B,0.08 € + 0.15 €/kWh
2026-10-09T14:31:00Z,STR-E-SVR3-A,0.2 €/kWh + 0.23 €
2026-10-09T14:31:00Z,STR-E-SVR3-B,0.2 €/kWh + 0.23 €
2026-10-09T14:31:00Z,STR-E-SY9Y-A,0.1 €/kWh
2026-10-09T14:31:00Z,STR-E-TO2O-A,0.1 €/kWh
2026-10-09T14:31:00Z,STR-E-TX67-A,0.23 €/kWh
2026-10-09T14:31:00Z,STR-E-TX67-B,0.23 €/kWh
2026-10-09T14:31:00Z,STR-E-U41O-A,0 € + 0.19 €/kWh
2026-10-09T14:31:00Z,STR-E-U5TP-A,0.1 €/kWh
2026-10-09T14:31:00Z,STR-E-UKPS-A,0.15 € + 0.21 €/kWh
2026-10-09T14:31:00Z,STR-E-UPAQ-A,0.2 €/kWh
2026-10-09T14:31:00Z,STR-E-UPAQ-B,0.2 €/kWh
2026-10-09T14:31:00Z,STR-E-UPOS-A,0.08 € + 0.15 €/kWh
2026-10-09T14:31:00Z,STR-E-UPOS-B,0.08 € + 0.15 €/kWh
2026-10-09T14:31:00Z,STR-E-UY5H-A,0.1 €/kWh
2026-10-09T14:31:00Z,STR-E-V17G-A,0.1 €/kWh
2026-10-09T14:31:00Z,STR-E-V31J-A,0.1 €/kWh
2026-10-09T14:31:00Z,STR-E-V50T-A,0.1 €/kWh
2026-10-09T14:31:00Z,STR-E-V9SD-A,0.1 €/kWh
2026-10-09T14:31:00Z,STR-E-V9ZR-A,0.1 €/kWh
2026-10-09T14:31:00Z,STR-E-VBMP-A,0.1 €/kWh
2026-10-09T14:31:00Z,STR-E-VJBJ-A,0 € + 0.19 €/kWh
2026-10-09T14:31:00Z,STR-E-VPDB-A,0.1 €/kWh
2026-10-09T14:31:00Z,STR-E-VQ06-A,0 € + 0.19 €/kWh
2026-10-09T14:31:00Z,STR-E-VSDJ-A,0.23 €/kWh
2026-10-09T14:31:00Z,STR-E-VSDJ-B,0.23 €/kWh
2026-10-09T14:31:00Z,STR-E-VT0G-A,0.1 €/kWh
2026-10-09T14:31:00Z,STR-E-VX2O-A,0 € + 0.19 €/kWh
2026-10-09T14:31:00Z,STR-E-VXGH-A,0.1 €/kWh
2026-10-09T14:31:00Z,STR-E-W1X4-A,0.1 €/kWh
2026-10-09T14:31:00Z,STR-E-WEE3-A,0.2 €/kWh + 0.23 €
2026-10-09T14:31:00Z,STR-E-WEE3-B,0.2 €/kWh + 0.23 €
2026-10-09T14:31:00Z,STR-E-WHZ1-A,0 € + 0.19 €/kWh
2026-10-09T14:31:00Z,STR-E-WLGM-A,0 € + 0.19 €/kWh
2026-10-09T14:31:00Z,STR-E-WTQ5-A,0.2 €/kWh
2026-10-09T14:31:00Z,STR-E-WXV8-A,0.1 €/kWh
2026-10-09T14:31:00Z,STR-E-WYFE-A,0.2 €/kWh
2026-10-09T14:31:00Z,STR-E-WYFE-B,0.2 €/kWh
2026-10-09T14:31:00Z,STR-E-WYYC-A,0.2 €/kWh + 0.23 €
2026-10-09T14:31:00Z,STR-E-WYYC-B,0.2 €/kWh + 0.23 €
2026-10-09T14:31:00Z,STR-E-WZW9-A,0.1 €/kWh
2026-10-09T14:31:00Z,STR-E-X525-A,0.1 €/kWh
2026-10-09T14:31:00Z,STR-E-X54O-A,0 € + 0.19 €/kWh
2026-10-09T14:31:00Z,STR-E-XCMJ-A,0.08 € + 0.15 €/kWh
2026-10-09T14:31:00Z,STR-E-XCMJ-B,0.08 € + 0.15 €/kWh
2026-10-09T14:31:00Z,STR-E-XFON-A,0.1 €/kWh
2026-10-09T14:31:00Z,STR-E-XG69-A,0.08 € + 0.15 €/kWh
2026-10-09T14:31:00Z,STR-E-XG69-B,0.08 € + 0.15 €/kWh
2026-10-09T14:31:00Z,STR-E-XH51-A,0 € + 0.19 €/kWh
2026-10-09T14:31:00Z,STR-E-XKW2-A,0.2 €/kWh + 0.23 €
2026-10-09T14:31:00Z,STR-E-XKW2-B,0.2 €/kWh + 0.23 €
2026-10-09T14:31:00Z,STR-E-XRV8-A,0 € + 0.19 €/kWh
2026-10-09T14:31:00Z,STR-E-Y7JK-A,0 € + 0.19 €/kWh
2026-10-09T14:31:00Z,STR-E-Y82E-A,0 € + 0.19 €/kWh
2026-10-09T14:31:00Z,STR-E-YC50-A,0.1 €/kWh
2026-10-09T14:31:00Z,STR-E-Z2PJ-A,0.08 € + 0.15 €/kWh
2026-10-09T14:31:00Z,STR-E-Z2PJ-B,0.08 € + 0.15 €/kWh
2026-10-09T14:31:00Z,STR-E-ZA6O-A,0.1 €/kWh
2026-10-09T14:31:00Z,STR-E-ZEP7-A,0 € + 0.19 €/kWh
2026-10-09T14:31:00Z,STR-E-ZIAZ-A,0 € + 0.19 €/kWh
2026-10-09T14:31:00Z,STR-E-ZK9W-A,0 € + 0.19 €/kWh
2026-10-09T14:31:00Z,STR-E-ZS00-A,0.2 €/kWh + 0.23 €
2026-10-09T14:31:00Z,STR-E-ZS00-B,0.2 €/kWh + 0.23 €
2026-10-09T14:31:00Z,STR-E-ZWU5-A,0.08 € + 0.15 €/kWh
2026-10-09T14:31:00Z,STR-E-ZWU5-B,0.08 € + 0.15 €/kWh
2026-10-09T14:48:23Z,IKR-E-1220-A,0.3 € + 0.38 €/kWh
2026-10-09T14:48:23Z,IKR-E-1871-A,0.3 € + 0.38 €/kWh
2026-10-09T14:48:23Z,IKR-E-2G8J-A,0.3 € + 0.38 €/kWh
2026-10-09T14:48:23Z,IKR-E-3TSR-A,0.3 € + 0.38 €/kWh
2026-10-09T14:48:23Z,IKR-E-5715-A,0.3 € + 0.38 €/kWh
2026-10-09T14:48:23Z,IKR-E-5730-A,0.3 € + 0.44 €/kWh
2026-10-09T14:48:23Z,IKR-E-5CGU-A,0.3 € + 0.38 €/kWh
2026-10-09T14:48:23Z,IKR-E-7718-A,0.3 € + 0.44 €/kWh
2026-10-09T14:48:23Z,IKR-E-DVCM-A,0.3 € + 0.38 €/kWh
2026-10-09T14:48:23Z,IKR-E-E228-A,0.3 € + 0.38 €/kWh
2026-10-09T14:48:23Z,IKR-E-E475-A,0.3 € + 0.4 €/kWh
2026-10-09T14:48:23Z,IKR-E-E544-A,0.3 € + 0.4 €/kWh
2026-10-09T14:48:23Z,IKR-E-EKZA-A,0.3 € + 0.38 €/kWh
2026-10-09T14:48:23Z,IKR-E-GAY9-A,0.3 € + 0.38 €/kWh
2026-10-09T14:48:23Z,IKR-E-IZW2-A,0.3 € + 0.38 €/kWh
2026-10-09T14:48:23Z,IKR-E-J1JV-A,0.3 € + 0.38 €/kWh
2026-10-09T14:48:23Z,IKR-E-JJAJ-A,0.3 € + 0.38 €/kWh
2026-10-09T14:48:23Z,IKR-E-KMBH-A,0.3 € + 0.38 €/kWh
2026-10-09T14:48:23Z,IKR-E-LJZI-A,0.3 € + 0.38 €/kWh
2026-10-09T14:48:23Z,IKR-E-MAU9-A,0.29 € + 0.3 €/kWh
2026-10-09T14:48:23Z,IKR-E-OWF5-A,0.3 € + 0.41 €/kWh
2026-10-09T14:48:23Z,IKR-E-W6HQ-A,0.29 € + 0.3 €/kWh
2026-10-09T14:48:23Z,IKR-E-XIH2-A,0.3 € + 0.38 €/kWh
2026-10-09T14:48:23Z,IKR-E-Y2Z8-A,0.3 € + 0.34 €/kWh
2026-10-09T14:48:23Z,IKR-P-IV7E-B,0.3 € + 0.38 €/kWh
2026-10-09T14:48:23Z,IKR-P-SCM5-A,0.3 € + 0.41 €/kWh
2026-10-09T14:48:23Z,IKR-P-V9X4-A,0.3 € + 0.41 €/kWh
2026-10-09T14:48:23Z,IKR-P-V9X4-B,0.3 € + 0.41 €/kWh
2026-10-09T14:48:23Z,STR-E-027B-A,0.22 €/kWh + 0.23 €
2026-10-09T14:48:23Z,STR-E-027B-B,0.22 €/kWh + 0.23 €
2026-10-09T14:48:23Z,STR-E-02VO-A,0.24 €/kWh
2026-10-09T14:48:23Z,STR-E-02VO-B,0.24 €/kWh
2026-10-09T14:48:23Z,STR-E-04YS-A,0 € + 0.2 €/kWh
2026-10-09T14:48:23Z,STR-E-051F-A,0.08 € + 0.16 €/kWh
2026-10-09T14:48:23Z,STR-E-0698-A,0.11 €/kWh
2026-10-09T14:48:23Z,STR-E-0GEL-A,0.11 €/kWh
2026-10-09T14:48:23Z,STR-E-10G9-A,0.08 € + 0.16 €/kWh
2026-10-09T14:48:23Z,STR-E-10G9-B,0.08 € + 0.16 €/kWh
2026-10-09T14:48:23Z,STR-E-1162-A,0.11 €/kWh
2026-10-09T14:48:23Z,STR-E-11DT-A,0.11 €/kWh
2026-10-09T14:48:23Z,STR-E-1887-A,0.11 €/kWh
2026-10-09T14:48:23Z,STR-E-1927-A,0.11 €/kWh
2026-10-09T14:48:23Z,STR-E-1ME5-A,0.08 € + 0.16 €/kWh
2026-10-09T14:48:23Z,STR-E-1ME5-B,0.08 € + 0.16 €/kWh
2026-10-09T14:48:23Z,STR-E-1MHB-A,0.34 €/kWh
2026-10-09T14:48:23Z,STR-E-1MJQ-A,0.11 €/kWh
2026-10-09T14:48:23Z,STR-E-1X30-A,0 € + 0.2 €/kWh
2026-10-09T14:48:23Z,STR-E-21O1-A,0.22 €/kWh
2026-10-09T14:48:23Z,STR-E-21O1-B,0.22 €/kWh
2026-10-09T14:48:23Z,STR-E-2446-A,0 € + 0.2 €/kWh
2026-10-09T14:48:23Z,STR-E-2D12-A,0.11 €/kWh
2026-10-09T14:48:23Z,STR-E-2ED4-A,0.11 €/kWh
2026-10-09T14:48:23Z,STR-E-2K1Q-A,0 € + 0.2 €/kWh
2026-10-09T14:48:23Z,STR-E-2XDJ-A,0 € + 0.2 €/kWh
2026-10-09T14:48:23Z,STR-E-320G-A,0.11 €/kWh
2026-10-09T14:48:23Z,STR-E-3468-A,0.22 €/kWh
2026-10-09T14:48:23Z,STR-E-3468-B,0.22 €/kWh
2026-10-09T14:48:23Z,STR-E-3ENA-A,0.22 €/kWh
2026-10-09T14:48:23Z,STR-E-3ENA-B,0.22 €/kWh
2026-10-09T14:48:23Z,STR-E-3ENA-C,0.22 €/kWh
2026-10-09T14:48:23Z,STR-E-3FMF-A,0.22 €/kWh + 0.23 €
2026-10-09T14:48:23Z,STR-E-3FMF-B,0.22 €/kWh + 0.23 €
2026-10-09T14:48:23Z,STR-E-3PZS-A,0.11 €/kWh
2026-10-09T14:48:23Z,STR-E-3SXI-A,0.22 €/kWh
2026-10-09T14:48:23Z,STR-E-3SXI-B,0.22 €/kWh
2026-10-09T14:48:23Z,STR-E-3TZI-A,0.11 €/kWh
2026-10-09T14:48:23Z,STR-E-3WE5-A,0 € + 0.2 €/kWh
2026-10-09T14:48:23Z,STR-E-3YH3-A,0.08 € + 0.16 €/kWh
2026-10-09T14:48:23Z,STR-E-3YH3-B,0.08 € + 0.16 €/kWh
2026-10-09T14:48:23Z,STR-E-4156-A,0.27 €/kWh
2026-10-09T14:48:23Z,STR-E-4156-B,0.27 €/kWh
2026-10-09T14:48:23Z,STR-E-491A-A,0.21 €/kWh
2026-10-09T14:48:23Z,STR-E-491A-B,0.21 €/kWh
2026-10-09T14:48:23Z,STR-E-491A-C,0.21 €/kWh
2026-10-09T14:48:23Z,STR-E-4DE6-A,0.21 €/kWh
2026-10-09T14:48:23Z,STR-E-4DE6-B,0.21 €/kWh
2026-10-09T14:48:23Z,STR-E-4KWM-A,0.31 €/kWh
2026-10-09T14:48:23Z,STR-E-4KWM-B,0.31 €/kWh
2026-10-09T14:48:23Z,STR-E-4LRS-A,0.11 €/kWh
2026-10-09T14:48:23Z,STR-E-4UGU-A,0.11 €/kWh
2026-10-09T14:48:23Z,STR-E-4YKC-A,0 € + 0.2 €/kWh
2026-10-09T14:48:23Z,STR-E-527U-A,0 € + 0.2 €/kWh
2026-10-09T14:48:23Z,STR-E-54PK-A,0.08 € + 0.16 €/kWh
2026-10-09T14:48:23Z,STR-E-54PK-B,0.08 € + 0.16 €/kWh
2026-10-09T14:48:23Z,STR-E-55I4-A,0 € + 0.2 €/kWh
2026-10-09T14:48:23Z,STR-E-566J-A,0 € + 0.2 €/kWh
2026-10-09T14:48:23Z,STR-E-59TF-A,0.08 € + 0.16 €/kWh
2026-10-09T14:48:23Z,STR-E-5DWB-A,0.11 €/kWh
2026-10-09T14:48:23Z,STR-E-5TI5-A,0.11 €/kWh
2026-10-09T14:48:23Z,STR-E-69PN-A,0.11 €/kWh
2026-10-09T14:48:23Z,STR-E-6CNG-A,0.11 €/kWh
2026-10-09T14:48:23Z,STR-E-6E7W-A,0 € + 0.2 €/kWh
2026-10-09T14:48:23Z,STR-E-6SQH-A,0.11 €/kWh
2026-10-09T14:48:23Z,STR-E-6UZQ-A,0.22 €/kWh
2026-10-09T14:48:23Z,STR-E-6UZQ-B,0.22 €/kWh
2026-10-09T14:48:23Z,STR-E-6ZTQ-A,0 € + 0.2 €/kWh
2026-10-09T14:48:23Z,STR-E-7438-A,0 € + 0.2 €/kWh
2026-10-09T14:48:23Z,STR-E-7A48-A,0.08 € + 0.16 €/kWh
2026-10-09T14:48:23Z,STR-E-7YBN-A,0 € + 0.2 €/kWh
2026-10-09T14:48:23Z,STR-E-7Z8G-A,0.31 €/kWh
2026-10-09T14:48:23Z,STR-E-7Z8G-B,0.31 €/kWh
2026-10-09T14:48:23Z,STR-E-86C0-A,0.11 €/kWh
2026-10-09T14:48:23Z,STR-E-88SA-A,0.11 €/kWh
2026-10-09T14:48:23Z,STR-E-8A02-A,0 € + 0.2 €/kWh
2026-10-09T14:48:23Z,STR-E-8M2O-A,0.11 €/kWh
2026-10-09T14:48:23Z,STR-E-8Q9F-A,0 € + 0.2 €/kWh
2026-10-09T14:48:23Z,STR-E-8XL5-A,0.11 €/kWh
2026-10-09T14:48:23Z,STR-E-8Y23-A,0.11 €/kWh
2026-10-09T14:48:23Z,STR-E-92KW-A,0.22 €/kWh + 0.23 €
2026-10-09T14:48:23Z,STR-E-9AH3-A,0 € + 0.2 €/kWh
2026-10-09T14:48:23Z,STR-E-9I2R-A,0.11 €/kWh
2026-10-09T14:48:23Z,STR-E-9TUZ-A,0.11 €/kWh
2026-10-09T14:48:23Z,STR-E-9WY2-A,0.11 €/kWh
2026-10-09T14:48:23Z,STR-E-A169-A,0 € + 0.2 €/kWh
2026-10-09T14:48:23Z,STR-E-A27N-A,0.24 €/kWh
2026-10-09T14:48:23Z,STR-E-A27N-B,0.24 €/kWh
2026-10-09T14:48:23Z,STR-E-A27N-C,0.24 €/kWh
2026-10-09T14:48:23Z,STR-E-A442-A,0.11 €/kWh
2026-10-09T14:48:23Z,STR-E-AABG-A,0.11 €/kWh
2026-10-09T14:48:23Z,STR-E-ACMT-A,0.11 €/kWh
2026-10-09T14:48:23Z,STR-E-ADXE-A,0 € + 0.2 €/kWh
2026-10-09T14:48:23Z,STR-E-AF2O-A,0.08 € + 0.16 €/kWh
2026-10-09T14:48:23Z,STR-E-AMQK-A,0 € + 0.2 €/kWh
2026-10-09T14:48:23Z,STR-E-ANJ0-A,0.22 €/kWh + 0.23 €
2026-10-09T14:48:23Z,STR-E-ANJ0-B,0.22 €/kWh + 0.23 €
2026-10-09T14:48:23Z,STR-E-AP96-A,0.22 €/kWh + 0.23 €
2026-10-09T14:48:23Z,STR-E-AP96-B,0.22 €/kWh + 0.23 €
2026-10-09T14:48:23Z,STR-E-AUQ2-A,0 € + 0.2 €/kWh
2026-10-09T14:48:23Z,STR-E-AWF1-A,0.08 € + 0.16 €/kWh
2026-10-09T14:48:23Z,STR-E-AWF1-B,0.08 € + 0.16 €/kWh
2026-10-09T14:48:23Z,STR-E-AWJ9-A,0.24 €/kWh
2026-10-09T14:48:23Z,STR-E-AWJ9-B,0.24 €/kWh
2026-10-09T14:48:23Z,STR-E-B36V-A,0.19 € + 0.29 €/kWh
2026-10-09T14:48:23Z,STR-E-B36V-B,0.19 € + 0.29 €/kWh
2026-10-09T14:48:23Z,STR-E-BIKW-A,0.22 €/kWh + 0.23 €
2026-10-09T14:48:23Z,STR-E-BIKW-B,0.22 €/kWh + 0.23 €
2026-10-09T14:48:23Z,STR-E-BXA5-A,0.11 €/kWh
2026-10-09T14:48:23Z,STR-E-C91L-A,0.11 €/kWh
2026-10-09T14:48:23Z,STR-E-C99Z-A,0 € + 0.2 €/kWh
2026-10-09T14:48:23Z,STR-E-D3MB-A,0.22 €/kWh + 0.23 €
2026-10-09T14:48:23Z,STR-E-D3MB-B,0.22 €/kWh + 0.23 €
2026-10-09T14:48:23Z,STR-E-DBCC-A,0.08 € + 0.16 €/kWh
2026-10-09T14:48:23Z,STR-E-DBCC-B,0.08 € + 0.16 €/kWh
2026-10-09T14:48:23Z,STR-E-DHEJ-A,0 € + 0.2 €/kWh
2026-10-09T14:48:23Z,STR-E-E0DZ-A,0.22 €/kWh
2026-10-09T14:48:23Z,STR-E-E0DZ-B,0.22 €/kWh
2026-10-09T14:48:23Z,STR-E-E7HH-A,0.11 €/kWh
2026-10-09T14:48:23Z,STR-E-ECI7-A,0 € + 0.2 €/kWh
2026-10-09T14:48:23Z,STR-E-EFXK-A,0 € + 0.2 €/kWh
2026-10-09T14:48:23Z,STR-E-ELFQ-A,0.22 €/kWh + 0.23 €
2026-10-09T14:48:23Z,STR-E-ELFQ-B,0.22 €/kWh + 0.23 €
2026-10-09T14:48:23Z,STR-E-EPQY-A,0 € + 0.2 €/kWh
2026-10-09T14:48:23Z,STR-E-ER2N-A,0 € + 0.2 €/kWh
2026-10-09T14:48:23Z,STR-E-ES3O-A,0 € + 0.2 €/kWh
2026-10-09T14:48:23Z,STR-E-EU1U-A,0.11 €/kWh
2026-10-09T14:48:23Z,STR-E-F2G0-A,0.08 € + 0.16 €/kWh
2026-10-09T14:48:23Z,STR-E-F2G0-B,0.08 € + 0.16 €/kWh
2026-10-09T14:48:23Z,STR-E-F4B3-A,0.11 €/kWh
2026-10-09T14:48:23Z,STR-E-F5LZ-A,0.11 €/kWh
2026-10-09T14:48:23Z,STR-E-F79A-A,0.22 €/kWh + 0.23 €
2026-10-09T14:48:23Z,STR-E-F79A-B,0.22 €/kWh + 0.23 €
2026-10-09T14:48:23Z,STR-E-FGMF-A,0.11 €/kWh
2026-10-09T14:48:23Z,STR-E-FK06-A,0.11 €/kWh
2026-10-09T14:48:23Z,STR-E-FKUY-A,0 € + 0.2 €/kWh
2026-10-09T14:48:23Z,STR-E-FUE8-A,0.08 € + 0.16 €/kWh
2026-10-09T14:48:23Z,STR-E-FUE8-B,0.08 € + 0.16 €/kWh
2026-10-09T14:48:23Z,STR-E-G4VM-A,0.11 €/kWh
2026-10-09T14:48:23Z,STR-E-G518-A,0.11 €/kWh
2026-10-09T14:48:23Z,STR-E-GB9A-A,0.11 €/kWh
2026-10-09T14:48:23Z,STR-E-GE77-A,0.31 €/kWh
2026-10-09T14:48:23Z,STR-E-GE77-B,0.31 €/kWh
2026-10-09T14:48:23Z,STR-E-GFB3-A,0 € + 0.2 €/kWh
2026-10-09T14:48:23Z,STR-E-GGV8-A,0.11 €/kWh
2026-10-09T14:48:23Z,STR-E-GHJA-A,0.11 €/kWh
2026-10-09T14:48:23Z,STR-E-GK0C-A,0 € + 0.2 €/kWh
2026-10-09T14:48:23Z,STR-E-GR5K-A,0.11 €/kWh
2026-10-09T14:48:23Z,STR-E-H6Q5-A,0.11 €/kWh
2026-10-09T14:48:23Z,STR-E-HHXV-A,0 € + 0.2 €/kWh
2026-10-09T14:48:23Z,STR-E-I1KE-A,0 € + 0.2 €/kWh
2026-10-09T14:48:23Z,STR-E-I4UZ-A,0.11 €/kWh
2026-10-09T14:48:23Z,STR-E-I5FH-A,0.11 €/kWh
2026-10-09T14:48:23Z,STR-E-I8C6-A,0.11 €/kWh
2026-10-09T14:48:23Z,STR-E-IA3X-A,0.11 €/kWh
2026-10-09T14:48:23Z,STR-E-IAO5-A,0 € + 0.2 €/kWh
2026-10-09T14:48:23Z,STR-E-IGH5-A,0.22 €/kWh + 0.23 €
2026-10-09T14:48:23Z,STR-E-IGH5-B,0.22 €/kWh + 0.23 €
2026-10-09T14:48:23Z,STR-E-IIKL-A,0.08 € + 0.16 €/kWh
2026-10-09T14:48:23Z,STR-E-IIKL-B,0.08 € + 0.16 €/kWh
2026-10-09T14:48:23Z,STR-E-IPEC-A,0 € + 0.2 €/kWh
2026-10-09T14:48:23Z,STR-E-IV6T-A,0 € + 0.2 €/kWh
2026-10-09T14:48:23Z,STR-E-J54N-A,0 € + 0.2 €/kWh
2026-10-09T14:48:23Z,STR-E-J6DA-A,0 € + 0.2 €/kWh
2026-10-09T14:48:23Z,STR-E-J8VF-A,0 € + 0.2 €/kWh
2026-10-09T14:48:23Z,STR-E-JG90-A,0.13 €/kWh + 0.3 €
2026-10-09T14:48:23Z,STR-E-JG90-B,0.13 €/kWh + 0.3 €
2026-10-09T14:48:23Z,STR-E-JMOR-A,0 € + 0.2 €/kWh
2026-10-09T14:48:23Z,STR-E-JVO0-A,0.11 €/kWh
2026-10-09T14:48:23Z,STR-E-K217-A,0 € + 0.2 €/kWh
2026-10-09T14:48:23Z,STR-E-K73C-A,0.22 €/kWh + 0.23 €
2026-10-09T14:48:23Z,STR-E-K73C-B,0.22 €/kWh + 0.23 €
2026-10-09T14:48:23Z,STR-E-KBZL-A,0.11 €/kWh
2026-10-09T14:48:23Z,STR-E-KOHN-A,0 € + 0.2 €/kWh
2026-10-09T14:48:23Z,STR-E-KT5B-A,0 € + 0.2 €/kWh
2026-10-09T14:48:23Z,STR-E-KUKS-A,0.08 € + 0.16 €/kWh
2026-10-09T14:48:23Z,STR-E-KUKS-B,0.08 € + 0.16 €/kWh
2026-10-09T14:48:23Z,STR-E-L84D-A,0.11 €/kWh
2026-10-09T14:48:23Z,STR-E-LISV-A,0.11 €/kWh
2026-10-09T14:48:23Z,STR-E-LKFQ-A,0.11 €/kWh
2026-10-09T14:48:23Z,STR-E-LREY-A,0.34 €/kWh
2026-10-09T14:48:23Z,STR-E-M1IB-A,0.11 €/kWh
2026-10-09T14:48:23Z,STR-E-M8WL-A,0.11 €/kWh
2026-10-09T14:48:23Z,STR-E-M9W7-A,0.11 €/kWh
2026-10-09T14:48:23Z,STR-E-MIP3-A,0.21 €/kWh
2026-10-09T14:48:23Z,STR-E-MIP3-B,0.21 €/kWh
2026-10-09T14:48:23Z,STR-E-MSEN-A,0.11 €/kWh
2026-10-09T14:48:23Z,STR-E-MSUL-A,0.11 €/kWh
2026-10-09T14:48:23Z,STR-E-N6P5-A,0.11 €/kWh
2026-10-09T14:48:23Z,STR-E-NCKT-A,0.08 € + 0.16 €/kWh
2026-10-09T14:48:23Z,STR-E-NCKT-B,0.08 € + 0.16 €/kWh
2026-10-09T14:48:23Z,STR-E-NDU2-A,0 € + 0.2 €/kWh
2026-10-09T14:48:23Z,STR-E-NDZ4-A,0 € + 0.2 €/kWh
2026-10-09T14:48:23Z,STR-E-NFV5-A,0 € + 0.2 €/kWh
2026-10-09T14:48:23Z,STR-E-NNGC-A,0.11 €/kWh
2026-10-09T14:48:23Z,STR-E-NSGB-A,0 € + 0.2 €/kWh
2026-10-09T14:48:23Z,STR-E-NY0Q-A,0.15 € + 0.22 €/kWh
2026-10-09T14:48:23Z,STR-E-O0VK-A,0.11 €/kWh
2026-10-09T14:48:23Z,STR-E-O5JX-A,0 € + 0.2 €/kWh
2026-10-09T14:48:23Z,STR-E-O5YW-A,0.08 € + 0.16 €/kWh
2026-10-09T14:48:23Z,STR-E-O5YW-B,0.08 € + 0.16 €/kWh
2026-10-09T14:48:23Z,STR-E-ODBK-A,0.31 €/kWh
2026-10-09T14:48:23Z,STR-E-ODBK-B,0.31 €/kWh
2026-10-09T14:48:23Z,STR-E-OFWF-A,0 € + 0.2 €/kWh
2026-10-09T14:48:23Z,STR-E-OG1X-A,0.11 €/kWh
2026-10-09T14:48:23Z,STR-E-OHH6-A,0 € + 0.2 €/kWh
2026-10-09T14:48:23Z,STR-E-OJ3E-A,0.22 €/kWh + 0.23 €
2026-10-09T14:48:23Z,STR-E-OJ3E-B,0.22 €/kWh + 0.23 €
2026-10-09T14:48:23Z,STR-E-OQKZ-A,0.11 €/kWh
2026-10-09T14:48:23Z,STR-E-P46N-A,0 € + 0.2 €/kWh
2026-10-09T14:48:23Z,STR-E-P7AF-A,0.08 € + 0.16 €/kWh
2026-10-09T14:48:23Z,STR-E-P7AF-B,0.08 € + 0.16 €/kWh
2026-10-09T14:48:23Z,STR-E-PC04-A,0.11 €/kWh
2026-10-09T14:48:23Z,STR-E-PDR2-A,0.11 €/kWh
2026-10-09T14:48:23Z,STR-E-PJCQ-A,0.08 € + 0.16 €/kWh
2026-10-09T14:48:23Z,STR-E-PJCQ-B,0.08 € + 0.16 €/kWh
2026-10-09T14:48:23Z,STR-E-PM3P-A,0.22 €/kWh + 0.23 €
2026-10-09T14:48:23Z,STR-E-PM3P-B,0.22 €/kWh + 0.23 €
2026-10-09T14:48:23Z,STR-E-PRUQ-A,0.11 €/kWh
2026-10-09T14:48:23Z,STR-E-PSU9-A,0.11 €/kWh
2026-10-09T14:48:23Z,STR-E-PZ9U-A,0.11 €/kWh
2026-10-09T14:48:23Z,STR-E-PZES-A,0.11 €/kWh
2026-10-09T14:48:23Z,STR-E-Q5YF-A,0.22 €/kWh + 0.23 €
2026-10-09T14:48:23Z,STR-E-Q5YF-B,0.22 €/kWh + 0.23 €
2026-10-09T14:48:23Z,STR-E-Q7LB-A,0.22 €/kWh + 0.23 €
2026-10-09T14:48:23Z,STR-E-Q7LB-B,0.22 €/kWh + 0.23 €
2026-10-09T14:48:23Z,STR-E-QAXH-A,0.15 € + 0.22 €/kWh
2026-10-09T14:48:23Z,STR-E-QE1X-A,0.08 € + 0.16 €/kWh
2026-10-09T14:48:23Z,STR-E-QE1X-B,0.08 € + 0.16 €/kWh
2026-10-09T14:48:23Z,STR-E-QEDL-A,0.11 €/kWh
2026-10-09T14:48:23Z,STR-E-QIQM-A,0.11 €/kWh
2026-10-09T14:48:23Z,STR-E-QLC9-A,0.21 €/kWh
2026-10-09T14:48:23Z,STR-E-QLC9-B,0.21 €/kWh
2026-10-09T14:48:23Z,STR-E-R0J8-A,0.11 €/kWh
2026-10-09T14:48:23Z,STR-E-R1MT-A,0.22 €/kWh + 0.23 €
2026-10-09T14:48:23Z,STR-E-R1MT-B,0.22 €/kWh + 0.23 €
2026-10-09T14:48:23Z,STR-E-R1PI-A,0.22 €/kWh + 0.23 €
2026-10-09T14:48:23Z,STR-E-R1PI-B,0.22 €/kWh + 0.23 €
2026-10-09T14:48:23Z,STR-E-R2LK-A,0.22 €/kWh + 0.23 €
2026-10-09T14:48:23Z,STR-E-R2LK-B,0.22 €/kWh + 0.23 €
2026-10-09T14:48:23Z,STR-E-R8PQ-A,0 € + 0.2 €/kWh
2026-10-09T14:48:23Z,STR-E-R9GA-A,0.11 €/kWh
2026-10-09T14:48:23Z,STR-E-RJH9-A,0.11 €/kWh
2026-10-09T14:48:23Z,STR-E-RKWJ-A,0.11 €/kWh
2026-10-09T14:48:23Z,STR-E-S42D-A,0.11 €/kWh
2026-10-09T14:48:23Z,STR-E-S6VR-A,0 € + 0.2 €/kWh
2026-10-09T14:48:23Z,STR-E-S7YR-A,0.22 €/kWh + 0.23 €
2026-10-09T14:48:23Z,STR-E-S7YR-B,0.22 €/kWh + 0.23 €
2026-10-09T14:48:23Z,STR-E-SGC2-A,0 € + 0.2 €/kWh
2026-10-09T14:48:23Z,STR-E-SJKA-A,0.11 €/kWh
2026-10-09T14:48:23Z,STR-E-SQX8-A,0.08 € + 0.16 €/kWh
2026-10-09T14:48:23Z,STR-E-SQX8-B,0.08 € + 0.16 €/kWh
2026-10-09T14:48:23Z,STR-E-SVR3-A,0.22 €/kWh + 0.23 €
2026-10-09T14:48:23Z,STR-E-SVR3-B,0.22 €/kWh + 0.23 €
2026-10-09T14:48:23Z,STR-E-SY9Y-A,0.11 €/kWh
2026-10-09T14:48:23Z,STR-E-TO2O-A,0.11 €/kWh
2026-10-09T14:48:23Z,STR-E-TX67-A,0.24 €/kWh
2026-10-09T14:48:23Z,STR-E-TX67-B,0.24 €/kWh
2026-10-09T14:48:23Z,STR-E-U41O-A,0 € + 0.2 €/kWh
2026-10-09T14:48:23Z,STR-E-U5TP-A,0.11 €/kWh
2026-10-09T14:48:23Z,STR-E-UKPS-A,0.15 € + 0.22 €/kWh
2026-10-09T14:48:23Z,STR-E-UPAQ-A,0.21 €/kWh
2026-10-09T14:48:23Z,STR-E-UPAQ-B,0.21 €/kWh
2026-10-09T14:48:23Z,STR-E-UPOS-A,0.08 € + 0.16 €/kWh
2026-10-09T14:48:23Z,STR-E-UPOS-B,0.08 € + 0.16 €/kWh
2026-10-09T14:48:23Z,STR-E-UY5H-A,0.11 €/kWh
2026-10-09T14:48:23Z,STR-E-V17G-A,0.11 €/kWh
2026-10-09T14:48:23Z,STR-E-V31J-A,0.11 €/kWh
2026-10-09T14:48:23Z,STR-E-V50T-A,0.11 €/kWh
2026-10-09T14:48:23Z,STR-E-V9SD-A,0.11 €/kWh
2026-10-09T14:48:23Z,STR-E-V9ZR-A,0.11 €/kWh
2026-10-09T14:48:23Z,STR-E-VBMP-A,0.11 €/kWh
2026-10-09T14:48:23Z,STR-E-VJBJ-A,0 € + 0.2 €/kWh
2026-10-09T14:48:23Z,STR-E-VPDB-A,0.11 €/kWh
2026-10-09T14:48:23Z,STR-E-VQ06-A,0 € + 0.2 €/kWh
2026-10-09T14:48:23Z,STR-E-VSDJ-A,0.24 €/kWh
2026-10-09T14:48:23Z,STR-E-VSDJ-B,0.24 €/kWh
2026-10-09T14:48:23Z,STR-E-VT0G-A,0.11 €/kWh
2026-10-09T14:48:23Z,STR-E-VX2O-A,0 € + 0.2 €/kWh
2026-10-09T14:48:23Z,STR-E-VXGH-A,0.11 €/kWh
2026-10-09T14:48:23Z,STR-E-W1X4-A,0.11 €/kWh
2026-10-09T14:48:23Z,STR-E-WEE3-A,0.22 €/kWh + 0.23 €
2026-10-09T14:48:23Z,STR-E-WEE3-B,0.22 €/kWh + 0.23 €
2026-10-09T14:48:23Z,STR-E-WHZ1-A,0 € + 0.2 €/kWh
2026-10-09T14:48:23Z,STR-E-WLGM-A,0 € + 0.2 €/kWh
2026-10-09T14:48:23Z,STR-E-WTQ5-A,0.22 €/kWh
2026-10-09T14:48:23Z,STR-E-WXV8-A,0.11 €/kWh
2026-10-09T14:48:23Z,STR-E-WYFE-A,0.22 €/kWh
2026-10-09T14:48:23Z,STR-E-WYFE-B,0.22 €/kWh
2026-10-09T14:48:23Z,STR-E-WYYC-A,0.22 €/kWh + 0.23 €
2026-10-09T14:48:23Z,STR-E-WYYC-B,0.22 €/kWh + 0.23 €
2026-10-09T14:48:23Z,STR-E-WZW9-A,0.11 €/kWh
2026-10-09T14:48:23Z,STR-E-X525-A,0.11 €/kWh
2026-10-09T14:48:23Z,STR-E-X54O-A,0 € + 0.2 €/kWh
2026-10-09T14:48:23Z,STR-E-XCMJ-A,0.08 € + 0.16 €/kWh
2026-10-09T14:48:23Z,STR-E-XCMJ-B,0.08 € + 0.16 €/kWh
2026-10-09T14:48:23Z,STR-E-XFON-A,0.11 €/kWh
2026-10-09T14:48:23Z,STR-E-XG69-A,0.08 € + 0.16 €/kWh
2026-10-09T14:48:23Z,STR-E-XG69-B,0.08 € + 0.16 €/kWh
2026-10-09T14:48:23Z,STR-E-XH51-A,0 € + 0.2 €/kWh
2026-10-09T14:48:23Z,STR-E-XKW2-A,0.22 €/kWh + 0.23 €
2026-10-09T14:48:23Z,STR-E-XKW2-B,0.22 €/kWh + 0.23 €
2026-10-09T14:48:23Z,STR-E-XRV8-A,0 € + 0.2 €/kWh
2026-10-09T14:48:23Z,STR-E-Y7JK-A,0 € + 0.2 €/kWh
2026-10-09T14:48:23Z,STR-E-Y82E-A,0 € + 0.2 €/kWh
2026-10-09T14:48:23Z,STR-E-YC50-A,0.11 €/kWh
2026-10-09T14:48:23Z,STR-E-Z2PJ-A,0.08 € + 0.16 €/kWh
2026-10-09T14:48:23Z,STR-E-Z2PJ-B,0.08 € + 0.16 €/kWh
2026-10-09T14:48:23Z,STR-E-ZA6O-A,0.11 €/kWh
2026-10-09T14:48:23Z,STR-E-ZEP7-A,0 € + 0.2 €/kWh
2026-10-09T14:48:23Z,STR-E-ZIAZ-A,0 € + 0.2 €/kWh
2026-10-09T14:48:23Z,STR-E-ZK9W-A,0 € + 0.2 €/kWh
2026-10-09T14:48:23Z,STR-E-ZS00-A,0.22 €/kWh + 0.23 €
2026-10-09T14:48:23Z,STR-E-ZS00-B,0.22 €/kWh + 0.23 €
2026-10-09T14:48:23Z,STR-E-ZWU5-A,0.08 € + 0.16 €/kWh
2026-10-09T14:48:23Z,STR-E-ZWU5-B,0.08 € + 0.16 €/kWh
2026-10-09T15:01:12Z,IGN-E-0X0P-A,0.35 €/kWh
2026-10-09T15:01:12Z,IGN-E-0X0P-B,0.35 €/kWh
2026-10-09T15:01:12Z,IGN-E-0X0P-C,0.35 €/kWh
2026-10-09T15:01:12Z,IGN-E-0X0P-D,0.35 €/kWh
2026-10-09T15:01:12Z,IGN-E-0X0P-E,0.35 €/kWh
2026-10-09T15:01:12Z,IGN-E-0X0P-F,0.35 €/kWh
2026-10-09T15:01:12Z,IGN-E-0X0P-G,0.35 €/kWh
2026-10-09T15:01:12Z,IGN-E-0X0P-H,0.35 €/kWh
2026-10-09T15:01:12Z,IGN-E-0X0P-I,0.35 €/kWh
2026-10-09T15:01:12Z,IGN-E-370-A,0.35 €/kWh
2026-10-09T15:01:12Z,IGN-E-370-B,0.35 €/kWh
2026-10-09T15:01:12Z,IGN-E-370-C,0.35 €/kWh
2026-10-09T15:01:12Z,IGN-E-370-D,0.35 €/kWh
2026-10-09T15:01:12Z,IGN-E-370-E,0.35 €/kWh
2026-10-09T15:01:12Z,IGN-E-370-F,0.35 €/kWh
2026-10-09T15:01:12Z,IGN-E-CK94-A,0.35 €/kWh
2026-10-09T15:01:12Z,IGN-E-CK94-B,0.35 €/kWh
2026-10-09T15:01:12Z,IGN-E-CK94-C,0.35 €/kWh
2026-10-09T15:01:12Z,IGN-E-CK94-D,0.35 €/kWh
2026-10-09T15:01:12Z,IKR-E-1220-A,0.3 € + 0.36 €/kWh
2026-10-09T15:01:12Z,IKR-E-1871-A,0.3 € + 0.36 €/kWh
2026-10-09T15:01:12Z,IKR-E-2G8J-A,0.3 € + 0.36 €/kWh
2026-10-09T15:01:12Z,IKR-E-3TSR-A,0.3 € + 0.36 €/kWh
2026-10-09T15:01:12Z,IKR-E-5715-A,0.3 € + 0.36 €/kWh
2026-10-09T15:01:12Z,IKR-E-5730-A,0.3 € + 0.42 €/kWh
2026-10-09T15:01:12Z,IKR-E-5CGU-A,0.3 € + 0.36 €/kWh
2026-10-09T15:01:12Z,IKR-E-7718-A,0.3 € + 0.42 €/kWh
2026-10-09T15:01:12Z,IKR-E-DVCM-A,0.3 € + 0.36 €/kWh
2026-10-09T15:01:12Z,IKR-E-E228-A,0.3 € + 0.36 €/kWh
2026-10-09T15:01:12Z,IKR-E-E475-A,0.3 € + 0.38 €/kWh
2026-10-09T15:01:12Z,IKR-E-E544-A,0.3 € + 0.38 €/kWh
2026-10-09T15:01:12Z,IKR-E-EKZA-A,0.3 € + 0.36 €/kWh
2026-10-09T15:01:12Z,IKR-E-GAY9-A,0.3 € + 0.36 €/kWh
2026-10-09T15:01:12Z,IKR-E-IZW2-A,0.3 € + 0.36 €/kWh
2026-10-09T15:01:12Z,IKR-E-J1JV-A,0.3 € + 0.36 €/kWh
2026-10-09T15:01:12Z,IKR-E-JJAJ-A,0.3 € + 0.36 €/kWh
2026-10-09T15:01:12Z,IKR-E-KMBH-A,0.3 € + 0.36 €/kWh
2026-10-09T15:01:12Z,IKR-E-LJZI-A,0.3 € + 0.36 €/kWh
2026-10-09T15:01:12Z,IKR-E-MAU9-A,0.29 € + 0.28 €/kWh
2026-10-09T15:01:12Z,IKR-E-OWF5-A,0.3 € + 0.4 €/kWh
2026-10-09T15:01:12Z,IKR-E-W6HQ-A,0.29 € + 0.28 €/kWh
2026-10-09T15:01:12Z,IKR-E-XIH2-A,0.3 € + 0.36 €/kWh
2026-10-09T15:01:12Z,IKR-E-Y2Z8-A,0.3 € + 0.31 €/kWh
2026-10-09T15:01:12Z,IKR-P-IV7E-B,0.3 € + 0.36 €/kWh
2026-10-09T15:01:12Z,IKR-P-SCM5-A,0.3 € + 0.4 €/kWh
2026-10-09T15:01:12Z,IKR-P-V9X4-A,0.3 € + 0.4 €/kWh
2026-10-09T15:01:12Z,IKR-P-V9X4-B,0.3 € + 0.4 €/kWh
2026-10-09T15:01:12Z,STR-E-027B-A,0.23 € + 0.25 €/kWh
2026-10-09T15:01:12Z,STR-E-027B-B,0.23 € + 0.25 €/kWh
2026-10-09T15:01:12Z,STR-E-02VO-A,0.27 €/kWh
2026-10-09T15:01:12Z,STR-E-02VO-B,0.27 €/kWh
2026-10-09T15:01:12Z,STR-E-04YS-A,0 € + 0.24 €/kWh
2026-10-09T15:01:12Z,STR-E-051F-A,0.08 € + 0.19 €/kWh
2026-10-09T15:01:12Z,STR-E-0698-A,0.14 €/kWh
2026-10-09T15:01:12Z,STR-E-0GEL-A,0.14 €/kWh
2026-10-09T15:01:12Z,STR-E-10G9-A,0.08 € + 0.19 €/kWh
2026-10-09T15:01:12Z,STR-E-10G9-B,0.08 € + 0.19 €/kWh
2026-10-09T15:01:12Z,STR-E-1162-A,0.14 €/kWh
2026-10-09T15:01:12Z,STR-E-11DT-A,0.14 €/kWh
2026-10-09T15:01:12Z,STR-E-1887-A,0.14 €/kWh
2026-10-09T15:01:12Z,STR-E-1927-A,0.14 €/kWh
2026-10-09T15:01:12Z,STR-E-1ME5-A,0.08 € + 0.19 €/kWh
2026-10-09T15:01:12Z,STR-E-1ME5-B,0.08 € + 0.19 €/kWh
2026-10-09T15:01:12Z,STR-E-1MHB-A,0.4 €/kWh
2026-10-09T15:01:12Z,STR-E-1MJQ-A,0.14 €/kWh
2026-10-09T15:01:12Z,STR-E-1X30-A,0 € + 0.24 €/kWh
2026-10-09T15:01:12Z,STR-E-21O1-A,0.25 €/kWh
2026-10-09T15:01:12Z,STR-E-21O1-B,0.25 €/kWh
2026-10-09T15:01:12Z,STR-E-2446-A,0 € + 0.24 €/kWh
2026-10-09T15:01:12Z,STR-E-2D12-A,0.14 €/kWh
2026-10-09T15:01:12Z,STR-E-2ED4-A,0.14 €/kWh
2026-10-09T15:01:12Z,STR-E-2K1Q-A,0 € + 0.24 €/kWh
2026-10-09T15:01:12Z,STR-E-2XDJ-A,0 € + 0.24 €/kWh
2026-10-09T15:01:12Z,STR-E-320G-A,0.14 €/kWh
2026-10-09T15:01:12Z,STR-E-3468-A,0.25 €/kWh
2026-10-09T15:01:12Z,STR-E-3468-B,0.25 €/kWh
2026-10-09T15:01:12Z,STR-E-3ENA-A,0.25 €/kWh
2026-10-09T15:01:12Z,STR-E-3ENA-B,0.25 €/kWh
2026-10-09T15:01:12Z,STR-E-3ENA-C,0.25 €/kWh
2026-10-09T15:01:12Z,STR-E-3FMF-A,0.23 € + 0.25 €/kWh
2026-10-09T15:01:12Z,STR-E-3FMF-B,0.23 € + 0.25 €/kWh
2026-10-09T15:01:12Z,STR-E-3PZS-A,0.14 €/kWh
2026-10-09T15:01:12Z,STR-E-3SXI-A,0.25 €/kWh
2026-10-09T15:01:12Z,STR-E-3SXI-B,0.25 €/kWh
2026-10-09T15:01:12Z,STR-E-3TZI-A,0.14 €/kWh
2026-10-09T15:01:12Z,STR-E-3WE5-A,0 € + 0.24 €/kWh
2026-10-09T15:01:12Z,STR-E-3YH3-A,0.08 € + 0.19 €/kWh
2026-10-09T15:01:12Z,STR-E-3YH3-B,0.08 € + 0.19 €/kWh
2026-10-09T15:01:12Z,STR-E-4156-A,0.3 €/kWh
2026-10-09T15:01:12Z,STR-E-4156-B,0.3 €/kWh
2026-10-09T15:01:12Z,STR-E-491A-A,0.24 €/kWh
2026-10-09T15:01:12Z,STR-E-491A-B,0.24 €/kWh
2026-10-09T15:01:12Z,STR-E-491A-C,0.24 €/kWh
2026-10-09T15:01:12Z,STR-E-4DE6-A,0.24 €/kWh
2026-10-09T15:01:12Z,STR-E-4DE6-B,0.24 €/kWh
2026-10-09T15:01:12Z,STR-E-4KWM-A,0.34 €/kWh
2026-10-09T15:01:12Z,STR-E-4KWM-B,0.34 €/kWh
2026-10-09T15:01:12Z,STR-E-4LRS-A,0.14 €/kWh
2026-10-09T15:01:12Z,STR-E-4UGU-A,0.14 €/kWh
2026-10-09T15:01:12Z,STR-E-4YKC-A,0 € + 0.24 €/kWh
2026-10-09T15:01:12Z,STR-E-527U-A,0 € + 0.24 €/kWh
2026-10-09T15:01:12Z,STR-E-54PK-A,0.08 € + 0.19 €/kWh
2026-10-09T15:01:12Z,STR-E-54PK-B,0.08 € + 0.19 €/kWh
2026-10-09T15:01:12Z,STR-E-55I4-A,0 € + 0.24 €/kWh
2026-10-09T15:01:12Z,STR-E-566J-A,0 € + 0.24 €/kWh
2026-10-09T15:01:12Z,STR-E-59TF-A,0.08 € + 0.19 €/kWh
2026-10-09T15:01:12Z,STR-E-5DWB-A,0.14 €/kWh
2026-10-09T15:01:12Z,STR-E-5TI5-A,0.14 €/kWh
2026-10-09T15:01:12Z,STR-E-69PN-A,0.14 €/kWh
2026-10-09T15:01:12Z,STR-E-6CNG-A,0.14 €/kWh
2026-10-09T15:01:12Z,STR-E-6E7W-A,0 € + 0.24 €/kWh
2026-10-09T15:01:12Z,STR-E-6SQH-A,0.14 €/kWh
2026-10-09T15:01:12Z,STR-E-6UZQ-A,0.25 €/kWh
2026-10-09T15:01:12Z,STR-E-6UZQ-B,0.25 €/kWh
2026-10-09T15:01:12Z,STR-E-6ZTQ-A,0 € + 0.24 €/kWh
2026-10-09T15:01:12Z,STR-E-7438-A,0 € + 0.24 €/kWh
2026-10-09T15:01:12Z,STR-E-7A48-A,0.08 € + 0.19 €/kWh
2026-10-09T15:01:12Z,STR-E-7YBN-A,0 € + 0.24 €/kWh
2026-10-09T15:01:12Z,STR-E-7Z8G-A,0.34 €/kWh
2026-10-09T15:01:12Z,STR-E-7Z8G-B,0.34 €/kWh
2026-10-09T15:01:12Z,STR-E-86C0-A,0.14 €/kWh
2026-10-09T15:01:12Z,STR-E-88SA-A,0.14 €/kWh
2026-10-09T15:01:12Z,STR-E-8A02-A,0 € + 0.24 €/kWh
2026-10-09T15:01:12Z,STR-E-8M2O-A,0.14 €/kWh
2026-10-09T15:01:12Z,STR-E-8Q9F-A,0 € + 0.24 €/kWh
2026-10-09T15:01:12Z,STR-E-8XL5-A,0.14 €/kWh
2026-10-09T15:01:12Z,STR-E-8Y23-A,0.14 €/kWh
2026-10-09T15:01:12Z,STR-E-92KW-A,0.23 € + 0.25 €/kWh
2026-10-09T15:01:12Z,STR-E-9AH3-A,0 € + 0.24 €/kWh
2026-10-09T15:01:12Z,STR-E-9I2R-A,0.14 €/kWh
2026-10-09T15:01:12Z,STR-E-9TUZ-A,0.14 €/kWh
2026-10-09T15:01:12Z,STR-E-9WY2-A,0.14 €/kWh
2026-10-09T15:01:12Z,STR-E-A169-A,0 € + 0.24 €/kWh
2026-10-09T15:01:12Z,STR-E-A27N-A,0.27 €/kWh
2026-10-09T15:01:12Z,STR-E-A27N-B,0.27 €/kWh
2026-10-09T15:01:12Z,STR-E-A27N-C,0.27 €/kWh
2026-10-09T15:01:12Z,STR-E-A442-A,0.14 €/kWh
2026-10-09T15:01:12Z,STR-E-AABG-A,0.14 €/kWh
2026-10-09T15:01:12Z,STR-E-ACMT-A,0.14 €/kWh
2026-10-09T15:01:12Z,STR-E-ADXE-A,0 € + 0.24 €/kWh
2026-10-09T15:01:12Z,STR-E-AF2O-A,0.08 € + 0.19 €/kWh
2026-10-09T15:01:12Z,STR-E-AMQK-A,0 € + 0.24 €/kWh
2026-10-09T15:01:12Z,STR-E-ANJ0-A,0.23 € + 0.25 €/kWh
2026-10-09T15:01:12Z,STR-E-ANJ0-B,0.23 € + 0.25 €/kWh
2026-10-09T15:01:12Z,STR-E-AP96-A,0.23 € + 0.25 €/kWh
2026-10-09T15:01:12Z,STR-E-AP96-B,0.23 € + 0.25 €/kWh
2026-10-09T15:01:12Z,STR-E-AUQ2-A,0 € + 0.24 €/kWh
2026-10-09T15:01:12Z,STR-E-AWF1-A,0.08 € + 0.19 €/kWh
2026-10-09T15:01:12Z,STR-E-AWF1-B,0.08 € + 0.19 €/kWh
2026-10-09T15:01:12Z,STR-E-AWJ9-A,0.27 €/kWh
2026-10-09T15:01:12Z,STR-E-AWJ9-B,0.27 €/kWh
2026-10-09T15:01:12Z,STR-E-B36V-A,0.19 € + 0.31 €/kWh
2026-10-09T15:01:12Z,STR-E-B36V-B,0.19 € + 0.31 €/kWh
2026-10-09T15:01:12Z,STR-E-BIKW-A,0.23 € + 0.25 €/kWh
2026-10-09T15:01:12Z,STR-E-BIKW-B,0.23 € + 0.25 €/kWh
2026-10-09T15:01:12Z,STR-E-BXA5-A,0.14 €/kWh
2026-10-09T15:01:12Z,STR-E-C91L-A,0.14 €/kWh
2026-10-09T15:01:12Z,STR-E-C99Z-A,0 € + 0.24 €/kWh
2026-10-09T15:01:12Z,STR-E-D3MB-A,0.23 € + 0.25 €/kWh
2026-10-09T15:01:12Z,STR-E-D3MB-B,0.23 € + 0.25 €/kWh
2026-10-09T15:01:12Z,STR-E-DBCC-A,0.08 € + 0.19 €/kWh
2026-10-09T15:01:12Z,STR-E-DBCC-B,0.08 € + 0.19 €/kWh
2026-10-09T15:01:12Z,STR-E-DHEJ-A,0 € + 0.24 €/kWh
2026-10-09T15:01:12Z,STR-E-E0DZ-A,0.25 €/kWh
2026-10-09T15:01:12Z,STR-E-E0DZ-B,0.25 €/kWh
2026-10-09T15:01:12Z,STR-E-E7HH-A,0.14 €/kWh
2026-10-09T15:01:12Z,STR-E-ECI7-A,0 € + 0.24 €/kWh
2026-10-09T15:01:12Z,STR-E-EFXK-A,0 € + 0.24 €/kWh
2026-10-09T15:01:12Z,STR-E-ELFQ-A,0.23 € + 0.25 €/kWh
2026-10-09T15:01:12Z,STR-E-ELFQ-B,0.23 € + 0.25 €/kWh
2026-10-09T15:01:12Z,STR-E-EPQY-A,0 € + 0.24 €/kWh
2026-10-09T15:01:12Z,STR-E-ER2N-A,0 € + 0.24 €/kWh
2026-10-09T15:01:12Z,STR-E-ES3O-A,0 € + 0.24 €/kWh
2026-10-09T15:01:12Z,STR-E-EU1U-A,0.14 €/kWh
2026-10-09T15:01:12Z,STR-E-F2G0-A,0.08 € + 0.19 €/kWh
2026-10-09T15:01:12Z,STR-E-F2G0-B,0.08 € + 0.19 €/kWh
2026-10-09T15:01:12Z,STR-E-F4B3-A,0.14 €/kWh
2026-10-09T15:01:12Z,STR-E-F5LZ-A,0.14 €/kWh
2026-10-09T15:01:12Z,STR-E-F79A-A,0.23 € + 0.25 €/kWh
2026-10-09T15:01:12Z,STR-E-F79A-B,0.23 € + 0.25 €/kWh
2026-10-09T15:01:12Z,STR-E-FGMF-A,0.14 €/kWh
2026-10-09T15:01:12Z,STR-E-FK06-A,0.14 €/kWh
2026-10-09T15:01:12Z,STR-E-FKUY-A,0 € + 0.24 €/kWh
2026-10-09T15:01:12Z,STR-E-FUE8-A,0.08 € + 0.19 €/kWh
2026-10-09T15:01:12Z,STR-E-FUE8-B,0.08 € + 0.19 €/kWh
2026-10-09T15:01:12Z,STR-E-G4VM-A,0.14 €/kWh
2026-10-09T15:01:12Z,STR-E-G518-A,0.14 €/kWh
2026-10-09T15:01:12Z,STR-E-GB9A-A,0.14 €/kWh
2026-10-09T15:01:12Z,STR-E-GE77-A,0.34 €/kWh
2026-10-09T15:01:12Z,STR-E-GE77-B,0.34 €/kWh
2026-10-09T15:01:12Z,STR-E-GFB3-A,0 € + 0.24 €/kWh
2026-10-09T15:01:12Z,STR-E-GGV8-A,0.14 €/kWh
2026-10-09T15:01:12Z,STR-E-GHJA-A,0.14 €/kWh
2026-10-09T15:01:12Z,STR-E-GK0C-A,0 € + 0.24 €/kWh
2026-10-09T15:01:12Z,STR-E-GR5K-A,0.14 €/kWh
2026-10-09T15:01:12Z,STR-E-H6Q5-A,0.14 €/kWh
2026-10-09T15:01:12Z,STR-E-HHXV-A,0 € + 0.24 €/kWh
2026-10-09T15:01:12Z,STR-E-I1KE-A,0 € + 0.24 €/kWh
2026-10-09T15:01:12Z,STR-E-I4UZ-A,0.14 €/kWh
2026-10-09T15:01:12Z,STR-E-I5FH-A,0.14 €/kWh
2026-10-09T15:01:12Z,STR-E-I8C6-A,0.14 €/kWh
2026-10-09T15:01:12Z,STR-E-IA3X-A,0.14 €/kWh
2026-10-09T15:01:12Z,STR-E-IAO5-A,0 € + 0.24 €/kWh
2026-10-09T15:01:12Z,STR-E-IGH5-A,0.23 € + 0.25 €/kWh
2026-10-09T15:01:12Z,STR-E-IGH5-B,0.23 € + 0.25 €/kWh
2026-10-09T15:01:12Z,STR-E-IIKL-A,0.08 € + 0.19 €/kWh
2026-10-09T15:01:12Z,STR-E-IIKL-B,0.08 € + 0.19 €/kWh
2026-10-09T15:01:12Z,STR-E-IPEC-A,0 € + 0.24 €/kWh
2026-10-09T15:01:12Z,STR-E-IV6T-A,0 € + 0.24 €/kWh
2026-10-09T15:01:12Z,STR-E-J54N-A,0 € + 0.24 €/kWh
2026-10-09T15:01:12Z,STR-E-J6DA-A,0 € + 0.24 €/kWh
2026-10-09T15:01:12Z,STR-E-J8VF-A,0 € + 0.24 €/kWh
2026-10-09T15:01:12Z,STR-E-JG90-A,0.16 €/kWh + 0.3 €
2026-10-09T15:01:12Z,STR-E-JG90-B,0.16 €/kWh + 0.3 €
2026-10-09T15:01:12Z,STR-E-JMOR-A,0 € + 0.24 €/kWh
2026-10-09T15:01:12Z,STR-E-JVO0-A,0.14 €/kWh
2026-10-09T15:01:12Z,STR-E-K217-A,0 € + 0.24 €/kWh
2026-10-09T15:01:12Z,STR-E-K73C-A,0.23 € + 0.25 €/kWh
2026-10-09T15:01:12Z,STR-E-K73C-B,0.23 € + 0.25 €/kWh
2026-10-09T15:01:12Z,STR-E-KBZL-A,0.14 €/kWh
2026-10-09T15:01:12Z,STR-E-KOHN-A,0 € + 0.24 €/kWh
2026-10-09T15:01:12Z,STR-E-KT5B-A,0 € + 0.24 €/kWh
2026-10-09T15:01:12Z,STR-E-KUKS-A,0.08 € + 0.19 €/kWh
2026-10-09T15:01:12Z,STR-E-KUKS-B,0.08 € + 0.19 €/kWh
2026-10-09T15:01:12Z,STR-E-L84D-A,0.14 €/kWh
2026-10-09T15:01:12Z,STR-E-LISV-A,0.14 €/kWh
2026-10-09T15:01:12Z,STR-E-LKFQ-A,0.14 €/kWh
2026-10-09T15:01:12Z,STR-E-LREY-A,0.4 €/kWh
2026-10-09T15:01:12Z,STR-E-M1IB-A,0.14 €/kWh
2026-10-09T15:01:12Z,STR-E-M8WL-A,0.14 €/kWh
2026-10-09T15:01:12Z,STR-E-M9W7-A,0.14 €/kWh
2026-10-09T15:01:12Z,STR-E-MIP3-A,0.24 €/kWh
2026-10-09T15:01:12Z,STR-E-MIP3-B,0.24 €/kWh
2026-10-09T15:01:12Z,STR-E-MSEN-A,0.14 €/kWh
2026-10-09T15:01:12Z,STR-E-MSUL-A,0.14 €/kWh
2026-10-09T15:01:12Z,STR-E-N6P5-A,0.14 €/kWh
2026-10-09T15:01:12Z,STR-E-NCKT-A,0.08 € + 0.19 €/kWh
2026-10-09T15:01:12Z,STR-E-NCKT-B,0.08 € + 0.19 €/kWh
2026-10-09T15:01:12Z,STR-E-NDU2-A,0 € + 0.24 €/kWh
2026-10-09T15:01:12Z,STR-E-NDZ4-A,0 € + 0.24 €/kWh
2026-10-09T15:01:12Z,STR-E-NFV5-A,0 € + 0.24 €/kWh
2026-10-09T15:01:12Z,STR-E-NNGC-A,0.14 €/kWh
2026-10-09T15:01:12Z,STR-E-NSGB-A,0 € + 0.24 €/kWh
2026-10-09T15:01:12Z,STR-E-NY0Q-A,0.15 € + 0.26 €/kWh
2026-10-09T15:01:12Z,STR-E-O0VK-A,0.14 €/kWh
2026-10-09T15:01:12Z,STR-E-O5JX-A,0 € + 0.24 €/kWh
2026-10-09T15:01:12Z,STR-E-O5YW-A,0.08 € + 0.19 €/kWh
2026-10-09T15:01:12Z,STR-E-O5YW-B,0.08 € + 0.19 €/kWh
2026-10-09T15:01:12Z,STR-E-ODBK-A,0.34 €/kWh
2026-10-09T15:01:12Z,STR-E-ODBK-B,0.34 €/kWh
2026-10-09T15:01:12Z,STR-E-OFWF-A,0 € + 0.24 €/kWh
2026-10-09T15:01:12Z,STR-E-OG1X-A,0.14 €/kWh
2026-10-09T15:01:12Z,STR-E-OHH6-A,0 € + 0.24 €/kWh
2026-10-09T15:01:12Z,STR-E-OJ3E-A,0.23 € + 0.25 €/kWh
2026-10-09T15:01:12Z,STR-E-OJ3E-B,0.23 € + 0.25 €/kWh
2026-10-09T15:01:12Z,STR-E-OQKZ-A,0.14 €/kWh
2026-10-09T15:01:12Z,STR-E-P46N-A,0 € + 0.24 €/kWh
2026-10-09T15:01:12Z,STR-E-P7AF-A,0.08 € + 0.19 €/kWh
2026-10-09T15:01:12Z,STR-E-P7AF-B,0.08 € + 0.19 €/kWh
2026-10-09T15:01:12Z,STR-E-PC04-A,0.14 €/kWh
2026-10-09T15:01:12Z,STR-E-PDR2-A,0.14 €/kWh
2026-10-09T15:01:12Z,STR-E-PJCQ-A,0.08 € + 0.19 €/kWh
2026-10-09T15:01:12Z,STR-E-PJCQ-B,0.08 € + 0.19 €/kWh
2026-10-09T15:01:12Z,STR-E-PM3P-A,0.23 € + 0.25 €/kWh
2026-10-09T15:01:12Z,STR-E-PM3P-B,0.23 € + 0.25 €/kWh
2026-10-09T15:01:12Z,STR-E-PRUQ-A,0.14 €/kWh
2026-10-09T15:01:12Z,STR-E-PSU9-A,0.14 €/kWh
2026-10-09T15:01:12Z,STR-E-PZ9U-A,0.14 €/kWh
2026-10-09T15:01:12Z,STR-E-PZES-A,0.14 €/kWh
2026-10-09T15:01:12Z,STR-E-Q5YF-A,0.23 € + 0.25 €/kWh
2026-10-09T15:01:12Z,STR-E-Q5YF-B,0.23 € + 0.25 €/kWh
2026-10-09T15:01:12Z,STR-E-Q7LB-A,0.23 € + 0.25 €/kWh
2026-10-09T15:01:12Z,STR-E-Q7LB-B,0.23 € + 0.25 €/kWh
2026-10-09T15:01:12Z,STR-E-QAXH-A,0.15 € + 0.26 €/kWh
2026-10-09T15:01:12Z,STR-E-QE1X-A,0.08 € + 0.19 €/kWh
2026-10-09T15:01:12Z,STR-E-QE1X-B,0.08 € + 0.19 €/kWh
2026-10-09T15:01:12Z,STR-E-QEDL-A,0.14 €/kWh
2026-10-09T15:01:12Z,STR-E-QIQM-A,0.14 €/kWh
2026-10-09T15:01:12Z,STR-E-QLC9-A,0.24 €/kWh
2026-10-09T15:01:12Z,STR-E-QLC9-B,0.24 €/kWh
2026-10-09T15:01:12Z,STR-E-R0J8-A,0.14 €/kWh
2026-10-09T15:01:12Z,STR-E-R1MT-A,0.23 € + 0.25 €/kWh
2026-10-09T15:01:12Z,STR-E-R1MT-B,0.23 € + 0.25 €/kWh
2026-10-09T15:01:12Z,STR-E-R1PI-A,0.23 € + 0.25 €/kWh
2026-10-09T15:01:12Z,STR-E-R1PI-B,0.23 € + 0.25 €/kWh
2026-10-09T15:01:12Z,STR-E-R2LK-A,0.23 € + 0.25 €/kWh
2026-10-09T15:01:12Z,STR-E-R2LK-B,0.23 € + 0.25 €/kWh
2026-10-09T15:01:12Z,STR-E-R8PQ-A,0 € + 0.24 €/kWh
2026-10-09T15:01:12Z,STR-E-R9GA-A,0.14 €/kWh
2026-10-09T15:01:12Z,STR-E-RJH9-A,0.14 €/kWh
2026-10-09T15:01:12Z,STR-E-RKWJ-A,0.14 €/kWh
2026-10-09T15:01:12Z,STR-E-S42D-A,0.14 €/kWh
2026-10-09T15:01:12Z,STR-E-S6VR-A,0 € + 0.24 €/kWh
2026-10-09T15:01:12Z,STR-E-S7YR-A,0.23 € + 0.25 €/kWh
2026-10-09T15:01:12Z,STR-E-S7YR-B,0.23 € + 0.25 €/kWh
2026-10-09T15:01:12Z,STR-E-SGC2-A,0 € + 0.24 €/kWh
2026-10-09T15:01:12Z,STR-E-SJKA-A,0.14 €/kWh
2026-10-09T15:01:12Z,STR-E-SQX8-A,0.08 € + 0.19 €/kWh
2026-10-09T15:01:12Z,STR-E-SQX8-B,0.08 € + 0.19 €/kWh
2026-10-09T15:01:12Z,STR-E-SVR3-A,0.23 € + 0.25 €/kWh
2026-10-09T15:01:12Z,STR-E-SVR3-B,0.23 € + 0.25 €/kWh
2026-10-09T15:01:12Z,STR-E-SY9Y-A,0.14 €/kWh
2026-10-09T15:01:12Z,STR-E-TO2O-A,0.14 €/kWh
2026-10-09T15:01:12Z,STR-E-TX67-A,0.27 €/kWh
2026-10-09T15:01:12Z,STR-E-TX67-B,0.27 €/kWh
2026-10-09T15:01:12Z,STR-E-U41O-A,0 € + 0.24 €/kWh
2026-10-09T15:01:12Z,STR-E-U5TP-A,0.14 €/kWh
2026-10-09T15:01:12Z,STR-E-UKPS-A,0.15 € + 0.26 €/kWh
2026-10-09T15:01:12Z,STR-E-UPAQ-A,0.24 €/kWh
2026-10-09T15:01:12Z,STR-E-UPAQ-B,0.24 €/kWh
2026-10-09T15:01:12Z,STR-E-UPOS-A,0.08 € + 0.19 €/kWh
2026-10-09T15:01:12Z,STR-E-UPOS-B,0.08 € + 0.19 €/kWh
2026-10-09T15:01:12Z,STR-E-UY5H-A,0.14 €/kWh
2026-10-09T15:01:12Z,STR-E-V17G-A,0.14 €/kWh
2026-10-09T15:01:12Z,STR-E-V31J-A,0.14 €/kWh
2026-10-09T15:01:12Z,STR-E-V50T-A,0.14 €/kWh
2026-10-09T15:01:12Z,STR-E-V9SD-A,0.14 €/kWh
2026-10-09T15:01:12Z,STR-E-V9ZR-A,0.14 €/kWh
2026-10-09T15:01:12Z,STR-E-VBMP-A,0.14 €/kWh
2026-10-09T15:01:12Z,STR-E-VJBJ-A,0 € + 0.24 €/kWh
2026-10-09T15:01:12Z,STR-E-VPDB-A,0.14 €/kWh
2026-10-09T15:01:12Z,STR-E-VQ06-A,0 € + 0.24 €/kWh
2026-10-09T15:01:12Z,STR-E-VSDJ-A,0.27 €/kWh
2026-10-09T15:01:12Z,STR-E-VSDJ-B,0.27 €/kWh
2026-10-09T15:01:12Z,STR-E-VT0G-A,0.14 €/kWh
2026-10-09T15:01:12Z,STR-E-VX2O-A,0 € + 0.24 €/kWh
2026-10-09T15:01:12Z,STR-E-VXGH-A,0.14 €/kWh
2026-10-09T15:01:12Z,STR-E-W1X4-A,0.14 €/kWh
2026-10-09T15:01:12Z,STR-E-WEE3-A,0.23 € + 0.25 €/kWh
2026-10-09T15:01:12Z,STR-E-WEE3-B,0.23 € + 0.25 €/kWh
2026-10-09T15:01:12Z,STR-E-WHZ1-A,0 € + 0.24 €/kWh
2026-10-09T15:01:12Z,STR-E-WLGM-A,0 € + 0.24 €/kWh
2026-10-09T15:01:12Z,STR-E-WTQ5-A,0.25 €/kWh
2026-10-09T15:01:12Z,STR-E-WXV8-A,0.14 €/kWh
2026-10-09T15:01:12Z,STR-E-WYFE-A,0.25 €/kWh
2026-10-09T15:01:12Z,STR-E-WYFE-B,0.25 €/kWh
2026-10-09T15:01:12Z,STR-E-WYYC-A,0.23 € + 0.25 €/kWh
2026-10-09T15:01:12Z,STR-E-WYYC-B,0.23 € + 0.25 €/kWh
2026-10-09T15:01:12Z,STR-E-WZW9-A,0.14 €/kWh
2026-10-09T15:01:12Z,STR-E-X525-A,0.14 €/kWh
2026-10-09T15:01:12Z,STR-E-X54O-A,0 € + 0.24 €/kWh
2026-10-09T15:01:12Z,STR-E-XCMJ-A,0.08 € + 0.19 €/kWh
2026-10-09T15:01:12Z,STR-E-XCMJ-B,0.08 € + 0.19 €/kWh
2026-10-09T15:01:12Z,STR-E-XFON-A,0.14 €/kWh
2026-10-09T15:01:12Z,STR-E-XG69-A,0.08 € + 0.19 €/kWh
2026-10-09T15:01:12Z,STR-E-XG69-B,0.08 € + 0.19 €/kWh
2026-10-09T15:01:12Z,STR-E-XH51-A,0 € + 0.24 €/kWh
2026-10-09T15:01:12Z,STR-E-XKW2-A,0.23 € + 0.25 €/kWh
2026-10-09T15:01:12Z,STR-E-XKW2-B,0.23 € + 0.25 €/kWh
2026-10-09T15:01:12Z,STR-E-XRV8-A,0 € + 0.24 €/kWh
2026-10-09T15:01:12Z,STR-E-Y7JK-A,0 € + 0.24 €/kWh
2026-10-09T15:01:12Z,STR-E-Y82E-A,0 € + 0.24 €/kWh
2026-10-09T15:01:12Z,STR-E-YC50-A,0.14 €/kWh
2026-10-09T15:01:12Z,STR-E-Z2PJ-A,0.08 € + 0.19 €/kWh
2026-10-09T15:01:12Z,STR-E-Z2PJ-B,0.08 € + 0.19 €/kWh
2026-10-09T15:01:12Z,STR-E-ZA6O-A,0.14 €/kWh
2026-10-09T15:01:12Z,STR-E-ZEP7-A,0 € + 0.24 €/kWh
2026-10-09T15:01:12Z,STR-E-ZIAZ-A,0 € + 0.24 €/kWh
2026-10-09T15:01:12Z,STR-E-ZK9W-A,0 € + 0.24 €/kWh
2026-10-09T15:01:12Z,STR-E-ZS00-A,0.23 € + 0.25 €/kWh
2026-10-09T15:01:12Z,STR-E-ZS00-B,0.23 € + 0.25 €/kWh
2026-10-09T15:01:12Z,STR-E-ZWU5-A,0.08 € + 0.19 €/kWh
2026-10-09T15:01:12Z,STR-E-ZWU5-B,0.08 € + 0.19 €/kWh
2026-10-09T15:16:30Z,IKR-E-1220-A,0.3 € + 0.4 €/kWh
2026-10-09T15:16:30Z,IKR-E-1871-A,0.3 € + 0.4 €/kWh
2026-10-09T15:16:30Z,IKR-E-2G8J-A,0.3 € + 0.4 €/kWh
2026-10-09T15:16:30Z,IKR-E-3TSR-A,0.3 € + 0.4 €/kWh
2026-10-09T15:16:30Z,IKR-E-5715-A,0.3 € + 0.4 €/kWh
2026-10-09T15:16:30Z,IKR-E-5730-A,0.3 € + 0.46 €/kWh
2026-10-09T15:16:30Z,IKR-E-5CGU-A,0.3 € + 0.4 €/kWh
2026-10-09T15:16:30Z,IKR-E-7718-A,0.3 € + 0.46 €/kWh
2026-10-09T15:16:30Z,IKR-E-DVCM-A,0.3 € + 0.4 €/kWh
2026-10-09T15:16:30Z,IKR-E-E228-A,0.3 € + 0.39 €/kWh
2026-10-09T15:16:30Z,IKR-E-E475-A,0.3 € + 0.42 €/kWh
2026-10-09T15:16:30Z,IKR-E-E544-A,0.3 € + 0.42 €/kWh
2026-10-09T15:16:30Z,IKR-E-EKZA-A,0.3 € + 0.39 €/kWh
2026-10-09T15:16:30Z,IKR-E-GAY9-A,0.3 € + 0.4 €/kWh
2026-10-09T15:16:30Z,IKR-E-IZW2-A,0.3 € + 0.4 €/kWh
2026-10-09T15:16:30Z,IKR-E-J1JV-A,0.3 € + 0.39 €/kWh
2026-10-09T15:16:30Z,IKR-E-JJAJ-A,0.3 € + 0.4 €/kWh
2026-10-09T15:16:30Z,IKR-E-KMBH-A,0.3 € + 0.4 €/kWh
2026-10-09T15:16:30Z,IKR-E-LJZI-A,0.3 € + 0.4 €/kWh
2026-10-09T15:16:30Z,IKR-E-MAU9-A,0.29 € + 0.31 €/kWh
2026-10-09T15:16:30Z,IKR-E-OWF5-A,0.3 € + 0.44 €/kWh
2026-10-09T15:16:30Z,IKR-E-W6HQ-A,0.29 € + 0.31 €/kWh
2026-10-09T15:16:30Z,IKR-E-XIH2-A,0.3 € + 0.4 €/kWh
2026-10-09T15:16:30Z,IKR-E-Y2Z8-A,0.3 € + 0.36 €/kWh
2026-10-09T15:16:30Z,IKR-P-IV7E-B,0.3 € + 0.4 €/kWh
2026-10-09T15:16:30Z,IKR-P-SCM5-A,0.3 € + 0.44 €/kWh
2026-10-09T15:16:30Z,IKR-P-V9X4-A,0.3 € + 0.44 €/kWh
2026-10-09T15:16:30Z,IKR-P-V9X4-B,0.3 € + 0.44 €/kWh
2026-10-09T15:16:30Z,STR-E-027B-A,0.22 €/kWh + 0.23 €
2026-10-09T15:16:30Z,STR-E-027B-B,0.22 €/kWh + 0.23 €
2026-10-09T15:16:30Z,STR-E-02VO-A,0.24 €/kWh
2026-10-09T15:16:30Z,STR-E-02VO-B,0.24 €/kWh
2026-10-09T15:16:30Z,STR-E-04YS-A,0 € + 0.21 €/kWh
2026-10-09T15:16:30Z,STR-E-051F-A,0.08 € + 0.16 €/kWh
2026-10-09T15:16:30Z,STR-E-0698-A,0.11 €/kWh
2026-10-09T15:16:30Z,STR-E-0GEL-A,0.11 €/kWh
2026-10-09T15:16:30Z,STR-E-10G9-A,0.08 € + 0.16 €/kWh
2026-10-09T15:16:30Z,STR-E-10G9-B,0.08 € + 0.16 €/kWh
2026-10-09T15:16:30Z,STR-E-1162-A,0.11 €/kWh
2026-10-09T15:16:30Z,STR-E-11DT-A,0.11 €/kWh
2026-10-09T15:16:30Z,STR-E-1887-A,0.11 €/kWh
2026-10-09T15:16:30Z,STR-E-1927-A,0.11 €/kWh
2026-10-09T15:16:30Z,STR-E-1ME5-A,0.08 € + 0.16 €/kWh
2026-10-09T15:16:30Z,STR-E-1ME5-B,0.08 € + 0.16 €/kWh
2026-10-09T15:16:30Z,STR-E-1MHB-A,0.34 €/kWh
2026-10-09T15:16:30Z,STR-E-1MJQ-A,0.11 €/kWh
2026-10-09T15:16:30Z,STR-E-1X30-A,0 € + 0.21 €/kWh
2026-10-09T15:16:30Z,STR-E-21O1-A,0.22 €/kWh
2026-10-09T15:16:30Z,STR-E-21O1-B,0.22 €/kWh
2026-10-09T15:16:30Z,STR-E-2446-A,0 € + 0.21 €/kWh
2026-10-09T15:16:30Z,STR-E-2D12-A,0.11 €/kWh
2026-10-09T15:16:30Z,STR-E-2ED4-A,0.11 €/kWh
2026-10-09T15:16:30Z,STR-E-2K1Q-A,0 € + 0.21 €/kWh
2026-10-09T15:16:30Z,STR-E-2XDJ-A,0 € + 0.21 €/kWh
2026-10-09T15:16:30Z,STR-E-320G-A,0.11 €/kWh
2026-10-09T15:16:30Z,STR-E-3468-A,0.22 €/kWh
2026-10-09T15:16:30Z,STR-E-3468-B,0.22 €/kWh
2026-10-09T15:16:30Z,STR-E-3ENA-A,0.22 €/kWh
2026-10-09T15:16:30Z,STR-E-3ENA-B,0.22 €/kWh
2026-10-09T15:16:30Z,STR-E-3ENA-C,0.22 €/kWh
2026-10-09T15:16:30Z,STR-E-3FMF-A,0.22 €/kWh + 0.23 €
2026-10-09T15:16:30Z,STR-E-3FMF-B,0.22 €/kWh + 0.23 €
2026-10-09T15:16:30Z,STR-E-3PZS-A,0.11 €/kWh
2026-10-09T15:16:30Z,STR-E-3SXI-A,0.22 €/kWh
2026-10-09T15:16:30Z,STR-E-3SXI-B,0.22 €/kWh
2026-10-09T15:16:30Z,STR-E-3TZI-A,0.11 €/kWh
2026-10-09T15:16:30Z,STR-E-3WE5-A,0 € + 0.21 €/kWh
2026-10-09T15:16:30Z,STR-E-3YH3-A,0.08 € + 0.16 €/kWh
2026-10-09T15:16:30Z,STR-E-3YH3-B,0.08 € + 0.16 €/kWh
2026-10-09T15:16:30Z,STR-E-4156-A,0.27 €/kWh
2026-10-09T15:16:30Z,STR-E-4156-B,0.27 €/kWh
2026-10-09T15:16:30Z,STR-E-491A-A,0.21 €/kWh
2026-10-09T15:16:30Z,STR-E-491A-B,0.21 €/kWh
2026-10-09T15:16:30Z,STR-E-491A-C,0.21 €/kWh
2026-10-09T15:16:30Z,STR-E-4DE6-A,0.21 €/kWh
2026-10-09T15:16:30Z,STR-E-4DE6-B,0.21 €/kWh
2026-10-09T15:16:30Z,STR-E-4KWM-A,0.31 €/kWh
2026-10-09T15:16:30Z,STR-E-4KWM-B,0.31 €/kWh
2026-10-09T15:16:30Z,STR-E-4LRS-A,0.11 €/kWh
2026-10-09T15:16:30Z,STR-E-4UGU-A,0.11 €/kWh
2026-10-09T15:16:30Z,STR-E-4YKC-A,0 € + 0.21 €/kWh
2026-10-09T15:16:30Z,STR-E-527U-A,0 € + 0.21 €/kWh
2026-10-09T15:16:30Z,STR-E-54PK-A,0.08 € + 0.16 €/kWh
2026-10-09T15:16:30Z,STR-E-54PK-B,0.08 € + 0.16 €/kWh
2026-10-09T15:16:30Z,STR-E-55I4-A,0 € + 0.21 €/kWh
2026-10-09T15:16:30Z,STR-E-566J-A,0 € + 0.21 €/kWh
2026-10-09T15:16:30Z,STR-E-59TF-A,0.08 € + 0.16 €/kWh
2026-10-09T15:16:30Z,STR-E-5DWB-A,0.11 €/kWh
2026-10-09T15:16:30Z,STR-E-5TI5-A,0.11 €/kWh
2026-10-09T15:16:30Z,STR-E-69PN-A,0.11 €/kWh
2026-10-09T15:16:30Z,STR-E-6CNG-A,0.11 €/kWh
2026-10-09T15:16:30Z,STR-E-6E7W-A,0 € + 0.21 €/kWh
2026-10-09T15:16:30Z,STR-E-6SQH-A,0.11 €/kWh
2026-10-09T15:16:30Z,STR-E-6UZQ-A,0.22 €/kWh
2026-10-09T15:16:30Z,STR-E-6UZQ-B,0.22 €/kWh
2026-10-09T15:16:30Z,STR-E-6ZTQ-A,0 € + 0.21 €/kWh
2026-10-09T15:16:30Z,STR-E-7438-A,0 € + 0.21 €/kWh
2026-10-09T15:16:30Z,STR-E-7A48-A,0.08 € + 0.16 €/kWh
2026-10-09T15:16:30Z,STR-E-7YBN-A,0 € + 0.21 €/kWh
2026-10-09T15:16:30Z,STR-E-7Z8G-A,0.31 €/kWh
2026-10-09T15:16:30Z,STR-E-7Z8G-B,0.31 €/kWh
2026-10-09T15:16:30Z,STR-E-86C0-A,0.11 €/kWh
2026-10-09T15:16:30Z,STR-E-88SA-A,0.11 €/kWh
2026-10-09T15:16:30Z,STR-E-8A02-A,0 € + 0.21 €/kWh
2026-10-09T15:16:30Z,STR-E-8M2O-A,0.11 €/kWh
2026-10-09T15:16:30Z,STR-E-8Q9F-A,0 € + 0.21 €/kWh
2026-10-09T15:16:30Z,STR-E-8XL5-A,0.11 €/kWh
2026-10-09T15:16:30Z,STR-E-8Y23-A,0.11 €/kWh
2026-10-09T15:16:30Z,STR-E-92KW-A,0.22 €/kWh + 0.23 €
2026-10-09T15:16:30Z,STR-E-9AH3-A,0 € + 0.21 €/kWh
2026-10-09T15:16:30Z,STR-E-9I2R-A,0.11 €/kWh
2026-10-09T15:16:30Z,STR-E-9TUZ-A,0.11 €/kWh
2026-10-09T15:16:30Z,STR-E-9WY2-A,0.11 €/kWh
2026-10-09T15:16:30Z,STR-E-A169-A,0 € + 0.21 €/kWh
2026-10-09T15:16:30Z,STR-E-A27N-A,0.24 €/kWh
2026-10-09T15:16:30Z,STR-E-A27N-B,0.24 €/kWh
2026-10-09T15:16:30Z,STR-E-A27N-C,0.24 €/kWh
2026-10-09T15:16:30Z,STR-E-A442-A,0.11 €/kWh
2026-10-09T15:16:30Z,STR-E-AABG-A,0.11 €/kWh
2026-10-09T15:16:30Z,STR-E-ACMT-A,0.11 €/kWh
2026-10-09T15:16:30Z,STR-E-ADXE-A,0 € + 0.21 €/kWh
2026-10-09T15:16:30Z,STR-E-AF2O-A,0.08 € + 0.16 €/kWh
2026-10-09T15:16:30Z,STR-E-AMQK-A,0 € + 0.21 €/kWh
2026-10-09T15:16:30Z,STR-E-ANJ0-A,0.22 €/kWh + 0.23 €
2026-10-09T15:16:30Z,STR-E-ANJ0-B,0.22 €/kWh + 0.23 €
2026-10-09T15:16:30Z,STR-E-AP96-A,0.22 €/kWh + 0.23 €
2026-10-09T15:16:30Z,STR-E-AP96-B,0.22 €/kWh + 0.23 €
2026-10-09T15:16:30Z,STR-E-AUQ2-A,0 € + 0.21 €/kWh
2026-10-09T15:16:30Z,STR-E-AWF1-A,0.08 € + 0.16 €/kWh
2026-10-09T15:16:30Z,STR-E-AWF1-B,0.08 € + 0.16 €/kWh
2026-10-09T15:16:30Z,STR-E-AWJ9-A,0.24 €/kWh
2026-10-09T15:16:30Z,STR-E-AWJ9-B,0.24 €/kWh
2026-10-09T15:16:30Z,STR-E-B36V-A,0.19 € + 0.29 €/kWh
2026-10-09T15:16:30Z,STR-E-B36V-B,0.19 € + 0.29 €/kWh
2026-10-09T15:16:30Z,STR-E-BIKW-A,0.22 €/kWh + 0.23 €
2026-10-09T15:16:30Z,STR-E-BIKW-B,0.22 €/kWh + 0.23 €
2026-10-09T15:16:30Z,STR-E-BXA5-A,0.11 €/kWh
2026-10-09T15:16:30Z,STR-E-C91L-A,0.11 €/kWh
2026-10-09T15:16:30Z,STR-E-C99Z-A,0 € + 0.21 €/kWh
2026-10-09T15:16:30Z,STR-E-D3MB-A,0.22 €/kWh + 0.23 €
2026-10-09T15:16:30Z,STR-E-D3MB-B,0.22 €/kWh + 0.23 €
2026-10-09T15:16:30Z,STR-E-DBCC-A,0.08 € + 0.16 €/kWh
2026-10-09T15:16:30Z,STR-E-DBCC-B,0.08 € + 0.16 €/kWh
2026-10-09T15:16:30Z,STR-E-DHEJ-A,0 € + 0.21 €/kWh
2026-10-09T15:16:30Z,STR-E-E0DZ-A,0.22 €/kWh
2026-10-09T15:16:30Z,STR-E-E0DZ-B,0.22 €/kWh
2026-10-09T15:16:30Z,STR-E-E7HH-A,0.11 €/kWh
2026-10-09T15:16:30Z,STR-E-ECI7-A,0 € + 0.21 €/kWh
2026-10-09T15:16:30Z,STR-E-EFXK-A,0 € + 0.21 €/kWh
2026-10-09T15:16:30Z,STR-E-ELFQ-A,0.22 €/kWh + 0.23 €
2026-10-09T15:16:30Z,STR-E-ELFQ-B,0.22 €/kWh + 0.23 €
2026-10-09T15:16:30Z,STR-E-EPQY-A,0 € + 0.21 €/kWh
2026-10-09T15:16:30Z,STR-E-ER2N-A,0 € + 0.21 €/kWh
2026-10-09T15:16:30Z,STR-E-ES3O-A,0 € + 0.21 €/kWh
2026-10-09T15:16:30Z,STR-E-EU1U-A,0.11 €/kWh
2026-10-09T15:16:30Z,STR-E-F2G0-A,0.08 € + 0.16 €/kWh
2026-10-09T15:16:30Z,STR-E-F2G0-B,0.08 € + 0.16 €/kWh
2026-10-09T15:16:30Z,STR-E-F4B3-A,0.11 €/kWh
2026-10-09T15:16:30Z,STR-E-F5LZ-A,0.11 €/kWh
2026-10-09T15:16:30Z,STR-E-F79A-A,0.22 €/kWh + 0.23 €
2026-10-09T15:16:30Z,STR-E-F79A-B,0.22 €/kWh + 0.23 €
2026-10-09T15:16:30Z,STR-E-FGMF-A,0.11 €/kWh
2026-10-09T15:16:30Z,STR-E-FK06-A,0.11 €/kWh
2026-10-09T15:16:30Z,STR-E-FKUY-A,0 € + 0.21 €/kWh
2026-10-09T15:16:30Z,STR-E-FUE8-A,0.08 € + 0.16 €/kWh
2026-10-09T15:16:30Z,STR-E-FUE8-B,0.08 € + 0.16 €/kWh
2026-10-09T15:16:30Z,STR-E-G4VM-A,0.11 €/kWh
2026-10-09T15:16:30Z,STR-E-G518-A,0.11 €/kWh
2026-10-09T15:16:30Z,STR-E-GB9A-A,0.11 €/kWh
2026-10-09T15:16:30Z,STR-E-GE77-A,0.31 €/kWh
2026-10-09T15:16:30Z,STR-E-GE77-B,0.31 €/kWh
2026-10-09T15:16:30Z,STR-E-GFB3-A,0 € + 0.21 €/kWh
2026-10-09T15:16:30Z,STR-E-GGV8-A,0.11 €/kWh
2026-10-09T15:16:30Z,STR-E-GHJA-A,0.11 €/kWh
2026-10-09T15:16:30Z,STR-E-GK0C-A,0 € + 0.21 €/kWh
2026-10-09T15:16:30Z,STR-E-GR5K-A,0.11 €/kWh
2026-10-09T15:16:30Z,STR-E-H6Q5-A,0.11 €/kWh
2026-10-09T15:16:30Z,STR-E-HHXV-A,0 € + 0.21 €/kWh
2026-10-09T15:16:30Z,STR-E-I1KE-A,0 € + 0.21 €/kWh
2026-10-09T15:16:30Z,STR-E-I4UZ-A,0.11 €/kWh
2026-10-09T15:16:30Z,STR-E-I5FH-A,0.11 €/kWh
2026-10-09T15:16:30Z,STR-E-I8C6-A,0.11 €/kWh
2026-10-09T15:16:30Z,STR-E-IA3X-A,0.11 €/kWh
2026-10-09T15:16:30Z,STR-E-IAO5-A,0 € + 0.21 €/kWh
2026-10-09T15:16:30Z,STR-E-IGH5-A,0.22 €/kWh + 0.23 €
2026-10-09T15:16:30Z,STR-E-IGH5-B,0.22 €/kWh + 0.23 €
2026-10-09T15:16:30Z,STR-E-IIKL-A,0.08 € + 0.16 €/kWh
2026-10-09T15:16:30Z,STR-E-IIKL-B,0.08 € + 0.16 €/kWh
2026-10-09T15:16:30Z,STR-E-IPEC-A,0 € + 0.21 €/kWh
2026-10-09T15:16:30Z,STR-E-IV6T-A,0 € + 0.21 €/kWh
2026-10-09T15:16:30Z,STR-E-J54N-A,0 € + 0.21 €/kWh
2026-10-09T15:16:30Z,STR-E-J6DA-A,0 € + 0.21 €/kWh
2026-10-09T15:16:30Z,STR-E-J8VF-A,0 € + 0.21 €/kWh
2026-10-09T15:16:30Z,STR-E-JG90-A,0.13 €/kWh + 0.3 €
2026-10-09T15:16:30Z,STR-E-JG90-B,0.13 €/kWh + 0.3 €
2026-10-09T15:16:30Z,STR-E-JMOR-A,0 € + 0.21 €/kWh
2026-10-09T15:16:30Z,STR-E-JVO0-A,0.11 €/kWh
2026-10-09T15:16:30Z,STR-E-K217-A,0 € + 0.21 €/kWh
2026-10-09T15:16:30Z,STR-E-K73C-A,0.22 €/kWh + 0.23 €
2026-10-09T15:16:30Z,STR-E-K73C-B,0.22 €/kWh + 0.23 €
2026-10-09T15:16:30Z,STR-E-KBZL-A,0.11 €/kWh
2026-10-09T15:16:30Z,STR-E-KOHN-A,0 € + 0.21 €/kWh
2026-10-09T15:16:30Z,STR-E-KT5B-A,0 € + 0.21 €/kWh
2026-10-09T15:16:30Z,STR-E-KUKS-A,0.08 € + 0.16 €/kWh
2026-10-09T15:16:30Z,STR-E-KUKS-B,0.08 € + 0.16 €/kWh
2026-10-09T15:16:30Z,STR-E-L84D-A,0.11 €/kWh
2026-10-09T15:16:30Z,STR-E-LISV-A,0.11 €/kWh
2026-10-09T15:16:30Z,STR-E-LKFQ-A,0.11 €/kWh
2026-10-09T15:16:30Z,STR-E-LREY-A,0.34 €/kWh
2026-10-09T15:16:30Z,STR-E-M1IB-A,0.11 €/kWh
2026-10-09T15:16:30Z,STR-E-M8WL-A,0.11 €/kWh
2026-10-09T15:16:30Z,STR-E-M9W7-A,0.11 €/kWh
2026-10-09T15:16:30Z,STR-E-MIP3-A,0.21 €/kWh
2026-10-09T15:16:30Z,STR-E-MIP3-B,0.21 €/kWh
2026-10-09T15:16:30Z,STR-E-MSEN-A,0.11 €/kWh
2026-10-09T15:16:30Z,STR-E-MSUL-A,0.11 €/kWh
2026-10-09T15:16:30Z,STR-E-N6P5-A,0.11 €/kWh
2026-10-09T15:16:30Z,STR-E-NCKT-A,0.08 € + 0.16 €/kWh
2026-10-09T15:16:30Z,STR-E-NCKT-B,0.08 € + 0.16 €/kWh
2026-10-09T15:16:30Z,STR-E-NDU2-A,0 € + 0.21 €/kWh
2026-10-09T15:16:30Z,STR-E-NDZ4-A,0 € + 0.21 €/kWh
2026-10-09T15:16:30Z,STR-E-NFV5-A,0 € + 0.21 €/kWh
2026-10-09T15:16:30Z,STR-E-NNGC-A,0.11 €/kWh
2026-10-09T15:16:30Z,STR-E-NSGB-A,0 € + 0.21 €/kWh
2026-10-09T15:16:30Z,STR-E-NY0Q-A,0.15 € + 0.22 €/kWh
2026-10-09T15:16:30Z,STR-E-O0VK-A,0.11 €/kWh
2026-10-09T15:16:30Z,STR-E-O5JX-A,0 € + 0.21 €/kWh
2026-10-09T15:16:30Z,STR-E-O5YW-A,0.08 € + 0.16 €/kWh
2026-10-09T15:16:30Z,STR-E-O5YW-B,0.08 € + 0.16 €/kWh
2026-10-09T15:16:30Z,STR-E-ODBK-A,0.31 €/kWh
2026-10-09T15:16:30Z,STR-E-ODBK-B,0.31 €/kWh
2026-10-09T15:16:30Z,STR-E-OFWF-A,0 € + 0.21 €/kWh
2026-10-09T15:16:30Z,STR-E-OG1X-A,0.11 €/kWh
2026-10-09T15:16:30Z,STR-E-OHH6-A,0 € + 0.21 €/kWh
2026-10-09T15:16:30Z,STR-E-OJ3E-A,0.22 €/kWh + 0.23 €
2026-10-09T15:16:30Z,STR-E-OJ3E-B,0.22 €/kWh + 0.23 €
2026-10-09T15:16:30Z,STR-E-OQKZ-A,0.11 €/kWh
2026-10-09T15:16:30Z,STR-E-P46N-A,0 € + 0.21 €/kWh
2026-10-09T15:16:30Z,STR-E-P7AF-A,0.08 € + 0.16 €/kWh
2026-10-09T15:16:30Z,STR-E-P7AF-B,0.08 € + 0.16 €/kWh
2026-10-09T15:16:30Z,STR-E-PC04-A,0.11 €/kWh
2026-10-09T15:16:30Z,STR-E-PDR2-A,0.11 €/kWh
2026-10-09T15:16:30Z,STR-E-PJCQ-A,0.08 € + 0.16 €/kWh
2026-10-09T15:16:30Z,STR-E-PJCQ-B,0.08 € + 0.16 €/kWh
2026-10-09T15:16:30Z,STR-E-PM3P-A,0.22 €/kWh + 0.23 €
2026-10-09T15:16:30Z,STR-E-PM3P-B,0.22 €/kWh + 0.23 €
2026-10-09T15:16:30Z,STR-E-PRUQ-A,0.11 €/kWh
2026-10-09T15:16:30Z,STR-E-PSU9-A,0.11 €/kWh
2026-10-09T15:16:30Z,STR-E-PZ9U-A,0.11 €/kWh
2026-10-09T15:16:30Z,STR-E-PZES-A,0.11 €/kWh
2026-10-09T15:16:30Z,STR-E-Q5YF-A,0.22 €/kWh + 0.23 €
2026-10-09T15:16:30Z,STR-E-Q5YF-B,0.22 €/kWh + 0.23 €
2026-10-09T15:16:30Z,STR-E-Q7LB-A,0.22 €/kWh + 0.23 €
2026-10-09T15:16:30Z,STR-E-Q7LB-B,0.22 €/kWh + 0.23 €
2026-10-09T15:16:30Z,STR-E-QAXH-A,0.15 € + 0.22 €/kWh
2026-10-09T15:16:30Z,STR-E-QE1X-A,0.08 € + 0.16 €/kWh
2026-10-09T15:16:30Z,STR-E-QE1X-B,0.08 € + 0.16 €/kWh
2026-10-09T15:16:30Z,STR-E-QEDL-A,0.11 €/kWh
2026-10-09T15:16:30Z,STR-E-QIQM-A,0.11 €/kWh
2026-10-09T15:16:30Z,STR-E-QLC9-A,0.21 €/kWh
2026-10-09T15:16:30Z,STR-E-QLC9-B,0.21 €/kWh
2026-10-09T15:16:30Z,STR-E-R0J8-A,0.11 €/kWh
2026-10-09T15:16:30Z,STR-E-R1MT-A,0.22 €/kWh + 0.23 €
2026-10-09T15:16:30Z,STR-E-R1MT-B,0.22 €/kWh + 0.23 €
2026-10-09T15:16:30Z,STR-E-R1PI-A,0.22 €/kWh + 0.23 €
2026-10-09T15:16:30Z,STR-E-R1PI-B,0.22 €/kWh + 0.23 €
2026-10-09T15:16:30Z,STR-E-R2LK-A,0.22 €/kWh + 0.23 €
2026-10-09T15:16:30Z,STR-E-R2LK-B,0.22 €/kWh + 0.23 €
2026-10-09T15:16:30Z,STR-E-R8PQ-A,0 € + 0.21 €/kWh
2026-10-09T15:16:30Z,STR-E-R9GA-A,0.11 €/kWh
2026-10-09T15:16:30Z,STR-E-RJH9-A,0.11 €/kWh
2026-10-09T15:16:30Z,STR-E-RKWJ-A,0.11 €/kWh
2026-10-09T15:16:30Z,STR-E-S42D-A,0.11 €/kWh
2026-10-09T15:16:30Z,STR-E-S6VR-A,0 € + 0.21 €/kWh
2026-10-09T15:16:30Z,STR-E-S7YR-A,0.22 €/kWh + 0.23 €
2026-10-09T15:16:30Z,STR-E-S7YR-B,0.22 €/kWh + 0.23 €
2026-10-09T15:16:30Z,STR-E-SGC2-A,0 € + 0.21 €/kWh
2026-10-09T15:16:30Z,STR-E-SJKA-A,0.11 €/kWh
2026-10-09T15:16:30Z,STR-E-SQX8-A,0.08 € + 0.16 €/kWh
2026-10-09T15:16:30Z,STR-E-SQX8-B,0.08 € + 0.16 €/kWh
2026-10-09T15:16:30Z,STR-E-SVR3-A,0.22 €/kWh + 0.23 €
2026-10-09T15:16:30Z,STR-E-SVR3-B,0.22 €/kWh + 0.23 €
2026-10-09T15:16:30Z,STR-E-SY9Y-A,0.11 €/kWh
2026-10-09T15:16:30Z,STR-E-TO2O-A,0.11 €/kWh
2026-10-09T15:16:30Z,STR-E-TX67-A,0.24 €/kWh
2026-10-09T15:16:30Z,STR-E-TX67-B,0.24 €/kWh
2026-10-09T15:16:30Z,STR-E-U41O-A,0 € + 0.21 €/kWh
2026-10-09T15:16:30Z,STR-E-U5TP-A,0.11 €/kWh
2026-10-09T15:16:30Z,STR-E-UKPS-A,0.15 € + 0.22 €/kWh
2026-10-09T15:16:30Z,STR-E-UPAQ-A,0.21 €/kWh
2026-10-09T15:16:30Z,STR-E-UPAQ-B,0.21 €/kWh
2026-10-09T15:16:30Z,STR-E-UPOS-A,0.08 € + 0.16 €/kWh
2026-10-09T15:16:30Z,STR-E-UPOS-B,0.08 € + 0.16 €/kWh
2026-10-09T15:16:30Z,STR-E-UY5H-A,0.11 €/kWh
2026-10-09T15:16:30Z,STR-E-V17G-A,0.11 €/kWh
2026-10-09T15:16:30Z,STR-E-V31J-A,0.11 €/kWh
2026-10-09T15:16:30Z,STR-E-V50T-A,0.11 €/kWh
2026-10-09T15:16:30Z,STR-E-V9SD-A,0.11 €/kWh
2026-10-09T15:16:30Z,STR-E-V9ZR-A,0.11 €/kWh
2026-10-09T15:16:30Z,STR-E-VBMP-A,0.11 €/kWh
2026-10-09T15:16:30Z,STR-E-VJBJ-A,0 € + 0.21 €/kWh
2026-10-09T15:16:30Z,STR-E-VPDB-A,0.11 €/kWh
2026-10-09T15:16:30Z,STR-E-VQ06-A,0 € + 0.21 €/kWh
2026-10-09T15:16:30Z,STR-E-VSDJ-A,0.24 €/kWh
2026-10-09T15:16:30Z,STR-E-VSDJ-B,0.24 €/kWh
2026-10-09T15:16:30Z,STR-E-VT0G-A,0.11 €/kWh
2026-10-09T15:16:30Z,STR-E-VX2O-A,0 € + 0.21 €/kWh
2026-10-09T15:16:30Z,STR-E-VXGH-A,0.11 €/kWh
2026-10-09T15:16:30Z,STR-E-W1X4-A,0.11 €/kWh
2026-10-09T15:16:30Z,STR-E-WEE3-A,0.22 €/kWh + 0.23 €
2026-10-09T15:16:30Z,STR-E-WEE3-B,0.22 €/kWh + 0.23 €
2026-10-09T15:16:30Z,STR-E-WHZ1-A,0 € + 0.21 €/kWh
2026-10-09T15:16:30Z,STR-E-WLGM-A,0 € + 0.21 €/kWh
2026-10-09T15:16:30Z,STR-E-WTQ5-A,0.22 €/kWh
2026-10-09T15:16:30Z,STR-E-WXV8-A,0.11 €/kWh
2026-10-09T15:16:30Z,STR-E-WYFE-A,0.22 €/kWh
2026-10-09T15:16:30Z,STR-E-WYFE-B,0.22 €/kWh
2026-10-09T15:16:30Z,STR-E-WYYC-A,0.22 €/kWh + 0.23 €
2026-10-09T15:16:30Z,STR-E-WYYC-B,0.22 €/kWh + 0.23 €
2026-10-09T15:16:30Z,STR-E-WZW9-A,0.11 €/kWh
2026-10-09T15:16:30Z,STR-E-X525-A,0.11 €/kWh
2026-10-09T15:16:30Z,STR-E-X54O-A,0 € + 0.21 €/kWh
2026-10-09T15:16:30Z,STR-E-XCMJ-A,0.08 € + 0.16 €/kWh
2026-10-09T15:16:30Z,STR-E-XCMJ-B,0.08 € + 0.16 €/kWh
2026-10-09T15:16:30Z,STR-E-XFON-A,0.11 €/kWh
2026-10-09T15:16:30Z,STR-E-XG69-A,0.08 € + 0.16 €/kWh
2026-10-09T15:16:30Z,STR-E-XG69-B,0.08 € + 0.16 €/kWh
2026-10-09T15:16:30Z,STR-E-XH51-A,0 € + 0.21 €/kWh
2026-10-09T15:16:30Z,STR-E-XKW2-A,0.22 €/kWh + 0.23 €
2026-10-09T15:16:30Z,STR-E-XKW2-B,0.22 €/kWh + 0.23 €
2026-10-09T15:16:30Z,STR-E-XRV8-A,0 € + 0.21 €/kWh
2026-10-09T15:16:30Z,STR-E-Y7JK-A,0 € + 0.21 €/kWh
2026-10-09T15:16:30Z,STR-E-Y82E-A,0 € + 0.21 €/kWh
2026-10-09T15:16:30Z,STR-E-YC50-A,0.11 €/kWh
2026-10-09T15:16:30Z,STR-E-Z2PJ-A,0.08 € + 0.16 €/kWh
2026-10-09T15:16:30Z,STR-E-Z2PJ-B,0.08 € + 0.16 €/kWh
2026-10-09T15:16:30Z,STR-E-ZA6O-A,0.11 €/kWh
2026-10-09T15:16:30Z,STR-E-ZEP7-A,0 € + 0.21 €/kWh
2026-10-09T15:16:30Z,STR-E-ZIAZ-A,0 € + 0.21 €/kWh
2026-10-09T15:16:30Z,STR-E-ZK9W-A,0 € + 0.21 €/kWh
2026-10-09T15:16:30Z,STR-E-ZS00-A,0.22 €/kWh + 0.23 €
2026-10-09T15:16:30Z,STR-E-ZS00-B,0.22 €/kWh + 0.23 €
2026-10-09T15:16:30Z,STR-E-ZWU5-A,0.08 € + 0.16 €/kWh
2026-10-09T15:16:30Z,STR-E-ZWU5-B,0.08 € + 0.16 €/kWh
2026-10-09T15:32:25Z,IKR-E-1220-A,0.3 € + 0.38 €/kWh
2026-10-09T15:32:25Z,IKR-E-1871-A,0.3 € + 0.38 €/kWh
2026-10-09T15:32:25Z,IKR-E-2G8J-A,0.3 € + 0.38 €/kWh
2026-10-09T15:32:25Z,IKR-E-3TSR-A,0.3 € + 0.38 €/kWh
2026-10-09T15:32:25Z,IKR-E-5715-A,0.3 € + 0.38 €/kWh
2026-10-09T15:32:25Z,IKR-E-5730-A,0.3 € + 0.44 €/kWh
2026-10-09T15:32:25Z,IKR-E-5CGU-A,0.3 € + 0.38 €/kWh
2026-10-09T15:32:25Z,IKR-E-7718-A,0.3 € + 0.44 €/kWh
2026-10-09T15:32:25Z,IKR-E-DVCM-A,0.3 € + 0.38 €/kWh
2026-10-09T15:32:25Z,IKR-E-E228-A,0.3 € + 0.38 €/kWh
2026-10-09T15:32:25Z,IKR-E-E475-A,0.3 € + 0.39 €/kWh
2026-10-09T15:32:25Z,IKR-E-E544-A,0.3 € + 0.39 €/kWh
2026-10-09T15:32:25Z,IKR-E-EKZA-A,0.3 € + 0.38 €/kWh
2026-10-09T15:32:25Z,IKR-E-GAY9-A,0.3 € + 0.38 €/kWh
2026-10-09T15:32:25Z,IKR-E-IZW2-A,0.3 € + 0.38 €/kWh
2026-10-09T15:32:25Z,IKR-E-J1JV-A,0.3 € + 0.38 €/kWh
2026-10-09T15:32:25Z,IKR-E-JJAJ-A,0.3 € + 0.38 €/kWh
2026-10-09T15:32:25Z,IKR-E-KMBH-A,0.3 € + 0.38 €/kWh
2026-10-09T15:32:25Z,IKR-E-LJZI-A,0.3 € + 0.38 €/kWh
2026-10-09T15:32:25Z,IKR-E-MAU9-A,0.29 € + 0.29 €/kWh
2026-10-09T15:32:25Z,IKR-E-OWF5-A,0.3 € + 0.41 €/kWh
2026-10-09T15:32:25Z,IKR-E-W6HQ-A,0.29 € + 0.29 €/kWh
2026-10-09T15:32:25Z,IKR-E-XIH2-A,0.3 € + 0.38 €/kWh
2026-10-09T15:32:25Z,IKR-E-Y2Z8-A,0.3 € + 0.33 €/kWh
2026-10-09T15:32:25Z,IKR-P-IV7E-B,0.3 € + 0.38 €/kWh
2026-10-09T15:32:25Z,IKR-P-SCM5-A,0.3 € + 0.41 €/kWh
2026-10-09T15:32:25Z,IKR-P-V9X4-A,0.3 € + 0.41 €/kWh
2026-10-09T15:32:25Z,IKR-P-V9X4-B,0.3 € + 0.41 €/kWh
2026-10-09T15:32:25Z,STR-E-0698-A,0.12 €/kWh
2026-10-09T15:32:25Z,STR-E-0GEL-A,0.12 €/kWh
2026-10-09T15:32:25Z,STR-E-1162-A,0.12 €/kWh
2026-10-09T15:32:25Z,STR-E-11DT-A,0.12 €/kWh
2026-10-09T15:32:25Z,STR-E-1887-A,0.12 €/kWh
2026-10-09T15:32:25Z,STR-E-1927-A,0.12 €/kWh
2026-10-09T15:32:25Z,STR-E-1MHB-A,0.35 €/kWh
2026-10-09T15:32:25Z,STR-E-1MJQ-A,0.12 €/kWh
2026-10-09T15:32:25Z,STR-E-2D12-A,0.12 €/kWh
2026-10-09T15:32:25Z,STR-E-2ED4-A,0.12 €/kWh
2026-10-09T15:32:25Z,STR-E-320G-A,0.12 €/kWh
2026-10-09T15:32:25Z,STR-E-3PZS-A,0.12 €/kWh
2026-10-09T15:32:25Z,STR-E-3TZI-A,0.12 €/kWh
2026-10-09T15:32:25Z,STR-E-4156-A,0.28 €/kWh
2026-10-09T15:32:25Z,STR-E-4156-B,0.28 €/kWh
2026-10-09T15:32:25Z,STR-E-4LRS-A,0.12 €/kWh
2026-10-09T15:32:25Z,STR-E-4UGU-A,0.12 €/kWh
2026-10-09T15:32:25Z,STR-E-5DWB-A,0.12 €/kWh
2026-10-09T15:32:25Z,STR-E-5TI5-A,0.12 €/kWh
2026-10-09T15:32:25Z,STR-E-69PN-A,0.12 €/kWh
2026-10-09T15:32:25Z,STR-E-6CNG-A,0.12 €/kWh
2026-10-09T15:32:25Z,STR-E-6SQH-A,0.12 €/kWh
2026-10-09T15:32:25Z,STR-E-86C0-A,0.12 €/kWh
2026-10-09T15:32:25Z,STR-E-88SA-A,0.12 €/kWh
2026-10-09T15:32:25Z,STR-E-8M2O-A,0.12 €/kWh
2026-10-09T15:32:25Z,STR-E-8XL5-A,0.12 €/kWh
2026-10-09T15:32:25Z,STR-E-8Y23-A,0.12 €/kWh
2026-10-09T15:32:25Z,STR-E-9I2R-A,0.12 €/kWh
2026-10-09T15:32:25Z,STR-E-9TUZ-A,0.12 €/kWh
2026-10-09T15:32:25Z,STR-E-9WY2-A,0.12 €/kWh
2026-10-09T15:32:25Z,STR-E-A442-A,0.12 €/kWh
2026-10-09T15:32:25Z,STR-E-AABG-A,0.12 €/kWh
2026-10-09T15:32:25Z,STR-E-ACMT-A,0.12 €/kWh
2026-10-09T15:32:25Z,STR-E-BXA5-A,0.12 €/kWh
2026-10-09T15:32:25Z,STR-E-C91L-A,0.12 €/kWh
2026-10-09T15:32:25Z,STR-E-E7HH-A,0.12 €/kWh
2026-10-09T15:32:25Z,STR-E-EU1U-A,0.12 €/kWh
2026-10-09T15:32:25Z,STR-E-F4B3-A,0.12 €/kWh
2026-10-09T15:32:25Z,STR-E-F5LZ-A,0.12 €/kWh
2026-10-09T15:32:25Z,STR-E-FGMF-A,0.12 €/kWh
2026-10-09T15:32:25Z,STR-E-FK06-A,0.12 €/kWh
2026-10-09T15:32:25Z,STR-E-G4VM-A,0.12 €/kWh
2026-10-09T15:32:25Z,STR-E-G518-A,0.12 €/kWh
2026-10-09T15:32:25Z,STR-E-GB9A-A,0.12 €/kWh
2026-10-09T15:32:25Z,STR-E-GGV8-A,0.12 €/kWh
2026-10-09T15:32:25Z,STR-E-GHJA-A,0.12 €/kWh
2026-10-09T15:32:25Z,STR-E-GR5K-A,0.12 €/kWh
2026-10-09T15:32:25Z,STR-E-H6Q5-A,0.12 €/kWh
2026-10-09T15:32:25Z,STR-E-I4UZ-A,0.12 €/kWh
2026-10-09T15:32:25Z,STR-E-I5FH-A,0.12 €/kWh
2026-10-09T15:32:25Z,STR-E-I8C6-A,0.12 €/kWh
2026-10-09T15:32:25Z,STR-E-IA3X-A,0.12 €/kWh
2026-10-09T15:32:25Z,STR-E-JVO0-A,0.12 €/kWh
2026-10-09T15:32:25Z,STR-E-KBZL-A,0.12 €/kWh
2026-10-09T15:32:25Z,STR-E-L84D-A,0.12 €/kWh
2026-10-09T15:32:25Z,STR-E-LISV-A,0.12 €/kWh
2026-10-09T15:32:25Z,STR-E-LKFQ-A,0.12 €/kWh
2026-10-09T15:32:25Z,STR-E-LREY-A,0.35 €/kWh
2026-10-09T15:32:25Z,STR-E-M1IB-A,0.12 €/kWh
2026-10-09T15:32:25Z,STR-E-M8WL-A,0.12 €/kWh
2026-10-09T15:32:25Z,STR-E-M9W7-A,0.12 €/kWh
2026-10-09T15:32:25Z,STR-E-MSEN-A,0.12 €/kWh
2026-10-09T15:32:25Z,STR-E-MSUL-A,0.12 €/kWh
2026-10-09T15:32:25Z,STR-E-N6P5-A,0.12 €/kWh
2026-10-09T15:32:25Z,STR-E-NNGC-A,0.12 €/kWh
2026-10-09T15:32:25Z,STR-E-O0VK-A,0.12 €/kWh
2026-10-09T15:32:25Z,STR-E-OG1X-A,0.12 €/kWh
2026-10-09T15:32:25Z,STR-E-OQKZ-A,0.12 €/kWh
2026-10-09T15:32:25Z,STR-E-PC04-A,0.12 €/kWh
2026-10-09T15:32:25Z,STR-E-PDR2-A,0.12 €/kWh
2026-10-09T15:32:25Z,STR-E-PRUQ-A,0.12 €/kWh
2026-10-09T15:32:25Z,STR-E-PSU9-A,0.12 €/kWh
2026-10-09T15:32:25Z,STR-E-PZ9U-A,0.12 €/kWh
2026-10-09T15:32:25Z,STR-E-PZES-A,0.12 €/kWh
2026-10-09T15:32:25Z,STR-E-QEDL-A,0.12 €/kWh
2026-10-09T15:32:25Z,STR-E-QIQM-A,0.12 €/kWh
2026-10-09T15:32:25Z,STR-E-R0J8-A,0.12 €/kWh
2026-10-09T15:32:25Z,STR-E-R9GA-A,0.12 €/kWh
2026-10-09T15:32:25Z,STR-E-RJH9-A,0.12 €/kWh
2026-10-09T15:32:25Z,STR-E-RKWJ-A,0.12 €/kWh
2026-10-09T15:32:25Z,STR-E-S42D-A,0.12 €/kWh
2026-10-09T15:32:25Z,STR-E-SJKA-A,0.12 €/kWh
2026-10-09T15:32:25Z,STR-E-SY9Y-A,0.12 €/kWh
2026-10-09T15:32:25Z,STR-E-TO2O-A,0.12 €/kWh
2026-10-09T15:32:25Z,STR-E-U5TP-A,0.12 €/kWh
2026-10-09T15:32:25Z,STR-E-UY5H-A,0.12 €/kWh
2026-10-09T15:32:25Z,STR-E-V17G-A,0.12 €/kWh
2026-10-09T15:32:25Z,STR-E-V31J-A,0.12 €/kWh
2026-10-09T15:32:25Z,STR-E-V50T-A,0.12 €/kWh
2026-10-09T15:32:25Z,STR-E-V9SD-A,0.12 €/kWh
2026-10-09T15:32:25Z,STR-E-V9ZR-A,0.12 €/kWh
2026-10-09T15:32:25Z,STR-E-VBMP-A,0.12 €/kWh
2026-10-09T15:32:25Z,STR-E-VPDB-A,0.12 €/kWh
2026-10-09T15:32:25Z,STR-E-VT0G-A,0.12 €/kWh
2026-10-09T15:32:25Z,STR-E-VXGH-A,0.12 €/kWh
2026-10-09T15:32:25Z,STR-E-W1X4-A,0.12 €/kWh
2026-10-09T15:32:25Z,STR-E-WXV8-A,0.12 €/kWh
2026-10-09T15:32:25Z,STR-E-WZW9-A,0.12 €/kWh
2026-10-09T15:32:25Z,STR-E-X525-A,0.12 €/kWh
2026-10-09T15:32:25Z,STR-E-XFON-A,0.12 €/kWh
2026-10-09T15:32:25Z,STR-E-YC50-A,0.12 €/kWh
2026-10-09T15:32:25Z,STR-E-ZA6O-A,0.12 €/kWh
2026-10-09T15:48:26Z,IKR-E-1220-A,0.3 € + 0.39 €/kWh
2026-10-09T15:48:26Z,IKR-E-1871-A,0.3 € + 0.39 €/kWh
2026-10-09T15:48:26Z,IKR-E-2G8J-A,0.3 € + 0.39 €/kWh
2026-10-09T15:48:26Z,IKR-E-3TSR-A,0.3 € + 0.39 €/kWh
2026-10-09T15:48:26Z,IKR-E-5715-A,0.3 € + 0.39 €/kWh
2026-10-09T15:48:26Z,IKR-E-5730-A,0.3 € + 0.45 €/kWh
2026-10-09T15:48:26Z,IKR-E-5CGU-A,0.3 € + 0.39 €/kWh
2026-10-09T15:48:26Z,IKR-E-7718-A,0.3 € + 0.45 €/kWh
2026-10-09T15:48:26Z,IKR-E-DVCM-A,0.3 € + 0.39 €/kWh
2026-10-09T15:48:26Z,IKR-E-E228-A,0.3 € + 0.39 €/kWh
2026-10-09T15:48:26Z,IKR-E-E475-A,0.3 € + 0.41 €/kWh
2026-10-09T15:48:26Z,IKR-E-E544-A,0.3 € + 0.41 €/kWh
2026-10-09T15:48:26Z,IKR-E-EKZA-A,0.3 € + 0.39 €/kWh
2026-10-09T15:48:26Z,IKR-E-GAY9-A,0.3 € + 0.39 €/kWh
2026-10-09T15:48:26Z,IKR-E-IZW2-A,0.3 € + 0.39 €/kWh
2026-10-09T15:48:26Z,IKR-E-J1JV-A,0.3 € + 0.39 €/kWh
2026-10-09T15:48:26Z,IKR-E-JJAJ-A,0.3 € + 0.39 €/kWh
2026-10-09T15:48:26Z,IKR-E-KMBH-A,0.3 € + 0.39 €/kWh
2026-10-09T15:48:26Z,IKR-E-LJZI-A,0.3 € + 0.39 €/kWh
2026-10-09T15:48:26Z,IKR-E-MAU9-A,0.29 € + 0.31 €/kWh
2026-10-09T15:48:26Z,IKR-E-OWF5-A,0.3 € + 0.42 €/kWh
2026-10-09T15:48:26Z,IKR-E-W6HQ-A,0.29 € + 0.31 €/kWh
2026-10-09T15:48:26Z,IKR-E-XIH2-A,0.3 € + 0.39 €/kWh
2026-10-09T15:48:26Z,IKR-E-Y2Z8-A,0.3 € + 0.35 €/kWh
2026-10-09T15:48:26Z,IKR-P-IV7E-B,0.3 € + 0.39 €/kWh
2026-10-09T15:48:26Z,IKR-P-SCM5-A,0.3 € + 0.42 €/kWh
2026-10-09T15:48:26Z,IKR-P-V9X4-A,0.3 € + 0.42 €/kWh
2026-10-09T15:48:26Z,IKR-P-V9X4-B,0.3 € + 0.42 €/kWh
2026-10-09T15:48:26Z,STR-E-027B-A,0.23 €/kWh + 0.23 €
2026-10-09T15:48:26Z,STR-E-027B-B,0.23 €/kWh + 0.23 €
2026-10-09T15:48:26Z,STR-E-02VO-A,0.25 €/kWh
2026-10-09T15:48:26Z,STR-E-02VO-B,0.25 €/kWh
2026-10-09T15:48:26Z,STR-E-04YS-A,0 € + 0.22 €/kWh
2026-10-09T15:48:26Z,STR-E-051F-A,0.08 € + 0.17 €/kWh
2026-10-09T15:48:26Z,STR-E-10G9-A,0.08 € + 0.17 €/kWh
2026-10-09T15:48:26Z,STR-E-10G9-B,0.08 € + 0.17 €/kWh
2026-10-09T15:48:26Z,STR-E-1ME5-A,0.08 € + 0.17 €/kWh
2026-10-09T15:48:26Z,STR-E-1ME5-B,0.08 € + 0.17 €/kWh
2026-10-09T15:48:26Z,STR-E-1MHB-A,0.36 €/kWh
2026-10-09T15:48:26Z,STR-E-1X30-A,0 € + 0.22 €/kWh
2026-10-09T15:48:26Z,STR-E-21O1-A,0.23 €/kWh
2026-10-09T15:48:26Z,STR-E-21O1-B,0.23 €/kWh
2026-10-09T15:48:26Z,STR-E-2446-A,0 € + 0.22 €/kWh
2026-10-09T15:48:26Z,STR-E-2K1Q-A,0 € + 0.22 €/kWh
2026-10-09T15:48:26Z,STR-E-2XDJ-A,0 € + 0.22 €/kWh
2026-10-09T15:48:26Z,STR-E-3468-A,0.23 €/kWh
2026-10-09T15:48:26Z,STR-E-3468-B,0.23 €/kWh
2026-10-09T15:48:26Z,STR-E-3ENA-A,0.23 €/kWh
2026-10-09T15:48:26Z,STR-E-3ENA-B,0.23 €/kWh
2026-10-09T15:48:26Z,STR-E-3ENA-C,0.23 €/kWh
2026-10-09T15:48:26Z,STR-E-3FMF-A,0.23 €/kWh + 0.23 €
2026-10-09T15:48:26Z,STR-E-3FMF-B,0.23 €/kWh + 0.23 €
2026-10-09T15:48:26Z,STR-E-3SXI-A,0.23 €/kWh
2026-10-09T15:48:26Z,STR-E-3SXI-B,0.23 €/kWh
2026-10-09T15:48:26Z,STR-E-3WE5-A,0 € + 0.22 €/kWh
2026-10-09T15:48:26Z,STR-E-3YH3-A,0.08 € + 0.17 €/kWh
2026-10-09T15:48:26Z,STR-E-3YH3-B,0.08 € + 0.17 €/kWh
2026-10-09T15:48:26Z,STR-E-491A-A,0.22 €/kWh
2026-10-09T15:48:26Z,STR-E-491A-B,0.22 €/kWh
2026-10-09T15:48:26Z,STR-E-491A-C,0.22 €/kWh
2026-10-09T15:48:26Z,STR-E-4DE6-A,0.22 €/kWh
2026-10-09T15:48:26Z,STR-E-4DE6-B,0.22 €/kWh
2026-10-09T15:48:26Z,STR-E-4KWM-A,0.32 €/kWh
2026-10-09T15:48:26Z,STR-E-4KWM-B,0.32 €/kWh
2026-10-09T15:48:26Z,STR-E-4YKC-A,0 € + 0.22 €/kWh
2026-10-09T15:48:26Z,STR-E-527U-A,0 € + 0.22 €/kWh
2026-10-09T15:48:26Z,STR-E-54PK-A,0.08 € + 0.17 €/kWh
2026-10-09T15:48:26Z,STR-E-54PK-B,0.08 € + 0.17 €/kWh
2026-10-09T15:48:26Z,STR-E-55I4-A,0 € + 0.22 €/kWh
2026-10-09T15:48:26Z,STR-E-566J-A,0 € + 0.22 €/kWh
2026-10-09T15:48:26Z,STR-E-59TF-A,0.08 € + 0.17 €/kWh
2026-10-09T15:48:26Z,STR-E-6E7W-A,0 € + 0.22 €/kWh
2026-10-09T15:48:26Z,STR-E-6UZQ-A,0.23 €/kWh
2026-10-09T15:48:26Z,STR-E-6UZQ-B,0.23 €/kWh
2026-10-09T15:48:26Z,STR-E-6ZTQ-A,0 € + 0.22 €/kWh
2026-10-09T15:48:26Z,STR-E-7438-A,0 € + 0.22 €/kWh
2026-10-09T15:48:26Z,STR-E-7A48-A,0.08 € + 0.17 €/kWh
2026-10-09T15:48:26Z,STR-E-7YBN-A,0 € + 0.22 €/kWh
2026-10-09T15:48:26Z,STR-E-7Z8G-A,0.32 €/kWh
2026-10-09T15:48:26Z,STR-E-7Z8G-B,0.32 €/kWh
2026-10-09T15:48:26Z,STR-E-8A02-A,0 € + 0.22 €/kWh
2026-10-09T15:48:26Z,STR-E-8Q9F-A,0 € + 0.22 €/kWh
2026-10-09T15:48:26Z,STR-E-92KW-A,0.23 €/kWh + 0.23 €
2026-10-09T15:48:26Z,STR-E-9AH3-A,0 € + 0.22 €/kWh
2026-10-09T15:48:26Z,STR-E-A169-A,0 € + 0.22 €/kWh
2026-10-09T15:48:26Z,STR-E-A27N-A,0.25 €/kWh
2026-10-09T15:48:26Z,STR-E-A27N-B,0.25 €/kWh
2026-10-09T15:48:26Z,STR-E-A27N-C,0.25 €/kWh
2026-10-09T15:48:26Z,STR-E-ADXE-A,0 € + 0.22 €/kWh
2026-10-09T15:48:26Z,STR-E-AF2O-A,0.08 € + 0.17 €/kWh
2026-10-09T15:48:26Z,STR-E-AMQK-A,0 € + 0.22 €/kWh
2026-10-09T15:48:26Z,STR-E-ANJ0-A,0.23 €/kWh + 0.23 €
2026-10-09T15:48:26Z,STR-E-ANJ0-B,0.23 €/kWh + 0.23 €
2026-10-09T15:48:26Z,STR-E-AP96-A,0.23 €/kWh + 0.23 €
2026-10-09T15:48:26Z,STR-E-AP96-B,0.23 €/kWh + 0.23 €
2026-10-09T15:48:26Z,STR-E-AUQ2-A,0 € + 0.22 €/kWh
2026-10-09T15:48:26Z,STR-E-AWF1-A,0.08 € + 0.17 €/kWh
2026-10-09T15:48:26Z,STR-E-AWF1-B,0.08 € + 0.17 €/kWh
2026-10-09T15:48:26Z,STR-E-AWJ9-A,0.25 €/kWh
2026-10-09T15:48:26Z,STR-E-AWJ9-B,0.25 €/kWh
2026-10-09T15:48:26Z,STR-E-BIKW-A,0.23 €/kWh + 0.23 €
2026-10-09T15:48:26Z,STR-E-BIKW-B,0.23 €/kWh + 0.23 €
2026-10-09T15:48:26Z,STR-E-C99Z-A,0 € + 0.22 €/kWh
2026-10-09T15:48:26Z,STR-E-D3MB-A,0.23 €/kWh + 0.23 €
2026-10-09T15:48:26Z,STR-E-D3MB-B,0.23 €/kWh + 0.23 €
2026-10-09T15:48:26Z,STR-E-DBCC-A,0.08 € + 0.17 €/kWh
2026-10-09T15:48:26Z,STR-E-DBCC-B,0.08 € + 0.17 €/kWh
2026-10-09T15:48:26Z,STR-E-DHEJ-A,0 € + 0.22 €/kWh
2026-10-09T15:48:26Z,STR-E-E0DZ-A,0.23 €/kWh
2026-10-09T15:48:26Z,STR-E-E0DZ-B,0.23 €/kWh
2026-10-09T15:48:26Z,STR-E-ECI7-A,0 € + 0.22 €/kWh
2026-10-09T15:48:26Z,STR-E-EFXK-A,0 € + 0.22 €/kWh
2026-10-09T15:48:26Z,STR-E-ELFQ-A,0.23 €/kWh + 0.23 €
2026-10-09T15:48:26Z,STR-E-ELFQ-B,0.23 €/kWh + 0.23 €
2026-10-09T15:48:26Z,STR-E-EPQY-A,0 € + 0.22 €/kWh
2026-10-09T15:48:26Z,STR-E-ER2N-A,0 € + 0.22 €/kWh
2026-10-09T15:48:26Z,STR-E-ES3O-A,0 € + 0.22 €/kWh
2026-10-09T15:48:26Z,STR-E-F2G0-A,0.08 € + 0.17 €/kWh
2026-10-09T15:48:26Z,STR-E-F2G0-B,0.08 € + 0.17 €/kWh
2026-10-09T15:48:26Z,STR-E-F79A-A,0.23 €/kWh + 0.23 €
2026-10-09T15:48:26Z,STR-E-F79A-B,0.23 €/kWh + 0.23 €
2026-10-09T15:48:26Z,STR-E-FKUY-A,0 € + 0.22 €/kWh
2026-10-09T15:48:26Z,STR-E-FUE8-A,0.08 € + 0.17 €/kWh
2026-10-09T15:48:26Z,STR-E-FUE8-B,0.08 € + 0.17 €/kWh
2026-10-09T15:48:26Z,STR-E-GE77-A,0.32 €/kWh
2026-10-09T15:48:26Z,STR-E-GE77-B,0.32 €/kWh
2026-10-09T15:48:26Z,STR-E-GFB3-A,0 € + 0.22 €/kWh
2026-10-09T15:48:26Z,STR-E-GK0C-A,0 € + 0.22 €/kWh
2026-10-09T15:48:26Z,STR-E-HHXV-A,0 € + 0.22 €/kWh
2026-10-09T15:48:26Z,STR-E-I1KE-A,0 € + 0.22 €/kWh
2026-10-09T15:48:26Z,STR-E-IAO5-A,0 € + 0.22 €/kWh
2026-10-09T15:48:26Z,STR-E-IGH5-A,0.23 €/kWh + 0.23 €
2026-10-09T15:48:26Z,STR-E-IGH5-B,0.23 €/kWh + 0.23 €
2026-10-09T15:48:26Z,STR-E-IIKL-A,0.08 € + 0.17 €/kWh
2026-10-09T15:48:26Z,STR-E-IIKL-B,0.08 € + 0.17 €/kWh
2026-10-09T15:48:26Z,STR-E-IPEC-A,0 € + 0.22 €/kWh
2026-10-09T15:48:26Z,STR-E-IV6T-A,0 € + 0.22 €/kWh
2026-10-09T15:48:26Z,STR-E-J54N-A,0 € + 0.22 €/kWh
2026-10-09T15:48:26Z,STR-E-J6DA-A,0 € + 0.22 €/kWh
2026-10-09T15:48:26Z,STR-E-J8VF-A,0 € + 0.22 €/kWh
2026-10-09T15:48:26Z,STR-E-JG90-A,0.14 €/kWh + 0.3 €
2026-10-09T15:48:26Z,STR-E-JG90-B,0.14 €/kWh + 0.3 €
2026-10-09T15:48:26Z,STR-E-JMOR-A,0 € + 0.22 €/kWh
2026-10-09T15:48:26Z,STR-E-K217-A,0 € + 0.22 €/kWh
2026-10-09T15:48:26Z,STR-E-K73C-A,0.23 €/kWh + 0.23 €
2026-10-09T15:48:26Z,STR-E-K73C-B,0.23 €/kWh + 0.23 €
2026-10-09T15:48:26Z,STR-E-KOHN-A,0 € + 0.22 €/kWh
2026-10-09T15:48:26Z,STR-E-KT5B-A,0 € + 0.22 €/kWh
2026-10-09T15:48:26Z,STR-E-KUKS-A,0.08 € + 0.17 €/kWh
2026-10-09T15:48:26Z,STR-E-KUKS-B,0.08 € + 0.17 €/kWh
2026-10-09T15:48:26Z,STR-E-LREY-A,0.36 €/kWh
2026-10-09T15:48:26Z,STR-E-MIP3-A,0.22 €/kWh
2026-10-09T15:48:26Z,STR-E-MIP3-B,0.22 €/kWh
2026-10-09T15:48:26Z,STR-E-NCKT-A,0.08 € + 0.17 €/kWh
2026-10-09T15:48:26Z,STR-E-NCKT-B,0.08 € + 0.17 €/kWh
2026-10-09T15:48:26Z,STR-E-NDU2-A,0 € + 0.22 €/kWh
2026-10-09T15:48:26Z,STR-E-NDZ4-A,0 € + 0.22 €/kWh
2026-10-09T15:48:26Z,STR-E-NFV5-A,0 € + 0.22 €/kWh
2026-10-09T15:48:26Z,STR-E-NSGB-A,0 € + 0.22 €/kWh
2026-10-09T15:48:26Z,STR-E-NY0Q-A,0.15 € + 0.23 €/kWh
2026-10-09T15:48:26Z,STR-E-O5JX-A,0 € + 0.22 €/kWh
2026-10-09T15:48:26Z,STR-E-O5YW-A,0.08 € + 0.17 €/kWh
2026-10-09T15:48:26Z,STR-E-O5YW-B,0.08 € + 0.17 €/kWh
2026-10-09T15:48:26Z,STR-E-ODBK-A,0.32 €/kWh
2026-10-09T15:48:26Z,STR-E-ODBK-B,0.32 €/kWh
2026-10-09T15:48:26Z,STR-E-OFWF-A,0 € + 0.22 €/kWh
2026-10-09T15:48:26Z,STR-E-OHH6-A,0 € + 0.22 €/kWh
2026-10-09T15:48:26Z,STR-E-OJ3E-A,0.23 €/kWh + 0.23 €
2026-10-09T15:48:26Z,STR-E-OJ3E-B,0.23 €/kWh + 0.23 €
2026-10-09T15:48:26Z,STR-E-P46N-A,0 € + 0.22 €/kWh
2026-10-09T15:48:26Z,STR-E-P7AF-A,0.08 € + 0.17 €/kWh
2026-10-09T15:48:26Z,STR-E-P7AF-B,0.08 € + 0.17 €/kWh
2026-10-09T15:48:26Z,STR-E-PJCQ-A,0.08 € + 0.17 €/kWh
2026-10-09T15:48:26Z,STR-E-PJCQ-B,0.08 € + 0.17 €/kWh
2026-10-09T15:48:26Z,STR-E-PM3P-A,0.23 €/kWh + 0.23 €
2026-10-09T15:48:26Z,STR-E-PM3P-B,0.23 €/kWh + 0.23 €
2026-10-09T15:48:26Z,STR-E-Q5YF-A,0.23 €/kWh + 0.23 €
2026-10-09T15:48:26Z,STR-E-Q5YF-B,0.23 €/kWh + 0.23 €
2026-10-09T15:48:26Z,STR-E-Q7LB-A,0.23 €/kWh + 0.23 €
2026-10-09T15:48:26Z,STR-E-Q7LB-B,0.23 €/kWh + 0.23 €
2026-10-09T15:48:26Z,STR-E-QAXH-A,0.15 € + 0.23 €/kWh
2026-10-09T15:48:26Z,STR-E-QE1X-A,0.08 € + 0.17 €/kWh
2026-10-09T15:48:26Z,STR-E-QE1X-B,0.08 € + 0.17 €/kWh
2026-10-09T15:48:26Z,STR-E-QLC9-A,0.22 €/kWh
2026-10-09T15:48:26Z,STR-E-QLC9-B,0.22 €/kWh
2026-10-09T15:48:26Z,STR-E-R1MT-A,0.23 €/kWh + 0.23 €
2026-10-09T15:48:26Z,STR-E-R1MT-B,0.23 €/kWh + 0.23 €
2026-10-09T15:48:26Z,STR-E-R1PI-A,0.23 €/kWh + 0.23 €
2026-10-09T15:48:26Z,STR-E-R1PI-B,0.23 €/kWh + 0.23 €
2026-10-09T15:48:26Z,STR-E-R2LK-A,0.23 €/kWh + 0.23 €
2026-10-09T15:48:26Z,STR-E-R2LK-B,0.23 €/kWh + 0.23 €
2026-10-09T15:48:26Z,STR-E-R8PQ-A,0 € + 0.22 €/kWh
2026-10-09T15:48:26Z,STR-E-S6VR-A,0 € + 0.22 €/kWh
2026-10-09T15:48:26Z,STR-E-S7YR-A,0.23 €/kWh + 0.23 €
2026-10-09T15:48:26Z,STR-E-S7YR-B,0.23 €/kWh + 0.23 €
2026-10-09T15:48:26Z,STR-E-SGC2-A,0 € + 0.22 €/kWh
2026-10-09T15:48:26Z,STR-E-SQX8-A,0.08 € + 0.17 €/kWh
2026-10-09T15:48:26Z,STR-E-SQX8-B,0.08 € + 0.17 €/kWh
2026-10-09T15:48:26Z,STR-E-SVR3-A,0.23 €/kWh + 0.23 €
2026-10-09T15:48:26Z,STR-E-SVR3-B,0.23 €/kWh + 0.23 €
2026-10-09T15:48:26Z,STR-E-TX67-A,0.25 €/kWh
2026-10-09T15:48:26Z,STR-E-TX67-B,0.25 €/kWh
2026-10-09T15:48:26Z,STR-E-U41O-A,0 € + 0.22 €/kWh
2026-10-09T15:48:26Z,STR-E-UKPS-A,0.15 € + 0.23 €/kWh
2026-10-09T15:48:26Z,STR-E-UPAQ-A,0.22 €/kWh
2026-10-09T15:48:26Z,STR-E-UPAQ-B,0.22 €/kWh
2026-10-09T15:48:26Z,STR-E-UPOS-A,0.08 € + 0.17 €/kWh
2026-10-09T15:48:26Z,STR-E-UPOS-B,0.08 € + 0.17 €/kWh
2026-10-09T15:48:26Z,STR-E-VJBJ-A,0 € + 0.22 €/kWh
2026-10-09T15:48:26Z,STR-E-VQ06-A,0 € + 0.22 €/kWh
2026-10-09T15:48:26Z,STR-E-VSDJ-A,0.25 €/kWh
2026-10-09T15:48:26Z,STR-E-VSDJ-B,0.25 €/kWh
2026-10-09T15:48:26Z,STR-E-VX2O-A,0 € + 0.22 €/kWh
2026-10-09T15:48:26Z,STR-E-WEE3-A,0.23 €/kWh + 0.23 €
2026-10-09T15:48:26Z,STR-E-WEE3-B,0.23 €/kWh + 0.23 €
2026-10-09T15:48:26Z,STR-E-WHZ1-A,0 € + 0.22 €/kWh
2026-10-09T15:48:26Z,STR-E-WLGM-A,0 € + 0.22 €/kWh
2026-10-09T15:48:26Z,STR-E-WTQ5-A,0.23 €/kWh
2026-10-09T15:48:26Z,STR-E-WYFE-A,0.23 €/kWh
2026-10-09T15:48:26Z,STR-E-WYFE-B,0.23 €/kWh
2026-10-09T15:48:26Z,STR-E-WYYC-A,0.23 €/kWh + 0.23 €
2026-10-09T15:48:26Z,STR-E-WYYC-B,0.23 €/kWh + 0.23 €
2026-10-09T15:48:26Z,STR-E-X54O-A,0 € + 0.22 €/kWh
2026-10-09T15:48:26Z,STR-E-XCMJ-A,0.08 € + 0.17 €/kWh
2026-10-09T15:48:26Z,STR-E-XCMJ-B,0.08 € + 0.17 €/kWh
2026-10-09T15:48:26Z,STR-E-XG69-A,0.08 € + 0.17 €/kWh
2026-10-09T15:48:26Z,STR-E-XG69-B,0.08 € + 0.17 €/kWh
2026-10-09T15:48:26Z,STR-E-XH51-A,0 € + 0.22 €/kWh
2026-10-09T15:48:26Z,STR-E-XKW2-A,0.23 €/kWh + 0.23 €
2026-10-09T15:48:26Z,STR-E-XKW2-B,0.23 €/kWh + 0.23 €
2026-10-09T15:48:26Z,STR-E-XRV8-A,0 € + 0.22 €/kWh
2026-10-09T15:48:26Z,STR-E-Y7JK-A,0 € + 0.22 €/kWh
2026-10-09T15:48:26Z,STR-E-Y82E-A,0 € + 0.22 €/kWh
2026-10-09T15:48:26Z,STR-E-Z2PJ-A,0.08 € + 0.17 €/kWh
2026-10-09T15:48:26Z,STR-E-Z2PJ-B,0.08 € + 0.17 €/kWh
2026-10-09T15:48:26Z,STR-E-ZEP7-A,0 € + 0.22 €/kWh
2026-10-09T15:48:26Z,STR-E-ZIAZ-A,0 € + 0.22 €/kWh
2026-10-09T15:48:26Z,STR-E-ZK9W-A,0 € + 0.22 €/kWh
2026-10-09T15:48:26Z,STR-E-ZS00-A,0.23 €/kWh + 0.23 €
2026-10-09T15:48:26Z,STR-E-ZS00-B,0.23 €/kWh + 0.23 €
2026-10-09T15:48:26Z,STR-E-ZWU5-A,0.08 € + 0.17 €/kWh
2026-10-09T15:48:26Z,STR-E-ZWU5-B,0.08 € + 0.17 €/kWh
2026-10-09T16:02:24Z,IKR-E-1220-A,0.3 € + 0.38 €/kWh
2026-10-09T16:02:24Z,IKR-E-1871-A,0.3 € + 0.38 €/kWh
2026-10-09T16:02:24Z,IKR-E-2G8J-A,0.3 € + 0.38 €/kWh
2026-10-09T16:02:24Z,IKR-E-3TSR-A,0.3 € + 0.38 €/kWh
2026-10-09T16:02:24Z,IKR-E-5715-A,0.3 € + 0.38 €/kWh
2026-10-09T16:02:24Z,IKR-E-5730-A,0.3 € + 0.44 €/kWh
2026-10-09T16:02:24Z,IKR-E-5CGU-A,0.3 € + 0.38 €/kWh
2026-10-09T16:02:24Z,IKR-E-7718-A,0.3 € + 0.44 €/kWh
2026-10-09T16:02:24Z,IKR-E-DVCM-A,0.3 € + 0.38 €/kWh
2026-10-09T16:02:24Z,IKR-E-E228-A,0.3 € + 0.38 €/kWh
2026-10-09T16:02:24Z,IKR-E-E475-A,0.3 € + 0.4 €/kWh
2026-10-09T16:02:24Z,IKR-E-E544-A,0.3 € + 0.4 €/kWh
2026-10-09T16:02:24Z,IKR-E-EKZA-A,0.3 € + 0.38 €/kWh
2026-10-09T16:02:24Z,IKR-E-GAY9-A,0.3 € + 0.38 €/kWh
2026-10-09T16:02:24Z,IKR-E-IZW2-A,0.3 € + 0.38 €/kWh
2026-10-09T16:02:24Z,IKR-E-J1JV-A,0.3 € + 0.38 €/kWh
2026-10-09T16:02:24Z,IKR-E-JJAJ-A,0.3 € + 0.38 €/kWh
2026-10-09T16:02:24Z,IKR-E-KMBH-A,0.3 € + 0.38 €/kWh
2026-10-09T16:02:24Z,IKR-E-LJZI-A,0.3 € + 0.38 €/kWh
2026-10-09T16:02:24Z,IKR-E-MAU9-A,0.29 € + 0.29 €/kWh
2026-10-09T16:02:24Z,IKR-E-OWF5-A,0.3 € + 0.41 €/kWh
2026-10-09T16:02:24Z,IKR-E-W6HQ-A,0.29 € + 0.29 €/kWh
2026-10-09T16:02:24Z,IKR-E-XIH2-A,0.3 € + 0.38 €/kWh
2026-10-09T16:02:24Z,IKR-E-Y2Z8-A,0.3 € + 0.33 €/kWh
2026-10-09T16:02:24Z,IKR-P-IV7E-B,0.3 € + 0.38 €/kWh
2026-10-09T16:02:24Z,IKR-P-SCM5-A,0.3 € + 0.41 €/kWh
2026-10-09T16:02:24Z,IKR-P-V9X4-A,0.3 € + 0.41 €/kWh
2026-10-09T16:02:24Z,IKR-P-V9X4-B,0.3 € + 0.41 €/kWh
2026-10-09T16:16:25Z,IKR-E-E475-A,0.3 € + 0.39 €/kWh
2026-10-09T16:16:25Z,IKR-E-E544-A,0.3 € + 0.39 €/kWh
2026-10-09T16:16:25Z,STR-E-027B-A,0.23 € + 0.23 €/kWh
2026-10-09T16:16:25Z,STR-E-027B-B,0.23 € + 0.23 €/kWh
2026-10-09T16:16:25Z,STR-E-02VO-A,0.26 €/kWh
2026-10-09T16:16:25Z,STR-E-02VO-B,0.26 €/kWh
2026-10-09T16:16:25Z,STR-E-051F-A,0.08 € + 0.18 €/kWh
2026-10-09T16:16:25Z,STR-E-0698-A,0.13 €/kWh
2026-10-09T16:16:25Z,STR-E-0GEL-A,0.13 €/kWh
2026-10-09T16:16:25Z,STR-E-10G9-A,0.08 € + 0.18 €/kWh
2026-10-09T16:16:25Z,STR-E-10G9-B,0.08 € + 0.18 €/kWh
2026-10-09T16:16:25Z,STR-E-1162-A,0.13 €/kWh
2026-10-09T16:16:25Z,STR-E-11DT-A,0.13 €/kWh
2026-10-09T16:16:25Z,STR-E-1887-A,0.13 €/kWh
2026-10-09T16:16:25Z,STR-E-1927-A,0.13 €/kWh
2026-10-09T16:16:25Z,STR-E-1ME5-A,0.08 € + 0.18 €/kWh
2026-10-09T16:16:25Z,STR-E-1ME5-B,0.08 € + 0.18 €/kWh
2026-10-09T16:16:25Z,STR-E-1MHB-A,0.37 €/kWh
2026-10-09T16:16:25Z,STR-E-1MJQ-A,0.13 €/kWh
2026-10-09T16:16:25Z,STR-E-2D12-A,0.13 €/kWh
2026-10-09T16:16:25Z,STR-E-2ED4-A,0.13 €/kWh
2026-10-09T16:16:25Z,STR-E-320G-A,0.13 €/kWh
2026-10-09T16:16:25Z,STR-E-3FMF-A,0.23 € + 0.23 €/kWh
2026-10-09T16:16:25Z,STR-E-3FMF-B,0.23 € + 0.23 €/kWh
2026-10-09T16:16:25Z,STR-E-3PZS-A,0.13 €/kWh
2026-10-09T16:16:25Z,STR-E-3TZI-A,0.13 €/kWh
2026-10-09T16:16:25Z,STR-E-3YH3-A,0.08 € + 0.18 €/kWh
2026-10-09T16:16:25Z,STR-E-3YH3-B,0.08 € + 0.18 €/kWh
2026-10-09T16:16:25Z,STR-E-4156-A,0.29 €/kWh
2026-10-09T16:16:25Z,STR-E-4156-B,0.29 €/kWh
2026-10-09T16:16:25Z,STR-E-491A-A,0.23 €/kWh
2026-10-09T16:16:25Z,STR-E-491A-B,0.23 €/kWh
2026-10-09T16:16:25Z,STR-E-491A-C,0.23 €/kWh
2026-10-09T16:16:25Z,STR-E-4DE6-A,0.23 €/kWh
2026-10-09T16:16:25Z,STR-E-4DE6-B,0.23 €/kWh
2026-10-09T16:16:25Z,STR-E-4KWM-A,0.33 €/kWh
2026-10-09T16:16:25Z,STR-E-4KWM-B,0.33 €/kWh
2026-10-09T16:16:25Z,STR-E-4LRS-A,0.13 €/kWh
2026-10-09T16:16:25Z,STR-E-4UGU-A,0.13 €/kWh
2026-10-09T16:16:25Z,STR-E-54PK-A,0.08 € + 0.18 €/kWh
2026-10-09T16:16:25Z,STR-E-54PK-B,0.08 € + 0.18 €/kWh
2026-10-09T16:16:25Z,STR-E-59TF-A,0.08 € + 0.18 €/kWh
2026-10-09T16:16:25Z,STR-E-5DWB-A,0.13 €/kWh
2026-10-09T16:16:25Z,STR-E-5TI5-A,0.13 €/kWh
2026-10-09T16:16:25Z,STR-E-69PN-A,0.13 €/kWh
2026-10-09T16:16:25Z,STR-E-6CNG-A,0.13 €/kWh
2026-10-09T16:16:25Z,STR-E-6SQH-A,0.13 €/kWh
2026-10-09T16:16:25Z,STR-E-7A48-A,0.08 € + 0.18 €/kWh
2026-10-09T16:16:25Z,STR-E-7Z8G-A,0.33 €/kWh
2026-10-09T16:16:25Z,STR-E-7Z8G-B,0.33 €/kWh
2026-10-09T16:16:25Z,STR-E-86C0-A,0.13 €/kWh
2026-10-09T16:16:25Z,STR-E-88SA-A,0.13 €/kWh
2026-10-09T16:16:25Z,STR-E-8M2O-A,0.13 €/kWh
2026-10-09T16:16:25Z,STR-E-8XL5-A,0.13 €/kWh
2026-10-09T16:16:25Z,STR-E-8Y23-A,0.13 €/kWh
2026-10-09T16:16:25Z,STR-E-92KW-A,0.23 € + 0.23 €/kWh
2026-10-09T16:16:25Z,STR-E-9I2R-A,0.13 €/kWh
2026-10-09T16:16:25Z,STR-E-9TUZ-A,0.13 €/kWh
2026-10-09T16:16:25Z,STR-E-9WY2-A,0.13 €/kWh
2026-10-09T16:16:25Z,STR-E-A27N-A,0.26 €/kWh
2026-10-09T16:16:25Z,STR-E-A27N-B,0.26 €/kWh
2026-10-09T16:16:25Z,STR-E-A27N-C,0.26 €/kWh
2026-10-09T16:16:25Z,STR-E-A442-A,0.13 €/kWh
2026-10-09T16:16:25Z,STR-E-AABG-A,0.13 €/kWh
2026-10-09T16:16:25Z,STR-E-ACMT-A,0.13 €/kWh
2026-10-09T16:16:25Z,STR-E-AF2O-A,0.08 € + 0.18 €/kWh
2026-10-09T16:16:25Z,STR-E-ANJ0-A,0.23 € + 0.23 €/kWh
2026-10-09T16:16:25Z,STR-E-ANJ0-B,0.23 € + 0.23 €/kWh
2026-10-09T16:16:25Z,STR-E-AP96-A,0.23 € + 0.23 €/kWh
2026-10-09T16:16:25Z,STR-E-AP96-B,0.23 € + 0.23 €/kWh
2026-10-09T16:16:25Z,STR-E-AWF1-A,0.08 € + 0.18 €/kWh
2026-10-09T16:16:25Z,STR-E-AWF1-B,0.08 € + 0.18 €/kWh
2026-10-09T16:16:25Z,STR-E-AWJ9-A,0.26 €/kWh
2026-10-09T16:16:25Z,STR-E-AWJ9-B,0.26 €/kWh
2026-10-09T16:16:25Z,STR-E-B36V-A,0.19 € + 0.3 €/kWh
2026-10-09T16:16:25Z,STR-E-B36V-B,0.19 € + 0.3 €/kWh
2026-10-09T16:16:25Z,STR-E-BIKW-A,0.23 € + 0.23 €/kWh
2026-10-09T16:16:25Z,STR-E-BIKW-B,0.23 € + 0.23 €/kWh
2026-10-09T16:16:25Z,STR-E-BXA5-A,0.13 €/kWh
2026-10-09T16:16:25Z,STR-E-C91L-A,0.13 €/kWh
2026-10-09T16:16:25Z,STR-E-D3MB-A,0.23 € + 0.23 €/kWh
2026-10-09T16:16:25Z,STR-E-D3MB-B,0.23 € + 0.23 €/kWh
2026-10-09T16:16:25Z,STR-E-DBCC-A,0.08 € + 0.18 €/kWh
2026-10-09T16:16:25Z,STR-E-DBCC-B,0.08 € + 0.18 €/kWh
2026-10-09T16:16:25Z,STR-E-E7HH-A,0.13 €/kWh
2026-10-09T16:16:25Z,STR-E-ELFQ-A,0.23 € + 0.23 €/kWh
2026-10-09T16:16:25Z,STR-E-ELFQ-B,0.23 € + 0.23 €/kWh
2026-10-09T16:16:25Z,STR-E-EU1U-A,0.13 €/kWh
2026-10-09T16:16:25Z,STR-E-F2G0-A,0.08 € + 0.18 €/kWh
2026-10-09T16:16:25Z,STR-E-F2G0-B,0.08 € + 0.18 €/kWh
2026-10-09T16:16:25Z,STR-E-F4B3-A,0.13 €/kWh
2026-10-09T16:16:25Z,STR-E-F5LZ-A,0.13 €/kWh
2026-10-09T16:16:25Z,STR-E-F79A-A,0.23 € + 0.23 €/kWh
2026-10-09T16:16:25Z,STR-E-F79A-B,0.23 € + 0.23 €/kWh
2026-10-09T16:16:25Z,STR-E-FGMF-A,0.13 €/kWh
2026-10-09T16:16:25Z,STR-E-FK06-A,0.13 €/kWh
2026-10-09T16:16:25Z,STR-E-FUE8-A,0.08 € + 0.18 €/kWh
2026-10-09T16:16:25Z,STR-E-FUE8-B,0.08 € + 0.18 €/kWh
2026-10-09T16:16:25Z,STR-E-G4VM-A,0.13 €/kWh
2026-10-09T16:16:25Z,STR-E-G518-A,0.13 €/kWh
2026-10-09T16:16:25Z,STR-E-GB9A-A,0.13 €/kWh
2026-10-09T16:16:25Z,STR-E-GE77-A,0.33 €/kWh
2026-10-09T16:16:25Z,STR-E-GE77-B,0.33 €/kWh
2026-10-09T16:16:25Z,STR-E-GGV8-A,0.13 €/kWh
2026-10-09T16:16:25Z,STR-E-GHJA-A,0.13 €/kWh
2026-10-09T16:16:25Z,STR-E-GR5K-A,0.13 €/kWh
2026-10-09T16:16:25Z,STR-E-H6Q5-A,0.13 €/kWh
2026-10-09T16:16:25Z,STR-E-I4UZ-A,0.13 €/kWh
2026-10-09T16:16:25Z,STR-E-I5FH-A,0.13 €/kWh
2026-10-09T16:16:25Z,STR-E-I8C6-A,0.13 €/kWh
2026-10-09T16:16:25Z,STR-E-IA3X-A,0.13 €/kWh
2026-10-09T16:16:25Z,STR-E-IGH5-A,0.23 € + 0.23 €/kWh
2026-10-09T16:16:25Z,STR-E-IGH5-B,0.23 € + 0.23 €/kWh
2026-10-09T16:16:25Z,STR-E-IIKL-A,0.08 € + 0.18 €/kWh
2026-10-09T16:16:25Z,STR-E-IIKL-B,0.08 € + 0.18 €/kWh
2026-10-09T16:16:25Z,STR-E-JVO0-A,0.13 €/kWh
2026-10-09T16:16:25Z,STR-E-K73C-A,0.23 € + 0.23 €/kWh
2026-10-09T16:16:25Z,STR-E-K73C-B,0.23 € + 0.23 €/kWh
2026-10-09T16:16:25Z,STR-E-KBZL-A,0.13 €/kWh
2026-10-09T16:16:25Z,STR-E-KUKS-A,0.08 € + 0.18 €/kWh
2026-10-09T16:16:25Z,STR-E-KUKS-B,0.08 € + 0.18 €/kWh
2026-10-09T16:16:25Z,STR-E-L84D-A,0.13 €/kWh
2026-10-09T16:16:25Z,STR-E-LISV-A,0.13 €/kWh
2026-10-09T16:16:25Z,STR-E-LKFQ-A,0.13 €/kWh
2026-10-09T16:16:25Z,STR-E-LREY-A,0.37 €/kWh
2026-10-09T16:16:25Z,STR-E-M1IB-A,0.13 €/kWh
2026-10-09T16:16:25Z,STR-E-M8WL-A,0.13 €/kWh
2026-10-09T16:16:25Z,STR-E-M9W7-A,0.13 €/kWh
2026-10-09T16:16:25Z,STR-E-MIP3-A,0.23 €/kWh
2026-10-09T16:16:25Z,STR-E-MIP3-B,0.23 €/kWh
2026-10-09T16:16:25Z,STR-E-MSEN-A,0.13 €/kWh
2026-10-09T16:16:25Z,STR-E-MSUL-A,0.13 €/kWh
2026-10-09T16:16:25Z,STR-E-N6P5-A,0.13 €/kWh
2026-10-09T16:16:25Z,STR-E-NCKT-A,0.08 € + 0.18 €/kWh
2026-10-09T16:16:25Z,STR-E-NCKT-B,0.08 € + 0.18 €/kWh
2026-10-09T16:16:25Z,STR-E-NNGC-A,0.13 €/kWh
2026-10-09T16:16:25Z,STR-E-NY0Q-A,0.15 € + 0.24 €/kWh
2026-10-09T16:16:25Z,STR-E-O0VK-A,0.13 €/kWh
2026-10-09T16:16:25Z,STR-E-O5YW-A,0.08 € + 0.18 €/kWh
2026-10-09T16:16:25Z,STR-E-O5YW-B,0.08 € + 0.18 €/kWh
2026-10-09T16:16:25Z,STR-E-ODBK-A,0.33 €/kWh
2026-10-09T16:16:25Z,STR-E-ODBK-B,0.33 €/kWh
2026-10-09T16:16:25Z,STR-E-OG1X-A,0.13 €/kWh
2026-10-09T16:16:25Z,STR-E-OJ3E-A,0.23 € + 0.23 €/kWh
2026-10-09T16:16:25Z,STR-E-OJ3E-B,0.23 € + 0.23 €/kWh
2026-10-09T16:16:25Z,STR-E-OQKZ-A,0.13 €/kWh
2026-10-09T16:16:25Z,STR-E-P7AF-A,0.08 € + 0.18 €/kWh
2026-10-09T16:16:25Z,STR-E-P7AF-B,0.08 € + 0.18 €/kWh
2026-10-09T16:16:25Z,STR-E-PC04-A,0.13 €/kWh
2026-10-09T16:16:25Z,STR-E-PDR2-A,0.13 €/kWh
2026-10-09T16:16:25Z,STR-E-PJCQ-A,0.08 € + 0.18 €/kWh
2026-10-09T16:16:25Z,STR-E-PJCQ-B,0.08 € + 0.18 €/kWh
2026-10-09T16:16:25Z,STR-E-PM3P-A,0.23 € + 0.23 €/kWh
2026-10-09T16:16:25Z,STR-E-PM3P-B,0.23 € + 0.23 €/kWh
2026-10-09T16:16:25Z,STR-E-PRUQ-A,0.13 €/kWh
2026-10-09T16:16:25Z,STR-E-PSU9-A,0.13 €/kWh
2026-10-09T16:16:25Z,STR-E-PZ9U-A,0.13 €/kWh
2026-10-09T16:16:25Z,STR-E-PZES-A,0.13 €/kWh
2026-10-09T16:16:25Z,STR-E-Q5YF-A,0.23 € + 0.23 €/kWh
2026-10-09T16:16:25Z,STR-E-Q5YF-B,0.23 € + 0.23 €/kWh
2026-10-09T16:16:25Z,STR-E-Q7LB-A,0.23 € + 0.23 €/kWh
2026-10-09T16:16:25Z,STR-E-Q7LB-B,0.23 € + 0.23 €/kWh
2026-10-09T16:16:25Z,STR-E-QAXH-A,0.15 € + 0.24 €/kWh
2026-10-09T16:16:25Z,STR-E-QE1X-A,0.08 € + 0.18 €/kWh
2026-10-09T16:16:25Z,STR-E-QE1X-B,0.08 € + 0.18 €/kWh
2026-10-09T16:16:25Z,STR-E-QEDL-A,0.13 €/kWh
2026-10-09T16:16:25Z,STR-E-QIQM-A,0.13 €/kWh
2026-10-09T16:16:25Z,STR-E-QLC9-A,0.23 €/kWh
2026-10-09T16:16:25Z,STR-E-QLC9-B,0.23 €/kWh
2026-10-09T16:16:25Z,STR-E-R0J8-A,0.13 €/kWh
2026-10-09T16:16:25Z,STR-E-R1MT-A,0.23 € + 0.23 €/kWh
2026-10-09T16:16:25Z,STR-E-R1MT-B,0.23 € + 0.23 €/kWh
2026-10-09T16:16:25Z,STR-E-R1PI-A,0.23 € + 0.23 €/kWh
2026-10-09T16:16:25Z,STR-E-R1PI-B,0.23 € + 0.23 €/kWh
2026-10-09T16:16:25Z,STR-E-R2LK-A,0.23 € + 0.23 €/kWh
2026-10-09T16:16:25Z,STR-E-R2LK-B,0.23 € + 0.23 €/kWh
2026-10-09T16:16:25Z,STR-E-R9GA-A,0.13 €/kWh
2026-10-09T16:16:25Z,STR-E-RJH9-A,0.13 €/kWh
2026-10-09T16:16:25Z,STR-E-RKWJ-A,0.13 €/kWh
2026-10-09T16:16:25Z,STR-E-S42D-A,0.13 €/kWh
2026-10-09T16:16:25Z,STR-E-S7YR-A,0.23 € + 0.23 €/kWh
2026-10-09T16:16:25Z,STR-E-S7YR-B,0.23 € + 0.23 €/kWh
2026-10-09T16:16:25Z,STR-E-SJKA-A,0.13 €/kWh
2026-10-09T16:16:25Z,STR-E-SQX8-A,0.08 € + 0.18 €/kWh
2026-10-09T16:16:25Z,STR-E-SQX8-B,0.08 € + 0.18 €/kWh
2026-10-09T16:16:25Z,STR-E-SVR3-A,0.23 € + 0.23 €/kWh
2026-10-09T16:16:25Z,STR-E-SVR3-B,0.23 € + 0.23 €/kWh
2026-10-09T16:16:25Z,STR-E-SY9Y-A,0.13 €/kWh
2026-10-09T16:16:25Z,STR-E-TO2O-A,0.13 €/kWh
2026-10-09T16:16:25Z,STR-E-TX67-A,0.26 €/kWh
2026-10-09T16:16:25Z,STR-E-TX67-B,0.26 €/kWh
2026-10-09T16:16:25Z,STR-E-U5TP-A,0.13 €/kWh
2026-10-09T16:16:25Z,STR-E-UKPS-A,0.15 € + 0.24 €/kWh
2026-10-09T16:16:25Z,STR-E-UPAQ-A,0.23 €/kWh
2026-10-09T16:16:25Z,STR-E-UPAQ-B,0.23 €/kWh
2026-10-09T16:16:25Z,STR-E-UPOS-A,0.08 € + 0.18 €/kWh
2026-10-09T16:16:25Z,STR-E-UPOS-B,0.08 € + 0.18 €/kWh
2026-10-09T16:16:25Z,STR-E-UY5H-A,0.13 €/kWh
2026-10-09T16:16:25Z,STR-E-V17G-A,0.13 €/kWh
2026-10-09T16:16:25Z,STR-E-V31J-A,0.13 €/kWh
2026-10-09T16:16:25Z,STR-E-V50T-A,0.13 €/kWh
2026-10-09T16:16:25Z,STR-E-V9SD-A,0.13 €/kWh
2026-10-09T16:16:25Z,STR-E-V9ZR-A,0.13 €/kWh
2026-10-09T16:16:25Z,STR-E-VBMP-A,0.13 €/kWh
2026-10-09T16:16:25Z,STR-E-VPDB-A,0.13 €/kWh
2026-10-09T16:16:25Z,STR-E-VSDJ-A,0.26 €/kWh
2026-10-09T16:16:25Z,STR-E-VSDJ-B,0.26 €/kWh
2026-10-09T16:16:25Z,STR-E-VT0G-A,0.13 €/kWh
2026-10-09T16:16:25Z,STR-E-VXGH-A,0.13 €/kWh
2026-10-09T16:16:25Z,STR-E-W1X4-A,0.13 €/kWh
2026-10-09T16:16:25Z,STR-E-WEE3-A,0.23 € + 0.23 €/kWh
2026-10-09T16:16:25Z,STR-E-WEE3-B,0.23 € + 0.23 €/kWh
2026-10-09T16:16:25Z,STR-E-WXV8-A,0.13 €/kWh
2026-10-09T16:16:25Z,STR-E-WYYC-A,0.23 € + 0.23 €/kWh
2026-10-09T16:16:25Z,STR-E-WYYC-B,0.23 € + 0.23 €/kWh
2026-10-09T16:16:25Z,STR-E-WZW9-A,0.13 €/kWh
2026-10-09T16:16:25Z,STR-E-X525-A,0.13 €/kWh
2026-10-09T16:16:25Z,STR-E-XCMJ-A,0.08 € + 0.18 €/kWh
2026-10-09T16:16:25Z,STR-E-XCMJ-B,0.08 € + 0.18 €/kWh
2026-10-09T16:16:25Z,STR-E-XFON-A,0.13 €/kWh
2026-10-09T16:16:25Z,STR-E-XG69-A,0.08 € + 0.18 €/kWh
2026-10-09T16:16:25Z,STR-E-XG69-B,0.08 € + 0.18 €/kWh
2026-10-09T16:16:25Z,STR-E-XKW2-A,0.23 € + 0.23 €/kWh
2026-10-09T16:16:25Z,STR-E-XKW2-B,0.23 € + 0.23 €/kWh
2026-10-09T16:16:25Z,STR-E-YC50-A,0.13 €/kWh
2026-10-09T16:16:25Z,STR-E-Z2PJ-A,0.08 € + 0.18 €/kWh
2026-10-09T16:16:25Z,STR-E-Z2PJ-B,0.08 € + 0.18 €/kWh
2026-10-09T16:16:25Z,STR-E-ZA6O-A,0.13 €/kWh
2026-10-09T16:16:25Z,STR-E-ZS00-A,0.23 € + 0.23 €/kWh
2026-10-09T16:16:25Z,STR-E-ZS00-B,0.23 € + 0.23 €/kWh
2026-10-09T16:16:25Z,STR-E-ZWU5-A,0.08 € + 0.18 €/kWh
2026-10-09T16:16:25Z,STR-E-ZWU5-B,0.08 € + 0.18 €/kWh
2026-10-09T16:30:58Z,IKR-E-E475-A,0.3 € + 0.4 €/kWh
2026-10-09T16:30:58Z,IKR-E-E544-A,0.3 € + 0.4 €/kWh
2026-10-09T16:30:58Z,STR-E-027B-A,0.23 € + 0.24 €/kWh
2026-10-09T16:30:58Z,STR-E-027B-B,0.23 € + 0.24 €/kWh
2026-10-09T16:30:58Z,STR-E-21O1-A,0.24 €/kWh
2026-10-09T16:30:58Z,STR-E-21O1-B,0.24 €/kWh
2026-10-09T16:30:58Z,STR-E-3468-A,0.24 €/kWh
2026-10-09T16:30:58Z,STR-E-3468-B,0.24 €/kWh
2026-10-09T16:30:58Z,STR-E-3ENA-A,0.24 €/kWh
2026-10-09T16:30:58Z,STR-E-3ENA-B,0.24 €/kWh
2026-10-09T16:30:58Z,STR-E-3ENA-C,0.24 €/kWh
2026-10-09T16:30:58Z,STR-E-3FMF-A,0.23 € + 0.24 €/kWh
2026-10-09T16:30:58Z,STR-E-3FMF-B,0.23 € + 0.24 €/kWh
2026-10-09T16:30:58Z,STR-E-3SXI-A,0.24 €/kWh
2026-10-09T16:30:58Z,STR-E-3SXI-B,0.24 €/kWh
2026-10-09T16:30:58Z,STR-E-6UZQ-A,0.24 €/kWh
2026-10-09T16:30:58Z,STR-E-6UZQ-B,0.24 €/kWh
2026-10-09T16:30:58Z,STR-E-92KW-A,0.23 € + 0.24 €/kWh
2026-10-09T16:30:58Z,STR-E-ANJ0-A,0.23 € + 0.24 €/kWh
2026-10-09T16:30:58Z,STR-E-ANJ0-B,0.23 € + 0.24 €/kWh
2026-10-09T16:30:58Z,STR-E-AP96-A,0.23 € + 0.24 €/kWh
2026-10-09T16:30:58Z,STR-E-AP96-B,0.23 € + 0.24 €/kWh
2026-10-09T16:30:58Z,STR-E-BIKW-A,0.23 € + 0.24 €/kWh
2026-10-09T16:30:58Z,STR-E-BIKW-B,0.23 € + 0.24 €/kWh
2026-10-09T16:30:58Z,STR-E-D3MB-A,0.23 € + 0.24 €/kWh
2026-10-09T16:30:58Z,STR-E-D3MB-B,0.23 € + 0.24 €/kWh
2026-10-09T16:30:58Z,STR-E-E0DZ-A,0.24 €/kWh
2026-10-09T16:30:58Z,STR-E-E0DZ-B,0.24 €/kWh
2026-10-09T16:30:58Z,STR-E-ELFQ-A,0.23 € + 0.24 €/kWh
2026-10-09T16:30:58Z,STR-E-ELFQ-B,0.23 € + 0.24 €/kWh
2026-10-09T16:30:58Z,STR-E-F79A-A,0.23 € + 0.24 €/kWh
2026-10-09T16:30:58Z,STR-E-F79A-B,0.23 € + 0.24 €/kWh
2026-10-09T16:30:58Z,STR-E-IGH5-A,0.23 € + 0.24 €/kWh
2026-10-09T16:30:58Z,STR-E-IGH5-B,0.23 € + 0.24 €/kWh
2026-10-09T16:30:58Z,STR-E-K73C-A,0.23 € + 0.24 €/kWh
2026-10-09T16:30:58Z,STR-E-K73C-B,0.23 € + 0.24 €/kWh
2026-10-09T16:30:58Z,STR-E-OJ3E-A,0.23 € + 0.24 €/kWh
2026-10-09T16:30:58Z,STR-E-OJ3E-B,0.23 € + 0.24 €/kWh
2026-10-09T16:30:58Z,STR-E-PM3P-A,0.23 € + 0.24 €/kWh
2026-10-09T16:30:58Z,STR-E-PM3P-B,0.23 € + 0.24 €/kWh
2026-10-09T16:30:58Z,STR-E-Q5YF-A,0.23 € + 0.24 €/kWh
2026-10-09T16:30:58Z,STR-E-Q5YF-B,0.23 € + 0.24 €/kWh
2026-10-09T16:30:58Z,STR-E-Q7LB-A,0.23 € + 0.24 €/kWh
2026-10-09T16:30:58Z,STR-E-Q7LB-B,0.23 € + 0.24 €/kWh
2026-10-09T16:30:58Z,STR-E-R1MT-A,0.23 € + 0.24 €/kWh
2026-10-09T16:30:58Z,STR-E-R1MT-B,0.23 € + 0.24 €/kWh
2026-10-09T16:30:58Z,STR-E-R1PI-A,0.23 € + 0.24 €/kWh
2026-10-09T16:30:58Z,STR-E-R1PI-B,0.23 € + 0.24 €/kWh
2026-10-09T16:30:58Z,STR-E-R2LK-A,0.23 € + 0.24 €/kWh
2026-10-09T16:30:58Z,STR-E-R2LK-B,0.23 € + 0.24 €/kWh
2026-10-09T16:30:58Z,STR-E-S7YR-A,0.23 € + 0.24 €/kWh
2026-10-09T16:30:58Z,STR-E-S7YR-B,0.23 € + 0.24 €/kWh
2026-10-09T16:30:58Z,STR-E-SVR3-A,0.23 € + 0.24 €/kWh
2026-10-09T16:30:58Z,STR-E-SVR3-B,0.23 € + 0.24 €/kWh
2026-10-09T16:30:58Z,STR-E-WEE3-A,0.23 € + 0.24 €/kWh
2026-10-09T16:30:58Z,STR-E-WEE3-B,0.23 € + 0.24 €/kWh
2026-10-09T16:30:58Z,STR-E-WTQ5-A,0.24 €/kWh
2026-10-09T16:30:58Z,STR-E-WYFE-A,0.24 €/kWh
2026-10-09T16:30:58Z,STR-E-WYFE-B,0.24 €/kWh
2026-10-09T16:30:58Z,STR-E-WYYC-A,0.23 € + 0.24 €/kWh
2026-10-09T16:30:58Z,STR-E-WYYC-B,0.23 € + 0.24 €/kWh
2026-10-09T16:30:58Z,STR-E-XKW2-A,0.23 € + 0.24 €/kWh
2026-10-09T16:30:58Z,STR-E-XKW2-B,0.23 € + 0.24 €/kWh
2026-10-09T16:30:58Z,STR-E-ZS00-A,0.23 € + 0.24 €/kWh
2026-10-09T16:30:58Z,STR-E-ZS00-B,0.23 € + 0.24 €/kWh
2026-10-09T16:46:23Z,IKR-E-MAU9-A,0.29 € + 0.3 €/kWh
2026-10-09T16:46:23Z,IKR-E-W6HQ-A,0.29 € + 0.3 €/kWh
2026-10-09T16:46:23Z,IKR-E-Y2Z8-A,0.3 € + 0.34 €/kWh
2026-10-09T16:46:23Z,STR-E-027B-A,0.23 € + 0.23 €/kWh
2026-10-09T16:46:23Z,STR-E-027B-B,0.23 € + 0.23 €/kWh
2026-10-09T16:46:23Z,STR-E-21O1-A,0.23 €/kWh
2026-10-09T16:46:23Z,STR-E-21O1-B,0.23 €/kWh
2026-10-09T16:46:23Z,STR-E-3468-A,0.23 €/kWh
2026-10-09T16:46:23Z,STR-E-3468-B,0.23 €/kWh
2026-10-09T16:46:23Z,STR-E-3ENA-A,0.23 €/kWh
2026-10-09T16:46:23Z,STR-E-3ENA-B,0.23 €/kWh
2026-10-09T16:46:23Z,STR-E-3ENA-C,0.23 €/kWh
2026-10-09T16:46:23Z,STR-E-3FMF-A,0.23 € + 0.23 €/kWh
2026-10-09T16:46:23Z,STR-E-3FMF-B,0.23 € + 0.23 €/kWh
2026-10-09T16:46:23Z,STR-E-3SXI-A,0.23 €/kWh
2026-10-09T16:46:23Z,STR-E-3SXI-B,0.23 €/kWh
2026-10-09T16:46:23Z,STR-E-6UZQ-A,0.23 €/kWh
2026-10-09T16:46:23Z,STR-E-6UZQ-B,0.23 €/kWh
2026-10-09T16:46:23Z,STR-E-92KW-A,0.23 € + 0.23 €/kWh
2026-10-09T16:46:23Z,STR-E-ANJ0-A,0.23 € + 0.23 €/kWh
2026-10-09T16:46:23Z,STR-E-ANJ0-B,0.23 € + 0.23 €/kWh
2026-10-09T16:46:23Z,STR-E-AP96-A,0.23 € + 0.23 €/kWh
2026-10-09T16:46:23Z,STR-E-AP96-B,0.23 € + 0.23 €/kWh
2026-10-09T16:46:23Z,STR-E-BIKW-A,0.23 € + 0.23 €/kWh
2026-10-09T16:46:23Z,STR-E-BIKW-B,0.23 € + 0.23 €/kWh
2026-10-09T16:46:23Z,STR-E-D3MB-A,0.23 € + 0.23 €/kWh
2026-10-09T16:46:23Z,STR-E-D3MB-B,0.23 € + 0.23 €/kWh
2026-10-09T16:46:23Z,STR-E-E0DZ-A,0.23 €/kWh
2026-10-09T16:46:23Z,STR-E-E0DZ-B,0.23 €/kWh
2026-10-09T16:46:23Z,STR-E-ELFQ-A,0.23 € + 0.23 €/kWh
2026-10-09T16:46:23Z,STR-E-ELFQ-B,0.23 € + 0.23 €/kWh
2026-10-09T16:46:23Z,STR-E-F79A-A,0.23 € + 0.23 €/kWh
2026-10-09T16:46:23Z,STR-E-F79A-B,0.23 € + 0.23 €/kWh
2026-10-09T16:46:23Z,STR-E-IGH5-A,0.23 € + 0.23 €/kWh
2026-10-09T16:46:23Z,STR-E-IGH5-B,0.23 € + 0.23 €/kWh
2026-10-09T16:46:23Z,STR-E-K73C-A,0.23 € + 0.23 €/kWh
2026-10-09T16:46:23Z,STR-E-K73C-B,0.23 € + 0.23 €/kWh
2026-10-09T16:46:23Z,STR-E-OJ3E-A,0.23 € + 0.23 €/kWh
2026-10-09T16:46:23Z,STR-E-OJ3E-B,0.23 € + 0.23 €/kWh
2026-10-09T16:46:23Z,STR-E-PM3P-A,0.23 € + 0.23 €/kWh
2026-10-09T16:46:23Z,STR-E-PM3P-B,0.23 € + 0.23 €/kWh
2026-10-09T16:46:23Z,STR-E-Q5YF-A,0.23 € + 0.23 €/kWh
2026-10-09T16:46:23Z,STR-E-Q5YF-B,0.23 € + 0.23 €/kWh
2026-10-09T16:46:23Z,STR-E-Q7LB-A,0.23 € + 0.23 €/kWh
2026-10-09T16:46:23Z,STR-E-Q7LB-B,0.23 € + 0.23 €/kWh
2026-10-09T16:46:23Z,STR-E-R1MT-A,0.23 € + 0.23 €/kWh
2026-10-09T16:46:23Z,STR-E-R1MT-B,0.23 € + 0.23 €/kWh
2026-10-09T16:46:23Z,STR-E-R1PI-A,0.23 € + 0.23 €/kWh
2026-10-09T16:46:23Z,STR-E-R1PI-B,0.23 € + 0.23 €/kWh
2026-10-09T16:46:23Z,STR-E-R2LK-A,0.23 € + 0.23 €/kWh
2026-10-09T16:46:23Z,STR-E-R2LK-B,0.23 € + 0.23 €/kWh
2026-10-09T16:46:23Z,STR-E-S7YR-A,0.23 € + 0.23 €/kWh
2026-10-09T16:46:23Z,STR-E-S7YR-B,0.23 € + 0.23 €/kWh
2026-10-09T16:46:23Z,STR-E-SVR3-A,0.23 € + 0.23 €/kWh
2026-10-09T16:46:23Z,STR-E-SVR3-B,0.23 € + 0.23 €/kWh
2026-10-09T16:46:23Z,STR-E-WEE3-A,0.23 € + 0.23 €/kWh
2026-10-09T16:46:23Z,STR-E-WEE3-B,0.23 € + 0.23 €/kWh
2026-10-09T16:46:23Z,STR-E-WTQ5-A,0.23 €/kWh
2026-10-09T16:46:23Z,STR-E-WYFE-A,0.23 €/kWh
2026-10-09T16:46:23Z,STR-E-WYFE-B,0.23 €/kWh
2026-10-09T16:46:23Z,STR-E-WYYC-A,0.23 € + 0.23 €/kWh
2026-10-09T16:46:23Z,STR-E-WYYC-B,0.23 € + 0.23 €/kWh
2026-10-09T16:46:23Z,STR-E-XKW2-A,0.23 € + 0.23 €/kWh
2026-10-09T16:46:23Z,STR-E-XKW2-B,0.23 € + 0.23 €/kWh
2026-10-09T16:46:23Z,STR-E-ZS00-A,0.23 € + 0.23 €/kWh
2026-10-09T16:46:23Z,STR-E-ZS00-B,0.23 € + 0.23 €/kWh
2026-10-09T17:01:12Z,IKR-E-3855-A,0.3 € + 0.15 €/kWh
2026-10-09T17:01:12Z,IKR-E-5730-A,0.3 € + 0.45 €/kWh
2026-10-09T17:01:12Z,IKR-E-7718-A,0.3 € + 0.45 €/kWh
2026-10-09T17:01:12Z,IKR-E-9635-A,0.3 € + 0.15 €/kWh
2026-10-09T17:01:12Z,IKR-E-OWF5-A,0.3 € + 0.42 €/kWh
2026-10-09T17:01:12Z,IKR-P-1S0V-A,0.3 € + 0.38 €/kWh
2026-10-09T17:01:12Z,IKR-P-NUIE-A,0.3 € + 0.38 €/kWh
2026-10-09T17:01:12Z,IKR-P-SCM5-A,0.3 € + 0.42 €/kWh
2026-10-09T17:01:12Z,IKR-P-V9X4-A,0.3 € + 0.42 €/kWh
2026-10-09T17:01:12Z,IKR-P-V9X4-B,0.3 € + 0.42 €/kWh
2026-10-09T17:01:12Z,STR-E-027B-A,0.23 € + 0.24 €/kWh
2026-10-09T17:01:12Z,STR-E-027B-B,0.23 € + 0.24 €/kWh
2026-10-09T17:01:12Z,STR-E-04YS-A,0 € + 0.23 €/kWh
2026-10-09T17:01:12Z,STR-E-1MHB-A,0.38 €/kWh
2026-10-09T17:01:12Z,STR-E-1X30-A,0 € + 0.23 €/kWh
2026-10-09T17:01:12Z,STR-E-21O1-A,0.24 €/kWh
2026-10-09T17:01:12Z,STR-E-21O1-B,0.24 €/kWh
2026-10-09T17:01:12Z,STR-E-2446-A,0 € + 0.23 €/kWh
2026-10-09T17:01:12Z,STR-E-2K1Q-A,0 € + 0.23 €/kWh
2026-10-09T17:01:12Z,STR-E-2XDJ-A,0 € + 0.23 €/kWh
2026-10-09T17:01:12Z,STR-E-3468-A,0.24 €/kWh
2026-10-09T17:01:12Z,STR-E-3468-B,0.24 €/kWh
2026-10-09T17:01:12Z,STR-E-3ENA-A,0.24 €/kWh
2026-10-09T17:01:12Z,STR-E-3ENA-B,0.24 €/kWh
2026-10-09T17:01:12Z,STR-E-3ENA-C,0.24 €/kWh
2026-10-09T17:01:12Z,STR-E-3FMF-A,0.23 € + 0.24 €/kWh
2026-10-09T17:01:12Z,STR-E-3FMF-B,0.23 € + 0.24 €/kWh
2026-10-09T17:01:12Z,STR-E-3SXI-A,0.24 €/kWh
2026-10-09T17:01:12Z,STR-E-3SXI-B,0.24 €/kWh
2026-10-09T17:01:12Z,STR-E-3WE5-A,0 € + 0.23 €/kWh
2026-10-09T17:01:12Z,STR-E-4YKC-A,0 € + 0.23 €/kWh
2026-10-09T17:01:12Z,STR-E-527U-A,0 € + 0.23 €/kWh
2026-10-09T17:01:12Z,STR-E-55I4-A,0 € + 0.23 €/kWh
2026-10-09T17:01:12Z,STR-E-566J-A,0 € + 0.23 €/kWh
2026-10-09T17:01:12Z,STR-E-6E7W-A,0 € + 0.23 €/kWh
2026-10-09T17:01:12Z,STR-E-6UZQ-A,0.24 €/kWh
2026-10-09T17:01:12Z,STR-E-6UZQ-B,0.24 €/kWh
2026-10-09T17:01:12Z,STR-E-6ZTQ-A,0 € + 0.23 €/kWh
2026-10-09T17:01:12Z,STR-E-7438-A,0 € + 0.23 €/kWh
2026-10-09T17:01:12Z,STR-E-7YBN-A,0 € + 0.23 €/kWh
2026-10-09T17:01:12Z,STR-E-8A02-A,0 € + 0.23 €/kWh
2026-10-09T17:01:12Z,STR-E-8Q9F-A,0 € + 0.23 €/kWh
2026-10-09T17:01:12Z,STR-E-92KW-A,0.23 € + 0.24 €/kWh
2026-10-09T17:01:12Z,STR-E-9AH3-A,0 € + 0.23 €/kWh
2026-10-09T17:01:12Z,STR-E-A169-A,0 € + 0.23 €/kWh
2026-10-09T17:01:12Z,STR-E-ADXE-A,0 € + 0.23 €/kWh
2026-10-09T17:01:12Z,STR-E-AMQK-A,0 € + 0.23 €/kWh
2026-10-09T17:01:12Z,STR-E-ANJ0-A,0.23 € + 0.24 €/kWh
2026-10-09T17:01:12Z,STR-E-ANJ0-B,0.23 € + 0.24 €/kWh
2026-10-09T17:01:12Z,STR-E-AP96-A,0.23 € + 0.24 €/kWh
2026-10-09T17:01:12Z,STR-E-AP96-B,0.23 € + 0.24 €/kWh
2026-10-09T17:01:12Z,STR-E-AUQ2-A,0 € + 0.23 €/kWh
2026-10-09T17:01:12Z,STR-E-B36V-A,0.19 € + 0.31 €/kWh
2026-10-09T17:01:12Z,STR-E-B36V-B,0.19 € + 0.31 €/kWh
2026-10-09T17:01:12Z,STR-E-BIKW-A,0.23 € + 0.24 €/kWh
2026-10-09T17:01:12Z,STR-E-BIKW-B,0.23 € + 0.24 €/kWh
2026-10-09T17:01:12Z,STR-E-C99Z-A,0 € + 0.23 €/kWh
2026-10-09T17:01:12Z,STR-E-D3MB-A,0.23 € + 0.24 €/kWh
2026-10-09T17:01:12Z,STR-E-D3MB-B,0.23 € + 0.24 €/kWh
2026-10-09T17:01:12Z,STR-E-DHEJ-A,0 € + 0.23 €/kWh
2026-10-09T17:01:12Z,STR-E-E0DZ-A,0.24 €/kWh
2026-10-09T17:01:12Z,STR-E-E0DZ-B,0.24 €/kWh
2026-10-09T17:01:12Z,STR-E-ECI7-A,0 € + 0.23 €/kWh
2026-10-09T17:01:12Z,STR-E-EFXK-A,0 € + 0.23 €/kWh
2026-10-09T17:01:12Z,STR-E-ELFQ-A,0.23 € + 0.24 €/kWh
2026-10-09T17:01:12Z,STR-E-ELFQ-B,0.23 € + 0.24 €/kWh
2026-10-09T17:01:12Z,STR-E-EPQY-A,0 € + 0.23 €/kWh
2026-10-09T17:01:12Z,STR-E-ER2N-A,0 € + 0.23 €/kWh
2026-10-09T17:01:12Z,STR-E-ES3O-A,0 € + 0.23 €/kWh
2026-10-09T17:01:12Z,STR-E-F79A-A,0.23 € + 0.24 €/kWh
2026-10-09T17:01:12Z,STR-E-F79A-B,0.23 € + 0.24 €/kWh
2026-10-09T17:01:12Z,STR-E-FKUY-A,0 € + 0.23 €/kWh
2026-10-09T17:01:12Z,STR-E-GFB3-A,0 € + 0.23 €/kWh
2026-10-09T17:01:12Z,STR-E-GK0C-A,0 € + 0.23 €/kWh
2026-10-09T17:01:12Z,STR-E-HHXV-A,0 € + 0.23 €/kWh
2026-10-09T17:01:12Z,STR-E-I1KE-A,0 € + 0.23 €/kWh
2026-10-09T17:01:12Z,STR-E-IAO5-A,0 € + 0.23 €/kWh
2026-10-09T17:01:12Z,STR-E-IGH5-A,0.23 € + 0.24 €/kWh
2026-10-09T17:01:12Z,STR-E-IGH5-B,0.23 € + 0.24 €/kWh
2026-10-09T17:01:12Z,STR-E-IPEC-A,0 € + 0.23 €/kWh
2026-10-09T17:01:12Z,STR-E-IV6T-A,0 € + 0.23 €/kWh
2026-10-09T17:01:12Z,STR-E-J54N-A,0 € + 0.23 €/kWh
2026-10-09T17:01:12Z,STR-E-J6DA-A,0 € + 0.23 €/kWh
2026-10-09T17:01:12Z,STR-E-J8VF-A,0 € + 0.23 €/kWh
2026-10-09T17:01:12Z,STR-E-JG90-A,0.15 €/kWh + 0.3 €
2026-10-09T17:01:12Z,STR-E-JG90-B,0.15 €/kWh + 0.3 €
2026-10-09T17:01:12Z,STR-E-JMOR-A,0 € + 0.23 €/kWh
2026-10-09T17:01:12Z,STR-E-K217-A,0 € + 0.23 €/kWh
2026-10-09T17:01:12Z,STR-E-K73C-A,0.23 € + 0.24 €/kWh
2026-10-09T17:01:12Z,STR-E-K73C-B,0.23 € + 0.24 €/kWh
2026-10-09T17:01:12Z,STR-E-KOHN-A,0 € + 0.23 €/kWh
2026-10-09T17:01:12Z,STR-E-KT5B-A,0 € + 0.23 €/kWh
2026-10-09T17:01:12Z,STR-E-LREY-A,0.38 €/kWh
2026-10-09T17:01:12Z,STR-E-NDU2-A,0 € + 0.23 €/kWh
2026-10-09T17:01:12Z,STR-E-NDZ4-A,0 € + 0.23 €/kWh
2026-10-09T17:01:12Z,STR-E-NFV5-A,0 € + 0.23 €/kWh
2026-10-09T17:01:12Z,STR-E-NSGB-A,0 € + 0.23 €/kWh
2026-10-09T17:01:12Z,STR-E-NY0Q-A,0.15 € + 0.25 €/kWh
2026-10-09T17:01:12Z,STR-E-O5JX-A,0 € + 0.23 €/kWh
2026-10-09T17:01:12Z,STR-E-OFWF-A,0 € + 0.23 €/kWh
2026-10-09T17:01:12Z,STR-E-OHH6-A,0 € + 0.23 €/kWh
2026-10-09T17:01:12Z,STR-E-OJ3E-A,0.23 € + 0.24 €/kWh
2026-10-09T17:01:12Z,STR-E-OJ3E-B,0.23 € + 0.24 €/kWh
2026-10-09T17:01:12Z,STR-E-P46N-A,0 € + 0.23 €/kWh
2026-10-09T17:01:12Z,STR-E-PM3P-A,0.23 € + 0.24 €/kWh
2026-10-09T17:01:12Z,STR-E-PM3P-B,0.23 € + 0.24 €/kWh
2026-10-09T17:01:12Z,STR-E-Q5YF-A,0.23 € + 0.24 €/kWh
2026-10-09T17:01:12Z,STR-E-Q5YF-B,0.23 € + 0.24 €/kWh
2026-10-09T17:01:12Z,STR-E-Q7LB-A,0.23 € + 0.24 €/kWh
2026-10-09T17:01:12Z,STR-E-Q7LB-B,0.23 € + 0.24 €/kWh
2026-10-09T17:01:12Z,STR-E-QAXH-A,0.15 € + 0.25 €/kWh
2026-10-09T17:01:12Z,STR-E-R1MT-A,0.23 € + 0.24 €/kWh
2026-10-09T17:01:12Z,STR-E-R1MT-B,0.23 € + 0.24 €/kWh
2026-10-09T17:01:12Z,STR-E-R1PI-A,0.23 € + 0.24 €/kWh
2026-10-09T17:01:12Z,STR-E-R1PI-B,0.23 € + 0.24 €/kWh
2026-10-09T17:01:12Z,STR-E-R2LK-A,0.23 € + 0.24 €/kWh
2026-10-09T17:01:12Z,STR-E-R2LK-B,0.23 € + 0.24 €/kWh
2026-10-09T17:01:12Z,STR-E-R8PQ-A,0 € + 0.23 €/kWh
2026-10-09T17:01:12Z,STR-E-S6VR-A,0 € + 0.23 €/kWh
2026-10-09T17:01:12Z,STR-E-S7YR-A,0.23 € + 0.24 €/kWh
2026-10-09T17:01:12Z,STR-E-S7YR-B,0.23 € + 0.24 €/kWh
2026-10-09T17:01:12Z,STR-E-SGC2-A,0 € + 0.23 €/kWh
2026-10-09T17:01:12Z,STR-E-SVR3-A,0.23 € + 0.24 €/kWh
2026-10-09T17:01:12Z,STR-E-SVR3-B,0.23 € + 0.24 €/kWh
2026-10-09T17:01:12Z,STR-E-U41O-A,0 € + 0.23 €/kWh
2026-10-09T17:01:12Z,STR-E-UKPS-A,0.15 € + 0.25 €/kWh
2026-10-09T17:01:12Z,STR-E-VJBJ-A,0 € + 0.23 €/kWh
2026-10-09T17:01:12Z,STR-E-VQ06-A,0 € + 0.23 €/kWh
2026-10-09T17:01:12Z,STR-E-VX2O-A,0 € + 0.23 €/kWh
2026-10-09T17:01:12Z,STR-E-WEE3-A,0.23 € + 0.24 €/kWh
2026-10-09T17:01:12Z,STR-E-WEE3-B,0.23 € + 0.24 €/kWh
2026-10-09T17:01:12Z,STR-E-WHZ1-A,0 € + 0.23 €/kWh
2026-10-09T17:01:12Z,STR-E-WLGM-A,0 € + 0.23 €/kWh
2026-10-09T17:01:12Z,STR-E-WTQ5-A,0.24 €/kWh
2026-10-09T17:01:12Z,STR-E-WYFE-A,0.24 €/kWh
2026-10-09T17:01:12Z,STR-E-WYFE-B,0.24 €/kWh
2026-10-09T17:01:12Z,STR-E-WYYC-A,0.23 € + 0.24 €/kWh
2026-10-09T17:01:12Z,STR-E-WYYC-B,0.23 € + 0.24 €/kWh
2026-10-09T17:01:12Z,STR-E-X54O-A,0 € + 0.23 €/kWh
2026-10-09T17:01:12Z,STR-E-XH51-A,0 € + 0.23 €/kWh
2026-10-09T17:01:12Z,STR-E-XKW2-A,0.23 € + 0.24 €/kWh
2026-10-09T17:01:12Z,STR-E-XKW2-B,0.23 € + 0.24 €/kWh
2026-10-09T17:01:12Z,STR-E-XRV8-A,0 € + 0.23 €/kWh
2026-10-09T17:01:12Z,STR-E-Y7JK-A,0 € + 0.23 €/kWh
2026-10-09T17:01:12Z,STR-E-Y82E-A,0 € + 0.23 €/kWh
2026-10-09T17:01:12Z,STR-E-ZEP7-A,0 € + 0.23 €/kWh
2026-10-09T17:01:12Z,STR-E-ZIAZ-A,0 € + 0.23 €/kWh
2026-10-09T17:01:12Z,STR-E-ZK9W-A,0 € + 0.23 €/kWh
2026-10-09T17:01:12Z,STR-E-ZS00-A,0.23 € + 0.24 €/kWh
2026-10-09T17:01:12Z,STR-E-ZS00-B,0.23 € + 0.24 €/kWh
2026-10-09T17:16:24Z,IKR-E-1220-A,0.3 € + 0.39 €/kWh
2026-10-09T17:16:24Z,IKR-E-1871-A,0.3 € + 0.39 €/kWh
2026-10-09T17:16:24Z,IKR-E-2G8J-A,0.3 € + 0.39 €/kWh
2026-10-09T17:16:24Z,IKR-E-3TSR-A,0.3 € + 0.39 €/kWh
2026-10-09T17:16:24Z,IKR-E-5715-A,0.3 € + 0.39 €/kWh
2026-10-09T17:16:24Z,IKR-E-5CGU-A,0.3 € + 0.39 €/kWh
2026-10-09T17:16:24Z,IKR-E-DVCM-A,0.3 € + 0.39 €/kWh
2026-10-09T17:16:24Z,IKR-E-E228-A,0.3 € + 0.39 €/kWh
2026-10-09T17:16:24Z,IKR-E-E475-A,0.3 € + 0.41 €/kWh
2026-10-09T17:16:24Z,IKR-E-E544-A,0.3 € + 0.41 €/kWh
2026-10-09T17:16:24Z,IKR-E-EKZA-A,0.3 € + 0.39 €/kWh
2026-10-09T17:16:24Z,IKR-E-GAY9-A,0.3 € + 0.39 €/kWh
2026-10-09T17:16:24Z,IKR-E-IZW2-A,0.3 € + 0.39 €/kWh
2026-10-09T17:16:24Z,IKR-E-J1JV-A,0.3 € + 0.39 €/kWh
2026-10-09T17:16:24Z,IKR-E-JJAJ-A,0.3 € + 0.39 €/kWh
2026-10-09T17:16:24Z,IKR-E-KMBH-A,0.3 € + 0.39 €/kWh
2026-10-09T17:16:24Z,IKR-E-LJZI-A,0.3 € + 0.39 €/kWh
2026-10-09T17:16:24Z,IKR-E-MAU9-A,0.29 € + 0.31 €/kWh
2026-10-09T17:16:24Z,IKR-E-W6HQ-A,0.29 € + 0.31 €/kWh
2026-10-09T17:16:24Z,IKR-E-XIH2-A,0.3 € + 0.39 €/kWh
2026-10-09T17:16:24Z,IKR-E-Y2Z8-A,0.3 € + 0.35 €/kWh
2026-10-09T17:16:24Z,IKR-P-IV7E-B,0.3 € + 0.39 €/kWh
2026-10-09T17:16:24Z,STR-E-027B-A,0.23 € + 0.23 €/kWh
2026-10-09T17:16:24Z,STR-E-027B-B,0.23 € + 0.23 €/kWh
2026-10-09T17:16:24Z,STR-E-04YS-A,0 € + 0.22 €/kWh
2026-10-09T17:16:24Z,STR-E-1MHB-A,0.37 €/kWh
2026-10-09T17:16:24Z,STR-E-1X30-A,0 € + 0.22 €/kWh
2026-10-09T17:16:24Z,STR-E-21O1-A,0.23 €/kWh
2026-10-09T17:16:24Z,STR-E-21O1-B,0.23 €/kWh
2026-10-09T17:16:24Z,STR-E-2446-A,0 € + 0.22 €/kWh
2026-10-09T17:16:24Z,STR-E-2K1Q-A,0 € + 0.22 €/kWh
2026-10-09T17:16:24Z,STR-E-2XDJ-A,0 € + 0.22 €/kWh
2026-10-09T17:16:24Z,STR-E-3468-A,0.23 €/kWh
2026-10-09T17:16:24Z,STR-E-3468-B,0.23 €/kWh
2026-10-09T17:16:24Z,STR-E-3ENA-A,0.23 €/kWh
2026-10-09T17:16:24Z,STR-E-3ENA-B,0.23 €/kWh
2026-10-09T17:16:24Z,STR-E-3ENA-C,0.23 €/kWh
2026-10-09T17:16:24Z,STR-E-3FMF-A,0.23 € + 0.23 €/kWh
2026-10-09T17:16:24Z,STR-E-3FMF-B,0.23 € + 0.23 €/kWh
2026-10-09T17:16:24Z,STR-E-3SXI-A,0.23 €/kWh
2026-10-09T17:16:24Z,STR-E-3SXI-B,0.23 €/kWh
2026-10-09T17:16:24Z,STR-E-3WE5-A,0 € + 0.22 €/kWh
2026-10-09T17:16:24Z,STR-E-4YKC-A,0 € + 0.22 €/kWh
2026-10-09T17:16:24Z,STR-E-527U-A,0 € + 0.22 €/kWh
2026-10-09T17:16:24Z,STR-E-55I4-A,0 € + 0.22 €/kWh
2026-10-09T17:16:24Z,STR-E-566J-A,0 € + 0.22 €/kWh
2026-10-09T17:16:24Z,STR-E-6E7W-A,0 € + 0.22 €/kWh
2026-10-09T17:16:24Z,STR-E-6UZQ-A,0.23 €/kWh
2026-10-09T17:16:24Z,STR-E-6UZQ-B,0.23 €/kWh
2026-10-09T17:16:24Z,STR-E-6ZTQ-A,0 € + 0.22 €/kWh
2026-10-09T17:16:24Z,STR-E-7438-A,0 € + 0.22 €/kWh
2026-10-09T17:16:24Z,STR-E-7YBN-A,0 € + 0.22 €/kWh
2026-10-09T17:16:24Z,STR-E-8A02-A,0 € + 0.22 €/kWh
2026-10-09T17:16:24Z,STR-E-8Q9F-A,0 € + 0.22 €/kWh
2026-10-09T17:16:24Z,STR-E-92KW-A,0.23 € + 0.23 €/kWh
2026-10-09T17:16:24Z,STR-E-9AH3-A,0 € + 0.22 €/kWh
2026-10-09T17:16:24Z,STR-E-A169-A,0 € + 0.22 €/kWh
2026-10-09T17:16:24Z,STR-E-ADXE-A,0 € + 0.22 €/kWh
2026-10-09T17:16:24Z,STR-E-AMQK-A,0 € + 0.22 €/kWh
2026-10-09T17:16:24Z,STR-E-ANJ0-A,0.23 € + 0.23 €/kWh
2026-10-09T17:16:24Z,STR-E-ANJ0-B,0.23 € + 0.23 €/kWh
2026-10-09T17:16:24Z,STR-E-AP96-A,0.23 € + 0.23 €/kWh
2026-10-09T17:16:24Z,STR-E-AP96-B,0.23 € + 0.23 €/kWh
2026-10-09T17:16:24Z,STR-E-AUQ2-A,0 € + 0.22 €/kWh
2026-10-09T17:16:24Z,STR-E-B36V-A,0.19 € + 0.3 €/kWh
2026-10-09T17:16:24Z,STR-E-B36V-B,0.19 € + 0.3 €/kWh
2026-10-09T17:16:24Z,STR-E-BIKW-A,0.23 € + 0.23 €/kWh
2026-10-09T17:16:24Z,STR-E-BIKW-B,0.23 € + 0.23 €/kWh
2026-10-09T17:16:24Z,STR-E-C99Z-A,0 € + 0.22 €/kWh
2026-10-09T17:16:24Z,STR-E-D3MB-A,0.23 € + 0.23 €/kWh
2026-10-09T17:16:24Z,STR-E-D3MB-B,0.23 € + 0.23 €/kWh
2026-10-09T17:16:24Z,STR-E-DHEJ-A,0 € + 0.22 €/kWh
2026-10-09T17:16:24Z,STR-E-E0DZ-A,0.23 €/kWh
2026-10-09T17:16:24Z,STR-E-E0DZ-B,0.23 €/kWh
2026-10-09T17:16:24Z,STR-E-ECI7-A,0 € + 0.22 €/kWh
2026-10-09T17:16:24Z,STR-E-EFXK-A,0 € + 0.22 €/kWh
2026-10-09T17:16:24Z,STR-E-ELFQ-A,0.23 € + 0.23 €/kWh
2026-10-09T17:16:24Z,STR-E-ELFQ-B,0.23 € + 0.23 €/kWh
2026-10-09T17:16:24Z,STR-E-EPQY-A,0 € + 0.22 €/kWh
2026-10-09T17:16:24Z,STR-E-ER2N-A,0 € + 0.22 €/kWh
2026-10-09T17:16:24Z,STR-E-ES3O-A,0 € + 0.22 €/kWh
2026-10-09T17:16:24Z,STR-E-F79A-A,0.23 € + 0.23 €/kWh
2026-10-09T17:16:24Z,STR-E-F79A-B,0.23 € + 0.23 €/kWh
2026-10-09T17:16:24Z,STR-E-FKUY-A,0 € + 0.22 €/kWh
2026-10-09T17:16:24Z,STR-E-GFB3-A,0 € + 0.22 €/kWh
2026-10-09T17:16:24Z,STR-E-GK0C-A,0 € + 0.22 €/kWh
2026-10-09T17:16:24Z,STR-E-HHXV-A,0 € + 0.22 €/kWh
2026-10-09T17:16:24Z,STR-E-I1KE-A,0 € + 0.22 €/kWh
2026-10-09T17:16:24Z,STR-E-IAO5-A,0 € + 0.22 €/kWh
2026-10-09T17:16:24Z,STR-E-IGH5-A,0.23 € + 0.23 €/kWh
2026-10-09T17:16:24Z,STR-E-IGH5-B,0.23 € + 0.23 €/kWh
2026-10-09T17:16:24Z,STR-E-IPEC-A,0 € + 0.22 €/kWh
2026-10-09T17:16:24Z,STR-E-IV6T-A,0 € + 0.22 €/kWh
2026-10-09T17:16:24Z,STR-E-J54N-A,0 € + 0.22 €/kWh
2026-10-09T17:16:24Z,STR-E-J6DA-A,0 € + 0.22 €/kWh
2026-10-09T17:16:24Z,STR-E-J8VF-A,0 € + 0.22 €/kWh
2026-10-09T17:16:24Z,STR-E-JG90-A,0.14 €/kWh + 0.3 €
2026-10-09T17:16:24Z,STR-E-JG90-B,0.14 €/kWh + 0.3 €
2026-10-09T17:16:24Z,STR-E-JMOR-A,0 € + 0.22 €/kWh
2026-10-09T17:16:24Z,STR-E-K217-A,0 € + 0.22 €/kWh
2026-10-09T17:16:24Z,STR-E-K73C-A,0.23 € + 0.23 €/kWh
2026-10-09T17:16:24Z,STR-E-K73C-B,0.23 € + 0.23 €/kWh
2026-10-09T17:16:24Z,STR-E-KOHN-A,0 € + 0.22 €/kWh
2026-10-09T17:16:24Z,STR-E-KT5B-A,0 € + 0.22 €/kWh
2026-10-09T17:16:24Z,STR-E-LREY-A,0.37 €/kWh
2026-10-09T17:16:24Z,STR-E-NDU2-A,0 € + 0.22 €/kWh
2026-10-09T17:16:24Z,STR-E-NDZ4-A,0 € + 0.22 €/kWh
2026-10-09T17:16:24Z,STR-E-NFV5-A,0 € + 0.22 €/kWh
2026-10-09T17:16:24Z,STR-E-NSGB-A,0 € + 0.22 €/kWh
2026-10-09T17:16:24Z,STR-E-NY0Q-A,0.15 € + 0.24 €/kWh
2026-10-09T17:16:24Z,STR-E-O5JX-A,0 € + 0.22 €/kWh
2026-10-09T17:16:24Z,STR-E-OFWF-A,0 € + 0.22 €/kWh
2026-10-09T17:16:24Z,STR-E-OHH6-A,0 € + 0.22 €/kWh
2026-10-09T17:16:24Z,STR-E-OJ3E-A,0.23 € + 0.23 €/kWh
2026-10-09T17:16:24Z,STR-E-OJ3E-B,0.23 € + 0.23 €/kWh
2026-10-09T17:16:24Z,STR-E-P46N-A,0 € + 0.22 €/kWh
2026-10-09T17:16:24Z,STR-E-PM3P-A,0.23 € + 0.23 €/kWh
2026-10-09T17:16:24Z,STR-E-PM3P-B,0.23 € + 0.23 €/kWh
2026-10-09T17:16:24Z,STR-E-Q5YF-A,0.23 € + 0.23 €/kWh
2026-10-09T17:16:24Z,STR-E-Q5YF-B,0.23 € + 0.23 €/kWh
2026-10-09T17:16:24Z,STR-E-Q7LB-A,0.23 € + 0.23 €/kWh
2026-10-09T17:16:24Z,STR-E-Q7LB-B,0.23 € + 0.23 €/kWh
2026-10-09T17:16:24Z,STR-E-QAXH-A,0.15 € + 0.24 €/kWh
2026-10-09T17:16:24Z,STR-E-R1MT-A,0.23 € + 0.23 €/kWh
2026-10-09T17:16:24Z,STR-E-R1MT-B,0.23 € + 0.23 €/kWh
2026-10-09T17:16:24Z,STR-E-R1PI-A,0.23 € + 0.23 €/kWh
2026-10-09T17:16:24Z,STR-E-R1PI-B,0.23 € + 0.23 €/kWh
2026-10-09T17:16:24Z,STR-E-R2LK-A,0.23 € + 0.23 €/kWh
2026-10-09T17:16:24Z,STR-E-R2LK-B,0.23 € + 0.23 €/kWh
2026-10-09T17:16:24Z,STR-E-R8PQ-A,0 € + 0.22 €/kWh
2026-10-09T17:16:24Z,STR-E-S6VR-A,0 € + 0.22 €/kWh
2026-10-09T17:16:24Z,STR-E-S7YR-A,0.23 € + 0.23 €/kWh
2026-10-09T17:16:24Z,STR-E-S7YR-B,0.23 € + 0.23 €/kWh
2026-10-09T17:16:24Z,STR-E-SGC2-A,0 € + 0.22 €/kWh
2026-10-09T17:16:24Z,STR-E-SVR3-A,0.23 € + 0.23 €/kWh
2026-10-09T17:16:24Z,STR-E-SVR3-B,0.23 € + 0.23 €/kWh
2026-10-09T17:16:24Z,STR-E-U41O-A,0 € + 0.22 €/kWh
2026-10-09T17:16:24Z,STR-E-UKPS-A,0.15 € + 0.24 €/kWh
2026-10-09T17:16:24Z,STR-E-VJBJ-A,0 € + 0.22 €/kWh
2026-10-09T17:16:24Z,STR-E-VQ06-A,0 € + 0.22 €/kWh
2026-10-09T17:16:24Z,STR-E-VX2O-A,0 € + 0.22 €/kWh
2026-10-09T17:16:24Z,STR-E-WEE3-A,0.23 € + 0.23 €/kWh
2026-10-09T17:16:24Z,STR-E-WEE3-B,0.23 € + 0.23 €/kWh
2026-10-09T17:16:24Z,STR-E-WHZ1-A,0 € + 0.22 €/kWh
2026-10-09T17:16:24Z,STR-E-WLGM-A,0 € + 0.22 €/kWh
2026-10-09T17:16:24Z,STR-E-WTQ5-A,0.23 €/kWh
2026-10-09T17:16:24Z,STR-E-WYFE-A,0.23 €/kWh
2026-10-09T17:16:24Z,STR-E-WYFE-B,0.23 €/kWh
2026-10-09T17:16:24Z,STR-E-WYYC-A,0.23 € + 0.23 €/kWh
2026-10-09T17:16:24Z,STR-E-WYYC-B,0.23 € + 0.23 €/kWh
2026-10-09T17:16:24Z,STR-E-X54O-A,0 € + 0.22 €/kWh
2026-10-09T17:16:24Z,STR-E-XH51-A,0 € + 0.22 €/kWh
2026-10-09T17:16:24Z,STR-E-XKW2-A,0.23 € + 0.23 €/kWh
2026-10-09T17:16:24Z,STR-E-XKW2-B,0.23 € + 0.23 €/kWh
2026-10-09T17:16:24Z,STR-E-XRV8-A,0 € + 0.22 €/kWh
2026-10-09T17:16:24Z,STR-E-Y7JK-A,0 € + 0.22 €/kWh
2026-10-09T17:16:24Z,STR-E-Y82E-A,0 € + 0.22 €/kWh
2026-10-09T17:16:24Z,STR-E-ZEP7-A,0 € + 0.22 €/kWh
2026-10-09T17:16:24Z,STR-E-ZIAZ-A,0 € + 0.22 €/kWh
2026-10-09T17:16:24Z,STR-E-ZK9W-A,0 € + 0.22 €/kWh
2026-10-09T17:16:24Z,STR-E-ZS00-A,0.23 € + 0.23 €/kWh
2026-10-09T17:16:24Z,STR-E-ZS00-B,0.23 € + 0.23 €/kWh
2026-10-09T17:32:23Z,IKR-E-1220-A,0.3 € + 0.38 €/kWh
2026-10-09T17:32:23Z,IKR-E-1871-A,0.3 € + 0.38 €/kWh
2026-10-09T17:32:23Z,IKR-E-2G8J-A,0.3 € + 0.38 €/kWh
2026-10-09T17:32:23Z,IKR-E-3TSR-A,0.3 € + 0.38 €/kWh
2026-10-09T17:32:23Z,IKR-E-5715-A,0.3 € + 0.38 €/kWh
2026-10-09T17:32:23Z,IKR-E-5730-A,0.3 € + 0.44 €/kWh
2026-10-09T17:32:23Z,IKR-E-5CGU-A,0.3 € + 0.38 €/kWh
2026-10-09T17:32:23Z,IKR-E-7718-A,0.3 € + 0.44 €/kWh
2026-10-09T17:32:23Z,IKR-E-DVCM-A,0.3 € + 0.38 €/kWh
2026-10-09T17:32:23Z,IKR-E-E228-A,0.3 € + 0.38 €/kWh
2026-10-09T17:32:23Z,IKR-E-E475-A,0.3 € + 0.4 €/kWh
2026-10-09T17:32:23Z,IKR-E-E544-A,0.3 € + 0.4 €/kWh
2026-10-09T17:32:23Z,IKR-E-EKZA-A,0.3 € + 0.38 €/kWh
2026-10-09T17:32:23Z,IKR-E-GAY9-A,0.3 € + 0.38 €/kWh
2026-10-09T17:32:23Z,IKR-E-IZW2-A,0.3 € + 0.38 €/kWh
2026-10-09T17:32:23Z,IKR-E-J1JV-A,0.3 € + 0.38 €/kWh
2026-10-09T17:32:23Z,IKR-E-JJAJ-A,0.3 € + 0.38 €/kWh
2026-10-09T17:32:23Z,IKR-E-KMBH-A,0.3 € + 0.38 €/kWh
2026-10-09T17:32:23Z,IKR-E-LJZI-A,0.3 € + 0.38 €/kWh
2026-10-09T17:32:23Z,IKR-E-MAU9-A,0.29 € + 0.3 €/kWh
2026-10-09T17:32:23Z,IKR-E-W6HQ-A,0.29 € + 0.3 €/kWh
2026-10-09T17:32:23Z,IKR-E-XIH2-A,0.3 € + 0.38 €/kWh
2026-10-09T17:32:23Z,IKR-E-Y2Z8-A,0.3 € + 0.34 €/kWh
2026-10-09T17:32:23Z,IKR-P-IV7E-B,0.3 € + 0.38 €/kWh
2026-10-09T17:32:23Z,STR-E-027B-A,0.23 €/kWh + 0.23 €
2026-10-09T17:32:23Z,STR-E-027B-B,0.23 €/kWh + 0.23 €
2026-10-09T17:32:23Z,STR-E-02VO-A,0.25 €/kWh
2026-10-09T17:32:23Z,STR-E-02VO-B,0.25 €/kWh
2026-10-09T17:32:23Z,STR-E-051F-A,0.08 € + 0.17 €/kWh
2026-10-09T17:32:23Z,STR-E-0698-A,0.12 €/kWh
2026-10-09T17:32:23Z,STR-E-0GEL-A,0.12 €/kWh
2026-10-09T17:32:23Z,STR-E-10G9-A,0.08 € + 0.17 €/kWh
2026-10-09T17:32:23Z,STR-E-10G9-B,0.08 € + 0.17 €/kWh
2026-10-09T17:32:23Z,STR-E-1162-A,0.12 €/kWh
2026-10-09T17:32:23Z,STR-E-11DT-A,0.12 €/kWh
2026-10-09T17:32:23Z,STR-E-1887-A,0.12 €/kWh
2026-10-09T17:32:23Z,STR-E-1927-A,0.12 €/kWh
2026-10-09T17:32:23Z,STR-E-1ME5-A,0.08 € + 0.17 €/kWh
2026-10-09T17:32:23Z,STR-E-1ME5-B,0.08 € + 0.17 €/kWh
2026-10-09T17:32:23Z,STR-E-1MHB-A,0.36 €/kWh
2026-10-09T17:32:23Z,STR-E-1MJQ-A,0.12 €/kWh
2026-10-09T17:32:23Z,STR-E-2D12-A,0.12 €/kWh
2026-10-09T17:32:23Z,STR-E-2ED4-A,0.12 €/kWh
2026-10-09T17:32:23Z,STR-E-320G-A,0.12 €/kWh
2026-10-09T17:32:23Z,STR-E-3FMF-A,0.23 €/kWh + 0.23 €
2026-10-09T17:32:23Z,STR-E-3FMF-B,0.23 €/kWh + 0.23 €
2026-10-09T17:32:23Z,STR-E-3PZS-A,0.12 €/kWh
2026-10-09T17:32:23Z,STR-E-3TZI-A,0.12 €/kWh
2026-10-09T17:32:23Z,STR-E-3YH3-A,0.08 € + 0.17 €/kWh
2026-10-09T17:32:23Z,STR-E-3YH3-B,0.08 € + 0.17 €/kWh
2026-10-09T17:32:23Z,STR-E-4156-A,0.28 €/kWh
2026-10-09T17:32:23Z,STR-E-4156-B,0.28 €/kWh
2026-10-09T17:32:23Z,STR-E-491A-A,0.22 €/kWh
2026-10-09T17:32:23Z,STR-E-491A-B,0.22 €/kWh
2026-10-09T17:32:23Z,STR-E-491A-C,0.22 €/kWh
2026-10-09T17:32:23Z,STR-E-4DE6-A,0.22 €/kWh
2026-10-09T17:32:23Z,STR-E-4DE6-B,0.22 €/kWh
2026-10-09T17:32:23Z,STR-E-4KWM-A,0.32 €/kWh
2026-10-09T17:32:23Z,STR-E-4KWM-B,0.32 €/kWh
2026-10-09T17:32:23Z,STR-E-4LRS-A,0.12 €/kWh
2026-10-09T17:32:23Z,STR-E-4UGU-A,0.12 €/kWh
2026-10-09T17:32:23Z,STR-E-54PK-A,0.08 € + 0.17 €/kWh
2026-10-09T17:32:23Z,STR-E-54PK-B,0.08 € + 0.17 €/kWh
2026-10-09T17:32:23Z,STR-E-59TF-A,0.08 € + 0.17 €/kWh
2026-10-09T17:32:23Z,STR-E-5DWB-A,0.12 €/kWh
2026-10-09T17:32:23Z,STR-E-5TI5-A,0.12 €/kWh
2026-10-09T17:32:23Z,STR-E-69PN-A,0.12 €/kWh
2026-10-09T17:32:23Z,STR-E-6CNG-A,0.12 €/kWh
2026-10-09T17:32:23Z,STR-E-6SQH-A,0.12 €/kWh
2026-10-09T17:32:23Z,STR-E-7A48-A,0.08 € + 0.17 €/kWh
2026-10-09T17:32:23Z,STR-E-7Z8G-A,0.32 €/kWh
2026-10-09T17:32:23Z,STR-E-7Z8G-B,0.32 €/kWh
2026-10-09T17:32:23Z,STR-E-86C0-A,0.12 €/kWh
2026-10-09T17:32:23Z,STR-E-88SA-A,0.12 €/kWh
2026-10-09T17:32:23Z,STR-E-8M2O-A,0.12 €/kWh
2026-10-09T17:32:23Z,STR-E-8XL5-A,0.12 €/kWh
2026-10-09T17:32:23Z,STR-E-8Y23-A,0.12 €/kWh
2026-10-09T17:32:23Z,STR-E-92KW-A,0.23 €/kWh + 0.23 €
2026-10-09T17:32:23Z,STR-E-9I2R-A,0.12 €/kWh
2026-10-09T17:32:23Z,STR-E-9TUZ-A,0.12 €/kWh
2026-10-09T17:32:23Z,STR-E-9WY2-A,0.12 €/kWh
2026-10-09T17:32:23Z,STR-E-A27N-A,0.25 €/kWh
2026-10-09T17:32:23Z,STR-E-A27N-B,0.25 €/kWh
2026-10-09T17:32:23Z,STR-E-A27N-C,0.25 €/kWh
2026-10-09T17:32:23Z,STR-E-A442-A,0.12 €/kWh
2026-10-09T17:32:23Z,STR-E-AABG-A,0.12 €/kWh
2026-10-09T17:32:23Z,STR-E-ACMT-A,0.12 €/kWh
2026-10-09T17:32:23Z,STR-E-AF2O-A,0.08 € + 0.17 €/kWh
2026-10-09T17:32:23Z,STR-E-ANJ0-A,0.23 €/kWh + 0.23 €
2026-10-09T17:32:23Z,STR-E-ANJ0-B,0.23 €/kWh + 0.23 €
2026-10-09T17:32:23Z,STR-E-AP96-A,0.23 €/kWh + 0.23 €
2026-10-09T17:32:23Z,STR-E-AP96-B,0.23 €/kWh + 0.23 €
2026-10-09T17:32:23Z,STR-E-AWF1-A,0.08 € + 0.17 €/kWh
2026-10-09T17:32:23Z,STR-E-AWF1-B,0.08 € + 0.17 €/kWh
2026-10-09T17:32:23Z,STR-E-AWJ9-A,0.25 €/kWh
2026-10-09T17:32:23Z,STR-E-AWJ9-B,0.25 €/kWh
2026-10-09T17:32:23Z,STR-E-B36V-A,0.19 € + 0.29 €/kWh
2026-10-09T17:32:23Z,STR-E-B36V-B,0.19 € + 0.29 €/kWh
2026-10-09T17:32:23Z,STR-E-BIKW-A,0.23 €/kWh + 0.23 €
2026-10-09T17:32:23Z,STR-E-BIKW-B,0.23 €/kWh + 0.23 €
2026-10-09T17:32:23Z,STR-E-BXA5-A,0.12 €/kWh
2026-10-09T17:32:23Z,STR-E-C91L-A,0.12 €/kWh
2026-10-09T17:32:23Z,STR-E-D3MB-A,0.23 €/kWh + 0.23 €
2026-10-09T17:32:23Z,STR-E-D3MB-B,0.23 €/kWh + 0.23 €
2026-10-09T17:32:23Z,STR-E-DBCC-A,0.08 € + 0.17 €/kWh
2026-10-09T17:32:23Z,STR-E-DBCC-B,0.08 € + 0.17 €/kWh
2026-10-09T17:32:23Z,STR-E-E7HH-A,0.12 €/kWh
2026-10-09T17:32:23Z,STR-E-ELFQ-A,0.23 €/kWh + 0.23 €
2026-10-09T17:32:23Z,STR-E-ELFQ-B,0.23 €/kWh + 0.23 €
2026-10-09T17:32:23Z,STR-E-EU1U-A,0.12 €/kWh
2026-10-09T17:32:23Z,STR-E-F2G0-A,0.08 € + 0.17 €/kWh
2026-10-09T17:32:23Z,STR-E-F2G0-B,0.08 € + 0.17 €/kWh
2026-10-09T17:32:23Z,STR-E-F4B3-A,0.12 €/kWh
2026-10-09T17:32:23Z,STR-E-F5LZ-A,0.12 €/kWh
2026-10-09T17:32:23Z,STR-E-F79A-A,0.23 €/kWh + 0.23 €
2026-10-09T17:32:23Z,STR-E-F79A-B,0.23 €/kWh + 0.23 €
2026-10-09T17:32:23Z,STR-E-FGMF-A,0.12 €/kWh
2026-10-09T17:32:23Z,STR-E-FK06-A,0.12 €/kWh
2026-10-09T17:32:23Z,STR-E-FUE8-A,0.08 € + 0.17 €/kWh
2026-10-09T17:32:23Z,STR-E-FUE8-B,0.08 € + 0.17 €/kWh
2026-10-09T17:32:23Z,STR-E-G4VM-A,0.12 €/kWh
2026-10-09T17:32:23Z,STR-E-G518-A,0.12 €/kWh
2026-10-09T17:32:23Z,STR-E-GB9A-A,0.12 €/kWh
2026-10-09T17:32:23Z,STR-E-GE77-A,0.32 €/kWh
2026-10-09T17:32:23Z,STR-E-GE77-B,0.32 €/kWh
2026-10-09T17:32:23Z,STR-E-GGV8-A,0.12 €/kWh
2026-10-09T17:32:23Z,STR-E-GHJA-A,0.12 €/kWh
2026-10-09T17:32:23Z,STR-E-GR5K-A,0.12 €/kWh
2026-10-09T17:32:23Z,STR-E-H6Q5-A,0.12 €/kWh
2026-10-09T17:32:23Z,STR-E-I4UZ-A,0.12 €/kWh
2026-10-09T17:32:23Z,STR-E-I5FH-A,0.12 €/kWh
2026-10-09T17:32:23Z,STR-E-I8C6-A,0.12 €/kWh
2026-10-09T17:32:23Z,STR-E-IA3X-A,0.12 €/kWh
2026-10-09T17:32:23Z,STR-E-IGH5-A,0.23 €/kWh + 0.23 €
2026-10-09T17:32:23Z,STR-E-IGH5-B,0.23 €/kWh + 0.23 €
2026-10-09T17:32:23Z,STR-E-IIKL-A,0.08 € + 0.17 €/kWh
2026-10-09T17:32:23Z,STR-E-IIKL-B,0.08 € + 0.17 €/kWh
2026-10-09T17:32:23Z,STR-E-JVO0-A,0.12 €/kWh
2026-10-09T17:32:23Z,STR-E-K73C-A,0.23 €/kWh + 0.23 €
2026-10-09T17:32:23Z,STR-E-K73C-B,0.23 €/kWh + 0.23 €
2026-10-09T17:32:23Z,STR-E-KBZL-A,0.12 €/kWh
2026-10-09T17:32:23Z,STR-E-KUKS-A,0.08 € + 0.17 €/kWh
2026-10-09T17:32:23Z,STR-E-KUKS-B,0.08 € + 0.17 €/kWh
2026-10-09T17:32:23Z,STR-E-L84D-A,0.12 €/kWh
2026-10-09T17:32:23Z,STR-E-LISV-A,0.12 €/kWh
2026-10-09T17:32:23Z,STR-E-LKFQ-A,0.12 €/kWh
2026-10-09T17:32:23Z,STR-E-LREY-A,0.36 €/kWh
2026-10-09T17:32:23Z,STR-E-M1IB-A,0.12 €/kWh
2026-10-09T17:32:23Z,STR-E-M8WL-A,0.12 €/kWh
2026-10-09T17:32:23Z,STR-E-M9W7-A,0.12 €/kWh
2026-10-09T17:32:23Z,STR-E-MIP3-A,0.22 €/kWh
2026-10-09T17:32:23Z,STR-E-MIP3-B,0.22 €/kWh
2026-10-09T17:32:23Z,STR-E-MSEN-A,0.12 €/kWh
2026-10-09T17:32:23Z,STR-E-MSUL-A,0.12 €/kWh
2026-10-09T17:32:23Z,STR-E-N6P5-A,0.12 €/kWh
2026-10-09T17:32:23Z,STR-E-NCKT-A,0.08 € + 0.17 €/kWh
2026-10-09T17:32:23Z,STR-E-NCKT-B,0.08 € + 0.17 €/kWh
2026-10-09T17:32:23Z,STR-E-NNGC-A,0.12 €/kWh
2026-10-09T17:32:23Z,STR-E-NY0Q-A,0.15 € + 0.23 €/kWh
2026-10-09T17:32:23Z,STR-E-O0VK-A,0.12 €/kWh
2026-10-09T17:32:23Z,STR-E-O5YW-A,0.08 € + 0.17 €/kWh
2026-10-09T17:32:23Z,STR-E-O5YW-B,0.08 € + 0.17 €/kWh
2026-10-09T17:32:23Z,STR-E-ODBK-A,0.32 €/kWh
2026-10-09T17:32:23Z,STR-E-ODBK-B,0.32 €/kWh
2026-10-09T17:32:23Z,STR-E-OG1X-A,0.12 €/kWh
2026-10-09T17:32:23Z,STR-E-OJ3E-A,0.23 €/kWh + 0.23 €
2026-10-09T17:32:23Z,STR-E-OJ3E-B,0.23 €/kWh + 0.23 €
2026-10-09T17:32:23Z,STR-E-OQKZ-A,0.12 €/kWh
2026-10-09T17:32:23Z,STR-E-P7AF-A,0.08 € + 0.17 €/kWh
2026-10-09T17:32:23Z,STR-E-P7AF-B,0.08 € + 0.17 €/kWh
2026-10-09T17:32:23Z,STR-E-PC04-A,0.12 €/kWh
2026-10-09T17:32:23Z,STR-E-PDR2-A,0.12 €/kWh
2026-10-09T17:32:23Z,STR-E-PJCQ-A,0.08 € + 0.17 €/kWh
2026-10-09T17:32:23Z,STR-E-PJCQ-B,0.08 € + 0.17 €/kWh
2026-10-09T17:32:23Z,STR-E-PM3P-A,0.23 €/kWh + 0.23 €
2026-10-09T17:32:23Z,STR-E-PM3P-B,0.23 €/kWh + 0.23 €
2026-10-09T17:32:23Z,STR-E-PRUQ-A,0.12 €/kWh
2026-10-09T17:32:23Z,STR-E-PSU9-A,0.12 €/kWh
2026-10-09T17:32:23Z,STR-E-PZ9U-A,0.12 €/kWh
2026-10-09T17:32:23Z,STR-E-PZES-A,0.12 €/kWh
2026-10-09T17:32:23Z,STR-E-Q5YF-A,0.23 €/kWh + 0.23 €
2026-10-09T17:32:23Z,STR-E-Q5YF-B,0.23 €/kWh + 0.23 €
2026-10-09T17:32:23Z,STR-E-Q7LB-A,0.23 €/kWh + 0.23 €
2026-10-09T17:32:23Z,STR-E-Q7LB-B,0.23 €/kWh + 0.23 €
2026-10-09T17:32:23Z,STR-E-QAXH-A,0.15 € + 0.23 €/kWh
2026-10-09T17:32:23Z,STR-E-QE1X-A,0.08 € + 0.17 €/kWh
2026-10-09T17:32:23Z,STR-E-QE1X-B,0.08 € + 0.17 €/kWh
2026-10-09T17:32:23Z,STR-E-QEDL-A,0.12 €/kWh
2026-10-09T17:32:23Z,STR-E-QIQM-A,0.12 €/kWh
2026-10-09T17:32:23Z,STR-E-QLC9-A,0.22 €/kWh
2026-10-09T17:32:23Z,STR-E-QLC9-B,0.22 €/kWh
2026-10-09T17:32:23Z,STR-E-R0J8-A,0.12 €/kWh
2026-10-09T17:32:23Z,STR-E-R1MT-A,0.23 €/kWh + 0.23 €
2026-10-09T17:32:23Z,STR-E-R1MT-B,0.23 €/kWh + 0.23 €
2026-10-09T17:32:23Z,STR-E-R1PI-A,0.23 €/kWh + 0.23 €
2026-10-09T17:32:23Z,STR-E-R1PI-B,0.23 €/kWh + 0.23 €
2026-10-09T17:32:23Z,STR-E-R2LK-A,0.23 €/kWh + 0.23 €
2026-10-09T17:32:23Z,STR-E-R2LK-B,0.23 €/kWh + 0.23 €
2026-10-09T17:32:23Z,STR-E-R9GA-A,0.12 €/kWh
2026-10-09T17:32:23Z,STR-E-RJH9-A,0.12 €/kWh
2026-10-09T17:32:23Z,STR-E-RKWJ-A,0.12 €/kWh
2026-10-09T17:32:23Z,STR-E-S42D-A,0.12 €/kWh
2026-10-09T17:32:23Z,STR-E-S7YR-A,0.23 €/kWh + 0.23 €
2026-10-09T17:32:23Z,STR-E-S7YR-B,0.23 €/kWh + 0.23 €
2026-10-09T17:32:23Z,STR-E-SJKA-A,0.12 €/kWh
2026-10-09T17:32:23Z,STR-E-SQX8-A,0.08 € + 0.17 €/kWh
2026-10-09T17:32:23Z,STR-E-SQX8-B,0.08 € + 0.17 €/kWh
2026-10-09T17:32:23Z,STR-E-SVR3-A,0.23 €/kWh + 0.23 €
2026-10-09T17:32:23Z,STR-E-SVR3-B,0.23 €/kWh + 0.23 €
2026-10-09T17:32:23Z,STR-E-SY9Y-A,0.12 €/kWh
2026-10-09T17:32:23Z,STR-E-TO2O-A,0.12 €/kWh
2026-10-09T17:32:23Z,STR-E-TX67-A,0.25 €/kWh
2026-10-09T17:32:23Z,STR-E-TX67-B,0.25 €/kWh
2026-10-09T17:32:23Z,STR-E-U5TP-A,0.12 €/kWh
2026-10-09T17:32:23Z,STR-E-UKPS-A,0.15 € + 0.23 €/kWh
2026-10-09T17:32:23Z,STR-E-UPAQ-A,0.22 €/kWh
2026-10-09T17:32:23Z,STR-E-UPAQ-B,0.22 €/kWh
2026-10-09T17:32:23Z,STR-E-UPOS-A,0.08 € + 0.17 €/kWh
2026-10-09T17:32:23Z,STR-E-UPOS-B,0.08 € + 0.17 €/kWh
2026-10-09T17:32:23Z,STR-E-UY5H-A,0.12 €/kWh
2026-10-09T17:32:23Z,STR-E-V17G-A,0.12 €/kWh
2026-10-09T17:32:23Z,STR-E-V31J-A,0.12 €/kWh
2026-10-09T17:32:23Z,STR-E-V50T-A,0.12 €/kWh
2026-10-09T17:32:23Z,STR-E-V9SD-A,0.12 €/kWh
2026-10-09T17:32:23Z,STR-E-V9ZR-A,0.12 €/kWh
2026-10-09T17:32:23Z,STR-E-VBMP-A,0.12 €/kWh
2026-10-09T17:32:23Z,STR-E-VPDB-A,0.12 €/kWh
2026-10-09T17:32:23Z,STR-E-VSDJ-A,0.25 €/kWh
2026-10-09T17:32:23Z,STR-E-VSDJ-B,0.25 €/kWh
2026-10-09T17:32:23Z,STR-E-VT0G-A,0.12 €/kWh
2026-10-09T17:32:23Z,STR-E-VXGH-A,0.12 €/kWh
2026-10-09T17:32:23Z,STR-E-W1X4-A,0.12 €/kWh
2026-10-09T17:32:23Z,STR-E-WEE3-A,0.23 €/kWh + 0.23 €
2026-10-09T17:32:23Z,STR-E-WEE3-B,0.23 €/kWh + 0.23 €
2026-10-09T17:32:23Z,STR-E-WXV8-A,0.12 €/kWh
2026-10-09T17:32:23Z,STR-E-WYYC-A,0.23 €/kWh + 0.23 €
2026-10-09T17:32:23Z,STR-E-WYYC-B,0.23 €/kWh + 0.23 €
2026-10-09T17:32:23Z,STR-E-WZW9-A,0.12 €/kWh
2026-10-09T17:32:23Z,STR-E-X525-A,0.12 €/kWh
2026-10-09T17:32:23Z,STR-E-XCMJ-A,0.08 € + 0.17 €/kWh
2026-10-09T17:32:23Z,STR-E-XCMJ-B,0.08 € + 0.17 €/kWh
2026-10-09T17:32:23Z,STR-E-XFON-A,0.12 €/kWh
2026-10-09T17:32:23Z,STR-E-XG69-A,0.08 € + 0.17 €/kWh
2026-10-09T17:32:23Z,STR-E-XG69-B,0.08 € + 0.17 €/kWh
2026-10-09T17:32:23Z,STR-E-XKW2-A,0.23 €/kWh + 0.23 €
2026-10-09T17:32:23Z,STR-E-XKW2-B,0.23 €/kWh + 0.23 €
2026-10-09T17:32:23Z,STR-E-YC50-A,0.12 €/kWh
2026-10-09T17:32:23Z,STR-E-Z2PJ-A,0.08 € + 0.17 €/kWh
2026-10-09T17:32:23Z,STR-E-Z2PJ-B,0.08 € + 0.17 €/kWh
2026-10-09T17:32:23Z,STR-E-ZA6O-A,0.12 €/kWh
2026-10-09T17:32:23Z,STR-E-ZS00-A,0.23 €/kWh + 0.23 €
2026-10-09T17:32:23Z,STR-E-ZS00-B,0.23 €/kWh + 0.23 €
2026-10-09T17:32:23Z,STR-E-ZWU5-A,0.08 € + 0.17 €/kWh
2026-10-09T17:32:23Z,STR-E-ZWU5-B,0.08 € + 0.17 €/kWh
2026-10-09T17:46:23Z,IKR-E-E475-A,0.3 € + 0.39 €/kWh
2026-10-09T17:46:23Z,IKR-E-E544-A,0.3 € + 0.39 €/kWh
2026-10-09T17:46:23Z,IKR-E-MAU9-A,0.29 € + 0.29 €/kWh
2026-10-09T17:46:23Z,IKR-E-OWF5-A,0.3 € + 0.41 €/kWh
2026-10-09T17:46:23Z,IKR-E-W6HQ-A,0.29 € + 0.29 €/kWh
2026-10-09T17:46:23Z,IKR-E-Y2Z8-A,0.3 € + 0.33 €/kWh
2026-10-09T17:46:23Z,IKR-P-SCM5-A,0.3 € + 0.41 €/kWh
2026-10-09T17:46:23Z,IKR-P-V9X4-A,0.3 € + 0.41 €/kWh
2026-10-09T17:46:23Z,IKR-P-V9X4-B,0.3 € + 0.41 €/kWh
2026-10-09T17:46:23Z,STR-E-027B-A,0.2 €/kWh + 0.23 €
2026-10-09T17:46:23Z,STR-E-027B-B,0.2 €/kWh + 0.23 €
2026-10-09T17:46:23Z,STR-E-02VO-A,0.23 €/kWh
2026-10-09T17:46:23Z,STR-E-02VO-B,0.23 €/kWh
2026-10-09T17:46:23Z,STR-E-04YS-A,0 € + 0.19 €/kWh
2026-10-09T17:46:23Z,STR-E-051F-A,0.08 € + 0.15 €/kWh
2026-10-09T17:46:23Z,STR-E-0698-A,0.1 €/kWh
2026-10-09T17:46:23Z,STR-E-0GEL-A,0.1 €/kWh
2026-10-09T17:46:23Z,STR-E-10G9-A,0.08 € + 0.15 €/kWh
2026-10-09T17:46:23Z,STR-E-10G9-B,0.08 € + 0.15 €/kWh
2026-10-09T17:46:23Z,STR-E-1162-A,0.1 €/kWh
2026-10-09T17:46:23Z,STR-E-11DT-A,0.1 €/kWh
2026-10-09T17:46:23Z,STR-E-1887-A,0.1 €/kWh
2026-10-09T17:46:23Z,STR-E-1927-A,0.1 €/kWh
2026-10-09T17:46:23Z,STR-E-1ME5-A,0.08 € + 0.15 €/kWh
2026-10-09T17:46:23Z,STR-E-1ME5-B,0.08 € + 0.15 €/kWh
2026-10-09T17:46:23Z,STR-E-1MHB-A,0.32 €/kWh
2026-10-09T17:46:23Z,STR-E-1MJQ-A,0.1 €/kWh
2026-10-09T17:46:23Z,STR-E-1X30-A,0 € + 0.19 €/kWh
2026-10-09T17:46:23Z,STR-E-21O1-A,0.2 €/kWh
2026-10-09T17:46:23Z,STR-E-21O1-B,0.2 €/kWh
2026-10-09T17:46:23Z,STR-E-2446-A,0 € + 0.19 €/kWh
2026-10-09T17:46:23Z,STR-E-2D12-A,0.1 €/kWh
2026-10-09T17:46:23Z,STR-E-2ED4-A,0.1 €/kWh
2026-10-09T17:46:23Z,STR-E-2K1Q-A,0 € + 0.19 €/kWh
2026-10-09T17:46:23Z,STR-E-2XDJ-A,0 € + 0.19 €/kWh
2026-10-09T17:46:23Z,STR-E-320G-A,0.1 €/kWh
2026-10-09T17:46:23Z,STR-E-3468-A,0.2 €/kWh
2026-10-09T17:46:23Z,STR-E-3468-B,0.2 €/kWh
2026-10-09T17:46:23Z,STR-E-3ENA-A,0.2 €/kWh
2026-10-09T17:46:23Z,STR-E-3ENA-B,0.2 €/kWh
2026-10-09T17:46:23Z,STR-E-3ENA-C,0.2 €/kWh
2026-10-09T17:46:23Z,STR-E-3FMF-A,0.2 €/kWh + 0.23 €
2026-10-09T17:46:23Z,STR-E-3FMF-B,0.2 €/kWh + 0.23 €
2026-10-09T17:46:23Z,STR-E-3PZS-A,0.1 €/kWh
2026-10-09T17:46:23Z,STR-E-3SXI-A,0.2 €/kWh
2026-10-09T17:46:23Z,STR-E-3SXI-B,0.2 €/kWh
2026-10-09T17:46:23Z,STR-E-3TZI-A,0.1 €/kWh
2026-10-09T17:46:23Z,STR-E-3WE5-A,0 € + 0.19 €/kWh
2026-10-09T17:46:23Z,STR-E-3YH3-A,0.08 € + 0.15 €/kWh
2026-10-09T17:46:23Z,STR-E-3YH3-B,0.08 € + 0.15 €/kWh
2026-10-09T17:46:23Z,STR-E-4156-A,0.26 €/kWh
2026-10-09T17:46:23Z,STR-E-4156-B,0.26 €/kWh
2026-10-09T17:46:23Z,STR-E-491A-A,0.2 €/kWh
2026-10-09T17:46:23Z,STR-E-491A-B,0.2 €/kWh
2026-10-09T17:46:23Z,STR-E-491A-C,0.2 €/kWh
2026-10-09T17:46:23Z,STR-E-4DE6-A,0.2 €/kWh
2026-10-09T17:46:23Z,STR-E-4DE6-B,0.2 €/kWh
2026-10-09T17:46:23Z,STR-E-4KWM-A,0.3 €/kWh
2026-10-09T17:46:23Z,STR-E-4KWM-B,0.3 €/kWh
2026-10-09T17:46:23Z,STR-E-4LRS-A,0.1 €/kWh
2026-10-09T17:46:23Z,STR-E-4UGU-A,0.1 €/kWh
2026-10-09T17:46:23Z,STR-E-4YKC-A,0 € + 0.19 €/kWh
2026-10-09T17:46:23Z,STR-E-527U-A,0 € + 0.19 €/kWh
2026-10-09T17:46:23Z,STR-E-54PK-A,0.08 € + 0.15 €/kWh
2026-10-09T17:46:23Z,STR-E-54PK-B,0.08 € + 0.15 €/kWh
2026-10-09T17:46:23Z,STR-E-55I4-A,0 € + 0.19 €/kWh
2026-10-09T17:46:23Z,STR-E-566J-A,0 € + 0.19 €/kWh
2026-10-09T17:46:23Z,STR-E-59TF-A,0.08 € + 0.15 €/kWh
2026-10-09T17:46:23Z,STR-E-5DWB-A,0.1 €/kWh
2026-10-09T17:46:23Z,STR-E-5TI5-A,0.1 €/kWh
2026-10-09T17:46:23Z,STR-E-69PN-A,0.1 €/kWh
2026-10-09T17:46:23Z,STR-E-6CNG-A,0.1 €/kWh
2026-10-09T17:46:23Z,STR-E-6E7W-A,0 € + 0.19 €/kWh
2026-10-09T17:46:23Z,STR-E-6SQH-A,0.1 €/kWh
2026-10-09T17:46:23Z,STR-E-6UZQ-A,0.2 €/kWh
2026-10-09T17:46:23Z,STR-E-6UZQ-B,0.2 €/kWh
2026-10-09T17:46:23Z,STR-E-6ZTQ-A,0 € + 0.19 €/kWh
2026-10-09T17:46:23Z,STR-E-7438-A,0 € + 0.19 €/kWh
2026-10-09T17:46:23Z,STR-E-7A48-A,0.08 € + 0.15 €/kWh
2026-10-09T17:46:23Z,STR-E-7YBN-A,0 € + 0.19 €/kWh
2026-10-09T17:46:23Z,STR-E-7Z8G-A,0.3 €/kWh
2026-10-09T17:46:23Z,STR-E-7Z8G-B,0.3 €/kWh
2026-10-09T17:46:23Z,STR-E-86C0-A,0.1 €/kWh
2026-10-09T17:46:23Z,STR-E-88SA-A,0.1 €/kWh
2026-10-09T17:46:23Z,STR-E-8A02-A,0 € + 0.19 €/kWh
2026-10-09T17:46:23Z,STR-E-8M2O-A,0.1 €/kWh
2026-10-09T17:46:23Z,STR-E-8Q9F-A,0 € + 0.19 €/kWh
2026-10-09T17:46:23Z,STR-E-8XL5-A,0.1 €/kWh
2026-10-09T17:46:23Z,STR-E-8Y23-A,0.1 €/kWh
2026-10-09T17:46:23Z,STR-E-92KW-A,0.2 €/kWh + 0.23 €
2026-10-09T17:46:23Z,STR-E-9AH3-A,0 € + 0.19 €/kWh
2026-10-09T17:46:23Z,STR-E-9I2R-A,0.1 €/kWh
2026-10-09T17:46:23Z,STR-E-9TUZ-A,0.1 €/kWh
2026-10-09T17:46:23Z,STR-E-9WY2-A,0.1 €/kWh
2026-10-09T17:46:23Z,STR-E-A169-A,0 € + 0.19 €/kWh
2026-10-09T17:46:23Z,STR-E-A27N-A,0.23 €/kWh
2026-10-09T17:46:23Z,STR-E-A27N-B,0.23 €/kWh
2026-10-09T17:46:23Z,STR-E-A27N-C,0.23 €/kWh
2026-10-09T17:46:23Z,STR-E-A442-A,0.1 €/kWh
2026-10-09T17:46:23Z,STR-E-AABG-A,0.1 €/kWh
2026-10-09T17:46:23Z,STR-E-ACMT-A,0.1 €/kWh
2026-10-09T17:46:23Z,STR-E-ADXE-A,0 € + 0.19 €/kWh
2026-10-09T17:46:23Z,STR-E-AF2O-A,0.08 € + 0.15 €/kWh
2026-10-09T17:46:23Z,STR-E-AMQK-A,0 € + 0.19 €/kWh
2026-10-09T17:46:23Z,STR-E-ANJ0-A,0.2 €/kWh + 0.23 €
2026-10-09T17:46:23Z,STR-E-ANJ0-B,0.2 €/kWh + 0.23 €
2026-10-09T17:46:23Z,STR-E-AP96-A,0.2 €/kWh + 0.23 €
2026-10-09T17:46:23Z,STR-E-AP96-B,0.2 €/kWh + 0.23 €
2026-10-09T17:46:23Z,STR-E-AUQ2-A,0 € + 0.19 €/kWh
2026-10-09T17:46:23Z,STR-E-AWF1-A,0.08 € + 0.15 €/kWh
2026-10-09T17:46:23Z,STR-E-AWF1-B,0.08 € + 0.15 €/kWh
2026-10-09T17:46:23Z,STR-E-AWJ9-A,0.23 €/kWh
2026-10-09T17:46:23Z,STR-E-AWJ9-B,0.23 €/kWh
2026-10-09T17:46:23Z,STR-E-B36V-A,0.19 € + 0.27 €/kWh
2026-10-09T17:46:23Z,STR-E-B36V-B,0.19 € + 0.27 €/kWh
2026-10-09T17:46:23Z,STR-E-BIKW-A,0.2 €/kWh + 0.23 €
2026-10-09T17:46:23Z,STR-E-BIKW-B,0.2 €/kWh + 0.23 €
2026-10-09T17:46:23Z,STR-E-BXA5-A,0.1 €/kWh
2026-10-09T17:46:23Z,STR-E-C91L-A,0.1 €/kWh
2026-10-09T17:46:23Z,STR-E-C99Z-A,0 € + 0.19 €/kWh
2026-10-09T17:46:23Z,STR-E-D3MB-A,0.2 €/kWh + 0.23 €
2026-10-09T17:46:23Z,STR-E-D3MB-B,0.2 €/kWh + 0.23 €
2026-10-09T17:46:23Z,STR-E-DBCC-A,0.08 € + 0.15 €/kWh
2026-10-09T17:46:23Z,STR-E-DBCC-B,0.08 € + 0.15 €/kWh
2026-10-09T17:46:23Z,STR-E-DHEJ-A,0 € + 0.19 €/kWh
2026-10-09T17:46:23Z,STR-E-E0DZ-A,0.2 €/kWh
2026-10-09T17:46:23Z,STR-E-E0DZ-B,0.2 €/kWh
2026-10-09T17:46:23Z,STR-E-E7HH-A,0.1 €/kWh
2026-10-09T17:46:23Z,STR-E-ECI7-A,0 € + 0.19 €/kWh
2026-10-09T17:46:23Z,STR-E-EFXK-A,0 € + 0.19 €/kWh
2026-10-09T17:46:23Z,STR-E-ELFQ-A,0.2 €/kWh + 0.23 €
2026-10-09T17:46:23Z,STR-E-ELFQ-B,0.2 €/kWh + 0.23 €
2026-10-09T17:46:23Z,STR-E-EPQY-A,0 € + 0.19 €/kWh
2026-10-09T17:46:23Z,STR-E-ER2N-A,0 € + 0.19 €/kWh
2026-10-09T17:46:23Z,STR-E-ES3O-A,0 € + 0.19 €/kWh
2026-10-09T17:46:23Z,STR-E-EU1U-A,0.1 €/kWh
2026-10-09T17:46:23Z,STR-E-F2G0-A,0.08 € + 0.15 €/kWh
2026-10-09T17:46:23Z,STR-E-F2G0-B,0.08 € + 0.15 €/kWh
2026-10-09T17:46:23Z,STR-E-F4B3-A,0.1 €/kWh
2026-10-09T17:46:23Z,STR-E-F5LZ-A,0.1 €/kWh
2026-10-09T17:46:23Z,STR-E-F79A-A,0.2 €/kWh + 0.23 €
2026-10-09T17:46:23Z,STR-E-F79A-B,0.2 €/kWh + 0.23 €
2026-10-09T17:46:23Z,STR-E-FGMF-A,0.1 €/kWh
2026-10-09T17:46:23Z,STR-E-FK06-A,0.1 €/kWh
2026-10-09T17:46:23Z,STR-E-FKUY-A,0 € + 0.19 €/kWh
2026-10-09T17:46:23Z,STR-E-FUE8-A,0.08 € + 0.15 €/kWh
2026-10-09T17:46:23Z,STR-E-FUE8-B,0.08 € + 0.15 €/kWh
2026-10-09T17:46:23Z,STR-E-G4VM-A,0.1 €/kWh
2026-10-09T17:46:23Z,STR-E-G518-A,0.1 €/kWh
2026-10-09T17:46:23Z,STR-E-GB9A-A,0.1 €/kWh
2026-10-09T17:46:23Z,STR-E-GE77-A,0.3 €/kWh
2026-10-09T17:46:23Z,STR-E-GE77-B,0.3 €/kWh
2026-10-09T17:46:23Z,STR-E-GFB3-A,0 € + 0.19 €/kWh
2026-10-09T17:46:23Z,STR-E-GGV8-A,0.1 €/kWh
2026-10-09T17:46:23Z,STR-E-GHJA-A,0.1 €/kWh
2026-10-09T17:46:23Z,STR-E-GK0C-A,0 € + 0.19 €/kWh
2026-10-09T17:46:23Z,STR-E-GR5K-A,0.1 €/kWh
2026-10-09T17:46:23Z,STR-E-H6Q5-A,0.1 €/kWh
2026-10-09T17:46:23Z,STR-E-HHXV-A,0 € + 0.19 €/kWh
2026-10-09T17:46:23Z,STR-E-I1KE-A,0 € + 0.19 €/kWh
2026-10-09T17:46:23Z,STR-E-I4UZ-A,0.1 €/kWh
2026-10-09T17:46:23Z,STR-E-I5FH-A,0.1 €/kWh
2026-10-09T17:46:23Z,STR-E-I8C6-A,0.1 €/kWh
2026-10-09T17:46:23Z,STR-E-IA3X-A,0.1 €/kWh
2026-10-09T17:46:23Z,STR-E-IAO5-A,0 € + 0.19 €/kWh
2026-10-09T17:46:23Z,STR-E-IGH5-A,0.2 €/kWh + 0.23 €
2026-10-09T17:46:23Z,STR-E-IGH5-B,0.2 €/kWh + 0.23 €
2026-10-09T17:46:23Z,STR-E-IIKL-A,0.08 € + 0.15 €/kWh
2026-10-09T17:46:23Z,STR-E-IIKL-B,0.08 € + 0.15 €/kWh
2026-10-09T17:46:23Z,STR-E-IPEC-A,0 € + 0.19 €/kWh
2026-10-09T17:46:23Z,STR-E-IV6T-A,0 € + 0.19 €/kWh
2026-10-09T17:46:23Z,STR-E-J54N-A,0 € + 0.19 €/kWh
2026-10-09T17:46:23Z,STR-E-J6DA-A,0 € + 0.19 €/kWh
2026-10-09T17:46:23Z,STR-E-J8VF-A,0 € + 0.19 €/kWh
2026-10-09T17:46:23Z,STR-E-JG90-A,0.11 €/kWh + 0.3 €
2026-10-09T17:46:23Z,STR-E-JG90-B,0.11 €/kWh + 0.3 €
2026-10-09T17:46:23Z,STR-E-JMOR-A,0 € + 0.19 €/kWh
2026-10-09T17:46:23Z,STR-E-JVO0-A,0.1 €/kWh
2026-10-09T17:46:23Z,STR-E-K217-A,0 € + 0.19 €/kWh
2026-10-09T17:46:23Z,STR-E-K73C-A,0.2 €/kWh + 0.23 €
2026-10-09T17:46:23Z,STR-E-K73C-B,0.2 €/kWh + 0.23 €
2026-10-09T17:46:23Z,STR-E-KBZL-A,0.1 €/kWh
2026-10-09T17:46:23Z,STR-E-KOHN-A,0 € + 0.19 €/kWh
2026-10-09T17:46:23Z,STR-E-KT5B-A,0 € + 0.19 €/kWh
2026-10-09T17:46:23Z,STR-E-KUKS-A,0.08 € + 0.15 €/kWh
2026-10-09T17:46:23Z,STR-E-KUKS-B,0.08 € + 0.15 €/kWh
2026-10-09T17:46:23Z,STR-E-L84D-A,0.1 €/kWh
2026-10-09T17:46:23Z,STR-E-LISV-A,0.1 €/kWh
2026-10-09T17:46:23Z,STR-E-LKFQ-A,0.1 €/kWh
2026-10-09T17:46:23Z,STR-E-LREY-A,0.32 €/kWh
2026-10-09T17:46:23Z,STR-E-M1IB-A,0.1 €/kWh
2026-10-09T17:46:23Z,STR-E-M8WL-A,0.1 €/kWh
2026-10-09T17:46:23Z,STR-E-M9W7-A,0.1 €/kWh
2026-10-09T17:46:23Z,STR-E-MIP3-A,0.2 €/kWh
2026-10-09T17:46:23Z,STR-E-MIP3-B,0.2 €/kWh
2026-10-09T17:46:23Z,STR-E-MSEN-A,0.1 €/kWh
2026-10-09T17:46:23Z,STR-E-MSUL-A,0.1 €/kWh
2026-10-09T17:46:23Z,STR-E-N6P5-A,0.1 €/kWh
2026-10-09T17:46:23Z,STR-E-NCKT-A,0.08 € + 0.15 €/kWh
2026-10-09T17:46:23Z,STR-E-NCKT-B,0.08 € + 0.15 €/kWh
2026-10-09T17:46:23Z,STR-E-NDU2-A,0 € + 0.19 €/kWh
2026-10-09T17:46:23Z,STR-E-NDZ4-A,0 € + 0.19 €/kWh
2026-10-09T17:46:23Z,STR-E-NFV5-A,0 € + 0.19 €/kWh
2026-10-09T17:46:23Z,STR-E-NNGC-A,0.1 €/kWh
2026-10-09T17:46:23Z,STR-E-NSGB-A,0 € + 0.19 €/kWh
2026-10-09T17:46:23Z,STR-E-NY0Q-A,0.15 € + 0.2 €/kWh
2026-10-09T17:46:23Z,STR-E-O0VK-A,0.1 €/kWh
2026-10-09T17:46:23Z,STR-E-O5JX-A,0 € + 0.19 €/kWh
2026-10-09T17:46:23Z,STR-E-O5YW-A,0.08 € + 0.15 €/kWh
2026-10-09T17:46:23Z,STR-E-O5YW-B,0.08 € + 0.15 €/kWh
2026-10-09T17:46:23Z,STR-E-ODBK-A,0.3 €/kWh
2026-10-09T17:46:23Z,STR-E-ODBK-B,0.3 €/kWh
2026-10-09T17:46:23Z,STR-E-OFWF-A,0 € + 0.19 €/kWh
2026-10-09T17:46:23Z,STR-E-OG1X-A,0.1 €/kWh
2026-10-09T17:46:23Z,STR-E-OHH6-A,0 € + 0.19 €/kWh
2026-10-09T17:46:23Z,STR-E-OJ3E-A,0.2 €/kWh + 0.23 €
2026-10-09T17:46:23Z,STR-E-OJ3E-B,0.2 €/kWh + 0.23 €
2026-10-09T17:46:23Z,STR-E-OQKZ-A,0.1 €/kWh
2026-10-09T17:46:23Z,STR-E-P46N-A,0 € + 0.19 €/kWh
2026-10-09T17:46:23Z,STR-E-P7AF-A,0.08 € + 0.15 €/kWh
2026-10-09T17:46:23Z,STR-E-P7AF-B,0.08 € + 0.15 €/kWh
2026-10-09T17:46:23Z,STR-E-PC04-A,0.1 €/kWh
2026-10-09T17:46:23Z,STR-E-PDR2-A,0.1 €/kWh
2026-10-09T17:46:23Z,STR-E-PJCQ-A,0.08 € + 0.15 €/kWh
2026-10-09T17:46:23Z,STR-E-PJCQ-B,0.08 € + 0.15 €/kWh
2026-10-09T17:46:23Z,STR-E-PM3P-A,0.2 €/kWh + 0.23 €
2026-10-09T17:46:23Z,STR-E-PM3P-B,0.2 €/kWh + 0.23 €
2026-10-09T17:46:23Z,STR-E-PRUQ-A,0.1 €/kWh
2026-10-09T17:46:23Z,STR-E-PSU9-A,0.1 €/kWh
2026-10-09T17:46:23Z,STR-E-PZ9U-A,0.1 €/kWh
2026-10-09T17:46:23Z,STR-E-PZES-A,0.1 €/kWh
2026-10-09T17:46:23Z,STR-E-Q5YF-A,0.2 €/kWh + 0.23 €
2026-10-09T17:46:23Z,STR-E-Q5YF-B,0.2 €/kWh + 0.23 €
2026-10-09T17:46:23Z,STR-E-Q7LB-A,0.2 €/kWh + 0.23 €
2026-10-09T17:46:23Z,STR-E-Q7LB-B,0.2 €/kWh + 0.23 €
2026-10-09T17:46:23Z,STR-E-QAXH-A,0.15 € + 0.2 €/kWh
2026-10-09T17:46:23Z,STR-E-QE1X-A,0.08 € + 0.15 €/kWh
2026-10-09T17:46:23Z,STR-E-QE1X-B,0.08 € + 0.15 €/kWh
2026-10-09T17:46:23Z,STR-E-QEDL-A,0.1 €/kWh
2026-10-09T17:46:23Z,STR-E-QIQM-A,0.1 €/kWh
2026-10-09T17:46:23Z,STR-E-QLC9-A,0.2 €/kWh
2026-10-09T17:46:23Z,STR-E-QLC9-B,0.2 €/kWh
2026-10-09T17:46:23Z,STR-E-R0J8-A,0.1 €/kWh
2026-10-09T17:46:23Z,STR-E-R1MT-A,0.2 €/kWh + 0.23 €
2026-10-09T17:46:23Z,STR-E-R1MT-B,0.2 €/kWh + 0.23 €
2026-10-09T17:46:23Z,STR-E-R1PI-A,0.2 €/kWh + 0.23 €
2026-10-09T17:46:23Z,STR-E-R1PI-B,0.2 €/kWh + 0.23 €
2026-10-09T17:46:23Z,STR-E-R2LK-A,0.2 €/kWh + 0.23 €
2026-10-09T17:46:23Z,STR-E-R2LK-B,0.2 €/kWh + 0.23 €
2026-10-09T17:46:23Z,STR-E-R8PQ-A,0 € + 0.19 €/kWh
2026-10-09T17:46:23Z,STR-E-R9GA-A,0.1 €/kWh
2026-10-09T17:46:23Z,STR-E-RJH9-A,0.1 €/kWh
2026-10-09T17:46:23Z,STR-E-RKWJ-A,0.1 €/kWh
2026-10-09T17:46:23Z,STR-E-S42D-A,0.1 €/kWh
2026-10-09T17:46:23Z,STR-E-S6VR-A,0 € + 0.19 €/kWh
2026-10-09T17:46:23Z,STR-E-S7YR-A,0.2 €/kWh + 0.23 €
2026-10-09T17:46:23Z,STR-E-S7YR-B,0.2 €/kWh + 0.23 €
2026-10-09T17:46:23Z,STR-E-SGC2-A,0 € + 0.19 €/kWh
2026-10-09T17:46:23Z,STR-E-SJKA-A,0.1 €/kWh
2026-10-09T17:46:23Z,STR-E-SQX8-A,0.08 € + 0.15 €/kWh
2026-10-09T17:46:23Z,STR-E-SQX8-B,0.08 € + 0.15 €/kWh
2026-10-09T17:46:23Z,STR-E-SVR3-A,0.2 €/kWh + 0.23 €
2026-10-09T17:46:23Z,STR-E-SVR3-B,0.2 €/kWh + 0.23 €
2026-10-09T17:46:23Z,STR-E-SY9Y-A,0.1 €/kWh
2026-10-09T17:46:23Z,STR-E-TO2O-A,0.1 €/kWh
2026-10-09T17:46:23Z,STR-E-TX67-A,0.23 €/kWh
2026-10-09T17:46:23Z,STR-E-TX67-B,0.23 €/kWh
2026-10-09T17:46:23Z,STR-E-U41O-A,0 € + 0.19 €/kWh
2026-10-09T17:46:23Z,STR-E-U5TP-A,0.1 €/kWh
2026-10-09T17:46:23Z,STR-E-UKPS-A,0.15 € + 0.2 €/kWh
2026-10-09T17:46:23Z,STR-E-UPAQ-A,0.2 €/kWh
2026-10-09T17:46:23Z,STR-E-UPAQ-B,0.2 €/kWh
2026-10-09T17:46:23Z,STR-E-UPOS-A,0.08 € + 0.15 €/kWh
2026-10-09T17:46:23Z,STR-E-UPOS-B,0.08 € + 0.15 €/kWh
2026-10-09T17:46:23Z,STR-E-UY5H-A,0.1 €/kWh
2026-10-09T17:46:23Z,STR-E-V17G-A,0.1 €/kWh
2026-10-09T17:46:23Z,STR-E-V31J-A,0.1 €/kWh
2026-10-09T17:46:23Z,STR-E-V50T-A,0.1 €/kWh
2026-10-09T17:46:23Z,STR-E-V9SD-A,0.1 €/kWh
2026-10-09T17:46:23Z,STR-E-V9ZR-A,0.1 €/kWh
2026-10-09T17:46:23Z,STR-E-VBMP-A,0.1 €/kWh
2026-10-09T17:46:23Z,STR-E-VJBJ-A,0 € + 0.19 €/kWh
2026-10-09T17:46:23Z,STR-E-VPDB-A,0.1 €/kWh
2026-10-09T17:46:23Z,STR-E-VQ06-A,0 € + 0.19 €/kWh
2026-10-09T17:46:23Z,STR-E-VSDJ-A,0.23 €/kWh
2026-10-09T17:46:23Z,STR-E-VSDJ-B,0.23 €/kWh
2026-10-09T17:46:23Z,STR-E-VT0G-A,0.1 €/kWh
2026-10-09T17:46:23Z,STR-E-VX2O-A,0 € + 0.19 €/kWh
2026-10-09T17:46:23Z,STR-E-VXGH-A,0.1 €/kWh
2026-10-09T17:46:23Z,STR-E-W1X4-A,0.1 €/kWh
2026-10-09T17:46:23Z,STR-E-WEE3-A,0.2 €/kWh + 0.23 €
2026-10-09T17:46:23Z,STR-E-WEE3-B,0.2 €/kWh + 0.23 €
2026-10-09T17:46:23Z,STR-E-WHZ1-A,0 € + 0.19 €/kWh
2026-10-09T17:46:23Z,STR-E-WLGM-A,0 € + 0.19 €/kWh
2026-10-09T17:46:23Z,STR-E-WTQ5-A,0.2 €/kWh
2026-10-09T17:46:23Z,STR-E-WXV8-A,0.1 €/kWh
2026-10-09T17:46:23Z,STR-E-WYFE-A,0.2 €/kWh
2026-10-09T17:46:23Z,STR-E-WYFE-B,0.2 €/kWh
2026-10-09T17:46:23Z,STR-E-WYYC-A,0.2 €/kWh + 0.23 €
2026-10-09T17:46:23Z,STR-E-WYYC-B,0.2 €/kWh + 0.23 €
2026-10-09T17:46:23Z,STR-E-WZW9-A,0.1 €/kWh
2026-10-09T17:46:23Z,STR-E-X525-A,0.1 €/kWh
2026-10-09T17:46:23Z,STR-E-X54O-A,0 € + 0.19 €/kWh
2026-10-09T17:46:23Z,STR-E-XCMJ-A,0.08 € + 0.15 €/kWh
2026-10-09T17:46:23Z,STR-E-XCMJ-B,0.08 € + 0.15 €/kWh
2026-10-09T17:46:23Z,STR-E-XFON-A,0.1 €/kWh
2026-10-09T17:46:23Z,STR-E-XG69-A,0.08 € + 0.15 €/kWh
2026-10-09T17:46:23Z,STR-E-XG69-B,0.08 € + 0.15 €/kWh
2026-10-09T17:46:23Z,STR-E-XH51-A,0 € + 0.19 €/kWh
2026-10-09T17:46:23Z,STR-E-XKW2-A,0.2 €/kWh + 0.23 €
2026-10-09T17:46:23Z,STR-E-XKW2-B,0.2 €/kWh + 0.23 €
2026-10-09T17:46:23Z,STR-E-XRV8-A,0 € + 0.19 €/kWh
2026-10-09T17:46:23Z,STR-E-Y7JK-A,0 € + 0.19 €/kWh
2026-10-09T17:46:23Z,STR-E-Y82E-A,0 € + 0.19 €/kWh
2026-10-09T17:46:23Z,STR-E-YC50-A,0.1 €/kWh
2026-10-09T17:46:23Z,STR-E-Z2PJ-A,0.08 € + 0.15 €/kWh
2026-10-09T17:46:23Z,STR-E-Z2PJ-B,0.08 € + 0.15 €/kWh
2026-10-09T17:46:23Z,STR-E-ZA6O-A,0.1 €/kWh
2026-10-09T17:46:23Z,STR-E-ZEP7-A,0 € + 0.19 €/kWh
2026-10-09T17:46:23Z,STR-E-ZIAZ-A,0 € + 0.19 €/kWh
2026-10-09T17:46:23Z,STR-E-ZK9W-A,0 € + 0.19 €/kWh
2026-10-09T17:46:23Z,STR-E-ZS00-A,0.2 €/kWh + 0.23 €
2026-10-09T17:46:23Z,STR-E-ZS00-B,0.2 €/kWh + 0.23 €
2026-10-09T17:46:23Z,STR-E-ZWU5-A,0.08 € + 0.15 €/kWh
2026-10-09T17:46:23Z,STR-E-ZWU5-B,0.08 € + 0.15 €/kWh
2026-10-09T18:01:08Z,IKR-E-E228-A,0.3 € + 0.36 €/kWh
2026-10-09T18:01:08Z,IKR-E-EKZA-A,0.3 € + 0.36 €/kWh
2026-10-09T18:01:08Z,IKR-E-J1JV-A,0.3 € + 0.36 €/kWh
2026-10-09T18:01:08Z,IKR-E-MAU9-A,0.29 € + 0.28 €/kWh
2026-10-09T18:01:08Z,IKR-E-OWF5-A,0.3 € + 0.4 €/kWh
2026-10-09T18:01:08Z,IKR-E-W6HQ-A,0.29 € + 0.28 €/kWh
2026-10-09T18:01:08Z,IKR-P-SCM5-A,0.3 € + 0.4 €/kWh
2026-10-09T18:01:08Z,IKR-P-V9X4-A,0.3 € + 0.4 €/kWh
2026-10-09T18:01:08Z,IKR-P-V9X4-B,0.3 € + 0.4 €/kWh
2026-10-09T18:01:08Z,STR-E-027B-A,0.23 €/kWh + 0.23 €
2026-10-09T18:01:08Z,STR-E-027B-B,0.23 €/kWh + 0.23 €
2026-10-09T18:01:08Z,STR-E-02VO-A,0.25 €/kWh
2026-10-09T18:01:08Z,STR-E-02VO-B,0.25 €/kWh
2026-10-09T18:01:08Z,STR-E-04YS-A,0 € + 0.22 €/kWh
2026-10-09T18:01:08Z,STR-E-051F-A,0.08 € + 0.17 €/kWh
2026-10-09T18:01:08Z,STR-E-0698-A,0.12 €/kWh
2026-10-09T18:01:08Z,STR-E-0GEL-A,0.12 €/kWh
2026-10-09T18:01:08Z,STR-E-10G9-A,0.08 € + 0.17 €/kWh
2026-10-09T18:01:08Z,STR-E-10G9-B,0.08 € + 0.17 €/kWh
2026-10-09T18:01:08Z,STR-E-1162-A,0.12 €/kWh
2026-10-09T18:01:08Z,STR-E-11DT-A,0.12 €/kWh
2026-10-09T18:01:08Z,STR-E-1887-A,0.12 €/kWh
2026-10-09T18:01:08Z,STR-E-1927-A,0.12 €/kWh
2026-10-09T18:01:08Z,STR-E-1ME5-A,0.08 € + 0.17 €/kWh
2026-10-09T18:01:08Z,STR-E-1ME5-B,0.08 € + 0.17 €/kWh
2026-10-09T18:01:08Z,STR-E-1MHB-A,0.36 €/kWh
2026-10-09T18:01:08Z,STR-E-1MJQ-A,0.12 €/kWh
2026-10-09T18:01:08Z,STR-E-1X30-A,0 € + 0.22 €/kWh
2026-10-09T18:01:08Z,STR-E-21O1-A,0.23 €/kWh
2026-10-09T18:01:08Z,STR-E-21O1-B,0.23 €/kWh
2026-10-09T18:01:08Z,STR-E-2446-A,0 € + 0.22 €/kWh
2026-10-09T18:01:08Z,STR-E-2D12-A,0.12 €/kWh
2026-10-09T18:01:08Z,STR-E-2ED4-A,0.12 €/kWh
2026-10-09T18:01:08Z,STR-E-2K1Q-A,0 € + 0.22 €/kWh
2026-10-09T18:01:08Z,STR-E-2XDJ-A,0 € + 0.22 €/kWh
2026-10-09T18:01:08Z,STR-E-320G-A,0.12 €/kWh
2026-10-09T18:01:08Z,STR-E-3468-A,0.23 €/kWh
2026-10-09T18:01:08Z,STR-E-3468-B,0.23 €/kWh
2026-10-09T18:01:08Z,STR-E-3ENA-A,0.23 €/kWh
2026-10-09T18:01:08Z,STR-E-3ENA-B,0.23 €/kWh
2026-10-09T18:01:08Z,STR-E-3ENA-C,0.23 €/kWh
2026-10-09T18:01:08Z,STR-E-3FMF-A,0.23 €/kWh + 0.23 €
2026-10-09T18:01:08Z,STR-E-3FMF-B,0.23 €/kWh + 0.23 €
2026-10-09T18:01:08Z,STR-E-3PZS-A,0.12 €/kWh
2026-10-09T18:01:08Z,STR-E-3SXI-A,0.23 €/kWh
2026-10-09T18:01:08Z,STR-E-3SXI-B,0.23 €/kWh
2026-10-09T18:01:08Z,STR-E-3TZI-A,0.12 €/kWh
2026-10-09T18:01:08Z,STR-E-3WE5-A,0 € + 0.22 €/kWh
2026-10-09T18:01:08Z,STR-E-3YH3-A,0.08 € + 0.17 €/kWh
2026-10-09T18:01:08Z,STR-E-3YH3-B,0.08 € + 0.17 €/kWh
2026-10-09T18:01:08Z,STR-E-4156-A,0.28 €/kWh
2026-10-09T18:01:08Z,STR-E-4156-B,0.28 €/kWh
2026-10-09T18:01:08Z,STR-E-491A-A,0.22 €/kWh
2026-10-09T18:01:08Z,STR-E-491A-B,0.22 €/kWh
2026-10-09T18:01:08Z,STR-E-491A-C,0.22 €/kWh
2026-10-09T18:01:08Z,STR-E-4DE6-A,0.22 €/kWh
2026-10-09T18:01:08Z,STR-E-4DE6-B,0.22 €/kWh
2026-10-09T18:01:08Z,STR-E-4KWM-A,0.32 €/kWh
2026-10-09T18:01:08Z,STR-E-4KWM-B,0.32 €/kWh
2026-10-09T18:01:08Z,STR-E-4LRS-A,0.12 €/kWh
2026-10-09T18:01:08Z,STR-E-4UGU-A,0.12 €/kWh
2026-10-09T18:01:08Z,STR-E-4YKC-A,0 € + 0.22 €/kWh
2026-10-09T18:01:08Z,STR-E-527U-A,0 € + 0.22 €/kWh
2026-10-09T18:01:08Z,STR-E-54PK-A,0.08 € + 0.17 €/kWh
2026-10-09T18:01:08Z,STR-E-54PK-B,0.08 € + 0.17 €/kWh
2026-10-09T18:01:08Z,STR-E-55I4-A,0 € + 0.22 €/kWh
2026-10-09T18:01:08Z,STR-E-566J-A,0 € + 0.22 €/kWh
2026-10-09T18:01:08Z,STR-E-59TF-A,0.08 € + 0.17 €/kWh
2026-10-09T18:01:08Z,STR-E-5DWB-A,0.12 €/kWh
2026-10-09T18:01:08Z,STR-E-5TI5-A,0.12 €/kWh
2026-10-09T18:01:08Z,STR-E-69PN-A,0.12 €/kWh
2026-10-09T18:01:08Z,STR-E-6CNG-A,0.12 €/kWh
2026-10-09T18:01:08Z,STR-E-6E7W-A,0 € + 0.22 €/kWh
2026-10-09T18:01:08Z,STR-E-6SQH-A,0.12 €/kWh
2026-10-09T18:01:08Z,STR-E-6UZQ-A,0.23 €/kWh
2026-10-09T18:01:08Z,STR-E-6UZQ-B,0.23 €/kWh
2026-10-09T18:01:08Z,STR-E-6ZTQ-A,0 € + 0.22 €/kWh
2026-10-09T18:01:08Z,STR-E-7438-A,0 € + 0.22 €/kWh
2026-10-09T18:01:08Z,STR-E-7A48-A,0.08 € + 0.17 €/kWh
2026-10-09T18:01:08Z,STR-E-7YBN-A,0 € + 0.22 €/kWh
2026-10-09T18:01:08Z,STR-E-7Z8G-A,0.32 €/kWh
2026-10-09T18:01:08Z,STR-E-7Z8G-B,0.32 €/kWh
2026-10-09T18:01:08Z,STR-E-86C0-A,0.12 €/kWh
2026-10-09T18:01:08Z,STR-E-88SA-A,0.12 €/kWh
2026-10-09T18:01:08Z,STR-E-8A02-A,0 € + 0.22 €/kWh
2026-10-09T18:01:08Z,STR-E-8M2O-A,0.12 €/kWh
2026-10-09T18:01:08Z,STR-E-8Q9F-A,0 € + 0.22 €/kWh
2026-10-09T18:01:08Z,STR-E-8XL5-A,0.12 €/kWh
2026-10-09T18:01:08Z,STR-E-8Y23-A,0.12 €/kWh
2026-10-09T18:01:08Z,STR-E-92KW-A,0.23 €/kWh + 0.23 €
2026-10-09T18:01:08Z,STR-E-9AH3-A,0 € + 0.22 €/kWh
2026-10-09T18:01:08Z,STR-E-9I2R-A,0.12 €/kWh
2026-10-09T18:01:08Z,STR-E-9TUZ-A,0.12 €/kWh
2026-10-09T18:01:08Z,STR-E-9WY2-A,0.12 €/kWh
2026-10-09T18:01:08Z,STR-E-A169-A,0 € + 0.22 €/kWh
2026-10-09T18:01:08Z,STR-E-A27N-A,0.25 €/kWh
2026-10-09T18:01:08Z,STR-E-A27N-B,0.25 €/kWh
2026-10-09T18:01:08Z,STR-E-A27N-C,0.25 €/kWh
2026-10-09T18:01:08Z,STR-E-A442-A,0.12 €/kWh
2026-10-09T18:01:08Z,STR-E-AABG-A,0.12 €/kWh
2026-10-09T18:01:08Z,STR-E-ACMT-A,0.12 €/kWh
2026-10-09T18:01:08Z,STR-E-ADXE-A,0 € + 0.22 €/kWh
2026-10-09T18:01:08Z,STR-E-AF2O-A,0.08 € + 0.17 €/kWh
2026-10-09T18:01:08Z,STR-E-AMQK-A,0 € + 0.22 €/kWh
2026-10-09T18:01:08Z,STR-E-ANJ0-A,0.23 €/kWh + 0.23 €
2026-10-09T18:01:08Z,STR-E-ANJ0-B,0.23 €/kWh + 0.23 €
2026-10-09T18:01:08Z,STR-E-AP96-A,0.23 €/kWh + 0.23 €
2026-10-09T18:01:08Z,STR-E-AP96-B,0.23 €/kWh + 0.23 €
2026-10-09T18:01:08Z,STR-E-AUQ2-A,0 € + 0.22 €/kWh
2026-10-09T18:01:08Z,STR-E-AWF1-A,0.08 € + 0.17 €/kWh
2026-10-09T18:01:08Z,STR-E-AWF1-B,0.08 € + 0.17 €/kWh
2026-10-09T18:01:08Z,STR-E-AWJ9-A,0.25 €/kWh
2026-10-09T18:01:08Z,STR-E-AWJ9-B,0.25 €/kWh
2026-10-09T18:01:08Z,STR-E-B36V-A,0.19 € + 0.29 €/kWh
2026-10-09T18:01:08Z,STR-E-B36V-B,0.19 € + 0.29 €/kWh
2026-10-09T18:01:08Z,STR-E-BIKW-A,0.23 €/kWh + 0.23 €
2026-10-09T18:01:08Z,STR-E-BIKW-B,0.23 €/kWh + 0.23 €
2026-10-09T18:01:08Z,STR-E-BXA5-A,0.12 €/kWh
2026-10-09T18:01:08Z,STR-E-C91L-A,0.12 €/kWh
2026-10-09T18:01:08Z,STR-E-C99Z-A,0 € + 0.22 €/kWh
2026-10-09T18:01:08Z,STR-E-D3MB-A,0.23 €/kWh + 0.23 €
2026-10-09T18:01:08Z,STR-E-D3MB-B,0.23 €/kWh + 0.23 €
2026-10-09T18:01:08Z,STR-E-DBCC-A,0.08 € + 0.17 €/kWh
2026-10-09T18:01:08Z,STR-E-DBCC-B,0.08 € + 0.17 €/kWh
2026-10-09T18:01:08Z,STR-E-DHEJ-A,0 € + 0.22 €/kWh
2026-10-09T18:01:08Z,STR-E-E0DZ-A,0.23 €/kWh
2026-10-09T18:01:08Z,STR-E-E0DZ-B,0.23 €/kWh
2026-10-09T18:01:08Z,STR-E-E7HH-A,0.12 €/kWh
2026-10-09T18:01:08Z,STR-E-ECI7-A,0 € + 0.22 €/kWh
2026-10-09T18:01:08Z,STR-E-EFXK-A,0 € + 0.22 €/kWh
2026-10-09T18:01:08Z,STR-E-ELFQ-A,0.23 €/kWh + 0.23 €
2026-10-09T18:01:08Z,STR-E-ELFQ-B,0.23 €/kWh + 0.23 €
2026-10-09T18:01:08Z,STR-E-EPQY-A,0 € + 0.22 €/kWh
2026-10-09T18:01:08Z,STR-E-ER2N-A,0 € + 0.22 €/kWh
2026-10-09T18:01:08Z,STR-E-ES3O-A,0 € + 0.22 €/kWh
2026-10-09T18:01:08Z,STR-E-EU1U-A,0.12 €/kWh
2026-10-09T18:01:08Z,STR-E-F2G0-A,0.08 € + 0.17 €/kWh
2026-10-09T18:01:08Z,STR-E-F2G0-B,0.08 € + 0.17 €/kWh
2026-10-09T18:01:08Z,STR-E-F4B3-A,0.12 €/kWh
2026-10-09T18:01:08Z,STR-E-F5LZ-A,0.12 €/kWh
2026-10-09T18:01:08Z,STR-E-F79A-A,0.23 €/kWh + 0.23 €
2026-10-09T18:01:08Z,STR-E-F79A-B,0.23 €/kWh + 0.23 €
2026-10-09T18:01:08Z,STR-E-FGMF-A,0.12 €/kWh
2026-10-09T18:01:08Z,STR-E-FK06-A,0.12 €/kWh
2026-10-09T18:01:08Z,STR-E-FKUY-A,0 € + 0.22 €/kWh
2026-10-09T18:01:08Z,STR-E-FUE8-A,0.08 € + 0.17 €/kWh
2026-10-09T18:01:08Z,STR-E-FUE8-B,0.08 € + 0.17 €/kWh
2026-10-09T18:01:08Z,STR-E-G4VM-A,0.12 €/kWh
2026-10-09T18:01:08Z,STR-E-G518-A,0.12 €/kWh
2026-10-09T18:01:08Z,STR-E-GB9A-A,0.12 €/kWh
2026-10-09T18:01:08Z,STR-E-GE77-A,0.32 €/kWh
2026-10-09T18:01:08Z,STR-E-GE77-B,0.32 €/kWh
2026-10-09T18:01:08Z,STR-E-GFB3-A,0 € + 0.22 €/kWh
2026-10-09T18:01:08Z,STR-E-GGV8-A,0.12 €/kWh
2026-10-09T18:01:08Z,STR-E-GHJA-A,0.12 €/kWh
2026-10-09T18:01:08Z,STR-E-GK0C-A,0 € + 0.22 €/kWh
2026-10-09T18:01:08Z,STR-E-GR5K-A,0.12 €/kWh
2026-10-09T18:01:08Z,STR-E-H6Q5-A,0.12 €/kWh
2026-10-09T18:01:08Z,STR-E-HHXV-A,0 € + 0.22 €/kWh
2026-10-09T18:01:08Z,STR-E-I1KE-A,0 € + 0.22 €/kWh
2026-10-09T18:01:08Z,STR-E-I4UZ-A,0.12 €/kWh
2026-10-09T18:01:08Z,STR-E-I5FH-A,0.12 €/kWh
2026-10-09T18:01:08Z,STR-E-I8C6-A,0.12 €/kWh
2026-10-09T18:01:08Z,STR-E-IA3X-A,0.12 €/kWh
2026-10-09T18:01:08Z,STR-E-IAO5-A,0 € + 0.22 €/kWh
2026-10-09T18:01:08Z,STR-E-IGH5-A,0.23 €/kWh + 0.23 €
2026-10-09T18:01:08Z,STR-E-IGH5-B,0.23 €/kWh + 0.23 €
2026-10-09T18:01:08Z,STR-E-IIKL-A,0.08 € + 0.17 €/kWh
2026-10-09T18:01:08Z,STR-E-IIKL-B,0.08 € + 0.17 €/kWh
2026-10-09T18:01:08Z,STR-E-IPEC-A,0 € + 0.22 €/kWh
2026-10-09T18:01:08Z,STR-E-IV6T-A,0 € + 0.22 €/kWh
2026-10-09T18:01:08Z,STR-E-J54N-A,0 € + 0.22 €/kWh
2026-10-09T18:01:08Z,STR-E-J6DA-A,0 € + 0.22 €/kWh
2026-10-09T18:01:08Z,STR-E-J8VF-A,0 € + 0.22 €/kWh
2026-10-09T18:01:08Z,STR-E-JG90-A,0.14 €/kWh + 0.3 €
2026-10-09T18:01:08Z,STR-E-JG90-B,0.14 €/kWh + 0.3 €
2026-10-09T18:01:08Z,STR-E-JMOR-A,0 € + 0.22 €/kWh
2026-10-09T18:01:08Z,STR-E-JVO0-A,0.12 €/kWh
2026-10-09T18:01:08Z,STR-E-K217-A,0 € + 0.22 €/kWh
2026-10-09T18:01:08Z,STR-E-K73C-A,0.23 €/kWh + 0.23 €
2026-10-09T18:01:08Z,STR-E-K73C-B,0.23 €/kWh + 0.23 €
2026-10-09T18:01:08Z,STR-E-KBZL-A,0.12 €/kWh
2026-10-09T18:01:08Z,STR-E-KOHN-A,0 € + 0.22 €/kWh
2026-10-09T18:01:08Z,STR-E-KT5B-A,0 € + 0.22 €/kWh
2026-10-09T18:01:08Z,STR-E-KUKS-A,0.08 € + 0.17 €/kWh
2026-10-09T18:01:08Z,STR-E-KUKS-B,0.08 € + 0.17 €/kWh
2026-10-09T18:01:08Z,STR-E-L84D-A,0.12 €/kWh
2026-10-09T18:01:08Z,STR-E-LISV-A,0.12 €/kWh
2026-10-09T18:01:08Z,STR-E-LKFQ-A,0.12 €/kWh
2026-10-09T18:01:08Z,STR-E-LREY-A,0.36 €/kWh
2026-10-09T18:01:08Z,STR-E-M1IB-A,0.12 €/kWh
2026-10-09T18:01:08Z,STR-E-M8WL-A,0.12 €/kWh
2026-10-09T18:01:08Z,STR-E-M9W7-A,0.12 €/kWh
2026-10-09T18:01:08Z,STR-E-MIP3-A,0.22 €/kWh
2026-10-09T18:01:08Z,STR-E-MIP3-B,0.22 €/kWh
2026-10-09T18:01:08Z,STR-E-MSEN-A,0.12 €/kWh
2026-10-09T18:01:08Z,STR-E-MSUL-A,0.12 €/kWh
2026-10-09T18:01:08Z,STR-E-N6P5-A,0.12 €/kWh
2026-10-09T18:01:08Z,STR-E-NCKT-A,0.08 € + 0.17 €/kWh
2026-10-09T18:01:08Z,STR-E-NCKT-B,0.08 € + 0.17 €/kWh
2026-10-09T18:01:08Z,STR-E-NDU2-A,0 € + 0.22 €/kWh
2026-10-09T18:01:08Z,STR-E-NDZ4-A,0 € + 0.22 €/kWh
2026-10-09T18:01:08Z,STR-E-NFV5-A,0 € + 0.22 €/kWh
2026-10-09T18:01:08Z,STR-E-NNGC-A,0.12 €/kWh
2026-10-09T18:01:08Z,STR-E-NSGB-A,0 € + 0.22 €/kWh
2026-10-09T18:01:08Z,STR-E-NY0Q-A,0.15 € + 0.23 €/kWh
2026-10-09T18:01:08Z,STR-E-O0VK-A,0.12 €/kWh
2026-10-09T18:01:08Z,STR-E-O5JX-A,0 € + 0.22 €/kWh
2026-10-09T18:01:08Z,STR-E-O5YW-A,0.08 € + 0.17 €/kWh
2026-10-09T18:01:08Z,STR-E-O5YW-B,0.08 € + 0.17 €/kWh
2026-10-09T18:01:08Z,STR-E-ODBK-A,0.32 €/kWh
2026-10-09T18:01:08Z,STR-E-ODBK-B,0.32 €/kWh
2026-10-09T18:01:08Z,STR-E-OFWF-A,0 € + 0.22 €/kWh
2026-10-09T18:01:08Z,STR-E-OG1X-A,0.12 €/kWh
2026-10-09T18:01:08Z,STR-E-OHH6-A,0 € + 0.22 €/kWh
2026-10-09T18:01:08Z,STR-E-OJ3E-A,0.23 €/kWh + 0.23 €
2026-10-09T18:01:08Z,STR-E-OJ3E-B,0.23 €/kWh + 0.23 €
2026-10-09T18:01:08Z,STR-E-OQKZ-A,0.12 €/kWh
2026-10-09T18:01:08Z,STR-E-P46N-A,0 € + 0.22 €/kWh
2026-10-09T18:01:08Z,STR-E-P7AF-A,0.08 € + 0.17 €/kWh
2026-10-09T18:01:08Z,STR-E-P7AF-B,0.08 € + 0.17 €/kWh
2026-10-09T18:01:08Z,STR-E-PC04-A,0.12 €/kWh
2026-10-09T18:01:08Z,STR-E-PDR2-A,0.12 €/kWh
2026-10-09T18:01:08Z,STR-E-PJCQ-A,0.08 € + 0.17 €/kWh
2026-10-09T18:01:08Z,STR-E-PJCQ-B,0.08 € + 0.17 €/kWh
2026-10-09T18:01:08Z,STR-E-PM3P-A,0.23 €/kWh + 0.23 €
2026-10-09T18:01:08Z,STR-E-PM3P-B,0.23 €/kWh + 0.23 €
2026-10-09T18:01:08Z,STR-E-PRUQ-A,0.12 €/kWh
2026-10-09T18:01:08Z,STR-E-PSU9-A,0.12 €/kWh
2026-10-09T18:01:08Z,STR-E-PZ9U-A,0.12 €/kWh
2026-10-09T18:01:08Z,STR-E-PZES-A,0.12 €/kWh
2026-10-09T18:01:08Z,STR-E-Q5YF-A,0.23 €/kWh + 0.23 €
2026-10-09T18:01:08Z,STR-E-Q5YF-B,0.23 €/kWh + 0.23 €
2026-10-09T18:01:08Z,STR-E-Q7LB-A,0.23 €/kWh + 0.23 €
2026-10-09T18:01:08Z,STR-E-Q7LB-B,0.23 €/kWh + 0.23 €
2026-10-09T18:01:08Z,STR-E-QAXH-A,0.15 € + 0.23 €/kWh
2026-10-09T18:01:08Z,STR-E-QE1X-A,0.08 € + 0.17 €/kWh
2026-10-09T18:01:08Z,STR-E-QE1X-B,0.08 € + 0.17 €/kWh
2026-10-09T18:01:08Z,STR-E-QEDL-A,0.12 €/kWh
2026-10-09T18:01:08Z,STR-E-QIQM-A,0.12 €/kWh
2026-10-09T18:01:08Z,STR-E-QLC9-A,0.22 €/kWh
2026-10-09T18:01:08Z,STR-E-QLC9-B,0.22 €/kWh
2026-10-09T18:01:08Z,STR-E-R0J8-A,0.12 €/kWh
2026-10-09T18:01:08Z,STR-E-R1MT-A,0.23 €/kWh + 0.23 €
2026-10-09T18:01:08Z,STR-E-R1MT-B,0.23 €/kWh + 0.23 €
2026-10-09T18:01:08Z,STR-E-R1PI-A,0.23 €/kWh + 0.23 €
2026-10-09T18:01:08Z,STR-E-R1PI-B,0.23 €/kWh + 0.23 €
2026-10-09T18:01:08Z,STR-E-R2LK-A,0.23 €/kWh + 0.23 €
2026-10-09T18:01:08Z,STR-E-R2LK-B,0.23 €/kWh + 0.23 €
2026-10-09T18:01:08Z,STR-E-R8PQ-A,0 € + 0.22 €/kWh
2026-10-09T18:01:08Z,STR-E-R9GA-A,0.12 €/kWh
2026-10-09T18:01:08Z,STR-E-RJH9-A,0.12 €/kWh
2026-10-09T18:01:08Z,STR-E-RKWJ-A,0.12 €/kWh
2026-10-09T18:01:08Z,STR-E-S42D-A,0.12 €/kWh
2026-10-09T18:01:08Z,STR-E-S6VR-A,0 € + 0.22 €/kWh
2026-10-09T18:01:08Z,STR-E-S7YR-A,0.23 €/kWh + 0.23 €
2026-10-09T18:01:08Z,STR-E-S7YR-B,0.23 €/kWh + 0.23 €
2026-10-09T18:01:08Z,STR-E-SGC2-A,0 € + 0.22 €/kWh
2026-10-09T18:01:08Z,STR-E-SJKA-A,0.12 €/kWh
2026-10-09T18:01:08Z,STR-E-SQX8-A,0.08 € + 0.17 €/kWh
2026-10-09T18:01:08Z,STR-E-SQX8-B,0.08 € + 0.17 €/kWh
2026-10-09T18:01:08Z,STR-E-SVR3-A,0.23 €/kWh + 0.23 €
2026-10-09T18:01:08Z,STR-E-SVR3-B,0.23 €/kWh + 0.23 €
2026-10-09T18:01:08Z,STR-E-SY9Y-A,0.12 €/kWh
2026-10-09T18:01:08Z,STR-E-TO2O-A,0.12 €/kWh
2026-10-09T18:01:08Z,STR-E-TX67-A,0.25 €/kWh
2026-10-09T18:01:08Z,STR-E-TX67-B,0.25 €/kWh
2026-10-09T18:01:08Z,STR-E-U41O-A,0 € + 0.22 €/kWh
2026-10-09T18:01:08Z,STR-E-U5TP-A,0.12 €/kWh
2026-10-09T18:01:08Z,STR-E-UKPS-A,0.15 € + 0.23 €/kWh
2026-10-09T18:01:08Z,STR-E-UPAQ-A,0.22 €/kWh
2026-10-09T18:01:08Z,STR-E-UPAQ-B,0.22 €/kWh
2026-10-09T18:01:08Z,STR-E-UPOS-A,0.08 € + 0.17 €/kWh
2026-10-09T18:01:08Z,STR-E-UPOS-B,0.08 € + 0.17 €/kWh
2026-10-09T18:01:08Z,STR-E-UY5H-A,0.12 €/kWh
2026-10-09T18:01:08Z,STR-E-V17G-A,0.12 €/kWh
2026-10-09T18:01:08Z,STR-E-V31J-A,0.12 €/kWh
2026-10-09T18:01:08Z,STR-E-V50T-A,0.12 €/kWh
2026-10-09T18:01:08Z,STR-E-V9SD-A,0.12 €/kWh
2026-10-09T18:01:08Z,STR-E-V9ZR-A,0.12 €/kWh
2026-10-09T18:01:08Z,STR-E-VBMP-A,0.12 €/kWh
2026-10-09T18:01:08Z,STR-E-VJBJ-A,0 € + 0.22 €/kWh
2026-10-09T18:01:08Z,STR-E-VPDB-A,0.12 €/kWh
2026-10-09T18:01:08Z,STR-E-VQ06-A,0 € + 0.22 €/kWh
2026-10-09T18:01:08Z,STR-E-VSDJ-A,0.25 €/kWh
2026-10-09T18:01:08Z,STR-E-VSDJ-B,0.25 €/kWh
2026-10-09T18:01:08Z,STR-E-VT0G-A,0.12 €/kWh
2026-10-09T18:01:08Z,STR-E-VX2O-A,0 € + 0.22 €/kWh
2026-10-09T18:01:08Z,STR-E-VXGH-A,0.12 €/kWh
2026-10-09T18:01:08Z,STR-E-W1X4-A,0.12 €/kWh
2026-10-09T18:01:08Z,STR-E-WEE3-A,0.23 €/kWh + 0.23 €
2026-10-09T18:01:08Z,STR-E-WEE3-B,0.23 €/kWh + 0.23 €
2026-10-09T18:01:08Z,STR-E-WHZ1-A,0 € + 0.22 €/kWh
2026-10-09T18:01:08Z,STR-E-WLGM-A,0 € + 0.22 €/kWh
2026-10-09T18:01:08Z,STR-E-WTQ5-A,0.23 €/kWh
2026-10-09T18:01:08Z,STR-E-WXV8-A,0.12 €/kWh
2026-10-09T18:01:08Z,STR-E-WYFE-A,0.23 €/kWh
2026-10-09T18:01:08Z,STR-E-WYFE-B,0.23 €/kWh
2026-10-09T18:01:08Z,STR-E-WYYC-A,0.23 €/kWh + 0.23 €
2026-10-09T18:01:08Z,STR-E-WYYC-B,0.23 €/kWh + 0.23 €
2026-10-09T18:01:08Z,STR-E-WZW9-A,0.12 €/kWh
2026-10-09T18:01:08Z,STR-E-X525-A,0.12 €/kWh
2026-10-09T18:01:08Z,STR-E-X54O-A,0 € + 0.22 €/kWh
2026-10-09T18:01:08Z,STR-E-XCMJ-A,0.08 € + 0.17 €/kWh
2026-10-09T18:01:08Z,STR-E-XCMJ-B,0.08 € + 0.17 €/kWh
2026-10-09T18:01:08Z,STR-E-XFON-A,0.12 €/kWh
2026-10-09T18:01:08Z,STR-E-XG69-A,0.08 € + 0.17 €/kWh
2026-10-09T18:01:08Z,STR-E-XG69-B,0.08 € + 0.17 €/kWh
2026-10-09T18:01:08Z,STR-E-XH51-A,0 € + 0.22 €/kWh
2026-10-09T18:01:08Z,STR-E-XKW2-A,0.23 €/kWh + 0.23 €
2026-10-09T18:01:08Z,STR-E-XKW2-B,0.23 €/kWh + 0.23 €
2026-10-09T18:01:08Z,STR-E-XRV8-A,0 € + 0.22 €/kWh
2026-10-09T18:01:08Z,STR-E-Y7JK-A,0 € + 0.22 €/kWh
2026-10-09T18:01:08Z,STR-E-Y82E-A,0 € + 0.22 €/kWh
2026-10-09T18:01:08Z,STR-E-YC50-A,0.12 €/kWh
2026-10-09T18:01:08Z,STR-E-Z2PJ-A,0.08 € + 0.17 €/kWh
2026-10-09T18:01:08Z,STR-E-Z2PJ-B,0.08 € + 0.17 €/kWh
2026-10-09T18:01:08Z,STR-E-ZA6O-A,0.12 €/kWh
2026-10-09T18:01:08Z,STR-E-ZEP7-A,0 € + 0.22 €/kWh
2026-10-09T18:01:08Z,STR-E-ZIAZ-A,0 € + 0.22 €/kWh
2026-10-09T18:01:08Z,STR-E-ZK9W-A,0 € + 0.22 €/kWh
2026-10-09T18:01:08Z,STR-E-ZS00-A,0.23 €/kWh + 0.23 €
2026-10-09T18:01:08Z,STR-E-ZS00-B,0.23 €/kWh + 0.23 €
2026-10-09T18:01:08Z,STR-E-ZWU5-A,0.08 € + 0.17 €/kWh
2026-10-09T18:01:08Z,STR-E-ZWU5-B,0.08 € + 0.17 €/kWh
2026-10-09T18:16:22Z,STR-E-027B-A,0.22 €/kWh + 0.23 €
2026-10-09T18:16:22Z,STR-E-027B-B,0.22 €/kWh + 0.23 €
2026-10-09T18:16:22Z,STR-E-02VO-A,0.24 €/kWh
2026-10-09T18:16:22Z,STR-E-02VO-B,0.24 €/kWh
2026-10-09T18:16:22Z,STR-E-04YS-A,0 € + 0.21 €/kWh
2026-10-09T18:16:22Z,STR-E-051F-A,0.08 € + 0.16 €/kWh
2026-10-09T18:16:22Z,STR-E-10G9-A,0.08 € + 0.16 €/kWh
2026-10-09T18:16:22Z,STR-E-10G9-B,0.08 € + 0.16 €/kWh
2026-10-09T18:16:22Z,STR-E-1GOO-A,0.19 € + 0.26 €/kWh
2026-10-09T18:16:22Z,STR-E-1GOO-B,0.19 € + 0.26 €/kWh
2026-10-09T18:16:22Z,STR-E-1ME5-A,0.08 € + 0.16 €/kWh
2026-10-09T18:16:22Z,STR-E-1ME5-B,0.08 € + 0.16 €/kWh
2026-10-09T18:16:22Z,STR-E-1MHB-A,0.35 €/kWh
2026-10-09T18:16:22Z,STR-E-1X30-A,0 € + 0.21 €/kWh
2026-10-09T18:16:22Z,STR-E-21O1-A,0.22 €/kWh
2026-10-09T18:16:22Z,STR-E-21O1-B,0.22 €/kWh
2026-10-09T18:16:22Z,STR-E-2446-A,0 € + 0.21 €/kWh
2026-10-09T18:16:22Z,STR-E-2K1Q-A,0 € + 0.21 €/kWh
2026-10-09T18:16:22Z,STR-E-2XDJ-A,0 € + 0.21 €/kWh
2026-10-09T18:16:22Z,STR-E-3468-A,0.22 €/kWh
2026-10-09T18:16:22Z,STR-E-3468-B,0.22 €/kWh
2026-10-09T18:16:22Z,STR-E-3ENA-A,0.22 €/kWh
2026-10-09T18:16:22Z,STR-E-3ENA-B,0.22 €/kWh
2026-10-09T18:16:22Z,STR-E-3ENA-C,0.22 €/kWh
2026-10-09T18:16:22Z,STR-E-3FMF-A,0.22 €/kWh + 0.23 €
2026-10-09T18:16:22Z,STR-E-3FMF-B,0.22 €/kWh + 0.23 €
2026-10-09T18:16:22Z,STR-E-3SXI-A,0.22 €/kWh
2026-10-09T18:16:22Z,STR-E-3SXI-B,0.22 €/kWh
2026-10-09T18:16:22Z,STR-E-3WE5-A,0 € + 0.21 €/kWh
2026-10-09T18:16:22Z,STR-E-3YH3-A,0.08 € + 0.16 €/kWh
2026-10-09T18:16:22Z,STR-E-3YH3-B,0.08 € + 0.16 €/kWh
2026-10-09T18:16:22Z,STR-E-491A-A,0.21 €/kWh
2026-10-09T18:16:22Z,STR-E-491A-B,0.21 €/kWh
2026-10-09T18:16:22Z,STR-E-491A-C,0.21 €/kWh
2026-10-09T18:16:22Z,STR-E-4DE6-A,0.21 €/kWh
2026-10-09T18:16:22Z,STR-E-4DE6-B,0.21 €/kWh
2026-10-09T18:16:22Z,STR-E-4KWM-A,0.31 €/kWh
2026-10-09T18:16:22Z,STR-E-4KWM-B,0.31 €/kWh
2026-10-09T18:16:22Z,STR-E-4YKC-A,0 € + 0.21 €/kWh
2026-10-09T18:16:22Z,STR-E-527U-A,0 € + 0.21 €/kWh
2026-10-09T18:16:22Z,STR-E-54PK-A,0.08 € + 0.16 €/kWh
2026-10-09T18:16:22Z,STR-E-54PK-B,0.08 € + 0.16 €/kWh
2026-10-09T18:16:22Z,STR-E-55I4-A,0 € + 0.21 €/kWh
2026-10-09T18:16:22Z,STR-E-566J-A,0 € + 0.21 €/kWh
2026-10-09T18:16:22Z,STR-E-59TF-A,0.08 € + 0.16 €/kWh
2026-10-09T18:16:22Z,STR-E-6E7W-A,0 € + 0.21 €/kWh
2026-10-09T18:16:22Z,STR-E-6UZQ-A,0.22 €/kWh
2026-10-09T18:16:22Z,STR-E-6UZQ-B,0.22 €/kWh
2026-10-09T18:16:22Z,STR-E-6ZTQ-A,0 € + 0.21 €/kWh
2026-10-09T18:16:22Z,STR-E-7438-A,0 € + 0.21 €/kWh
2026-10-09T18:16:22Z,STR-E-7A48-A,0.08 € + 0.16 €/kWh
2026-10-09T18:16:22Z,STR-E-7YBN-A,0 € + 0.21 €/kWh
2026-10-09T18:16:22Z,STR-E-7Z8G-A,0.31 €/kWh
2026-10-09T18:16:22Z,STR-E-7Z8G-B,0.31 €/kWh
2026-10-09T18:16:22Z,STR-E-8A02-A,0 € + 0.21 €/kWh
2026-10-09T18:16:22Z,STR-E-8Q9F-A,0 € + 0.21 €/kWh
2026-10-09T18:16:22Z,STR-E-92KW-A,0.22 €/kWh + 0.23 €
2026-10-09T18:16:22Z,STR-E-9AH3-A,0 € + 0.21 €/kWh
2026-10-09T18:16:22Z,STR-E-A169-A,0 € + 0.21 €/kWh
2026-10-09T18:16:22Z,STR-E-A27N-A,0.24 €/kWh
2026-10-09T18:16:22Z,STR-E-A27N-B,0.24 €/kWh
2026-10-09T18:16:22Z,STR-E-A27N-C,0.24 €/kWh
2026-10-09T18:16:22Z,STR-E-ADXE-A,0 € + 0.21 €/kWh
2026-10-09T18:16:22Z,STR-E-AF2O-A,0.08 € + 0.16 €/kWh
2026-10-09T18:16:22Z,STR-E-AMQK-A,0 € + 0.21 €/kWh
2026-10-09T18:16:22Z,STR-E-ANJ0-A,0.22 €/kWh + 0.23 €
2026-10-09T18:16:22Z,STR-E-ANJ0-B,0.22 €/kWh + 0.23 €
2026-10-09T18:16:22Z,STR-E-AP96-A,0.22 €/kWh + 0.23 €
2026-10-09T18:16:22Z,STR-E-AP96-B,0.22 €/kWh + 0.23 €
2026-10-09T18:16:22Z,STR-E-AUQ2-A,0 € + 0.21 €/kWh
2026-10-09T18:16:22Z,STR-E-AWF1-A,0.08 € + 0.16 €/kWh
2026-10-09T18:16:22Z,STR-E-AWF1-B,0.08 € + 0.16 €/kWh
2026-10-09T18:16:22Z,STR-E-AWJ9-A,0.24 €/kWh
2026-10-09T18:16:22Z,STR-E-AWJ9-B,0.24 €/kWh
2026-10-09T18:16:22Z,STR-E-BAZX-A,0.19 € + 0.24 €/kWh
2026-10-09T18:16:22Z,STR-E-BAZX-B,0.19 € + 0.24 €/kWh
2026-10-09T18:16:22Z,STR-E-BAZX-C,0.2 € + 0.2 €/kWh + 0.6 €/val.
2026-10-09T18:16:22Z,STR-E-BIKW-A,0.22 €/kWh + 0.23 €
2026-10-09T18:16:22Z,STR-E-BIKW-B,0.22 €/kWh + 0.23 €
2026-10-09T18:16:22Z,STR-E-C99Z-A,0 € + 0.21 €/kWh
2026-10-09T18:16:22Z,STR-E-D3MB-A,0.22 €/kWh + 0.23 €
2026-10-09T18:16:22Z,STR-E-D3MB-B,0.22 €/kWh + 0.23 €
2026-10-09T18:16:22Z,STR-E-DBCC-A,0.08 € + 0.16 €/kWh
2026-10-09T18:16:22Z,STR-E-DBCC-B,0.08 € + 0.16 €/kWh
2026-10-09T18:16:22Z,STR-E-DHEJ-A,0 € + 0.21 €/kWh
2026-10-09T18:16:22Z,STR-E-E0DZ-A,0.22 €/kWh
2026-10-09T18:16:22Z,STR-E-E0DZ-B,0.22 €/kWh
2026-10-09T18:16:22Z,STR-E-ECI7-A,0 € + 0.21 €/kWh
2026-10-09T18:16:22Z,STR-E-EFXK-A,0 € + 0.21 €/kWh
2026-10-09T18:16:22Z,STR-E-ELFQ-A,0.22 €/kWh + 0.23 €
2026-10-09T18:16:22Z,STR-E-ELFQ-B,0.22 €/kWh + 0.23 €
2026-10-09T18:16:22Z,STR-E-EPQY-A,0 € + 0.21 €/kWh
2026-10-09T18:16:22Z,STR-E-ER2N-A,0 € + 0.21 €/kWh
2026-10-09T18:16:22Z,STR-E-ES3O-A,0 € + 0.21 €/kWh
2026-10-09T18:16:22Z,STR-E-F2G0-A,0.08 € + 0.16 €/kWh
2026-10-09T18:16:22Z,STR-E-F2G0-B,0.08 € + 0.16 €/kWh
2026-10-09T18:16:22Z,STR-E-F79A-A,0.22 €/kWh + 0.23 €
2026-10-09T18:16:22Z,STR-E-F79A-B,0.22 €/kWh + 0.23 €
2026-10-09T18:16:22Z,STR-E-FKUY-A,0 € + 0.21 €/kWh
2026-10-09T18:16:22Z,STR-E-FUE8-A,0.08 € + 0.16 €/kWh
2026-10-09T18:16:22Z,STR-E-FUE8-B,0.08 € + 0.16 €/kWh
2026-10-09T18:16:22Z,STR-E-GE77-A,0.31 €/kWh
2026-10-09T18:16:22Z,STR-E-GE77-B,0.31 €/kWh
2026-10-09T18:16:22Z,STR-E-GFB3-A,0 € + 0.21 €/kWh
2026-10-09T18:16:22Z,STR-E-GK0C-A,0 € + 0.21 €/kWh
2026-10-09T18:16:22Z,STR-E-HHXV-A,0 € + 0.21 €/kWh
2026-10-09T18:16:22Z,STR-E-I1KE-A,0 € + 0.21 €/kWh
2026-10-09T18:16:22Z,STR-E-IAO5-A,0 € + 0.21 €/kWh
2026-10-09T18:16:22Z,STR-E-IGH5-A,0.22 €/kWh + 0.23 €
2026-10-09T18:16:22Z,STR-E-IGH5-B,0.22 €/kWh + 0.23 €
2026-10-09T18:16:22Z,STR-E-IIKL-A,0.08 € + 0.16 €/kWh
2026-10-09T18:16:22Z,STR-E-IIKL-B,0.08 € + 0.16 €/kWh
2026-10-09T18:16:22Z,STR-E-IPEC-A,0 € + 0.21 €/kWh
2026-10-09T18:16:22Z,STR-E-IV6T-A,0 € + 0.21 €/kWh
2026-10-09T18:16:22Z,STR-E-J54N-A,0 € + 0.21 €/kWh
2026-10-09T18:16:22Z,STR-E-J6DA-A,0 € + 0.21 €/kWh
2026-10-09T18:16:22Z,STR-E-J8VF-A,0 € + 0.21 €/kWh
2026-10-09T18:16:22Z,STR-E-JG90-A,0.13 €/kWh + 0.3 €
2026-10-09T18:16:22Z,STR-E-JG90-B,0.13 €/kWh + 0.3 €
2026-10-09T18:16:22Z,STR-E-JMOR-A,0 € + 0.21 €/kWh
2026-10-09T18:16:22Z,STR-E-K217-A,0 € + 0.21 €/kWh
2026-10-09T18:16:22Z,STR-E-K73C-A,0.22 €/kWh + 0.23 €
2026-10-09T18:16:22Z,STR-E-K73C-B,0.22 €/kWh + 0.23 €
2026-10-09T18:16:22Z,STR-E-KOHN-A,0 € + 0.21 €/kWh
2026-10-09T18:16:22Z,STR-E-KT5B-A,0 € + 0.21 €/kWh
2026-10-09T18:16:22Z,STR-E-KUKS-A,0.08 € + 0.16 €/kWh
2026-10-09T18:16:22Z,STR-E-KUKS-B,0.08 € + 0.16 €/kWh
2026-10-09T18:16:22Z,STR-E-LREY-A,0.35 €/kWh
2026-10-09T18:16:22Z,STR-E-MIP3-A,0.21 €/kWh
2026-10-09T18:16:22Z,STR-E-MIP3-B,0.21 €/kWh
2026-10-09T18:16:22Z,STR-E-NCKT-A,0.08 € + 0.16 €/kWh
2026-10-09T18:16:22Z,STR-E-NCKT-B,0.08 € + 0.16 €/kWh
2026-10-09T18:16:22Z,STR-E-NDU2-A,0 € + 0.21 €/kWh
2026-10-09T18:16:22Z,STR-E-NDZ4-A,0 € + 0.21 €/kWh
2026-10-09T18:16:22Z,STR-E-NFV5-A,0 € + 0.21 €/kWh
2026-10-09T18:16:22Z,STR-E-NSGB-A,0 € + 0.21 €/kWh
2026-10-09T18:16:22Z,STR-E-NY0Q-A,0.15 € + 0.22 €/kWh
2026-10-09T18:16:22Z,STR-E-O5JX-A,0 € + 0.21 €/kWh
2026-10-09T18:16:22Z,STR-E-O5YW-A,0.08 € + 0.16 €/kWh
2026-10-09T18:16:22Z,STR-E-O5YW-B,0.08 € + 0.16 €/kWh
2026-10-09T18:16:22Z,STR-E-ODBK-A,0.31 €/kWh
2026-10-09T18:16:22Z,STR-E-ODBK-B,0.31 €/kWh
2026-10-09T18:16:22Z,STR-E-OFWF-A,0 € + 0.21 €/kWh
2026-10-09T18:16:22Z,STR-E-OHH6-A,0 € + 0.21 €/kWh
2026-10-09T18:16:22Z,STR-E-OJ3E-A,0.22 €/kWh + 0.23 €
2026-10-09T18:16:22Z,STR-E-OJ3E-B,0.22 €/kWh + 0.23 €
2026-10-09T18:16:22Z,STR-E-P46N-A,0 € + 0.21 €/kWh
2026-10-09T18:16:22Z,STR-E-P7AF-A,0.08 € + 0.16 €/kWh
2026-10-09T18:16:22Z,STR-E-P7AF-B,0.08 € + 0.16 €/kWh
2026-10-09T18:16:22Z,STR-E-PJCQ-A,0.08 € + 0.16 €/kWh
2026-10-09T18:16:22Z,STR-E-PJCQ-B,0.08 € + 0.16 €/kWh
2026-10-09T18:16:22Z,STR-E-PM3P-A,0.22 €/kWh + 0.23 €
2026-10-09T18:16:22Z,STR-E-PM3P-B,0.22 €/kWh + 0.23 €
2026-10-09T18:16:22Z,STR-E-Q5YF-A,0.22 €/kWh + 0.23 €
2026-10-09T18:16:22Z,STR-E-Q5YF-B,0.22 €/kWh + 0.23 €
2026-10-09T18:16:22Z,STR-E-Q7LB-A,0.22 €/kWh + 0.23 €
2026-10-09T18:16:22Z,STR-E-Q7LB-B,0.22 €/kWh + 0.23 €
2026-10-09T18:16:22Z,STR-E-QAXH-A,0.15 € + 0.22 €/kWh
2026-10-09T18:16:22Z,STR-E-QE1X-A,0.08 € + 0.16 €/kWh
2026-10-09T18:16:22Z,STR-E-QE1X-B,0.08 € + 0.16 €/kWh
2026-10-09T18:16:22Z,STR-E-QLC9-A,0.21 €/kWh
2026-10-09T18:16:22Z,STR-E-QLC9-B,0.21 €/kWh
2026-10-09T18:16:22Z,STR-E-R1MT-A,0.22 €/kWh + 0.23 €
2026-10-09T18:16:22Z,STR-E-R1MT-B,0.22 €/kWh + 0.23 €
2026-10-09T18:16:22Z,STR-E-R1PI-A,0.22 €/kWh + 0.23 €
2026-10-09T18:16:22Z,STR-E-R1PI-B,0.22 €/kWh + 0.23 €
2026-10-09T18:16:22Z,STR-E-R2LK-A,0.22 €/kWh + 0.23 €
2026-10-09T18:16:22Z,STR-E-R2LK-B,0.22 €/kWh + 0.23 €
2026-10-09T18:16:22Z,STR-E-R8PQ-A,0 € + 0.21 €/kWh
2026-10-09T18:16:22Z,STR-E-S6VR-A,0 € + 0.21 €/kWh
2026-10-09T18:16:22Z,STR-E-S7YR-A,0.22 €/kWh + 0.23 €
2026-10-09T18:16:22Z,STR-E-S7YR-B,0.22 €/kWh + 0.23 €
2026-10-09T18:16:22Z,STR-E-SGC2-A,0 € + 0.21 €/kWh
2026-10-09T18:16:22Z,STR-E-SQX8-A,0.08 € + 0.16 €/kWh
2026-10-09T18:16:22Z,STR-E-SQX8-B,0.08 € + 0.16 €/kWh
2026-10-09T18:16:22Z,STR-E-SVR3-A,0.22 €/kWh + 0.23 €
2026-10-09T18:16:22Z,STR-E-SVR3-B,0.22 €/kWh + 0.23 €
2026-10-09T18:16:22Z,STR-E-TX67-A,0.24 €/kWh
2026-10-09T18:16:22Z,STR-E-TX67-B,0.24 €/kWh
2026-10-09T18:16:22Z,STR-E-U41O-A,0 € + 0.21 €/kWh
2026-10-09T18:16:22Z,STR-E-UKPS-A,0.15 € + 0.22 €/kWh
2026-10-09T18:16:22Z,STR-E-UPAQ-A,0.21 €/kWh
2026-10-09T18:16:22Z,STR-E-UPAQ-B,0.21 €/kWh
2026-10-09T18:16:22Z,STR-E-UPOS-A,0.08 € + 0.16 €/kWh
2026-10-09T18:16:22Z,STR-E-UPOS-B,0.08 € + 0.16 €/kWh
2026-10-09T18:16:22Z,STR-E-VJBJ-A,0 € + 0.21 €/kWh
2026-10-09T18:16:22Z,STR-E-VQ06-A,0 € + 0.21 €/kWh
2026-10-09T18:16:22Z,STR-E-VSDJ-A,0.24 €/kWh
2026-10-09T18:16:22Z,STR-E-VSDJ-B,0.24 €/kWh
2026-10-09T18:16:22Z,STR-E-VX2O-A,0 € + 0.21 €/kWh
2026-10-09T18:16:22Z,STR-E-WEE3-A,0.22 €/kWh + 0.23 €
2026-10-09T18:16:22Z,STR-E-WEE3-B,0.22 €/kWh + 0.23 €
2026-10-09T18:16:22Z,STR-E-WHZ1-A,0 € + 0.21 €/kWh
2026-10-09T18:16:22Z,STR-E-WLGM-A,0 € + 0.21 €/kWh
2026-10-09T18:16:22Z,STR-E-WTQ5-A,0.22 €/kWh
2026-10-09T18:16:22Z,STR-E-WYFE-A,0.22 €/kWh
2026-10-09T18:16:22Z,STR-E-WYFE-B,0.22 €/kWh
2026-10-09T18:16:22Z,STR-E-WYYC-A,0.22 €/kWh + 0.23 €
2026-10-09T18:16:22Z,STR-E-WYYC-B,0.22 €/kWh + 0.23 €
2026-10-09T18:16:22Z,STR-E-X54O-A,0 € + 0.21 €/kWh
2026-10-09T18:16:22Z,STR-E-XCMJ-A,0.08 € + 0.16 €/kWh
2026-10-09T18:16:22Z,STR-E-XCMJ-B,0.08 € + 0.16 €/kWh
2026-10-09T18:16:22Z,STR-E-XG69-A,0.08 € + 0.16 €/kWh
2026-10-09T18:16:22Z,STR-E-XG69-B,0.08 € + 0.16 €/kWh
2026-10-09T18:16:22Z,STR-E-XH51-A,0 € + 0.21 €/kWh
2026-10-09T18:16:22Z,STR-E-XKW2-A,0.22 €/kWh + 0.23 €
2026-10-09T18:16:22Z,STR-E-XKW2-B,0.22 €/kWh + 0.23 €
2026-10-09T18:16:22Z,STR-E-XRV8-A,0 € + 0.21 €/kWh
2026-10-09T18:16:22Z,STR-E-Y7JK-A,0 € + 0.21 €/kWh
2026-10-09T18:16:22Z,STR-E-Y82E-A,0 € + 0.21 €/kWh
2026-10-09T18:16:22Z,STR-E-Z2PJ-A,0.08 € + 0.16 €/kWh
2026-10-09T18:16:22Z,STR-E-Z2PJ-B,0.08 € + 0.16 €/kWh
2026-10-09T18:16:22Z,STR-E-ZEP7-A,0 € + 0.21 €/kWh
2026-10-09T18:16:22Z,STR-E-ZIAZ-A,0 € + 0.21 €/kWh
2026-10-09T18:16:22Z,STR-E-ZK9W-A,0 € + 0.21 €/kWh
2026-10-09T18:16:22Z,STR-E-ZS00-A,0.22 €/kWh + 0.23 €
2026-10-09T18:16:22Z,STR-E-ZS00-B,0.22 €/kWh + 0.23 €
2026-10-09T18:16:22Z,STR-E-ZWU5-A,0.08 € + 0.16 €/kWh
2026-10-09T18:16:22Z,STR-E-ZWU5-B,0.08 € + 0.16 €/kWh
2026-10-09T18:32:23Z,STR-E-027B-A,0.2 €/kWh + 0.23 €
2026-10-09T18:32:23Z,STR-E-027B-B,0.2 €/kWh + 0.23 €
2026-10-09T18:32:23Z,STR-E-02VO-A,0.22 €/kWh
2026-10-09T18:32:23Z,STR-E-02VO-B,0.22 €/kWh
2026-10-09T18:32:23Z,STR-E-04YS-A,0 € + 0.18 €/kWh
2026-10-09T18:32:23Z,STR-E-051F-A,0.08 € + 0.14 €/kWh
2026-10-09T18:32:23Z,STR-E-0698-A,0.1 €/kWh
2026-10-09T18:32:23Z,STR-E-0GEL-A,0.1 €/kWh
2026-10-09T18:32:23Z,STR-E-10G9-A,0.08 € + 0.14 €/kWh
2026-10-09T18:32:23Z,STR-E-10G9-B,0.08 € + 0.14 €/kWh
2026-10-09T18:32:23Z,STR-E-1162-A,0.1 €/kWh
2026-10-09T18:32:23Z,STR-E-11DT-A,0.1 €/kWh
2026-10-09T18:32:23Z,STR-E-1887-A,0.1 €/kWh
2026-10-09T18:32:23Z,STR-E-1927-A,0.1 €/kWh
2026-10-09T18:32:23Z,STR-E-1ME5-A,0.08 € + 0.14 €/kWh
2026-10-09T18:32:23Z,STR-E-1ME5-B,0.08 € + 0.14 €/kWh
2026-10-09T18:32:23Z,STR-E-1MHB-A,0.31 €/kWh
2026-10-09T18:32:23Z,STR-E-1MJQ-A,0.1 €/kWh
2026-10-09T18:32:23Z,STR-E-1X30-A,0 € + 0.18 €/kWh
2026-10-09T18:32:23Z,STR-E-21O1-A,0.2 €/kWh
2026-10-09T18:32:23Z,STR-E-21O1-B,0.2 €/kWh
2026-10-09T18:32:23Z,STR-E-2446-A,0 € + 0.18 €/kWh
2026-10-09T18:32:23Z,STR-E-2D12-A,0.1 €/kWh
2026-10-09T18:32:23Z,STR-E-2ED4-A,0.1 €/kWh
2026-10-09T18:32:23Z,STR-E-2K1Q-A,0 € + 0.18 €/kWh
2026-10-09T18:32:23Z,STR-E-2XDJ-A,0 € + 0.18 €/kWh
2026-10-09T18:32:23Z,STR-E-320G-A,0.1 €/kWh
2026-10-09T18:32:23Z,STR-E-3468-A,0.2 €/kWh
2026-10-09T18:32:23Z,STR-E-3468-B,0.2 €/kWh
2026-10-09T18:32:23Z,STR-E-3ENA-A,0.2 €/kWh
2026-10-09T18:32:23Z,STR-E-3ENA-B,0.2 €/kWh
2026-10-09T18:32:23Z,STR-E-3ENA-C,0.2 €/kWh
2026-10-09T18:32:23Z,STR-E-3FMF-A,0.2 €/kWh + 0.23 €
2026-10-09T18:32:23Z,STR-E-3FMF-B,0.2 €/kWh + 0.23 €
2026-10-09T18:32:23Z,STR-E-3PZS-A,0.1 €/kWh
2026-10-09T18:32:23Z,STR-E-3SXI-A,0.2 €/kWh
2026-10-09T18:32:23Z,STR-E-3SXI-B,0.2 €/kWh
2026-10-09T18:32:23Z,STR-E-3TZI-A,0.1 €/kWh
2026-10-09T18:32:23Z,STR-E-3WE5-A,0 € + 0.18 €/kWh
2026-10-09T18:32:23Z,STR-E-3YH3-A,0.08 € + 0.14 €/kWh
2026-10-09T18:32:23Z,STR-E-3YH3-B,0.08 € + 0.14 €/kWh
2026-10-09T18:32:23Z,STR-E-4156-A,0.26 €/kWh
2026-10-09T18:32:23Z,STR-E-4156-B,0.26 €/kWh
2026-10-09T18:32:23Z,STR-E-491A-A,0.19 €/kWh
2026-10-09T18:32:23Z,STR-E-491A-B,0.19 €/kWh
2026-10-09T18:32:23Z,STR-E-491A-C,0.19 €/kWh
2026-10-09T18:32:23Z,STR-E-4DE6-A,0.19 €/kWh
2026-10-09T18:32:23Z,STR-E-4DE6-B,0.19 €/kWh
2026-10-09T18:32:23Z,STR-E-4KWM-A,0.29 €/kWh
2026-10-09T18:32:23Z,STR-E-4KWM-B,0.29 €/kWh
2026-10-09T18:32:23Z,STR-E-4LRS-A,0.1 €/kWh
2026-10-09T18:32:23Z,STR-E-4UGU-A,0.1 €/kWh
2026-10-09T18:32:23Z,STR-E-4YKC-A,0 € + 0.18 €/kWh
2026-10-09T18:32:23Z,STR-E-527U-A,0 € + 0.18 €/kWh
2026-10-09T18:32:23Z,STR-E-54PK-A,0.08 € + 0.14 €/kWh
2026-10-09T18:32:23Z,STR-E-54PK-B,0.08 € + 0.14 €/kWh
2026-10-09T18:32:23Z,STR-E-55I4-A,0 € + 0.18 €/kWh
2026-10-09T18:32:23Z,STR-E-566J-A,0 € + 0.18 €/kWh
2026-10-09T18:32:23Z,STR-E-59TF-A,0.08 € + 0.14 €/kWh
2026-10-09T18:32:23Z,STR-E-5DWB-A,0.1 €/kWh
2026-10-09T18:32:23Z,STR-E-5TI5-A,0.1 €/kWh
2026-10-09T18:32:23Z,STR-E-69PN-A,0.1 €/kWh
2026-10-09T18:32:23Z,STR-E-6CNG-A,0.1 €/kWh
2026-10-09T18:32:23Z,STR-E-6E7W-A,0 € + 0.18 €/kWh
2026-10-09T18:32:23Z,STR-E-6SQH-A,0.1 €/kWh
2026-10-09T18:32:23Z,STR-E-6UZQ-A,0.2 €/kWh
2026-10-09T18:32:23Z,STR-E-6UZQ-B,0.2 €/kWh
2026-10-09T18:32:23Z,STR-E-6ZTQ-A,0 € + 0.18 €/kWh
2026-10-09T18:32:23Z,STR-E-7438-A,0 € + 0.18 €/kWh
2026-10-09T18:32:23Z,STR-E-7A48-A,0.08 € + 0.14 €/kWh
2026-10-09T18:32:23Z,STR-E-7YBN-A,0 € + 0.18 €/kWh
2026-10-09T18:32:23Z,STR-E-7Z8G-A,0.29 €/kWh
2026-10-09T18:32:23Z,STR-E-7Z8G-B,0.29 €/kWh
2026-10-09T18:32:23Z,STR-E-86C0-A,0.1 €/kWh
2026-10-09T18:32:23Z,STR-E-88SA-A,0.1 €/kWh
2026-10-09T18:32:23Z,STR-E-8A02-A,0 € + 0.18 €/kWh
2026-10-09T18:32:23Z,STR-E-8M2O-A,0.1 €/kWh
2026-10-09T18:32:23Z,STR-E-8Q9F-A,0 € + 0.18 €/kWh
2026-10-09T18:32:23Z,STR-E-8XL5-A,0.1 €/kWh
2026-10-09T18:32:23Z,STR-E-8Y23-A,0.1 €/kWh
2026-10-09T18:32:23Z,STR-E-92KW-A,0.2 €/kWh + 0.23 €
2026-10-09T18:32:23Z,STR-E-9AH3-A,0 € + 0.18 €/kWh
2026-10-09T18:32:23Z,STR-E-9I2R-A,0.1 €/kWh
2026-10-09T18:32:23Z,STR-E-9TUZ-A,0.1 €/kWh
2026-10-09T18:32:23Z,STR-E-9WY2-A,0.1 €/kWh
2026-10-09T18:32:23Z,STR-E-A169-A,0 € + 0.18 €/kWh
2026-10-09T18:32:23Z,STR-E-A27N-A,0.22 €/kWh
2026-10-09T18:32:23Z,STR-E-A27N-B,0.22 €/kWh
2026-10-09T18:32:23Z,STR-E-A27N-C,0.22 €/kWh
2026-10-09T18:32:23Z,STR-E-A442-A,0.1 €/kWh
2026-10-09T18:32:23Z,STR-E-AABG-A,0.1 €/kWh
2026-10-09T18:32:23Z,STR-E-ACMT-A,0.1 €/kWh
2026-10-09T18:32:23Z,STR-E-ADXE-A,0 € + 0.18 €/kWh
2026-10-09T18:32:23Z,STR-E-AF2O-A,0.08 € + 0.14 €/kWh
2026-10-09T18:32:23Z,STR-E-AMQK-A,0 € + 0.18 €/kWh
2026-10-09T18:32:23Z,STR-E-ANJ0-A,0.2 €/kWh + 0.23 €
2026-10-09T18:32:23Z,STR-E-ANJ0-B,0.2 €/kWh + 0.23 €
2026-10-09T18:32:23Z,STR-E-AP96-A,0.2 €/kWh + 0.23 €
2026-10-09T18:32:23Z,STR-E-AP96-B,0.2 €/kWh + 0.23 €
2026-10-09T18:32:23Z,STR-E-AUQ2-A,0 € + 0.18 €/kWh
2026-10-09T18:32:23Z,STR-E-AWF1-A,0.08 € + 0.14 €/kWh
2026-10-09T18:32:23Z,STR-E-AWF1-B,0.08 € + 0.14 €/kWh
2026-10-09T18:32:23Z,STR-E-AWJ9-A,0.22 €/kWh
2026-10-09T18:32:23Z,STR-E-AWJ9-B,0.22 €/kWh
2026-10-09T18:32:23Z,STR-E-B36V-A,0.19 € + 0.27 €/kWh
2026-10-09T18:32:23Z,STR-E-B36V-B,0.19 € + 0.27 €/kWh
2026-10-09T18:32:23Z,STR-E-BIKW-A,0.2 €/kWh + 0.23 €
2026-10-09T18:32:23Z,STR-E-BIKW-B,0.2 €/kWh + 0.23 €
2026-10-09T18:32:23Z,STR-E-BXA5-A,0.1 €/kWh
2026-10-09T18:32:23Z,STR-E-C91L-A,0.1 €/kWh
2026-10-09T18:32:23Z,STR-E-C99Z-A,0 € + 0.18 €/kWh
2026-10-09T18:32:23Z,STR-E-D3MB-A,0.2 €/kWh + 0.23 €
2026-10-09T18:32:23Z,STR-E-D3MB-B,0.2 €/kWh + 0.23 €
2026-10-09T18:32:23Z,STR-E-DBCC-A,0.08 € + 0.14 €/kWh
2026-10-09T18:32:23Z,STR-E-DBCC-B,0.08 € + 0.14 €/kWh
2026-10-09T18:32:23Z,STR-E-DHEJ-A,0 € + 0.18 €/kWh
2026-10-09T18:32:23Z,STR-E-E0DZ-A,0.2 €/kWh
2026-10-09T18:32:23Z,STR-E-E0DZ-B,0.2 €/kWh
2026-10-09T18:32:23Z,STR-E-E7HH-A,0.1 €/kWh
2026-10-09T18:32:23Z,STR-E-ECI7-A,0 € + 0.18 €/kWh
2026-10-09T18:32:23Z,STR-E-EFXK-A,0 € + 0.18 €/kWh
2026-10-09T18:32:23Z,STR-E-ELFQ-A,0.2 €/kWh + 0.23 €
2026-10-09T18:32:23Z,STR-E-ELFQ-B,0.2 €/kWh + 0.23 €
2026-10-09T18:32:23Z,STR-E-EPQY-A,0 € + 0.18 €/kWh
2026-10-09T18:32:23Z,STR-E-ER2N-A,0 € + 0.18 €/kWh
2026-10-09T18:32:23Z,STR-E-ES3O-A,0 € + 0.18 €/kWh
2026-10-09T18:32:23Z,STR-E-EU1U-A,0.1 €/kWh
2026-10-09T18:32:23Z,STR-E-F2G0-A,0.08 € + 0.14 €/kWh
2026-10-09T18:32:23Z,STR-E-F2G0-B,0.08 € + 0.14 €/kWh
2026-10-09T18:32:23Z,STR-E-F4B3-A,0.1 €/kWh
2026-10-09T18:32:23Z,STR-E-F5LZ-A,0.1 €/kWh
2026-10-09T18:32:23Z,STR-E-F79A-A,0.2 €/kWh + 0.23 €
2026-10-09T18:32:23Z,STR-E-F79A-B,0.2 €/kWh + 0.23 €
2026-10-09T18:32:23Z,STR-E-FGMF-A,0.1 €/kWh
2026-10-09T18:32:23Z,STR-E-FK06-A,0.1 €/kWh
2026-10-09T18:32:23Z,STR-E-FKUY-A,0 € + 0.18 €/kWh
2026-10-09T18:32:23Z,STR-E-FUE8-A,0.08 € + 0.14 €/kWh
2026-10-09T18:32:23Z,STR-E-FUE8-B,0.08 € + 0.14 €/kWh
2026-10-09T18:32:23Z,STR-E-G4VM-A,0.1 €/kWh
2026-10-09T18:32:23Z,STR-E-G518-A,0.1 €/kWh
2026-10-09T18:32:23Z,STR-E-GB9A-A,0.1 €/kWh
2026-10-09T18:32:23Z,STR-E-GE77-A,0.29 €/kWh
2026-10-09T18:32:23Z,STR-E-GE77-B,0.29 €/kWh
2026-10-09T18:32:23Z,STR-E-GFB3-A,0 € + 0.18 €/kWh
2026-10-09T18:32:23Z,STR-E-GGV8-A,0.1 €/kWh
2026-10-09T18:32:23Z,STR-E-GHJA-A,0.1 €/kWh
2026-10-09T18:32:23Z,STR-E-GK0C-A,0 € + 0.18 €/kWh
2026-10-09T18:32:23Z,STR-E-GR5K-A,0.1 €/kWh
2026-10-09T18:32:23Z,STR-E-H6Q5-A,0.1 €/kWh
2026-10-09T18:32:23Z,STR-E-HHXV-A,0 € + 0.18 €/kWh
2026-10-09T18:32:23Z,STR-E-I1KE-A,0 € + 0.18 €/kWh
2026-10-09T18:32:23Z,STR-E-I4UZ-A,0.1 €/kWh
2026-10-09T18:32:23Z,STR-E-I5FH-A,0.1 €/kWh
2026-10-09T18:32:23Z,STR-E-I8C6-A,0.1 €/kWh
2026-10-09T18:32:23Z,STR-E-IA3X-A,0.1 €/kWh
2026-10-09T18:32:23Z,STR-E-IAO5-A,0 € + 0.18 €/kWh
2026-10-09T18:32:23Z,STR-E-IGH5-A,0.2 €/kWh + 0.23 €
2026-10-09T18:32:23Z,STR-E-IGH5-B,0.2 €/kWh + 0.23 €
2026-10-09T18:32:23Z,STR-E-IIKL-A,0.08 € + 0.14 €/kWh
2026-10-09T18:32:23Z,STR-E-IIKL-B,0.08 € + 0.14 €/kWh
2026-10-09T18:32:23Z,STR-E-IPEC-A,0 € + 0.18 €/kWh
2026-10-09T18:32:23Z,STR-E-IV6T-A,0 € + 0.18 €/kWh
2026-10-09T18:32:23Z,STR-E-J54N-A,0 € + 0.18 €/kWh
2026-10-09T18:32:23Z,STR-E-J6DA-A,0 € + 0.18 €/kWh
2026-10-09T18:32:23Z,STR-E-J8VF-A,0 € + 0.18 €/kWh
2026-10-09T18:32:23Z,STR-E-JG90-A,0.11 €/kWh + 0.3 €
2026-10-09T18:32:23Z,STR-E-JG90-B,0.11 €/kWh + 0.3 €
2026-10-09T18:32:23Z,STR-E-JMOR-A,0 € + 0.18 €/kWh
2026-10-09T18:32:23Z,STR-E-JVO0-A,0.1 €/kWh
2026-10-09T18:32:23Z,STR-E-K217-A,0 € + 0.18 €/kWh
2026-10-09T18:32:23Z,STR-E-K73C-A,0.2 €/kWh + 0.23 €
2026-10-09T18:32:23Z,STR-E-K73C-B,0.2 €/kWh + 0.23 €
2026-10-09T18:32:23Z,STR-E-KBZL-A,0.1 €/kWh
2026-10-09T18:32:23Z,STR-E-KOHN-A,0 € + 0.18 €/kWh
2026-10-09T18:32:23Z,STR-E-KT5B-A,0 € + 0.18 €/kWh
2026-10-09T18:32:23Z,STR-E-KUKS-A,0.08 € + 0.14 €/kWh
2026-10-09T18:32:23Z,STR-E-KUKS-B,0.08 € + 0.14 €/kWh
2026-10-09T18:32:23Z,STR-E-L84D-A,0.1 €/kWh
2026-10-09T18:32:23Z,STR-E-LISV-A,0.1 €/kWh
2026-10-09T18:32:23Z,STR-E-LKFQ-A,0.1 €/kWh
2026-10-09T18:32:23Z,STR-E-LREY-A,0.31 €/kWh
2026-10-09T18:32:23Z,STR-E-M1IB-A,0.1 €/kWh
2026-10-09T18:32:23Z,STR-E-M8WL-A,0.1 €/kWh
2026-10-09T18:32:23Z,STR-E-M9W7-A,0.1 €/kWh
2026-10-09T18:32:23Z,STR-E-MIP3-A,0.19 €/kWh
2026-10-09T18:32:23Z,STR-E-MIP3-B,0.19 €/kWh
2026-10-09T18:32:23Z,STR-E-MSEN-A,0.1 €/kWh
2026-10-09T18:32:23Z,STR-E-MSUL-A,0.1 €/kWh
2026-10-09T18:32:23Z,STR-E-N6P5-A,0.1 €/kWh
2026-10-09T18:32:23Z,STR-E-NCKT-A,0.08 € + 0.14 €/kWh
2026-10-09T18:32:23Z,STR-E-NCKT-B,0.08 € + 0.14 €/kWh
2026-10-09T18:32:23Z,STR-E-NDU2-A,0 € + 0.18 €/kWh
2026-10-09T18:32:23Z,STR-E-NDZ4-A,0 € + 0.18 €/kWh
2026-10-09T18:32:23Z,STR-E-NFV5-A,0 € + 0.18 €/kWh
2026-10-09T18:32:23Z,STR-E-NNGC-A,0.1 €/kWh
2026-10-09T18:32:23Z,STR-E-NSGB-A,0 € + 0.18 €/kWh
2026-10-09T18:32:23Z,STR-E-NY0Q-A,0.15 € + 0.2 €/kWh
2026-10-09T18:32:23Z,STR-E-O0VK-A,0.1 €/kWh
2026-10-09T18:32:23Z,STR-E-O5JX-A,0 € + 0.18 €/kWh
2026-10-09T18:32:23Z,STR-E-O5YW-A,0.08 € + 0.14 €/kWh
2026-10-09T18:32:23Z,STR-E-O5YW-B,0.08 € + 0.14 €/kWh
2026-10-09T18:32:23Z,STR-E-ODBK-A,0.29 €/kWh
2026-10-09T18:32:23Z,STR-E-ODBK-B,0.29 €/kWh
2026-10-09T18:32:23Z,STR-E-OFWF-A,0 € + 0.18 €/kWh
2026-10-09T18:32:23Z,STR-E-OG1X-A,0.1 €/kWh
2026-10-09T18:32:23Z,STR-E-OHH6-A,0 € + 0.18 €/kWh
2026-10-09T18:32:23Z,STR-E-OJ3E-A,0.2 €/kWh + 0.23 €
2026-10-09T18:32:23Z,STR-E-OJ3E-B,0.2 €/kWh + 0.23 €
2026-10-09T18:32:23Z,STR-E-OQKZ-A,0.1 €/kWh
2026-10-09T18:32:23Z,STR-E-P46N-A,0 € + 0.18 €/kWh
2026-10-09T18:32:23Z,STR-E-P7AF-A,0.08 € + 0.14 €/kWh
2026-10-09T18:32:23Z,STR-E-P7AF-B,0.08 € + 0.14 €/kWh
2026-10-09T18:32:23Z,STR-E-PC04-A,0.1 €/kWh
2026-10-09T18:32:23Z,STR-E-PDR2-A,0.1 €/kWh
2026-10-09T18:32:23Z,STR-E-PJCQ-A,0.08 € + 0.14 €/kWh
2026-10-09T18:32:23Z,STR-E-PJCQ-B,0.08 € + 0.14 €/kWh
2026-10-09T18:32:23Z,STR-E-PM3P-A,0.2 €/kWh + 0.23 €
2026-10-09T18:32:23Z,STR-E-PM3P-B,0.2 €/kWh + 0.23 €
2026-10-09T18:32:23Z,STR-E-PRUQ-A,0.1 €/kWh
2026-10-09T18:32:23Z,STR-E-PSU9-A,0.1 €/kWh
2026-10-09T18:32:23Z,STR-E-PZ9U-A,0.1 €/kWh
2026-10-09T18:32:23Z,STR-E-PZES-A,0.1 €/kWh
2026-10-09T18:32:23Z,STR-E-Q5YF-A,0.2 €/kWh + 0.23 €
2026-10-09T18:32:23Z,STR-E-Q5YF-B,0.2 €/kWh + 0.23 €
2026-10-09T18:32:23Z,STR-E-Q7LB-A,0.2 €/kWh + 0.23 €
2026-10-09T18:32:23Z,STR-E-Q7LB-B,0.2 €/kWh + 0.23 €
2026-10-09T18:32:23Z,STR-E-QAXH-A,0.15 € + 0.2 €/kWh
2026-10-09T18:32:23Z,STR-E-QE1X-A,0.08 € + 0.14 €/kWh
2026-10-09T18:32:23Z,STR-E-QE1X-B,0.08 € + 0.14 €/kWh
2026-10-09T18:32:23Z,STR-E-QEDL-A,0.1 €/kWh
2026-10-09T18:32:23Z,STR-E-QIQM-A,0.1 €/kWh
2026-10-09T18:32:23Z,STR-E-QLC9-A,0.19 €/kWh
2026-10-09T18:32:23Z,STR-E-QLC9-B,0.19 €/kWh
2026-10-09T18:32:23Z,STR-E-R0J8-A,0.1 €/kWh
2026-10-09T18:32:23Z,STR-E-R1MT-A,0.2 €/kWh + 0.23 €
2026-10-09T18:32:23Z,STR-E-R1MT-B,0.2 €/kWh + 0.23 €
2026-10-09T18:32:23Z,STR-E-R1PI-A,0.2 €/kWh + 0.23 €
2026-10-09T18:32:23Z,STR-E-R1PI-B,0.2 €/kWh + 0.23 €
2026-10-09T18:32:23Z,STR-E-R2LK-A,0.2 €/kWh + 0.23 €
2026-10-09T18:32:23Z,STR-E-R2LK-B,0.2 €/kWh + 0.23 €
2026-10-09T18:32:23Z,STR-E-R8PQ-A,0 € + 0.18 €/kWh
2026-10-09T18:32:23Z,STR-E-R9GA-A,0.1 €/kWh
2026-10-09T18:32:23Z,STR-E-RJH9-A,0.1 €/kWh
2026-10-09T18:32:23Z,STR-E-RKWJ-A,0.1 €/kWh
2026-10-09T18:32:23Z,STR-E-S42D-A,0.1 €/kWh
2026-10-09T18:32:23Z,STR-E-S6VR-A,0 € + 0.18 €/kWh
2026-10-09T18:32:23Z,STR-E-S7YR-A,0.2 €/kWh + 0.23 €
2026-10-09T18:32:23Z,STR-E-S7YR-B,0.2 €/kWh + 0.23 €
2026-10-09T18:32:23Z,STR-E-SGC2-A,0 € + 0.18 €/kWh
2026-10-09T18:32:23Z,STR-E-SJKA-A,0.1 €/kWh
2026-10-09T18:32:23Z,STR-E-SQX8-A,0.08 € + 0.14 €/kWh
2026-10-09T18:32:23Z,STR-E-SQX8-B,0.08 € + 0.14 €/kWh
2026-10-09T18:32:23Z,STR-E-SVR3-A,0.2 €/kWh + 0.23 €
2026-10-09T18:32:23Z,STR-E-SVR3-B,0.2 €/kWh + 0.23 €
2026-10-09T18:32:23Z,STR-E-SY9Y-A,0.1 €/kWh
2026-10-09T18:32:23Z,STR-E-TO2O-A,0.1 €/kWh
2026-10-09T18:32:23Z,STR-E-TX67-A,0.22 €/kWh
2026-10-09T18:32:23Z,STR-E-TX67-B,0.22 €/kWh
2026-10-09T18:32:23Z,STR-E-U41O-A,0 € + 0.18 €/kWh
2026-10-09T18:32:23Z,STR-E-U5TP-A,0.1 €/kWh
2026-10-09T18:32:23Z,STR-E-UKPS-A,0.15 € + 0.2 €/kWh
2026-10-09T18:32:23Z,STR-E-UPAQ-A,0.19 €/kWh
2026-10-09T18:32:23Z,STR-E-UPAQ-B,0.19 €/kWh
2026-10-09T18:32:23Z,STR-E-UPOS-A,0.08 € + 0.14 €/kWh
2026-10-09T18:32:23Z,STR-E-UPOS-B,0.08 € + 0.14 €/kWh
2026-10-09T18:32:23Z,STR-E-UY5H-A,0.1 €/kWh
2026-10-09T18:32:23Z,STR-E-V17G-A,0.1 €/kWh
2026-10-09T18:32:23Z,STR-E-V31J-A,0.1 €/kWh
2026-10-09T18:32:23Z,STR-E-V50T-A,0.1 €/kWh
2026-10-09T18:32:23Z,STR-E-V9SD-A,0.1 €/kWh
2026-10-09T18:32:23Z,STR-E-V9ZR-A,0.1 €/kWh
2026-10-09T18:32:23Z,STR-E-VBMP-A,0.1 €/kWh
2026-10-09T18:32:23Z,STR-E-VJBJ-A,0 € + 0.18 €/kWh
2026-10-09T18:32:23Z,STR-E-VPDB-A,0.1 €/kWh
2026-10-09T18:32:23Z,STR-E-VQ06-A,0 € + 0.18 €/kWh
2026-10-09T18:32:23Z,STR-E-VSDJ-A,0.22 €/kWh
2026-10-09T18:32:23Z,STR-E-VSDJ-B,0.22 €/kWh
2026-10-09T18:32:23Z,STR-E-VT0G-A,0.1 €/kWh
2026-10-09T18:32:23Z,STR-E-VX2O-A,0 € + 0.18 €/kWh
2026-10-09T18:32:23Z,STR-E-VXGH-A,0.1 €/kWh
2026-10-09T18:32:23Z,STR-E-W1X4-A,0.1 €/kWh
2026-10-09T18:32:23Z,STR-E-WEE3-A,0.2 €/kWh + 0.23 €
2026-10-09T18:32:23Z,STR-E-WEE3-B,0.2 €/kWh + 0.23 €
2026-10-09T18:32:23Z,STR-E-WHZ1-A,0 € + 0.18 €/kWh
2026-10-09T18:32:23Z,STR-E-WLGM-A,0 € + 0.18 €/kWh
2026-10-09T18:32:23Z,STR-E-WTQ5-A,0.2 €/kWh
2026-10-09T18:32:23Z,STR-E-WXV8-A,0.1 €/kWh
2026-10-09T18:32:23Z,STR-E-WYFE-A,0.2 €/kWh
2026-10-09T18:32:23Z,STR-E-WYFE-B,0.2 €/kWh
2026-10-09T18:32:23Z,STR-E-WYYC-A,0.2 €/kWh + 0.23 €
2026-10-09T18:32:23Z,STR-E-WYYC-B,0.2 €/kWh + 0.23 €
2026-10-09T18:32:23Z,STR-E-WZW9-A,0.1 €/kWh
2026-10-09T18:32:23Z,STR-E-X525-A,0.1 €/kWh
2026-10-09T18:32:23Z,STR-E-X54O-A,0 € + 0.18 €/kWh
2026-10-09T18:32:23Z,STR-E-XCMJ-A,0.08 € + 0.14 €/kWh
2026-10-09T18:32:23Z,STR-E-XCMJ-B,0.08 € + 0.14 €/kWh
2026-10-09T18:32:23Z,STR-E-XFON-A,0.1 €/kWh
2026-10-09T18:32:23Z,STR-E-XG69-A,0.08 € + 0.14 €/kWh
2026-10-09T18:32:23Z,STR-E-XG69-B,0.08 € + 0.14 €/kWh
2026-10-09T18:32:23Z,STR-E-XH51-A,0 € + 0.18 €/kWh
2026-10-09T18:32:23Z,STR-E-XKW2-A,0.2 €/kWh + 0.23 €
2026-10-09T18:32:23Z,STR-E-XKW2-B,0.2 €/kWh + 0.23 €
2026-10-09T18:32:23Z,STR-E-XRV8-A,0 € + 0.18 €/kWh
2026-10-09T18:32:23Z,STR-E-Y7JK-A,0 € + 0.18 €/kWh
2026-10-09T18:32:23Z,STR-E-Y82E-A,0 € + 0.18 €/kWh
2026-10-09T18:32:23Z,STR-E-YC50-A,0.1 €/kWh
2026-10-09T18:32:23Z,STR-E-Z2PJ-A,0.08 € + 0.14 €/kWh
2026-10-09T18:32:23Z,STR-E-Z2PJ-B,0.08 € + 0.14 €/kWh
2026-10-09T18:32:23Z,STR-E-ZA6O-A,0.1 €/kWh
2026-10-09T18:32:23Z,STR-E-ZEP7-A,0 € + 0.18 €/kWh
2026-10-09T18:32:23Z,STR-E-ZIAZ-A,0 € + 0.18 €/kWh
2026-10-09T18:32:23Z,STR-E-ZK9W-A,0 € + 0.18 €/kWh
2026-10-09T18:32:23Z,STR-E-ZS00-A,0.2 €/kWh + 0.23 €
2026-10-09T18:32:23Z,STR-E-ZS00-B,0.2 €/kWh + 0.23 €
2026-10-09T18:32:23Z,STR-E-ZWU5-A,0.08 € + 0.14 €/kWh
2026-10-09T18:32:23Z,STR-E-ZWU5-B,0.08 € + 0.14 €/kWh
2026-10-09T18:48:22Z,IKR-E-1220-A,0.3 € + 0.35 €/kWh
2026-10-09T18:48:22Z,IKR-E-1871-A,0.3 € + 0.35 €/kWh
2026-10-09T18:48:22Z,IKR-E-2G8J-A,0.3 € + 0.35 €/kWh
2026-10-09T18:48:22Z,IKR-E-3TSR-A,0.3 € + 0.35 €/kWh
2026-10-09T18:48:22Z,IKR-E-5715-A,0.3 € + 0.35 €/kWh
2026-10-09T18:48:22Z,IKR-E-5730-A,0.3 € + 0.41 €/kWh
2026-10-09T18:48:22Z,IKR-E-5CGU-A,0.3 € + 0.35 €/kWh
2026-10-09T18:48:22Z,IKR-E-7718-A,0.3 € + 0.41 €/kWh
2026-10-09T18:48:22Z,IKR-E-DVCM-A,0.3 € + 0.35 €/kWh
2026-10-09T18:48:22Z,IKR-E-E228-A,0.3 € + 0.35 €/kWh
2026-10-09T18:48:22Z,IKR-E-E475-A,0.3 € + 0.38 €/kWh
2026-10-09T18:48:22Z,IKR-E-E544-A,0.3 € + 0.38 €/kWh
2026-10-09T18:48:22Z,IKR-E-EKZA-A,0.3 € + 0.35 €/kWh
2026-10-09T18:48:22Z,IKR-E-GAY9-A,0.3 € + 0.35 €/kWh
2026-10-09T18:48:22Z,IKR-E-IZW2-A,0.3 € + 0.35 €/kWh
2026-10-09T18:48:22Z,IKR-E-J1JV-A,0.3 € + 0.35 €/kWh
2026-10-09T18:48:22Z,IKR-E-JJAJ-A,0.3 € + 0.35 €/kWh
2026-10-09T18:48:22Z,IKR-E-KMBH-A,0.3 € + 0.35 €/kWh
2026-10-09T18:48:22Z,IKR-E-LJZI-A,0.3 € + 0.35 €/kWh
2026-10-09T18:48:22Z,IKR-E-MAU9-A,0.29 € + 0.27 €/kWh
2026-10-09T18:48:22Z,IKR-E-OWF5-A,0.3 € + 0.39 €/kWh
2026-10-09T18:48:22Z,IKR-E-W6HQ-A,0.29 € + 0.27 €/kWh
2026-10-09T18:48:22Z,IKR-E-XIH2-A,0.3 € + 0.35 €/kWh
2026-10-09T18:48:22Z,IKR-E-Y2Z8-A,0.3 € + 0.31 €/kWh
2026-10-09T18:48:22Z,IKR-P-IV7E-B,0.3 € + 0.35 €/kWh
2026-10-09T18:48:22Z,IKR-P-SCM5-A,0.3 € + 0.39 €/kWh
2026-10-09T18:48:22Z,IKR-P-V9X4-A,0.3 € + 0.39 €/kWh
2026-10-09T18:48:22Z,IKR-P-V9X4-B,0.3 € + 0.39 €/kWh
2026-10-09T18:48:22Z,STR-E-4156-A,0.25 €/kWh
2026-10-09T18:48:22Z,STR-E-4156-B,0.25 €/kWh
2026-10-09T19:02:24Z,IKR-E-MAU9-A,0.29 € + 0.25 €/kWh
2026-10-09T19:02:24Z,IKR-E-OWF5-A,0.3 € + 0.38 €/kWh
2026-10-09T19:02:24Z,IKR-E-W6HQ-A,0.29 € + 0.25 €/kWh
2026-10-09T19:02:24Z,IKR-P-SCM5-A,0.3 € + 0.38 €/kWh
2026-10-09T19:02:24Z,IKR-P-V9X4-A,0.3 € + 0.38 €/kWh
2026-10-09T19:02:24Z,IKR-P-V9X4-B,0.3 € + 0.38 €/kWh
2026-10-09T19:02:24Z,STR-E-027B-A,0.18 €/kWh + 0.23 €
2026-10-09T19:02:24Z,STR-E-027B-B,0.18 €/kWh + 0.23 €
2026-10-09T19:02:24Z,STR-E-02VO-A,0.2 €/kWh
2026-10-09T19:02:24Z,STR-E-02VO-B,0.2 €/kWh
2026-10-09T19:02:24Z,STR-E-04YS-A,0 € + 0.16 €/kWh
2026-10-09T19:02:24Z,STR-E-051F-A,0.08 € + 0.12 €/kWh
2026-10-09T19:02:24Z,STR-E-0698-A,0.08 €/kWh
2026-10-09T19:02:24Z,STR-E-0GEL-A,0.08 €/kWh
2026-10-09T19:02:24Z,STR-E-10G9-A,0.08 € + 0.12 €/kWh
2026-10-09T19:02:24Z,STR-E-10G9-B,0.08 € + 0.12 €/kWh
2026-10-09T19:02:24Z,STR-E-1162-A,0.08 €/kWh
2026-10-09T19:02:24Z,STR-E-11DT-A,0.08 €/kWh
2026-10-09T19:02:24Z,STR-E-1887-A,0.08 €/kWh
2026-10-09T19:02:24Z,STR-E-1927-A,0.08 €/kWh
2026-10-09T19:02:24Z,STR-E-1ME5-A,0.08 € + 0.12 €/kWh
2026-10-09T19:02:24Z,STR-E-1ME5-B,0.08 € + 0.12 €/kWh
2026-10-09T19:02:24Z,STR-E-1MHB-A,0.28 €/kWh
2026-10-09T19:02:24Z,STR-E-1MJQ-A,0.08 €/kWh
2026-10-09T19:02:24Z,STR-E-1X30-A,0 € + 0.16 €/kWh
2026-10-09T19:02:24Z,STR-E-21O1-A,0.18 €/kWh
2026-10-09T19:02:24Z,STR-E-21O1-B,0.18 €/kWh
2026-10-09T19:02:24Z,STR-E-2446-A,0 € + 0.16 €/kWh
2026-10-09T19:02:24Z,STR-E-2D12-A,0.08 €/kWh
2026-10-09T19:02:24Z,STR-E-2ED4-A,0.08 €/kWh
2026-10-09T19:02:24Z,STR-E-2K1Q-A,0 € + 0.16 €/kWh
2026-10-09T19:02:24Z,STR-E-2XDJ-A,0 € + 0.16 €/kWh
2026-10-09T19:02:24Z,STR-E-320G-A,0.08 €/kWh
2026-10-09T19:02:24Z,STR-E-3468-A,0.18 €/kWh
2026-10-09T19:02:24Z,STR-E-3468-B,0.18 €/kWh
2026-10-09T19:02:24Z,STR-E-3ENA-A,0.18 €/kWh
2026-10-09T19:02:24Z,STR-E-3ENA-B,0.18 €/kWh
2026-10-09T19:02:24Z,STR-E-3ENA-C,0.18 €/kWh
2026-10-09T19:02:24Z,STR-E-3FMF-A,0.18 €/kWh + 0.23 €
2026-10-09T19:02:24Z,STR-E-3FMF-B,0.18 €/kWh + 0.23 €
2026-10-09T19:02:24Z,STR-E-3PZS-A,0.08 €/kWh
2026-10-09T19:02:24Z,STR-E-3SXI-A,0.18 €/kWh
2026-10-09T19:02:24Z,STR-E-3SXI-B,0.18 €/kWh
2026-10-09T19:02:24Z,STR-E-3TZI-A,0.08 €/kWh
2026-10-09T19:02:24Z,STR-E-3WE5-A,0 € + 0.16 €/kWh
2026-10-09T19:02:24Z,STR-E-3YH3-A,0.08 € + 0.12 €/kWh
2026-10-09T19:02:24Z,STR-E-3YH3-B,0.08 € + 0.12 €/kWh
2026-10-09T19:02:24Z,STR-E-4156-A,0.24 €/kWh
2026-10-09T19:02:24Z,STR-E-4156-B,0.24 €/kWh
2026-10-09T19:02:24Z,STR-E-491A-A,0.17 €/kWh
2026-10-09T19:02:24Z,STR-E-491A-B,0.17 €/kWh
2026-10-09T19:02:24Z,STR-E-491A-C,0.17 €/kWh
2026-10-09T19:02:24Z,STR-E-4DE6-A,0.17 €/kWh
2026-10-09T19:02:24Z,STR-E-4DE6-B,0.17 €/kWh
2026-10-09T19:02:24Z,STR-E-4KWM-A,0.27 €/kWh
2026-10-09T19:02:24Z,STR-E-4KWM-B,0.27 €/kWh
2026-10-09T19:02:24Z,STR-E-4LRS-A,0.08 €/kWh
2026-10-09T19:02:24Z,STR-E-4UGU-A,0.08 €/kWh
2026-10-09T19:02:24Z,STR-E-4YKC-A,0 € + 0.16 €/kWh
2026-10-09T19:02:24Z,STR-E-527U-A,0 € + 0.16 €/kWh
2026-10-09T19:02:24Z,STR-E-54PK-A,0.08 € + 0.12 €/kWh
2026-10-09T19:02:24Z,STR-E-54PK-B,0.08 € + 0.12 €/kWh
2026-10-09T19:02:24Z,STR-E-55I4-A,0 € + 0.16 €/kWh
2026-10-09T19:02:24Z,STR-E-566J-A,0 € + 0.16 €/kWh
2026-10-09T19:02:24Z,STR-E-59TF-A,0.08 € + 0.12 €/kWh
2026-10-09T19:02:24Z,STR-E-5DWB-A,0.08 €/kWh
2026-10-09T19:02:24Z,STR-E-5TI5-A,0.08 €/kWh
2026-10-09T19:02:24Z,STR-E-69PN-A,0.08 €/kWh
2026-10-09T19:02:24Z,STR-E-6CNG-A,0.08 €/kWh
2026-10-09T19:02:24Z,STR-E-6E7W-A,0 € + 0.16 €/kWh
2026-10-09T19:02:24Z,STR-E-6SQH-A,0.08 €/kWh
2026-10-09T19:02:24Z,STR-E-6UZQ-A,0.18 €/kWh
2026-10-09T19:02:24Z,STR-E-6UZQ-B,0.18 €/kWh
2026-10-09T19:02:24Z,STR-E-6ZTQ-A,0 € + 0.16 €/kWh
2026-10-09T19:02:24Z,STR-E-7438-A,0 € + 0.16 €/kWh
2026-10-09T19:02:24Z,STR-E-7A48-A,0.08 € + 0.12 €/kWh
2026-10-09T19:02:24Z,STR-E-7YBN-A,0 € + 0.16 €/kWh
2026-10-09T19:02:24Z,STR-E-7Z8G-A,0.27 €/kWh
2026-10-09T19:02:24Z,STR-E-7Z8G-B,0.27 €/kWh
2026-10-09T19:02:24Z,STR-E-86C0-A,0.08 €/kWh
2026-10-09T19:02:24Z,STR-E-88SA-A,0.08 €/kWh
2026-10-09T19:02:24Z,STR-E-8A02-A,0 € + 0.16 €/kWh
2026-10-09T19:02:24Z,STR-E-8M2O-A,0.08 €/kWh
2026-10-09T19:02:24Z,STR-E-8Q9F-A,0 € + 0.16 €/kWh
2026-10-09T19:02:24Z,STR-E-8XL5-A,0.08 €/kWh
2026-10-09T19:02:24Z,STR-E-8Y23-A,0.08 €/kWh
2026-10-09T19:02:24Z,STR-E-92KW-A,0.18 €/kWh + 0.23 €
2026-10-09T19:02:24Z,STR-E-9AH3-A,0 € + 0.16 €/kWh
2026-10-09T19:02:24Z,STR-E-9I2R-A,0.08 €/kWh
2026-10-09T19:02:24Z,STR-E-9TUZ-A,0.08 €/kWh
2026-10-09T19:02:24Z,STR-E-9WY2-A,0.08 €/kWh
2026-10-09T19:02:24Z,STR-E-A169-A,0 € + 0.16 €/kWh
2026-10-09T19:02:24Z,STR-E-A27N-A,0.2 €/kWh
2026-10-09T19:02:24Z,STR-E-A27N-B,0.2 €/kWh
2026-10-09T19:02:24Z,STR-E-A27N-C,0.2 €/kWh
2026-10-09T19:02:24Z,STR-E-A442-A,0.08 €/kWh
2026-10-09T19:02:24Z,STR-E-AABG-A,0.08 €/kWh
2026-10-09T19:02:24Z,STR-E-ACMT-A,0.08 €/kWh
2026-10-09T19:02:24Z,STR-E-ADXE-A,0 € + 0.16 €/kWh
2026-10-09T19:02:24Z,STR-E-AF2O-A,0.08 € + 0.12 €/kWh
2026-10-09T19:02:24Z,STR-E-AMQK-A,0 € + 0.16 €/kWh
2026-10-09T19:02:24Z,STR-E-ANJ0-A,0.18 €/kWh + 0.23 €
2026-10-09T19:02:24Z,STR-E-ANJ0-B,0.18 €/kWh + 0.23 €
2026-10-09T19:02:24Z,STR-E-AP96-A,0.18 €/kWh + 0.23 €
2026-10-09T19:02:24Z,STR-E-AP96-B,0.18 €/kWh + 0.23 €
2026-10-09T19:02:24Z,STR-E-AUQ2-A,0 € + 0.16 €/kWh
2026-10-09T19:02:24Z,STR-E-AWF1-A,0.08 € + 0.12 €/kWh
2026-10-09T19:02:24Z,STR-E-AWF1-B,0.08 € + 0.12 €/kWh
2026-10-09T19:02:24Z,STR-E-AWJ9-A,0.2 €/kWh
2026-10-09T19:02:24Z,STR-E-AWJ9-B,0.2 €/kWh
2026-10-09T19:02:24Z,STR-E-B36V-A,0.19 € + 0.25 €/kWh
2026-10-09T19:02:24Z,STR-E-B36V-B,0.19 € + 0.25 €/kWh
2026-10-09T19:02:24Z,STR-E-BIKW-A,0.18 €/kWh + 0.23 €
2026-10-09T19:02:24Z,STR-E-BIKW-B,0.18 €/kWh + 0.23 €
2026-10-09T19:02:24Z,STR-E-BXA5-A,0.08 €/kWh
2026-10-09T19:02:24Z,STR-E-C91L-A,0.08 €/kWh
2026-10-09T19:02:24Z,STR-E-C99Z-A,0 € + 0.16 €/kWh
2026-10-09T19:02:24Z,STR-E-D3MB-A,0.18 €/kWh + 0.23 €
2026-10-09T19:02:24Z,STR-E-D3MB-B,0.18 €/kWh + 0.23 €
2026-10-09T19:02:24Z,STR-E-DBCC-A,0.08 € + 0.12 €/kWh
2026-10-09T19:02:24Z,STR-E-DBCC-B,0.08 € + 0.12 €/kWh
2026-10-09T19:02:24Z,STR-E-DHEJ-A,0 € + 0.16 €/kWh
2026-10-09T19:02:24Z,STR-E-E0DZ-A,0.18 €/kWh
2026-10-09T19:02:24Z,STR-E-E0DZ-B,0.18 €/kWh
2026-10-09T19:02:24Z,STR-E-E7HH-A,0.08 €/kWh
2026-10-09T19:02:24Z,STR-E-ECI7-A,0 € + 0.16 €/kWh
2026-10-09T19:02:24Z,STR-E-EFXK-A,0 € + 0.16 €/kWh
2026-10-09T19:02:24Z,STR-E-ELFQ-A,0.18 €/kWh + 0.23 €
2026-10-09T19:02:24Z,STR-E-ELFQ-B,0.18 €/kWh + 0.23 €
2026-10-09T19:02:24Z,STR-E-EPQY-A,0 € + 0.16 €/kWh
2026-10-09T19:02:24Z,STR-E-ER2N-A,0 € + 0.16 €/kWh
2026-10-09T19:02:24Z,STR-E-ES3O-A,0 € + 0.16 €/kWh
2026-10-09T19:02:24Z,STR-E-EU1U-A,0.08 €/kWh
2026-10-09T19:02:24Z,STR-E-F2G0-A,0.08 € + 0.12 €/kWh
2026-10-09T19:02:24Z,STR-E-F2G0-B,0.08 € + 0.12 €/kWh
2026-10-09T19:02:24Z,STR-E-F4B3-A,0.08 €/kWh
2026-10-09T19:02:24Z,STR-E-F5LZ-A,0.08 €/kWh
2026-10-09T19:02:24Z,STR-E-F79A-A,0.18 €/kWh + 0.23 €
2026-10-09T19:02:24Z,STR-E-F79A-B,0.18 €/kWh + 0.23 €
2026-10-09T19:02:24Z,STR-E-FGMF-A,0.08 €/kWh
2026-10-09T19:02:24Z,STR-E-FK06-A,0.08 €/kWh
2026-10-09T19:02:24Z,STR-E-FKUY-A,0 € + 0.16 €/kWh
2026-10-09T19:02:24Z,STR-E-FUE8-A,0.08 € + 0.12 €/kWh
2026-10-09T19:02:24Z,STR-E-FUE8-B,0.08 € + 0.12 €/kWh
2026-10-09T19:02:24Z,STR-E-G4VM-A,0.08 €/kWh
2026-10-09T19:02:24Z,STR-E-G518-A,0.08 €/kWh
2026-10-09T19:02:24Z,STR-E-GB9A-A,0.08 €/kWh
2026-10-09T19:02:24Z,STR-E-GE77-A,0.27 €/kWh
2026-10-09T19:02:24Z,STR-E-GE77-B,0.27 €/kWh
2026-10-09T19:02:24Z,STR-E-GFB3-A,0 € + 0.16 €/kWh
2026-10-09T19:02:24Z,STR-E-GGV8-A,0.08 €/kWh
2026-10-09T19:02:24Z,STR-E-GHJA-A,0.08 €/kWh
2026-10-09T19:02:24Z,STR-E-GK0C-A,0 € + 0.16 €/kWh
2026-10-09T19:02:24Z,STR-E-GR5K-A,0.08 €/kWh
2026-10-09T19:02:24Z,STR-E-H6Q5-A,0.08 €/kWh
2026-10-09T19:02:24Z,STR-E-HHXV-A,0 € + 0.16 €/kWh
2026-10-09T19:02:24Z,STR-E-I1KE-A,0 € + 0.16 €/kWh
2026-10-09T19:02:24Z,STR-E-I4UZ-A,0.08 €/kWh
2026-10-09T19:02:24Z,STR-E-I5FH-A,0.08 €/kWh
2026-10-09T19:02:24Z,STR-E-I8C6-A,0.08 €/kWh
2026-10-09T19:02:24Z,STR-E-IA3X-A,0.08 €/kWh
2026-10-09T19:02:24Z,STR-E-IAO5-A,0 € + 0.16 €/kWh
2026-10-09T19:02:24Z,STR-E-IGH5-A,0.18 €/kWh + 0.23 €
2026-10-09T19:02:24Z,STR-E-IGH5-B,0.18 €/kWh + 0.23 €
2026-10-09T19:02:24Z,STR-E-IIKL-A,0.08 € + 0.12 €/kWh
2026-10-09T19:02:24Z,STR-E-IIKL-B,0.08 € + 0.12 €/kWh
2026-10-09T19:02:24Z,STR-E-IPEC-A,0 € + 0.16 €/kWh
2026-10-09T19:02:24Z,STR-E-IV6T-A,0 € + 0.16 €/kWh
2026-10-09T19:02:24Z,STR-E-J54N-A,0 € + 0.16 €/kWh
2026-10-09T19:02:24Z,STR-E-J6DA-A,0 € + 0.16 €/kWh
2026-10-09T19:02:24Z,STR-E-J8VF-A,0 € + 0.16 €/kWh
2026-10-09T19:02:24Z,STR-E-JG90-A,0.09 €/kWh + 0.3 €
2026-10-09T19:02:24Z,STR-E-JG90-B,0.09 €/kWh + 0.3 €
2026-10-09T19:02:24Z,STR-E-JMOR-A,0 € + 0.16 €/kWh
2026-10-09T19:02:24Z,STR-E-JVO0-A,0.08 €/kWh
2026-10-09T19:02:24Z,STR-E-K217-A,0 € + 0.16 €/kWh
2026-10-09T19:02:24Z,STR-E-K73C-A,0.18 €/kWh + 0.23 €
2026-10-09T19:02:24Z,STR-E-K73C-B,0.18 €/kWh + 0.23 €
2026-10-09T19:02:24Z,STR-E-KBZL-A,0.08 €/kWh
2026-10-09T19:02:24Z,STR-E-KOHN-A,0 € + 0.16 €/kWh
2026-10-09T19:02:24Z,STR-E-KT5B-A,0 € + 0.16 €/kWh
2026-10-09T19:02:24Z,STR-E-KUKS-A,0.08 € + 0.12 €/kWh
2026-10-09T19:02:24Z,STR-E-KUKS-B,0.08 € + 0.12 €/kWh
2026-10-09T19:02:24Z,STR-E-L84D-A,0.08 €/kWh
2026-10-09T19:02:24Z,STR-E-LISV-A,0.08 €/kWh
2026-10-09T19:02:24Z,STR-E-LKFQ-A,0.08 €/kWh
2026-10-09T19:02:24Z,STR-E-LREY-A,0.28 €/kWh
2026-10-09T19:02:24Z,STR-E-M1IB-A,0.08 €/kWh
2026-10-09T19:02:24Z,STR-E-M8WL-A,0.08 €/kWh
2026-10-09T19:02:24Z,STR-E-M9W7-A,0.08 €/kWh
2026-10-09T19:02:24Z,STR-E-MIP3-A,0.17 €/kWh
2026-10-09T19:02:24Z,STR-E-MIP3-B,0.17 €/kWh
2026-10-09T19:02:24Z,STR-E-MSEN-A,0.08 €/kWh
2026-10-09T19:02:24Z,STR-E-MSUL-A,0.08 €/kWh
2026-10-09T19:02:24Z,STR-E-N6P5-A,0.08 €/kWh
2026-10-09T19:02:24Z,STR-E-NCKT-A,0.08 € + 0.12 €/kWh
2026-10-09T19:02:24Z,STR-E-NCKT-B,0.08 € + 0.12 €/kWh
2026-10-09T19:02:24Z,STR-E-NDU2-A,0 € + 0.16 €/kWh
2026-10-09T19:02:24Z,STR-E-NDZ4-A,0 € + 0.16 €/kWh
2026-10-09T19:02:24Z,STR-E-NFV5-A,0 € + 0.16 €/kWh
2026-10-09T19:02:24Z,STR-E-NNGC-A,0.08 €/kWh
2026-10-09T19:02:24Z,STR-E-NSGB-A,0 € + 0.16 €/kWh
2026-10-09T19:02:24Z,STR-E-NY0Q-A,0.15 € + 0.17 €/kWh
2026-10-09T19:02:24Z,STR-E-O0VK-A,0.08 €/kWh
2026-10-09T19:02:24Z,STR-E-O5JX-A,0 € + 0.16 €/kWh
2026-10-09T19:02:24Z,STR-E-O5YW-A,0.08 € + 0.12 €/kWh
2026-10-09T19:02:24Z,STR-E-O5YW-B,0.08 € + 0.12 €/kWh
2026-10-09T19:02:24Z,STR-E-ODBK-A,0.27 €/kWh
2026-10-09T19:02:24Z,STR-E-ODBK-B,0.27 €/kWh
2026-10-09T19:02:24Z,STR-E-OFWF-A,0 € + 0.16 €/kWh
2026-10-09T19:02:24Z,STR-E-OG1X-A,0.08 €/kWh
2026-10-09T19:02:24Z,STR-E-OHH6-A,0 € + 0.16 €/kWh
2026-10-09T19:02:24Z,STR-E-OJ3E-A,0.18 €/kWh + 0.23 €
2026-10-09T19:02:24Z,STR-E-OJ3E-B,0.18 €/kWh + 0.23 €
2026-10-09T19:02:24Z,STR-E-OQKZ-A,0.08 €/kWh
2026-10-09T19:02:24Z,STR-E-P46N-A,0 € + 0.16 €/kWh
2026-10-09T19:02:24Z,STR-E-P7AF-A,0.08 € + 0.12 €/kWh
2026-10-09T19:02:24Z,STR-E-P7AF-B,0.08 € + 0.12 €/kWh
2026-10-09T19:02:24Z,STR-E-PC04-A,0.08 €/kWh
2026-10-09T19:02:24Z,STR-E-PDR2-A,0.08 €/kWh
2026-10-09T19:02:24Z,STR-E-PJCQ-A,0.08 € + 0.12 €/kWh
2026-10-09T19:02:24Z,STR-E-PJCQ-B,0.08 € + 0.12 €/kWh
2026-10-09T19:02:24Z,STR-E-PM3P-A,0.18 €/kWh + 0.23 €
2026-10-09T19:02:24Z,STR-E-PM3P-B,0.18 €/kWh + 0.23 €
2026-10-09T19:02:24Z,STR-E-PRUQ-A,0.08 €/kWh
2026-10-09T19:02:24Z,STR-E-PSU9-A,0.08 €/kWh
2026-10-09T19:02:24Z,STR-E-PZ9U-A,0.08 €/kWh
2026-10-09T19:02:24Z,STR-E-PZES-A,0.08 €/kWh
2026-10-09T19:02:24Z,STR-E-Q5YF-A,0.18 €/kWh + 0.23 €
2026-10-09T19:02:24Z,STR-E-Q5YF-B,0.18 €/kWh + 0.23 €
2026-10-09T19:02:24Z,STR-E-Q7LB-A,0.18 €/kWh + 0.23 €
2026-10-09T19:02:24Z,STR-E-Q7LB-B,0.18 €/kWh + 0.23 €
2026-10-09T19:02:24Z,STR-E-QAXH-A,0.15 € + 0.17 €/kWh
2026-10-09T19:02:24Z,STR-E-QE1X-A,0.08 € + 0.12 €/kWh
2026-10-09T19:02:24Z,STR-E-QE1X-B,0.08 € + 0.12 €/kWh
2026-10-09T19:02:24Z,STR-E-QEDL-A,0.08 €/kWh
2026-10-09T19:02:24Z,STR-E-QIQM-A,0.08 €/kWh
2026-10-09T19:02:24Z,STR-E-QLC9-A,0.17 €/kWh
2026-10-09T19:02:24Z,STR-E-QLC9-B,0.17 €/kWh
2026-10-09T19:02:24Z,STR-E-R0J8-A,0.08 €/kWh
2026-10-09T19:02:24Z,STR-E-R1MT-A,0.18 €/kWh + 0.23 €
2026-10-09T19:02:24Z,STR-E-R1MT-B,0.18 €/kWh + 0.23 €
2026-10-09T19:02:24Z,STR-E-R1PI-A,0.18 €/kWh + 0.23 €
2026-10-09T19:02:24Z,STR-E-R1PI-B,0.18 €/kWh + 0.23 €
2026-10-09T19:02:24Z,STR-E-R2LK-A,0.18 €/kWh + 0.23 €
2026-10-09T19:02:24Z,STR-E-R2LK-B,0.18 €/kWh + 0.23 €
2026-10-09T19:02:24Z,STR-E-R8PQ-A,0 € + 0.16 €/kWh
2026-10-09T19:02:24Z,STR-E-R9GA-A,0.08 €/kWh
2026-10-09T19:02:24Z,STR-E-RJH9-A,0.08 €/kWh
2026-10-09T19:02:24Z,STR-E-RKWJ-A,0.08 €/kWh
2026-10-09T19:02:24Z,STR-E-S42D-A,0.08 €/kWh
2026-10-09T19:02:24Z,STR-E-S6VR-A,0 € + 0.16 €/kWh
2026-10-09T19:02:24Z,STR-E-S7YR-A,0.18 €/kWh + 0.23 €
2026-10-09T19:02:24Z,STR-E-S7YR-B,0.18 €/kWh + 0.23 €
2026-10-09T19:02:24Z,STR-E-SGC2-A,0 € + 0.16 €/kWh
2026-10-09T19:02:24Z,STR-E-SJKA-A,0.08 €/kWh
2026-10-09T19:02:24Z,STR-E-SQX8-A,0.08 € + 0.12 €/kWh
2026-10-09T19:02:24Z,STR-E-SQX8-B,0.08 € + 0.12 €/kWh
2026-10-09T19:02:24Z,STR-E-SVR3-A,0.18 €/kWh + 0.23 €
2026-10-09T19:02:24Z,STR-E-SVR3-B,0.18 €/kWh + 0.23 €
2026-10-09T19:02:24Z,STR-E-SY9Y-A,0.08 €/kWh
2026-10-09T19:02:24Z,STR-E-TO2O-A,0.08 €/kWh
2026-10-09T19:02:24Z,STR-E-TX67-A,0.2 €/kWh
2026-10-09T19:02:24Z,STR-E-TX67-B,0.2 €/kWh
2026-10-09T19:02:24Z,STR-E-U41O-A,0 € + 0.16 €/kWh
2026-10-09T19:02:24Z,STR-E-U5TP-A,0.08 €/kWh
2026-10-09T19:02:24Z,STR-E-UKPS-A,0.15 € + 0.17 €/kWh
2026-10-09T19:02:24Z,STR-E-UPAQ-A,0.17 €/kWh
2026-10-09T19:02:24Z,STR-E-UPAQ-B,0.17 €/kWh
2026-10-09T19:02:24Z,STR-E-UPOS-A,0.08 € + 0.12 €/kWh
2026-10-09T19:02:24Z,STR-E-UPOS-B,0.08 € + 0.12 €/kWh
2026-10-09T19:02:24Z,STR-E-UY5H-A,0.08 €/kWh
2026-10-09T19:02:24Z,STR-E-V17G-A,0.08 €/kWh
2026-10-09T19:02:24Z,STR-E-V31J-A,0.08 €/kWh
2026-10-09T19:02:24Z,STR-E-V50T-A,0.08 €/kWh
2026-10-09T19:02:24Z,STR-E-V9SD-A,0.08 €/kWh
2026-10-09T19:02:24Z,STR-E-V9ZR-A,0.08 €/kWh
2026-10-09T19:02:24Z,STR-E-VBMP-A,0.08 €/kWh
2026-10-09T19:02:24Z,STR-E-VJBJ-A,0 € + 0.16 €/kWh
2026-10-09T19:02:24Z,STR-E-VPDB-A,0.08 €/kWh
2026-10-09T19:02:24Z,STR-E-VQ06-A,0 € + 0.16 €/kWh
2026-10-09T19:02:24Z,STR-E-VSDJ-A,0.2 €/kWh
2026-10-09T19:02:24Z,STR-E-VSDJ-B,0.2 €/kWh
2026-10-09T19:02:24Z,STR-E-VT0G-A,0.08 €/kWh
2026-10-09T19:02:24Z,STR-E-VX2O-A,0 € + 0.16 €/kWh
2026-10-09T19:02:24Z,STR-E-VXGH-A,0.08 €/kWh
2026-10-09T19:02:24Z,STR-E-W1X4-A,0.08 €/kWh
2026-10-09T19:02:24Z,STR-E-WEE3-A,0.18 €/kWh + 0.23 €
2026-10-09T19:02:24Z,STR-E-WEE3-B,0.18 €/kWh + 0.23 €
2026-10-09T19:02:24Z,STR-E-WHZ1-A,0 € + 0.16 €/kWh
2026-10-09T19:02:24Z,STR-E-WLGM-A,0 € + 0.16 €/kWh
2026-10-09T19:02:24Z,STR-E-WTQ5-A,0.18 €/kWh
2026-10-09T19:02:24Z,STR-E-WXV8-A,0.08 €/kWh
2026-10-09T19:02:24Z,STR-E-WYFE-A,0.18 €/kWh
2026-10-09T19:02:24Z,STR-E-WYFE-B,0.18 €/kWh
2026-10-09T19:02:24Z,STR-E-WYYC-A,0.18 €/kWh + 0.23 €
2026-10-09T19:02:24Z,STR-E-WYYC-B,0.18 €/kWh + 0.23 €
2026-10-09T19:02:24Z,STR-E-WZW9-A,0.08 €/kWh
2026-10-09T19:02:24Z,STR-E-X525-A,0.08 €/kWh
2026-10-09T19:02:24Z,STR-E-X54O-A,0 € + 0.16 €/kWh
2026-10-09T19:02:24Z,STR-E-XCMJ-A,0.08 € + 0.12 €/kWh
2026-10-09T19:02:24Z,STR-E-XCMJ-B,0.08 € + 0.12 €/kWh
2026-10-09T19:02:24Z,STR-E-XFON-A,0.08 €/kWh
2026-10-09T19:02:24Z,STR-E-XG69-A,0.08 € + 0.12 €/kWh
2026-10-09T19:02:24Z,STR-E-XG69-B,0.08 € + 0.12 €/kWh
2026-10-09T19:02:24Z,STR-E-XH51-A,0 € + 0.16 €/kWh
2026-10-09T19:02:24Z,STR-E-XKW2-A,0.18 €/kWh + 0.23 €
2026-10-09T19:02:24Z,STR-E-XKW2-B,0.18 €/kWh + 0.23 €
2026-10-09T19:02:24Z,STR-E-XRV8-A,0 € + 0.16 €/kWh
2026-10-09T19:02:24Z,STR-E-Y7JK-A,0 € + 0.16 €/kWh
2026-10-09T19:02:24Z,STR-E-Y82E-A,0 € + 0.16 €/kWh
2026-10-09T19:02:24Z,STR-E-YC50-A,0.08 €/kWh
2026-10-09T19:02:24Z,STR-E-Z2PJ-A,0.08 € + 0.12 €/kWh
2026-10-09T19:02:24Z,STR-E-Z2PJ-B,0.08 € + 0.12 €/kWh
2026-10-09T19:02:24Z,STR-E-ZA6O-A,0.08 €/kWh
2026-10-09T19:02:24Z,STR-E-ZEP7-A,0 € + 0.16 €/kWh
2026-10-09T19:02:24Z,STR-E-ZIAZ-A,0 € + 0.16 €/kWh
2026-10-09T19:02:24Z,STR-E-ZK9W-A,0 € + 0.16 €/kWh
2026-10-09T19:02:24Z,STR-E-ZS00-A,0.18 €/kWh + 0.23 €
2026-10-09T19:02:24Z,STR-E-ZS00-B,0.18 €/kWh + 0.23 €
2026-10-09T19:02:24Z,STR-E-ZWU5-A,0.08 € + 0.12 €/kWh
2026-10-09T19:02:24Z,STR-E-ZWU5-B,0.08 € + 0.12 €/kWh
2026-10-09T19:16:28Z,IKR-E-MAU9-A,0.29 € + 0.27 €/kWh
2026-10-09T19:16:28Z,IKR-E-OWF5-A,0.3 € + 0.39 €/kWh
2026-10-09T19:16:28Z,IKR-E-W6HQ-A,0.29 € + 0.27 €/kWh
2026-10-09T19:16:28Z,IKR-P-SCM5-A,0.3 € + 0.39 €/kWh
2026-10-09T19:16:28Z,IKR-P-V9X4-A,0.3 € + 0.39 €/kWh
2026-10-09T19:16:28Z,IKR-P-V9X4-B,0.3 € + 0.39 €/kWh
2026-10-09T19:16:28Z,STR-E-027B-A,0.23 € + 0.25 €/kWh
2026-10-09T19:16:28Z,STR-E-027B-B,0.23 € + 0.25 €/kWh
2026-10-09T19:16:28Z,STR-E-02VO-A,0.28 €/kWh
2026-10-09T19:16:28Z,STR-E-02VO-B,0.28 €/kWh
2026-10-09T19:16:28Z,STR-E-04YS-A,0 € + 0.24 €/kWh
2026-10-09T19:16:28Z,STR-E-051F-A,0.08 € + 0.19 €/kWh
2026-10-09T19:16:28Z,STR-E-0698-A,0.15 €/kWh
2026-10-09T19:16:28Z,STR-E-0GEL-A,0.15 €/kWh
2026-10-09T19:16:28Z,STR-E-10G9-A,0.08 € + 0.19 €/kWh
2026-10-09T19:16:28Z,STR-E-10G9-B,0.08 € + 0.19 €/kWh
2026-10-09T19:16:28Z,STR-E-1162-A,0.15 €/kWh
2026-10-09T19:16:28Z,STR-E-11DT-A,0.15 €/kWh
2026-10-09T19:16:28Z,STR-E-1887-A,0.15 €/kWh
2026-10-09T19:16:28Z,STR-E-1927-A,0.15 €/kWh
2026-10-09T19:16:28Z,STR-E-1ME5-A,0.08 € + 0.19 €/kWh
2026-10-09T19:16:28Z,STR-E-1ME5-B,0.08 € + 0.19 €/kWh
2026-10-09T19:16:28Z,STR-E-1MHB-A,0.4 €/kWh
2026-10-09T19:16:28Z,STR-E-1MJQ-A,0.15 €/kWh
2026-10-09T19:16:28Z,STR-E-1X30-A,0 € + 0.24 €/kWh
2026-10-09T19:16:28Z,STR-E-21O1-A,0.25 €/kWh
2026-10-09T19:16:28Z,STR-E-21O1-B,0.25 €/kWh
2026-10-09T19:16:28Z,STR-E-2446-A,0 € + 0.24 €/kWh
2026-10-09T19:16:28Z,STR-E-2D12-A,0.15 €/kWh
2026-10-09T19:16:28Z,STR-E-2ED4-A,0.15 €/kWh
2026-10-09T19:16:28Z,STR-E-2K1Q-A,0 € + 0.24 €/kWh
2026-10-09T19:16:28Z,STR-E-2XDJ-A,0 € + 0.24 €/kWh
2026-10-09T19:16:28Z,STR-E-320G-A,0.15 €/kWh
2026-10-09T19:16:28Z,STR-E-3468-A,0.25 €/kWh
2026-10-09T19:16:28Z,STR-E-3468-B,0.25 €/kWh
2026-10-09T19:16:28Z,STR-E-3ENA-A,0.25 €/kWh
2026-10-09T19:16:28Z,STR-E-3ENA-B,0.25 €/kWh
2026-10-09T19:16:28Z,STR-E-3ENA-C,0.25 €/kWh
2026-10-09T19:16:28Z,STR-E-3FMF-A,0.23 € + 0.25 €/kWh
2026-10-09T19:16:28Z,STR-E-3FMF-B,0.23 € + 0.25 €/kWh
2026-10-09T19:16:28Z,STR-E-3PZS-A,0.15 €/kWh
2026-10-09T19:16:28Z,STR-E-3SXI-A,0.25 €/kWh
2026-10-09T19:16:28Z,STR-E-3SXI-B,0.25 €/kWh
2026-10-09T19:16:28Z,STR-E-3TZI-A,0.15 €/kWh
2026-10-09T19:16:28Z,STR-E-3WE5-A,0 € + 0.24 €/kWh
2026-10-09T19:16:28Z,STR-E-3YH3-A,0.08 € + 0.19 €/kWh
2026-10-09T19:16:28Z,STR-E-3YH3-B,0.08 € + 0.19 €/kWh
2026-10-09T19:16:28Z,STR-E-4156-A,0.31 €/kWh
2026-10-09T19:16:28Z,STR-E-4156-B,0.31 €/kWh
2026-10-09T19:16:28Z,STR-E-491A-A,0.24 €/kWh
2026-10-09T19:16:28Z,STR-E-491A-B,0.24 €/kWh
2026-10-09T19:16:28Z,STR-E-491A-C,0.24 €/kWh
2026-10-09T19:16:28Z,STR-E-4DE6-A,0.24 €/kWh
2026-10-09T19:16:28Z,STR-E-4DE6-B,0.24 €/kWh
2026-10-09T19:16:28Z,STR-E-4KWM-A,0.34 €/kWh
2026-10-09T19:16:28Z,STR-E-4KWM-B,0.34 €/kWh
2026-10-09T19:16:28Z,STR-E-4LRS-A,0.15 €/kWh
2026-10-09T19:16:28Z,STR-E-4UGU-A,0.15 €/kWh
2026-10-09T19:16:28Z,STR-E-4YKC-A,0 € + 0.24 €/kWh
2026-10-09T19:16:28Z,STR-E-527U-A,0 € + 0.24 €/kWh
2026-10-09T19:16:28Z,STR-E-54PK-A,0.08 € + 0.19 €/kWh
2026-10-09T19:16:28Z,STR-E-54PK-B,0.08 € + 0.19 €/kWh
2026-10-09T19:16:28Z,STR-E-55I4-A,0 € + 0.24 €/kWh
2026-10-09T19:16:28Z,STR-E-566J-A,0 € + 0.24 €/kWh
2026-10-09T19:16:28Z,STR-E-59TF-A,0.08 € + 0.19 €/kWh
2026-10-09T19:16:28Z,STR-E-5DWB-A,0.15 €/kWh
2026-10-09T19:16:28Z,STR-E-5TI5-A,0.15 €/kWh
2026-10-09T19:16:28Z,STR-E-69PN-A,0.15 €/kWh
2026-10-09T19:16:28Z,STR-E-6CNG-A,0.15 €/kWh
2026-10-09T19:16:28Z,STR-E-6E7W-A,0 € + 0.24 €/kWh
2026-10-09T19:16:28Z,STR-E-6SQH-A,0.15 €/kWh
2026-10-09T19:16:28Z,STR-E-6UZQ-A,0.25 €/kWh
2026-10-09T19:16:28Z,STR-E-6UZQ-B,0.25 €/kWh
2026-10-09T19:16:28Z,STR-E-6ZTQ-A,0 € + 0.24 €/kWh
2026-10-09T19:16:28Z,STR-E-7438-A,0 € + 0.24 €/kWh
2026-10-09T19:16:28Z,STR-E-7A48-A,0.08 € + 0.19 €/kWh
2026-10-09T19:16:28Z,STR-E-7YBN-A,0 € + 0.24 €/kWh
2026-10-09T19:16:28Z,STR-E-7Z8G-A,0.34 €/kWh
2026-10-09T19:16:28Z,STR-E-7Z8G-B,0.34 €/kWh
2026-10-09T19:16:28Z,STR-E-86C0-A,0.15 €/kWh
2026-10-09T19:16:28Z,STR-E-88SA-A,0.15 €/kWh
2026-10-09T19:16:28Z,STR-E-8A02-A,0 € + 0.24 €/kWh
2026-10-09T19:16:28Z,STR-E-8M2O-A,0.15 €/kWh
2026-10-09T19:16:28Z,STR-E-8Q9F-A,0 € + 0.24 €/kWh
2026-10-09T19:16:28Z,STR-E-8XL5-A,0.15 €/kWh
2026-10-09T19:16:28Z,STR-E-8Y23-A,0.15 €/kWh
2026-10-09T19:16:28Z,STR-E-92KW-A,0.23 € + 0.25 €/kWh
2026-10-09T19:16:28Z,STR-E-9AH3-A,0 € + 0.24 €/kWh
2026-10-09T19:16:28Z,STR-E-9I2R-A,0.15 €/kWh
2026-10-09T19:16:28Z,STR-E-9TUZ-A,0.15 €/kWh
2026-10-09T19:16:28Z,STR-E-9WY2-A,0.15 €/kWh
2026-10-09T19:16:28Z,STR-E-A169-A,0 € + 0.24 €/kWh
2026-10-09T19:16:28Z,STR-E-A27N-A,0.28 €/kWh
2026-10-09T19:16:28Z,STR-E-A27N-B,0.28 €/kWh
2026-10-09T19:16:28Z,STR-E-A27N-C,0.28 €/kWh
2026-10-09T19:16:28Z,STR-E-A442-A,0.15 €/kWh
2026-10-09T19:16:28Z,STR-E-AABG-A,0.15 €/kWh
2026-10-09T19:16:28Z,STR-E-ACMT-A,0.15 €/kWh
2026-10-09T19:16:28Z,STR-E-ADXE-A,0 € + 0.24 €/kWh
2026-10-09T19:16:28Z,STR-E-AF2O-A,0.08 € + 0.19 €/kWh
2026-10-09T19:16:28Z,STR-E-AMQK-A,0 € + 0.24 €/kWh
2026-10-09T19:16:28Z,STR-E-ANJ0-A,0.23 € + 0.25 €/kWh
2026-10-09T19:16:28Z,STR-E-ANJ0-B,0.23 € + 0.25 €/kWh
2026-10-09T19:16:28Z,STR-E-AP96-A,0.23 € + 0.25 €/kWh
2026-10-09T19:16:28Z,STR-E-AP96-B,0.23 € + 0.25 €/kWh
2026-10-09T19:16:28Z,STR-E-AUQ2-A,0 € + 0.24 €/kWh
2026-10-09T19:16:28Z,STR-E-AWF1-A,0.08 € + 0.19 €/kWh
2026-10-09T19:16:28Z,STR-E-AWF1-B,0.08 € + 0.19 €/kWh
2026-10-09T19:16:28Z,STR-E-AWJ9-A,0.28 €/kWh
2026-10-09T19:16:28Z,STR-E-AWJ9-B,0.28 €/kWh
2026-10-09T19:16:28Z,STR-E-B36V-A,0.19 € + 0.32 €/kWh
2026-10-09T19:16:28Z,STR-E-B36V-B,0.19 € + 0.32 €/kWh
2026-10-09T19:16:28Z,STR-E-BIKW-A,0.23 € + 0.25 €/kWh
2026-10-09T19:16:28Z,STR-E-BIKW-B,0.23 € + 0.25 €/kWh
2026-10-09T19:16:28Z,STR-E-BXA5-A,0.15 €/kWh
2026-10-09T19:16:28Z,STR-E-C91L-A,0.15 €/kWh
2026-10-09T19:16:28Z,STR-E-C99Z-A,0 € + 0.24 €/kWh
2026-10-09T19:16:28Z,STR-E-D3MB-A,0.23 € + 0.25 €/kWh
2026-10-09T19:16:28Z,STR-E-D3MB-B,0.23 € + 0.25 €/kWh
2026-10-09T19:16:28Z,STR-E-DBCC-A,0.08 € + 0.19 €/kWh
2026-10-09T19:16:28Z,STR-E-DBCC-B,0.08 € + 0.19 €/kWh
2026-10-09T19:16:28Z,STR-E-DHEJ-A,0 € + 0.24 €/kWh
2026-10-09T19:16:28Z,STR-E-E0DZ-A,0.25 €/kWh
2026-10-09T19:16:28Z,STR-E-E0DZ-B,0.25 €/kWh
2026-10-09T19:16:28Z,STR-E-E7HH-A,0.15 €/kWh
2026-10-09T19:16:28Z,STR-E-ECI7-A,0 € + 0.24 €/kWh
2026-10-09T19:16:28Z,STR-E-EFXK-A,0 € + 0.24 €/kWh
2026-10-09T19:16:28Z,STR-E-ELFQ-A,0.23 € + 0.25 €/kWh
2026-10-09T19:16:28Z,STR-E-ELFQ-B,0.23 € + 0.25 €/kWh
2026-10-09T19:16:28Z,STR-E-EPQY-A,0 € + 0.24 €/kWh
2026-10-09T19:16:28Z,STR-E-ER2N-A,0 € + 0.24 €/kWh
2026-10-09T19:16:28Z,STR-E-ES3O-A,0 € + 0.24 €/kWh
2026-10-09T19:16:28Z,STR-E-EU1U-A,0.15 €/kWh
2026-10-09T19:16:28Z,STR-E-F2G0-A,0.08 € + 0.19 €/kWh
2026-10-09T19:16:28Z,STR-E-F2G0-B,0.08 € + 0.19 €/kWh
2026-10-09T19:16:28Z,STR-E-F4B3-A,0.15 €/kWh
2026-10-09T19:16:28Z,STR-E-F5LZ-A,0.15 €/kWh
2026-10-09T19:16:28Z,STR-E-F79A-A,0.23 € + 0.25 €/kWh
2026-10-09T19:16:28Z,STR-E-F79A-B,0.23 € + 0.25 €/kWh
2026-10-09T19:16:28Z,STR-E-FGMF-A,0.15 €/kWh
2026-10-09T19:16:28Z,STR-E-FK06-A,0.15 €/kWh
2026-10-09T19:16:28Z,STR-E-FKUY-A,0 € + 0.24 €/kWh
2026-10-09T19:16:28Z,STR-E-FUE8-A,0.08 € + 0.19 €/kWh
2026-10-09T19:16:28Z,STR-E-FUE8-B,0.08 € + 0.19 €/kWh
2026-10-09T19:16:28Z,STR-E-G4VM-A,0.15 €/kWh
2026-10-09T19:16:28Z,STR-E-G518-A,0.15 €/kWh
2026-10-09T19:16:28Z,STR-E-GB9A-A,0.15 €/kWh
2026-10-09T19:16:28Z,STR-E-GE77-A,0.34 €/kWh
2026-10-09T19:16:28Z,STR-E-GE77-B,0.34 €/kWh
2026-10-09T19:16:28Z,STR-E-GFB3-A,0 € + 0.24 €/kWh
2026-10-09T19:16:28Z,STR-E-GGV8-A,0.15 €/kWh
2026-10-09T19:16:28Z,STR-E-GHJA-A,0.15 €/kWh
2026-10-09T19:16:28Z,STR-E-GK0C-A,0 € + 0.24 €/kWh
2026-10-09T19:16:28Z,STR-E-GR5K-A,0.15 €/kWh
2026-10-09T19:16:28Z,STR-E-H6Q5-A,0.15 €/kWh
2026-10-09T19:16:28Z,STR-E-HHXV-A,0 € + 0.24 €/kWh
2026-10-09T19:16:28Z,STR-E-I1KE-A,0 € + 0.24 €/kWh
2026-10-09T19:16:28Z,STR-E-I4UZ-A,0.15 €/kWh
2026-10-09T19:16:28Z,STR-E-I5FH-A,0.15 €/kWh
2026-10-09T19:16:28Z,STR-E-I8C6-A,0.15 €/kWh
2026-10-09T19:16:28Z,STR-E-IA3X-A,0.15 €/kWh
2026-10-09T19:16:28Z,STR-E-IAO5-A,0 € + 0.24 €/kWh
2026-10-09T19:16:28Z,STR-E-IGH5-A,0.23 € + 0.25 €/kWh
2026-10-09T19:16:28Z,STR-E-IGH5-B,0.23 € + 0.25 €/kWh
2026-10-09T19:16:28Z,STR-E-IIKL-A,0.08 € + 0.19 €/kWh
2026-10-09T19:16:28Z,STR-E-IIKL-B,0.08 € + 0.19 €/kWh
2026-10-09T19:16:28Z,STR-E-IPEC-A,0 € + 0.24 €/kWh
2026-10-09T19:16:28Z,STR-E-IV6T-A,0 € + 0.24 €/kWh
2026-10-09T19:16:28Z,STR-E-J54N-A,0 € + 0.24 €/kWh
2026-10-09T19:16:28Z,STR-E-J6DA-A,0 € + 0.24 €/kWh
2026-10-09T19:16:28Z,STR-E-J8VF-A,0 € + 0.24 €/kWh
2026-10-09T19:16:28Z,STR-E-JG90-A,0.16 €/kWh + 0.3 €
2026-10-09T19:16:28Z,STR-E-JG90-B,0.16 €/kWh + 0.3 €
2026-10-09T19:16:28Z,STR-E-JMOR-A,0 € + 0.24 €/kWh
2026-10-09T19:16:28Z,STR-E-JVO0-A,0.15 €/kWh
2026-10-09T19:16:28Z,STR-E-K217-A,0 € + 0.24 €/kWh
2026-10-09T19:16:28Z,STR-E-K73C-A,0.23 € + 0.25 €/kWh
2026-10-09T19:16:28Z,STR-E-K73C-B,0.23 € + 0.25 €/kWh
2026-10-09T19:16:28Z,STR-E-KBZL-A,0.15 €/kWh
2026-10-09T19:16:28Z,STR-E-KOHN-A,0 € + 0.24 €/kWh
2026-10-09T19:16:28Z,STR-E-KT5B-A,0 € + 0.24 €/kWh
2026-10-09T19:16:28Z,STR-E-KUKS-A,0.08 € + 0.19 €/kWh
2026-10-09T19:16:28Z,STR-E-KUKS-B,0.08 € + 0.19 €/kWh
2026-10-09T19:16:28Z,STR-E-L84D-A,0.15 €/kWh
2026-10-09T19:16:28Z,STR-E-LISV-A,0.15 €/kWh
2026-10-09T19:16:28Z,STR-E-LKFQ-A,0.15 €/kWh
2026-10-09T19:16:28Z,STR-E-LREY-A,0.4 €/kWh
2026-10-09T19:16:28Z,STR-E-M1IB-A,0.15 €/kWh
2026-10-09T19:16:28Z,STR-E-M8WL-A,0.15 €/kWh
2026-10-09T19:16:28Z,STR-E-M9W7-A,0.15 €/kWh
2026-10-09T19:16:28Z,STR-E-MIP3-A,0.24 €/kWh
2026-10-09T19:16:28Z,STR-E-MIP3-B,0.24 €/kWh
2026-10-09T19:16:28Z,STR-E-MSEN-A,0.15 €/kWh
2026-10-09T19:16:28Z,STR-E-MSUL-A,0.15 €/kWh
2026-10-09T19:16:28Z,STR-E-N6P5-A,0.15 €/kWh
2026-10-09T19:16:28Z,STR-E-NCKT-A,0.08 € + 0.19 €/kWh
2026-10-09T19:16:28Z,STR-E-NCKT-B,0.08 € + 0.19 €/kWh
2026-10-09T19:16:28Z,STR-E-NDU2-A,0 € + 0.24 €/kWh
2026-10-09T19:16:28Z,STR-E-NDZ4-A,0 € + 0.24 €/kWh
2026-10-09T19:16:28Z,STR-E-NFV5-A,0 € + 0.24 €/kWh
2026-10-09T19:16:28Z,STR-E-NNGC-A,0.15 €/kWh
2026-10-09T19:16:28Z,STR-E-NSGB-A,0 € + 0.24 €/kWh
2026-10-09T19:16:28Z,STR-E-NY0Q-A,0.15 € + 0.26 €/kWh
2026-10-09T19:16:28Z,STR-E-O0VK-A,0.15 €/kWh
2026-10-09T19:16:28Z,STR-E-O5JX-A,0 € + 0.24 €/kWh
2026-10-09T19:16:28Z,STR-E-O5YW-A,0.08 € + 0.19 €/kWh
2026-10-09T19:16:28Z,STR-E-O5YW-B,0.08 € + 0.19 €/kWh
2026-10-09T19:16:28Z,STR-E-ODBK-A,0.34 €/kWh
2026-10-09T19:16:28Z,STR-E-ODBK-B,0.34 €/kWh
2026-10-09T19:16:28Z,STR-E-OFWF-A,0 € + 0.24 €/kWh
2026-10-09T19:16:28Z,STR-E-OG1X-A,0.15 €/kWh
2026-10-09T19:16:28Z,STR-E-OHH6-A,0 € + 0.24 €/kWh
2026-10-09T19:16:28Z,STR-E-OJ3E-A,0.23 € + 0.25 €/kWh
2026-10-09T19:16:28Z,STR-E-OJ3E-B,0.23 € + 0.25 €/kWh
2026-10-09T19:16:28Z,STR-E-OQKZ-A,0.15 €/kWh
2026-10-09T19:16:28Z,STR-E-P46N-A,0 € + 0.24 €/kWh
2026-10-09T19:16:28Z,STR-E-P7AF-A,0.08 € + 0.19 €/kWh
2026-10-09T19:16:28Z,STR-E-P7AF-B,0.08 € + 0.19 €/kWh
2026-10-09T19:16:28Z,STR-E-PC04-A,0.15 €/kWh
2026-10-09T19:16:28Z,STR-E-PDR2-A,0.15 €/kWh
2026-10-09T19:16:28Z,STR-E-PJCQ-A,0.08 € + 0.19 €/kWh
2026-10-09T19:16:28Z,STR-E-PJCQ-B,0.08 € + 0.19 €/kWh
2026-10-09T19:16:28Z,STR-E-PM3P-A,0.23 € + 0.25 €/kWh
2026-10-09T19:16:28Z,STR-E-PM3P-B,0.23 € + 0.25 €/kWh
2026-10-09T19:16:28Z,STR-E-PRUQ-A,0.15 €/kWh
2026-10-09T19:16:28Z,STR-E-PSU9-A,0.15 €/kWh
2026-10-09T19:16:28Z,STR-E-PZ9U-A,0.15 €/kWh
2026-10-09T19:16:28Z,STR-E-PZES-A,0.15 €/kWh
2026-10-09T19:16:28Z,STR-E-Q5YF-A,0.23 € + 0.25 €/kWh
2026-10-09T19:16:28Z,STR-E-Q5YF-B,0.23 € + 0.25 €/kWh
2026-10-09T19:16:28Z,STR-E-Q7LB-A,0.23 € + 0.25 €/kWh
2026-10-09T19:16:28Z,STR-E-Q7LB-B,0.23 € + 0.25 €/kWh
2026-10-09T19:16:28Z,STR-E-QAXH-A,0.15 € + 0.26 €/kWh
2026-10-09T19:16:28Z,STR-E-QE1X-A,0.08 € + 0.19 €/kWh
2026-10-09T19:16:28Z,STR-E-QE1X-B,0.08 € + 0.19 €/kWh
2026-10-09T19:16:28Z,STR-E-QEDL-A,0.15 €/kWh
2026-10-09T19:16:28Z,STR-E-QIQM-A,0.15 €/kWh
2026-10-09T19:16:28Z,STR-E-QLC9-A,0.24 €/kWh
2026-10-09T19:16:28Z,STR-E-QLC9-B,0.24 €/kWh
2026-10-09T19:16:28Z,STR-E-R0J8-A,0.15 €/kWh
2026-10-09T19:16:28Z,STR-E-R1MT-A,0.23 € + 0.25 €/kWh
2026-10-09T19:16:28Z,STR-E-R1MT-B,0.23 € + 0.25 €/kWh
2026-10-09T19:16:28Z,STR-E-R1PI-A,0.23 € + 0.25 €/kWh
2026-10-09T19:16:28Z,STR-E-R1PI-B,0.23 € + 0.25 €/kWh
2026-10-09T19:16:28Z,STR-E-R2LK-A,0.23 € + 0.25 €/kWh
2026-10-09T19:16:28Z,STR-E-R2LK-B,0.23 € + 0.25 €/kWh
2026-10-09T19:16:28Z,STR-E-R8PQ-A,0 € + 0.24 €/kWh
2026-10-09T19:16:28Z,STR-E-R9GA-A,0.15 €/kWh
2026-10-09T19:16:28Z,STR-E-RJH9-A,0.15 €/kWh
2026-10-09T19:16:28Z,STR-E-RKWJ-A,0.15 €/kWh
2026-10-09T19:16:28Z,STR-E-S42D-A,0.15 €/kWh
2026-10-09T19:16:28Z,STR-E-S6VR-A,0 € + 0.24 €/kWh
2026-10-09T19:16:28Z,STR-E-S7YR-A,0.23 € + 0.25 €/kWh
2026-10-09T19:16:28Z,STR-E-S7YR-B,0.23 € + 0.25 €/kWh
2026-10-09T19:16:28Z,STR-E-SGC2-A,0 € + 0.24 €/kWh
2026-10-09T19:16:28Z,STR-E-SJKA-A,0.15 €/kWh
2026-10-09T19:16:28Z,STR-E-SQX8-A,0.08 € + 0.19 €/kWh
2026-10-09T19:16:28Z,STR-E-SQX8-B,0.08 € + 0.19 €/kWh
2026-10-09T19:16:28Z,STR-E-SVR3-A,0.23 € + 0.25 €/kWh
2026-10-09T19:16:28Z,STR-E-SVR3-B,0.23 € + 0.25 €/kWh
2026-10-09T19:16:28Z,STR-E-SY9Y-A,0.15 €/kWh
2026-10-09T19:16:28Z,STR-E-TO2O-A,0.15 €/kWh
2026-10-09T19:16:28Z,STR-E-TX67-A,0.28 €/kWh
2026-10-09T19:16:28Z,STR-E-TX67-B,0.28 €/kWh
2026-10-09T19:16:28Z,STR-E-U41O-A,0 € + 0.24 €/kWh
2026-10-09T19:16:28Z,STR-E-U5TP-A,0.15 €/kWh
2026-10-09T19:16:28Z,STR-E-UKPS-A,0.15 € + 0.26 €/kWh
2026-10-09T19:16:28Z,STR-E-UPAQ-A,0.24 €/kWh
2026-10-09T19:16:28Z,STR-E-UPAQ-B,0.24 €/kWh
2026-10-09T19:16:28Z,STR-E-UPOS-A,0.08 € + 0.19 €/kWh
2026-10-09T19:16:28Z,STR-E-UPOS-B,0.08 € + 0.19 €/kWh
2026-10-09T19:16:28Z,STR-E-UY5H-A,0.15 €/kWh
2026-10-09T19:16:28Z,STR-E-V17G-A,0.15 €/kWh
2026-10-09T19:16:28Z,STR-E-V31J-A,0.15 €/kWh
2026-10-09T19:16:28Z,STR-E-V50T-A,0.15 €/kWh
2026-10-09T19:16:28Z,STR-E-V9SD-A,0.15 €/kWh
2026-10-09T19:16:28Z,STR-E-V9ZR-A,0.15 €/kWh
2026-10-09T19:16:28Z,STR-E-VBMP-A,0.15 €/kWh
2026-10-09T19:16:28Z,STR-E-VJBJ-A,0 € + 0.24 €/kWh
2026-10-09T19:16:28Z,STR-E-VPDB-A,0.15 €/kWh
2026-10-09T19:16:28Z,STR-E-VQ06-A,0 € + 0.24 €/kWh
2026-10-09T19:16:28Z,STR-E-VSDJ-A,0.28 €/kWh
2026-10-09T19:16:28Z,STR-E-VSDJ-B,0.28 €/kWh
2026-10-09T19:16:28Z,STR-E-VT0G-A,0.15 €/kWh
2026-10-09T19:16:28Z,STR-E-VX2O-A,0 € + 0.24 €/kWh
2026-10-09T19:16:28Z,STR-E-VXGH-A,0.15 €/kWh
2026-10-09T19:16:28Z,STR-E-W1X4-A,0.15 €/kWh
2026-10-09T19:16:28Z,STR-E-WEE3-A,0.23 € + 0.25 €/kWh
2026-10-09T19:16:28Z,STR-E-WEE3-B,0.23 € + 0.25 €/kWh
2026-10-09T19:16:28Z,STR-E-WHZ1-A,0 € + 0.24 €/kWh
2026-10-09T19:16:28Z,STR-E-WLGM-A,0 € + 0.24 €/kWh
2026-10-09T19:16:28Z,STR-E-WTQ5-A,0.25 €/kWh
2026-10-09T19:16:28Z,STR-E-WXV8-A,0.15 €/kWh
2026-10-09T19:16:28Z,STR-E-WYFE-A,0.25 €/kWh
2026-10-09T19:16:28Z,STR-E-WYFE-B,0.25 €/kWh
2026-10-09T19:16:28Z,STR-E-WYYC-A,0.23 € + 0.25 €/kWh
2026-10-09T19:16:28Z,STR-E-WYYC-B,0.23 € + 0.25 €/kWh
2026-10-09T19:16:28Z,STR-E-WZW9-A,0.15 €/kWh
2026-10-09T19:16:28Z,STR-E-X525-A,0.15 €/kWh
2026-10-09T19:16:28Z,STR-E-X54O-A,0 € + 0.24 €/kWh
2026-10-09T19:16:28Z,STR-E-XCMJ-A,0.08 € + 0.19 €/kWh
2026-10-09T19:16:28Z,STR-E-XCMJ-B,0.08 € + 0.19 €/kWh
2026-10-09T19:16:28Z,STR-E-XFON-A,0.15 €/kWh
2026-10-09T19:16:28Z,STR-E-XG69-A,0.08 € + 0.19 €/kWh
2026-10-09T19:16:28Z,STR-E-XG69-B,0.08 € + 0.19 €/kWh
2026-10-09T19:16:28Z,STR-E-XH51-A,0 € + 0.24 €/kWh
2026-10-09T19:16:28Z,STR-E-XKW2-A,0.23 € + 0.25 €/kWh
2026-10-09T19:16:28Z,STR-E-XKW2-B,0.23 € + 0.25 €/kWh
2026-10-09T19:16:28Z,STR-E-XRV8-A,0 € + 0.24 €/kWh
2026-10-09T19:16:28Z,STR-E-Y7JK-A,0 € + 0.24 €/kWh
2026-10-09T19:16:28Z,STR-E-Y82E-A,0 € + 0.24 €/kWh
2026-10-09T19:16:28Z,STR-E-YC50-A,0.15 €/kWh
2026-10-09T19:16:28Z,STR-E-Z2PJ-A,0.08 € + 0.19 €/kWh
2026-10-09T19:16:28Z,STR-E-Z2PJ-B,0.08 € + 0.19 €/kWh
2026-10-09T19:16:28Z,STR-E-ZA6O-A,0.15 €/kWh
2026-10-09T19:16:28Z,STR-E-ZEP7-A,0 € + 0.24 €/kWh
2026-10-09T19:16:28Z,STR-E-ZIAZ-A,0 € + 0.24 €/kWh
2026-10-09T19:16:28Z,STR-E-ZK9W-A,0 € + 0.24 €/kWh
2026-10-09T19:16:28Z,STR-E-ZS00-A,0.23 € + 0.25 €/kWh
2026-10-09T19:16:28Z,STR-E-ZS00-B,0.23 € + 0.25 €/kWh
2026-10-09T19:16:28Z,STR-E-ZWU5-A,0.08 € + 0.19 €/kWh
2026-10-09T19:16:28Z,STR-E-ZWU5-B,0.08 € + 0.19 €/kWh
2026-10-09T19:32:23Z,IKR-E-1220-A,0.3 € + 0.33 €/kWh
2026-10-09T19:32:23Z,IKR-E-1871-A,0.3 € + 0.33 €/kWh
2026-10-09T19:32:23Z,IKR-E-2G8J-A,0.3 € + 0.33 €/kWh
2026-10-09T19:32:23Z,IKR-E-3TSR-A,0.3 € + 0.33 €/kWh
2026-10-09T19:32:23Z,IKR-E-5715-A,0.3 € + 0.33 €/kWh
2026-10-09T19:32:23Z,IKR-E-5730-A,0.3 € + 0.39 €/kWh
2026-10-09T19:32:23Z,IKR-E-5CGU-A,0.3 € + 0.33 €/kWh
2026-10-09T19:32:23Z,IKR-E-7718-A,0.3 € + 0.39 €/kWh
2026-10-09T19:32:23Z,IKR-E-DVCM-A,0.3 € + 0.33 €/kWh
2026-10-09T19:32:23Z,IKR-E-E228-A,0.3 € + 0.33 €/kWh
2026-10-09T19:32:23Z,IKR-E-E475-A,0.3 € + 0.36 €/kWh
2026-10-09T19:32:23Z,IKR-E-E544-A,0.3 € + 0.36 €/kWh
2026-10-09T19:32:23Z,IKR-E-EKZA-A,0.3 € + 0.33 €/kWh
2026-10-09T19:32:23Z,IKR-E-GAY9-A,0.3 € + 0.33 €/kWh
2026-10-09T19:32:23Z,IKR-E-IZW2-A,0.3 € + 0.33 €/kWh
2026-10-09T19:32:23Z,IKR-E-J1JV-A,0.3 € + 0.33 €/kWh
2026-10-09T19:32:23Z,IKR-E-JJAJ-A,0.3 € + 0.33 €/kWh
2026-10-09T19:32:23Z,IKR-E-KMBH-A,0.3 € + 0.33 €/kWh
2026-10-09T19:32:23Z,IKR-E-LJZI-A,0.3 € + 0.33 €/kWh
2026-10-09T19:32:23Z,IKR-E-MAU9-A,0.29 € + 0.24 €/kWh
2026-10-09T19:32:23Z,IKR-E-OWF5-A,0.3 € + 0.38 €/kWh
2026-10-09T19:32:23Z,IKR-E-W6HQ-A,0.29 € + 0.24 €/kWh
2026-10-09T19:32:23Z,IKR-E-XIH2-A,0.3 € + 0.33 €/kWh
2026-10-09T19:32:23Z,IKR-E-Y2Z8-A,0.3 € + 0.29 €/kWh
2026-10-09T19:32:23Z,IKR-P-IV7E-B,0.3 € + 0.33 €/kWh
2026-10-09T19:32:23Z,IKR-P-SCM5-A,0.3 € + 0.38 €/kWh
2026-10-09T19:32:23Z,IKR-P-V9X4-A,0.3 € + 0.38 €/kWh
2026-10-09T19:32:23Z,IKR-P-V9X4-B,0.3 € + 0.38 €/kWh
2026-10-09T19:32:23Z,STR-E-027B-A,0.2 €/kWh + 0.23 €
2026-10-09T19:32:23Z,STR-E-027B-B,0.2 €/kWh + 0.23 €
2026-10-09T19:32:23Z,STR-E-02VO-A,0.22 €/kWh
2026-10-09T19:32:23Z,STR-E-02VO-B,0.22 €/kWh
2026-10-09T19:32:23Z,STR-E-04YS-A,0 € + 0.18 €/kWh
2026-10-09T19:32:23Z,STR-E-051F-A,0.08 € + 0.14 €/kWh
2026-10-09T19:32:23Z,STR-E-0698-A,0.1 €/kWh
2026-10-09T19:32:23Z,STR-E-0GEL-A,0.1 €/kWh
2026-10-09T19:32:23Z,STR-E-10G9-A,0.08 € + 0.14 €/kWh
2026-10-09T19:32:23Z,STR-E-10G9-B,0.08 € + 0.14 €/kWh
2026-10-09T19:32:23Z,STR-E-1162-A,0.1 €/kWh
2026-10-09T19:32:23Z,STR-E-11DT-A,0.1 €/kWh
2026-10-09T19:32:23Z,STR-E-1887-A,0.1 €/kWh
2026-10-09T19:32:23Z,STR-E-1927-A,0.1 €/kWh
2026-10-09T19:32:23Z,STR-E-1ME5-A,0.08 € + 0.14 €/kWh
2026-10-09T19:32:23Z,STR-E-1ME5-B,0.08 € + 0.14 €/kWh
2026-10-09T19:32:23Z,STR-E-1MHB-A,0.31 €/kWh
2026-10-09T19:32:23Z,STR-E-1MJQ-A,0.1 €/kWh
2026-10-09T19:32:23Z,STR-E-1X30-A,0 € + 0.18 €/kWh
2026-10-09T19:32:23Z,STR-E-21O1-A,0.2 €/kWh
2026-10-09T19:32:23Z,STR-E-21O1-B,0.2 €/kWh
2026-10-09T19:32:23Z,STR-E-2446-A,0 € + 0.18 €/kWh
2026-10-09T19:32:23Z,STR-E-2D12-A,0.1 €/kWh
2026-10-09T19:32:23Z,STR-E-2ED4-A,0.1 €/kWh
2026-10-09T19:32:23Z,STR-E-2K1Q-A,0 € + 0.18 €/kWh
2026-10-09T19:32:23Z,STR-E-2XDJ-A,0 € + 0.18 €/kWh
2026-10-09T19:32:23Z,STR-E-320G-A,0.1 €/kWh
2026-10-09T19:32:23Z,STR-E-3468-A,0.2 €/kWh
2026-10-09T19:32:23Z,STR-E-3468-B,0.2 €/kWh
2026-10-09T19:32:23Z,STR-E-3ENA-A,0.2 €/kWh
2026-10-09T19:32:23Z,STR-E-3ENA-B,0.2 €/kWh
2026-10-09T19:32:23Z,STR-E-3ENA-C,0.2 €/kWh
2026-10-09T19:32:23Z,STR-E-3FMF-A,0.2 €/kWh + 0.23 €
2026-10-09T19:32:23Z,STR-E-3FMF-B,0.2 €/kWh + 0.23 €
2026-10-09T19:32:23Z,STR-E-3PZS-A,0.1 €/kWh
2026-10-09T19:32:23Z,STR-E-3SXI-A,0.2 €/kWh
2026-10-09T19:32:23Z,STR-E-3SXI-B,0.2 €/kWh
2026-10-09T19:32:23Z,STR-E-3TZI-A,0.1 €/kWh
2026-10-09T19:32:23Z,STR-E-3WE5-A,0 € + 0.18 €/kWh
2026-10-09T19:32:23Z,STR-E-3YH3-A,0.08 € + 0.14 €/kWh
2026-10-09T19:32:23Z,STR-E-3YH3-B,0.08 € + 0.14 €/kWh
2026-10-09T19:32:23Z,STR-E-4156-A,0.25 €/kWh
2026-10-09T19:32:23Z,STR-E-4156-B,0.25 €/kWh
2026-10-09T19:32:23Z,STR-E-491A-A,0.19 €/kWh
2026-10-09T19:32:23Z,STR-E-491A-B,0.19 €/kWh
2026-10-09T19:32:23Z,STR-E-491A-C,0.19 €/kWh
2026-10-09T19:32:23Z,STR-E-4DE6-A,0.19 €/kWh
2026-10-09T19:32:23Z,STR-E-4DE6-B,0.19 €/kWh
2026-10-09T19:32:23Z,STR-E-4KWM-A,0.29 €/kWh
2026-10-09T19:32:23Z,STR-E-4KWM-B,0.29 €/kWh
2026-10-09T19:32:23Z,STR-E-4LRS-A,0.1 €/kWh
2026-10-09T19:32:23Z,STR-E-4UGU-A,0.1 €/kWh
2026-10-09T19:32:23Z,STR-E-4YKC-A,0 € + 0.18 €/kWh
2026-10-09T19:32:23Z,STR-E-527U-A,0 € + 0.18 €/kWh
2026-10-09T19:32:23Z,STR-E-54PK-A,0.08 € + 0.14 €/kWh
2026-10-09T19:32:23Z,STR-E-54PK-B,0.08 € + 0.14 €/kWh
2026-10-09T19:32:23Z,STR-E-55I4-A,0 € + 0.18 €/kWh
2026-10-09T19:32:23Z,STR-E-566J-A,0 € + 0.18 €/kWh
2026-10-09T19:32:23Z,STR-E-59TF-A,0.08 € + 0.14 €/kWh
2026-10-09T19:32:23Z,STR-E-5DWB-A,0.1 €/kWh
2026-10-09T19:32:23Z,STR-E-5TI5-A,0.1 €/kWh
2026-10-09T19:32:23Z,STR-E-69PN-A,0.1 €/kWh
2026-10-09T19:32:23Z,STR-E-6CNG-A,0.1 €/kWh
2026-10-09T19:32:23Z,STR-E-6E7W-A,0 € + 0.18 €/kWh
2026-10-09T19:32:23Z,STR-E-6SQH-A,0.1 €/kWh
2026-10-09T19:32:23Z,STR-E-6UZQ-A,0.2 €/kWh
2026-10-09T19:32:23Z,STR-E-6UZQ-B,0.2 €/kWh
2026-10-09T19:32:23Z,STR-E-6ZTQ-A,0 € + 0.18 €/kWh
2026-10-09T19:32:23Z,STR-E-7438-A,0 € + 0.18 €/kWh
2026-10-09T19:32:23Z,STR-E-7A48-A,0.08 € + 0.14 €/kWh
2026-10-09T19:32:23Z,STR-E-7YBN-A,0 € + 0.18 €/kWh
2026-10-09T19:32:23Z,STR-E-7Z8G-A,0.29 €/kWh
2026-10-09T19:32:23Z,STR-E-7Z8G-B,0.29 €/kWh
2026-10-09T19:32:23Z,STR-E-86C0-A,0.1 €/kWh
2026-10-09T19:32:23Z,STR-E-88SA-A,0.1 €/kWh
2026-10-09T19:32:23Z,STR-E-8A02-A,0 € + 0.18 €/kWh
2026-10-09T19:32:23Z,STR-E-8M2O-A,0.1 €/kWh
2026-10-09T19:32:23Z,STR-E-8Q9F-A,0 € + 0.18 €/kWh
2026-10-09T19:32:23Z,STR-E-8XL5-A,0.1 €/kWh
2026-10-09T19:32:23Z,STR-E-8Y23-A,0.1 €/kWh
2026-10-09T19:32:23Z,STR-E-92KW-A,0.2 €/kWh + 0.23 €
2026-10-09T19:32:23Z,STR-E-9AH3-A,0 € + 0.18 €/kWh
2026-10-09T19:32:23Z,STR-E-9I2R-A,0.1 €/kWh
2026-10-09T19:32:23Z,STR-E-9TUZ-A,0.1 €/kWh
2026-10-09T19:32:23Z,STR-E-9WY2-A,0.1 €/kWh
2026-10-09T19:32:23Z,STR-E-A169-A,0 € + 0.18 €/kWh
2026-10-09T19:32:23Z,STR-E-A27N-A,0.22 €/kWh
2026-10-09T19:32:23Z,STR-E-A27N-B,0.22 €/kWh
2026-10-09T19:32:23Z,STR-E-A27N-C,0.22 €/kWh
2026-10-09T19:32:23Z,STR-E-A442-A,0.1 €/kWh
2026-10-09T19:32:23Z,STR-E-AABG-A,0.1 €/kWh
2026-10-09T19:32:23Z,STR-E-ACMT-A,0.1 €/kWh
2026-10-09T19:32:23Z,STR-E-ADXE-A,0 € + 0.18 €/kWh
2026-10-09T19:32:23Z,STR-E-AF2O-A,0.08 € + 0.14 €/kWh
2026-10-09T19:32:23Z,STR-E-AMQK-A,0 € + 0.18 €/kWh
2026-10-09T19:32:23Z,STR-E-ANJ0-A,0.2 €/kWh + 0.23 €
2026-10-09T19:32:23Z,STR-E-ANJ0-B,0.2 €/kWh + 0.23 €
2026-10-09T19:32:23Z,STR-E-AP96-A,0.2 €/kWh + 0.23 €
2026-10-09T19:32:23Z,STR-E-AP96-B,0.2 €/kWh + 0.23 €
2026-10-09T19:32:23Z,STR-E-AUQ2-A,0 € + 0.18 €/kWh
2026-10-09T19:32:23Z,STR-E-AWF1-A,0.08 € + 0.14 €/kWh
2026-10-09T19:32:23Z,STR-E-AWF1-B,0.08 € + 0.14 €/kWh
2026-10-09T19:32:23Z,STR-E-AWJ9-A,0.22 €/kWh
2026-10-09T19:32:23Z,STR-E-AWJ9-B,0.22 €/kWh
2026-10-09T19:32:23Z,STR-E-B36V-A,0.19 € + 0.27 €/kWh
2026-10-09T19:32:23Z,STR-E-B36V-B,0.19 € + 0.27 €/kWh
2026-10-09T19:32:23Z,STR-E-BIKW-A,0.2 €/kWh + 0.23 €
2026-10-09T19:32:23Z,STR-E-BIKW-B,0.2 €/kWh + 0.23 €
2026-10-09T19:32:23Z,STR-E-BXA5-A,0.1 €/kWh
2026-10-09T19:32:23Z,STR-E-C91L-A,0.1 €/kWh
2026-10-09T19:32:23Z,STR-E-C99Z-A,0 € + 0.18 €/kWh
2026-10-09T19:32:23Z,STR-E-D3MB-A,0.2 €/kWh + 0.23 €
2026-10-09T19:32:23Z,STR-E-D3MB-B,0.2 €/kWh + 0.23 €
2026-10-09T19:32:23Z,STR-E-DBCC-A,0.08 € + 0.14 €/kWh
2026-10-09T19:32:23Z,STR-E-DBCC-B,0.08 € + 0.14 €/kWh
2026-10-09T19:32:23Z,STR-E-DHEJ-A,0 € + 0.18 €/kWh
2026-10-09T19:32:23Z,STR-E-E0DZ-A,0.2 €/kWh
2026-10-09T19:32:23Z,STR-E-E0DZ-B,0.2 €/kWh
2026-10-09T19:32:23Z,STR-E-E7HH-A,0.1 €/kWh
2026-10-09T19:32:23Z,STR-E-ECI7-A,0 € + 0.18 €/kWh
2026-10-09T19:32:23Z,STR-E-EFXK-A,0 € + 0.18 €/kWh
2026-10-09T19:32:23Z,STR-E-ELFQ-A,0.2 €/kWh + 0.23 €
2026-10-09T19:32:23Z,STR-E-ELFQ-B,0.2 €/kWh + 0.23 €
2026-10-09T19:32:23Z,STR-E-EPQY-A,0 € + 0.18 €/kWh
2026-10-09T19:32:23Z,STR-E-ER2N-A,0 € + 0.18 €/kWh
2026-10-09T19:32:23Z,STR-E-ES3O-A,0 € + 0.18 €/kWh
2026-10-09T19:32:23Z,STR-E-EU1U-A,0.1 €/kWh
2026-10-09T19:32:23Z,STR-E-F2G0-A,0.08 € + 0.14 €/kWh
2026-10-09T19:32:23Z,STR-E-F2G0-B,0.08 € + 0.14 €/kWh
2026-10-09T19:32:23Z,STR-E-F4B3-A,0.1 €/kWh
2026-10-09T19:32:23Z,STR-E-F5LZ-A,0.1 €/kWh
2026-10-09T19:32:23Z,STR-E-F79A-A,0.2 €/kWh + 0.23 €
2026-10-09T19:32:23Z,STR-E-F79A-B,0.2 €/kWh + 0.23 €
2026-10-09T19:32:23Z,STR-E-FGMF-A,0.1 €/kWh
2026-10-09T19:32:23Z,STR-E-FK06-A,0.1 €/kWh
2026-10-09T19:32:23Z,STR-E-FKUY-A,0 € + 0.18 €/kWh
2026-10-09T19:32:23Z,STR-E-FUE8-A,0.08 € + 0.14 €/kWh
2026-10-09T19:32:23Z,STR-E-FUE8-B,0.08 € + 0.14 €/kWh
2026-10-09T19:32:23Z,STR-E-G4VM-A,0.1 €/kWh
2026-10-09T19:32:23Z,STR-E-G518-A,0.1 €/kWh
2026-10-09T19:32:23Z,STR-E-GB9A-A,0.1 €/kWh
2026-10-09T19:32:23Z,STR-E-GE77-A,0.29 €/kWh
2026-10-09T19:32:23Z,STR-E-GE77-B,0.29 €/kWh
2026-10-09T19:32:23Z,STR-E-GFB3-A,0 € + 0.18 €/kWh
2026-10-09T19:32:23Z,STR-E-GGV8-A,0.1 €/kWh
2026-10-09T19:32:23Z,STR-E-GHJA-A,0.1 €/kWh
2026-10-09T19:32:23Z,STR-E-GK0C-A,0 € + 0.18 €/kWh
2026-10-09T19:32:23Z,STR-E-GR5K-A,0.1 €/kWh
2026-10-09T19:32:23Z,STR-E-H6Q5-A,0.1 €/kWh
2026-10-09T19:32:23Z,STR-E-HHXV-A,0 € + 0.18 €/kWh
2026-10-09T19:32:23Z,STR-E-I1KE-A,0 € + 0.18 €/kWh
2026-10-09T19:32:23Z,STR-E-I4UZ-A,0.1 €/kWh
2026-10-09T19:32:23Z,STR-E-I5FH-A,0.1 €/kWh
2026-10-09T19:32:23Z,STR-E-I8C6-A,0.1 €/kWh
2026-10-09T19:32:23Z,STR-E-IA3X-A,0.1 €/kWh
2026-10-09T19:32:23Z,STR-E-IAO5-A,0 € + 0.18 €/kWh
2026-10-09T19:32:23Z,STR-E-IGH5-A,0.2 €/kWh + 0.23 €
2026-10-09T19:32:23Z,STR-E-IGH5-B,0.2 €/kWh + 0.23 €
2026-10-09T19:32:23Z,STR-E-IIKL-A,0.08 € + 0.14 €/kWh
2026-10-09T19:32:23Z,STR-E-IIKL-B,0.08 € + 0.14 €/kWh
2026-10-09T19:32:23Z,STR-E-IPEC-A,0 € + 0.18 €/kWh
2026-10-09T19:32:23Z,STR-E-IV6T-A,0 € + 0.18 €/kWh
2026-10-09T19:32:23Z,STR-E-J54N-A,0 € + 0.18 €/kWh
2026-10-09T19:32:23Z,STR-E-J6DA-A,0 € + 0.18 €/kWh
2026-10-09T19:32:23Z,STR-E-J8VF-A,0 € + 0.18 €/kWh
2026-10-09T19:32:23Z,STR-E-JG90-A,0.11 €/kWh + 0.3 €
2026-10-09T19:32:23Z,STR-E-JG90-B,0.11 €/kWh + 0.3 €
2026-10-09T19:32:23Z,STR-E-JMOR-A,0 € + 0.18 €/kWh
2026-10-09T19:32:23Z,STR-E-JVO0-A,0.1 €/kWh
2026-10-09T19:32:23Z,STR-E-K217-A,0 € + 0.18 €/kWh
2026-10-09T19:32:23Z,STR-E-K73C-A,0.2 €/kWh + 0.23 €
2026-10-09T19:32:23Z,STR-E-K73C-B,0.2 €/kWh + 0.23 €
2026-10-09T19:32:23Z,STR-E-KBZL-A,0.1 €/kWh
2026-10-09T19:32:23Z,STR-E-KOHN-A,0 € + 0.18 €/kWh
2026-10-09T19:32:23Z,STR-E-KT5B-A,0 € + 0.18 €/kWh
2026-10-09T19:32:23Z,STR-E-KUKS-A,0.08 € + 0.14 €/kWh
2026-10-09T19:32:23Z,STR-E-KUKS-B,0.08 € + 0.14 €/kWh
2026-10-09T19:32:23Z,STR-E-L84D-A,0.1 €/kWh
2026-10-09T19:32:23Z,STR-E-LISV-A,0.1 €/kWh
2026-10-09T19:32:23Z,STR-E-LKFQ-A,0.1 €/kWh
2026-10-09T19:32:23Z,STR-E-LREY-A,0.31 €/kWh
2026-10-09T19:32:23Z,STR-E-M1IB-A,0.1 €/kWh
2026-10-09T19:32:23Z,STR-E-M8WL-A,0.1 €/kWh
2026-10-09T19:32:23Z,STR-E-M9W7-A,0.1 €/kWh
2026-10-09T19:32:23Z,STR-E-MIP3-A,0.19 €/kWh
2026-10-09T19:32:23Z,STR-E-MIP3-B,0.19 €/kWh
2026-10-09T19:32:23Z,STR-E-MSEN-A,0.1 €/kWh
2026-10-09T19:32:23Z,STR-E-MSUL-A,0.1 €/kWh
2026-10-09T19:32:23Z,STR-E-N6P5-A,0.1 €/kWh
2026-10-09T19:32:23Z,STR-E-NCKT-A,0.08 € + 0.14 €/kWh
2026-10-09T19:32:23Z,STR-E-NCKT-B,0.08 € + 0.14 €/kWh
2026-10-09T19:32:23Z,STR-E-NDU2-A,0 € + 0.18 €/kWh
2026-10-09T19:32:23Z,STR-E-NDZ4-A,0 € + 0.18 €/kWh
2026-10-09T19:32:23Z,STR-E-NFV5-A,0 € + 0.18 €/kWh
2026-10-09T19:32:23Z,STR-E-NNGC-A,0.1 €/kWh
2026-10-09T19:32:23Z,STR-E-NSGB-A,0 € + 0.18 €/kWh
2026-10-09T19:32:23Z,STR-E-NY0Q-A,0.15 € + 0.2 €/kWh
2026-10-09T19:32:23Z,STR-E-O0VK-A,0.1 €/kWh
2026-10-09T19:32:23Z,STR-E-O5JX-A,0 € + 0.18 €/kWh
2026-10-09T19:32:23Z,STR-E-O5YW-A,0.08 € + 0.14 €/kWh
2026-10-09T19:32:23Z,STR-E-O5YW-B,0.08 € + 0.14 €/kWh
2026-10-09T19:32:23Z,STR-E-ODBK-A,0.29 €/kWh
2026-10-09T19:32:23Z,STR-E-ODBK-B,0.29 €/kWh
2026-10-09T19:32:23Z,STR-E-OFWF-A,0 € + 0.18 €/kWh
2026-10-09T19:32:23Z,STR-E-OG1X-A,0.1 €/kWh
2026-10-09T19:32:23Z,STR-E-OHH6-A,0 € + 0.18 €/kWh
2026-10-09T19:32:23Z,STR-E-OJ3E-A,0.2 €/kWh + 0.23 €
2026-10-09T19:32:23Z,STR-E-OJ3E-B,0.2 €/kWh + 0.23 €
2026-10-09T19:32:23Z,STR-E-OQKZ-A,0.1 €/kWh
2026-10-09T19:32:23Z,STR-E-P46N-A,0 € + 0.18 €/kWh
2026-10-09T19:32:23Z,STR-E-P7AF-A,0.08 € + 0.14 €/kWh
2026-10-09T19:32:23Z,STR-E-P7AF-B,0.08 € + 0.14 €/kWh
2026-10-09T19:32:23Z,STR-E-PC04-A,0.1 €/kWh
2026-10-09T19:32:23Z,STR-E-PDR2-A,0.1 €/kWh
2026-10-09T19:32:23Z,STR-E-PJCQ-A,0.08 € + 0.14 €/kWh
2026-10-09T19:32:23Z,STR-E-PJCQ-B,0.08 € + 0.14 €/kWh
2026-10-09T19:32:23Z,STR-E-PM3P-A,0.2 €/kWh + 0.23 €
2026-10-09T19:32:23Z,STR-E-PM3P-B,0.2 €/kWh + 0.23 €
2026-10-09T19:32:23Z,STR-E-PRUQ-A,0.1 €/kWh
2026-10-09T19:32:23Z,STR-E-PSU9-A,0.1 €/kWh
2026-10-09T19:32:23Z,STR-E-PZ9U-A,0.1 €/kWh
2026-10-09T19:32:23Z,STR-E-PZES-A,0.1 €/kWh
2026-10-09T19:32:23Z,STR-E-Q5YF-A,0.2 €/kWh + 0.23 €
2026-10-09T19:32:23Z,STR-E-Q5YF-B,0.2 €/kWh + 0.23 €
2026-10-09T19:32:23Z,STR-E-Q7LB-A,0.2 €/kWh + 0.23 €
2026-10-09T19:32:23Z,STR-E-Q7LB-B,0.2 €/kWh + 0.23 €
2026-10-09T19:32:23Z,STR-E-QAXH-A,0.15 € + 0.2 €/kWh
2026-10-09T19:32:23Z,STR-E-QE1X-A,0.08 € + 0.14 €/kWh
2026-10-09T19:32:23Z,STR-E-QE1X-B,0.08 € + 0.14 €/kWh
2026-10-09T19:32:23Z,STR-E-QEDL-A,0.1 €/kWh
2026-10-09T19:32:23Z,STR-E-QIQM-A,0.1 €/kWh
2026-10-09T19:32:23Z,STR-E-QLC9-A,0.19 €/kWh
2026-10-09T19:32:23Z,STR-E-QLC9-B,0.19 €/kWh
2026-10-09T19:32:23Z,STR-E-R0J8-A,0.1 €/kWh
2026-10-09T19:32:23Z,STR-E-R1MT-A,0.2 €/kWh + 0.23 €
2026-10-09T19:32:23Z,STR-E-R1MT-B,0.2 €/kWh + 0.23 €
2026-10-09T19:32:23Z,STR-E-R1PI-A,0.2 €/kWh + 0.23 €
2026-10-09T19:32:23Z,STR-E-R1PI-B,0.2 €/kWh + 0.23 €
2026-10-09T19:32:23Z,STR-E-R2LK-A,0.2 €/kWh + 0.23 €
2026-10-09T19:32:23Z,STR-E-R2LK-B,0.2 €/kWh + 0.23 €
2026-10-09T19:32:23Z,STR-E-R8PQ-A,0 € + 0.18 €/kWh
2026-10-09T19:32:23Z,STR-E-R9GA-A,0.1 €/kWh
2026-10-09T19:32:23Z,STR-E-RJH9-A,0.1 €/kWh
2026-10-09T19:32:23Z,STR-E-RKWJ-A,0.1 €/kWh
2026-10-09T19:32:23Z,STR-E-S42D-A,0.1 €/kWh
2026-10-09T19:32:23Z,STR-E-S6VR-A,0 € + 0.18 €/kWh
2026-10-09T19:32:23Z,STR-E-S7YR-A,0.2 €/kWh + 0.23 €
2026-10-09T19:32:23Z,STR-E-S7YR-B,0.2 €/kWh + 0.23 €
2026-10-09T19:32:23Z,STR-E-SGC2-A,0 € + 0.18 €/kWh
2026-10-09T19:32:23Z,STR-E-SJKA-A,0.1 €/kWh
2026-10-09T19:32:23Z,STR-E-SQX8-A,0.08 € + 0.14 €/kWh
2026-10-09T19:32:23Z,STR-E-SQX8-B,0.08 € + 0.14 €/kWh
2026-10-09T19:32:23Z,STR-E-SVR3-A,0.2 €/kWh + 0.23 €
2026-10-09T19:32:23Z,STR-E-SVR3-B,0.2 €/kWh + 0.23 €
2026-10-09T19:32:23Z,STR-E-SY9Y-A,0.1 €/kWh
2026-10-09T19:32:23Z,STR-E-TO2O-A,0.1 €/kWh
2026-10-09T19:32:23Z,STR-E-TX67-A,0.22 €/kWh
2026-10-09T19:32:23Z,STR-E-TX67-B,0.22 €/kWh
2026-10-09T19:32:23Z,STR-E-U41O-A,0 € + 0.18 €/kWh
2026-10-09T19:32:23Z,STR-E-U5TP-A,0.1 €/kWh
2026-10-09T19:32:23Z,STR-E-UKPS-A,0.15 € + 0.2 €/kWh
2026-10-09T19:32:23Z,STR-E-UPAQ-A,0.19 €/kWh
2026-10-09T19:32:23Z,STR-E-UPAQ-B,0.19 €/kWh
2026-10-09T19:32:23Z,STR-E-UPOS-A,0.08 € + 0.14 €/kWh
2026-10-09T19:32:23Z,STR-E-UPOS-B,0.08 € + 0.14 €/kWh
2026-10-09T19:32:23Z,STR-E-UY5H-A,0.1 €/kWh
2026-10-09T19:32:23Z,STR-E-V17G-A,0.1 €/kWh
2026-10-09T19:32:23Z,STR-E-V31J-A,0.1 €/kWh
2026-10-09T19:32:23Z,STR-E-V50T-A,0.1 €/kWh
2026-10-09T19:32:23Z,STR-E-V9SD-A,0.1 €/kWh
2026-10-09T19:32:23Z,STR-E-V9ZR-A,0.1 €/kWh
2026-10-09T19:32:23Z,STR-E-VBMP-A,0.1 €/kWh
2026-10-09T19:32:23Z,STR-E-VJBJ-A,0 € + 0.18 €/kWh
2026-10-09T19:32:23Z,STR-E-VPDB-A,0.1 €/kWh
2026-10-09T19:32:23Z,STR-E-VQ06-A,0 € + 0.18 €/kWh
2026-10-09T19:32:23Z,STR-E-VSDJ-A,0.22 €/kWh
2026-10-09T19:32:23Z,STR-E-VSDJ-B,0.22 €/kWh
2026-10-09T19:32:23Z,STR-E-VT0G-A,0.1 €/kWh
2026-10-09T19:32:23Z,STR-E-VX2O-A,0 € + 0.18 €/kWh
2026-10-09T19:32:23Z,STR-E-VXGH-A,0.1 €/kWh
2026-10-09T19:32:23Z,STR-E-W1X4-A,0.1 €/kWh
2026-10-09T19:32:23Z,STR-E-WEE3-A,0.2 €/kWh + 0.23 €
2026-10-09T19:32:23Z,STR-E-WEE3-B,0.2 €/kWh + 0.23 €
2026-10-09T19:32:23Z,STR-E-WHZ1-A,0 € + 0.18 €/kWh
2026-10-09T19:32:23Z,STR-E-WLGM-A,0 € + 0.18 €/kWh
2026-10-09T19:32:23Z,STR-E-WTQ5-A,0.2 €/kWh
2026-10-09T19:32:23Z,STR-E-WXV8-A,0.1 €/kWh
2026-10-09T19:32:23Z,STR-E-WYFE-A,0.2 €/kWh
2026-10-09T19:32:23Z,STR-E-WYFE-B,0.2 €/kWh
2026-10-09T19:32:23Z,STR-E-WYYC-A,0.2 €/kWh + 0.23 €
2026-10-09T19:32:23Z,STR-E-WYYC-B,0.2 €/kWh + 0.23 €
2026-10-09T19:32:23Z,STR-E-WZW9-A,0.1 €/kWh
2026-10-09T19:32:23Z,STR-E-X525-A,0.1 €/kWh
2026-10-09T19:32:23Z,STR-E-X54O-A,0 € + 0.18 €/kWh
2026-10-09T19:32:23Z,STR-E-XCMJ-A,0.08 € + 0.14 €/kWh
2026-10-09T19:32:23Z,STR-E-XCMJ-B,0.08 € + 0.14 €/kWh
2026-10-09T19:32:23Z,STR-E-XFON-A,0.1 €/kWh
2026-10-09T19:32:23Z,STR-E-XG69-A,0.08 € + 0.14 €/kWh
2026-10-09T19:32:23Z,STR-E-XG69-B,0.08 € + 0.14 €/kWh
2026-10-09T19:32:23Z,STR-E-XH51-A,0 € + 0.18 €/kWh
2026-10-09T19:32:23Z,STR-E-XKW2-A,0.2 €/kWh + 0.23 €
2026-10-09T19:32:23Z,STR-E-XKW2-B,0.2 €/kWh + 0.23 €
2026-10-09T19:32:23Z,STR-E-XRV8-A,0 € + 0.18 €/kWh
2026-10-09T19:32:23Z,STR-E-Y7JK-A,0 € + 0.18 €/kWh
2026-10-09T19:32:23Z,STR-E-Y82E-A,0 € + 0.18 €/kWh
2026-10-09T19:32:23Z,STR-E-YC50-A,0.1 €/kWh
2026-10-09T19:32:23Z,STR-E-Z2PJ-A,0.08 € + 0.14 €/kWh
2026-10-09T19:32:23Z,STR-E-Z2PJ-B,0.08 € + 0.14 €/kWh
2026-10-09T19:32:23Z,STR-E-ZA6O-A,0.1 €/kWh
2026-10-09T19:32:23Z,STR-E-ZEP7-A,0 € + 0.18 €/kWh
2026-10-09T19:32:23Z,STR-E-ZIAZ-A,0 € + 0.18 €/kWh
2026-10-09T19:32:23Z,STR-E-ZK9W-A,0 € + 0.18 €/kWh
2026-10-09T19:32:23Z,STR-E-ZS00-A,0.2 €/kWh + 0.23 €
2026-10-09T19:32:23Z,STR-E-ZS00-B,0.2 €/kWh + 0.23 €
2026-10-09T19:32:23Z,STR-E-ZWU5-A,0.08 € + 0.14 €/kWh
2026-10-09T19:32:23Z,STR-E-ZWU5-B,0.08 € + 0.14 €/kWh
2026-10-09T19:48:22Z,IKR-E-1220-A,0.3 € + 0.27 €/kWh
2026-10-09T19:48:22Z,IKR-E-1871-A,0.3 € + 0.27 €/kWh
2026-10-09T19:48:22Z,IKR-E-2G8J-A,0.3 € + 0.27 €/kWh
2026-10-09T19:48:22Z,IKR-E-3TSR-A,0.3 € + 0.27 €/kWh
2026-10-09T19:48:22Z,IKR-E-5715-A,0.3 € + 0.27 €/kWh
2026-10-09T19:48:22Z,IKR-E-5730-A,0.3 € + 0.33 €/kWh
2026-10-09T19:48:22Z,IKR-E-5CGU-A,0.3 € + 0.27 €/kWh
2026-10-09T19:48:22Z,IKR-E-7718-A,0.3 € + 0.33 €/kWh
2026-10-09T19:48:22Z,IKR-E-DVCM-A,0.3 € + 0.27 €/kWh
2026-10-09T19:48:22Z,IKR-E-E228-A,0.3 € + 0.28 €/kWh
2026-10-09T19:48:22Z,IKR-E-E475-A,0.3 € + 0.31 €/kWh
2026-10-09T19:48:22Z,IKR-E-E544-A,0.3 € + 0.31 €/kWh
2026-10-09T19:48:22Z,IKR-E-EKZA-A,0.3 € + 0.28 €/kWh
2026-10-09T19:48:22Z,IKR-E-GAY9-A,0.3 € + 0.27 €/kWh
2026-10-09T19:48:22Z,IKR-E-IZW2-A,0.3 € + 0.27 €/kWh
2026-10-09T19:48:22Z,IKR-E-J1JV-A,0.3 € + 0.28 €/kWh
2026-10-09T19:48:22Z,IKR-E-JJAJ-A,0.3 € + 0.27 €/kWh
2026-10-09T19:48:22Z,IKR-E-KMBH-A,0.3 € + 0.27 €/kWh
2026-10-09T19:48:22Z,IKR-E-LJZI-A,0.3 € + 0.27 €/kWh
2026-10-09T19:48:22Z,IKR-E-MAU9-A,0.29 € + 0.18 €/kWh
2026-10-09T19:48:22Z,IKR-E-OWF5-A,0.3 € + 0.31 €/kWh
2026-10-09T19:48:22Z,IKR-E-W6HQ-A,0.29 € + 0.18 €/kWh
2026-10-09T19:48:22Z,IKR-E-XIH2-A,0.3 € + 0.27 €/kWh
2026-10-09T19:48:22Z,IKR-E-Y2Z8-A,0.3 € + 0.25 €/kWh
2026-10-09T19:48:22Z,IKR-P-IV7E-B,0.3 € + 0.27 €/kWh
2026-10-09T19:48:22Z,IKR-P-SCM5-A,0.3 € + 0.31 €/kWh
2026-10-09T19:48:22Z,IKR-P-V9X4-A,0.3 € + 0.31 €/kWh
2026-10-09T19:48:22Z,IKR-P-V9X4-B,0.3 € + 0.31 €/kWh
2026-10-09T20:02:22Z,IKR-E-1220-A,0.3 € + 0.23 €/kWh
2026-10-09T20:02:22Z,IKR-E-1871-A,0.3 € + 0.23 €/kWh
2026-10-09T20:02:22Z,IKR-E-2G8J-A,0.3 € + 0.23 €/kWh
2026-10-09T20:02:22Z,IKR-E-3TSR-A,0.3 € + 0.23 €/kWh
2026-10-09T20:02:22Z,IKR-E-5715-A,0.3 € + 0.23 €/kWh
2026-10-09T20:02:22Z,IKR-E-5730-A,0.3 € + 0.29 €/kWh
2026-10-09T20:02:22Z,IKR-E-5CGU-A,0.3 € + 0.23 €/kWh
2026-10-09T20:02:22Z,IKR-E-7718-A,0.3 € + 0.29 €/kWh
2026-10-09T20:02:22Z,IKR-E-7768-A,0.3 € + 0.35 €/kWh
2026-10-09T20:02:22Z,IKR-E-9203-A,0.3 € + 0.35 €/kWh
2026-10-09T20:02:22Z,IKR-E-DVCM-A,0.3 € + 0.23 €/kWh
2026-10-09T20:02:22Z,IKR-E-E228-A,0.3 € + 0.25 €/kWh
2026-10-09T20:02:22Z,IKR-E-E475-A,0.3 € + 0.28 €/kWh
2026-10-09T20:02:22Z,IKR-E-E544-A,0.3 € + 0.28 €/kWh
2026-10-09T20:02:22Z,IKR-E-EKZA-A,0.3 € + 0.25 €/kWh
2026-10-09T20:02:22Z,IKR-E-GAY9-A,0.3 € + 0.23 €/kWh
2026-10-09T20:02:22Z,IKR-E-IZW2-A,0.3 € + 0.23 €/kWh
2026-10-09T20:02:22Z,IKR-E-J1JV-A,0.3 € + 0.25 €/kWh
2026-10-09T20:02:22Z,IKR-E-JJAJ-A,0.3 € + 0.23 €/kWh
2026-10-09T20:02:22Z,IKR-E-KMBH-A,0.3 € + 0.23 €/kWh
2026-10-09T20:02:22Z,IKR-E-LJZI-A,0.3 € + 0.23 €/kWh
2026-10-09T20:02:22Z,IKR-E-MAU9-A,0.29 € + 0.15 €/kWh
2026-10-09T20:02:22Z,IKR-E-OWF5-A,0.3 € + 0.29 €/kWh
2026-10-09T20:02:22Z,IKR-E-W6HQ-A,0.29 € + 0.15 €/kWh
2026-10-09T20:02:22Z,IKR-E-XIH2-A,0.3 € + 0.23 €/kWh
2026-10-09T20:02:22Z,IKR-E-Y2Z8-A,0.3 € + 0.22 €/kWh
2026-10-09T20:02:22Z,IKR-P-IV7E-B,0.3 € + 0.23 €/kWh
2026-10-09T20:02:22Z,IKR-P-SCM5-A,0.3 € + 0.29 €/kWh
2026-10-09T20:02:22Z,IKR-P-V9X4-A,0.3 € + 0.29 €/kWh
2026-10-09T20:02:22Z,IKR-P-V9X4-B,0.3 € + 0.29 €/kWh
2026-10-09T20:02:22Z,STR-E-027B-A,0.18 €/kWh + 0.23 €
2026-10-09T20:02:22Z,STR-E-027B-B,0.18 €/kWh + 0.23 €
2026-10-09T20:02:22Z,STR-E-02VO-A,0.2 €/kWh
2026-10-09T20:02:22Z,STR-E-02VO-B,0.2 €/kWh
2026-10-09T20:02:22Z,STR-E-04YS-A,0 € + 0.16 €/kWh
2026-10-09T20:02:22Z,STR-E-051F-A,0.08 € + 0.12 €/kWh
2026-10-09T20:02:22Z,STR-E-0698-A,0.08 €/kWh
2026-10-09T20:02:22Z,STR-E-0GEL-A,0.08 €/kWh
2026-10-09T20:02:22Z,STR-E-10G9-A,0.08 € + 0.12 €/kWh
2026-10-09T20:02:22Z,STR-E-10G9-B,0.08 € + 0.12 €/kWh
2026-10-09T20:02:22Z,STR-E-1162-A,0.08 €/kWh
2026-10-09T20:02:22Z,STR-E-11DT-A,0.08 €/kWh
2026-10-09T20:02:22Z,STR-E-1887-A,0.08 €/kWh
2026-10-09T20:02:22Z,STR-E-1927-A,0.08 €/kWh
2026-10-09T20:02:22Z,STR-E-1ME5-A,0.08 € + 0.12 €/kWh
2026-10-09T20:02:22Z,STR-E-1ME5-B,0.08 € + 0.12 €/kWh
2026-10-09T20:02:22Z,STR-E-1MHB-A,0.28 €/kWh
2026-10-09T20:02:22Z,STR-E-1MJQ-A,0.08 €/kWh
2026-10-09T20:02:22Z,STR-E-1X30-A,0 € + 0.16 €/kWh
2026-10-09T20:02:22Z,STR-E-21O1-A,0.18 €/kWh
2026-10-09T20:02:22Z,STR-E-21O1-B,0.18 €/kWh
2026-10-09T20:02:22Z,STR-E-2446-A,0 € + 0.16 €/kWh
2026-10-09T20:02:22Z,STR-E-2D12-A,0.08 €/kWh
2026-10-09T20:02:22Z,STR-E-2ED4-A,0.08 €/kWh
2026-10-09T20:02:22Z,STR-E-2K1Q-A,0 € + 0.16 €/kWh
2026-10-09T20:02:22Z,STR-E-2XDJ-A,0 € + 0.16 €/kWh
2026-10-09T20:02:22Z,STR-E-320G-A,0.08 €/kWh
2026-10-09T20:02:22Z,STR-E-3468-A,0.18 €/kWh
2026-10-09T20:02:22Z,STR-E-3468-B,0.18 €/kWh
2026-10-09T20:02:22Z,STR-E-3ENA-A,0.18 €/kWh
2026-10-09T20:02:22Z,STR-E-3ENA-B,0.18 €/kWh
2026-10-09T20:02:22Z,STR-E-3ENA-C,0.18 €/kWh
2026-10-09T20:02:22Z,STR-E-3FMF-A,0.18 €/kWh + 0.23 €
2026-10-09T20:02:22Z,STR-E-3FMF-B,0.18 €/kWh + 0.23 €
2026-10-09T20:02:22Z,STR-E-3PZS-A,0.08 €/kWh
2026-10-09T20:02:22Z,STR-E-3SXI-A,0.18 €/kWh
2026-10-09T20:02:22Z,STR-E-3SXI-B,0.18 €/kWh
2026-10-09T20:02:22Z,STR-E-3TZI-A,0.08 €/kWh
2026-10-09T20:02:22Z,STR-E-3WE5-A,0 € + 0.16 €/kWh
2026-10-09T20:02:22Z,STR-E-3YH3-A,0.08 € + 0.12 €/kWh
2026-10-09T20:02:22Z,STR-E-3YH3-B,0.08 € + 0.12 €/kWh
2026-10-09T20:02:22Z,STR-E-4156-A,0.24 €/kWh
2026-10-09T20:02:22Z,STR-E-4156-B,0.24 €/kWh
2026-10-09T20:02:22Z,STR-E-491A-A,0.17 €/kWh
2026-10-09T20:02:22Z,STR-E-491A-B,0.17 €/kWh
2026-10-09T20:02:22Z,STR-E-491A-C,0.17 €/kWh
2026-10-09T20:02:22Z,STR-E-4DE6-A,0.17 €/kWh
2026-10-09T20:02:22Z,STR-E-4DE6-B,0.17 €/kWh
2026-10-09T20:02:22Z,STR-E-4KWM-A,0.28 €/kWh
2026-10-09T20:02:22Z,STR-E-4KWM-B,0.28 €/kWh
2026-10-09T20:02:22Z,STR-E-4LRS-A,0.08 €/kWh
2026-10-09T20:02:22Z,STR-E-4UGU-A,0.08 €/kWh
2026-10-09T20:02:22Z,STR-E-4YKC-A,0 € + 0.16 €/kWh
2026-10-09T20:02:22Z,STR-E-527U-A,0 € + 0.16 €/kWh
2026-10-09T20:02:22Z,STR-E-54PK-A,0.08 € + 0.12 €/kWh
2026-10-09T20:02:22Z,STR-E-54PK-B,0.08 € + 0.12 €/kWh
2026-10-09T20:02:22Z,STR-E-55I4-A,0 € + 0.16 €/kWh
2026-10-09T20:02:22Z,STR-E-566J-A,0 € + 0.16 €/kWh
2026-10-09T20:02:22Z,STR-E-59TF-A,0.08 € + 0.12 €/kWh
2026-10-09T20:02:22Z,STR-E-5DWB-A,0.08 €/kWh
2026-10-09T20:02:22Z,STR-E-5TI5-A,0.08 €/kWh
2026-10-09T20:02:22Z,STR-E-69PN-A,0.08 €/kWh
2026-10-09T20:02:22Z,STR-E-6CNG-A,0.08 €/kWh
2026-10-09T20:02:22Z,STR-E-6E7W-A,0 € + 0.16 €/kWh
2026-10-09T20:02:22Z,STR-E-6SQH-A,0.08 €/kWh
2026-10-09T20:02:22Z,STR-E-6UZQ-A,0.18 €/kWh
2026-10-09T20:02:22Z,STR-E-6UZQ-B,0.18 €/kWh
2026-10-09T20:02:22Z,STR-E-6ZTQ-A,0 € + 0.16 €/kWh
2026-10-09T20:02:22Z,STR-E-7438-A,0 € + 0.16 €/kWh
2026-10-09T20:02:22Z,STR-E-7A48-A,0.08 € + 0.12 €/kWh
2026-10-09T20:02:22Z,STR-E-7YBN-A,0 € + 0.16 €/kWh
2026-10-09T20:02:22Z,STR-E-7Z8G-A,0.28 €/kWh
2026-10-09T20:02:22Z,STR-E-7Z8G-B,0.28 €/kWh
2026-10-09T20:02:22Z,STR-E-86C0-A,0.08 €/kWh
2026-10-09T20:02:22Z,STR-E-88SA-A,0.08 €/kWh
2026-10-09T20:02:22Z,STR-E-8A02-A,0 € + 0.16 €/kWh
2026-10-09T20:02:22Z,STR-E-8M2O-A,0.08 €/kWh
2026-10-09T20:02:22Z,STR-E-8Q9F-A,0 € + 0.16 €/kWh
2026-10-09T20:02:22Z,STR-E-8XL5-A,0.08 €/kWh
2026-10-09T20:02:22Z,STR-E-8Y23-A,0.08 €/kWh
2026-10-09T20:02:22Z,STR-E-92KW-A,0.18 €/kWh + 0.23 €
2026-10-09T20:02:22Z,STR-E-9AH3-A,0 € + 0.16 €/kWh
2026-10-09T20:02:22Z,STR-E-9I2R-A,0.08 €/kWh
2026-10-09T20:02:22Z,STR-E-9TUZ-A,0.08 €/kWh
2026-10-09T20:02:22Z,STR-E-9WY2-A,0.08 €/kWh
2026-10-09T20:02:22Z,STR-E-A169-A,0 € + 0.16 €/kWh
2026-10-09T20:02:22Z,STR-E-A27N-A,0.2 €/kWh
2026-10-09T20:02:22Z,STR-E-A27N-B,0.2 €/kWh
2026-10-09T20:02:22Z,STR-E-A27N-C,0.2 €/kWh
2026-10-09T20:02:22Z,STR-E-A442-A,0.08 €/kWh
2026-10-09T20:02:22Z,STR-E-AABG-A,0.08 €/kWh
2026-10-09T20:02:22Z,STR-E-ACMT-A,0.08 €/kWh
2026-10-09T20:02:22Z,STR-E-ADXE-A,0 € + 0.16 €/kWh
2026-10-09T20:02:22Z,STR-E-AF2O-A,0.08 € + 0.12 €/kWh
2026-10-09T20:02:22Z,STR-E-AMQK-A,0 € + 0.16 €/kWh
2026-10-09T20:02:22Z,STR-E-ANJ0-A,0.18 €/kWh + 0.23 €
2026-10-09T20:02:22Z,STR-E-ANJ0-B,0.18 €/kWh + 0.23 €
2026-10-09T20:02:22Z,STR-E-AP96-A,0.18 €/kWh + 0.23 €
2026-10-09T20:02:22Z,STR-E-AP96-B,0.18 €/kWh + 0.23 €
2026-10-09T20:02:22Z,STR-E-AUQ2-A,0 € + 0.16 €/kWh
2026-10-09T20:02:22Z,STR-E-AWF1-A,0.08 € + 0.12 €/kWh
2026-10-09T20:02:22Z,STR-E-AWF1-B,0.08 € + 0.12 €/kWh
2026-10-09T20:02:22Z,STR-E-AWJ9-A,0.2 €/kWh
2026-10-09T20:02:22Z,STR-E-AWJ9-B,0.2 €/kWh
2026-10-09T20:02:22Z,STR-E-B36V-A,0.19 € + 0.25 €/kWh
2026-10-09T20:02:22Z,STR-E-B36V-B,0.19 € + 0.25 €/kWh
2026-10-09T20:02:22Z,STR-E-BIKW-A,0.18 €/kWh + 0.23 €
2026-10-09T20:02:22Z,STR-E-BIKW-B,0.18 €/kWh + 0.23 €
2026-10-09T20:02:22Z,STR-E-BXA5-A,0.08 €/kWh
2026-10-09T20:02:22Z,STR-E-C91L-A,0.08 €/kWh
2026-10-09T20:02:22Z,STR-E-C99Z-A,0 € + 0.16 €/kWh
2026-10-09T20:02:22Z,STR-E-D3MB-A,0.18 €/kWh + 0.23 €
2026-10-09T20:02:22Z,STR-E-D3MB-B,0.18 €/kWh + 0.23 €
2026-10-09T20:02:22Z,STR-E-DBCC-A,0.08 € + 0.12 €/kWh
2026-10-09T20:02:22Z,STR-E-DBCC-B,0.08 € + 0.12 €/kWh
2026-10-09T20:02:22Z,STR-E-DHEJ-A,0 € + 0.16 €/kWh
2026-10-09T20:02:22Z,STR-E-E0DZ-A,0.18 €/kWh
2026-10-09T20:02:22Z,STR-E-E0DZ-B,0.18 €/kWh
2026-10-09T20:02:22Z,STR-E-E7HH-A,0.08 €/kWh
2026-10-09T20:02:22Z,STR-E-ECI7-A,0 € + 0.16 €/kWh
2026-10-09T20:02:22Z,STR-E-EFXK-A,0 € + 0.16 €/kWh
2026-10-09T20:02:22Z,STR-E-ELFQ-A,0.18 €/kWh + 0.23 €
2026-10-09T20:02:22Z,STR-E-ELFQ-B,0.18 €/kWh + 0.23 €
2026-10-09T20:02:22Z,STR-E-EPQY-A,0 € + 0.16 €/kWh
2026-10-09T20:02:22Z,STR-E-ER2N-A,0 € + 0.16 €/kWh
2026-10-09T20:02:22Z,STR-E-ES3O-A,0 € + 0.16 €/kWh
2026-10-09T20:02:22Z,STR-E-EU1U-A,0.08 €/kWh
2026-10-09T20:02:22Z,STR-E-F2G0-A,0.08 € + 0.12 €/kWh
2026-10-09T20:02:22Z,STR-E-F2G0-B,0.08 € + 0.12 €/kWh
2026-10-09T20:02:22Z,STR-E-F4B3-A,0.08 €/kWh
2026-10-09T20:02:22Z,STR-E-F5LZ-A,0.08 €/kWh
2026-10-09T20:02:22Z,STR-E-F79A-A,0.18 €/kWh + 0.23 €
2026-10-09T20:02:22Z,STR-E-F79A-B,0.18 €/kWh + 0.23 €
2026-10-09T20:02:22Z,STR-E-FGMF-A,0.08 €/kWh
2026-10-09T20:02:22Z,STR-E-FK06-A,0.08 €/kWh
2026-10-09T20:02:22Z,STR-E-FKUY-A,0 € + 0.16 €/kWh
2026-10-09T20:02:22Z,STR-E-FUE8-A,0.08 € + 0.12 €/kWh
2026-10-09T20:02:22Z,STR-E-FUE8-B,0.08 € + 0.12 €/kWh
2026-10-09T20:02:22Z,STR-E-G4VM-A,0.08 €/kWh
2026-10-09T20:02:22Z,STR-E-G518-A,0.08 €/kWh
2026-10-09T20:02:22Z,STR-E-GB9A-A,0.08 €/kWh
2026-10-09T20:02:22Z,STR-E-GE77-A,0.28 €/kWh
2026-10-09T20:02:22Z,STR-E-GE77-B,0.28 €/kWh
2026-10-09T20:02:22Z,STR-E-GFB3-A,0 € + 0.16 €/kWh
2026-10-09T20:02:22Z,STR-E-GGV8-A,0.08 €/kWh
2026-10-09T20:02:22Z,STR-E-GHJA-A,0.08 €/kWh
2026-10-09T20:02:22Z,STR-E-GK0C-A,0 € + 0.16 €/kWh
2026-10-09T20:02:22Z,STR-E-GR5K-A,0.08 €/kWh
2026-10-09T20:02:22Z,STR-E-H6Q5-A,0.08 €/kWh
2026-10-09T20:02:22Z,STR-E-HHXV-A,0 € + 0.16 €/kWh
2026-10-09T20:02:22Z,STR-E-I1KE-A,0 € + 0.16 €/kWh
2026-10-09T20:02:22Z,STR-E-I4UZ-A,0.08 €/kWh
2026-10-09T20:02:22Z,STR-E-I5FH-A,0.08 €/kWh
2026-10-09T20:02:22Z,STR-E-I8C6-A,0.08 €/kWh
2026-10-09T20:02:22Z,STR-E-IA3X-A,0.08 €/kWh
2026-10-09T20:02:22Z,STR-E-IAO5-A,0 € + 0.16 €/kWh
2026-10-09T20:02:22Z,STR-E-IGH5-A,0.18 €/kWh + 0.23 €
2026-10-09T20:02:22Z,STR-E-IGH5-B,0.18 €/kWh + 0.23 €
2026-10-09T20:02:22Z,STR-E-IIKL-A,0.08 € + 0.12 €/kWh
2026-10-09T20:02:22Z,STR-E-IIKL-B,0.08 € + 0.12 €/kWh
2026-10-09T20:02:22Z,STR-E-IPEC-A,0 € + 0.16 €/kWh
2026-10-09T20:02:22Z,STR-E-IV6T-A,0 € + 0.16 €/kWh
2026-10-09T20:02:22Z,STR-E-J54N-A,0 € + 0.16 €/kWh
2026-10-09T20:02:22Z,STR-E-J6DA-A,0 € + 0.16 €/kWh
2026-10-09T20:02:22Z,STR-E-J8VF-A,0 € + 0.16 €/kWh
2026-10-09T20:02:22Z,STR-E-JG90-A,0.09 €/kWh + 0.3 €
2026-10-09T20:02:22Z,STR-E-JG90-B,0.09 €/kWh + 0.3 €
2026-10-09T20:02:22Z,STR-E-JMOR-A,0 € + 0.16 €/kWh
2026-10-09T20:02:22Z,STR-E-JVO0-A,0.08 €/kWh
2026-10-09T20:02:22Z,STR-E-K217-A,0 € + 0.16 €/kWh
2026-10-09T20:02:22Z,STR-E-K73C-A,0.18 €/kWh + 0.23 €
2026-10-09T20:02:22Z,STR-E-K73C-B,0.18 €/kWh + 0.23 €
2026-10-09T20:02:22Z,STR-E-KBZL-A,0.08 €/kWh
2026-10-09T20:02:22Z,STR-E-KOHN-A,0 € + 0.16 €/kWh
2026-10-09T20:02:22Z,STR-E-KT5B-A,0 € + 0.16 €/kWh
2026-10-09T20:02:22Z,STR-E-KUKS-A,0.08 € + 0.12 €/kWh
2026-10-09T20:02:22Z,STR-E-KUKS-B,0.08 € + 0.12 €/kWh
2026-10-09T20:02:22Z,STR-E-L84D-A,0.08 €/kWh
2026-10-09T20:02:22Z,STR-E-LISV-A,0.08 €/kWh
2026-10-09T20:02:22Z,STR-E-LKFQ-A,0.08 €/kWh
2026-10-09T20:02:22Z,STR-E-LREY-A,0.28 €/kWh
2026-10-09T20:02:22Z,STR-E-M1IB-A,0.08 €/kWh
2026-10-09T20:02:22Z,STR-E-M8WL-A,0.08 €/kWh
2026-10-09T20:02:22Z,STR-E-M9W7-A,0.08 €/kWh
2026-10-09T20:02:22Z,STR-E-MIP3-A,0.17 €/kWh
2026-10-09T20:02:22Z,STR-E-MIP3-B,0.17 €/kWh
2026-10-09T20:02:22Z,STR-E-MSEN-A,0.08 €/kWh
2026-10-09T20:02:22Z,STR-E-MSUL-A,0.08 €/kWh
2026-10-09T20:02:22Z,STR-E-N6P5-A,0.08 €/kWh
2026-10-09T20:02:22Z,STR-E-NCKT-A,0.08 € + 0.12 €/kWh
2026-10-09T20:02:22Z,STR-E-NCKT-B,0.08 € + 0.12 €/kWh
2026-10-09T20:02:22Z,STR-E-NDU2-A,0 € + 0.16 €/kWh
2026-10-09T20:02:22Z,STR-E-NDZ4-A,0 € + 0.16 €/kWh
2026-10-09T20:02:22Z,STR-E-NFV5-A,0 € + 0.16 €/kWh
2026-10-09T20:02:22Z,STR-E-NNGC-A,0.08 €/kWh
2026-10-09T20:02:22Z,STR-E-NSGB-A,0 € + 0.16 €/kWh
2026-10-09T20:02:22Z,STR-E-NY0Q-A,0.15 € + 0.18 €/kWh
2026-10-09T20:02:22Z,STR-E-O0VK-A,0.08 €/kWh
2026-10-09T20:02:22Z,STR-E-O5JX-A,0 € + 0.16 €/kWh
2026-10-09T20:02:22Z,STR-E-O5YW-A,0.08 € + 0.12 €/kWh
2026-10-09T20:02:22Z,STR-E-O5YW-B,0.08 € + 0.12 €/kWh
2026-10-09T20:02:22Z,STR-E-ODBK-A,0.28 €/kWh
2026-10-09T20:02:22Z,STR-E-ODBK-B,0.28 €/kWh
2026-10-09T20:02:22Z,STR-E-OFWF-A,0 € + 0.16 €/kWh
2026-10-09T20:02:22Z,STR-E-OG1X-A,0.08 €/kWh
2026-10-09T20:02:22Z,STR-E-OHH6-A,0 € + 0.16 €/kWh
2026-10-09T20:02:22Z,STR-E-OJ3E-A,0.18 €/kWh + 0.23 €
2026-10-09T20:02:22Z,STR-E-OJ3E-B,0.18 €/kWh + 0.23 €
2026-10-09T20:02:22Z,STR-E-OQKZ-A,0.08 €/kWh
2026-10-09T20:02:22Z,STR-E-P46N-A,0 € + 0.16 €/kWh
2026-10-09T20:02:22Z,STR-E-P7AF-A,0.08 € + 0.12 €/kWh
2026-10-09T20:02:22Z,STR-E-P7AF-B,0.08 € + 0.12 €/kWh
2026-10-09T20:02:22Z,STR-E-PC04-A,0.08 €/kWh
2026-10-09T20:02:22Z,STR-E-PDR2-A,0.08 €/kWh
2026-10-09T20:02:22Z,STR-E-PJCQ-A,0.08 € + 0.12 €/kWh
2026-10-09T20:02:22Z,STR-E-PJCQ-B,0.08 € + 0.12 €/kWh
2026-10-09T20:02:22Z,STR-E-PM3P-A,0.18 €/kWh + 0.23 €
2026-10-09T20:02:22Z,STR-E-PM3P-B,0.18 €/kWh + 0.23 €
2026-10-09T20:02:22Z,STR-E-PRUQ-A,0.08 €/kWh
2026-10-09T20:02:22Z,STR-E-PSU9-A,0.08 €/kWh
2026-10-09T20:02:22Z,STR-E-PZ9U-A,0.08 €/kWh
2026-10-09T20:02:22Z,STR-E-PZES-A,0.08 €/kWh
2026-10-09T20:02:22Z,STR-E-Q5YF-A,0.18 €/kWh + 0.23 €
2026-10-09T20:02:22Z,STR-E-Q5YF-B,0.18 €/kWh + 0.23 €
2026-10-09T20:02:22Z,STR-E-Q7LB-A,0.18 €/kWh + 0.23 €
2026-10-09T20:02:22Z,STR-E-Q7LB-B,0.18 €/kWh + 0.23 €
2026-10-09T20:02:22Z,STR-E-QAXH-A,0.15 € + 0.18 €/kWh
2026-10-09T20:02:22Z,STR-E-QE1X-A,0.08 € + 0.12 €/kWh
2026-10-09T20:02:22Z,STR-E-QE1X-B,0.08 € + 0.12 €/kWh
2026-10-09T20:02:22Z,STR-E-QEDL-A,0.08 €/kWh
2026-10-09T20:02:22Z,STR-E-QIQM-A,0.08 €/kWh
2026-10-09T20:02:22Z,STR-E-QLC9-A,0.17 €/kWh
2026-10-09T20:02:22Z,STR-E-QLC9-B,0.17 €/kWh
2026-10-09T20:02:22Z,STR-E-R0J8-A,0.08 €/kWh
2026-10-09T20:02:22Z,STR-E-R1MT-A,0.18 €/kWh + 0.23 €
2026-10-09T20:02:22Z,STR-E-R1MT-B,0.18 €/kWh + 0.23 €
2026-10-09T20:02:22Z,STR-E-R1PI-A,0.18 €/kWh + 0.23 €
2026-10-09T20:02:22Z,STR-E-R1PI-B,0.18 €/kWh + 0.23 €
2026-10-09T20:02:22Z,STR-E-R2LK-A,0.18 €/kWh + 0.23 €
2026-10-09T20:02:22Z,STR-E-R2LK-B,0.18 €/kWh + 0.23 €
2026-10-09T20:02:22Z,STR-E-R8PQ-A,0 € + 0.16 €/kWh
2026-10-09T20:02:22Z,STR-E-R9GA-A,0.08 €/kWh
2026-10-09T20:02:22Z,STR-E-RJH9-A,0.08 €/kWh
2026-10-09T20:02:22Z,STR-E-RKWJ-A,0.08 €/kWh
2026-10-09T20:02:22Z,STR-E-S42D-A,0.08 €/kWh
2026-10-09T20:02:22Z,STR-E-S6VR-A,0 € + 0.16 €/kWh
2026-10-09T20:02:22Z,STR-E-S7YR-A,0.18 €/kWh + 0.23 €
2026-10-09T20:02:22Z,STR-E-S7YR-B,0.18 €/kWh + 0.23 €
2026-10-09T20:02:22Z,STR-E-SGC2-A,0 € + 0.16 €/kWh
2026-10-09T20:02:22Z,STR-E-SJKA-A,0.08 €/kWh
2026-10-09T20:02:22Z,STR-E-SQX8-A,0.08 € + 0.12 €/kWh
2026-10-09T20:02:22Z,STR-E-SQX8-B,0.08 € + 0.12 €/kWh
2026-10-09T20:02:22Z,STR-E-SVR3-A,0.18 €/kWh + 0.23 €
2026-10-09T20:02:22Z,STR-E-SVR3-B,0.18 €/kWh + 0.23 €
2026-10-09T20:02:22Z,STR-E-SY9Y-A,0.08 €/kWh
2026-10-09T20:02:22Z,STR-E-TO2O-A,0.08 €/kWh
2026-10-09T20:02:22Z,STR-E-TX67-A,0.2 €/kWh
2026-10-09T20:02:22Z,STR-E-TX67-B,0.2 €/kWh
2026-10-09T20:02:22Z,STR-E-U41O-A,0 € + 0.16 €/kWh
2026-10-09T20:02:22Z,STR-E-U5TP-A,0.08 €/kWh
2026-10-09T20:02:22Z,STR-E-UKPS-A,0.15 € + 0.18 €/kWh
2026-10-09T20:02:22Z,STR-E-UPAQ-A,0.17 €/kWh
2026-10-09T20:02:22Z,STR-E-UPAQ-B,0.17 €/kWh
2026-10-09T20:02:22Z,STR-E-UPOS-A,0.08 € + 0.12 €/kWh
2026-10-09T20:02:22Z,STR-E-UPOS-B,0.08 € + 0.12 €/kWh
2026-10-09T20:02:22Z,STR-E-UY5H-A,0.08 €/kWh
2026-10-09T20:02:22Z,STR-E-V17G-A,0.08 €/kWh
2026-10-09T20:02:22Z,STR-E-V31J-A,0.08 €/kWh
2026-10-09T20:02:22Z,STR-E-V50T-A,0.08 €/kWh
2026-10-09T20:02:22Z,STR-E-V9SD-A,0.08 €/kWh
2026-10-09T20:02:22Z,STR-E-V9ZR-A,0.08 €/kWh
2026-10-09T20:02:22Z,STR-E-VBMP-A,0.08 €/kWh
2026-10-09T20:02:22Z,STR-E-VJBJ-A,0 € + 0.16 €/kWh
2026-10-09T20:02:22Z,STR-E-VPDB-A,0.08 €/kWh
2026-10-09T20:02:22Z,STR-E-VQ06-A,0 € + 0.16 €/kWh
2026-10-09T20:02:22Z,STR-E-VSDJ-A,0.2 €/kWh
2026-10-09T20:02:22Z,STR-E-VSDJ-B,0.2 €/kWh
2026-10-09T20:02:22Z,STR-E-VT0G-A,0.08 €/kWh
2026-10-09T20:02:22Z,STR-E-VX2O-A,0 € + 0.16 €/kWh
2026-10-09T20:02:22Z,STR-E-VXGH-A,0.08 €/kWh
2026-10-09T20:02:22Z,STR-E-W1X4-A,0.08 €/kWh
2026-10-09T20:02:22Z,STR-E-WEE3-A,0.18 €/kWh + 0.23 €
2026-10-09T20:02:22Z,STR-E-WEE3-B,0.18 €/kWh + 0.23 €
2026-10-09T20:02:22Z,STR-E-WHZ1-A,0 € + 0.16 €/kWh
2026-10-09T20:02:22Z,STR-E-WLGM-A,0 € + 0.16 €/kWh
2026-10-09T20:02:22Z,STR-E-WTQ5-A,0.18 €/kWh
2026-10-09T20:02:22Z,STR-E-WXV8-A,0.08 €/kWh
2026-10-09T20:02:22Z,STR-E-WYFE-A,0.18 €/kWh
2026-10-09T20:02:22Z,STR-E-WYFE-B,0.18 €/kWh
2026-10-09T20:02:22Z,STR-E-WYYC-A,0.18 €/kWh + 0.23 €
2026-10-09T20:02:22Z,STR-E-WYYC-B,0.18 €/kWh + 0.23 €
2026-10-09T20:02:22Z,STR-E-WZW9-A,0.08 €/kWh
2026-10-09T20:02:22Z,STR-E-X525-A,0.08 €/kWh
2026-10-09T20:02:22Z,STR-E-X54O-A,0 € + 0.16 €/kWh
2026-10-09T20:02:22Z,STR-E-XCMJ-A,0.08 € + 0.12 €/kWh
2026-10-09T20:02:22Z,STR-E-XCMJ-B,0.08 € + 0.12 €/kWh
2026-10-09T20:02:22Z,STR-E-XFON-A,0.08 €/kWh
2026-10-09T20:02:22Z,STR-E-XG69-A,0.08 € + 0.12 €/kWh
2026-10-09T20:02:22Z,STR-E-XG69-B,0.08 € + 0.12 €/kWh
2026-10-09T20:02:22Z,STR-E-XH51-A,0 € + 0.16 €/kWh
2026-10-09T20:02:22Z,STR-E-XKW2-A,0.18 €/kWh + 0.23 €
2026-10-09T20:02:22Z,STR-E-XKW2-B,0.18 €/kWh + 0.23 €
2026-10-09T20:02:22Z,STR-E-XRV8-A,0 € + 0.16 €/kWh
2026-10-09T20:02:22Z,STR-E-Y7JK-A,0 € + 0.16 €/kWh
2026-10-09T20:02:22Z,STR-E-Y82E-A,0 € + 0.16 €/kWh
2026-10-09T20:02:22Z,STR-E-YC50-A,0.08 €/kWh
2026-10-09T20:02:22Z,STR-E-Z2PJ-A,0.08 € + 0.12 €/kWh
2026-10-09T20:02:22Z,STR-E-Z2PJ-B,0.08 € + 0.12 €/kWh
2026-10-09T20:02:22Z,STR-E-ZA6O-A,0.08 €/kWh
2026-10-09T20:02:22Z,STR-E-ZEP7-A,0 € + 0.16 €/kWh
2026-10-09T20:02:22Z,STR-E-ZIAZ-A,0 € + 0.16 €/kWh
2026-10-09T20:02:22Z,STR-E-ZK9W-A,0 € + 0.16 €/kWh
2026-10-09T20:02:22Z,STR-E-ZS00-A,0.18 €/kWh + 0.23 €
2026-10-09T20:02:22Z,STR-E-ZS00-B,0.18 €/kWh + 0.23 €
2026-10-09T20:02:22Z,STR-E-ZWU5-A,0.08 € + 0.12 €/kWh
2026-10-09T20:02:22Z,STR-E-ZWU5-B,0.08 € + 0.12 €/kWh
2026-10-09T20:18:23Z,IKR-E-1220-A,0.3 € + 0.19 €/kWh
2026-10-09T20:18:23Z,IKR-E-1871-A,0.3 € + 0.19 €/kWh
2026-10-09T20:18:23Z,IKR-E-2G8J-A,0.3 € + 0.19 €/kWh
2026-10-09T20:18:23Z,IKR-E-3TSR-A,0.3 € + 0.19 €/kWh
2026-10-09T20:18:23Z,IKR-E-5715-A,0.3 € + 0.19 €/kWh
2026-10-09T20:18:23Z,IKR-E-5730-A,0.3 € + 0.25 €/kWh
2026-10-09T20:18:23Z,IKR-E-5CGU-A,0.3 € + 0.19 €/kWh
2026-10-09T20:18:23Z,IKR-E-7718-A,0.3 € + 0.25 €/kWh
2026-10-09T20:18:23Z,IKR-E-DVCM-A,0.3 € + 0.19 €/kWh
2026-10-09T20:18:23Z,IKR-E-E228-A,0.3 € + 0.22 €/kWh
2026-10-09T20:18:23Z,IKR-E-E475-A,0.3 € + 0.25 €/kWh
2026-10-09T20:18:23Z,IKR-E-E544-A,0.3 € + 0.25 €/kWh
2026-10-09T20:18:23Z,IKR-E-EKZA-A,0.3 € + 0.22 €/kWh
2026-10-09T20:18:23Z,IKR-E-GAY9-A,0.3 € + 0.19 €/kWh
2026-10-09T20:18:23Z,IKR-E-IZW2-A,0.3 € + 0.19 €/kWh
2026-10-09T20:18:23Z,IKR-E-J1JV-A,0.3 € + 0.22 €/kWh
2026-10-09T20:18:23Z,IKR-E-JJAJ-A,0.3 € + 0.19 €/kWh
2026-10-09T20:18:23Z,IKR-E-KMBH-A,0.3 € + 0.19 €/kWh
2026-10-09T20:18:23Z,IKR-E-LJZI-A,0.3 € + 0.19 €/kWh
2026-10-09T20:18:23Z,IKR-E-MAU9-A,0.29 € + 0.11 €/kWh
2026-10-09T20:18:23Z,IKR-E-OWF5-A,0.3 € + 0.25 €/kWh
2026-10-09T20:18:23Z,IKR-E-W6HQ-A,0.29 € + 0.11 €/kWh
2026-10-09T20:18:23Z,IKR-E-XIH2-A,0.3 € + 0.19 €/kWh
2026-10-09T20:18:23Z,IKR-E-Y2Z8-A,0.3 € + 0.19 €/kWh
2026-10-09T20:18:23Z,IKR-P-IV7E-B,0.3 € + 0.19 €/kWh
2026-10-09T20:18:23Z,IKR-P-SCM5-A,0.3 € + 0.25 €/kWh
2026-10-09T20:18:23Z,IKR-P-V9X4-A,0.3 € + 0.25 €/kWh
2026-10-09T20:18:23Z,IKR-P-V9X4-B,0.3 € + 0.25 €/kWh
2026-10-09T20:18:23Z,STR-E-NY0Q-A,0.15 € + 0.17 €/kWh
2026-10-09T20:18:23Z,STR-E-QAXH-A,0.15 € + 0.17 €/kWh
2026-10-09T20:18:23Z,STR-E-UKPS-A,0.15 € + 0.17 €/kWh
2026-10-09T20:32:23Z,IKR-E-E475-A,0.3 € + 0.24 €/kWh
2026-10-09T20:32:23Z,IKR-E-E544-A,0.3 € + 0.24 €/kWh
2026-10-09T20:32:23Z,IKR-E-MAU9-A,0.29 € + 0.1 €/kWh
2026-10-09T20:32:23Z,IKR-E-W6HQ-A,0.29 € + 0.1 €/kWh
2026-10-09T20:32:23Z,IKR-E-Y2Z8-A,0.3 € + 0.18 €/kWh
2026-10-09T20:48:23Z,IKR-E-1220-A,0.3 € + 0.18 €/kWh
2026-10-09T20:48:23Z,IKR-E-1871-A,0.3 € + 0.18 €/kWh
2026-10-09T20:48:23Z,IKR-E-2G8J-A,0.3 € + 0.18 €/kWh
2026-10-09T20:48:23Z,IKR-E-3TSR-A,0.3 € + 0.18 €/kWh
2026-10-09T20:48:23Z,IKR-E-5715-A,0.3 € + 0.18 €/kWh
2026-10-09T20:48:23Z,IKR-E-5730-A,0.3 € + 0.24 €/kWh
2026-10-09T20:48:23Z,IKR-E-5CGU-A,0.3 € + 0.18 €/kWh
2026-10-09T20:48:23Z,IKR-E-7718-A,0.3 € + 0.24 €/kWh
2026-10-09T20:48:23Z,IKR-E-DVCM-A,0.3 € + 0.18 €/kWh
2026-10-09T20:48:23Z,IKR-E-E228-A,0.3 € + 0.21 €/kWh
2026-10-09T20:48:23Z,IKR-E-EKZA-A,0.3 € + 0.21 €/kWh
2026-10-09T20:48:23Z,IKR-E-GAY9-A,0.3 € + 0.18 €/kWh
2026-10-09T20:48:23Z,IKR-E-IZW2-A,0.3 € + 0.18 €/kWh
2026-10-09T20:48:23Z,IKR-E-J1JV-A,0.3 € + 0.21 €/kWh
2026-10-09T20:48:23Z,IKR-E-JJAJ-A,0.3 € + 0.18 €/kWh
2026-10-09T20:48:23Z,IKR-E-KMBH-A,0.3 € + 0.18 €/kWh
2026-10-09T20:48:23Z,IKR-E-LJZI-A,0.3 € + 0.18 €/kWh
2026-10-09T20:48:23Z,IKR-E-XIH2-A,0.3 € + 0.18 €/kWh
2026-10-09T20:48:23Z,IKR-P-IV7E-B,0.3 € + 0.18 €/kWh
2026-10-09T20:48:23Z,STR-E-4156-A,0.23 €/kWh
2026-10-09T20:48:23Z,STR-E-4156-B,0.23 €/kWh
2026-10-09T20:48:23Z,STR-E-4KWM-A,0.27 €/kWh
2026-10-09T20:48:23Z,STR-E-4KWM-B,0.27 €/kWh
2026-10-09T20:48:23Z,STR-E-7Z8G-A,0.27 €/kWh
2026-10-09T20:48:23Z,STR-E-7Z8G-B,0.27 €/kWh
2026-10-09T20:48:23Z,STR-E-GE77-A,0.27 €/kWh
2026-10-09T20:48:23Z,STR-E-GE77-B,0.27 €/kWh
2026-10-09T20:48:23Z,STR-E-ODBK-A,0.27 €/kWh
2026-10-09T20:48:23Z,STR-E-ODBK-B,0.27 €/kWh
2026-10-09T21:02:23Z,IGN-E-49-0-C,0.35 €/kWh
2026-10-09T21:02:23Z,IKR-E-1220-A,0.3 € + 0.38 €/kWh
2026-10-09T21:02:23Z,IKR-E-1871-A,0.3 € + 0.38 €/kWh
2026-10-09T21:02:23Z,IKR-E-2G8J-A,0.3 € + 0.38 €/kWh
2026-10-09T21:02:23Z,IKR-E-3TSR-A,0.3 € + 0.38 €/kWh
2026-10-09T21:02:23Z,IKR-E-5715-A,0.3 € + 0.38 €/kWh
2026-10-09T21:02:23Z,IKR-E-5730-A,0.3 € + 0.44 €/kWh
2026-10-09T21:02:23Z,IKR-E-5CGU-A,0.3 € + 0.38 €/kWh
2026-10-09T21:02:23Z,IKR-E-7718-A,0.3 € + 0.44 €/kWh
2026-10-09T21:02:23Z,IKR-E-DVCM-A,0.3 € + 0.38 €/kWh
2026-10-09T21:02:23Z,IKR-E-E228-A,0.3 € + 0.38 €/kWh
2026-10-09T21:02:23Z,IKR-E-E475-A,0.3 € + 0.4 €/kWh
2026-10-09T21:02:23Z,IKR-E-E544-A,0.3 € + 0.4 €/kWh
2026-10-09T21:02:23Z,IKR-E-EKZA-A,0.3 € + 0.38 €/kWh
2026-10-09T21:02:23Z,IKR-E-GAY9-A,0.3 € + 0.38 €/kWh
2026-10-09T21:02:23Z,IKR-E-IZW2-A,0.3 € + 0.38 €/kWh
2026-10-09T21:02:23Z,IKR-E-J1JV-A,0.3 € + 0.38 €/kWh
2026-10-09T21:02:23Z,IKR-E-JJAJ-A,0.3 € + 0.38 €/kWh
2026-10-09T21:02:23Z,IKR-E-KMBH-A,0.3 € + 0.38 €/kWh
2026-10-09T21:02:23Z,IKR-E-LJZI-A,0.3 € + 0.38 €/kWh
2026-10-09T21:02:23Z,IKR-E-MAU9-A,0.29 € + 0.29 €/kWh
2026-10-09T21:02:23Z,IKR-E-OWF5-A,0.3 € + 0.41 €/kWh
2026-10-09T21:02:23Z,IKR-E-W6HQ-A,0.29 € + 0.29 €/kWh
2026-10-09T21:02:23Z,IKR-E-XIH2-A,0.3 € + 0.38 €/kWh
2026-10-09T21:02:23Z,IKR-E-Y2Z8-A,0.3 € + 0.34 €/kWh
2026-10-09T21:02:23Z,IKR-P-IV7E-B,0.3 € + 0.38 €/kWh
2026-10-09T21:02:23Z,IKR-P-SCM5-A,0.3 € + 0.41 €/kWh
2026-10-09T21:02:23Z,IKR-P-V9X4-A,0.3 € + 0.41 €/kWh
2026-10-09T21:02:23Z,IKR-P-V9X4-B,0.3 € + 0.41 €/kWh
2026-10-09T21:02:23Z,STR-E-027B-A,0.17 €/kWh + 0.23 €
2026-10-09T21:02:23Z,STR-E-027B-B,0.17 €/kWh + 0.23 €
2026-10-09T21:02:23Z,STR-E-1MHB-A,0.27 €/kWh
2026-10-09T21:02:23Z,STR-E-21O1-A,0.17 €/kWh
2026-10-09T21:02:23Z,STR-E-21O1-B,0.17 €/kWh
2026-10-09T21:02:23Z,STR-E-3468-A,0.17 €/kWh
2026-10-09T21:02:23Z,STR-E-3468-B,0.17 €/kWh
2026-10-09T21:02:23Z,STR-E-3ENA-A,0.17 €/kWh
2026-10-09T21:02:23Z,STR-E-3ENA-B,0.17 €/kWh
2026-10-09T21:02:23Z,STR-E-3ENA-C,0.17 €/kWh
2026-10-09T21:02:23Z,STR-E-3FMF-A,0.17 €/kWh + 0.23 €
2026-10-09T21:02:23Z,STR-E-3FMF-B,0.17 €/kWh + 0.23 €
2026-10-09T21:02:23Z,STR-E-3SXI-A,0.17 €/kWh
2026-10-09T21:02:23Z,STR-E-3SXI-B,0.17 €/kWh
2026-10-09T21:02:23Z,STR-E-6UZQ-A,0.17 €/kWh
2026-10-09T21:02:23Z,STR-E-6UZQ-B,0.17 €/kWh
2026-10-09T21:02:23Z,STR-E-92KW-A,0.17 €/kWh + 0.23 €
2026-10-09T21:02:23Z,STR-E-ANJ0-A,0.17 €/kWh + 0.23 €
2026-10-09T21:02:23Z,STR-E-ANJ0-B,0.17 €/kWh + 0.23 €
2026-10-09T21:02:23Z,STR-E-AP96-A,0.17 €/kWh + 0.23 €
2026-10-09T21:02:23Z,STR-E-AP96-B,0.17 €/kWh + 0.23 €
2026-10-09T21:02:23Z,STR-E-BIKW-A,0.17 €/kWh + 0.23 €
2026-10-09T21:02:23Z,STR-E-BIKW-B,0.17 €/kWh + 0.23 €
2026-10-09T21:02:23Z,STR-E-D3MB-A,0.17 €/kWh + 0.23 €
2026-10-09T21:02:23Z,STR-E-D3MB-B,0.17 €/kWh + 0.23 €
2026-10-09T21:02:23Z,STR-E-E0DZ-A,0.17 €/kWh
2026-10-09T21:02:23Z,STR-E-E0DZ-B,0.17 €/kWh
2026-10-09T21:02:23Z,STR-E-ELFQ-A,0.17 €/kWh + 0.23 €
2026-10-09T21:02:23Z,STR-E-ELFQ-B,0.17 €/kWh + 0.23 €
2026-10-09T21:02:23Z,STR-E-F79A-A,0.17 €/kWh + 0.23 €
2026-10-09T21:02:23Z,STR-E-F79A-B,0.17 €/kWh + 0.23 €
2026-10-09T21:02:23Z,STR-E-IGH5-A,0.17 €/kWh + 0.23 €
2026-10-09T21:02:23Z,STR-E-IGH5-B,0.17 €/kWh + 0.23 €
2026-10-09T21:02:23Z,STR-E-K73C-A,0.17 €/kWh + 0.23 €
2026-10-09T21:02:23Z,STR-E-K73C-B,0.17 €/kWh + 0.23 €
2026-10-09T21:02:23Z,STR-E-LREY-A,0.27 €/kWh
2026-10-09T21:02:23Z,STR-E-OJ3E-A,0.17 €/kWh + 0.23 €
2026-10-09T21:02:23Z,STR-E-OJ3E-B,0.17 €/kWh + 0.23 €
2026-10-09T21:02:23Z,STR-E-PM3P-A,0.17 €/kWh + 0.23 €
2026-10-09T21:02:23Z,STR-E-PM3P-B,0.17 €/kWh + 0.23 €
2026-10-09T21:02:23Z,STR-E-Q5YF-A,0.17 €/kWh + 0.23 €
2026-10-09T21:02:23Z,STR-E-Q5YF-B,0.17 €/kWh + 0.23 €
2026-10-09T21:02:23Z,STR-E-Q7LB-A,0.17 €/kWh + 0.23 €
2026-10-09T21:02:23Z,STR-E-Q7LB-B,0.17 €/kWh + 0.23 €
2026-10-09T21:02:23Z,STR-E-R1MT-A,0.17 €/kWh + 0.23 €
2026-10-09T21:02:23Z,STR-E-R1MT-B,0.17 €/kWh + 0.23 €
2026-10-09T21:02:23Z,STR-E-R1PI-A,0.17 €/kWh + 0.23 €
2026-10-09T21:02:23Z,STR-E-R1PI-B,0.17 €/kWh + 0.23 €
2026-10-09T21:02:23Z,STR-E-R2LK-A,0.17 €/kWh + 0.23 €
2026-10-09T21:02:23Z,STR-E-R2LK-B,0.17 €/kWh + 0.23 €
2026-10-09T21:02:23Z,STR-E-S7YR-A,0.17 €/kWh + 0.23 €
2026-10-09T21:02:23Z,STR-E-S7YR-B,0.17 €/kWh + 0.23 €
2026-10-09T21:02:23Z,STR-E-SVR3-A,0.17 €/kWh + 0.23 €
2026-10-09T21:02:23Z,STR-E-SVR3-B,0.17 €/kWh + 0.23 €
2026-10-09T21:02:23Z,STR-E-WEE3-A,0.17 €/kWh + 0.23 €
2026-10-09T21:02:23Z,STR-E-WEE3-B,0.17 €/kWh + 0.23 €
2026-10-09T21:02:23Z,STR-E-WTQ5-A,0.17 €/kWh
2026-10-09T21:02:23Z,STR-E-WYFE-A,0.17 €/kWh
2026-10-09T21:02:23Z,STR-E-WYFE-B,0.17 €/kWh
2026-10-09T21:02:23Z,STR-E-WYYC-A,0.17 €/kWh + 0.23 €
2026-10-09T21:02:23Z,STR-E-WYYC-B,0.17 €/kWh + 0.23 €
2026-10-09T21:02:23Z,STR-E-XKW2-A,0.17 €/kWh + 0.23 €
2026-10-09T21:02:23Z,STR-E-XKW2-B,0.17 €/kWh + 0.23 €
2026-10-09T21:02:23Z,STR-E-ZS00-A,0.17 €/kWh + 0.23 €
2026-10-09T21:02:23Z,STR-E-ZS00-B,0.17 €/kWh + 0.23 €
2026-10-09T21:10:40Z,008-E-0033-B#67390,0.42 €/kWh
2026-10-09T21:10:40Z,008-E-0033-B#70995,0.42 €/kWh
2026-10-09T21:10:40Z,IBG-E-5U9Z-A,0.29 €/kWh
2026-10-09T21:10:40Z,IGN-E-49-0-D#71004,0.29 €/kWh
2026-10-09T21:10:40Z,IGN-E-63-3-E#70075,0.35 €/kWh
2026-10-09T21:10:40Z,IGN-E-63-3-E#71005,0.35 €/kWh
2026-10-09T21:18:23Z,IKR-E-E228-A,0.3 € + 0.36 €/kWh
2026-10-09T21:18:23Z,IKR-E-E475-A,0.3 € + 0.39 €/kWh
2026-10-09T21:18:23Z,IKR-E-E544-A,0.3 € + 0.39 €/kWh
2026-10-09T21:18:23Z,IKR-E-EKZA-A,0.3 € + 0.36 €/kWh
2026-10-09T21:18:23Z,IKR-E-J1JV-A,0.3 € + 0.36 €/kWh
2026-10-09T21:18:23Z,IKR-E-MAU9-A,0.29 € + 0.28 €/kWh
2026-10-09T21:18:23Z,IKR-E-OWF5-A,0.3 € + 0.4 €/kWh
2026-10-09T21:18:23Z,IKR-E-W6HQ-A,0.29 € + 0.28 €/kWh
2026-10-09T21:18:23Z,IKR-E-Y2Z8-A,0.3 € + 0.33 €/kWh
2026-10-09T21:18:23Z,IKR-P-SCM5-A,0.3 € + 0.4 €/kWh
2026-10-09T21:18:23Z,IKR-P-V9X4-A,0.3 € + 0.4 €/kWh
2026-10-09T21:18:23Z,IKR-P-V9X4-B,0.3 € + 0.4 €/kWh
2026-10-09T21:18:23Z,STR-E-0698-A,0.07 €/kWh
2026-10-09T21:18:23Z,STR-E-0GEL-A,0.07 €/kWh
2026-10-09T21:18:23Z,STR-E-1162-A,0.07 €/kWh
2026-10-09T21:18:23Z,STR-E-11DT-A,0.07 €/kWh
2026-10-09T21:18:23Z,STR-E-1887-A,0.07 €/kWh
2026-10-09T21:18:23Z,STR-E-1927-A,0.07 €/kWh
2026-10-09T21:18:23Z,STR-E-1MJQ-A,0.07 €/kWh
2026-10-09T21:18:23Z,STR-E-2D12-A,0.07 €/kWh
2026-10-09T21:18:23Z,STR-E-2ED4-A,0.07 €/kWh
2026-10-09T21:18:23Z,STR-E-320G-A,0.07 €/kWh
2026-10-09T21:18:23Z,STR-E-3PZS-A,0.07 €/kWh
2026-10-09T21:18:23Z,STR-E-3TZI-A,0.07 €/kWh
2026-10-09T21:18:23Z,STR-E-4LRS-A,0.07 €/kWh
2026-10-09T21:18:23Z,STR-E-4UGU-A,0.07 €/kWh
2026-10-09T21:18:23Z,STR-E-5DWB-A,0.07 €/kWh
2026-10-09T21:18:23Z,STR-E-5TI5-A,0.07 €/kWh
2026-10-09T21:18:23Z,STR-E-69PN-A,0.07 €/kWh
2026-10-09T21:18:23Z,STR-E-6CNG-A,0.07 €/kWh
2026-10-09T21:18:23Z,STR-E-6SQH-A,0.07 €/kWh
2026-10-09T21:18:23Z,STR-E-86C0-A,0.07 €/kWh
2026-10-09T21:18:23Z,STR-E-88SA-A,0.07 €/kWh
2026-10-09T21:18:23Z,STR-E-8M2O-A,0.07 €/kWh
2026-10-09T21:18:23Z,STR-E-8XL5-A,0.07 €/kWh
2026-10-09T21:18:23Z,STR-E-8Y23-A,0.07 €/kWh
2026-10-09T21:18:23Z,STR-E-9I2R-A,0.07 €/kWh
2026-10-09T21:18:23Z,STR-E-9TUZ-A,0.07 €/kWh
2026-10-09T21:18:23Z,STR-E-9WY2-A,0.07 €/kWh
2026-10-09T21:18:23Z,STR-E-A442-A,0.07 €/kWh
2026-10-09T21:18:23Z,STR-E-AABG-A,0.07 €/kWh
2026-10-09T21:18:23Z,STR-E-ACMT-A,0.07 €/kWh
2026-10-09T21:18:23Z,STR-E-BXA5-A,0.07 €/kWh
2026-10-09T21:18:23Z,STR-E-C91L-A,0.07 €/kWh
2026-10-09T21:18:23Z,STR-E-E7HH-A,0.07 €/kWh
2026-10-09T21:18:23Z,STR-E-EU1U-A,0.07 €/kWh
2026-10-09T21:18:23Z,STR-E-F4B3-A,0.07 €/kWh
2026-10-09T21:18:23Z,STR-E-F5LZ-A,0.07 €/kWh
2026-10-09T21:18:23Z,STR-E-FGMF-A,0.07 €/kWh
2026-10-09T21:18:23Z,STR-E-FK06-A,0.07 €/kWh
2026-10-09T21:18:23Z,STR-E-G4VM-A,0.07 €/kWh
2026-10-09T21:18:23Z,STR-E-G518-A,0.07 €/kWh
2026-10-09T21:18:23Z,STR-E-GB9A-A,0.07 €/kWh
2026-10-09T21:18:23Z,STR-E-GGV8-A,0.07 €/kWh
2026-10-09T21:18:23Z,STR-E-GHJA-A,0.07 €/kWh
2026-10-09T21:18:23Z,STR-E-GR5K-A,0.07 €/kWh
2026-10-09T21:18:23Z,STR-E-H6Q5-A,0.07 €/kWh
2026-10-09T21:18:23Z,STR-E-I4UZ-A,0.07 €/kWh
2026-10-09T21:18:23Z,STR-E-I5FH-A,0.07 €/kWh
2026-10-09T21:18:23Z,STR-E-I8C6-A,0.07 €/kWh
2026-10-09T21:18:23Z,STR-E-IA3X-A,0.07 €/kWh
2026-10-09T21:18:23Z,STR-E-JVO0-A,0.07 €/kWh
2026-10-09T21:18:23Z,STR-E-KBZL-A,0.07 €/kWh
2026-10-09T21:18:23Z,STR-E-L84D-A,0.07 €/kWh
2026-10-09T21:18:23Z,STR-E-LISV-A,0.07 €/kWh
2026-10-09T21:18:23Z,STR-E-LKFQ-A,0.07 €/kWh
2026-10-09T21:18:23Z,STR-E-M1IB-A,0.07 €/kWh
2026-10-09T21:18:23Z,STR-E-M8WL-A,0.07 €/kWh
2026-10-09T21:18:23Z,STR-E-M9W7-A,0.07 €/kWh
2026-10-09T21:18:23Z,STR-E-MSEN-A,0.07 €/kWh
2026-10-09T21:18:23Z,STR-E-MSUL-A,0.07 €/kWh
2026-10-09T21:18:23Z,STR-E-N6P5-A,0.07 €/kWh
2026-10-09T21:18:23Z,STR-E-NNGC-A,0.07 €/kWh
2026-10-09T21:18:23Z,STR-E-O0VK-A,0.07 €/kWh
2026-10-09T21:18:23Z,STR-E-OG1X-A,0.07 €/kWh
2026-10-09T21:18:23Z,STR-E-OQKZ-A,0.07 €/kWh
2026-10-09T21:18:23Z,STR-E-PC04-A,0.07 €/kWh
2026-10-09T21:18:23Z,STR-E-PDR2-A,0.07 €/kWh
2026-10-09T21:18:23Z,STR-E-PRUQ-A,0.07 €/kWh
2026-10-09T21:18:23Z,STR-E-PSU9-A,0.07 €/kWh
2026-10-09T21:18:23Z,STR-E-PZ9U-A,0.07 €/kWh
2026-10-09T21:18:23Z,STR-E-PZES-A,0.07 €/kWh
2026-10-09T21:18:23Z,STR-E-QEDL-A,0.07 €/kWh
2026-10-09T21:18:23Z,STR-E-QIQM-A,0.07 €/kWh
2026-10-09T21:18:23Z,STR-E-R0J8-A,0.07 €/kWh
2026-10-09T21:18:23Z,STR-E-R9GA-A,0.07 €/kWh
2026-10-09T21:18:23Z,STR-E-RJH9-A,0.07 €/kWh
2026-10-09T21:18:23Z,STR-E-RKWJ-A,0.07 €/kWh
2026-10-09T21:18:23Z,STR-E-S42D-A,0.07 €/kWh
2026-10-09T21:18:23Z,STR-E-SJKA-A,0.07 €/kWh
2026-10-09T21:18:23Z,STR-E-SY9Y-A,0.07 €/kWh
2026-10-09T21:18:23Z,STR-E-TO2O-A,0.07 €/kWh
2026-10-09T21:18:23Z,STR-E-U5TP-A,0.07 €/kWh
2026-10-09T21:18:23Z,STR-E-UY5H-A,0.07 €/kWh
2026-10-09T21:18:23Z,STR-E-V17G-A,0.07 €/kWh
2026-10-09T21:18:23Z,STR-E-V31J-A,0.07 €/kWh
2026-10-09T21:18:23Z,STR-E-V50T-A,0.07 €/kWh
2026-10-09T21:18:23Z,STR-E-V9SD-A,0.07 €/kWh
2026-10-09T21:18:23Z,STR-E-V9ZR-A,0.07 €/kWh
2026-10-09T21:18:23Z,STR-E-VBMP-A,0.07 €/kWh
2026-10-09T21:18:23Z,STR-E-VPDB-A,0.07 €/kWh
2026-10-09T21:18:23Z,STR-E-VT0G-A,0.07 €/kWh
2026-10-09T21:18:23Z,STR-E-VXGH-A,0.07 €/kWh
2026-10-09T21:18:23Z,STR-E-W1X4-A,0.07 €/kWh
2026-10-09T21:18:23Z,STR-E-WXV8-A,0.07 €/kWh
2026-10-09T21:18:23Z,STR-E-WZW9-A,0.07 €/kWh
2026-10-09T21:18:23Z,STR-E-X525-A,0.07 €/kWh
2026-10-09T21:18:23Z,STR-E-XFON-A,0.07 €/kWh
2026-10-09T21:18:23Z,STR-E-YC50-A,0.07 €/kWh
2026-10-09T21:18:23Z,STR-E-ZA6O-A,0.07 €/kWh
2026-10-09T21:32:24Z,IKR-E-1220-A,0.3 € + 0.36 €/kWh
2026-10-09T21:32:24Z,IKR-E-1871-A,0.3 € + 0.36 €/kWh
2026-10-09T21:32:24Z,IKR-E-2G8J-A,0.3 € + 0.36 €/kWh
2026-10-09T21:32:24Z,IKR-E-3TSR-A,0.3 € + 0.36 €/kWh
2026-10-09T21:32:24Z,IKR-E-5715-A,0.3 € + 0.36 €/kWh
2026-10-09T21:32:24Z,IKR-E-5730-A,0.3 € + 0.42 €/kWh
2026-10-09T21:32:24Z,IKR-E-5CGU-A,0.3 € + 0.36 €/kWh
2026-10-09T21:32:24Z,IKR-E-7718-A,0.3 € + 0.42 €/kWh
2026-10-09T21:32:24Z,IKR-E-DVCM-A,0.3 € + 0.36 €/kWh
2026-10-09T21:32:24Z,IKR-E-E475-A,0.3 € + 0.38 €/kWh
2026-10-09T21:32:24Z,IKR-E-E544-A,0.3 € + 0.38 €/kWh
2026-10-09T21:32:24Z,IKR-E-GAY9-A,0.3 € + 0.36 €/kWh
2026-10-09T21:32:24Z,IKR-E-IZW2-A,0.3 € + 0.36 €/kWh
2026-10-09T21:32:24Z,IKR-E-JJAJ-A,0.3 € + 0.36 €/kWh
2026-10-09T21:32:24Z,IKR-E-KMBH-A,0.3 € + 0.36 €/kWh
2026-10-09T21:32:24Z,IKR-E-LJZI-A,0.3 € + 0.36 €/kWh
2026-10-09T21:32:24Z,IKR-E-XIH2-A,0.3 € + 0.36 €/kWh
2026-10-09T21:32:24Z,IKR-E-Y2Z8-A,0.3 € + 0.31 €/kWh
2026-10-09T21:32:24Z,IKR-P-IV7E-B,0.3 € + 0.36 €/kWh
2026-10-09T21:48:22Z,IKR-E-1220-A,0.3 € + 0.34 €/kWh
2026-10-09T21:48:22Z,IKR-E-1871-A,0.3 € + 0.34 €/kWh
2026-10-09T21:48:22Z,IKR-E-2G8J-A,0.3 € + 0.34 €/kWh
2026-10-09T21:48:22Z,IKR-E-3TSR-A,0.3 € + 0.34 €/kWh
2026-10-09T21:48:22Z,IKR-E-5715-A,0.3 € + 0.34 €/kWh
2026-10-09T21:48:22Z,IKR-E-5730-A,0.3 € + 0.41 €/kWh
2026-10-09T21:48:22Z,IKR-E-5CGU-A,0.3 € + 0.34 €/kWh
2026-10-09T21:48:22Z,IKR-E-7718-A,0.3 € + 0.41 €/kWh
2026-10-09T21:48:22Z,IKR-E-DVCM-A,0.3 € + 0.34 €/kWh
2026-10-09T21:48:22Z,IKR-E-E228-A,0.3 € + 0.35 €/kWh
2026-10-09T21:48:22Z,IKR-E-EKZA-A,0.3 € + 0.35 €/kWh
2026-10-09T21:48:22Z,IKR-E-GAY9-A,0.3 € + 0.34 €/kWh
2026-10-09T21:48:22Z,IKR-E-IZW2-A,0.3 € + 0.34 €/kWh
2026-10-09T21:48:22Z,IKR-E-J1JV-A,0.3 € + 0.35 €/kWh
2026-10-09T21:48:22Z,IKR-E-JJAJ-A,0.3 € + 0.34 €/kWh
2026-10-09T21:48:22Z,IKR-E-KMBH-A,0.3 € + 0.34 €/kWh
2026-10-09T21:48:22Z,IKR-E-LJZI-A,0.3 € + 0.34 €/kWh
2026-10-09T21:48:22Z,IKR-E-MAU9-A,0.29 € + 0.25 €/kWh
2026-10-09T21:48:22Z,IKR-E-OWF5-A,0.3 € + 0.38 €/kWh
2026-10-09T21:48:22Z,IKR-E-W6HQ-A,0.29 € + 0.25 €/kWh
2026-10-09T21:48:22Z,IKR-E-XIH2-A,0.3 € + 0.34 €/kWh
2026-10-09T21:48:22Z,IKR-P-IV7E-B,0.3 € + 0.34 €/kWh
2026-10-09T21:48:22Z,IKR-P-SCM5-A,0.3 € + 0.38 €/kWh
2026-10-09T21:48:22Z,IKR-P-V9X4-A,0.3 € + 0.38 €/kWh
2026-10-09T21:48:22Z,IKR-P-V9X4-B,0.3 € + 0.38 €/kWh
2026-10-09T22:02:23Z,IKR-E-1220-A,0.3 € + 0.39 €/kWh
2026-10-09T22:02:23Z,IKR-E-1871-A,0.3 € + 0.39 €/kWh
2026-10-09T22:02:23Z,IKR-E-2G8J-A,0.3 € + 0.39 €/kWh
2026-10-09T22:02:23Z,IKR-E-3TSR-A,0.3 € + 0.39 €/kWh
2026-10-09T22:02:23Z,IKR-E-5715-A,0.3 € + 0.39 €/kWh
2026-10-09T22:02:23Z,IKR-E-5730-A,0.3 € + 0.45 €/kWh
2026-10-09T22:02:23Z,IKR-E-5CGU-A,0.3 € + 0.39 €/kWh
2026-10-09T22:02:23Z,IKR-E-7718-A,0.3 € + 0.45 €/kWh
2026-10-09T22:02:23Z,IKR-E-DVCM-A,0.3 € + 0.39 €/kWh
2026-10-09T22:02:23Z,IKR-E-E228-A,0.3 € + 0.38 €/kWh
2026-10-09T22:02:23Z,IKR-E-E475-A,0.3 € + 0.41 €/kWh
2026-10-09T22:02:23Z,IKR-E-E544-A,0.3 € + 0.41 €/kWh
2026-10-09T22:02:23Z,IKR-E-EKZA-A,0.3 € + 0.38 €/kWh
2026-10-09T22:02:23Z,IKR-E-GAY9-A,0.3 € + 0.39 €/kWh
2026-10-09T22:02:23Z,IKR-E-IZW2-A,0.3 € + 0.39 €/kWh
2026-10-09T22:02:23Z,IKR-E-J1JV-A,0.3 € + 0.38 €/kWh
2026-10-09T22:02:23Z,IKR-E-JJAJ-A,0.3 € + 0.39 €/kWh
2026-10-09T22:02:23Z,IKR-E-KMBH-A,0.3 € + 0.39 €/kWh
2026-10-09T22:02:23Z,IKR-E-LJZI-A,0.3 € + 0.39 €/kWh
2026-10-09T22:02:23Z,IKR-E-MAU9-A,0.29 € + 0.31 €/kWh
2026-10-09T22:02:23Z,IKR-E-OWF5-A,0.3 € + 0.42 €/kWh
2026-10-09T22:02:23Z,IKR-E-W6HQ-A,0.29 € + 0.31 €/kWh
2026-10-09T22:02:23Z,IKR-E-XIH2-A,0.3 € + 0.39 €/kWh
2026-10-09T22:02:23Z,IKR-E-Y2Z8-A,0.3 € + 0.35 €/kWh
2026-10-09T22:02:23Z,IKR-P-IV7E-B,0.3 € + 0.39 €/kWh
2026-10-09T22:02:23Z,IKR-P-SCM5-A,0.3 € + 0.42 €/kWh
2026-10-09T22:02:23Z,IKR-P-V9X4-A,0.3 € + 0.42 €/kWh
2026-10-09T22:02:23Z,IKR-P-V9X4-B,0.3 € + 0.42 €/kWh
2026-10-09T22:02:23Z,STR-E-027B-A,0.16 €/kWh + 0.23 €
2026-10-09T22:02:23Z,STR-E-027B-B,0.16 €/kWh + 0.23 €
2026-10-09T22:02:23Z,STR-E-02VO-A,0.18 €/kWh
2026-10-09T22:02:23Z,STR-E-02VO-B,0.18 €/kWh
2026-10-09T22:02:23Z,STR-E-04YS-A,0 € + 0.15 €/kWh
2026-10-09T22:02:23Z,STR-E-051F-A,0.08 € + 0.11 €/kWh
2026-10-09T22:02:23Z,STR-E-10G9-A,0.08 € + 0.11 €/kWh
2026-10-09T22:02:23Z,STR-E-10G9-B,0.08 € + 0.11 €/kWh
2026-10-09T22:02:23Z,STR-E-1ME5-A,0.08 € + 0.11 €/kWh
2026-10-09T22:02:23Z,STR-E-1ME5-B,0.08 € + 0.11 €/kWh
2026-10-09T22:02:23Z,STR-E-1MHB-A,0.26 €/kWh
2026-10-09T22:02:23Z,STR-E-1X30-A,0 € + 0.15 €/kWh
2026-10-09T22:02:23Z,STR-E-21O1-A,0.16 €/kWh
2026-10-09T22:02:23Z,STR-E-21O1-B,0.16 €/kWh
2026-10-09T22:02:23Z,STR-E-2446-A,0 € + 0.15 €/kWh
2026-10-09T22:02:23Z,STR-E-2K1Q-A,0 € + 0.15 €/kWh
2026-10-09T22:02:23Z,STR-E-2XDJ-A,0 € + 0.15 €/kWh
2026-10-09T22:02:23Z,STR-E-3468-A,0.16 €/kWh
2026-10-09T22:02:23Z,STR-E-3468-B,0.16 €/kWh
2026-10-09T22:02:23Z,STR-E-3ENA-A,0.16 €/kWh
2026-10-09T22:02:23Z,STR-E-3ENA-B,0.16 €/kWh
2026-10-09T22:02:23Z,STR-E-3ENA-C,0.16 €/kWh
2026-10-09T22:02:23Z,STR-E-3FMF-A,0.16 €/kWh + 0.23 €
2026-10-09T22:02:23Z,STR-E-3FMF-B,0.16 €/kWh + 0.23 €
2026-10-09T22:02:23Z,STR-E-3SXI-A,0.16 €/kWh
2026-10-09T22:02:23Z,STR-E-3SXI-B,0.16 €/kWh
2026-10-09T22:02:23Z,STR-E-3WE5-A,0 € + 0.15 €/kWh
2026-10-09T22:02:23Z,STR-E-3YH3-A,0.08 € + 0.11 €/kWh
2026-10-09T22:02:23Z,STR-E-3YH3-B,0.08 € + 0.11 €/kWh
2026-10-09T22:02:23Z,STR-E-4156-A,0.22 €/kWh
2026-10-09T22:02:23Z,STR-E-4156-B,0.22 €/kWh
2026-10-09T22:02:23Z,STR-E-491A-A,0.16 €/kWh
2026-10-09T22:02:23Z,STR-E-491A-B,0.16 €/kWh
2026-10-09T22:02:23Z,STR-E-491A-C,0.16 €/kWh
2026-10-09T22:02:23Z,STR-E-4DE6-A,0.16 €/kWh
2026-10-09T22:02:23Z,STR-E-4DE6-B,0.16 €/kWh
2026-10-09T22:02:23Z,STR-E-4KWM-A,0.26 €/kWh
2026-10-09T22:02:23Z,STR-E-4KWM-B,0.26 €/kWh
2026-10-09T22:02:23Z,STR-E-4YKC-A,0 € + 0.15 €/kWh
2026-10-09T22:02:23Z,STR-E-527U-A,0 € + 0.15 €/kWh
2026-10-09T22:02:23Z,STR-E-54PK-A,0.08 € + 0.11 €/kWh
2026-10-09T22:02:23Z,STR-E-54PK-B,0.08 € + 0.11 €/kWh
2026-10-09T22:02:23Z,STR-E-55I4-A,0 € + 0.15 €/kWh
2026-10-09T22:02:23Z,STR-E-566J-A,0 € + 0.15 €/kWh
2026-10-09T22:02:23Z,STR-E-59TF-A,0.08 € + 0.11 €/kWh
2026-10-09T22:02:23Z,STR-E-6E7W-A,0 € + 0.15 €/kWh
2026-10-09T22:02:23Z,STR-E-6UZQ-A,0.16 €/kWh
2026-10-09T22:02:23Z,STR-E-6UZQ-B,0.16 €/kWh
2026-10-09T22:02:23Z,STR-E-6ZTQ-A,0 € + 0.15 €/kWh
2026-10-09T22:02:23Z,STR-E-7438-A,0 € + 0.15 €/kWh
2026-10-09T22:02:23Z,STR-E-7A48-A,0.08 € + 0.11 €/kWh
2026-10-09T22:02:23Z,STR-E-7YBN-A,0 € + 0.15 €/kWh
2026-10-09T22:02:23Z,STR-E-7Z8G-A,0.26 €/kWh
2026-10-09T22:02:23Z,STR-E-7Z8G-B,0.26 €/kWh
2026-10-09T22:02:23Z,STR-E-8A02-A,0 € + 0.15 €/kWh
2026-10-09T22:02:23Z,STR-E-8Q9F-A,0 € + 0.15 €/kWh
2026-10-09T22:02:23Z,STR-E-92KW-A,0.16 €/kWh + 0.23 €
2026-10-09T22:02:23Z,STR-E-9AH3-A,0 € + 0.15 €/kWh
2026-10-09T22:02:23Z,STR-E-A169-A,0 € + 0.15 €/kWh
2026-10-09T22:02:23Z,STR-E-A27N-A,0.18 €/kWh
2026-10-09T22:02:23Z,STR-E-A27N-B,0.18 €/kWh
2026-10-09T22:02:23Z,STR-E-A27N-C,0.18 €/kWh
2026-10-09T22:02:23Z,STR-E-ADXE-A,0 € + 0.15 €/kWh
2026-10-09T22:02:23Z,STR-E-AF2O-A,0.08 € + 0.11 €/kWh
2026-10-09T22:02:23Z,STR-E-AMQK-A,0 € + 0.15 €/kWh
2026-10-09T22:02:23Z,STR-E-ANJ0-A,0.16 €/kWh + 0.23 €
2026-10-09T22:02:23Z,STR-E-ANJ0-B,0.16 €/kWh + 0.23 €
2026-10-09T22:02:23Z,STR-E-AP96-A,0.16 €/kWh + 0.23 €
2026-10-09T22:02:23Z,STR-E-AP96-B,0.16 €/kWh + 0.23 €
2026-10-09T22:02:23Z,STR-E-AUQ2-A,0 € + 0.15 €/kWh
2026-10-09T22:02:23Z,STR-E-AWF1-A,0.08 € + 0.11 €/kWh
2026-10-09T22:02:23Z,STR-E-AWF1-B,0.08 € + 0.11 €/kWh
2026-10-09T22:02:23Z,STR-E-AWJ9-A,0.18 €/kWh
2026-10-09T22:02:23Z,STR-E-AWJ9-B,0.18 €/kWh
2026-10-09T22:02:23Z,STR-E-B36V-A,0.19 € + 0.24 €/kWh
2026-10-09T22:02:23Z,STR-E-B36V-B,0.19 € + 0.24 €/kWh
2026-10-09T22:02:23Z,STR-E-BIKW-A,0.16 €/kWh + 0.23 €
2026-10-09T22:02:23Z,STR-E-BIKW-B,0.16 €/kWh + 0.23 €
2026-10-09T22:02:23Z,STR-E-C99Z-A,0 € + 0.15 €/kWh
2026-10-09T22:02:23Z,STR-E-D3MB-A,0.16 €/kWh + 0.23 €
2026-10-09T22:02:23Z,STR-E-D3MB-B,0.16 €/kWh + 0.23 €
2026-10-09T22:02:23Z,STR-E-DBCC-A,0.08 € + 0.11 €/kWh
2026-10-09T22:02:23Z,STR-E-DBCC-B,0.08 € + 0.11 €/kWh
2026-10-09T22:02:23Z,STR-E-DHEJ-A,0 € + 0.15 €/kWh
2026-10-09T22:02:23Z,STR-E-E0DZ-A,0.16 €/kWh
2026-10-09T22:02:23Z,STR-E-E0DZ-B,0.16 €/kWh
2026-10-09T22:02:23Z,STR-E-ECI7-A,0 € + 0.15 €/kWh
2026-10-09T22:02:23Z,STR-E-EFXK-A,0 € + 0.15 €/kWh
2026-10-09T22:02:23Z,STR-E-ELFQ-A,0.16 €/kWh + 0.23 €
2026-10-09T22:02:23Z,STR-E-ELFQ-B,0.16 €/kWh + 0.23 €
2026-10-09T22:02:23Z,STR-E-EPQY-A,0 € + 0.15 €/kWh
2026-10-09T22:02:23Z,STR-E-ER2N-A,0 € + 0.15 €/kWh
2026-10-09T22:02:23Z,STR-E-ES3O-A,0 € + 0.15 €/kWh
2026-10-09T22:02:23Z,STR-E-F2G0-A,0.08 € + 0.11 €/kWh
2026-10-09T22:02:23Z,STR-E-F2G0-B,0.08 € + 0.11 €/kWh
2026-10-09T22:02:23Z,STR-E-F79A-A,0.16 €/kWh + 0.23 €
2026-10-09T22:02:23Z,STR-E-F79A-B,0.16 €/kWh + 0.23 €
2026-10-09T22:02:23Z,STR-E-FKUY-A,0 € + 0.15 €/kWh
2026-10-09T22:02:23Z,STR-E-FUE8-A,0.08 € + 0.11 €/kWh
2026-10-09T22:02:23Z,STR-E-FUE8-B,0.08 € + 0.11 €/kWh
2026-10-09T22:02:23Z,STR-E-GE77-A,0.26 €/kWh
2026-10-09T22:02:23Z,STR-E-GE77-B,0.26 €/kWh
2026-10-09T22:02:23Z,STR-E-GFB3-A,0 € + 0.15 €/kWh
2026-10-09T22:02:23Z,STR-E-GK0C-A,0 € + 0.15 €/kWh
2026-10-09T22:02:23Z,STR-E-HHXV-A,0 € + 0.15 €/kWh
2026-10-09T22:02:23Z,STR-E-I1KE-A,0 € + 0.15 €/kWh
2026-10-09T22:02:23Z,STR-E-IAO5-A,0 € + 0.15 €/kWh
2026-10-09T22:02:23Z,STR-E-IGH5-A,0.16 €/kWh + 0.23 €
2026-10-09T22:02:23Z,STR-E-IGH5-B,0.16 €/kWh + 0.23 €
2026-10-09T22:02:23Z,STR-E-IIKL-A,0.08 € + 0.11 €/kWh
2026-10-09T22:02:23Z,STR-E-IIKL-B,0.08 € + 0.11 €/kWh
2026-10-09T22:02:23Z,STR-E-IPEC-A,0 € + 0.15 €/kWh
2026-10-09T22:02:23Z,STR-E-IV6T-A,0 € + 0.15 €/kWh
2026-10-09T22:02:23Z,STR-E-J54N-A,0 € + 0.15 €/kWh
2026-10-09T22:02:23Z,STR-E-J6DA-A,0 € + 0.15 €/kWh
2026-10-09T22:02:23Z,STR-E-J8VF-A,0 € + 0.15 €/kWh
2026-10-09T22:02:23Z,STR-E-JG90-A,0.08 €/kWh + 0.3 €
2026-10-09T22:02:23Z,STR-E-JG90-B,0.08 €/kWh + 0.3 €
2026-10-09T22:02:23Z,STR-E-JMOR-A,0 € + 0.15 €/kWh
2026-10-09T22:02:23Z,STR-E-K217-A,0 € + 0.15 €/kWh
2026-10-09T22:02:23Z,STR-E-K73C-A,0.16 €/kWh + 0.23 €
2026-10-09T22:02:23Z,STR-E-K73C-B,0.16 €/kWh + 0.23 €
2026-10-09T22:02:23Z,STR-E-KOHN-A,0 € + 0.15 €/kWh
2026-10-09T22:02:23Z,STR-E-KT5B-A,0 € + 0.15 €/kWh
2026-10-09T22:02:23Z,STR-E-KUKS-A,0.08 € + 0.11 €/kWh
2026-10-09T22:02:23Z,STR-E-KUKS-B,0.08 € + 0.11 €/kWh
2026-10-09T22:02:23Z,STR-E-LREY-A,0.26 €/kWh
2026-10-09T22:02:23Z,STR-E-MIP3-A,0.16 €/kWh
2026-10-09T22:02:23Z,STR-E-MIP3-B,0.16 €/kWh
2026-10-09T22:02:23Z,STR-E-NCKT-A,0.08 € + 0.11 €/kWh
2026-10-09T22:02:23Z,STR-E-NCKT-B,0.08 € + 0.11 €/kWh
2026-10-09T22:02:23Z,STR-E-NDU2-A,0 € + 0.15 €/kWh
2026-10-09T22:02:23Z,STR-E-NDZ4-A,0 € + 0.15 €/kWh
2026-10-09T22:02:23Z,STR-E-NFV5-A,0 € + 0.15 €/kWh
2026-10-09T22:02:23Z,STR-E-NSGB-A,0 € + 0.15 €/kWh
2026-10-09T22:02:23Z,STR-E-NY0Q-A,0.15 € + 0.16 €/kWh
2026-10-09T22:02:23Z,STR-E-O5JX-A,0 € + 0.15 €/kWh
2026-10-09T22:02:23Z,STR-E-O5YW-A,0.08 € + 0.11 €/kWh
2026-10-09T22:02:23Z,STR-E-O5YW-B,0.08 € + 0.11 €/kWh
2026-10-09T22:02:23Z,STR-E-ODBK-A,0.26 €/kWh
2026-10-09T22:02:23Z,STR-E-ODBK-B,0.26 €/kWh
2026-10-09T22:02:23Z,STR-E-OFWF-A,0 € + 0.15 €/kWh
2026-10-09T22:02:23Z,STR-E-OHH6-A,0 € + 0.15 €/kWh
2026-10-09T22:02:23Z,STR-E-OJ3E-A,0.16 €/kWh + 0.23 €
2026-10-09T22:02:23Z,STR-E-OJ3E-B,0.16 €/kWh + 0.23 €
2026-10-09T22:02:23Z,STR-E-P46N-A,0 € + 0.15 €/kWh
2026-10-09T22:02:23Z,STR-E-P7AF-A,0.08 € + 0.11 €/kWh
2026-10-09T22:02:23Z,STR-E-P7AF-B,0.08 € + 0.11 €/kWh
2026-10-09T22:02:23Z,STR-E-PJCQ-A,0.08 € + 0.11 €/kWh
2026-10-09T22:02:23Z,STR-E-PJCQ-B,0.08 € + 0.11 €/kWh
2026-10-09T22:02:23Z,STR-E-PM3P-A,0.16 €/kWh + 0.23 €
2026-10-09T22:02:23Z,STR-E-PM3P-B,0.16 €/kWh + 0.23 €
2026-10-09T22:02:23Z,STR-E-Q5YF-A,0.16 €/kWh + 0.23 €
2026-10-09T22:02:23Z,STR-E-Q5YF-B,0.16 €/kWh + 0.23 €
2026-10-09T22:02:23Z,STR-E-Q7LB-A,0.16 €/kWh + 0.23 €
2026-10-09T22:02:23Z,STR-E-Q7LB-B,0.16 €/kWh + 0.23 €
2026-10-09T22:02:23Z,STR-E-QAXH-A,0.15 € + 0.16 €/kWh
2026-10-09T22:02:23Z,STR-E-QE1X-A,0.08 € + 0.11 €/kWh
2026-10-09T22:02:23Z,STR-E-QE1X-B,0.08 € + 0.11 €/kWh
2026-10-09T22:02:23Z,STR-E-QLC9-A,0.16 €/kWh
2026-10-09T22:02:23Z,STR-E-QLC9-B,0.16 €/kWh
2026-10-09T22:02:23Z,STR-E-R1MT-A,0.16 €/kWh + 0.23 €
2026-10-09T22:02:23Z,STR-E-R1MT-B,0.16 €/kWh + 0.23 €
2026-10-09T22:02:23Z,STR-E-R1PI-A,0.16 €/kWh + 0.23 €
2026-10-09T22:02:23Z,STR-E-R1PI-B,0.16 €/kWh + 0.23 €
2026-10-09T22:02:23Z,STR-E-R2LK-A,0.16 €/kWh + 0.23 €
2026-10-09T22:02:23Z,STR-E-R2LK-B,0.16 €/kWh + 0.23 €
2026-10-09T22:02:23Z,STR-E-R8PQ-A,0 € + 0.15 €/kWh
2026-10-09T22:02:23Z,STR-E-S6VR-A,0 € + 0.15 €/kWh
2026-10-09T22:02:23Z,STR-E-S7YR-A,0.16 €/kWh + 0.23 €
2026-10-09T22:02:23Z,STR-E-S7YR-B,0.16 €/kWh + 0.23 €
2026-10-09T22:02:23Z,STR-E-SGC2-A,0 € + 0.15 €/kWh
2026-10-09T22:02:23Z,STR-E-SQX8-A,0.08 € + 0.11 €/kWh
2026-10-09T22:02:23Z,STR-E-SQX8-B,0.08 € + 0.11 €/kWh
2026-10-09T22:02:23Z,STR-E-SVR3-A,0.16 €/kWh + 0.23 €
2026-10-09T22:02:23Z,STR-E-SVR3-B,0.16 €/kWh + 0.23 €
2026-10-09T22:02:23Z,STR-E-TX67-A,0.18 €/kWh
2026-10-09T22:02:23Z,STR-E-TX67-B,0.18 €/kWh
2026-10-09T22:02:23Z,STR-E-U41O-A,0 € + 0.15 €/kWh
2026-10-09T22:02:23Z,STR-E-UKPS-A,0.15 € + 0.16 €/kWh
2026-10-09T22:02:23Z,STR-E-UPAQ-A,0.16 €/kWh
2026-10-09T22:02:23Z,STR-E-UPAQ-B,0.16 €/kWh
2026-10-09T22:02:23Z,STR-E-UPOS-A,0.08 € + 0.11 €/kWh
2026-10-09T22:02:23Z,STR-E-UPOS-B,0.08 € + 0.11 €/kWh
2026-10-09T22:02:23Z,STR-E-VJBJ-A,0 € + 0.15 €/kWh
2026-10-09T22:02:23Z,STR-E-VQ06-A,0 € + 0.15 €/kWh
2026-10-09T22:02:23Z,STR-E-VSDJ-A,0.18 €/kWh
2026-10-09T22:02:23Z,STR-E-VSDJ-B,0.18 €/kWh
2026-10-09T22:02:23Z,STR-E-VX2O-A,0 € + 0.15 €/kWh
2026-10-09T22:02:23Z,STR-E-WEE3-A,0.16 €/kWh + 0.23 €
2026-10-09T22:02:23Z,STR-E-WEE3-B,0.16 €/kWh + 0.23 €
2026-10-09T22:02:23Z,STR-E-WHZ1-A,0 € + 0.15 €/kWh
2026-10-09T22:02:23Z,STR-E-WLGM-A,0 € + 0.15 €/kWh
2026-10-09T22:02:23Z,STR-E-WTQ5-A,0.16 €/kWh
2026-10-09T22:02:23Z,STR-E-WYFE-A,0.16 €/kWh
2026-10-09T22:02:23Z,STR-E-WYFE-B,0.16 €/kWh
2026-10-09T22:02:23Z,STR-E-WYYC-A,0.16 €/kWh + 0.23 €
2026-10-09T22:02:23Z,STR-E-WYYC-B,0.16 €/kWh + 0.23 €
2026-10-09T22:02:23Z,STR-E-X54O-A,0 € + 0.15 €/kWh
2026-10-09T22:02:23Z,STR-E-XCMJ-A,0.08 € + 0.11 €/kWh
2026-10-09T22:02:23Z,STR-E-XCMJ-B,0.08 € + 0.11 €/kWh
2026-10-09T22:02:23Z,STR-E-XG69-A,0.08 € + 0.11 €/kWh
2026-10-09T22:02:23Z,STR-E-XG69-B,0.08 € + 0.11 €/kWh
2026-10-09T22:02:23Z,STR-E-XH51-A,0 € + 0.15 €/kWh
2026-10-09T22:02:23Z,STR-E-XKW2-A,0.16 €/kWh + 0.23 €
2026-10-09T22:02:23Z,STR-E-XKW2-B,0.16 €/kWh + 0.23 €
2026-10-09T22:02:23Z,STR-E-XRV8-A,0 € + 0.15 €/kWh
2026-10-09T22:02:23Z,STR-E-Y7JK-A,0 € + 0.15 €/kWh
2026-10-09T22:02:23Z,STR-E-Y82E-A,0 € + 0.15 €/kWh
2026-10-09T22:02:23Z,STR-E-Z2PJ-A,0.08 € + 0.11 €/kWh
2026-10-09T22:02:23Z,STR-E-Z2PJ-B,0.08 € + 0.11 €/kWh
2026-10-09T22:02:23Z,STR-E-ZEP7-A,0 € + 0.15 €/kWh
2026-10-09T22:02:23Z,STR-E-ZIAZ-A,0 € + 0.15 €/kWh
2026-10-09T22:02:23Z,STR-E-ZK9W-A,0 € + 0.15 €/kWh
2026-10-09T22:02:23Z,STR-E-ZS00-A,0.16 €/kWh + 0.23 €
2026-10-09T22:02:23Z,STR-E-ZS00-B,0.16 €/kWh + 0.23 €
2026-10-09T22:02:23Z,STR-E-ZWU5-A,0.08 € + 0.11 €/kWh
2026-10-09T22:02:23Z,STR-E-ZWU5-B,0.08 € + 0.11 €/kWh
2026-10-09T22:02:23Z,UNP-E-0DDK-A,0.16 €/kWh
2026-10-09T22:02:23Z,UNP-E-0N5B-A,0.16 €/kWh
2026-10-09T22:02:23Z,UNP-E-0NEV-A,0.16 €/kWh
2026-10-09T22:02:23Z,UNP-E-0QZ1-A,0.16 €/kWh
2026-10-09T22:02:23Z,UNP-E-0T73-A,0.16 €/kWh
2026-10-09T22:02:23Z,UNP-E-0Y11-A,0.16 €/kWh
2026-10-09T22:02:23Z,UNP-E-14UR-A,0.16 €/kWh
2026-10-09T22:02:23Z,UNP-E-15QE-A,0.16 €/kWh
2026-10-09T22:02:23Z,UNP-E-15UM-A,0.16 €/kWh
2026-10-09T22:02:23Z,UNP-E-19a4-A,0.16 €/kWh
2026-10-09T22:02:23Z,UNP-E-1LK2-A,0.16 €/kWh
2026-10-09T22:02:23Z,UNP-E-1Q3H-A,0.16 €/kWh
2026-10-09T22:02:23Z,UNP-E-1S6I-A,0.16 €/kWh
2026-10-09T22:02:23Z,UNP-E-1SE5-A,0.16 €/kWh
2026-10-09T22:02:23Z,UNP-E-1UAU-A,0.16 €/kWh
2026-10-09T22:02:23Z,UNP-E-1VKG-A,0.16 €/kWh
2026-10-09T22:02:23Z,UNP-E-1YDZ-A,0.16 €/kWh
2026-10-09T22:02:23Z,UNP-E-20FS-A,0.16 €/kWh
2026-10-09T22:02:23Z,UNP-E-296X-A,0.16 €/kWh
2026-10-09T22:02:23Z,UNP-E-2E18-A,0.16 €/kWh
2026-10-09T22:02:23Z,UNP-E-2E6L-A,0.16 €/kWh
2026-10-09T22:02:23Z,UNP-E-2GFE-A,0.16 €/kWh
2026-10-09T22:02:23Z,UNP-E-2KPK-A,0.16 €/kWh
2026-10-09T22:02:23Z,UNP-E-2LSQ-A,0.16 €/kWh
2026-10-09T22:02:23Z,UNP-E-2SH6-A,0.16 €/kWh
2026-10-09T22:02:23Z,UNP-E-2XOO-A,0.16 €/kWh
2026-10-09T22:02:23Z,UNP-E-308O-A,0.19 €/kWh
2026-10-09T22:02:23Z,UNP-E-372I-A,0.16 €/kWh
2026-10-09T22:02:23Z,UNP-E-39IA-A,0.16 €/kWh
2026-10-09T22:02:23Z,UNP-E-3DFJ-A,0.16 €/kWh
2026-10-09T22:02:23Z,UNP-E-3IQH-A,0.16 €/kWh
2026-10-09T22:02:23Z,UNP-E-3J6K-A,0.16 €/kWh
2026-10-09T22:02:23Z,UNP-E-3T0F-A,0.16 €/kWh
2026-10-09T22:02:23Z,UNP-E-3XUN-A,0.16 €/kWh
2026-10-09T22:02:23Z,UNP-E-4136-A,0.16 €/kWh
2026-10-09T22:02:23Z,UNP-E-432e-A,0.16 €/kWh
2026-10-09T22:02:23Z,UNP-E-44PX-A,0.16 €/kWh
2026-10-09T22:02:23Z,UNP-E-48HA-A,0.19 €/kWh
2026-10-09T22:02:23Z,UNP-E-4CMD-A,0.16 €/kWh
2026-10-09T22:02:23Z,UNP-E-4D5L-A,0.16 €/kWh
2026-10-09T22:02:23Z,UNP-E-4DAI-A,0.16 €/kWh
2026-10-09T22:02:23Z,UNP-E-4E88-A,0.16 €/kWh
2026-10-09T22:02:23Z,UNP-E-4GUO-A,0.16 €/kWh
2026-10-09T22:02:23Z,UNP-E-4H1W-A,0.16 €/kWh
2026-10-09T22:02:23Z,UNP-E-4JC6-A,0.16 €/kWh
2026-10-09T22:02:23Z,UNP-E-4VQO-A,0.16 €/kWh
2026-10-09T22:02:23Z,UNP-E-4YJX-A,0.16 €/kWh
2026-10-09T22:02:23Z,UNP-E-4b26-A,0.16 €/kWh
2026-10-09T22:02:23Z,UNP-E-5329-A,0.16 €/kWh
2026-10-09T22:02:23Z,UNP-E-54NE-A,0.16 €/kWh
2026-10-09T22:02:23Z,UNP-E-5528-A,0.19 €/kWh
2026-10-09T22:02:23Z,UNP-E-59W1-A,0.16 €/kWh
2026-10-09T22:02:23Z,UNP-E-5A8L-A,0.16 €/kWh
2026-10-09T22:02:23Z,UNP-E-5GVC-A,0.16 €/kWh
2026-10-09T22:02:23Z,UNP-E-5QWV-A,0.16 €/kWh
2026-10-09T22:02:23Z,UNP-E-5T3U-A,0.16 €/kWh
2026-10-09T22:02:23Z,UNP-E-5ZRR-A,0.16 €/kWh
2026-10-09T22:02:23Z,UNP-E-5bfe-A,0.16 €/kWh
2026-10-09T22:02:23Z,UNP-E-60EL-A,0.19 €/kWh
2026-10-09T22:02:23Z,UNP-E-62G9-A,0.16 €/kWh
2026-10-09T22:02:23Z,UNP-E-62LI-A,0.16 €/kWh
2026-10-09T22:02:23Z,UNP-E-65XB-A,0.16 €/kWh
2026-10-09T22:02:23Z,UNP-E-67ZA-A,0.16 €/kWh
2026-10-09T22:02:23Z,UNP-E-6CDV-A,0.16 €/kWh
2026-10-09T22:02:23Z,UNP-E-6EOL-A,0.16 €/kWh
2026-10-09T22:02:23Z,UNP-E-6EWT-A,0.19 €/kWh
2026-10-09T22:02:23Z,UNP-E-6GQV-A,0.16 €/kWh
2026-10-09T22:02:23Z,UNP-E-6OO7-A,0.16 €/kWh
2026-10-09T22:02:23Z,UNP-E-6T1R-A,0.16 €/kWh
2026-10-09T22:02:23Z,UNP-E-6TYX-A,0.16 €/kWh
2026-10-09T22:02:23Z,UNP-E-6U3R-A,0.16 €/kWh
2026-10-09T22:02:23Z,UNP-E-6XI2-A,0.16 €/kWh
2026-10-09T22:02:23Z,UNP-E-7235-A,0.19 €/kWh
2026-10-09T22:02:23Z,UNP-E-7I78-A,0.16 €/kWh
2026-10-09T22:02:23Z,UNP-E-7JK3-A,0.16 €/kWh
2026-10-09T22:02:23Z,UNP-E-7KPC-A,0.16 €/kWh
2026-10-09T22:02:23Z,UNP-E-7NMX-A,0.16 €/kWh
2026-10-09T22:02:23Z,UNP-E-7SF9-A,0.16 €/kWh
2026-10-09T22:02:23Z,UNP-E-7SO6-A,0.16 €/kWh
2026-10-09T22:02:23Z,UNP-E-7TLT-A,0.16 €/kWh
2026-10-09T22:02:23Z,UNP-E-7WRX-A,0.16 €/kWh
2026-10-09T22:02:23Z,UNP-E-7X0P-A,0.16 €/kWh
2026-10-09T22:02:23Z,UNP-E-7d1b-A,0.16 €/kWh
2026-10-09T22:02:23Z,UNP-E-818C-A,0.16 €/kWh
2026-10-09T22:02:23Z,UNP-E-83LU-A,0.16 €/kWh
2026-10-09T22:02:23Z,UNP-E-85ZY-A,0.16 €/kWh
2026-10-09T22:02:23Z,UNP-E-89W2-A,0.19 €/kWh
2026-10-09T22:02:23Z,UNP-E-8DEL-A,0.16 €/kWh
2026-10-09T22:02:23Z,UNP-E-8EHZ-A,0.16 €/kWh
2026-10-09T22:02:23Z,UNP-E-8G60-A,0.16 €/kWh
2026-10-09T22:02:23Z,UNP-E-8RNM-A,0.16 €/kWh
2026-10-09T22:02:23Z,UNP-E-8RPY-A,0.16 €/kWh
2026-10-09T22:02:23Z,UNP-E-8TAL-A,0.16 €/kWh
2026-10-09T22:02:23Z,UNP-E-8TOR-A,0.16 €/kWh
2026-10-09T22:02:23Z,UNP-E-8VYI-A,0.16 €/kWh
2026-10-09T22:02:23Z,UNP-E-8Z5K-A,0.16 €/kWh
2026-10-09T22:02:23Z,UNP-E-932M-A,0.16 €/kWh
2026-10-09T22:02:23Z,UNP-E-9877-A,0.16 €/kWh
2026-10-09T22:02:23Z,UNP-E-988Q-A,0.19 €/kWh
2026-10-09T22:02:23Z,UNP-E-9A7I-A,0.16 €/kWh
2026-10-09T22:02:23Z,UNP-E-9CJ8-A,0.16 €/kWh
2026-10-09T22:02:23Z,UNP-E-9EX2-A,0.16 €/kWh
2026-10-09T22:02:23Z,UNP-E-9HT4-A,0.16 €/kWh
2026-10-09T22:02:23Z,UNP-E-9M3S-A,0.16 €/kWh
2026-10-09T22:02:23Z,UNP-E-9MMN-A,0.16 €/kWh
2026-10-09T22:02:23Z,UNP-E-9N1J-A,0.16 €/kWh
2026-10-09T22:02:23Z,UNP-E-9O11-A,0.16 €/kWh
2026-10-09T22:02:23Z,UNP-E-9TF6-A,0.19 €/kWh
2026-10-09T22:02:23Z,UNP-E-9X6O-A,0.16 €/kWh
2026-10-09T22:02:23Z,UNP-E-9ZM2-A,0.16 €/kWh
2026-10-09T22:02:23Z,UNP-E-9c6b-A,0.16 €/kWh
2026-10-09T22:02:23Z,UNP-E-A3R0-A,0.16 €/kWh
2026-10-09T22:02:23Z,UNP-E-A78V-A,0.16 €/kWh
2026-10-09T22:02:23Z,UNP-E-A7PG-A,0.16 €/kWh
2026-10-09T22:02:23Z,UNP-E-ACLE-A,0.19 €/kWh
2026-10-09T22:02:23Z,UNP-E-ALW9-A,0.16 €/kWh
2026-10-09T22:02:23Z,UNP-E-AQG7-A,0.16 €/kWh
2026-10-09T22:02:23Z,UNP-E-AT08-A,0.16 €/kWh
2026-10-09T22:02:23Z,UNP-E-AWRW-A,0.16 €/kWh
2026-10-09T22:02:23Z,UNP-E-B1WD-A,0.16 €/kWh
2026-10-09T22:02:23Z,UNP-E-B28C-A,0.16 €/kWh
2026-10-09T22:02:23Z,UNP-E-B5DD-A,0.16 €/kWh
2026-10-09T22:02:23Z,UNP-E-B7IM-A,0.16 €/kWh
2026-10-09T22:02:23Z,UNP-E-B7ZA-A,0.16 €/kWh
2026-10-09T22:02:23Z,UNP-E-B9VQ-A,0.16 €/kWh
2026-10-09T22:02:23Z,UNP-E-BCE6-A,0.16 €/kWh
2026-10-09T22:02:23Z,UNP-E-BCJD-A,0.16 €/kWh
2026-10-09T22:02:23Z,UNP-E-BD5D-A,0.16 €/kWh
2026-10-09T22:02:23Z,UNP-E-BGG6-A,0.16 €/kWh
2026-10-09T22:02:23Z,UNP-E-BGXR-A,0.16 €/kWh
2026-10-09T22:02:23Z,UNP-E-BH7W-A,0.16 €/kWh
2026-10-09T22:02:23Z,UNP-E-BLC5-A,0.16 €/kWh
2026-10-09T22:02:23Z,UNP-E-BP2K-A,0.16 €/kWh
2026-10-09T22:02:23Z,UNP-E-BPIG-A,0.16 €/kWh
2026-10-09T22:02:23Z,UNP-E-BR0L-A,0.16 €/kWh
2026-10-09T22:02:23Z,UNP-E-BV1D-A,0.16 €/kWh
2026-10-09T22:02:23Z,UNP-E-BZGE-A,0.19 €/kWh
2026-10-09T22:02:23Z,UNP-E-C4TE-A,0.16 €/kWh
2026-10-09T22:02:23Z,UNP-E-CHNT-A,0.16 €/kWh
2026-10-09T22:02:23Z,UNP-E-CK8I-A,0.16 €/kWh
2026-10-09T22:02:23Z,UNP-E-CL1S-A,0.16 €/kWh
2026-10-09T22:02:23Z,UNP-E-CMJU-A,0.16 €/kWh
2026-10-09T22:02:23Z,UNP-E-CTZI-A,0.16 €/kWh
2026-10-09T22:02:23Z,UNP-E-CV4I-A,0.16 €/kWh
2026-10-09T22:02:23Z,UNP-E-CXSI-A,0.16 €/kWh
2026-10-09T22:02:23Z,UNP-E-CZ1C-A,0.16 €/kWh
2026-10-09T22:02:23Z,UNP-E-CZB1-A,0.16 €/kWh
2026-10-09T22:02:23Z,UNP-E-CZT7-A,0.16 €/kWh
2026-10-09T22:02:23Z,UNP-E-D4PK-A,0.16 €/kWh
2026-10-09T22:02:23Z,UNP-E-D82P-A,0.16 €/kWh
2026-10-09T22:02:23Z,UNP-E-D838-A,0.16 €/kWh
2026-10-09T22:02:23Z,UNP-E-DBN1-A,0.16 €/kWh
2026-10-09T22:02:23Z,UNP-E-DBWN-A,0.16 €/kWh
2026-10-09T22:02:23Z,UNP-E-DCXJ-A,0.16 €/kWh
2026-10-09T22:02:23Z,UNP-E-DGPG-A,0.16 €/kWh
2026-10-09T22:02:23Z,UNP-E-DKCD-A,0.19 €/kWh
2026-10-09T22:02:23Z,UNP-E-DL6C-A,0.16 €/kWh
2026-10-09T22:02:23Z,UNP-E-DN94-A,0.16 €/kWh
2026-10-09T22:02:23Z,UNP-E-E41T-A,0.16 €/kWh
2026-10-09T22:02:23Z,UNP-E-EAD1-A,0.16 €/kWh
2026-10-09T22:02:23Z,UNP-E-EEDA-A,0.16 €/kWh
2026-10-09T22:02:23Z,UNP-E-EFXD-A,0.16 €/kWh
2026-10-09T22:02:23Z,UNP-E-EK7N-A,0.16 €/kWh
2026-10-09T22:02:23Z,UNP-E-EKV3-A,0.16 €/kWh
2026-10-09T22:02:23Z,UNP-E-ELJ4-A,0.16 €/kWh
2026-10-09T22:02:23Z,UNP-E-EWY0-A,0.16 €/kWh
2026-10-09T22:02:23Z,UNP-E-F1LU-A,0.16 €/kWh
2026-10-09T22:02:23Z,UNP-E-F1Y7-A,0.16 €/kWh
2026-10-09T22:02:23Z,UNP-E-F623-A,0.19 €/kWh
2026-10-09T22:02:23Z,UNP-E-F89K-A,0.16 €/kWh
2026-10-09T22:02:23Z,UNP-E-FA99-A,0.16 €/kWh
2026-10-09T22:02:23Z,UNP-E-FBZ8-A,0.16 €/kWh
2026-10-09T22:02:23Z,UNP-E-FC4U-A,0.16 €/kWh
2026-10-09T22:02:23Z,UNP-E-FH3K-A,0.16 €/kWh
2026-10-09T22:02:23Z,UNP-E-FN0E-A,0.16 €/kWh
2026-10-09T22:02:23Z,UNP-E-FSM5-A,0.16 €/kWh
2026-10-09T22:02:23Z,UNP-E-FZP9-A,0.16 €/kWh
2026-10-09T22:02:23Z,UNP-E-G4YZ-A,0.16 €/kWh
2026-10-09T22:02:23Z,UNP-E-G6KB-A,0.16 €/kWh
2026-10-09T22:02:23Z,UNP-E-G6WW-A,0.16 €/kWh
2026-10-09T22:02:23Z,UNP-E-GCVB-A,0.16 €/kWh
2026-10-09T22:02:23Z,UNP-E-GDCD-A,0.16 €/kWh
2026-10-09T22:02:23Z,UNP-E-GFT4-A,0.16 €/kWh
2026-10-09T22:02:23Z,UNP-E-GHR6-A,0.16 €/kWh
2026-10-09T22:02:23Z,UNP-E-GIDZ-A,0.16 €/kWh
2026-10-09T22:02:23Z,UNP-E-GQKY-A,0.16 €/kWh
2026-10-09T22:02:23Z,UNP-E-GRFM-A,0.16 €/kWh
2026-10-09T22:02:23Z,UNP-E-GXTT-A,0.16 €/kWh
2026-10-09T22:02:23Z,UNP-E-GZAB-A,0.16 €/kWh
2026-10-09T22:02:23Z,UNP-E-H3VG-A,0.16 €/kWh
2026-10-09T22:02:23Z,UNP-E-H48Z-A,0.16 €/kWh
2026-10-09T22:02:23Z,UNP-E-H6V0-A,0.16 €/kWh
2026-10-09T22:02:23Z,UNP-E-HDM6-A,0.16 €/kWh
2026-10-09T22:02:23Z,UNP-E-HKC6-A,0.16 €/kWh
2026-10-09T22:02:23Z,UNP-E-HQKM-A,0.16 €/kWh
2026-10-09T22:02:23Z,UNP-E-HRG0-A,0.16 €/kWh
2026-10-09T22:02:23Z,UNP-E-HSCI-A,0.16 €/kWh
2026-10-09T22:02:23Z,UNP-E-HU7S-A,0.16 €/kWh
2026-10-09T22:02:23Z,UNP-E-HWM1-A,0.16 €/kWh
2026-10-09T22:02:23Z,UNP-E-HYT5-A,0.19 €/kWh
2026-10-09T22:02:23Z,UNP-E-I296-A,0.16 €/kWh
2026-10-09T22:02:23Z,UNP-E-IDDR-A,0.16 €/kWh
2026-10-09T22:02:23Z,UNP-E-IIHU-A,0.16 €/kWh
2026-10-09T22:02:23Z,UNP-E-IM3R-A,0.16 €/kWh
2026-10-09T22:02:23Z,UNP-E-ISQP-A,0.16 €/kWh
2026-10-09T22:02:23Z,UNP-E-ITUG-A,0.16 €/kWh
2026-10-09T22:02:23Z,UNP-E-IV87-A,0.16 €/kWh
2026-10-09T22:02:23Z,UNP-E-IX24-A,0.16 €/kWh
2026-10-09T22:02:23Z,UNP-E-JAEN-A,0.16 €/kWh
2026-10-09T22:02:23Z,UNP-E-JB9J-A,0.16 €/kWh
2026-10-09T22:02:23Z,UNP-E-JCF2-A,0.16 €/kWh
2026-10-09T22:02:23Z,UNP-E-JNEQ-A,0.16 €/kWh
2026-10-09T22:02:23Z,UNP-E-JO5G-A,0.16 €/kWh
2026-10-09T22:02:23Z,UNP-E-JPA0-A,0.16 €/kWh
2026-10-09T22:02:23Z,UNP-E-K22H-A,0.16 €/kWh
2026-10-09T22:02:23Z,UNP-E-K8J4-A,0.16 €/kWh
2026-10-09T22:02:23Z,UNP-E-KBRC-A,0.16 €/kWh
2026-10-09T22:02:23Z,UNP-E-KIF9-A,0.16 €/kWh
2026-10-09T22:02:23Z,UNP-E-KJKQ-A,0.16 €/kWh
2026-10-09T22:02:23Z,UNP-E-KJPQ-A,0.16 €/kWh
2026-10-09T22:02:23Z,UNP-E-KM9A-A,0.16 €/kWh
2026-10-09T22:02:23Z,UNP-E-KPO7-A,0.16 €/kWh
2026-10-09T22:02:23Z,UNP-E-KRB9-A,0.16 €/kWh
2026-10-09T22:02:23Z,UNP-E-KTCK-A,0.16 €/kWh
2026-10-09T22:02:23Z,UNP-E-KUF2-A,0.16 €/kWh
2026-10-09T22:02:23Z,UNP-E-KWCW-A,0.16 €/kWh
2026-10-09T22:02:23Z,UNP-E-KWJ9-A,0.16 €/kWh
2026-10-09T22:02:23Z,UNP-E-KXN9-A,0.16 €/kWh
2026-10-09T22:02:23Z,UNP-E-L09K-A,0.16 €/kWh
2026-10-09T22:02:23Z,UNP-E-L1YP-A,0.16 €/kWh
2026-10-09T22:02:23Z,UNP-E-L30Q-A,0.19 €/kWh
2026-10-09T22:02:23Z,UNP-E-L5HH-A,0.16 €/kWh
2026-10-09T22:02:23Z,UNP-E-L5JK-A,0.16 €/kWh
2026-10-09T22:02:23Z,UNP-E-L7HU-A,0.16 €/kWh
2026-10-09T22:02:23Z,UNP-E-LF47-A,0.19 €/kWh
2026-10-09T22:02:23Z,UNP-E-LL6F-A,0.16 €/kWh
2026-10-09T22:02:23Z,UNP-E-LPL5-A,0.16 €/kWh
2026-10-09T22:02:23Z,UNP-E-M4YO-A,0.16 €/kWh
2026-10-09T22:02:23Z,UNP-E-M9S6-A,0.16 €/kWh
2026-10-09T22:02:23Z,UNP-E-ME5C-A,0.16 €/kWh
2026-10-09T22:02:23Z,UNP-E-MH7C-A,0.16 €/kWh
2026-10-09T22:02:23Z,UNP-E-MJWN-A,0.16 €/kWh
2026-10-09T22:02:23Z,UNP-E-MWWZ-A,0.16 €/kWh
2026-10-09T22:02:23Z,UNP-E-N841-A,0.16 €/kWh
2026-10-09T22:02:23Z,UNP-E-NCKN-A,0.16 €/kWh
2026-10-09T22:02:23Z,UNP-E-ND3K-A,0.16 €/kWh
2026-10-09T22:02:23Z,UNP-E-NDY0-A,0.16 €/kWh
2026-10-09T22:02:23Z,UNP-E-NFNJ-A,0.16 €/kWh
2026-10-09T22:02:23Z,UNP-E-NIAZ-A,0.16 €/kWh
2026-10-09T22:02:23Z,UNP-E-NJ35-A,0.16 €/kWh
2026-10-09T22:02:23Z,UNP-E-NMDP-A,0.16 €/kWh
2026-10-09T22:02:23Z,UNP-E-NNXE-A,0.16 €/kWh
2026-10-09T22:02:23Z,UNP-E-NSJ2-A,0.16 €/kWh
2026-10-09T22:02:23Z,UNP-E-NTRX-A,0.16 €/kWh
2026-10-09T22:02:23Z,UNP-E-NYJR-A,0.16 €/kWh
2026-10-09T22:02:23Z,UNP-E-NZJ0-A,0.16 €/kWh
2026-10-09T22:02:23Z,UNP-E-O1C4-A,0.16 €/kWh
2026-10-09T22:02:23Z,UNP-E-O3FR-A,0.16 €/kWh
2026-10-09T22:02:23Z,UNP-E-OCQW-A,0.16 €/kWh
2026-10-09T22:02:23Z,UNP-E-OI0U-A,0.16 €/kWh
2026-10-09T22:02:23Z,UNP-E-ONFC-A,0.16 €/kWh
2026-10-09T22:02:23Z,UNP-E-OQXC-A,0.16 €/kWh
2026-10-09T22:02:23Z,UNP-E-OT55-A,0.16 €/kWh
2026-10-09T22:02:23Z,UNP-E-OVKW-A,0.19 €/kWh
2026-10-09T22:02:23Z,UNP-E-P4SV-A,0.16 €/kWh
2026-10-09T22:02:23Z,UNP-E-PGQC-A,0.16 €/kWh
2026-10-09T22:02:23Z,UNP-E-PHZF-A,0.16 €/kWh
2026-10-09T22:02:23Z,UNP-E-PIV8-A,0.16 €/kWh
2026-10-09T22:02:23Z,UNP-E-PKXR-A,0.16 €/kWh
2026-10-09T22:02:23Z,UNP-E-PLSA-A,0.16 €/kWh
2026-10-09T22:02:23Z,UNP-E-PLU3-A,0.16 €/kWh
2026-10-09T22:02:23Z,UNP-E-PPOQ-A,0.16 €/kWh
2026-10-09T22:02:23Z,UNP-E-PT4B-A,0.16 €/kWh
2026-10-09T22:02:23Z,UNP-E-Q2UB-A,0.16 €/kWh
2026-10-09T22:02:23Z,UNP-E-Q7WQ-A,0.16 €/kWh
2026-10-09T22:02:23Z,UNP-E-QA0Y-A,0.16 €/kWh
2026-10-09T22:02:23Z,UNP-E-QCOZ-A,0.16 €/kWh
2026-10-09T22:02:23Z,UNP-E-QFL3-A,0.16 €/kWh
2026-10-09T22:02:23Z,UNP-E-QG1O-A,0.16 €/kWh
2026-10-09T22:02:23Z,UNP-E-QIZI-A,0.16 €/kWh
2026-10-09T22:02:23Z,UNP-E-QJK7-A,0.16 €/kWh
2026-10-09T22:02:23Z,UNP-E-QNW8-A,0.16 €/kWh
2026-10-09T22:02:23Z,UNP-E-QTU9-A,0.16 €/kWh
2026-10-09T22:02:23Z,UNP-E-QULJ-A,0.16 €/kWh
2026-10-09T22:02:23Z,UNP-E-R8P0-A,0.16 €/kWh
2026-10-09T22:02:23Z,UNP-E-RATW-A,0.16 €/kWh
2026-10-09T22:02:23Z,UNP-E-RH9B-A,0.16 €/kWh
2026-10-09T22:02:23Z,UNP-E-RJV9-A,0.19 €/kWh
2026-10-09T22:02:23Z,UNP-E-RLGK-A,0.16 €/kWh
2026-10-09T22:02:23Z,UNP-E-RQXS-A,0.16 €/kWh
2026-10-09T22:02:23Z,UNP-E-S6PW-A,0.16 €/kWh
2026-10-09T22:02:23Z,UNP-E-S80Z-A,0.16 €/kWh
2026-10-09T22:02:23Z,UNP-E-S8N1-A,0.16 €/kWh
2026-10-09T22:02:23Z,UNP-E-S94X-A,0.16 €/kWh
2026-10-09T22:02:23Z,UNP-E-S9HH-A,0.16 €/kWh
2026-10-09T22:02:23Z,UNP-E-SAX1-A,0.16 €/kWh
2026-10-09T22:02:23Z,UNP-E-SD66-A,0.16 €/kWh
2026-10-09T22:02:23Z,UNP-E-SHHQ-A,0.16 €/kWh
2026-10-09T22:02:23Z,UNP-E-SLJO-A,0.16 €/kWh
2026-10-09T22:02:23Z,UNP-E-SNJM-A,0.19 €/kWh
2026-10-09T22:02:23Z,UNP-E-SR6U-A,0.16 €/kWh
2026-10-09T22:02:23Z,UNP-E-SRNK-A,0.16 €/kWh
2026-10-09T22:02:23Z,UNP-E-T283-A,0.19 €/kWh
2026-10-09T22:02:23Z,UNP-E-T2LM-A,0.16 €/kWh
2026-10-09T22:02:23Z,UNP-E-T519-A,0.16 €/kWh
2026-10-09T22:02:23Z,UNP-E-TDPU-A,0.16 €/kWh
2026-10-09T22:02:23Z,UNP-E-TMRM-A,0.16 €/kWh
2026-10-09T22:02:23Z,UNP-E-TO58-A,0.16 €/kWh
2026-10-09T22:02:23Z,UNP-E-TOWE-A,0.16 €/kWh
2026-10-09T22:02:23Z,UNP-E-TS23-A,0.16 €/kWh
2026-10-09T22:02:23Z,UNP-E-TSJN-A,0.16 €/kWh
2026-10-09T22:02:23Z,UNP-E-TUS9-A,0.16 €/kWh
2026-10-09T22:02:23Z,UNP-E-TZK1-A,0.16 €/kWh
2026-10-09T22:02:23Z,UNP-E-U3VJ-A,0.16 €/kWh
2026-10-09T22:02:23Z,UNP-E-U754-A,0.16 €/kWh
2026-10-09T22:02:23Z,UNP-E-UDIW-A,0.16 €/kWh
2026-10-09T22:02:23Z,UNP-E-UFND-A,0.16 €/kWh
2026-10-09T22:02:23Z,UNP-E-UGXB-A,0.16 €/kWh
2026-10-09T22:02:23Z,UNP-E-UHJY-A,0.16 €/kWh
2026-10-09T22:02:23Z,UNP-E-UOCY-A,0.16 €/kWh
2026-10-09T22:02:23Z,UNP-E-USKT-A,0.16 €/kWh
2026-10-09T22:02:23Z,UNP-E-UU53-A,0.16 €/kWh
2026-10-09T22:02:23Z,UNP-E-UUV6-A,0.19 €/kWh
2026-10-09T22:02:23Z,UNP-E-V8Y0-A,0.16 €/kWh
2026-10-09T22:02:23Z,UNP-E-VDC2-A,0.16 €/kWh
2026-10-09T22:02:23Z,UNP-E-VHND-A,0.16 €/kWh
2026-10-09T22:02:23Z,UNP-E-VHPV-A,0.16 €/kWh
2026-10-09T22:02:23Z,UNP-E-VI3N-A,0.16 €/kWh
2026-10-09T22:02:23Z,UNP-E-VI9V-A,0.16 €/kWh
2026-10-09T22:02:23Z,UNP-E-VJ36-A,0.16 €/kWh
2026-10-09T22:02:23Z,UNP-E-VOO1-A,0.16 €/kWh
2026-10-09T22:02:23Z,UNP-E-VORI-A,0.16 €/kWh
2026-10-09T22:02:23Z,UNP-E-VXQK-A,0.16 €/kWh
2026-10-09T22:02:23Z,UNP-E-W0MZ-A,0.16 €/kWh
2026-10-09T22:02:23Z,UNP-E-W1A4-A,0.16 €/kWh
2026-10-09T22:02:23Z,UNP-E-W3GC-A,0.16 €/kWh
2026-10-09T22:02:23Z,UNP-E-W4A0-A,0.16 €/kWh
2026-10-09T22:02:23Z,UNP-E-WB60-A,0.19 €/kWh
2026-10-09T22:02:23Z,UNP-E-WEUQ-A,0.16 €/kWh
2026-10-09T22:02:23Z,UNP-E-WIGK-A,0.16 €/kWh
2026-10-09T22:02:23Z,UNP-E-WJB1-A,0.16 €/kWh
2026-10-09T22:02:23Z,UNP-E-WQHO-A,0.16 €/kWh
2026-10-09T22:02:23Z,UNP-E-WW2A-A,0.16 €/kWh
2026-10-09T22:02:23Z,UNP-E-WYMA-A,0.16 €/kWh
2026-10-09T22:02:23Z,UNP-E-WYSU-A,0.16 €/kWh
2026-10-09T22:02:23Z,UNP-E-X1F0-A,0.16 €/kWh
2026-10-09T22:02:23Z,UNP-E-X4OR-A,0.16 €/kWh
2026-10-09T22:02:23Z,UNP-E-X53A-A,0.16 €/kWh
2026-10-09T22:02:23Z,UNP-E-X6UH-A,0.16 €/kWh
2026-10-09T22:02:23Z,UNP-E-X90E-A,0.16 €/kWh
2026-10-09T22:02:23Z,UNP-E-XAWY-A,0.16 €/kWh
2026-10-09T22:02:23Z,UNP-E-XJPC-A,0.16 €/kWh
2026-10-09T22:02:23Z,UNP-E-XKYE-A,0.16 €/kWh
2026-10-09T22:02:23Z,UNP-E-XN0Y-A,0.16 €/kWh
2026-10-09T22:02:23Z,UNP-E-XU8S-A,0.16 €/kWh
2026-10-09T22:02:23Z,UNP-E-XUT0-A,0.16 €/kWh
2026-10-09T22:02:23Z,UNP-E-XXT4-A,0.16 €/kWh
2026-10-09T22:02:23Z,UNP-E-Y1HE-A,0.16 €/kWh
2026-10-09T22:02:23Z,UNP-E-Y204-A,0.16 €/kWh
2026-10-09T22:02:23Z,UNP-E-Y3I5-A,0.16 €/kWh
2026-10-09T22:02:23Z,UNP-E-YFX2-A,0.16 €/kWh
2026-10-09T22:02:23Z,UNP-E-YHCB-A,0.16 €/kWh
2026-10-09T22:02:23Z,UNP-E-YHH8-A,0.16 €/kWh
2026-10-09T22:02:23Z,UNP-E-YSGN-A,0.16 €/kWh
2026-10-09T22:02:23Z,UNP-E-YTYV-A,0.16 €/kWh
2026-10-09T22:02:23Z,UNP-E-YW5Y-A,0.16 €/kWh
2026-10-09T22:02:23Z,UNP-E-Z3J6-A,0.16 €/kWh
2026-10-09T22:02:23Z,UNP-E-Z4Q6-A,0.16 €/kWh
2026-10-09T22:02:23Z,UNP-E-Z8G9-A,0.16 €/kWh
2026-10-09T22:02:23Z,UNP-E-Z9O6-A,0.16 €/kWh
2026-10-09T22:02:23Z,UNP-E-ZI6J-A,0.16 €/kWh
2026-10-09T22:02:23Z,UNP-E-ZJXV-A,0.16 €/kWh
2026-10-09T22:02:23Z,UNP-E-ZSHU-A,0.16 €/kWh
2026-10-09T22:02:23Z,UNP-E-ZZ92-A,0.16 €/kWh
2026-10-09T22:02:23Z,UNP-E-dee8-A,0.16 €/kWh
2026-10-09T22:02:23Z,UNP-E-e6df-A,0.16 €/kWh
2026-10-09T22:02:23Z,UNP-E-f4a0-A,0.16 €/kWh
2026-10-09T22:18:24Z,IKR-E-1220-A,0.3 € + 0.38 €/kWh
2026-10-09T22:18:24Z,IKR-E-1871-A,0.3 € + 0.38 €/kWh
2026-10-09T22:18:24Z,IKR-E-2G8J-A,0.3 € + 0.38 €/kWh
2026-10-09T22:18:24Z,IKR-E-3TSR-A,0.3 € + 0.38 €/kWh
2026-10-09T22:18:24Z,IKR-E-5715-A,0.3 € + 0.38 €/kWh
2026-10-09T22:18:24Z,IKR-E-5730-A,0.3 € + 0.44 €/kWh
2026-10-09T22:18:24Z,IKR-E-5CGU-A,0.3 € + 0.38 €/kWh
2026-10-09T22:18:24Z,IKR-E-7718-A,0.3 € + 0.44 €/kWh
2026-10-09T22:18:24Z,IKR-E-DVCM-A,0.3 € + 0.38 €/kWh
2026-10-09T22:18:24Z,IKR-E-E228-A,0.3 € + 0.36 €/kWh
2026-10-09T22:18:24Z,IKR-E-E475-A,0.3 € + 0.39 €/kWh
2026-10-09T22:18:24Z,IKR-E-E544-A,0.3 € + 0.39 €/kWh
2026-10-09T22:18:24Z,IKR-E-EKZA-A,0.3 € + 0.36 €/kWh
2026-10-09T22:18:24Z,IKR-E-GAY9-A,0.3 € + 0.38 €/kWh
2026-10-09T22:18:24Z,IKR-E-IZW2-A,0.3 € + 0.38 €/kWh
2026-10-09T22:18:24Z,IKR-E-J1JV-A,0.3 € + 0.36 €/kWh
2026-10-09T22:18:24Z,IKR-E-JJAJ-A,0.3 € + 0.38 €/kWh
2026-10-09T22:18:24Z,IKR-E-KMBH-A,0.3 € + 0.38 €/kWh
2026-10-09T22:18:24Z,IKR-E-LJZI-A,0.3 € + 0.38 €/kWh
2026-10-09T22:18:24Z,IKR-E-MAU9-A,0.29 € + 0.28 €/kWh
2026-10-09T22:18:24Z,IKR-E-OWF5-A,0.3 € + 0.4 €/kWh
2026-10-09T22:18:24Z,IKR-E-W6HQ-A,0.29 € + 0.28 €/kWh
2026-10-09T22:18:24Z,IKR-E-XIH2-A,0.3 € + 0.38 €/kWh
2026-10-09T22:18:24Z,IKR-E-Y2Z8-A,0.3 € + 0.33 €/kWh
2026-10-09T22:18:24Z,IKR-P-IV7E-B,0.3 € + 0.38 €/kWh
2026-10-09T22:18:24Z,IKR-P-SCM5-A,0.3 € + 0.4 €/kWh
2026-10-09T22:18:24Z,IKR-P-V9X4-A,0.3 € + 0.4 €/kWh
2026-10-09T22:18:24Z,IKR-P-V9X4-B,0.3 € + 0.4 €/kWh
