timestamp_utc,connector_id,tariff
2026-10-10T00:02:22Z,IKR-E-1220-A,0.3 € + 0.17 €/kWh
2026-10-10T00:02:22Z,IKR-E-1871-A,0.3 € + 0.17 €/kWh
2026-10-10T00:02:22Z,IKR-E-2G8J-A,0.3 € + 0.17 €/kWh
2026-10-10T00:02:22Z,IKR-E-3TSR-A,0.3 € + 0.17 €/kWh
2026-10-10T00:02:22Z,IKR-E-5715-A,0.3 € + 0.17 €/kWh
2026-10-10T00:02:22Z,IKR-E-5730-A,0.3 € + 0.23 €/kWh
2026-10-10T00:02:22Z,IKR-E-5CGU-A,0.3 € + 0.17 €/kWh
2026-10-10T00:02:22Z,IKR-E-7718-A,0.3 € + 0.23 €/kWh
2026-10-10T00:02:22Z,IKR-E-DVCM-A,0.3 € + 0.17 €/kWh
2026-10-10T00:02:22Z,IKR-E-E228-A,0.3 € + 0.21 €/kWh
2026-10-10T00:02:22Z,IKR-E-E475-A,0.3 € + 0.23 €/kWh
2026-10-10T00:02:22Z,IKR-E-E544-A,0.3 € + 0.23 €/kWh
2026-10-10T00:02:22Z,IKR-E-EKZA-A,0.3 € + 0.21 €/kWh
2026-10-10T00:02:22Z,IKR-E-GAY9-A,0.3 € + 0.17 €/kWh
2026-10-10T00:02:22Z,IKR-E-IZW2-A,0.3 € + 0.17 €/kWh
2026-10-10T00:02:22Z,IKR-E-J1JV-A,0.3 € + 0.21 €/kWh
2026-10-10T00:02:22Z,IKR-E-JJAJ-A,0.3 € + 0.17 €/kWh
2026-10-10T00:02:22Z,IKR-E-KMBH-A,0.3 € + 0.17 €/kWh
2026-10-10T00:02:22Z,IKR-E-LJZI-A,0.3 € + 0.17 €/kWh
2026-10-10T00:02:22Z,IKR-E-MAU9-A,0.29 € + 0.08 €/kWh
2026-10-10T00:02:22Z,IKR-E-OWF5-A,0.3 € + 0.24 €/kWh
2026-10-10T00:02:22Z,IKR-E-W6HQ-A,0.29 € + 0.08 €/kWh
2026-10-10T00:02:22Z,IKR-E-XIH2-A,0.3 € + 0.17 €/kWh
2026-10-10T00:02:22Z,IKR-E-Y2Z8-A,0.3 € + 0.17 €/kWh
2026-10-10T00:02:22Z,IKR-P-IV7E-B,0.3 € + 0.17 €/kWh
2026-10-10T00:02:22Z,IKR-P-SCM5-A,0.3 € + 0.24 €/kWh
2026-10-10T00:02:22Z,IKR-P-V9X4-A,0.3 € + 0.24 €/kWh
2026-10-10T00:02:22Z,IKR-P-V9X4-B,0.3 € + 0.24 €/kWh
2026-10-10T00:02:22Z,STR-E-04YS-A,0 € + 0.15 €/kWh
2026-10-10T00:02:22Z,STR-E-1MHB-A,0.26 €/kWh
2026-10-10T00:02:22Z,STR-E-1X30-A,0 € + 0.15 €/kWh
2026-10-10T00:02:22Z,STR-E-2446-A,0 € + 0.15 €/kWh
2026-10-10T00:02:22Z,STR-E-2K1Q-A,0 € + 0.15 €/kWh
2026-10-10T00:02:22Z,STR-E-2XDJ-A,0 € + 0.15 €/kWh
2026-10-10T00:02:22Z,STR-E-3WE5-A,0 € + 0.15 €/kWh
2026-10-10T00:02:22Z,STR-E-491A-A,0.16 €/kWh
2026-10-10T00:02:22Z,STR-E-491A-B,0.16 €/kWh
2026-10-10T00:02:22Z,STR-E-491A-C,0.16 €/kWh
2026-10-10T00:02:22Z,STR-E-4DE6-A,0.16 €/kWh
2026-10-10T00:02:22Z,STR-E-4DE6-B,0.16 €/kWh
2026-10-10T00:02:22Z,STR-E-4YKC-A,0 € + 0.15 €/kWh
2026-10-10T00:02:22Z,STR-E-527U-A,0 € + 0.15 €/kWh
2026-10-10T00:02:22Z,STR-E-55I4-A,0 € + 0.15 €/kWh
2026-10-10T00:02:22Z,STR-E-566J-A,0 € + 0.15 €/kWh
2026-10-10T00:02:22Z,STR-E-6E7W-A,0 € + 0.15 €/kWh
2026-10-10T00:02:22Z,STR-E-6ZTQ-A,0 € + 0.15 €/kWh
2026-10-10T00:02:22Z,STR-E-7438-A,0 € + 0.15 €/kWh
2026-10-10T00:02:22Z,STR-E-7YBN-A,0 € + 0.15 €/kWh
2026-10-10T00:02:22Z,STR-E-8A02-A,0 € + 0.15 €/kWh
2026-10-10T00:02:22Z,STR-E-8Q9F-A,0 € + 0.15 €/kWh
2026-10-10T00:02:22Z,STR-E-9AH3-A,0 € + 0.15 €/kWh
2026-10-10T00:02:22Z,STR-E-A169-A,0 € + 0.15 €/kWh
2026-10-10T00:02:22Z,STR-E-ADXE-A,0 € + 0.15 €/kWh
2026-10-10T00:02:22Z,STR-E-AMQK-A,0 € + 0.15 €/kWh
2026-10-10T00:02:22Z,STR-E-AUQ2-A,0 € + 0.15 €/kWh
2026-10-10T00:02:22Z,STR-E-B36V-A,0.19 € + 0.24 €/kWh
2026-10-10T00:02:22Z,STR-E-B36V-B,0.19 € + 0.24 €/kWh
2026-10-10T00:02:22Z,STR-E-C99Z-A,0 € + 0.15 €/kWh
2026-10-10T00:02:22Z,STR-E-DHEJ-A,0 € + 0.15 €/kWh
2026-10-10T00:02:22Z,STR-E-ECI7-A,0 € + 0.15 €/kWh
2026-10-10T00:02:22Z,STR-E-EFXK-A,0 € + 0.15 €/kWh
2026-10-10T00:02:22Z,STR-E-EPQY-A,0 € + 0.15 €/kWh
2026-10-10T00:02:22Z,STR-E-ER2N-A,0 € + 0.15 €/kWh
2026-10-10T00:02:22Z,STR-E-ES3O-A,0 € + 0.15 €/kWh
2026-10-10T00:02:22Z,STR-E-FKUY-A,0 € + 0.15 €/kWh
2026-10-10T00:02:22Z,STR-E-GFB3-A,0 € + 0.15 €/kWh
2026-10-10T00:02:22Z,STR-E-GK0C-A,0 € + 0.15 €/kWh
2026-10-10T00:02:22Z,STR-E-HHXV-A,0 € + 0.15 €/kWh
2026-10-10T00:02:22Z,STR-E-I1KE-A,0 € + 0.15 €/kWh
2026-10-10T00:02:22Z,STR-E-IAO5-A,0 € + 0.15 €/kWh
2026-10-10T00:02:22Z,STR-E-IPEC-A,0 € + 0.15 €/kWh
2026-10-10T00:02:22Z,STR-E-IV6T-A,0 € + 0.15 €/kWh
2026-10-10T00:02:22Z,STR-E-J54N-A,0 € + 0.15 €/kWh
2026-10-10T00:02:22Z,STR-E-J6DA-A,0 € + 0.15 €/kWh
2026-10-10T00:02:22Z,STR-E-J8VF-A,0 € + 0.15 €/kWh
2026-10-10T00:02:22Z,STR-E-JMOR-A,0 € + 0.15 €/kWh
2026-10-10T00:02:22Z,STR-E-K217-A,0 € + 0.15 €/kWh
2026-10-10T00:02:22Z,STR-E-KOHN-A,0 € + 0.15 €/kWh
2026-10-10T00:02:22Z,STR-E-KT5B-A,0 € + 0.15 €/kWh
2026-10-10T00:02:22Z,STR-E-LREY-A,0.26 €/kWh
2026-10-10T00:02:22Z,STR-E-MIP3-A,0.16 €/kWh
2026-10-10T00:02:22Z,STR-E-MIP3-B,0.16 €/kWh
2026-10-10T00:02:22Z,STR-E-NDU2-A,0 € + 0.15 €/kWh
2026-10-10T00:02:22Z,STR-E-NDZ4-A,0 € + 0.15 €/kWh
2026-10-10T00:02:22Z,STR-E-NFV5-A,0 € + 0.15 €/kWh
2026-10-10T00:02:22Z,STR-E-NSGB-A,0 € + 0.15 €/kWh
2026-10-10T00:02:22Z,STR-E-NY0Q-A,0.15 € + 0.16 €/kWh
2026-10-10T00:02:22Z,STR-E-O5JX-A,0 € + 0.15 €/kWh
2026-10-10T00:02:22Z,STR-E-OFWF-A,0 € + 0.15 €/kWh
2026-10-10T00:02:22Z,STR-E-OHH6-A,0 € + 0.15 €/kWh
2026-10-10T00:02:22Z,STR-E-P46N-A,0 € + 0.15 €/kWh
2026-10-10T00:02:22Z,STR-E-QAXH-A,0.15 € + 0.16 €/kWh
2026-10-10T00:02:22Z,STR-E-QLC9-A,0.16 €/kWh
2026-10-10T00:02:22Z,STR-E-QLC9-B,0.16 €/kWh
2026-10-10T00:02:22Z,STR-E-R8PQ-A,0 € + 0.15 €/kWh
2026-10-10T00:02:22Z,STR-E-S6VR-A,0 € + 0.15 €/kWh
2026-10-10T00:02:22Z,STR-E-SGC2-A,0 € + 0.15 €/kWh
2026-10-10T00:02:22Z,STR-E-U41O-A,0 € + 0.15 €/kWh
2026-10-10T00:02:22Z,STR-E-UKPS-A,0.15 € + 0.16 €/kWh
2026-10-10T00:02:22Z,STR-E-UPAQ-A,0.16 €/kWh
2026-10-10T00:02:22Z,STR-E-UPAQ-B,0.16 €/kWh
2026-10-10T00:02:22Z,STR-E-VJBJ-A,0 € + 0.15 €/kWh
2026-10-10T00:02:22Z,STR-E-VQ06-A,0 € + 0.15 €/kWh
2026-10-10T00:02:22Z,STR-E-VX2O-A,0 € + 0.15 €/kWh
2026-10-10T00:02:22Z,STR-E-WHZ1-A,0 € + 0.15 €/kWh
2026-10-10T00:02:22Z,STR-E-WLGM-A,0 € + 0.15 €/kWh
2026-10-10T00:02:22Z,STR-E-X54O-A,0 € + 0.15 €/kWh
2026-10-10T00:02:22Z,STR-E-XH51-A,0 € + 0.15 €/kWh
2026-10-10T00:02:22Z,STR-E-XRV8-A,0 € + 0.15 €/kWh
2026-10-10T00:02:22Z,STR-E-Y7JK-A,0 € + 0.15 €/kWh
2026-10-10T00:02:22Z,STR-E-Y82E-A,0 € + 0.15 €/kWh
2026-10-10T00:02:22Z,STR-E-ZEP7-A,0 € + 0.15 €/kWh
2026-10-10T00:02:22Z,STR-E-ZIAZ-A,0 € + 0.15 €/kWh
2026-10-10T00:02:22Z,STR-E-ZK9W-A,0 € + 0.15 €/kWh
2026-10-10T00:18:25Z,STR-E-027B-A,0.16 €/kWh + 0.23 €
2026-10-10T00:18:25Z,STR-E-027B-B,0.16 €/kWh + 0.23 €
2026-10-10T00:18:25Z,STR-E-21O1-A,0.16 €/kWh
2026-10-10T00:18:25Z,STR-E-21O1-B,0.16 €/kWh
2026-10-10T00:18:25Z,STR-E-3468-A,0.16 €/kWh
2026-10-10T00:18:25Z,STR-E-3468-B,0.16 €/kWh
2026-10-10T00:18:25Z,STR-E-3ENA-A,0.16 €/kWh
2026-10-10T00:18:25Z,STR-E-3ENA-B,0.16 €/kWh
2026-10-10T00:18:25Z,STR-E-3ENA-C,0.16 €/kWh
2026-10-10T00:18:25Z,STR-E-3FMF-A,0.16 €/kWh + 0.23 €
2026-10-10T00:18:25Z,STR-E-3FMF-B,0.16 €/kWh + 0.23 €
2026-10-10T00:18:25Z,STR-E-3SXI-A,0.16 €/kWh
2026-10-10T00:18:25Z,STR-E-3SXI-B,0.16 €/kWh
2026-10-10T00:18:25Z,STR-E-4KWM-A,0.26 €/kWh
2026-10-10T00:18:25Z,STR-E-4KWM-B,0.26 €/kWh
2026-10-10T00:18:25Z,STR-E-6UZQ-A,0.16 €/kWh
2026-10-10T00:18:25Z,STR-E-6UZQ-B,0.16 €/kWh
2026-10-10T00:18:25Z,STR-E-7Z8G-A,0.26 €/kWh
2026-10-10T00:18:25Z,STR-E-7Z8G-B,0.26 €/kWh
2026-10-10T00:18:25Z,STR-E-92KW-A,0.16 €/kWh + 0.23 €
2026-10-10T00:18:25Z,STR-E-ANJ0-A,0.16 €/kWh + 0.23 €
2026-10-10T00:18:25Z,STR-E-ANJ0-B,0.16 €/kWh + 0.23 €
2026-10-10T00:18:25Z,STR-E-AP96-A,0.16 €/kWh + 0.23 €
2026-10-10T00:18:25Z,STR-E-AP96-B,0.16 €/kWh + 0.23 €
2026-10-10T00:18:25Z,STR-E-BIKW-A,0.16 €/kWh + 0.23 €
2026-10-10T00:18:25Z,STR-E-BIKW-B,0.16 €/kWh + 0.23 €
2026-10-10T00:18:25Z,STR-E-D3MB-A,0.16 €/kWh + 0.23 €
2026-10-10T00:18:25Z,STR-E-D3MB-B,0.16 €/kWh + 0.23 €
2026-10-10T00:18:25Z,STR-E-E0DZ-A,0.16 €/kWh
2026-10-10T00:18:25Z,STR-E-E0DZ-B,0.16 €/kWh
2026-10-10T00:18:25Z,STR-E-ELFQ-A,0.16 €/kWh + 0.23 €
2026-10-10T00:18:25Z,STR-E-ELFQ-B,0.16 €/kWh + 0.23 €
2026-10-10T00:18:25Z,STR-E-F79A-A,0.16 €/kWh + 0.23 €
2026-10-10T00:18:25Z,STR-E-F79A-B,0.16 €/kWh + 0.23 €
2026-10-10T00:18:25Z,STR-E-GE77-A,0.26 €/kWh
2026-10-10T00:18:25Z,STR-E-GE77-B,0.26 €/kWh
2026-10-10T00:18:25Z,STR-E-IGH5-A,0.16 €/kWh + 0.23 €
2026-10-10T00:18:25Z,STR-E-IGH5-B,0.16 €/kWh + 0.23 €
2026-10-10T00:18:25Z,STR-E-K73C-A,0.16 €/kWh + 0.23 €
2026-10-10T00:18:25Z,STR-E-K73C-B,0.16 €/kWh + 0.23 €
2026-10-10T00:18:25Z,STR-E-ODBK-A,0.26 €/kWh
2026-10-10T00:18:25Z,STR-E-ODBK-B,0.26 €/kWh
2026-10-10T00:18:25Z,STR-E-OJ3E-A,0.16 €/kWh + 0.23 €
2026-10-10T00:18:25Z,STR-E-OJ3E-B,0.16 €/kWh + 0.23 €
2026-10-10T00:18:25Z,STR-E-PM3P-A,0.16 €/kWh + 0.23 €
2026-10-10T00:18:25Z,STR-E-PM3P-B,0.16 €/kWh + 0.23 €
2026-10-10T00:18:25Z,STR-E-Q5YF-A,0.16 €/kWh + 0.23 €
2026-10-10T00:18:25Z,STR-E-Q5YF-B,0.16 €/kWh + 0.23 €
2026-10-10T00:18:25Z,STR-E-Q7LB-A,0.16 €/kWh + 0.23 €
2026-10-10T00:18:25Z,STR-E-Q7LB-B,0.16 €/kWh + 0.23 €
2026-10-10T00:18:25Z,STR-E-R1MT-A,0.16 €/kWh + 0.23 €
2026-10-10T00:18:25Z,STR-E-R1MT-B,0.16 €/kWh + 0.23 €
2026-10-10T00:18:25Z,STR-E-R1PI-A,0.16 €/kWh + 0.23 €
2026-10-10T00:18:25Z,STR-E-R1PI-B,0.16 €/kWh + 0.23 €
2026-10-10T00:18:25Z,STR-E-R2LK-A,0.16 €/kWh + 0.23 €
2026-10-10T00:18:25Z,STR-E-R2LK-B,0.16 €/kWh + 0.23 €
2026-10-10T00:18:25Z,STR-E-S7YR-A,0.16 €/kWh + 0.23 €
2026-10-10T00:18:25Z,STR-E-S7YR-B,0.16 €/kWh + 0.23 €
2026-10-10T00:18:25Z,STR-E-SVR3-A,0.16 €/kWh + 0.23 €
2026-10-10T00:18:25Z,STR-E-SVR3-B,0.16 €/kWh + 0.23 €
2026-10-10T00:18:25Z,STR-E-WEE3-A,0.16 €/kWh + 0.23 €
2026-10-10T00:18:25Z,STR-E-WEE3-B,0.16 €/kWh + 0.23 €
2026-10-10T00:18:25Z,STR-E-WTQ5-A,0.16 €/kWh
2026-10-10T00:18:25Z,STR-E-WYFE-A,0.16 €/kWh
2026-10-10T00:18:25Z,STR-E-WYFE-B,0.16 €/kWh
2026-10-10T00:18:25Z,STR-E-WYYC-A,0.16 €/kWh + 0.23 €
2026-10-10T00:18:25Z,STR-E-WYYC-B,0.16 €/kWh + 0.23 €
2026-10-10T00:18:25Z,STR-E-XKW2-A,0.16 €/kWh + 0.23 €
2026-10-10T00:18:25Z,STR-E-XKW2-B,0.16 €/kWh + 0.23 €
2026-10-10T00:18:25Z,STR-E-ZS00-A,0.16 €/kWh + 0.23 €
2026-10-10T00:18:25Z,STR-E-ZS00-B,0.16 €/kWh + 0.23 €
2026-10-10T00:32:22Z,IKR-E-1220-A,0.3 € + 0.16 €/kWh
2026-10-10T00:32:22Z,IKR-E-1871-A,0.3 € + 0.16 €/kWh
2026-10-10T00:32:22Z,IKR-E-2G8J-A,0.3 € + 0.16 €/kWh
2026-10-10T00:32:22Z,IKR-E-3TSR-A,0.3 € + 0.16 €/kWh
2026-10-10T00:32:22Z,IKR-E-5715-A,0.3 € + 0.16 €/kWh
2026-10-10T00:32:22Z,IKR-E-5730-A,0.3 € + 0.22 €/kWh
2026-10-10T00:32:22Z,IKR-E-5CGU-A,0.3 € + 0.16 €/kWh
2026-10-10T00:32:22Z,IKR-E-7718-A,0.3 € + 0.22 €/kWh
2026-10-10T00:32:22Z,IKR-E-DVCM-A,0.3 € + 0.16 €/kWh
2026-10-10T00:32:22Z,IKR-E-E475-A,0.3 € + 0.22 €/kWh
2026-10-10T00:32:22Z,IKR-E-E544-A,0.3 € + 0.22 €/kWh
2026-10-10T00:32:22Z,IKR-E-GAY9-A,0.3 € + 0.16 €/kWh
2026-10-10T00:32:22Z,IKR-E-IZW2-A,0.3 € + 0.16 €/kWh
2026-10-10T00:32:22Z,IKR-E-JJAJ-A,0.3 € + 0.16 €/kWh
2026-10-10T00:32:22Z,IKR-E-KMBH-A,0.3 € + 0.16 €/kWh
2026-10-10T00:32:22Z,IKR-E-LJZI-A,0.3 € + 0.16 €/kWh
2026-10-10T00:32:22Z,IKR-E-OWF5-A,0.3 € + 0.23 €/kWh
2026-10-10T00:32:22Z,IKR-E-XIH2-A,0.3 € + 0.16 €/kWh
2026-10-10T00:32:22Z,IKR-E-Y2Z8-A,0.3 € + 0.16 €/kWh
2026-10-10T00:32:22Z,IKR-P-IV7E-B,0.3 € + 0.16 €/kWh
2026-10-10T00:32:22Z,IKR-P-SCM5-A,0.3 € + 0.23 €/kWh
2026-10-10T00:32:22Z,IKR-P-V9X4-A,0.3 € + 0.23 €/kWh
2026-10-10T00:32:22Z,IKR-P-V9X4-B,0.3 € + 0.23 €/kWh
2026-10-10T00:32:22Z,STR-E-027B-A,0.17 €/kWh + 0.23 €
2026-10-10T00:32:22Z,STR-E-027B-B,0.17 €/kWh + 0.23 €
2026-10-10T00:32:22Z,STR-E-21O1-A,0.17 €/kWh
2026-10-10T00:32:22Z,STR-E-21O1-B,0.17 €/kWh
2026-10-10T00:32:22Z,STR-E-3468-A,0.17 €/kWh
2026-10-10T00:32:22Z,STR-E-3468-B,0.17 €/kWh
2026-10-10T00:32:22Z,STR-E-3ENA-A,0.17 €/kWh
2026-10-10T00:32:22Z,STR-E-3ENA-B,0.17 €/kWh
2026-10-10T00:32:22Z,STR-E-3ENA-C,0.17 €/kWh
2026-10-10T00:32:22Z,STR-E-3FMF-A,0.17 €/kWh + 0.23 €
2026-10-10T00:32:22Z,STR-E-3FMF-B,0.17 €/kWh + 0.23 €
2026-10-10T00:32:22Z,STR-E-3SXI-A,0.17 €/kWh
2026-10-10T00:32:22Z,STR-E-3SXI-B,0.17 €/kWh
2026-10-10T00:32:22Z,STR-E-4KWM-A,0.27 €/kWh
2026-10-10T00:32:22Z,STR-E-4KWM-B,0.27 €/kWh
2026-10-10T00:32:22Z,STR-E-6UZQ-A,0.17 €/kWh
2026-10-10T00:32:22Z,STR-E-6UZQ-B,0.17 €/kWh
2026-10-10T00:32:22Z,STR-E-7Z8G-A,0.27 €/kWh
2026-10-10T00:32:22Z,STR-E-7Z8G-B,0.27 €/kWh
2026-10-10T00:32:22Z,STR-E-92KW-A,0.17 €/kWh + 0.23 €
2026-10-10T00:32:22Z,STR-E-ANJ0-A,0.17 €/kWh + 0.23 €
2026-10-10T00:32:22Z,STR-E-ANJ0-B,0.17 €/kWh + 0.23 €
2026-10-10T00:32:22Z,STR-E-AP96-A,0.17 €/kWh + 0.23 €
2026-10-10T00:32:22Z,STR-E-AP96-B,0.17 €/kWh + 0.23 €
2026-10-10T00:32:22Z,STR-E-BIKW-A,0.17 €/kWh + 0.23 €
2026-10-10T00:32:22Z,STR-E-BIKW-B,0.17 €/kWh + 0.23 €
2026-10-10T00:32:22Z,STR-E-D3MB-A,0.17 €/kWh + 0.23 €
2026-10-10T00:32:22Z,STR-E-D3MB-B,0.17 €/kWh + 0.23 €
2026-10-10T00:32:22Z,STR-E-E0DZ-A,0.17 €/kWh
2026-10-10T00:32:22Z,STR-E-E0DZ-B,0.17 €/kWh
2026-10-10T00:32:22Z,STR-E-ELFQ-A,0.17 €/kWh + 0.23 €
2026-10-10T00:32:22Z,STR-E-ELFQ-B,0.17 €/kWh + 0.23 €
2026-10-10T00:32:22Z,STR-E-F79A-A,0.17 €/kWh + 0.23 €
2026-10-10T00:32:22Z,STR-E-F79A-B,0.17 €/kWh + 0.23 €
2026-10-10T00:32:22Z,STR-E-GE77-A,0.27 €/kWh
2026-10-10T00:32:22Z,STR-E-GE77-B,0.27 €/kWh
2026-10-10T00:32:22Z,STR-E-IGH5-A,0.17 €/kWh + 0.23 €
2026-10-10T00:32:22Z,STR-E-IGH5-B,0.17 €/kWh + 0.23 €
2026-10-10T00:32:22Z,STR-E-K73C-A,0.17 €/kWh + 0.23 €
2026-10-10T00:32:22Z,STR-E-K73C-B,0.17 €/kWh + 0.23 €
2026-10-10T00:32:22Z,STR-E-ODBK-A,0.27 €/kWh
2026-10-10T00:32:22Z,STR-E-ODBK-B,0.27 €/kWh
2026-10-10T00:32:22Z,STR-E-OJ3E-A,0.17 €/kWh + 0.23 €
2026-10-10T00:32:22Z,STR-E-OJ3E-B,0.17 €/kWh + 0.23 €
2026-10-10T00:32:22Z,STR-E-PM3P-A,0.17 €/kWh + 0.23 €
2026-10-10T00:32:22Z,STR-E-PM3P-B,0.17 €/kWh + 0.23 €
2026-10-10T00:32:22Z,STR-E-Q5YF-A,0.17 €/kWh + 0.23 €
2026-10-10T00:32:22Z,STR-E-Q5YF-B,0.17 €/kWh + 0.23 €
2026-10-10T00:32:22Z,STR-E-Q7LB-A,0.17 €/kWh + 0.23 €
2026-10-10T00:32:22Z,STR-E-Q7LB-B,0.17 €/kWh + 0.23 €
2026-10-10T00:32:22Z,STR-E-R1MT-A,0.17 €/kWh + 0.23 €
2026-10-10T00:32:22Z,STR-E-R1MT-B,0.17 €/kWh + 0.23 €
2026-10-10T00:32:22Z,STR-E-R1PI-A,0.17 €/kWh + 0.23 €
2026-10-10T00:32:22Z,STR-E-R1PI-B,0.17 €/kWh + 0.23 €
2026-10-10T00:32:22Z,STR-E-R2LK-A,0.17 €/kWh + 0.23 €
2026-10-10T00:32:22Z,STR-E-R2LK-B,0.17 €/kWh + 0.23 €
2026-10-10T00:32:22Z,STR-E-S7YR-A,0.17 €/kWh + 0.23 €
2026-10-10T00:32:22Z,STR-E-S7YR-B,0.17 €/kWh + 0.23 €
2026-10-10T00:32:22Z,STR-E-SVR3-A,0.17 €/kWh + 0.23 €
2026-10-10T00:32:22Z,STR-E-SVR3-B,0.17 €/kWh + 0.23 €
2026-10-10T00:32:22Z,STR-E-WEE3-A,0.17 €/kWh + 0.23 €
2026-10-10T00:32:22Z,STR-E-WEE3-B,0.17 €/kWh + 0.23 €
2026-10-10T00:32:22Z,STR-E-WTQ5-A,0.17 €/kWh
2026-10-10T00:32:22Z,STR-E-WYFE-A,0.17 €/kWh
2026-10-10T00:32:22Z,STR-E-WYFE-B,0.17 €/kWh
2026-10-10T00:32:22Z,STR-E-WYYC-A,0.17 €/kWh + 0.23 €
2026-10-10T00:32:22Z,STR-E-WYYC-B,0.17 €/kWh + 0.23 €
2026-10-10T00:32:22Z,STR-E-XKW2-A,0.17 €/kWh + 0.23 €
2026-10-10T00:32:22Z,STR-E-XKW2-B,0.17 €/kWh + 0.23 €
2026-10-10T00:32:22Z,STR-E-ZS00-A,0.17 €/kWh + 0.23 €
2026-10-10T00:32:22Z,STR-E-ZS00-B,0.17 €/kWh + 0.23 €
2026-10-10T00:48:24Z,IKR-E-E228-A,0.3 € + 0.19 €/kWh
2026-10-10T00:48:24Z,IKR-E-EKZA-A,0.3 € + 0.19 €/kWh
2026-10-10T00:48:24Z,IKR-E-J1JV-A,0.3 € + 0.19 €/kWh
2026-10-10T00:48:24Z,STR-E-04YS-A,0 € + 0.16 €/kWh
2026-10-10T00:48:24Z,STR-E-1MHB-A,0.27 €/kWh
2026-10-10T00:48:24Z,STR-E-1X30-A,0 € + 0.16 €/kWh
2026-10-10T00:48:24Z,STR-E-2446-A,0 € + 0.16 €/kWh
2026-10-10T00:48:24Z,STR-E-2K1Q-A,0 € + 0.16 €/kWh
2026-10-10T00:48:24Z,STR-E-2XDJ-A,0 € + 0.16 €/kWh
2026-10-10T00:48:24Z,STR-E-3WE5-A,0 € + 0.16 €/kWh
2026-10-10T00:48:24Z,STR-E-491A-A,0.17 €/kWh
2026-10-10T00:48:24Z,STR-E-491A-B,0.17 €/kWh
2026-10-10T00:48:24Z,STR-E-491A-C,0.17 €/kWh
2026-10-10T00:48:24Z,STR-E-4DE6-A,0.17 €/kWh
2026-10-10T00:48:24Z,STR-E-4DE6-B,0.17 €/kWh
2026-10-10T00:48:24Z,STR-E-4YKC-A,0 € + 0.16 €/kWh
2026-10-10T00:48:24Z,STR-E-527U-A,0 € + 0.16 €/kWh
2026-10-10T00:48:24Z,STR-E-55I4-A,0 € + 0.16 €/kWh
2026-10-10T00:48:24Z,STR-E-566J-A,0 € + 0.16 €/kWh
2026-10-10T00:48:24Z,STR-E-6E7W-A,0 € + 0.16 €/kWh
2026-10-10T00:48:24Z,STR-E-6ZTQ-A,0 € + 0.16 €/kWh
2026-10-10T00:48:24Z,STR-E-7438-A,0 € + 0.16 €/kWh
2026-10-10T00:48:24Z,STR-E-7YBN-A,0 € + 0.16 €/kWh
2026-10-10T00:48:24Z,STR-E-8A02-A,0 € + 0.16 €/kWh
2026-10-10T00:48:24Z,STR-E-8Q9F-A,0 € + 0.16 €/kWh
2026-10-10T00:48:24Z,STR-E-9AH3-A,0 € + 0.16 €/kWh
2026-10-10T00:48:24Z,STR-E-A169-A,0 € + 0.16 €/kWh
2026-10-10T00:48:24Z,STR-E-ADXE-A,0 € + 0.16 €/kWh
2026-10-10T00:48:24Z,STR-E-AMQK-A,0 € + 0.16 €/kWh
2026-10-10T00:48:24Z,STR-E-AUQ2-A,0 € + 0.16 €/kWh
2026-10-10T00:48:24Z,STR-E-B36V-A,0.19 € + 0.25 €/kWh
2026-10-10T00:48:24Z,STR-E-B36V-B,0.19 € + 0.25 €/kWh
2026-10-10T00:48:24Z,STR-E-C99Z-A,0 € + 0.16 €/kWh
2026-10-10T00:48:24Z,STR-E-DHEJ-A,0 € + 0.16 €/kWh
2026-10-10T00:48:24Z,STR-E-ECI7-A,0 € + 0.16 €/kWh
2026-10-10T00:48:24Z,STR-E-EFXK-A,0 € + 0.16 €/kWh
2026-10-10T00:48:24Z,STR-E-EPQY-A,0 € + 0.16 €/kWh
2026-10-10T00:48:24Z,STR-E-ER2N-A,0 € + 0.16 €/kWh
2026-10-10T00:48:24Z,STR-E-ES3O-A,0 € + 0.16 €/kWh
2026-10-10T00:48:24Z,STR-E-FKUY-A,0 € + 0.16 €/kWh
2026-10-10T00:48:24Z,STR-E-GFB3-A,0 € + 0.16 €/kWh
2026-10-10T00:48:24Z,STR-E-GK0C-A,0 € + 0.16 €/kWh
2026-10-10T00:48:24Z,STR-E-HHXV-A,0 € + 0.16 €/kWh
2026-10-10T00:48:24Z,STR-E-I1KE-A,0 € + 0.16 €/kWh
2026-10-10T00:48:24Z,STR-E-IAO5-A,0 € + 0.16 €/kWh
2026-10-10T00:48:24Z,STR-E-IPEC-A,0 € + 0.16 €/kWh
2026-10-10T00:48:24Z,STR-E-IV6T-A,0 € + 0.16 €/kWh
2026-10-10T00:48:24Z,STR-E-J54N-A,0 € + 0.16 €/kWh
2026-10-10T00:48:24Z,STR-E-J6DA-A,0 € + 0.16 €/kWh
2026-10-10T00:48:24Z,STR-E-J8VF-A,0 € + 0.16 €/kWh
2026-10-10T00:48:24Z,STR-E-JMOR-A,0 € + 0.16 €/kWh
2026-10-10T00:48:24Z,STR-E-K217-A,0 € + 0.16 €/kWh
2026-10-10T00:48:24Z,STR-E-KOHN-A,0 € + 0.16 €/kWh
2026-10-10T00:48:24Z,STR-E-KT5B-A,0 € + 0.16 €/kWh
2026-10-10T00:48:24Z,STR-E-LREY-A,0.27 €/kWh
2026-10-10T00:48:24Z,STR-E-MIP3-A,0.17 €/kWh
2026-10-10T00:48:24Z,STR-E-MIP3-B,0.17 €/kWh
2026-10-10T00:48:24Z,STR-E-NDU2-A,0 € + 0.16 €/kWh
2026-10-10T00:48:24Z,STR-E-NDZ4-A,0 € + 0.16 €/kWh
2026-10-10T00:48:24Z,STR-E-NFV5-A,0 € + 0.16 €/kWh
2026-10-10T00:48:24Z,STR-E-NSGB-A,0 € + 0.16 €/kWh
2026-10-10T00:48:24Z,STR-E-NY0Q-A,0.15 € + 0.17 €/kWh
2026-10-10T00:48:24Z,STR-E-O5JX-A,0 € + 0.16 €/kWh
2026-10-10T00:48:24Z,STR-E-OFWF-A,0 € + 0.16 €/kWh
2026-10-10T00:48:24Z,STR-E-OHH6-A,0 € + 0.16 €/kWh
2026-10-10T00:48:24Z,STR-E-P46N-A,0 € + 0.16 €/kWh
2026-10-10T00:48:24Z,STR-E-QAXH-A,0.15 € + 0.17 €/kWh
2026-10-10T00:48:24Z,STR-E-QLC9-A,0.17 €/kWh
2026-10-10T00:48:24Z,STR-E-QLC9-B,0.17 €/kWh
2026-10-10T00:48:24Z,STR-E-R8PQ-A,0 € + 0.16 €/kWh
2026-10-10T00:48:24Z,STR-E-S6VR-A,0 € + 0.16 €/kWh
2026-10-10T00:48:24Z,STR-E-SGC2-A,0 € + 0.16 €/kWh
2026-10-10T00:48:24Z,STR-E-U41O-A,0 € + 0.16 €/kWh
2026-10-10T00:48:24Z,STR-E-UKPS-A,0.15 € + 0.17 €/kWh
2026-10-10T00:48:24Z,STR-E-UPAQ-A,0.17 €/kWh
2026-10-10T00:48:24Z,STR-E-UPAQ-B,0.17 €/kWh
2026-10-10T00:48:24Z,STR-E-VJBJ-A,0 € + 0.16 €/kWh
2026-10-10T00:48:24Z,STR-E-VQ06-A,0 € + 0.16 €/kWh
2026-10-10T00:48:24Z,STR-E-VX2O-A,0 € + 0.16 €/kWh
2026-10-10T00:48:24Z,STR-E-WHZ1-A,0 € + 0.16 €/kWh
2026-10-10T00:48:24Z,STR-E-WLGM-A,0 € + 0.16 €/kWh
2026-10-10T00:48:24Z,STR-E-X54O-A,0 € + 0.16 €/kWh
2026-10-10T00:48:24Z,STR-E-XH51-A,0 € + 0.16 €/kWh
2026-10-10T00:48:24Z,STR-E-XRV8-A,0 € + 0.16 €/kWh
2026-10-10T00:48:24Z,STR-E-Y7JK-A,0 € + 0.16 €/kWh
2026-10-10T00:48:24Z,STR-E-Y82E-A,0 € + 0.16 €/kWh
2026-10-10T00:48:24Z,STR-E-ZEP7-A,0 € + 0.16 €/kWh
2026-10-10T00:48:24Z,STR-E-ZIAZ-A,0 € + 0.16 €/kWh
2026-10-10T00:48:24Z,STR-E-ZK9W-A,0 € + 0.16 €/kWh
2026-10-10T01:02:23Z,IKR-E-1220-A,0.3 € + 0.17 €/kWh
2026-10-10T01:02:23Z,IKR-E-1871-A,0.3 € + 0.17 €/kWh
2026-10-10T01:02:23Z,IKR-E-2G8J-A,0.3 € + 0.17 €/kWh
2026-10-10T01:02:23Z,IKR-E-3TSR-A,0.3 € + 0.17 €/kWh
2026-10-10T01:02:23Z,IKR-E-5715-A,0.3 € + 0.17 €/kWh
2026-10-10T01:02:23Z,IKR-E-5730-A,0.3 € + 0.23 €/kWh
2026-10-10T01:02:23Z,IKR-E-5CGU-A,0.3 € + 0.17 €/kWh
2026-10-10T01:02:23Z,IKR-E-7718-A,0.3 € + 0.23 €/kWh
2026-10-10T01:02:23Z,IKR-E-DVCM-A,0.3 € + 0.17 €/kWh
2026-10-10T01:02:23Z,IKR-E-E228-A,0.3 € + 0.21 €/kWh
2026-10-10T01:02:23Z,IKR-E-EKZA-A,0.3 € + 0.21 €/kWh
2026-10-10T01:02:23Z,IKR-E-GAY9-A,0.3 € + 0.17 €/kWh
2026-10-10T01:02:23Z,IKR-E-IZW2-A,0.3 € + 0.17 €/kWh
2026-10-10T01:02:23Z,IKR-E-J1JV-A,0.3 € + 0.21 €/kWh
2026-10-10T01:02:23Z,IKR-E-JJAJ-A,0.3 € + 0.17 €/kWh
2026-10-10T01:02:23Z,IKR-E-KMBH-A,0.3 € + 0.17 €/kWh
2026-10-10T01:02:23Z,IKR-E-LJZI-A,0.3 € + 0.17 €/kWh
2026-10-10T01:02:23Z,IKR-E-OWF5-A,0.3 € + 0.24 €/kWh
2026-10-10T01:02:23Z,IKR-E-XIH2-A,0.3 € + 0.17 €/kWh
2026-10-10T01:02:23Z,IKR-P-IV7E-B,0.3 € + 0.17 €/kWh
2026-10-10T01:02:23Z,IKR-P-SCM5-A,0.3 € + 0.24 €/kWh
2026-10-10T01:02:23Z,IKR-P-V9X4-A,0.3 € + 0.24 €/kWh
2026-10-10T01:02:23Z,IKR-P-V9X4-B,0.3 € + 0.24 €/kWh
2026-10-10T01:02:23Z,STR-E-027B-A,0.16 €/kWh + 0.23 €
2026-10-10T01:02:23Z,STR-E-027B-B,0.16 €/kWh + 0.23 €
2026-10-10T01:02:23Z,STR-E-04YS-A,0 € + 0.15 €/kWh
2026-10-10T01:02:23Z,STR-E-1MHB-A,0.26 €/kWh
2026-10-10T01:02:23Z,STR-E-1X30-A,0 € + 0.15 €/kWh
2026-10-10T01:02:23Z,STR-E-21O1-A,0.16 €/kWh
2026-10-10T01:02:23Z,STR-E-21O1-B,0.16 €/kWh
2026-10-10T01:02:23Z,STR-E-2446-A,0 € + 0.15 €/kWh
2026-10-10T01:02:23Z,STR-E-2K1Q-A,0 € + 0.15 €/kWh
2026-10-10T01:02:23Z,STR-E-2XDJ-A,0 € + 0.15 €/kWh
2026-10-10T01:02:23Z,STR-E-3468-A,0.16 €/kWh
2026-10-10T01:02:23Z,STR-E-3468-B,0.16 €/kWh
2026-10-10T01:02:23Z,STR-E-3ENA-A,0.16 €/kWh
2026-10-10T01:02:23Z,STR-E-3ENA-B,0.16 €/kWh
2026-10-10T01:02:23Z,STR-E-3ENA-C,0.16 €/kWh
2026-10-10T01:02:23Z,STR-E-3FMF-A,0.16 €/kWh + 0.23 €
2026-10-10T01:02:23Z,STR-E-3FMF-B,0.16 €/kWh + 0.23 €
2026-10-10T01:02:23Z,STR-E-3SXI-A,0.16 €/kWh
2026-10-10T01:02:23Z,STR-E-3SXI-B,0.16 €/kWh
2026-10-10T01:02:23Z,STR-E-3WE5-A,0 € + 0.15 €/kWh
2026-10-10T01:02:23Z,STR-E-4156-A,0.22 €/kWh
2026-10-10T01:02:23Z,STR-E-4156-B,0.22 €/kWh
2026-10-10T01:02:23Z,STR-E-491A-A,0.16 €/kWh
2026-10-10T01:02:23Z,STR-E-491A-B,0.16 €/kWh
2026-10-10T01:02:23Z,STR-E-491A-C,0.16 €/kWh
2026-10-10T01:02:23Z,STR-E-4DE6-A,0.16 €/kWh
2026-10-10T01:02:23Z,STR-E-4DE6-B,0.16 €/kWh
2026-10-10T01:02:23Z,STR-E-4KWM-A,0.26 €/kWh
2026-10-10T01:02:23Z,STR-E-4KWM-B,0.26 €/kWh
2026-10-10T01:02:23Z,STR-E-4YKC-A,0 € + 0.15 €/kWh
2026-10-10T01:02:23Z,STR-E-527U-A,0 € + 0.15 €/kWh
2026-10-10T01:02:23Z,STR-E-55I4-A,0 € + 0.15 €/kWh
2026-10-10T01:02:23Z,STR-E-566J-A,0 € + 0.15 €/kWh
2026-10-10T01:02:23Z,STR-E-6E7W-A,0 € + 0.15 €/kWh
2026-10-10T01:02:23Z,STR-E-6UZQ-A,0.16 €/kWh
2026-10-10T01:02:23Z,STR-E-6UZQ-B,0.16 €/kWh
2026-10-10T01:02:23Z,STR-E-6ZTQ-A,0 € + 0.15 €/kWh
2026-10-10T01:02:23Z,STR-E-7438-A,0 € + 0.15 €/kWh
2026-10-10T01:02:23Z,STR-E-7YBN-A,0 € + 0.15 €/kWh
2026-10-10T01:02:23Z,STR-E-7Z8G-A,0.26 €/kWh
2026-10-10T01:02:23Z,STR-E-7Z8G-B,0.26 €/kWh
2026-10-10T01:02:23Z,STR-E-8A02-A,0 € + 0.15 €/kWh
2026-10-10T01:02:23Z,STR-E-8Q9F-A,0 € + 0.15 €/kWh
2026-10-10T01:02:23Z,STR-E-92KW-A,0.16 €/kWh + 0.23 €
2026-10-10T01:02:23Z,STR-E-9AH3-A,0 € + 0.15 €/kWh
2026-10-10T01:02:23Z,STR-E-A169-A,0 € + 0.15 €/kWh
2026-10-10T01:02:23Z,STR-E-ADXE-A,0 € + 0.15 €/kWh
2026-10-10T01:02:23Z,STR-E-AMQK-A,0 € + 0.15 €/kWh
2026-10-10T01:02:23Z,STR-E-ANJ0-A,0.16 €/kWh + 0.23 €
2026-10-10T01:02:23Z,STR-E-ANJ0-B,0.16 €/kWh + 0.23 €
2026-10-10T01:02:23Z,STR-E-AP96-A,0.16 €/kWh + 0.23 €
2026-10-10T01:02:23Z,STR-E-AP96-B,0.16 €/kWh + 0.23 €
2026-10-10T01:02:23Z,STR-E-AUQ2-A,0 € + 0.15 €/kWh
2026-10-10T01:02:23Z,STR-E-B36V-A,0.19 € + 0.24 €/kWh
2026-10-10T01:02:23Z,STR-E-B36V-B,0.19 € + 0.24 €/kWh
2026-10-10T01:02:23Z,STR-E-BIKW-A,0.16 €/kWh + 0.23 €
2026-10-10T01:02:23Z,STR-E-BIKW-B,0.16 €/kWh + 0.23 €
2026-10-10T01:02:23Z,STR-E-C99Z-A,0 € + 0.15 €/kWh
2026-10-10T01:02:23Z,STR-E-D3MB-A,0.16 €/kWh + 0.23 €
2026-10-10T01:02:23Z,STR-E-D3MB-B,0.16 €/kWh + 0.23 €
2026-10-10T01:02:23Z,STR-E-DHEJ-A,0 € + 0.15 €/kWh
2026-10-10T01:02:23Z,STR-E-E0DZ-A,0.16 €/kWh
2026-10-10T01:02:23Z,STR-E-E0DZ-B,0.16 €/kWh
2026-10-10T01:02:23Z,STR-E-ECI7-A,0 € + 0.15 €/kWh
2026-10-10T01:02:23Z,STR-E-EFXK-A,0 € + 0.15 €/kWh
2026-10-10T01:02:23Z,STR-E-ELFQ-A,0.16 €/kWh + 0.23 €
2026-10-10T01:02:23Z,STR-E-ELFQ-B,0.16 €/kWh + 0.23 €
2026-10-10T01:02:23Z,STR-E-EPQY-A,0 € + 0.15 €/kWh
2026-10-10T01:02:23Z,STR-E-ER2N-A,0 € + 0.15 €/kWh
2026-10-10T01:02:23Z,STR-E-ES3O-A,0 € + 0.15 €/kWh
2026-10-10T01:02:23Z,STR-E-F79A-A,0.16 €/kWh + 0.23 €
2026-10-10T01:02:23Z,STR-E-F79A-B,0.16 €/kWh + 0.23 €
2026-10-10T01:02:23Z,STR-E-FKUY-A,0 € + 0.15 €/kWh
2026-10-10T01:02:23Z,STR-E-GE77-A,0.26 €/kWh
2026-10-10T01:02:23Z,STR-E-GE77-B,0.26 €/kWh
2026-10-10T01:02:23Z,STR-E-GFB3-A,0 € + 0.15 €/kWh
2026-10-10T01:02:23Z,STR-E-GK0C-A,0 € + 0.15 €/kWh
2026-10-10T01:02:23Z,STR-E-HHXV-A,0 € + 0.15 €/kWh
2026-10-10T01:02:23Z,STR-E-I1KE-A,0 € + 0.15 €/kWh
2026-10-10T01:02:23Z,STR-E-IAO5-A,0 € + 0.15 €/kWh
2026-10-10T01:02:23Z,STR-E-IGH5-A,0.16 €/kWh + 0.23 €
2026-10-10T01:02:23Z,STR-E-IGH5-B,0.16 €/kWh + 0.23 €
2026-10-10T01:02:23Z,STR-E-IPEC-A,0 € + 0.15 €/kWh
2026-10-10T01:02:23Z,STR-E-IV6T-A,0 € + 0.15 €/kWh
2026-10-10T01:02:23Z,STR-E-J54N-A,0 € + 0.15 €/kWh
2026-10-10T01:02:23Z,STR-E-J6DA-A,0 € + 0.15 €/kWh
2026-10-10T01:02:23Z,STR-E-J8VF-A,0 € + 0.15 €/kWh
2026-10-10T01:02:23Z,STR-E-JMOR-A,0 € + 0.15 €/kWh
2026-10-10T01:02:23Z,STR-E-K217-A,0 € + 0.15 €/kWh
2026-10-10T01:02:23Z,STR-E-K73C-A,0.16 €/kWh + 0.23 €
2026-10-10T01:02:23Z,STR-E-K73C-B,0.16 €/kWh + 0.23 €
2026-10-10T01:02:23Z,STR-E-KOHN-A,0 € + 0.15 €/kWh
2026-10-10T01:02:23Z,STR-E-KT5B-A,0 € + 0.15 €/kWh
2026-10-10T01:02:23Z,STR-E-LREY-A,0.26 €/kWh
2026-10-10T01:02:23Z,STR-E-MIP3-A,0.16 €/kWh
2026-10-10T01:02:23Z,STR-E-MIP3-B,0.16 €/kWh
2026-10-10T01:02:23Z,STR-E-NDU2-A,0 € + 0.15 €/kWh
2026-10-10T01:02:23Z,STR-E-NDZ4-A,0 € + 0.15 €/kWh
2026-10-10T01:02:23Z,STR-E-NFV5-A,0 € + 0.15 €/kWh
2026-10-10T01:02:23Z,STR-E-NSGB-A,0 € + 0.15 €/kWh
2026-10-10T01:02:23Z,STR-E-NY0Q-A,0.15 € + 0.16 €/kWh
2026-10-10T01:02:23Z,STR-E-O5JX-A,0 € + 0.15 €/kWh
2026-10-10T01:02:23Z,STR-E-ODBK-A,0.26 €/kWh
2026-10-10T01:02:23Z,STR-E-ODBK-B,0.26 €/kWh
2026-10-10T01:02:23Z,STR-E-OFWF-A,0 € + 0.15 €/kWh
2026-10-10T01:02:23Z,STR-E-OHH6-A,0 € + 0.15 €/kWh
2026-10-10T01:02:23Z,STR-E-OJ3E-A,0.16 €/kWh + 0.23 €
2026-10-10T01:02:23Z,STR-E-OJ3E-B,0.16 €/kWh + 0.23 €
2026-10-10T01:02:23Z,STR-E-P46N-A,0 € + 0.15 €/kWh
2026-10-10T01:02:23Z,STR-E-PM3P-A,0.16 €/kWh + 0.23 €
2026-10-10T01:02:23Z,STR-E-PM3P-B,0.16 €/kWh + 0.23 €
2026-10-10T01:02:23Z,STR-E-Q5YF-A,0.16 €/kWh + 0.23 €
2026-10-10T01:02:23Z,STR-E-Q5YF-B,0.16 €/kWh + 0.23 €
2026-10-10T01:02:23Z,STR-E-Q7LB-A,0.16 €/kWh + 0.23 €
2026-10-10T01:02:23Z,STR-E-Q7LB-B,0.16 €/kWh + 0.23 €
2026-10-10T01:02:23Z,STR-E-QAXH-A,0.15 € + 0.16 €/kWh
2026-10-10T01:02:23Z,STR-E-QLC9-A,0.16 €/kWh
2026-10-10T01:02:23Z,STR-E-QLC9-B,0.16 €/kWh
2026-10-10T01:02:23Z,STR-E-R1MT-A,0.16 €/kWh + 0.23 €
2026-10-10T01:02:23Z,STR-E-R1MT-B,0.16 €/kWh + 0.23 €
2026-10-10T01:02:23Z,STR-E-R1PI-A,0.16 €/kWh + 0.23 €
2026-10-10T01:02:23Z,STR-E-R1PI-B,0.16 €/kWh + 0.23 €
2026-10-10T01:02:23Z,STR-E-R2LK-A,0.16 €/kWh + 0.23 €
2026-10-10T01:02:23Z,STR-E-R2LK-B,0.16 €/kWh + 0.23 €
2026-10-10T01:02:23Z,STR-E-R8PQ-A,0 € + 0.15 €/kWh
2026-10-10T01:02:23Z,STR-E-S6VR-A,0 € + 0.15 €/kWh
2026-10-10T01:02:23Z,STR-E-S7YR-A,0.16 €/kWh + 0.23 €
2026-10-10T01:02:23Z,STR-E-S7YR-B,0.16 €/kWh + 0.23 €
2026-10-10T01:02:23Z,STR-E-SGC2-A,0 € + 0.15 €/kWh
2026-10-10T01:02:23Z,STR-E-SVR3-A,0.16 €/kWh + 0.23 €
2026-10-10T01:02:23Z,STR-E-SVR3-B,0.16 €/kWh + 0.23 €
2026-10-10T01:02:23Z,STR-E-U41O-A,0 € + 0.15 €/kWh
2026-10-10T01:02:23Z,STR-E-UKPS-A,0.15 € + 0.16 €/kWh
2026-10-10T01:02:23Z,STR-E-UPAQ-A,0.16 €/kWh
2026-10-10T01:02:23Z,STR-E-UPAQ-B,0.16 €/kWh
2026-10-10T01:02:23Z,STR-E-VJBJ-A,0 € + 0.15 €/kWh
2026-10-10T01:02:23Z,STR-E-VQ06-A,0 € + 0.15 €/kWh
2026-10-10T01:02:23Z,STR-E-VX2O-A,0 € + 0.15 €/kWh
2026-10-10T01:02:23Z,STR-E-WEE3-A,0.16 €/kWh + 0.23 €
2026-10-10T01:02:23Z,STR-E-WEE3-B,0.16 €/kWh + 0.23 €
2026-10-10T01:02:23Z,STR-E-WHZ1-A,0 € + 0.15 €/kWh
2026-10-10T01:02:23Z,STR-E-WLGM-A,0 € + 0.15 €/kWh
2026-10-10T01:02:23Z,STR-E-WTQ5-A,0.16 €/kWh
2026-10-10T01:02:23Z,STR-E-WYFE-A,0.16 €/kWh
2026-10-10T01:02:23Z,STR-E-WYFE-B,0.16 €/kWh
2026-10-10T01:02:23Z,STR-E-WYYC-A,0.16 €/kWh + 0.23 €
2026-10-10T01:02:23Z,STR-E-WYYC-B,0.16 €/kWh + 0.23 €
2026-10-10T01:02:23Z,STR-E-X54O-A,0 € + 0.15 €/kWh
2026-10-10T01:02:23Z,STR-E-XH51-A,0 € + 0.15 €/kWh
2026-10-10T01:02:23Z,STR-E-XKW2-A,0.16 €/kWh + 0.23 €
2026-10-10T01:02:23Z,STR-E-XKW2-B,0.16 €/kWh + 0.23 €
2026-10-10T01:02:23Z,STR-E-XRV8-A,0 € + 0.15 €/kWh
2026-10-10T01:02:23Z,STR-E-Y7JK-A,0 € + 0.15 €/kWh
2026-10-10T01:02:23Z,STR-E-Y82E-A,0 € + 0.15 €/kWh
2026-10-10T01:02:23Z,STR-E-ZEP7-A,0 € + 0.15 €/kWh
2026-10-10T01:02:23Z,STR-E-ZIAZ-A,0 € + 0.15 €/kWh
2026-10-10T01:02:23Z,STR-E-ZK9W-A,0 € + 0.15 €/kWh
2026-10-10T01:02:23Z,STR-E-ZS00-A,0.16 €/kWh + 0.23 €
2026-10-10T01:02:23Z,STR-E-ZS00-B,0.16 €/kWh + 0.23 €
2026-10-10T01:18:23Z,IKR-E-1220-A,0.3 € + 0.16 €/kWh
2026-10-10T01:18:23Z,IKR-E-1871-A,0.3 € + 0.16 €/kWh
2026-10-10T01:18:23Z,IKR-E-2G8J-A,0.3 € + 0.16 €/kWh
2026-10-10T01:18:23Z,IKR-E-3TSR-A,0.3 € + 0.16 €/kWh
2026-10-10T01:18:23Z,IKR-E-5715-A,0.3 € + 0.16 €/kWh
2026-10-10T01:18:23Z,IKR-E-5730-A,0.3 € + 0.22 €/kWh
2026-10-10T01:18:23Z,IKR-E-5CGU-A,0.3 € + 0.16 €/kWh
2026-10-10T01:18:23Z,IKR-E-7718-A,0.3 € + 0.22 €/kWh
2026-10-10T01:18:23Z,IKR-E-DVCM-A,0.3 € + 0.16 €/kWh
2026-10-10T01:18:23Z,IKR-E-GAY9-A,0.3 € + 0.16 €/kWh
2026-10-10T01:18:23Z,IKR-E-IZW2-A,0.3 € + 0.16 €/kWh
2026-10-10T01:18:23Z,IKR-E-JJAJ-A,0.3 € + 0.16 €/kWh
2026-10-10T01:18:23Z,IKR-E-KMBH-A,0.3 € + 0.16 €/kWh
2026-10-10T01:18:23Z,IKR-E-LJZI-A,0.3 € + 0.16 €/kWh
2026-10-10T01:18:23Z,IKR-E-OWF5-A,0.3 € + 0.23 €/kWh
2026-10-10T01:18:23Z,IKR-E-XIH2-A,0.3 € + 0.16 €/kWh
2026-10-10T01:18:23Z,IKR-P-IV7E-B,0.3 € + 0.16 €/kWh
2026-10-10T01:18:23Z,IKR-P-SCM5-A,0.3 € + 0.23 €/kWh
2026-10-10T01:18:23Z,IKR-P-V9X4-A,0.3 € + 0.23 €/kWh
2026-10-10T01:18:23Z,IKR-P-V9X4-B,0.3 € + 0.23 €/kWh
2026-10-10T01:32:24Z,IKR-E-1220-A,0.3 € + 0.17 €/kWh
2026-10-10T01:32:24Z,IKR-E-1871-A,0.3 € + 0.17 €/kWh
2026-10-10T01:32:24Z,IKR-E-2G8J-A,0.3 € + 0.17 €/kWh
2026-10-10T01:32:24Z,IKR-E-3TSR-A,0.3 € + 0.17 €/kWh
2026-10-10T01:32:24Z,IKR-E-5715-A,0.3 € + 0.17 €/kWh
2026-10-10T01:32:24Z,IKR-E-5730-A,0.3 € + 0.23 €/kWh
2026-10-10T01:32:24Z,IKR-E-5CGU-A,0.3 € + 0.17 €/kWh
2026-10-10T01:32:24Z,IKR-E-7718-A,0.3 € + 0.23 €/kWh
2026-10-10T01:32:24Z,IKR-E-DVCM-A,0.3 € + 0.17 €/kWh
2026-10-10T01:32:24Z,IKR-E-GAY9-A,0.3 € + 0.17 €/kWh
2026-10-10T01:32:24Z,IKR-E-IZW2-A,0.3 € + 0.17 €/kWh
2026-10-10T01:32:24Z,IKR-E-JJAJ-A,0.3 € + 0.17 €/kWh
2026-10-10T01:32:24Z,IKR-E-KMBH-A,0.3 € + 0.17 €/kWh
2026-10-10T01:32:24Z,IKR-E-LJZI-A,0.3 € + 0.17 €/kWh
2026-10-10T01:32:24Z,IKR-E-OWF5-A,0.3 € + 0.24 €/kWh
2026-10-10T01:32:24Z,IKR-E-XIH2-A,0.3 € + 0.17 €/kWh
2026-10-10T01:32:24Z,IKR-P-IV7E-B,0.3 € + 0.17 €/kWh
2026-10-10T01:32:24Z,IKR-P-SCM5-A,0.3 € + 0.24 €/kWh
2026-10-10T01:32:24Z,IKR-P-V9X4-A,0.3 € + 0.24 €/kWh
2026-10-10T01:32:24Z,IKR-P-V9X4-B,0.3 € + 0.24 €/kWh
2026-10-10T01:32:24Z,STR-E-027B-A,0.17 €/kWh + 0.23 €
2026-10-10T01:32:24Z,STR-E-027B-B,0.17 €/kWh + 0.23 €
2026-10-10T01:32:24Z,STR-E-1MHB-A,0.27 €/kWh
2026-10-10T01:32:24Z,STR-E-21O1-A,0.17 €/kWh
2026-10-10T01:32:24Z,STR-E-21O1-B,0.17 €/kWh
2026-10-10T01:32:24Z,STR-E-3468-A,0.17 €/kWh
2026-10-10T01:32:24Z,STR-E-3468-B,0.17 €/kWh
2026-10-10T01:32:24Z,STR-E-3ENA-A,0.17 €/kWh
2026-10-10T01:32:24Z,STR-E-3ENA-B,0.17 €/kWh
2026-10-10T01:32:24Z,STR-E-3ENA-C,0.17 €/kWh
2026-10-10T01:32:24Z,STR-E-3FMF-A,0.17 €/kWh + 0.23 €
2026-10-10T01:32:24Z,STR-E-3FMF-B,0.17 €/kWh + 0.23 €
2026-10-10T01:32:24Z,STR-E-3SXI-A,0.17 €/kWh
2026-10-10T01:32:24Z,STR-E-3SXI-B,0.17 €/kWh
2026-10-10T01:32:24Z,STR-E-4156-A,0.23 €/kWh
2026-10-10T01:32:24Z,STR-E-4156-B,0.23 €/kWh
2026-10-10T01:32:24Z,STR-E-4KWM-A,0.27 €/kWh
2026-10-10T01:32:24Z,STR-E-4KWM-B,0.27 €/kWh
2026-10-10T01:32:24Z,STR-E-6UZQ-A,0.17 €/kWh
2026-10-10T01:32:24Z,STR-E-6UZQ-B,0.17 €/kWh
2026-10-10T01:32:24Z,STR-E-7Z8G-A,0.27 €/kWh
2026-10-10T01:32:24Z,STR-E-7Z8G-B,0.27 €/kWh
2026-10-10T01:32:24Z,STR-E-92KW-A,0.17 €/kWh + 0.23 €
2026-10-10T01:32:24Z,STR-E-ANJ0-A,0.17 €/kWh + 0.23 €
2026-10-10T01:32:24Z,STR-E-ANJ0-B,0.17 €/kWh + 0.23 €
2026-10-10T01:32:24Z,STR-E-AP96-A,0.17 €/kWh + 0.23 €
2026-10-10T01:32:24Z,STR-E-AP96-B,0.17 €/kWh + 0.23 €
2026-10-10T01:32:24Z,STR-E-BIKW-A,0.17 €/kWh + 0.23 €
2026-10-10T01:32:24Z,STR-E-BIKW-B,0.17 €/kWh + 0.23 €
2026-10-10T01:32:24Z,STR-E-D3MB-A,0.17 €/kWh + 0.23 €
2026-10-10T01:32:24Z,STR-E-D3MB-B,0.17 €/kWh + 0.23 €
2026-10-10T01:32:24Z,STR-E-E0DZ-A,0.17 €/kWh
2026-10-10T01:32:24Z,STR-E-E0DZ-B,0.17 €/kWh
2026-10-10T01:32:24Z,STR-E-ELFQ-A,0.17 €/kWh + 0.23 €
2026-10-10T01:32:24Z,STR-E-ELFQ-B,0.17 €/kWh + 0.23 €
2026-10-10T01:32:24Z,STR-E-F79A-A,0.17 €/kWh + 0.23 €
2026-10-10T01:32:24Z,STR-E-F79A-B,0.17 €/kWh + 0.23 €
2026-10-10T01:32:24Z,STR-E-GE77-A,0.27 €/kWh
2026-10-10T01:32:24Z,STR-E-GE77-B,0.27 €/kWh
2026-10-10T01:32:24Z,STR-E-IGH5-A,0.17 €/kWh + 0.23 €
2026-10-10T01:32:24Z,STR-E-IGH5-B,0.17 €/kWh + 0.23 €
2026-10-10T01:32:24Z,STR-E-K73C-A,0.17 €/kWh + 0.23 €
2026-10-10T01:32:24Z,STR-E-K73C-B,0.17 €/kWh + 0.23 €
2026-10-10T01:32:24Z,STR-E-LREY-A,0.27 €/kWh
2026-10-10T01:32:24Z,STR-E-ODBK-A,0.27 €/kWh
2026-10-10T01:32:24Z,STR-E-ODBK-B,0.27 €/kWh
2026-10-10T01:32:24Z,STR-E-OJ3E-A,0.17 €/kWh + 0.23 €
2026-10-10T01:32:24Z,STR-E-OJ3E-B,0.17 €/kWh + 0.23 €
2026-10-10T01:32:24Z,STR-E-PM3P-A,0.17 €/kWh + 0.23 €
2026-10-10T01:32:24Z,STR-E-PM3P-B,0.17 €/kWh + 0.23 €
2026-10-10T01:32:24Z,STR-E-Q5YF-A,0.17 €/kWh + 0.23 €
2026-10-10T01:32:24Z,STR-E-Q5YF-B,0.17 €/kWh + 0.23 €
2026-10-10T01:32:24Z,STR-E-Q7LB-A,0.17 €/kWh + 0.23 €
2026-10-10T01:32:24Z,STR-E-Q7LB-B,0.17 €/kWh + 0.23 €
2026-10-10T01:32:24Z,STR-E-R1MT-A,0.17 €/kWh + 0.23 €
2026-10-10T01:32:24Z,STR-E-R1MT-B,0.17 €/kWh + 0.23 €
2026-10-10T01:32:24Z,STR-E-R1PI-A,0.17 €/kWh + 0.23 €
2026-10-10T01:32:24Z,STR-E-R1PI-B,0.17 €/kWh + 0.23 €
2026-10-10T01:32:24Z,STR-E-R2LK-A,0.17 €/kWh + 0.23 €
2026-10-10T01:32:24Z,STR-E-R2LK-B,0.17 €/kWh + 0.23 €
2026-10-10T01:32:24Z,STR-E-S7YR-A,0.17 €/kWh + 0.23 €
2026-10-10T01:32:24Z,STR-E-S7YR-B,0.17 €/kWh + 0.23 €
2026-10-10T01:32:24Z,STR-E-SVR3-A,0.17 €/kWh + 0.23 €
2026-10-10T01:32:24Z,STR-E-SVR3-B,0.17 €/kWh + 0.23 €
2026-10-10T01:32:24Z,STR-E-WEE3-A,0.17 €/kWh + 0.23 €
2026-10-10T01:32:24Z,STR-E-WEE3-B,0.17 €/kWh + 0.23 €
2026-10-10T01:32:24Z,STR-E-WTQ5-A,0.17 €/kWh
2026-10-10T01:32:24Z,STR-E-WYFE-A,0.17 €/kWh
2026-10-10T01:32:24Z,STR-E-WYFE-B,0.17 €/kWh
2026-10-10T01:32:24Z,STR-E-WYYC-A,0.17 €/kWh + 0.23 €
2026-10-10T01:32:24Z,STR-E-WYYC-B,0.17 €/kWh + 0.23 €
2026-10-10T01:32:24Z,STR-E-XKW2-A,0.17 €/kWh + 0.23 €
2026-10-10T01:32:24Z,STR-E-XKW2-B,0.17 €/kWh + 0.23 €
2026-10-10T01:32:24Z,STR-E-ZS00-A,0.17 €/kWh + 0.23 €
2026-10-10T01:32:24Z,STR-E-ZS00-B,0.17 €/kWh + 0.23 €
2026-10-10T01:46:23Z,IKR-E-1220-A,0.3 € + 0.16 €/kWh
2026-10-10T01:46:23Z,IKR-E-1871-A,0.3 € + 0.16 €/kWh
2026-10-10T01:46:23Z,IKR-E-2G8J-A,0.3 € + 0.16 €/kWh
2026-10-10T01:46:23Z,IKR-E-3TSR-A,0.3 € + 0.16 €/kWh
2026-10-10T01:46:23Z,IKR-E-5715-A,0.3 € + 0.16 €/kWh
2026-10-10T01:46:23Z,IKR-E-5730-A,0.3 € + 0.22 €/kWh
2026-10-10T01:46:23Z,IKR-E-5CGU-A,0.3 € + 0.16 €/kWh
2026-10-10T01:46:23Z,IKR-E-7718-A,0.3 € + 0.22 €/kWh
2026-10-10T01:46:23Z,IKR-E-DVCM-A,0.3 € + 0.16 €/kWh
2026-10-10T01:46:23Z,IKR-E-GAY9-A,0.3 € + 0.16 €/kWh
2026-10-10T01:46:23Z,IKR-E-IZW2-A,0.3 € + 0.16 €/kWh
2026-10-10T01:46:23Z,IKR-E-JJAJ-A,0.3 € + 0.16 €/kWh
2026-10-10T01:46:23Z,IKR-E-KMBH-A,0.3 € + 0.16 €/kWh
2026-10-10T01:46:23Z,IKR-E-LJZI-A,0.3 € + 0.16 €/kWh
2026-10-10T01:46:23Z,IKR-E-OWF5-A,0.3 € + 0.23 €/kWh
2026-10-10T01:46:23Z,IKR-E-XIH2-A,0.3 € + 0.16 €/kWh
2026-10-10T01:46:23Z,IKR-P-IV7E-B,0.3 € + 0.16 €/kWh
2026-10-10T01:46:23Z,IKR-P-SCM5-A,0.3 € + 0.23 €/kWh
2026-10-10T01:46:23Z,IKR-P-V9X4-A,0.3 € + 0.23 €/kWh
2026-10-10T01:46:23Z,IKR-P-V9X4-B,0.3 € + 0.23 €/kWh
2026-10-10T02:01:07Z,IKR-E-1220-A,0.3 € + 0.17 €/kWh
2026-10-10T02:01:07Z,IKR-E-1871-A,0.3 € + 0.17 €/kWh
2026-10-10T02:01:07Z,IKR-E-2G8J-A,0.3 € + 0.17 €/kWh
2026-10-10T02:01:07Z,IKR-E-3TSR-A,0.3 € + 0.17 €/kWh
2026-10-10T02:01:07Z,IKR-E-5715-A,0.3 € + 0.17 €/kWh
2026-10-10T02:01:07Z,IKR-E-5730-A,0.3 € + 0.23 €/kWh
2026-10-10T02:01:07Z,IKR-E-5CGU-A,0.3 € + 0.17 €/kWh
2026-10-10T02:01:07Z,IKR-E-7718-A,0.3 € + 0.23 €/kWh
2026-10-10T02:01:07Z,IKR-E-DVCM-A,0.3 € + 0.17 €/kWh
2026-10-10T02:01:07Z,IKR-E-GAY9-A,0.3 € + 0.17 €/kWh
2026-10-10T02:01:07Z,IKR-E-IZW2-A,0.3 € + 0.17 €/kWh
2026-10-10T02:01:07Z,IKR-E-JJAJ-A,0.3 € + 0.17 €/kWh
2026-10-10T02:01:07Z,IKR-E-KMBH-A,0.3 € + 0.17 €/kWh
2026-10-10T02:01:07Z,IKR-E-LJZI-A,0.3 € + 0.17 €/kWh
2026-10-10T02:01:07Z,IKR-E-OWF5-A,0.3 € + 0.24 €/kWh
2026-10-10T02:01:07Z,IKR-E-XIH2-A,0.3 € + 0.17 €/kWh
2026-10-10T02:01:07Z,IKR-P-IV7E-B,0.3 € + 0.17 €/kWh
2026-10-10T02:01:07Z,IKR-P-SCM5-A,0.3 € + 0.24 €/kWh
2026-10-10T02:01:07Z,IKR-P-V9X4-A,0.3 € + 0.24 €/kWh
2026-10-10T02:01:07Z,IKR-P-V9X4-B,0.3 € + 0.24 €/kWh
2026-10-10T02:02:25Z,STR-E-027B-A,0.16 €/kWh + 0.23 €
2026-10-10T02:02:25Z,STR-E-027B-B,0.16 €/kWh + 0.23 €
2026-10-10T02:02:25Z,STR-E-1MHB-A,0.26 €/kWh
2026-10-10T02:02:25Z,STR-E-21O1-A,0.16 €/kWh
2026-10-10T02:02:25Z,STR-E-21O1-B,0.16 €/kWh
2026-10-10T02:02:25Z,STR-E-3468-A,0.16 €/kWh
2026-10-10T02:02:25Z,STR-E-3468-B,0.16 €/kWh
2026-10-10T02:02:25Z,STR-E-3ENA-A,0.16 €/kWh
2026-10-10T02:02:25Z,STR-E-3ENA-B,0.16 €/kWh
2026-10-10T02:02:25Z,STR-E-3ENA-C,0.16 €/kWh
2026-10-10T02:02:25Z,STR-E-3FMF-A,0.16 €/kWh + 0.23 €
2026-10-10T02:02:25Z,STR-E-3FMF-B,0.16 €/kWh + 0.23 €
2026-10-10T02:02:25Z,STR-E-3SXI-A,0.16 €/kWh
2026-10-10T02:02:25Z,STR-E-3SXI-B,0.16 €/kWh
2026-10-10T02:02:25Z,STR-E-4156-A,0.22 €/kWh
2026-10-10T02:02:25Z,STR-E-4156-B,0.22 €/kWh
2026-10-10T02:02:25Z,STR-E-4KWM-A,0.26 €/kWh
2026-10-10T02:02:25Z,STR-E-4KWM-B,0.26 €/kWh
2026-10-10T02:02:25Z,STR-E-6UZQ-A,0.16 €/kWh
2026-10-10T02:02:25Z,STR-E-6UZQ-B,0.16 €/kWh
2026-10-10T02:02:25Z,STR-E-7Z8G-A,0.26 €/kWh
2026-10-10T02:02:25Z,STR-E-7Z8G-B,0.26 €/kWh
2026-10-10T02:02:25Z,STR-E-92KW-A,0.16 €/kWh + 0.23 €
2026-10-10T02:02:25Z,STR-E-ANJ0-A,0.16 €/kWh + 0.23 €
2026-10-10T02:02:25Z,STR-E-ANJ0-B,0.16 €/kWh + 0.23 €
2026-10-10T02:02:25Z,STR-E-AP96-A,0.16 €/kWh + 0.23 €
2026-10-10T02:02:25Z,STR-E-AP96-B,0.16 €/kWh + 0.23 €
2026-10-10T02:02:25Z,STR-E-BIKW-A,0.16 €/kWh + 0.23 €
2026-10-10T02:02:25Z,STR-E-BIKW-B,0.16 €/kWh + 0.23 €
2026-10-10T02:02:25Z,STR-E-D3MB-A,0.16 €/kWh + 0.23 €
2026-10-10T02:02:25Z,STR-E-D3MB-B,0.16 €/kWh + 0.23 €
2026-10-10T02:02:25Z,STR-E-E0DZ-A,0.16 €/kWh
2026-10-10T02:02:25Z,STR-E-E0DZ-B,0.16 €/kWh
2026-10-10T02:02:25Z,STR-E-ELFQ-A,0.16 €/kWh + 0.23 €
2026-10-10T02:02:25Z,STR-E-ELFQ-B,0.16 €/kWh + 0.23 €
2026-10-10T02:02:25Z,STR-E-F79A-A,0.16 €/kWh + 0.23 €
2026-10-10T02:02:25Z,STR-E-F79A-B,0.16 €/kWh + 0.23 €
2026-10-10T02:02:25Z,STR-E-GE77-A,0.26 €/kWh
2026-10-10T02:02:25Z,STR-E-GE77-B,0.26 €/kWh
2026-10-10T02:02:25Z,STR-E-IGH5-A,0.16 €/kWh + 0.23 €
2026-10-10T02:02:25Z,STR-E-IGH5-B,0.16 €/kWh + 0.23 €
2026-10-10T02:02:25Z,STR-E-K73C-A,0.16 €/kWh + 0.23 €
2026-10-10T02:02:25Z,STR-E-K73C-B,0.16 €/kWh + 0.23 €
2026-10-10T02:02:25Z,STR-E-LREY-A,0.26 €/kWh
2026-10-10T02:02:25Z,STR-E-ODBK-A,0.26 €/kWh
2026-10-10T02:02:25Z,STR-E-ODBK-B,0.26 €/kWh
2026-10-10T02:02:25Z,STR-E-OJ3E-A,0.16 €/kWh + 0.23 €
2026-10-10T02:02:25Z,STR-E-OJ3E-B,0.16 €/kWh + 0.23 €
2026-10-10T02:02:25Z,STR-E-PM3P-A,0.16 €/kWh + 0.23 €
2026-10-10T02:02:25Z,STR-E-PM3P-B,0.16 €/kWh + 0.23 €
2026-10-10T02:02:25Z,STR-E-Q5YF-A,0.16 €/kWh + 0.23 €
2026-10-10T02:02:25Z,STR-E-Q5YF-B,0.16 €/kWh + 0.23 €
2026-10-10T02:02:25Z,STR-E-Q7LB-A,0.16 €/kWh + 0.23 €
2026-10-10T02:02:25Z,STR-E-Q7LB-B,0.16 €/kWh + 0.23 €
2026-10-10T02:02:25Z,STR-E-R1MT-A,0.16 €/kWh + 0.23 €
2026-10-10T02:02:25Z,STR-E-R1MT-B,0.16 €/kWh + 0.23 €
2026-10-10T02:02:25Z,STR-E-R1PI-A,0.16 €/kWh + 0.23 €
2026-10-10T02:02:25Z,STR-E-R1PI-B,0.16 €/kWh + 0.23 €
2026-10-10T02:02:25Z,STR-E-R2LK-A,0.16 €/kWh + 0.23 €
2026-10-10T02:02:25Z,STR-E-R2LK-B,0.16 €/kWh + 0.23 €
2026-10-10T02:02:25Z,STR-E-S7YR-A,0.16 €/kWh + 0.23 €
2026-10-10T02:02:25Z,STR-E-S7YR-B,0.16 €/kWh + 0.23 €
2026-10-10T02:02:25Z,STR-E-SVR3-A,0.16 €/kWh + 0.23 €
2026-10-10T02:02:25Z,STR-E-SVR3-B,0.16 €/kWh + 0.23 €
2026-10-10T02:02:25Z,STR-E-WEE3-A,0.16 €/kWh + 0.23 €
2026-10-10T02:02:25Z,STR-E-WEE3-B,0.16 €/kWh + 0.23 €
2026-10-10T02:02:25Z,STR-E-WTQ5-A,0.16 €/kWh
2026-10-10T02:02:25Z,STR-E-WYFE-A,0.16 €/kWh
2026-10-10T02:02:25Z,STR-E-WYFE-B,0.16 €/kWh
2026-10-10T02:02:25Z,STR-E-WYYC-A,0.16 €/kWh + 0.23 €
2026-10-10T02:02:25Z,STR-E-WYYC-B,0.16 €/kWh + 0.23 €
2026-10-10T02:02:25Z,STR-E-XKW2-A,0.16 €/kWh + 0.23 €
2026-10-10T02:02:25Z,STR-E-XKW2-B,0.16 €/kWh + 0.23 €
2026-10-10T02:02:25Z,STR-E-ZS00-A,0.16 €/kWh + 0.23 €
2026-10-10T02:02:25Z,STR-E-ZS00-B,0.16 €/kWh + 0.23 €
2026-10-10T02:16:22Z,IKR-E-1220-A,0.3 € + 0.16 €/kWh
2026-10-10T02:16:22Z,IKR-E-1871-A,0.3 € + 0.16 €/kWh
2026-10-10T02:16:22Z,IKR-E-2G8J-A,0.3 € + 0.16 €/kWh
2026-10-10T02:16:22Z,IKR-E-3TSR-A,0.3 € + 0.16 €/kWh
2026-10-10T02:16:22Z,IKR-E-5715-A,0.3 € + 0.16 €/kWh
2026-10-10T02:16:22Z,IKR-E-5730-A,0.3 € + 0.22 €/kWh
2026-10-10T02:16:22Z,IKR-E-5CGU-A,0.3 € + 0.16 €/kWh
2026-10-10T02:16:22Z,IKR-E-7718-A,0.3 € + 0.22 €/kWh
2026-10-10T02:16:22Z,IKR-E-DVCM-A,0.3 € + 0.16 €/kWh
2026-10-10T02:16:22Z,IKR-E-GAY9-A,0.3 € + 0.16 €/kWh
2026-10-10T02:16:22Z,IKR-E-IZW2-A,0.3 € + 0.16 €/kWh
2026-10-10T02:16:22Z,IKR-E-JJAJ-A,0.3 € + 0.16 €/kWh
2026-10-10T02:16:22Z,IKR-E-KMBH-A,0.3 € + 0.16 €/kWh
2026-10-10T02:16:22Z,IKR-E-LJZI-A,0.3 € + 0.16 €/kWh
2026-10-10T02:16:22Z,IKR-E-OWF5-A,0.3 € + 0.23 €/kWh
2026-10-10T02:16:22Z,IKR-E-XIH2-A,0.3 € + 0.16 €/kWh
2026-10-10T02:16:22Z,IKR-P-IV7E-B,0.3 € + 0.16 €/kWh
2026-10-10T02:16:22Z,IKR-P-SCM5-A,0.3 € + 0.23 €/kWh
2026-10-10T02:16:22Z,IKR-P-V9X4-A,0.3 € + 0.23 €/kWh
2026-10-10T02:16:22Z,IKR-P-V9X4-B,0.3 € + 0.23 €/kWh
2026-10-10T02:16:22Z,STR-E-027B-A,0.17 €/kWh + 0.23 €
2026-10-10T02:16:22Z,STR-E-027B-B,0.17 €/kWh + 0.23 €
2026-10-10T02:16:22Z,STR-E-21O1-A,0.17 €/kWh
2026-10-10T02:16:22Z,STR-E-21O1-B,0.17 €/kWh
2026-10-10T02:16:22Z,STR-E-3468-A,0.17 €/kWh
2026-10-10T02:16:22Z,STR-E-3468-B,0.17 €/kWh
2026-10-10T02:16:22Z,STR-E-3ENA-A,0.17 €/kWh
2026-10-10T02:16:22Z,STR-E-3ENA-B,0.17 €/kWh
2026-10-10T02:16:22Z,STR-E-3ENA-C,0.17 €/kWh
2026-10-10T02:16:22Z,STR-E-3FMF-A,0.17 €/kWh + 0.23 €
2026-10-10T02:16:22Z,STR-E-3FMF-B,0.17 €/kWh + 0.23 €
2026-10-10T02:16:22Z,STR-E-3SXI-A,0.17 €/kWh
2026-10-10T02:16:22Z,STR-E-3SXI-B,0.17 €/kWh
2026-10-10T02:16:22Z,STR-E-4156-A,0.23 €/kWh
2026-10-10T02:16:22Z,STR-E-4156-B,0.23 €/kWh
2026-10-10T02:16:22Z,STR-E-4KWM-A,0.27 €/kWh
2026-10-10T02:16:22Z,STR-E-4KWM-B,0.27 €/kWh
2026-10-10T02:16:22Z,STR-E-6UZQ-A,0.17 €/kWh
2026-10-10T02:16:22Z,STR-E-6UZQ-B,0.17 €/kWh
2026-10-10T02:16:22Z,STR-E-7Z8G-A,0.27 €/kWh
2026-10-10T02:16:22Z,STR-E-7Z8G-B,0.27 €/kWh
2026-10-10T02:16:22Z,STR-E-92KW-A,0.17 €/kWh + 0.23 €
2026-10-10T02:16:22Z,STR-E-ANJ0-A,0.17 €/kWh + 0.23 €
2026-10-10T02:16:22Z,STR-E-ANJ0-B,0.17 €/kWh + 0.23 €
2026-10-10T02:16:22Z,STR-E-AP96-A,0.17 €/kWh + 0.23 €
2026-10-10T02:16:22Z,STR-E-AP96-B,0.17 €/kWh + 0.23 €
2026-10-10T02:16:22Z,STR-E-BIKW-A,0.17 €/kWh + 0.23 €
2026-10-10T02:16:22Z,STR-E-BIKW-B,0.17 €/kWh + 0.23 €
2026-10-10T02:16:22Z,STR-E-D3MB-A,0.17 €/kWh + 0.23 €
2026-10-10T02:16:22Z,STR-E-D3MB-B,0.17 €/kWh + 0.23 €
2026-10-10T02:16:22Z,STR-E-E0DZ-A,0.17 €/kWh
2026-10-10T02:16:22Z,STR-E-E0DZ-B,0.17 €/kWh
2026-10-10T02:16:22Z,STR-E-ELFQ-A,0.17 €/kWh + 0.23 €
2026-10-10T02:16:22Z,STR-E-ELFQ-B,0.17 €/kWh + 0.23 €
2026-10-10T02:16:22Z,STR-E-F79A-A,0.17 €/kWh + 0.23 €
2026-10-10T02:16:22Z,STR-E-F79A-B,0.17 €/kWh + 0.23 €
2026-10-10T02:16:22Z,STR-E-GE77-A,0.27 €/kWh
2026-10-10T02:16:22Z,STR-E-GE77-B,0.27 €/kWh
2026-10-10T02:16:22Z,STR-E-IGH5-A,0.17 €/kWh + 0.23 €
2026-10-10T02:16:22Z,STR-E-IGH5-B,0.17 €/kWh + 0.23 €
2026-10-10T02:16:22Z,STR-E-K73C-A,0.17 €/kWh + 0.23 €
2026-10-10T02:16:22Z,STR-E-K73C-B,0.17 €/kWh + 0.23 €
2026-10-10T02:16:22Z,STR-E-ODBK-A,0.27 €/kWh
2026-10-10T02:16:22Z,STR-E-ODBK-B,0.27 €/kWh
2026-10-10T02:16:22Z,STR-E-OJ3E-A,0.17 €/kWh + 0.23 €
2026-10-10T02:16:22Z,STR-E-OJ3E-B,0.17 €/kWh + 0.23 €
2026-10-10T02:16:22Z,STR-E-PM3P-A,0.17 €/kWh + 0.23 €
2026-10-10T02:16:22Z,STR-E-PM3P-B,0.17 €/kWh + 0.23 €
2026-10-10T02:16:22Z,STR-E-Q5YF-A,0.17 €/kWh + 0.23 €
2026-10-10T02:16:22Z,STR-E-Q5YF-B,0.17 €/kWh + 0.23 €
2026-10-10T02:16:22Z,STR-E-Q7LB-A,0.17 €/kWh + 0.23 €
2026-10-10T02:16:22Z,STR-E-Q7LB-B,0.17 €/kWh + 0.23 €
2026-10-10T02:16:22Z,STR-E-R1MT-A,0.17 €/kWh + 0.23 €
2026-10-10T02:16:22Z,STR-E-R1MT-B,0.17 €/kWh + 0.23 €
2026-10-10T02:16:22Z,STR-E-R1PI-A,0.17 €/kWh + 0.23 €
2026-10-10T02:16:22Z,STR-E-R1PI-B,0.17 €/kWh + 0.23 €
2026-10-10T02:16:22Z,STR-E-R2LK-A,0.17 €/kWh + 0.23 €
2026-10-10T02:16:22Z,STR-E-R2LK-B,0.17 €/kWh + 0.23 €
2026-10-10T02:16:22Z,STR-E-S7YR-A,0.17 €/kWh + 0.23 €
2026-10-10T02:16:22Z,STR-E-S7YR-B,0.17 €/kWh + 0.23 €
2026-10-10T02:16:22Z,STR-E-SVR3-A,0.17 €/kWh + 0.23 €
2026-10-10T02:16:22Z,STR-E-SVR3-B,0.17 €/kWh + 0.23 €
2026-10-10T02:16:22Z,STR-E-WEE3-A,0.17 €/kWh + 0.23 €
2026-10-10T02:16:22Z,STR-E-WEE3-B,0.17 €/kWh + 0.23 €
2026-10-10T02:16:22Z,STR-E-WTQ5-A,0.17 €/kWh
2026-10-10T02:16:22Z,STR-E-WYFE-A,0.17 €/kWh
2026-10-10T02:16:22Z,STR-E-WYFE-B,0.17 €/kWh
2026-10-10T02:16:22Z,STR-E-WYYC-A,0.17 €/kWh + 0.23 €
2026-10-10T02:16:22Z,STR-E-WYYC-B,0.17 €/kWh + 0.23 €
2026-10-10T02:16:22Z,STR-E-XKW2-A,0.17 €/kWh + 0.23 €
2026-10-10T02:16:22Z,STR-E-XKW2-B,0.17 €/kWh + 0.23 €
2026-10-10T02:16:22Z,STR-E-ZS00-A,0.17 €/kWh + 0.23 €
2026-10-10T02:16:22Z,STR-E-ZS00-B,0.17 €/kWh + 0.23 €
2026-10-10T02:32:22Z,STR-E-1MHB-A,0.27 €/kWh
2026-10-10T02:32:22Z,STR-E-LREY-A,0.27 €/kWh
2026-10-10T02:32:22Z,STR-E-NY0Q-A,0.15 € + 0.17 €/kWh
2026-10-10T02:32:22Z,STR-E-QAXH-A,0.15 € + 0.17 €/kWh
2026-10-10T02:32:22Z,STR-E-UKPS-A,0.15 € + 0.17 €/kWh
2026-10-10T02:48:24Z,IKR-E-1220-A,0.3 € + 0.17 €/kWh
2026-10-10T02:48:24Z,IKR-E-1871-A,0.3 € + 0.17 €/kWh
2026-10-10T02:48:24Z,IKR-E-2G8J-A,0.3 € + 0.17 €/kWh
2026-10-10T02:48:24Z,IKR-E-3TSR-A,0.3 € + 0.17 €/kWh
2026-10-10T02:48:24Z,IKR-E-5715-A,0.3 € + 0.17 €/kWh
2026-10-10T02:48:24Z,IKR-E-5730-A,0.3 € + 0.23 €/kWh
2026-10-10T02:48:24Z,IKR-E-5CGU-A,0.3 € + 0.17 €/kWh
2026-10-10T02:48:24Z,IKR-E-7718-A,0.3 € + 0.23 €/kWh
2026-10-10T02:48:24Z,IKR-E-DVCM-A,0.3 € + 0.17 €/kWh
2026-10-10T02:48:24Z,IKR-E-GAY9-A,0.3 € + 0.17 €/kWh
2026-10-10T02:48:24Z,IKR-E-IZW2-A,0.3 € + 0.17 €/kWh
2026-10-10T02:48:24Z,IKR-E-JJAJ-A,0.3 € + 0.17 €/kWh
2026-10-10T02:48:24Z,IKR-E-KMBH-A,0.3 € + 0.17 €/kWh
2026-10-10T02:48:24Z,IKR-E-LJZI-A,0.3 € + 0.17 €/kWh
2026-10-10T02:48:24Z,IKR-E-OWF5-A,0.3 € + 0.24 €/kWh
2026-10-10T02:48:24Z,IKR-E-XIH2-A,0.3 € + 0.17 €/kWh
2026-10-10T02:48:24Z,IKR-P-IV7E-B,0.3 € + 0.17 €/kWh
2026-10-10T02:48:24Z,IKR-P-SCM5-A,0.3 € + 0.24 €/kWh
2026-10-10T02:48:24Z,IKR-P-V9X4-A,0.3 € + 0.24 €/kWh
2026-10-10T02:48:24Z,IKR-P-V9X4-B,0.3 € + 0.24 €/kWh
2026-10-10T02:48:24Z,STR-E-NY0Q-A,0.15 € + 0.16 €/kWh
2026-10-10T02:48:24Z,STR-E-QAXH-A,0.15 € + 0.16 €/kWh
2026-10-10T02:48:24Z,STR-E-UKPS-A,0.15 € + 0.16 €/kWh
2026-10-10T03:01:08Z,IKR-E-1220-A,0.3 € + 0.16 €/kWh
2026-10-10T03:01:08Z,IKR-E-1871-A,0.3 € + 0.16 €/kWh
2026-10-10T03:01:08Z,IKR-E-2G8J-A,0.3 € + 0.16 €/kWh
2026-10-10T03:01:08Z,IKR-E-3TSR-A,0.3 € + 0.16 €/kWh
2026-10-10T03:01:08Z,IKR-E-5715-A,0.3 € + 0.16 €/kWh
2026-10-10T03:01:08Z,IKR-E-5730-A,0.3 € + 0.22 €/kWh
2026-10-10T03:01:08Z,IKR-E-5CGU-A,0.3 € + 0.16 €/kWh
2026-10-10T03:01:08Z,IKR-E-7718-A,0.3 € + 0.22 €/kWh
2026-10-10T03:01:08Z,IKR-E-DVCM-A,0.3 € + 0.16 €/kWh
2026-10-10T03:01:08Z,IKR-E-E228-A,0.3 € + 0.19 €/kWh
2026-10-10T03:01:08Z,IKR-E-EKZA-A,0.3 € + 0.19 €/kWh
2026-10-10T03:01:08Z,IKR-E-GAY9-A,0.3 € + 0.16 €/kWh
2026-10-10T03:01:08Z,IKR-E-IZW2-A,0.3 € + 0.16 €/kWh
2026-10-10T03:01:08Z,IKR-E-J1JV-A,0.3 € + 0.19 €/kWh
2026-10-10T03:01:08Z,IKR-E-JJAJ-A,0.3 € + 0.16 €/kWh
2026-10-10T03:01:08Z,IKR-E-KMBH-A,0.3 € + 0.16 €/kWh
2026-10-10T03:01:08Z,IKR-E-LJZI-A,0.3 € + 0.16 €/kWh
2026-10-10T03:01:08Z,IKR-E-OWF5-A,0.3 € + 0.23 €/kWh
2026-10-10T03:01:08Z,IKR-E-XIH2-A,0.3 € + 0.16 €/kWh
2026-10-10T03:01:08Z,IKR-P-IV7E-B,0.3 € + 0.16 €/kWh
2026-10-10T03:01:08Z,IKR-P-SCM5-A,0.3 € + 0.23 €/kWh
2026-10-10T03:01:08Z,IKR-P-V9X4-A,0.3 € + 0.23 €/kWh
2026-10-10T03:01:08Z,IKR-P-V9X4-B,0.3 € + 0.23 €/kWh
2026-10-10T03:02:24Z,STR-E-1MHB-A,0.26 €/kWh
2026-10-10T03:02:24Z,STR-E-LREY-A,0.26 €/kWh
2026-10-10T03:16:24Z,IKR-E-E228-A,0.3 € + 0.21 €/kWh
2026-10-10T03:16:24Z,IKR-E-EKZA-A,0.3 € + 0.21 €/kWh
2026-10-10T03:16:24Z,IKR-E-J1JV-A,0.3 € + 0.21 €/kWh
2026-10-10T03:30:55Z,IKR-E-1220-A,0.3 € + 0.17 €/kWh
2026-10-10T03:30:55Z,IKR-E-1871-A,0.3 € + 0.17 €/kWh
2026-10-10T03:30:55Z,IKR-E-2G8J-A,0.3 € + 0.17 €/kWh
2026-10-10T03:30:55Z,IKR-E-3TSR-A,0.3 € + 0.17 €/kWh
2026-10-10T03:30:55Z,IKR-E-5715-A,0.3 € + 0.17 €/kWh
2026-10-10T03:30:55Z,IKR-E-5730-A,0.3 € + 0.23 €/kWh
2026-10-10T03:30:55Z,IKR-E-5CGU-A,0.3 € + 0.17 €/kWh
2026-10-10T03:30:55Z,IKR-E-7718-A,0.3 € + 0.23 €/kWh
2026-10-10T03:30:55Z,IKR-E-DVCM-A,0.3 € + 0.17 €/kWh
2026-10-10T03:30:55Z,IKR-E-E475-A,0.3 € + 0.23 €/kWh
2026-10-10T03:30:55Z,IKR-E-E544-A,0.3 € + 0.23 €/kWh
2026-10-10T03:30:55Z,IKR-E-GAY9-A,0.3 € + 0.17 €/kWh
2026-10-10T03:30:55Z,IKR-E-IZW2-A,0.3 € + 0.17 €/kWh
2026-10-10T03:30:55Z,IKR-E-JJAJ-A,0.3 € + 0.17 €/kWh
2026-10-10T03:30:55Z,IKR-E-KMBH-A,0.3 € + 0.17 €/kWh
2026-10-10T03:30:55Z,IKR-E-LJZI-A,0.3 € + 0.17 €/kWh
2026-10-10T03:30:55Z,IKR-E-OWF5-A,0.3 € + 0.24 €/kWh
2026-10-10T03:30:55Z,IKR-E-XIH2-A,0.3 € + 0.17 €/kWh
2026-10-10T03:30:55Z,IKR-E-Y2Z8-A,0.3 € + 0.17 €/kWh
2026-10-10T03:30:55Z,IKR-P-IV7E-B,0.3 € + 0.17 €/kWh
2026-10-10T03:30:55Z,IKR-P-SCM5-A,0.3 € + 0.24 €/kWh
2026-10-10T03:30:55Z,IKR-P-V9X4-A,0.3 € + 0.24 €/kWh
2026-10-10T03:30:55Z,IKR-P-V9X4-B,0.3 € + 0.24 €/kWh
2026-10-10T03:46:24Z,STR-E-04YS-A,0 € + 0.16 €/kWh
2026-10-10T03:46:24Z,STR-E-1MHB-A,0.27 €/kWh
2026-10-10T03:46:24Z,STR-E-1X30-A,0 € + 0.16 €/kWh
2026-10-10T03:46:24Z,STR-E-2446-A,0 € + 0.16 €/kWh
2026-10-10T03:46:24Z,STR-E-2K1Q-A,0 € + 0.16 €/kWh
2026-10-10T03:46:24Z,STR-E-2XDJ-A,0 € + 0.16 €/kWh
2026-10-10T03:46:24Z,STR-E-3WE5-A,0 € + 0.16 €/kWh
2026-10-10T03:46:24Z,STR-E-4YKC-A,0 € + 0.16 €/kWh
2026-10-10T03:46:24Z,STR-E-527U-A,0 € + 0.16 €/kWh
2026-10-10T03:46:24Z,STR-E-55I4-A,0 € + 0.16 €/kWh
2026-10-10T03:46:24Z,STR-E-566J-A,0 € + 0.16 €/kWh
2026-10-10T03:46:24Z,STR-E-6E7W-A,0 € + 0.16 €/kWh
2026-10-10T03:46:24Z,STR-E-6ZTQ-A,0 € + 0.16 €/kWh
2026-10-10T03:46:24Z,STR-E-7438-A,0 € + 0.16 €/kWh
2026-10-10T03:46:24Z,STR-E-7YBN-A,0 € + 0.16 €/kWh
2026-10-10T03:46:24Z,STR-E-8A02-A,0 € + 0.16 €/kWh
2026-10-10T03:46:24Z,STR-E-8Q9F-A,0 € + 0.16 €/kWh
2026-10-10T03:46:24Z,STR-E-9AH3-A,0 € + 0.16 €/kWh
2026-10-10T03:46:24Z,STR-E-A169-A,0 € + 0.16 €/kWh
2026-10-10T03:46:24Z,STR-E-ADXE-A,0 € + 0.16 €/kWh
2026-10-10T03:46:24Z,STR-E-AMQK-A,0 € + 0.16 €/kWh
2026-10-10T03:46:24Z,STR-E-AUQ2-A,0 € + 0.16 €/kWh
2026-10-10T03:46:24Z,STR-E-C99Z-A,0 € + 0.16 €/kWh
2026-10-10T03:46:24Z,STR-E-DHEJ-A,0 € + 0.16 €/kWh
2026-10-10T03:46:24Z,STR-E-ECI7-A,0 € + 0.16 €/kWh
2026-10-10T03:46:24Z,STR-E-EFXK-A,0 € + 0.16 €/kWh
2026-10-10T03:46:24Z,STR-E-EPQY-A,0 € + 0.16 €/kWh
2026-10-10T03:46:24Z,STR-E-ER2N-A,0 € + 0.16 €/kWh
2026-10-10T03:46:24Z,STR-E-ES3O-A,0 € + 0.16 €/kWh
2026-10-10T03:46:24Z,STR-E-FKUY-A,0 € + 0.16 €/kWh
2026-10-10T03:46:24Z,STR-E-GFB3-A,0 € + 0.16 €/kWh
2026-10-10T03:46:24Z,STR-E-GK0C-A,0 € + 0.16 €/kWh
2026-10-10T03:46:24Z,STR-E-HHXV-A,0 € + 0.16 €/kWh
2026-10-10T03:46:24Z,STR-E-I1KE-A,0 € + 0.16 €/kWh
2026-10-10T03:46:24Z,STR-E-IAO5-A,0 € + 0.16 €/kWh
2026-10-10T03:46:24Z,STR-E-IPEC-A,0 € + 0.16 €/kWh
2026-10-10T03:46:24Z,STR-E-IV6T-A,0 € + 0.16 €/kWh
2026-10-10T03:46:24Z,STR-E-J54N-A,0 € + 0.16 €/kWh
2026-10-10T03:46:24Z,STR-E-J6DA-A,0 € + 0.16 €/kWh
2026-10-10T03:46:24Z,STR-E-J8VF-A,0 € + 0.16 €/kWh
2026-10-10T03:46:24Z,STR-E-JMOR-A,0 € + 0.16 €/kWh
2026-10-10T03:46:24Z,STR-E-K217-A,0 € + 0.16 €/kWh
2026-10-10T03:46:24Z,STR-E-KOHN-A,0 € + 0.16 €/kWh
2026-10-10T03:46:24Z,STR-E-KT5B-A,0 € + 0.16 €/kWh
2026-10-10T03:46:24Z,STR-E-LREY-A,0.27 €/kWh
2026-10-10T03:46:24Z,STR-E-NDU2-A,0 € + 0.16 €/kWh
2026-10-10T03:46:24Z,STR-E-NDZ4-A,0 € + 0.16 €/kWh
2026-10-10T03:46:24Z,STR-E-NFV5-A,0 € + 0.16 €/kWh
2026-10-10T03:46:24Z,STR-E-NSGB-A,0 € + 0.16 €/kWh
2026-10-10T03:46:24Z,STR-E-NY0Q-A,0.15 € + 0.17 €/kWh
2026-10-10T03:46:24Z,STR-E-O5JX-A,0 € + 0.16 €/kWh
2026-10-10T03:46:24Z,STR-E-OFWF-A,0 € + 0.16 €/kWh
2026-10-10T03:46:24Z,STR-E-OHH6-A,0 € + 0.16 €/kWh
2026-10-10T03:46:24Z,STR-E-P46N-A,0 € + 0.16 €/kWh
2026-10-10T03:46:24Z,STR-E-QAXH-A,0.15 € + 0.17 €/kWh
2026-10-10T03:46:24Z,STR-E-R8PQ-A,0 € + 0.16 €/kWh
2026-10-10T03:46:24Z,STR-E-S6VR-A,0 € + 0.16 €/kWh
2026-10-10T03:46:24Z,STR-E-SGC2-A,0 € + 0.16 €/kWh
2026-10-10T03:46:24Z,STR-E-U41O-A,0 € + 0.16 €/kWh
2026-10-10T03:46:24Z,STR-E-UKPS-A,0.15 € + 0.17 €/kWh
2026-10-10T03:46:24Z,STR-E-VJBJ-A,0 € + 0.16 €/kWh
2026-10-10T03:46:24Z,STR-E-VQ06-A,0 € + 0.16 €/kWh
2026-10-10T03:46:24Z,STR-E-VX2O-A,0 € + 0.16 €/kWh
2026-10-10T03:46:24Z,STR-E-WHZ1-A,0 € + 0.16 €/kWh
2026-10-10T03:46:24Z,STR-E-WLGM-A,0 € + 0.16 €/kWh
2026-10-10T03:46:24Z,STR-E-X54O-A,0 € + 0.16 €/kWh
2026-10-10T03:46:24Z,STR-E-XH51-A,0 € + 0.16 €/kWh
2026-10-10T03:46:24Z,STR-E-XRV8-A,0 € + 0.16 €/kWh
2026-10-10T03:46:24Z,STR-E-Y7JK-A,0 € + 0.16 €/kWh
2026-10-10T03:46:24Z,STR-E-Y82E-A,0 € + 0.16 €/kWh
2026-10-10T03:46:24Z,STR-E-ZEP7-A,0 € + 0.16 €/kWh
2026-10-10T03:46:24Z,STR-E-ZIAZ-A,0 € + 0.16 €/kWh
2026-10-10T03:46:24Z,STR-E-ZK9W-A,0 € + 0.16 €/kWh
2026-10-10T04:02:23Z,IKR-E-1220-A,0.3 € + 0.16 €/kWh
2026-10-10T04:02:23Z,IKR-E-1871-A,0.3 € + 0.16 €/kWh
2026-10-10T04:02:23Z,IKR-E-2G8J-A,0.3 € + 0.16 €/kWh
2026-10-10T04:02:23Z,IKR-E-3TSR-A,0.3 € + 0.16 €/kWh
2026-10-10T04:02:23Z,IKR-E-5715-A,0.3 € + 0.16 €/kWh
2026-10-10T04:02:23Z,IKR-E-5730-A,0.3 € + 0.22 €/kWh
2026-10-10T04:02:23Z,IKR-E-5CGU-A,0.3 € + 0.16 €/kWh
2026-10-10T04:02:23Z,IKR-E-7718-A,0.3 € + 0.22 €/kWh
2026-10-10T04:02:23Z,IKR-E-DVCM-A,0.3 € + 0.16 €/kWh
2026-10-10T04:02:23Z,IKR-E-E475-A,0.3 € + 0.22 €/kWh
2026-10-10T04:02:23Z,IKR-E-E544-A,0.3 € + 0.22 €/kWh
2026-10-10T04:02:23Z,IKR-E-GAY9-A,0.3 € + 0.16 €/kWh
2026-10-10T04:02:23Z,IKR-E-IZW2-A,0.3 € + 0.16 €/kWh
2026-10-10T04:02:23Z,IKR-E-JJAJ-A,0.3 € + 0.16 €/kWh
2026-10-10T04:02:23Z,IKR-E-KMBH-A,0.3 € + 0.16 €/kWh
2026-10-10T04:02:23Z,IKR-E-LJZI-A,0.3 € + 0.16 €/kWh
2026-10-10T04:02:23Z,IKR-E-OWF5-A,0.3 € + 0.23 €/kWh
2026-10-10T04:02:23Z,IKR-E-XIH2-A,0.3 € + 0.16 €/kWh
2026-10-10T04:02:23Z,IKR-E-Y2Z8-A,0.3 € + 0.16 €/kWh
2026-10-10T04:02:23Z,IKR-P-1S0V-A,0.3 € + 1.8 €/val. parkavimo mokestis + 0.38 €/kWh
2026-10-10T04:02:23Z,IKR-P-IV7E-B,0.3 € + 0.16 €/kWh
2026-10-10T04:02:23Z,IKR-P-NUIE-A,0.3 € + 1.8 €/val. parkavimo mokestis + 0.38 €/kWh
2026-10-10T04:02:23Z,IKR-P-SCM5-A,0.3 € + 0.23 €/kWh
2026-10-10T04:02:23Z,IKR-P-V9X4-A,0.3 € + 0.23 €/kWh
2026-10-10T04:02:23Z,IKR-P-V9X4-B,0.3 € + 0.23 €/kWh
2026-10-10T04:02:23Z,STR-E-04YS-A,0 € + 0.15 €/kWh
2026-10-10T04:02:23Z,STR-E-1X30-A,0 € + 0.15 €/kWh
2026-10-10T04:02:23Z,STR-E-2446-A,0 € + 0.15 €/kWh
2026-10-10T04:02:23Z,STR-E-2K1Q-A,0 € + 0.15 €/kWh
2026-10-10T04:02:23Z,STR-E-2XDJ-A,0 € + 0.15 €/kWh
2026-10-10T04:02:23Z,STR-E-3WE5-A,0 € + 0.15 €/kWh
2026-10-10T04:02:23Z,STR-E-4YKC-A,0 € + 0.15 €/kWh
2026-10-10T04:02:23Z,STR-E-527U-A,0 € + 0.15 €/kWh
2026-10-10T04:02:23Z,STR-E-55I4-A,0 € + 0.15 €/kWh
2026-10-10T04:02:23Z,STR-E-566J-A,0 € + 0.15 €/kWh
2026-10-10T04:02:23Z,STR-E-6E7W-A,0 € + 0.15 €/kWh
2026-10-10T04:02:23Z,STR-E-6ZTQ-A,0 € + 0.15 €/kWh
2026-10-10T04:02:23Z,STR-E-7438-A,0 € + 0.15 €/kWh
2026-10-10T04:02:23Z,STR-E-7YBN-A,0 € + 0.15 €/kWh
2026-10-10T04:02:23Z,STR-E-8A02-A,0 € + 0.15 €/kWh
2026-10-10T04:02:23Z,STR-E-8Q9F-A,0 € + 0.15 €/kWh
2026-10-10T04:02:23Z,STR-E-9AH3-A,0 € + 0.15 €/kWh
2026-10-10T04:02:23Z,STR-E-A169-A,0 € + 0.15 €/kWh
2026-10-10T04:02:23Z,STR-E-ADXE-A,0 € + 0.15 €/kWh
2026-10-10T04:02:23Z,STR-E-AMQK-A,0 € + 0.15 €/kWh
2026-10-10T04:02:23Z,STR-E-AUQ2-A,0 € + 0.15 €/kWh
2026-10-10T04:02:23Z,STR-E-C99Z-A,0 € + 0.15 €/kWh
2026-10-10T04:02:23Z,STR-E-DHEJ-A,0 € + 0.15 €/kWh
2026-10-10T04:02:23Z,STR-E-ECI7-A,0 € + 0.15 €/kWh
2026-10-10T04:02:23Z,STR-E-EFXK-A,0 € + 0.15 €/kWh
2026-10-10T04:02:23Z,STR-E-EPQY-A,0 € + 0.15 €/kWh
2026-10-10T04:02:23Z,STR-E-ER2N-A,0 € + 0.15 €/kWh
2026-10-10T04:02:23Z,STR-E-ES3O-A,0 € + 0.15 €/kWh
2026-10-10T04:02:23Z,STR-E-FKUY-A,0 € + 0.15 €/kWh
2026-10-10T04:02:23Z,STR-E-GFB3-A,0 € + 0.15 €/kWh
2026-10-10T04:02:23Z,STR-E-GK0C-A,0 € + 0.15 €/kWh
2026-10-10T04:02:23Z,STR-E-HHXV-A,0 € + 0.15 €/kWh
2026-10-10T04:02:23Z,STR-E-I1KE-A,0 € + 0.15 €/kWh
2026-10-10T04:02:23Z,STR-E-IAO5-A,0 € + 0.15 €/kWh
2026-10-10T04:02:23Z,STR-E-IPEC-A,0 € + 0.15 €/kWh
2026-10-10T04:02:23Z,STR-E-IV6T-A,0 € + 0.15 €/kWh
2026-10-10T04:02:23Z,STR-E-J54N-A,0 € + 0.15 €/kWh
2026-10-10T04:02:23Z,STR-E-J6DA-A,0 € + 0.15 €/kWh
2026-10-10T04:02:23Z,STR-E-J8VF-A,0 € + 0.15 €/kWh
2026-10-10T04:02:23Z,STR-E-JMOR-A,0 € + 0.15 €/kWh
2026-10-10T04:02:23Z,STR-E-K217-A,0 € + 0.15 €/kWh
2026-10-10T04:02:23Z,STR-E-KOHN-A,0 € + 0.15 €/kWh
2026-10-10T04:02:23Z,STR-E-KT5B-A,0 € + 0.15 €/kWh
2026-10-10T04:02:23Z,STR-E-NDU2-A,0 € + 0.15 €/kWh
2026-10-10T04:02:23Z,STR-E-NDZ4-A,0 € + 0.15 €/kWh
2026-10-10T04:02:23Z,STR-E-NFV5-A,0 € + 0.15 €/kWh
2026-10-10T04:02:23Z,STR-E-NSGB-A,0 € + 0.15 €/kWh
2026-10-10T04:02:23Z,STR-E-O5JX-A,0 € + 0.15 €/kWh
2026-10-10T04:02:23Z,STR-E-OFWF-A,0 € + 0.15 €/kWh
2026-10-10T04:02:23Z,STR-E-OHH6-A,0 € + 0.15 €/kWh
2026-10-10T04:02:23Z,STR-E-P46N-A,0 € + 0.15 €/kWh
2026-10-10T04:02:23Z,STR-E-R8PQ-A,0 € + 0.15 €/kWh
2026-10-10T04:02:23Z,STR-E-S6VR-A,0 € + 0.15 €/kWh
2026-10-10T04:02:23Z,STR-E-SGC2-A,0 € + 0.15 €/kWh
2026-10-10T04:02:23Z,STR-E-U41O-A,0 € + 0.15 €/kWh
2026-10-10T04:02:23Z,STR-E-VJBJ-A,0 € + 0.15 €/kWh
2026-10-10T04:02:23Z,STR-E-VQ06-A,0 € + 0.15 €/kWh
2026-10-10T04:02:23Z,STR-E-VX2O-A,0 € + 0.15 €/kWh
2026-10-10T04:02:23Z,STR-E-WHZ1-A,0 € + 0.15 €/kWh
2026-10-10T04:02:23Z,STR-E-WLGM-A,0 € + 0.15 €/kWh
2026-10-10T04:02:23Z,STR-E-X54O-A,0 € + 0.15 €/kWh
2026-10-10T04:02:23Z,STR-E-XH51-A,0 € + 0.15 €/kWh
2026-10-10T04:02:23Z,STR-E-XRV8-A,0 € + 0.15 €/kWh
2026-10-10T04:02:23Z,STR-E-Y7JK-A,0 € + 0.15 €/kWh
2026-10-10T04:02:23Z,STR-E-Y82E-A,0 € + 0.15 €/kWh
2026-10-10T04:02:23Z,STR-E-ZEP7-A,0 € + 0.15 €/kWh
2026-10-10T04:02:23Z,STR-E-ZIAZ-A,0 € + 0.15 €/kWh
2026-10-10T04:02:23Z,STR-E-ZK9W-A,0 € + 0.15 €/kWh
2026-10-10T04:18:24Z,IKR-E-1220-A,0.3 € + 0.17 €/kWh
2026-10-10T04:18:24Z,IKR-E-1871-A,0.3 € + 0.17 €/kWh
2026-10-10T04:18:24Z,IKR-E-2G8J-A,0.3 € + 0.17 €/kWh
2026-10-10T04:18:24Z,IKR-E-3TSR-A,0.3 € + 0.17 €/kWh
2026-10-10T04:18:24Z,IKR-E-5715-A,0.3 € + 0.17 €/kWh
2026-10-10T04:18:24Z,IKR-E-5730-A,0.3 € + 0.23 €/kWh
2026-10-10T04:18:24Z,IKR-E-5CGU-A,0.3 € + 0.17 €/kWh
2026-10-10T04:18:24Z,IKR-E-7718-A,0.3 € + 0.23 €/kWh
2026-10-10T04:18:24Z,IKR-E-DVCM-A,0.3 € + 0.17 €/kWh
2026-10-10T04:18:24Z,IKR-E-E475-A,0.3 € + 0.23 €/kWh
2026-10-10T04:18:24Z,IKR-E-E544-A,0.3 € + 0.23 €/kWh
2026-10-10T04:18:24Z,IKR-E-GAY9-A,0.3 € + 0.17 €/kWh
2026-10-10T04:18:24Z,IKR-E-IZW2-A,0.3 € + 0.17 €/kWh
2026-10-10T04:18:24Z,IKR-E-JJAJ-A,0.3 € + 0.17 €/kWh
2026-10-10T04:18:24Z,IKR-E-KMBH-A,0.3 € + 0.17 €/kWh
2026-10-10T04:18:24Z,IKR-E-LJZI-A,0.3 € + 0.17 €/kWh
2026-10-10T04:18:24Z,IKR-E-OWF5-A,0.3 € + 0.24 €/kWh
2026-10-10T04:18:24Z,IKR-E-XIH2-A,0.3 € + 0.17 €/kWh
2026-10-10T04:18:24Z,IKR-E-Y2Z8-A,0.3 € + 0.17 €/kWh
2026-10-10T04:18:24Z,IKR-P-IV7E-B,0.3 € + 0.17 €/kWh
2026-10-10T04:18:24Z,IKR-P-SCM5-A,0.3 € + 0.24 €/kWh
2026-10-10T04:18:24Z,IKR-P-V9X4-A,0.3 € + 0.24 €/kWh
2026-10-10T04:18:24Z,IKR-P-V9X4-B,0.3 € + 0.24 €/kWh
2026-10-10T04:46:23Z,IKR-E-1220-A,0.3 € + 0.18 €/kWh
2026-10-10T04:46:23Z,IKR-E-1871-A,0.3 € + 0.18 €/kWh
2026-10-10T04:46:23Z,IKR-E-2G8J-A,0.3 € + 0.18 €/kWh
2026-10-10T04:46:23Z,IKR-E-3TSR-A,0.3 € + 0.18 €/kWh
2026-10-10T04:46:23Z,IKR-E-5715-A,0.3 € + 0.18 €/kWh
2026-10-10T04:46:23Z,IKR-E-5730-A,0.3 € + 0.24 €/kWh
2026-10-10T04:46:23Z,IKR-E-5CGU-A,0.3 € + 0.18 €/kWh
2026-10-10T04:46:23Z,IKR-E-7718-A,0.3 € + 0.24 €/kWh
2026-10-10T04:46:23Z,IKR-E-DVCM-A,0.3 € + 0.18 €/kWh
2026-10-10T04:46:23Z,IKR-E-GAY9-A,0.3 € + 0.18 €/kWh
2026-10-10T04:46:23Z,IKR-E-IZW2-A,0.3 € + 0.18 €/kWh
2026-10-10T04:46:23Z,IKR-E-JJAJ-A,0.3 € + 0.18 €/kWh
2026-10-10T04:46:23Z,IKR-E-KMBH-A,0.3 € + 0.18 €/kWh
2026-10-10T04:46:23Z,IKR-E-LJZI-A,0.3 € + 0.18 €/kWh
2026-10-10T04:46:23Z,IKR-E-XIH2-A,0.3 € + 0.18 €/kWh
2026-10-10T04:46:23Z,IKR-P-IV7E-B,0.3 € + 0.18 €/kWh
2026-10-10T04:46:23Z,STR-E-04YS-A,0 € + 0.16 €/kWh
2026-10-10T04:46:23Z,STR-E-1X30-A,0 € + 0.16 €/kWh
2026-10-10T04:46:23Z,STR-E-2446-A,0 € + 0.16 €/kWh
2026-10-10T04:46:23Z,STR-E-2K1Q-A,0 € + 0.16 €/kWh
2026-10-10T04:46:23Z,STR-E-2XDJ-A,0 € + 0.16 €/kWh
2026-10-10T04:46:23Z,STR-E-3WE5-A,0 € + 0.16 €/kWh
2026-10-10T04:46:23Z,STR-E-491A-A,0.17 €/kWh
2026-10-10T04:46:23Z,STR-E-491A-B,0.17 €/kWh
2026-10-10T04:46:23Z,STR-E-491A-C,0.17 €/kWh
2026-10-10T04:46:23Z,STR-E-4DE6-A,0.17 €/kWh
2026-10-10T04:46:23Z,STR-E-4DE6-B,0.17 €/kWh
2026-10-10T04:46:23Z,STR-E-4YKC-A,0 € + 0.16 €/kWh
2026-10-10T04:46:23Z,STR-E-527U-A,0 € + 0.16 €/kWh
2026-10-10T04:46:23Z,STR-E-55I4-A,0 € + 0.16 €/kWh
2026-10-10T04:46:23Z,STR-E-566J-A,0 € + 0.16 €/kWh
2026-10-10T04:46:23Z,STR-E-6E7W-A,0 € + 0.16 €/kWh
2026-10-10T04:46:23Z,STR-E-6ZTQ-A,0 € + 0.16 €/kWh
2026-10-10T04:46:23Z,STR-E-7438-A,0 € + 0.16 €/kWh
2026-10-10T04:46:23Z,STR-E-7YBN-A,0 € + 0.16 €/kWh
2026-10-10T04:46:23Z,STR-E-8A02-A,0 € + 0.16 €/kWh
2026-10-10T04:46:23Z,STR-E-8Q9F-A,0 € + 0.16 €/kWh
2026-10-10T04:46:23Z,STR-E-9AH3-A,0 € + 0.16 €/kWh
2026-10-10T04:46:23Z,STR-E-A169-A,0 € + 0.16 €/kWh
2026-10-10T04:46:23Z,STR-E-ADXE-A,0 € + 0.16 €/kWh
2026-10-10T04:46:23Z,STR-E-AMQK-A,0 € + 0.16 €/kWh
2026-10-10T04:46:23Z,STR-E-AUQ2-A,0 € + 0.16 €/kWh
2026-10-10T04:46:23Z,STR-E-B36V-A,0.19 € + 0.25 €/kWh
2026-10-10T04:46:23Z,STR-E-B36V-B,0.19 € + 0.25 €/kWh
2026-10-10T04:46:23Z,STR-E-C99Z-A,0 € + 0.16 €/kWh
2026-10-10T04:46:23Z,STR-E-DHEJ-A,0 € + 0.16 €/kWh
2026-10-10T04:46:23Z,STR-E-ECI7-A,0 € + 0.16 €/kWh
2026-10-10T04:46:23Z,STR-E-EFXK-A,0 € + 0.16 €/kWh
2026-10-10T04:46:23Z,STR-E-EPQY-A,0 € + 0.16 €/kWh
2026-10-10T04:46:23Z,STR-E-ER2N-A,0 € + 0.16 €/kWh
2026-10-10T04:46:23Z,STR-E-ES3O-A,0 € + 0.16 €/kWh
2026-10-10T04:46:23Z,STR-E-FKUY-A,0 € + 0.16 €/kWh
2026-10-10T04:46:23Z,STR-E-GFB3-A,0 € + 0.16 €/kWh
2026-10-10T04:46:23Z,STR-E-GK0C-A,0 € + 0.16 €/kWh
2026-10-10T04:46:23Z,STR-E-HHXV-A,0 € + 0.16 €/kWh
2026-10-10T04:46:23Z,STR-E-I1KE-A,0 € + 0.16 €/kWh
2026-10-10T04:46:23Z,STR-E-IAO5-A,0 € + 0.16 €/kWh
2026-10-10T04:46:23Z,STR-E-IPEC-A,0 € + 0.16 €/kWh
2026-10-10T04:46:23Z,STR-E-IV6T-A,0 € + 0.16 €/kWh
2026-10-10T04:46:23Z,STR-E-J54N-A,0 € + 0.16 €/kWh
2026-10-10T04:46:23Z,STR-E-J6DA-A,0 € + 0.16 €/kWh
2026-10-10T04:46:23Z,STR-E-J8VF-A,0 € + 0.16 €/kWh
2026-10-10T04:46:23Z,STR-E-JMOR-A,0 € + 0.16 €/kWh
2026-10-10T04:46:23Z,STR-E-K217-A,0 € + 0.16 €/kWh
2026-10-10T04:46:23Z,STR-E-KOHN-A,0 € + 0.16 €/kWh
2026-10-10T04:46:23Z,STR-E-KT5B-A,0 € + 0.16 €/kWh
2026-10-10T04:46:23Z,STR-E-MIP3-A,0.17 €/kWh
2026-10-10T04:46:23Z,STR-E-MIP3-B,0.17 €/kWh
2026-10-10T04:46:23Z,STR-E-NDU2-A,0 € + 0.16 €/kWh
2026-10-10T04:46:23Z,STR-E-NDZ4-A,0 € + 0.16 €/kWh
2026-10-10T04:46:23Z,STR-E-NFV5-A,0 € + 0.16 €/kWh
2026-10-10T04:46:23Z,STR-E-NSGB-A,0 € + 0.16 €/kWh
2026-10-10T04:46:23Z,STR-E-O5JX-A,0 € + 0.16 €/kWh
2026-10-10T04:46:23Z,STR-E-OFWF-A,0 € + 0.16 €/kWh
2026-10-10T04:46:23Z,STR-E-OHH6-A,0 € + 0.16 €/kWh
2026-10-10T04:46:23Z,STR-E-P46N-A,0 € + 0.16 €/kWh
2026-10-10T04:46:23Z,STR-E-QLC9-A,0.17 €/kWh
2026-10-10T04:46:23Z,STR-E-QLC9-B,0.17 €/kWh
2026-10-10T04:46:23Z,STR-E-R8PQ-A,0 € + 0.16 €/kWh
2026-10-10T04:46:23Z,STR-E-S6VR-A,0 € + 0.16 €/kWh
2026-10-10T04:46:23Z,STR-E-SGC2-A,0 € + 0.16 €/kWh
2026-10-10T04:46:23Z,STR-E-U41O-A,0 € + 0.16 €/kWh
2026-10-10T04:46:23Z,STR-E-UPAQ-A,0.17 €/kWh
2026-10-10T04:46:23Z,STR-E-UPAQ-B,0.17 €/kWh
2026-10-10T04:46:23Z,STR-E-VJBJ-A,0 € + 0.16 €/kWh
2026-10-10T04:46:23Z,STR-E-VQ06-A,0 € + 0.16 €/kWh
2026-10-10T04:46:23Z,STR-E-VX2O-A,0 € + 0.16 €/kWh
2026-10-10T04:46:23Z,STR-E-WHZ1-A,0 € + 0.16 €/kWh
2026-10-10T04:46:23Z,STR-E-WLGM-A,0 € + 0.16 €/kWh
2026-10-10T04:46:23Z,STR-E-X54O-A,0 € + 0.16 €/kWh
2026-10-10T04:46:23Z,STR-E-XH51-A,0 € + 0.16 €/kWh
2026-10-10T04:46:23Z,STR-E-XRV8-A,0 € + 0.16 €/kWh
2026-10-10T04:46:23Z,STR-E-Y7JK-A,0 € + 0.16 €/kWh
2026-10-10T04:46:23Z,STR-E-Y82E-A,0 € + 0.16 €/kWh
2026-10-10T04:46:23Z,STR-E-ZEP7-A,0 € + 0.16 €/kWh
2026-10-10T04:46:23Z,STR-E-ZIAZ-A,0 € + 0.16 €/kWh
2026-10-10T04:46:23Z,STR-E-ZK9W-A,0 € + 0.16 €/kWh
2026-10-10T05:02:23Z,IGN-E-0X0P-A,3 €/val. parkavimo mokestis + 0.35 €/kWh
2026-10-10T05:02:23Z,IGN-E-0X0P-B,3 €/val. parkavimo mokestis + 0.35 €/kWh
2026-10-10T05:02:23Z,IGN-E-0X0P-C,3 €/val. parkavimo mokestis + 0.35 €/kWh
2026-10-10T05:02:23Z,IGN-E-0X0P-D,3 €/val. parkavimo mokestis + 0.35 €/kWh
2026-10-10T05:02:23Z,IGN-E-0X0P-E,3 €/val. parkavimo mokestis + 0.35 €/kWh
2026-10-10T05:02:23Z,IGN-E-0X0P-F,3 €/val. parkavimo mokestis + 0.35 €/kWh
2026-10-10T05:02:23Z,IGN-E-0X0P-G,3 €/val. parkavimo mokestis + 0.35 €/kWh
2026-10-10T05:02:23Z,IGN-E-0X0P-H,3 €/val. parkavimo mokestis + 0.35 €/kWh
2026-10-10T05:02:23Z,IGN-E-0X0P-I,3 €/val. parkavimo mokestis + 0.35 €/kWh
2026-10-10T05:02:23Z,IGN-E-370-A,3 €/val. parkavimo mokestis + 0.35 €/kWh
2026-10-10T05:02:23Z,IGN-E-370-B,3 €/val. parkavimo mokestis + 0.35 €/kWh
2026-10-10T05:02:23Z,IGN-E-370-C,3 €/val. parkavimo mokestis + 0.35 €/kWh
2026-10-10T05:02:23Z,IGN-E-370-D,3 €/val. parkavimo mokestis + 0.35 €/kWh
2026-10-10T05:02:23Z,IGN-E-370-E,3 €/val. parkavimo mokestis + 0.35 €/kWh
2026-10-10T05:02:23Z,IGN-E-370-F,3 €/val. parkavimo mokestis + 0.35 €/kWh
2026-10-10T05:02:23Z,IGN-E-CK94-A,3 €/val. parkavimo mokestis + 0.35 €/kWh
2026-10-10T05:02:23Z,IGN-E-CK94-B,3 €/val. parkavimo mokestis + 0.35 €/kWh
2026-10-10T05:02:23Z,IGN-E-CK94-C,3 €/val. parkavimo mokestis + 0.35 €/kWh
2026-10-10T05:02:23Z,IGN-E-CK94-D,3 €/val. parkavimo mokestis + 0.35 €/kWh
2026-10-10T05:02:23Z,IKR-E-1220-A,0.3 € + 0.17 €/kWh
2026-10-10T05:02:23Z,IKR-E-1871-A,0.3 € + 0.17 €/kWh
2026-10-10T05:02:23Z,IKR-E-2G8J-A,0.3 € + 0.17 €/kWh
2026-10-10T05:02:23Z,IKR-E-3855-A,0.3 € + 0.21 €/kWh
2026-10-10T05:02:23Z,IKR-E-3TSR-A,0.3 € + 0.17 €/kWh
2026-10-10T05:02:23Z,IKR-E-5715-A,0.3 € + 0.17 €/kWh
2026-10-10T05:02:23Z,IKR-E-5730-A,0.3 € + 0.23 €/kWh
2026-10-10T05:02:23Z,IKR-E-5CGU-A,0.3 € + 0.17 €/kWh
2026-10-10T05:02:23Z,IKR-E-7718-A,0.3 € + 0.23 €/kWh
2026-10-10T05:02:23Z,IKR-E-9635-A,0.3 € + 0.21 €/kWh
2026-10-10T05:02:23Z,IKR-E-DVCM-A,0.3 € + 0.17 €/kWh
2026-10-10T05:02:23Z,IKR-E-GAY9-A,0.3 € + 0.17 €/kWh
2026-10-10T05:02:23Z,IKR-E-IZW2-A,0.3 € + 0.17 €/kWh
2026-10-10T05:02:23Z,IKR-E-JJAJ-A,0.3 € + 0.17 €/kWh
2026-10-10T05:02:23Z,IKR-E-KMBH-A,0.3 € + 0.17 €/kWh
2026-10-10T05:02:23Z,IKR-E-LJZI-A,0.3 € + 0.17 €/kWh
2026-10-10T05:02:23Z,IKR-E-XIH2-A,0.3 € + 0.17 €/kWh
2026-10-10T05:02:23Z,IKR-P-IV7E-B,0.3 € + 0.17 €/kWh
2026-10-10T05:02:23Z,STR-E-04YS-A,0 € + 0.15 €/kWh
2026-10-10T05:02:23Z,STR-E-1X30-A,0 € + 0.15 €/kWh
2026-10-10T05:02:23Z,STR-E-2446-A,0 € + 0.15 €/kWh
2026-10-10T05:02:23Z,STR-E-2K1Q-A,0 € + 0.15 €/kWh
2026-10-10T05:02:23Z,STR-E-2XDJ-A,0 € + 0.15 €/kWh
2026-10-10T05:02:23Z,STR-E-3WE5-A,0 € + 0.15 €/kWh
2026-10-10T05:02:23Z,STR-E-491A-A,0.16 €/kWh
2026-10-10T05:02:23Z,STR-E-491A-B,0.16 €/kWh
2026-10-10T05:02:23Z,STR-E-491A-C,0.16 €/kWh
2026-10-10T05:02:23Z,STR-E-4DE6-A,0.16 €/kWh
2026-10-10T05:02:23Z,STR-E-4DE6-B,0.16 €/kWh
2026-10-10T05:02:23Z,STR-E-4YKC-A,0 € + 0.15 €/kWh
2026-10-10T05:02:23Z,STR-E-527U-A,0 € + 0.15 €/kWh
2026-10-10T05:02:23Z,STR-E-55I4-A,0 € + 0.15 €/kWh
2026-10-10T05:02:23Z,STR-E-566J-A,0 € + 0.15 €/kWh
2026-10-10T05:02:23Z,STR-E-6E7W-A,0 € + 0.15 €/kWh
2026-10-10T05:02:23Z,STR-E-6ZTQ-A,0 € + 0.15 €/kWh
2026-10-10T05:02:23Z,STR-E-7438-A,0 € + 0.15 €/kWh
2026-10-10T05:02:23Z,STR-E-7YBN-A,0 € + 0.15 €/kWh
2026-10-10T05:02:23Z,STR-E-8A02-A,0 € + 0.15 €/kWh
2026-10-10T05:02:23Z,STR-E-8Q9F-A,0 € + 0.15 €/kWh
2026-10-10T05:02:23Z,STR-E-9AH3-A,0 € + 0.15 €/kWh
2026-10-10T05:02:23Z,STR-E-A169-A,0 € + 0.15 €/kWh
2026-10-10T05:02:23Z,STR-E-ADXE-A,0 € + 0.15 €/kWh
2026-10-10T05:02:23Z,STR-E-AMQK-A,0 € + 0.15 €/kWh
2026-10-10T05:02:23Z,STR-E-AUQ2-A,0 € + 0.15 €/kWh
2026-10-10T05:02:23Z,STR-E-B36V-A,0.19 € + 0.24 €/kWh
2026-10-10T05:02:23Z,STR-E-B36V-B,0.19 € + 0.24 €/kWh
2026-10-10T05:02:23Z,STR-E-C99Z-A,0 € + 0.15 €/kWh
2026-10-10T05:02:23Z,STR-E-DHEJ-A,0 € + 0.15 €/kWh
2026-10-10T05:02:23Z,STR-E-ECI7-A,0 € + 0.15 €/kWh
2026-10-10T05:02:23Z,STR-E-EFXK-A,0 € + 0.15 €/kWh
2026-10-10T05:02:23Z,STR-E-EPQY-A,0 € + 0.15 €/kWh
2026-10-10T05:02:23Z,STR-E-ER2N-A,0 € + 0.15 €/kWh
2026-10-10T05:02:23Z,STR-E-ES3O-A,0 € + 0.15 €/kWh
2026-10-10T05:02:23Z,STR-E-FKUY-A,0 € + 0.15 €/kWh
2026-10-10T05:02:23Z,STR-E-GFB3-A,0 € + 0.15 €/kWh
2026-10-10T05:02:23Z,STR-E-GK0C-A,0 € + 0.15 €/kWh
2026-10-10T05:02:23Z,STR-E-HHXV-A,0 € + 0.15 €/kWh
2026-10-10T05:02:23Z,STR-E-I1KE-A,0 € + 0.15 €/kWh
2026-10-10T05:02:23Z,STR-E-IAO5-A,0 € + 0.15 €/kWh
2026-10-10T05:02:23Z,STR-E-IPEC-A,0 € + 0.15 €/kWh
2026-10-10T05:02:23Z,STR-E-IV6T-A,0 € + 0.15 €/kWh
2026-10-10T05:02:23Z,STR-E-J54N-A,0 € + 0.15 €/kWh
2026-10-10T05:02:23Z,STR-E-J6DA-A,0 € + 0.15 €/kWh
2026-10-10T05:02:23Z,STR-E-J8VF-A,0 € + 0.15 €/kWh
2026-10-10T05:02:23Z,STR-E-JMOR-A,0 € + 0.15 €/kWh
2026-10-10T05:02:23Z,STR-E-K217-A,0 € + 0.15 €/kWh
2026-10-10T05:02:23Z,STR-E-KOHN-A,0 € + 0.15 €/kWh
2026-10-10T05:02:23Z,STR-E-KT5B-A,0 € + 0.15 €/kWh
2026-10-10T05:02:23Z,STR-E-MIP3-A,0.16 €/kWh
2026-10-10T05:02:23Z,STR-E-MIP3-B,0.16 €/kWh
2026-10-10T05:02:23Z,STR-E-NDU2-A,0 € + 0.15 €/kWh
2026-10-10T05:02:23Z,STR-E-NDZ4-A,0 € + 0.15 €/kWh
2026-10-10T05:02:23Z,STR-E-NFV5-A,0 € + 0.15 €/kWh
2026-10-10T05:02:23Z,STR-E-NSGB-A,0 € + 0.15 €/kWh
2026-10-10T05:02:23Z,STR-E-O5JX-A,0 € + 0.15 €/kWh
2026-10-10T05:02:23Z,STR-E-OFWF-A,0 € + 0.15 €/kWh
2026-10-10T05:02:23Z,STR-E-OHH6-A,0 € + 0.15 €/kWh
2026-10-10T05:02:23Z,STR-E-P46N-A,0 € + 0.15 €/kWh
2026-10-10T05:02:23Z,STR-E-QLC9-A,0.16 €/kWh
2026-10-10T05:02:23Z,STR-E-QLC9-B,0.16 €/kWh
2026-10-10T05:02:23Z,STR-E-R8PQ-A,0 € + 0.15 €/kWh
2026-10-10T05:02:23Z,STR-E-S6VR-A,0 € + 0.15 €/kWh
2026-10-10T05:02:23Z,STR-E-SGC2-A,0 € + 0.15 €/kWh
2026-10-10T05:02:23Z,STR-E-U41O-A,0 € + 0.15 €/kWh
2026-10-10T05:02:23Z,STR-E-UPAQ-A,0.16 €/kWh
2026-10-10T05:02:23Z,STR-E-UPAQ-B,0.16 €/kWh
2026-10-10T05:02:23Z,STR-E-VJBJ-A,0 € + 0.15 €/kWh
2026-10-10T05:02:23Z,STR-E-VQ06-A,0 € + 0.15 €/kWh
2026-10-10T05:02:23Z,STR-E-VX2O-A,0 € + 0.15 €/kWh
2026-10-10T05:02:23Z,STR-E-WHZ1-A,0 € + 0.15 €/kWh
2026-10-10T05:02:23Z,STR-E-WLGM-A,0 € + 0.15 €/kWh
2026-10-10T05:02:23Z,STR-E-X54O-A,0 € + 0.15 €/kWh
2026-10-10T05:02:23Z,STR-E-XH51-A,0 € + 0.15 €/kWh
2026-10-10T05:02:23Z,STR-E-XRV8-A,0 € + 0.15 €/kWh
2026-10-10T05:02:23Z,STR-E-Y7JK-A,0 € + 0.15 €/kWh
2026-10-10T05:02:23Z,STR-E-Y82E-A,0 € + 0.15 €/kWh
2026-10-10T05:02:23Z,STR-E-ZEP7-A,0 € + 0.15 €/kWh
2026-10-10T05:02:23Z,STR-E-ZIAZ-A,0 € + 0.15 €/kWh
2026-10-10T05:02:23Z,STR-E-ZK9W-A,0 € + 0.15 €/kWh
2026-10-10T05:18:23Z,IKR-E-1220-A,0.3 € + 0.18 €/kWh
2026-10-10T05:18:23Z,IKR-E-1871-A,0.3 € + 0.18 €/kWh
2026-10-10T05:18:23Z,IKR-E-2G8J-A,0.3 € + 0.18 €/kWh
2026-10-10T05:18:23Z,IKR-E-3TSR-A,0.3 € + 0.18 €/kWh
2026-10-10T05:18:23Z,IKR-E-5715-A,0.3 € + 0.18 €/kWh
2026-10-10T05:18:23Z,IKR-E-5730-A,0.3 € + 0.24 €/kWh
2026-10-10T05:18:23Z,IKR-E-5CGU-A,0.3 € + 0.18 €/kWh
2026-10-10T05:18:23Z,IKR-E-7718-A,0.3 € + 0.24 €/kWh
2026-10-10T05:18:23Z,IKR-E-DVCM-A,0.3 € + 0.18 €/kWh
2026-10-10T05:18:23Z,IKR-E-GAY9-A,0.3 € + 0.18 €/kWh
2026-10-10T05:18:23Z,IKR-E-IZW2-A,0.3 € + 0.18 €/kWh
2026-10-10T05:18:23Z,IKR-E-JJAJ-A,0.3 € + 0.18 €/kWh
2026-10-10T05:18:23Z,IKR-E-KMBH-A,0.3 € + 0.18 €/kWh
2026-10-10T05:18:23Z,IKR-E-LJZI-A,0.3 € + 0.18 €/kWh
2026-10-10T05:18:23Z,IKR-E-XIH2-A,0.3 € + 0.18 €/kWh
2026-10-10T05:18:23Z,IKR-P-IV7E-B,0.3 € + 0.18 €/kWh
2026-10-10T05:18:23Z,STR-E-02VO-A,0.2 €/kWh
2026-10-10T05:18:23Z,STR-E-02VO-B,0.2 €/kWh
2026-10-10T05:18:23Z,STR-E-04YS-A,0 € + 0.16 €/kWh
2026-10-10T05:18:23Z,STR-E-051F-A,0.08 € + 0.12 €/kWh
2026-10-10T05:18:23Z,STR-E-10G9-A,0.08 € + 0.12 €/kWh
2026-10-10T05:18:23Z,STR-E-10G9-B,0.08 € + 0.12 €/kWh
2026-10-10T05:18:23Z,STR-E-1ME5-A,0.08 € + 0.12 €/kWh
2026-10-10T05:18:23Z,STR-E-1ME5-B,0.08 € + 0.12 €/kWh
2026-10-10T05:18:23Z,STR-E-1X30-A,0 € + 0.16 €/kWh
2026-10-10T05:18:23Z,STR-E-2446-A,0 € + 0.16 €/kWh
2026-10-10T05:18:23Z,STR-E-2K1Q-A,0 € + 0.16 €/kWh
2026-10-10T05:18:23Z,STR-E-2XDJ-A,0 € + 0.16 €/kWh
2026-10-10T05:18:23Z,STR-E-3WE5-A,0 € + 0.16 €/kWh
2026-10-10T05:18:23Z,STR-E-3YH3-A,0.08 € + 0.12 €/kWh
2026-10-10T05:18:23Z,STR-E-3YH3-B,0.08 € + 0.12 €/kWh
2026-10-10T05:18:23Z,STR-E-491A-A,0.17 €/kWh
2026-10-10T05:18:23Z,STR-E-491A-B,0.17 €/kWh
2026-10-10T05:18:23Z,STR-E-491A-C,0.17 €/kWh
2026-10-10T05:18:23Z,STR-E-4DE6-A,0.17 €/kWh
2026-10-10T05:18:23Z,STR-E-4DE6-B,0.17 €/kWh
2026-10-10T05:18:23Z,STR-E-4YKC-A,0 € + 0.16 €/kWh
2026-10-10T05:18:23Z,STR-E-527U-A,0 € + 0.16 €/kWh
2026-10-10T05:18:23Z,STR-E-54PK-A,0.08 € + 0.12 €/kWh
2026-10-10T05:18:23Z,STR-E-54PK-B,0.08 € + 0.12 €/kWh
2026-10-10T05:18:23Z,STR-E-55I4-A,0 € + 0.16 €/kWh
2026-10-10T05:18:23Z,STR-E-566J-A,0 € + 0.16 €/kWh
2026-10-10T05:18:23Z,STR-E-59TF-A,0.08 € + 0.12 €/kWh
2026-10-10T05:18:23Z,STR-E-6E7W-A,0 € + 0.16 €/kWh
2026-10-10T05:18:23Z,STR-E-6ZTQ-A,0 € + 0.16 €/kWh
2026-10-10T05:18:23Z,STR-E-7438-A,0 € + 0.16 €/kWh
2026-10-10T05:18:23Z,STR-E-7A48-A,0.08 € + 0.12 €/kWh
2026-10-10T05:18:23Z,STR-E-7YBN-A,0 € + 0.16 €/kWh
2026-10-10T05:18:23Z,STR-E-8A02-A,0 € + 0.16 €/kWh
2026-10-10T05:18:23Z,STR-E-8Q9F-A,0 € + 0.16 €/kWh
2026-10-10T05:18:23Z,STR-E-9AH3-A,0 € + 0.16 €/kWh
2026-10-10T05:18:23Z,STR-E-A169-A,0 € + 0.16 €/kWh
2026-10-10T05:18:23Z,STR-E-A27N-A,0.2 €/kWh
2026-10-10T05:18:23Z,STR-E-A27N-B,0.2 €/kWh
2026-10-10T05:18:23Z,STR-E-A27N-C,0.2 €/kWh
2026-10-10T05:18:23Z,STR-E-ADXE-A,0 € + 0.16 €/kWh
2026-10-10T05:18:23Z,STR-E-AF2O-A,0.08 € + 0.12 €/kWh
2026-10-10T05:18:23Z,STR-E-AMQK-A,0 € + 0.16 €/kWh
2026-10-10T05:18:23Z,STR-E-AUQ2-A,0 € + 0.16 €/kWh
2026-10-10T05:18:23Z,STR-E-AWF1-A,0.08 € + 0.12 €/kWh
2026-10-10T05:18:23Z,STR-E-AWF1-B,0.08 € + 0.12 €/kWh
2026-10-10T05:18:23Z,STR-E-AWJ9-A,0.2 €/kWh
2026-10-10T05:18:23Z,STR-E-AWJ9-B,0.2 €/kWh
2026-10-10T05:18:23Z,STR-E-B36V-A,0.19 € + 0.25 €/kWh
2026-10-10T05:18:23Z,STR-E-B36V-B,0.19 € + 0.25 €/kWh
2026-10-10T05:18:23Z,STR-E-C99Z-A,0 € + 0.16 €/kWh
2026-10-10T05:18:23Z,STR-E-DBCC-A,0.08 € + 0.12 €/kWh
2026-10-10T05:18:23Z,STR-E-DBCC-B,0.08 € + 0.12 €/kWh
2026-10-10T05:18:23Z,STR-E-DHEJ-A,0 € + 0.16 €/kWh
2026-10-10T05:18:23Z,STR-E-ECI7-A,0 € + 0.16 €/kWh
2026-10-10T05:18:23Z,STR-E-EFXK-A,0 € + 0.16 €/kWh
2026-10-10T05:18:23Z,STR-E-EPQY-A,0 € + 0.16 €/kWh
2026-10-10T05:18:23Z,STR-E-ER2N-A,0 € + 0.16 €/kWh
2026-10-10T05:18:23Z,STR-E-ES3O-A,0 € + 0.16 €/kWh
2026-10-10T05:18:23Z,STR-E-F2G0-A,0.08 € + 0.12 €/kWh
2026-10-10T05:18:23Z,STR-E-F2G0-B,0.08 € + 0.12 €/kWh
2026-10-10T05:18:23Z,STR-E-FKUY-A,0 € + 0.16 €/kWh
2026-10-10T05:18:23Z,STR-E-FUE8-A,0.08 € + 0.12 €/kWh
2026-10-10T05:18:23Z,STR-E-FUE8-B,0.08 € + 0.12 €/kWh
2026-10-10T05:18:23Z,STR-E-GFB3-A,0 € + 0.16 €/kWh
2026-10-10T05:18:23Z,STR-E-GK0C-A,0 € + 0.16 €/kWh
2026-10-10T05:18:23Z,STR-E-HHXV-A,0 € + 0.16 €/kWh
2026-10-10T05:18:23Z,STR-E-I1KE-A,0 € + 0.16 €/kWh
2026-10-10T05:18:23Z,STR-E-IAO5-A,0 € + 0.16 €/kWh
2026-10-10T05:18:23Z,STR-E-IIKL-A,0.08 € + 0.12 €/kWh
2026-10-10T05:18:23Z,STR-E-IIKL-B,0.08 € + 0.12 €/kWh
2026-10-10T05:18:23Z,STR-E-IPEC-A,0 € + 0.16 €/kWh
2026-10-10T05:18:23Z,STR-E-IV6T-A,0 € + 0.16 €/kWh
2026-10-10T05:18:23Z,STR-E-J54N-A,0 € + 0.16 €/kWh
2026-10-10T05:18:23Z,STR-E-J6DA-A,0 € + 0.16 €/kWh
2026-10-10T05:18:23Z,STR-E-J8VF-A,0 € + 0.16 €/kWh
2026-10-10T05:18:23Z,STR-E-JG90-A,0.09 €/kWh + 0.3 €
2026-10-10T05:18:23Z,STR-E-JG90-B,0.09 €/kWh + 0.3 €
2026-10-10T05:18:23Z,STR-E-JMOR-A,0 € + 0.16 €/kWh
2026-10-10T05:18:23Z,STR-E-K217-A,0 € + 0.16 €/kWh
2026-10-10T05:18:23Z,STR-E-KOHN-A,0 € + 0.16 €/kWh
2026-10-10T05:18:23Z,STR-E-KT5B-A,0 € + 0.16 €/kWh
2026-10-10T05:18:23Z,STR-E-KUKS-A,0.08 € + 0.12 €/kWh
2026-10-10T05:18:23Z,STR-E-KUKS-B,0.08 € + 0.12 €/kWh
2026-10-10T05:18:23Z,STR-E-MIP3-A,0.17 €/kWh
2026-10-10T05:18:23Z,STR-E-MIP3-B,0.17 €/kWh
2026-10-10T05:18:23Z,STR-E-NCKT-A,0.08 € + 0.12 €/kWh
2026-10-10T05:18:23Z,STR-E-NCKT-B,0.08 € + 0.12 €/kWh
2026-10-10T05:18:23Z,STR-E-NDU2-A,0 € + 0.16 €/kWh
2026-10-10T05:18:23Z,STR-E-NDZ4-A,0 € + 0.16 €/kWh
2026-10-10T05:18:23Z,STR-E-NFV5-A,0 € + 0.16 €/kWh
2026-10-10T05:18:23Z,STR-E-NSGB-A,0 € + 0.16 €/kWh
2026-10-10T05:18:23Z,STR-E-O5JX-A,0 € + 0.16 €/kWh
2026-10-10T05:18:23Z,STR-E-O5YW-A,0.08 € + 0.12 €/kWh
2026-10-10T05:18:23Z,STR-E-O5YW-B,0.08 € + 0.12 €/kWh
2026-10-10T05:18:23Z,STR-E-OFWF-A,0 € + 0.16 €/kWh
2026-10-10T05:18:23Z,STR-E-OHH6-A,0 € + 0.16 €/kWh
2026-10-10T05:18:23Z,STR-E-P46N-A,0 € + 0.16 €/kWh
2026-10-10T05:18:23Z,STR-E-P7AF-A,0.08 € + 0.12 €/kWh
2026-10-10T05:18:23Z,STR-E-P7AF-B,0.08 € + 0.12 €/kWh
2026-10-10T05:18:23Z,STR-E-PJCQ-A,0.08 € + 0.12 €/kWh
2026-10-10T05:18:23Z,STR-E-PJCQ-B,0.08 € + 0.12 €/kWh
2026-10-10T05:18:23Z,STR-E-QE1X-A,0.08 € + 0.12 €/kWh
2026-10-10T05:18:23Z,STR-E-QE1X-B,0.08 € + 0.12 €/kWh
2026-10-10T05:18:23Z,STR-E-QLC9-A,0.17 €/kWh
2026-10-10T05:18:23Z,STR-E-QLC9-B,0.17 €/kWh
2026-10-10T05:18:23Z,STR-E-R8PQ-A,0 € + 0.16 €/kWh
2026-10-10T05:18:23Z,STR-E-S6VR-A,0 € + 0.16 €/kWh
2026-10-10T05:18:23Z,STR-E-SGC2-A,0 € + 0.16 €/kWh
2026-10-10T05:18:23Z,STR-E-SQX8-A,0.08 € + 0.12 €/kWh
2026-10-10T05:18:23Z,STR-E-SQX8-B,0.08 € + 0.12 €/kWh
2026-10-10T05:18:23Z,STR-E-TX67-A,0.2 €/kWh
2026-10-10T05:18:23Z,STR-E-TX67-B,0.2 €/kWh
2026-10-10T05:18:23Z,STR-E-U41O-A,0 € + 0.16 €/kWh
2026-10-10T05:18:23Z,STR-E-UPAQ-A,0.17 €/kWh
2026-10-10T05:18:23Z,STR-E-UPAQ-B,0.17 €/kWh
2026-10-10T05:18:23Z,STR-E-UPOS-A,0.08 € + 0.12 €/kWh
2026-10-10T05:18:23Z,STR-E-UPOS-B,0.08 € + 0.12 €/kWh
2026-10-10T05:18:23Z,STR-E-VJBJ-A,0 € + 0.16 €/kWh
2026-10-10T05:18:23Z,STR-E-VQ06-A,0 € + 0.16 €/kWh
2026-10-10T05:18:23Z,STR-E-VSDJ-A,0.2 €/kWh
2026-10-10T05:18:23Z,STR-E-VSDJ-B,0.2 €/kWh
2026-10-10T05:18:23Z,STR-E-VX2O-A,0 € + 0.16 €/kWh
2026-10-10T05:18:23Z,STR-E-WHZ1-A,0 € + 0.16 €/kWh
2026-10-10T05:18:23Z,STR-E-WLGM-A,0 € + 0.16 €/kWh
2026-10-10T05:18:23Z,STR-E-X54O-A,0 € + 0.16 €/kWh
2026-10-10T05:18:23Z,STR-E-XCMJ-A,0.08 € + 0.12 €/kWh
2026-10-10T05:18:23Z,STR-E-XCMJ-B,0.08 € + 0.12 €/kWh
2026-10-10T05:18:23Z,STR-E-XG69-A,0.08 € + 0.12 €/kWh
2026-10-10T05:18:23Z,STR-E-XG69-B,0.08 € + 0.12 €/kWh
2026-10-10T05:18:23Z,STR-E-XH51-A,0 € + 0.16 €/kWh
2026-10-10T05:18:23Z,STR-E-XRV8-A,0 € + 0.16 €/kWh
2026-10-10T05:18:23Z,STR-E-Y7JK-A,0 € + 0.16 €/kWh
2026-10-10T05:18:23Z,STR-E-Y82E-A,0 € + 0.16 €/kWh
2026-10-10T05:18:23Z,STR-E-Z2PJ-A,0.08 € + 0.12 €/kWh
2026-10-10T05:18:23Z,STR-E-Z2PJ-B,0.08 € + 0.12 €/kWh
2026-10-10T05:18:23Z,STR-E-ZEP7-A,0 € + 0.16 €/kWh
2026-10-10T05:18:23Z,STR-E-ZIAZ-A,0 € + 0.16 €/kWh
2026-10-10T05:18:23Z,STR-E-ZK9W-A,0 € + 0.16 €/kWh
2026-10-10T05:18:23Z,STR-E-ZWU5-A,0.08 € + 0.12 €/kWh
2026-10-10T05:18:23Z,STR-E-ZWU5-B,0.08 € + 0.12 €/kWh
2026-10-10T05:32:24Z,IKR-E-OWF5-A,0.3 € + 0.25 €/kWh
2026-10-10T05:32:24Z,IKR-P-SCM5-A,0.3 € + 0.25 €/kWh
2026-10-10T05:32:24Z,IKR-P-V9X4-A,0.3 € + 0.25 €/kWh
2026-10-10T05:32:24Z,IKR-P-V9X4-B,0.3 € + 0.25 €/kWh
2026-10-10T05:32:24Z,STR-E-027B-A,0.18 €/kWh + 0.23 €
2026-10-10T05:32:24Z,STR-E-027B-B,0.18 €/kWh + 0.23 €
2026-10-10T05:32:24Z,STR-E-0698-A,0.08 €/kWh
2026-10-10T05:32:24Z,STR-E-0GEL-A,0.08 €/kWh
2026-10-10T05:32:24Z,STR-E-1162-A,0.08 €/kWh
2026-10-10T05:32:24Z,STR-E-11DT-A,0.08 €/kWh
2026-10-10T05:32:24Z,STR-E-1887-A,0.08 €/kWh
2026-10-10T05:32:24Z,STR-E-1927-A,0.08 €/kWh
2026-10-10T05:32:24Z,STR-E-1MHB-A,0.28 €/kWh
2026-10-10T05:32:24Z,STR-E-1MJQ-A,0.08 €/kWh
2026-10-10T05:32:24Z,STR-E-21O1-A,0.18 €/kWh
2026-10-10T05:32:24Z,STR-E-21O1-B,0.18 €/kWh
2026-10-10T05:32:24Z,STR-E-2D12-A,0.08 €/kWh
2026-10-10T05:32:24Z,STR-E-2ED4-A,0.08 €/kWh
2026-10-10T05:32:24Z,STR-E-320G-A,0.08 €/kWh
2026-10-10T05:32:24Z,STR-E-3468-A,0.18 €/kWh
2026-10-10T05:32:24Z,STR-E-3468-B,0.18 €/kWh
2026-10-10T05:32:24Z,STR-E-3ENA-A,0.18 €/kWh
2026-10-10T05:32:24Z,STR-E-3ENA-B,0.18 €/kWh
2026-10-10T05:32:24Z,STR-E-3ENA-C,0.18 €/kWh
2026-10-10T05:32:24Z,STR-E-3FMF-A,0.18 €/kWh + 0.23 €
2026-10-10T05:32:24Z,STR-E-3FMF-B,0.18 €/kWh + 0.23 €
2026-10-10T05:32:24Z,STR-E-3PZS-A,0.08 €/kWh
2026-10-10T05:32:24Z,STR-E-3SXI-A,0.18 €/kWh
2026-10-10T05:32:24Z,STR-E-3SXI-B,0.18 €/kWh
2026-10-10T05:32:24Z,STR-E-3TZI-A,0.08 €/kWh
2026-10-10T05:32:24Z,STR-E-4156-A,0.24 €/kWh
2026-10-10T05:32:24Z,STR-E-4156-B,0.24 €/kWh
2026-10-10T05:32:24Z,STR-E-4KWM-A,0.28 €/kWh
2026-10-10T05:32:24Z,STR-E-4KWM-B,0.28 €/kWh
2026-10-10T05:32:24Z,STR-E-4LRS-A,0.08 €/kWh
2026-10-10T05:32:24Z,STR-E-4UGU-A,0.08 €/kWh
2026-10-10T05:32:24Z,STR-E-5DWB-A,0.08 €/kWh
2026-10-10T05:32:24Z,STR-E-5TI5-A,0.08 €/kWh
2026-10-10T05:32:24Z,STR-E-69PN-A,0.08 €/kWh
2026-10-10T05:32:24Z,STR-E-6CNG-A,0.08 €/kWh
2026-10-10T05:32:24Z,STR-E-6SQH-A,0.08 €/kWh
2026-10-10T05:32:24Z,STR-E-6UZQ-A,0.18 €/kWh
2026-10-10T05:32:24Z,STR-E-6UZQ-B,0.18 €/kWh
2026-10-10T05:32:24Z,STR-E-7Z8G-A,0.28 €/kWh
2026-10-10T05:32:24Z,STR-E-7Z8G-B,0.28 €/kWh
2026-10-10T05:32:24Z,STR-E-86C0-A,0.08 €/kWh
2026-10-10T05:32:24Z,STR-E-88SA-A,0.08 €/kWh
2026-10-10T05:32:24Z,STR-E-8M2O-A,0.08 €/kWh
2026-10-10T05:32:24Z,STR-E-8XL5-A,0.08 €/kWh
2026-10-10T05:32:24Z,STR-E-8Y23-A,0.08 €/kWh
2026-10-10T05:32:24Z,STR-E-92KW-A,0.18 €/kWh + 0.23 €
2026-10-10T05:32:24Z,STR-E-9I2R-A,0.08 €/kWh
2026-10-10T05:32:24Z,STR-E-9TUZ-A,0.08 €/kWh
2026-10-10T05:32:24Z,STR-E-9WY2-A,0.08 €/kWh
2026-10-10T05:32:24Z,STR-E-A442-A,0.08 €/kWh
2026-10-10T05:32:24Z,STR-E-AABG-A,0.08 €/kWh
2026-10-10T05:32:24Z,STR-E-ACMT-A,0.08 €/kWh
2026-10-10T05:32:24Z,STR-E-ANJ0-A,0.18 €/kWh + 0.23 €
2026-10-10T05:32:24Z,STR-E-ANJ0-B,0.18 €/kWh + 0.23 €
2026-10-10T05:32:24Z,STR-E-AP96-A,0.18 €/kWh + 0.23 €
2026-10-10T05:32:24Z,STR-E-AP96-B,0.18 €/kWh + 0.23 €
2026-10-10T05:32:24Z,STR-E-BIKW-A,0.18 €/kWh + 0.23 €
2026-10-10T05:32:24Z,STR-E-BIKW-B,0.18 €/kWh + 0.23 €
2026-10-10T05:32:24Z,STR-E-BXA5-A,0.08 €/kWh
2026-10-10T05:32:24Z,STR-E-C91L-A,0.08 €/kWh
2026-10-10T05:32:24Z,STR-E-D3MB-A,0.18 €/kWh + 0.23 €
2026-10-10T05:32:24Z,STR-E-D3MB-B,0.18 €/kWh + 0.23 €
2026-10-10T05:32:24Z,STR-E-E0DZ-A,0.18 €/kWh
2026-10-10T05:32:24Z,STR-E-E0DZ-B,0.18 €/kWh
2026-10-10T05:32:24Z,STR-E-E7HH-A,0.08 €/kWh
2026-10-10T05:32:24Z,STR-E-ELFQ-A,0.18 €/kWh + 0.23 €
2026-10-10T05:32:24Z,STR-E-ELFQ-B,0.18 €/kWh + 0.23 €
2026-10-10T05:32:24Z,STR-E-EU1U-A,0.08 €/kWh
2026-10-10T05:32:24Z,STR-E-F4B3-A,0.08 €/kWh
2026-10-10T05:32:24Z,STR-E-F5LZ-A,0.08 €/kWh
2026-10-10T05:32:24Z,STR-E-F79A-A,0.18 €/kWh + 0.23 €
2026-10-10T05:32:24Z,STR-E-F79A-B,0.18 €/kWh + 0.23 €
2026-10-10T05:32:24Z,STR-E-FGMF-A,0.08 €/kWh
2026-10-10T05:32:24Z,STR-E-FK06-A,0.08 €/kWh
2026-10-10T05:32:24Z,STR-E-G4VM-A,0.08 €/kWh
2026-10-10T05:32:24Z,STR-E-G518-A,0.08 €/kWh
2026-10-10T05:32:24Z,STR-E-GB9A-A,0.08 €/kWh
2026-10-10T05:32:24Z,STR-E-GE77-A,0.28 €/kWh
2026-10-10T05:32:24Z,STR-E-GE77-B,0.28 €/kWh
2026-10-10T05:32:24Z,STR-E-GGV8-A,0.08 €/kWh
2026-10-10T05:32:24Z,STR-E-GHJA-A,0.08 €/kWh
2026-10-10T05:32:24Z,STR-E-GR5K-A,0.08 €/kWh
2026-10-10T05:32:24Z,STR-E-H6Q5-A,0.08 €/kWh
2026-10-10T05:32:24Z,STR-E-I4UZ-A,0.08 €/kWh
2026-10-10T05:32:24Z,STR-E-I5FH-A,0.08 €/kWh
2026-10-10T05:32:24Z,STR-E-I8C6-A,0.08 €/kWh
2026-10-10T05:32:24Z,STR-E-IA3X-A,0.08 €/kWh
2026-10-10T05:32:24Z,STR-E-IGH5-A,0.18 €/kWh + 0.23 €
2026-10-10T05:32:24Z,STR-E-IGH5-B,0.18 €/kWh + 0.23 €
2026-10-10T05:32:24Z,STR-E-JVO0-A,0.08 €/kWh
2026-10-10T05:32:24Z,STR-E-K73C-A,0.18 €/kWh + 0.23 €
2026-10-10T05:32:24Z,STR-E-K73C-B,0.18 €/kWh + 0.23 €
2026-10-10T05:32:24Z,STR-E-KBZL-A,0.08 €/kWh
2026-10-10T05:32:24Z,STR-E-L84D-A,0.08 €/kWh
2026-10-10T05:32:24Z,STR-E-LISV-A,0.08 €/kWh
2026-10-10T05:32:24Z,STR-E-LKFQ-A,0.08 €/kWh
2026-10-10T05:32:24Z,STR-E-LREY-A,0.28 €/kWh
2026-10-10T05:32:24Z,STR-E-M1IB-A,0.08 €/kWh
2026-10-10T05:32:24Z,STR-E-M8WL-A,0.08 €/kWh
2026-10-10T05:32:24Z,STR-E-M9W7-A,0.08 €/kWh
2026-10-10T05:32:24Z,STR-E-MSEN-A,0.08 €/kWh
2026-10-10T05:32:24Z,STR-E-MSUL-A,0.08 €/kWh
2026-10-10T05:32:24Z,STR-E-N6P5-A,0.08 €/kWh
2026-10-10T05:32:24Z,STR-E-NNGC-A,0.08 €/kWh
2026-10-10T05:32:24Z,STR-E-O0VK-A,0.08 €/kWh
2026-10-10T05:32:24Z,STR-E-ODBK-A,0.28 €/kWh
2026-10-10T05:32:24Z,STR-E-ODBK-B,0.28 €/kWh
2026-10-10T05:32:24Z,STR-E-OG1X-A,0.08 €/kWh
2026-10-10T05:32:24Z,STR-E-OJ3E-A,0.18 €/kWh + 0.23 €
2026-10-10T05:32:24Z,STR-E-OJ3E-B,0.18 €/kWh + 0.23 €
2026-10-10T05:32:24Z,STR-E-OQKZ-A,0.08 €/kWh
2026-10-10T05:32:24Z,STR-E-PC04-A,0.08 €/kWh
2026-10-10T05:32:24Z,STR-E-PDR2-A,0.08 €/kWh
2026-10-10T05:32:24Z,STR-E-PM3P-A,0.18 €/kWh + 0.23 €
2026-10-10T05:32:24Z,STR-E-PM3P-B,0.18 €/kWh + 0.23 €
2026-10-10T05:32:24Z,STR-E-PRUQ-A,0.08 €/kWh
2026-10-10T05:32:24Z,STR-E-PSU9-A,0.08 €/kWh
2026-10-10T05:32:24Z,STR-E-PZ9U-A,0.08 €/kWh
2026-10-10T05:32:24Z,STR-E-PZES-A,0.08 €/kWh
2026-10-10T05:32:24Z,STR-E-Q5YF-A,0.18 €/kWh + 0.23 €
2026-10-10T05:32:24Z,STR-E-Q5YF-B,0.18 €/kWh + 0.23 €
2026-10-10T05:32:24Z,STR-E-Q7LB-A,0.18 €/kWh + 0.23 €
2026-10-10T05:32:24Z,STR-E-Q7LB-B,0.18 €/kWh + 0.23 €
2026-10-10T05:32:24Z,STR-E-QEDL-A,0.08 €/kWh
2026-10-10T05:32:24Z,STR-E-QIQM-A,0.08 €/kWh
2026-10-10T05:32:24Z,STR-E-R0J8-A,0.08 €/kWh
2026-10-10T05:32:24Z,STR-E-R1MT-A,0.18 €/kWh + 0.23 €
2026-10-10T05:32:24Z,STR-E-R1MT-B,0.18 €/kWh + 0.23 €
2026-10-10T05:32:24Z,STR-E-R1PI-A,0.18 €/kWh + 0.23 €
2026-10-10T05:32:24Z,STR-E-R1PI-B,0.18 €/kWh + 0.23 €
2026-10-10T05:32:24Z,STR-E-R2LK-A,0.18 €/kWh + 0.23 €
2026-10-10T05:32:24Z,STR-E-R2LK-B,0.18 €/kWh + 0.23 €
2026-10-10T05:32:24Z,STR-E-R9GA-A,0.08 €/kWh
2026-10-10T05:32:24Z,STR-E-RJH9-A,0.08 €/kWh
2026-10-10T05:32:24Z,STR-E-RKWJ-A,0.08 €/kWh
2026-10-10T05:32:24Z,STR-E-S42D-A,0.08 €/kWh
2026-10-10T05:32:24Z,STR-E-S7YR-A,0.18 €/kWh + 0.23 €
2026-10-10T05:32:24Z,STR-E-S7YR-B,0.18 €/kWh + 0.23 €
2026-10-10T05:32:24Z,STR-E-SJKA-A,0.08 €/kWh
2026-10-10T05:32:24Z,STR-E-SVR3-A,0.18 €/kWh + 0.23 €
2026-10-10T05:32:24Z,STR-E-SVR3-B,0.18 €/kWh + 0.23 €
2026-10-10T05:32:24Z,STR-E-SY9Y-A,0.08 €/kWh
2026-10-10T05:32:24Z,STR-E-TO2O-A,0.08 €/kWh
2026-10-10T05:32:24Z,STR-E-U5TP-A,0.08 €/kWh
2026-10-10T05:32:24Z,STR-E-UY5H-A,0.08 €/kWh
2026-10-10T05:32:24Z,STR-E-V17G-A,0.08 €/kWh
2026-10-10T05:32:24Z,STR-E-V31J-A,0.08 €/kWh
2026-10-10T05:32:24Z,STR-E-V50T-A,0.08 €/kWh
2026-10-10T05:32:24Z,STR-E-V9SD-A,0.08 €/kWh
2026-10-10T05:32:24Z,STR-E-V9ZR-A,0.08 €/kWh
2026-10-10T05:32:24Z,STR-E-VBMP-A,0.08 €/kWh
2026-10-10T05:32:24Z,STR-E-VPDB-A,0.08 €/kWh
2026-10-10T05:32:24Z,STR-E-VT0G-A,0.08 €/kWh
2026-10-10T05:32:24Z,STR-E-VXGH-A,0.08 €/kWh
2026-10-10T05:32:24Z,STR-E-W1X4-A,0.08 €/kWh
2026-10-10T05:32:24Z,STR-E-WEE3-A,0.18 €/kWh + 0.23 €
2026-10-10T05:32:24Z,STR-E-WEE3-B,0.18 €/kWh + 0.23 €
2026-10-10T05:32:24Z,STR-E-WTQ5-A,0.18 €/kWh
2026-10-10T05:32:24Z,STR-E-WXV8-A,0.08 €/kWh
2026-10-10T05:32:24Z,STR-E-WYFE-A,0.18 €/kWh
2026-10-10T05:32:24Z,STR-E-WYFE-B,0.18 €/kWh
2026-10-10T05:32:24Z,STR-E-WYYC-A,0.18 €/kWh + 0.23 €
2026-10-10T05:32:24Z,STR-E-WYYC-B,0.18 €/kWh + 0.23 €
2026-10-10T05:32:24Z,STR-E-WZW9-A,0.08 €/kWh
2026-10-10T05:32:24Z,STR-E-X525-A,0.08 €/kWh
2026-10-10T05:32:24Z,STR-E-XFON-A,0.08 €/kWh
2026-10-10T05:32:24Z,STR-E-XKW2-A,0.18 €/kWh + 0.23 €
2026-10-10T05:32:24Z,STR-E-XKW2-B,0.18 €/kWh + 0.23 €
2026-10-10T05:32:24Z,STR-E-YC50-A,0.08 €/kWh
2026-10-10T05:32:24Z,STR-E-ZA6O-A,0.08 €/kWh
2026-10-10T05:32:24Z,STR-E-ZS00-A,0.18 €/kWh + 0.23 €
2026-10-10T05:32:24Z,STR-E-ZS00-B,0.18 €/kWh + 0.23 €
2026-10-10T05:46:23Z,IKR-E-MAU9-A,0.29 € + 0.1 €/kWh
2026-10-10T05:46:23Z,IKR-E-W6HQ-A,0.29 € + 0.1 €/kWh
2026-10-10T05:46:23Z,STR-E-NY0Q-A,0.15 € + 0.18 €/kWh
2026-10-10T05:46:23Z,STR-E-QAXH-A,0.15 € + 0.18 €/kWh
2026-10-10T05:46:23Z,STR-E-UKPS-A,0.15 € + 0.18 €/kWh
2026-10-10T06:01:07Z,IKR-E-7768-A,0.3 € + 2.4 €/val. parkavimo mokestis + 0.35 €/kWh
2026-10-10T06:01:07Z,IKR-E-9203-A,0.3 € + 2.4 €/val. parkavimo mokestis + 0.35 €/kWh
2026-10-10T06:01:07Z,IKR-E-E475-A,0.3 € + 0.24 €/kWh
2026-10-10T06:01:07Z,IKR-E-E544-A,0.3 € + 0.24 €/kWh
2026-10-10T06:01:07Z,IKR-E-Y2Z8-A,0.3 € + 0.18 €/kWh
2026-10-10T06:02:22Z,STR-E-4KWM-A,0.27 €/kWh
2026-10-10T06:02:22Z,STR-E-4KWM-B,0.27 €/kWh
2026-10-10T06:02:22Z,STR-E-7Z8G-A,0.27 €/kWh
2026-10-10T06:02:22Z,STR-E-7Z8G-B,0.27 €/kWh
2026-10-10T06:02:22Z,STR-E-GE77-A,0.27 €/kWh
2026-10-10T06:02:22Z,STR-E-GE77-B,0.27 €/kWh
2026-10-10T06:02:22Z,STR-E-NY0Q-A,0.15 € + 0.17 €/kWh
2026-10-10T06:02:22Z,STR-E-ODBK-A,0.27 €/kWh
2026-10-10T06:02:22Z,STR-E-ODBK-B,0.27 €/kWh
2026-10-10T06:02:22Z,STR-E-QAXH-A,0.15 € + 0.17 €/kWh
2026-10-10T06:02:22Z,STR-E-UKPS-A,0.15 € + 0.17 €/kWh
2026-10-10T06:18:24Z,STR-E-4KWM-A,0.28 €/kWh
2026-10-10T06:18:24Z,STR-E-4KWM-B,0.28 €/kWh
2026-10-10T06:18:24Z,STR-E-7Z8G-A,0.28 €/kWh
2026-10-10T06:18:24Z,STR-E-7Z8G-B,0.28 €/kWh
2026-10-10T06:18:24Z,STR-E-GE77-A,0.28 €/kWh
2026-10-10T06:18:24Z,STR-E-GE77-B,0.28 €/kWh
2026-10-10T06:18:24Z,STR-E-NY0Q-A,0.15 € + 0.18 €/kWh
2026-10-10T06:18:24Z,STR-E-ODBK-A,0.28 €/kWh
2026-10-10T06:18:24Z,STR-E-ODBK-B,0.28 €/kWh
2026-10-10T06:18:24Z,STR-E-QAXH-A,0.15 € + 0.18 €/kWh
2026-10-10T06:18:24Z,STR-E-UKPS-A,0.15 € + 0.18 €/kWh
2026-10-10T06:30:55Z,STR-E-04YS-A,0 € + 0.17 €/kWh
2026-10-10T06:30:55Z,STR-E-1MHB-A,0.29 €/kWh
2026-10-10T06:30:55Z,STR-E-1X30-A,0 € + 0.17 €/kWh
2026-10-10T06:30:55Z,STR-E-2446-A,0 € + 0.17 €/kWh
2026-10-10T06:30:55Z,STR-E-2K1Q-A,0 € + 0.17 €/kWh
2026-10-10T06:30:55Z,STR-E-2XDJ-A,0 € + 0.17 €/kWh
2026-10-10T06:30:55Z,STR-E-3WE5-A,0 € + 0.17 €/kWh
2026-10-10T06:30:55Z,STR-E-4YKC-A,0 € + 0.17 €/kWh
2026-10-10T06:30:55Z,STR-E-527U-A,0 € + 0.17 €/kWh
2026-10-10T06:30:55Z,STR-E-55I4-A,0 € + 0.17 €/kWh
2026-10-10T06:30:55Z,STR-E-566J-A,0 € + 0.17 €/kWh
2026-10-10T06:30:55Z,STR-E-6E7W-A,0 € + 0.17 €/kWh
2026-10-10T06:30:55Z,STR-E-6ZTQ-A,0 € + 0.17 €/kWh
2026-10-10T06:30:55Z,STR-E-7438-A,0 € + 0.17 €/kWh
2026-10-10T06:30:55Z,STR-E-7YBN-A,0 € + 0.17 €/kWh
2026-10-10T06:30:55Z,STR-E-8A02-A,0 € + 0.17 €/kWh
2026-10-10T06:30:55Z,STR-E-8Q9F-A,0 € + 0.17 €/kWh
2026-10-10T06:30:55Z,STR-E-9AH3-A,0 € + 0.17 €/kWh
2026-10-10T06:30:55Z,STR-E-A169-A,0 € + 0.17 €/kWh
2026-10-10T06:30:55Z,STR-E-ADXE-A,0 € + 0.17 €/kWh
2026-10-10T06:30:55Z,STR-E-AMQK-A,0 € + 0.17 €/kWh
2026-10-10T06:30:55Z,STR-E-AUQ2-A,0 € + 0.17 €/kWh
2026-10-10T06:30:55Z,STR-E-C99Z-A,0 € + 0.17 €/kWh
2026-10-10T06:30:55Z,STR-E-DHEJ-A,0 € + 0.17 €/kWh
2026-10-10T06:30:55Z,STR-E-ECI7-A,0 € + 0.17 €/kWh
2026-10-10T06:30:55Z,STR-E-EFXK-A,0 € + 0.17 €/kWh
2026-10-10T06:30:55Z,STR-E-EPQY-A,0 € + 0.17 €/kWh
2026-10-10T06:30:55Z,STR-E-ER2N-A,0 € + 0.17 €/kWh
2026-10-10T06:30:55Z,STR-E-ES3O-A,0 € + 0.17 €/kWh
2026-10-10T06:30:55Z,STR-E-FKUY-A,0 € + 0.17 €/kWh
2026-10-10T06:30:55Z,STR-E-GFB3-A,0 € + 0.17 €/kWh
2026-10-10T06:30:55Z,STR-E-GK0C-A,0 € + 0.17 €/kWh
2026-10-10T06:30:55Z,STR-E-HHXV-A,0 € + 0.17 €/kWh
2026-10-10T06:30:55Z,STR-E-I1KE-A,0 € + 0.17 €/kWh
2026-10-10T06:30:55Z,STR-E-IAO5-A,0 € + 0.17 €/kWh
2026-10-10T06:30:55Z,STR-E-IPEC-A,0 € + 0.17 €/kWh
2026-10-10T06:30:55Z,STR-E-IV6T-A,0 € + 0.17 €/kWh
2026-10-10T06:30:55Z,STR-E-J54N-A,0 € + 0.17 €/kWh
2026-10-10T06:30:55Z,STR-E-J6DA-A,0 € + 0.17 €/kWh
2026-10-10T06:30:55Z,STR-E-J8VF-A,0 € + 0.17 €/kWh
2026-10-10T06:30:55Z,STR-E-JMOR-A,0 € + 0.17 €/kWh
2026-10-10T06:30:55Z,STR-E-K217-A,0 € + 0.17 €/kWh
2026-10-10T06:30:55Z,STR-E-KOHN-A,0 € + 0.17 €/kWh
2026-10-10T06:30:55Z,STR-E-KT5B-A,0 € + 0.17 €/kWh
2026-10-10T06:30:55Z,STR-E-LREY-A,0.29 €/kWh
2026-10-10T06:30:55Z,STR-E-NDU2-A,0 € + 0.17 €/kWh
2026-10-10T06:30:55Z,STR-E-NDZ4-A,0 € + 0.17 €/kWh
2026-10-10T06:30:55Z,STR-E-NFV5-A,0 € + 0.17 €/kWh
2026-10-10T06:30:55Z,STR-E-NSGB-A,0 € + 0.17 €/kWh
2026-10-10T06:30:55Z,STR-E-O5JX-A,0 € + 0.17 €/kWh
2026-10-10T06:30:55Z,STR-E-OFWF-A,0 € + 0.17 €/kWh
2026-10-10T06:30:55Z,STR-E-OHH6-A,0 € + 0.17 €/kWh
2026-10-10T06:30:55Z,STR-E-P46N-A,0 € + 0.17 €/kWh
2026-10-10T06:30:55Z,STR-E-R8PQ-A,0 € + 0.17 €/kWh
2026-10-10T06:30:55Z,STR-E-S6VR-A,0 € + 0.17 €/kWh
2026-10-10T06:30:55Z,STR-E-SGC2-A,0 € + 0.17 €/kWh
2026-10-10T06:30:55Z,STR-E-U41O-A,0 € + 0.17 €/kWh
2026-10-10T06:30:55Z,STR-E-VJBJ-A,0 € + 0.17 €/kWh
2026-10-10T06:30:55Z,STR-E-VQ06-A,0 € + 0.17 €/kWh
2026-10-10T06:30:55Z,STR-E-VX2O-A,0 € + 0.17 €/kWh
2026-10-10T06:30:55Z,STR-E-WHZ1-A,0 € + 0.17 €/kWh
2026-10-10T06:30:55Z,STR-E-WLGM-A,0 € + 0.17 €/kWh
2026-10-10T06:30:55Z,STR-E-X54O-A,0 € + 0.17 €/kWh
2026-10-10T06:30:55Z,STR-E-XH51-A,0 € + 0.17 €/kWh
2026-10-10T06:30:55Z,STR-E-XRV8-A,0 € + 0.17 €/kWh
2026-10-10T06:30:55Z,STR-E-Y7JK-A,0 € + 0.17 €/kWh
2026-10-10T06:30:55Z,STR-E-Y82E-A,0 € + 0.17 €/kWh
2026-10-10T06:30:55Z,STR-E-ZEP7-A,0 € + 0.17 €/kWh
2026-10-10T06:30:55Z,STR-E-ZIAZ-A,0 € + 0.17 €/kWh
2026-10-10T06:30:55Z,STR-E-ZK9W-A,0 € + 0.17 €/kWh
2026-10-10T06:46:22Z,IKR-E-E475-A,0.3 € + 0.23 €/kWh
2026-10-10T06:46:22Z,IKR-E-E544-A,0.3 € + 0.23 €/kWh
2026-10-10T06:46:22Z,IKR-E-Y2Z8-A,0.3 € + 0.17 €/kWh
2026-10-10T06:46:22Z,STR-E-02VO-A,0.21 €/kWh
2026-10-10T06:46:22Z,STR-E-02VO-B,0.21 €/kWh
2026-10-10T06:46:22Z,STR-E-051F-A,0.08 € + 0.13 €/kWh
2026-10-10T06:46:22Z,STR-E-10G9-A,0.08 € + 0.13 €/kWh
2026-10-10T06:46:22Z,STR-E-10G9-B,0.08 € + 0.13 €/kWh
2026-10-10T06:46:22Z,STR-E-1ME5-A,0.08 € + 0.13 €/kWh
2026-10-10T06:46:22Z,STR-E-1ME5-B,0.08 € + 0.13 €/kWh
2026-10-10T06:46:22Z,STR-E-3YH3-A,0.08 € + 0.13 €/kWh
2026-10-10T06:46:22Z,STR-E-3YH3-B,0.08 € + 0.13 €/kWh
2026-10-10T06:46:22Z,STR-E-491A-A,0.18 €/kWh
2026-10-10T06:46:22Z,STR-E-491A-B,0.18 €/kWh
2026-10-10T06:46:22Z,STR-E-491A-C,0.18 €/kWh
2026-10-10T06:46:22Z,STR-E-4DE6-A,0.18 €/kWh
2026-10-10T06:46:22Z,STR-E-4DE6-B,0.18 €/kWh
2026-10-10T06:46:22Z,STR-E-54PK-A,0.08 € + 0.13 €/kWh
2026-10-10T06:46:22Z,STR-E-54PK-B,0.08 € + 0.13 €/kWh
2026-10-10T06:46:22Z,STR-E-59TF-A,0.08 € + 0.13 €/kWh
2026-10-10T06:46:22Z,STR-E-7A48-A,0.08 € + 0.13 €/kWh
2026-10-10T06:46:22Z,STR-E-A27N-A,0.21 €/kWh
2026-10-10T06:46:22Z,STR-E-A27N-B,0.21 €/kWh
2026-10-10T06:46:22Z,STR-E-A27N-C,0.21 €/kWh
2026-10-10T06:46:22Z,STR-E-AF2O-A,0.08 € + 0.13 €/kWh
2026-10-10T06:46:22Z,STR-E-AWF1-A,0.08 € + 0.13 €/kWh
2026-10-10T06:46:22Z,STR-E-AWF1-B,0.08 € + 0.13 €/kWh
2026-10-10T06:46:22Z,STR-E-AWJ9-A,0.21 €/kWh
2026-10-10T06:46:22Z,STR-E-AWJ9-B,0.21 €/kWh
2026-10-10T06:46:22Z,STR-E-B36V-A,0.19 € + 0.26 €/kWh
2026-10-10T06:46:22Z,STR-E-B36V-B,0.19 € + 0.26 €/kWh
2026-10-10T06:46:22Z,STR-E-DBCC-A,0.08 € + 0.13 €/kWh
2026-10-10T06:46:22Z,STR-E-DBCC-B,0.08 € + 0.13 €/kWh
2026-10-10T06:46:22Z,STR-E-F2G0-A,0.08 € + 0.13 €/kWh
2026-10-10T06:46:22Z,STR-E-F2G0-B,0.08 € + 0.13 €/kWh
2026-10-10T06:46:22Z,STR-E-FUE8-A,0.08 € + 0.13 €/kWh
2026-10-10T06:46:22Z,STR-E-FUE8-B,0.08 € + 0.13 €/kWh
2026-10-10T06:46:22Z,STR-E-IIKL-A,0.08 € + 0.13 €/kWh
2026-10-10T06:46:22Z,STR-E-IIKL-B,0.08 € + 0.13 €/kWh
2026-10-10T06:46:22Z,STR-E-JG90-A,0.1 €/kWh + 0.3 €
2026-10-10T06:46:22Z,STR-E-JG90-B,0.1 €/kWh + 0.3 €
2026-10-10T06:46:22Z,STR-E-KUKS-A,0.08 € + 0.13 €/kWh
2026-10-10T06:46:22Z,STR-E-KUKS-B,0.08 € + 0.13 €/kWh
2026-10-10T06:46:22Z,STR-E-MIP3-A,0.18 €/kWh
2026-10-10T06:46:22Z,STR-E-MIP3-B,0.18 €/kWh
2026-10-10T06:46:22Z,STR-E-NCKT-A,0.08 € + 0.13 €/kWh
2026-10-10T06:46:22Z,STR-E-NCKT-B,0.08 € + 0.13 €/kWh
2026-10-10T06:46:22Z,STR-E-O5YW-A,0.08 € + 0.13 €/kWh
2026-10-10T06:46:22Z,STR-E-O5YW-B,0.08 € + 0.13 €/kWh
2026-10-10T06:46:22Z,STR-E-P7AF-A,0.08 € + 0.13 €/kWh
2026-10-10T06:46:22Z,STR-E-P7AF-B,0.08 € + 0.13 €/kWh
2026-10-10T06:46:22Z,STR-E-PJCQ-A,0.08 € + 0.13 €/kWh
2026-10-10T06:46:22Z,STR-E-PJCQ-B,0.08 € + 0.13 €/kWh
2026-10-10T06:46:22Z,STR-E-QE1X-A,0.08 € + 0.13 €/kWh
2026-10-10T06:46:22Z,STR-E-QE1X-B,0.08 € + 0.13 €/kWh
2026-10-10T06:46:22Z,STR-E-QLC9-A,0.18 €/kWh
2026-10-10T06:46:22Z,STR-E-QLC9-B,0.18 €/kWh
2026-10-10T06:46:22Z,STR-E-SQX8-A,0.08 € + 0.13 €/kWh
2026-10-10T06:46:22Z,STR-E-SQX8-B,0.08 € + 0.13 €/kWh
2026-10-10T06:46:22Z,STR-E-TX67-A,0.21 €/kWh
2026-10-10T06:46:22Z,STR-E-TX67-B,0.21 €/kWh
2026-10-10T06:46:22Z,STR-E-UPAQ-A,0.18 €/kWh
2026-10-10T06:46:22Z,STR-E-UPAQ-B,0.18 €/kWh
2026-10-10T06:46:22Z,STR-E-UPOS-A,0.08 € + 0.13 €/kWh
2026-10-10T06:46:22Z,STR-E-UPOS-B,0.08 € + 0.13 €/kWh
2026-10-10T06:46:22Z,STR-E-VSDJ-A,0.21 €/kWh
2026-10-10T06:46:22Z,STR-E-VSDJ-B,0.21 €/kWh
2026-10-10T06:46:22Z,STR-E-XCMJ-A,0.08 € + 0.13 €/kWh
2026-10-10T06:46:22Z,STR-E-XCMJ-B,0.08 € + 0.13 €/kWh
2026-10-10T06:46:22Z,STR-E-XG69-A,0.08 € + 0.13 €/kWh
2026-10-10T06:46:22Z,STR-E-XG69-B,0.08 € + 0.13 €/kWh
2026-10-10T06:46:22Z,STR-E-Z2PJ-A,0.08 € + 0.13 €/kWh
2026-10-10T06:46:22Z,STR-E-Z2PJ-B,0.08 € + 0.13 €/kWh
2026-10-10T06:46:22Z,STR-E-ZWU5-A,0.08 € + 0.13 €/kWh
2026-10-10T06:46:22Z,STR-E-ZWU5-B,0.08 € + 0.13 €/kWh
2026-10-10T07:01:09Z,STR-E-02VO-A,0.2 €/kWh
2026-10-10T07:01:09Z,STR-E-02VO-B,0.2 €/kWh
2026-10-10T07:01:09Z,STR-E-04YS-A,0 € + 0.16 €/kWh
2026-10-10T07:01:09Z,STR-E-051F-A,0.08 € + 0.12 €/kWh
2026-10-10T07:01:09Z,STR-E-10G9-A,0.08 € + 0.12 €/kWh
2026-10-10T07:01:09Z,STR-E-10G9-B,0.08 € + 0.12 €/kWh
2026-10-10T07:01:09Z,STR-E-1ME5-A,0.08 € + 0.12 €/kWh
2026-10-10T07:01:09Z,STR-E-1ME5-B,0.08 € + 0.12 €/kWh
2026-10-10T07:01:09Z,STR-E-1MHB-A,0.28 €/kWh
2026-10-10T07:01:09Z,STR-E-1X30-A,0 € + 0.16 €/kWh
2026-10-10T07:01:09Z,STR-E-2446-A,0 € + 0.16 €/kWh
2026-10-10T07:01:09Z,STR-E-2K1Q-A,0 € + 0.16 €/kWh
2026-10-10T07:01:09Z,STR-E-2XDJ-A,0 € + 0.16 €/kWh
2026-10-10T07:01:09Z,STR-E-3WE5-A,0 € + 0.16 €/kWh
2026-10-10T07:01:09Z,STR-E-3YH3-A,0.08 € + 0.12 €/kWh
2026-10-10T07:01:09Z,STR-E-3YH3-B,0.08 € + 0.12 €/kWh
2026-10-10T07:01:09Z,STR-E-491A-A,0.17 €/kWh
2026-10-10T07:01:09Z,STR-E-491A-B,0.17 €/kWh
2026-10-10T07:01:09Z,STR-E-491A-C,0.17 €/kWh
2026-10-10T07:01:09Z,STR-E-4DE6-A,0.17 €/kWh
2026-10-10T07:01:09Z,STR-E-4DE6-B,0.17 €/kWh
2026-10-10T07:01:09Z,STR-E-4KWM-A,0.27 €/kWh
2026-10-10T07:01:09Z,STR-E-4KWM-B,0.27 €/kWh
2026-10-10T07:01:09Z,STR-E-4YKC-A,0 € + 0.16 €/kWh
2026-10-10T07:01:09Z,STR-E-527U-A,0 € + 0.16 €/kWh
2026-10-10T07:01:09Z,STR-E-54PK-A,0.08 € + 0.12 €/kWh
2026-10-10T07:01:09Z,STR-E-54PK-B,0.08 € + 0.12 €/kWh
2026-10-10T07:01:09Z,STR-E-55I4-A,0 € + 0.16 €/kWh
2026-10-10T07:01:09Z,STR-E-566J-A,0 € + 0.16 €/kWh
2026-10-10T07:01:09Z,STR-E-59TF-A,0.08 € + 0.12 €/kWh
2026-10-10T07:01:09Z,STR-E-6E7W-A,0 € + 0.16 €/kWh
2026-10-10T07:01:09Z,STR-E-6ZTQ-A,0 € + 0.16 €/kWh
2026-10-10T07:01:09Z,STR-E-7438-A,0 € + 0.16 €/kWh
2026-10-10T07:01:09Z,STR-E-7A48-A,0.08 € + 0.12 €/kWh
2026-10-10T07:01:09Z,STR-E-7YBN-A,0 € + 0.16 €/kWh
2026-10-10T07:01:09Z,STR-E-7Z8G-A,0.27 €/kWh
2026-10-10T07:01:09Z,STR-E-7Z8G-B,0.27 €/kWh
2026-10-10T07:01:09Z,STR-E-8A02-A,0 € + 0.16 €/kWh
2026-10-10T07:01:09Z,STR-E-8Q9F-A,0 € + 0.16 €/kWh
2026-10-10T07:01:09Z,STR-E-9AH3-A,0 € + 0.16 €/kWh
2026-10-10T07:01:09Z,STR-E-A169-A,0 € + 0.16 €/kWh
2026-10-10T07:01:09Z,STR-E-A27N-A,0.2 €/kWh
2026-10-10T07:01:09Z,STR-E-A27N-B,0.2 €/kWh
2026-10-10T07:01:09Z,STR-E-A27N-C,0.2 €/kWh
2026-10-10T07:01:09Z,STR-E-ADXE-A,0 € + 0.16 €/kWh
2026-10-10T07:01:09Z,STR-E-AF2O-A,0.08 € + 0.12 €/kWh
2026-10-10T07:01:09Z,STR-E-AMQK-A,0 € + 0.16 €/kWh
2026-10-10T07:01:09Z,STR-E-AUQ2-A,0 € + 0.16 €/kWh
2026-10-10T07:01:09Z,STR-E-AWF1-A,0.08 € + 0.12 €/kWh
2026-10-10T07:01:09Z,STR-E-AWF1-B,0.08 € + 0.12 €/kWh
2026-10-10T07:01:09Z,STR-E-AWJ9-A,0.2 €/kWh
2026-10-10T07:01:09Z,STR-E-AWJ9-B,0.2 €/kWh
2026-10-10T07:01:09Z,STR-E-B36V-A,0.19 € + 0.25 €/kWh
2026-10-10T07:01:09Z,STR-E-B36V-B,0.19 € + 0.25 €/kWh
2026-10-10T07:01:09Z,STR-E-C99Z-A,0 € + 0.16 €/kWh
2026-10-10T07:01:09Z,STR-E-DBCC-A,0.08 € + 0.12 €/kWh
2026-10-10T07:01:09Z,STR-E-DBCC-B,0.08 € + 0.12 €/kWh
2026-10-10T07:01:09Z,STR-E-DHEJ-A,0 € + 0.16 €/kWh
2026-10-10T07:01:09Z,STR-E-ECI7-A,0 € + 0.16 €/kWh
2026-10-10T07:01:09Z,STR-E-EFXK-A,0 € + 0.16 €/kWh
2026-10-10T07:01:09Z,STR-E-EPQY-A,0 € + 0.16 €/kWh
2026-10-10T07:01:09Z,STR-E-ER2N-A,0 € + 0.16 €/kWh
2026-10-10T07:01:09Z,STR-E-ES3O-A,0 € + 0.16 €/kWh
2026-10-10T07:01:09Z,STR-E-F2G0-A,0.08 € + 0.12 €/kWh
2026-10-10T07:01:09Z,STR-E-F2G0-B,0.08 € + 0.12 €/kWh
2026-10-10T07:01:09Z,STR-E-FKUY-A,0 € + 0.16 €/kWh
2026-10-10T07:01:09Z,STR-E-FUE8-A,0.08 € + 0.12 €/kWh
2026-10-10T07:01:09Z,STR-E-FUE8-B,0.08 € + 0.12 €/kWh
2026-10-10T07:01:09Z,STR-E-GE77-A,0.27 €/kWh
2026-10-10T07:01:09Z,STR-E-GE77-B,0.27 €/kWh
2026-10-10T07:01:09Z,STR-E-GFB3-A,0 € + 0.16 €/kWh
2026-10-10T07:01:09Z,STR-E-GK0C-A,0 € + 0.16 €/kWh
2026-10-10T07:01:09Z,STR-E-HHXV-A,0 € + 0.16 €/kWh
2026-10-10T07:01:09Z,STR-E-I1KE-A,0 € + 0.16 €/kWh
2026-10-10T07:01:09Z,STR-E-IAO5-A,0 € + 0.16 €/kWh
2026-10-10T07:01:09Z,STR-E-IIKL-A,0.08 € + 0.12 €/kWh
2026-10-10T07:01:09Z,STR-E-IIKL-B,0.08 € + 0.12 €/kWh
2026-10-10T07:01:09Z,STR-E-IPEC-A,0 € + 0.16 €/kWh
2026-10-10T07:01:09Z,STR-E-IV6T-A,0 € + 0.16 €/kWh
2026-10-10T07:01:09Z,STR-E-J54N-A,0 € + 0.16 €/kWh
2026-10-10T07:01:09Z,STR-E-J6DA-A,0 € + 0.16 €/kWh
2026-10-10T07:01:09Z,STR-E-J8VF-A,0 € + 0.16 €/kWh
2026-10-10T07:01:09Z,STR-E-JG90-A,0.09 €/kWh + 0.3 €
2026-10-10T07:01:09Z,STR-E-JG90-B,0.09 €/kWh + 0.3 €
2026-10-10T07:01:09Z,STR-E-JMOR-A,0 € + 0.16 €/kWh
2026-10-10T07:01:09Z,STR-E-K217-A,0 € + 0.16 €/kWh
2026-10-10T07:01:09Z,STR-E-KOHN-A,0 € + 0.16 €/kWh
2026-10-10T07:01:09Z,STR-E-KT5B-A,0 € + 0.16 €/kWh
2026-10-10T07:01:09Z,STR-E-KUKS-A,0.08 € + 0.12 €/kWh
2026-10-10T07:01:09Z,STR-E-KUKS-B,0.08 € + 0.12 €/kWh
2026-10-10T07:01:09Z,STR-E-LREY-A,0.28 €/kWh
2026-10-10T07:01:09Z,STR-E-MIP3-A,0.17 €/kWh
2026-10-10T07:01:09Z,STR-E-MIP3-B,0.17 €/kWh
2026-10-10T07:01:09Z,STR-E-NCKT-A,0.08 € + 0.12 €/kWh
2026-10-10T07:01:09Z,STR-E-NCKT-B,0.08 € + 0.12 €/kWh
2026-10-10T07:01:09Z,STR-E-NDU2-A,0 € + 0.16 €/kWh
2026-10-10T07:01:09Z,STR-E-NDZ4-A,0 € + 0.16 €/kWh
2026-10-10T07:01:09Z,STR-E-NFV5-A,0 € + 0.16 €/kWh
2026-10-10T07:01:09Z,STR-E-NSGB-A,0 € + 0.16 €/kWh
2026-10-10T07:01:09Z,STR-E-NY0Q-A,0.15 € + 0.17 €/kWh
2026-10-10T07:01:09Z,STR-E-O5JX-A,0 € + 0.16 €/kWh
2026-10-10T07:01:09Z,STR-E-O5YW-A,0.08 € + 0.12 €/kWh
2026-10-10T07:01:09Z,STR-E-O5YW-B,0.08 € + 0.12 €/kWh
2026-10-10T07:01:09Z,STR-E-ODBK-A,0.27 €/kWh
2026-10-10T07:01:09Z,STR-E-ODBK-B,0.27 €/kWh
2026-10-10T07:01:09Z,STR-E-OFWF-A,0 € + 0.16 €/kWh
2026-10-10T07:01:09Z,STR-E-OHH6-A,0 € + 0.16 €/kWh
2026-10-10T07:01:09Z,STR-E-P46N-A,0 € + 0.16 €/kWh
2026-10-10T07:01:09Z,STR-E-P7AF-A,0.08 € + 0.12 €/kWh
2026-10-10T07:01:09Z,STR-E-P7AF-B,0.08 € + 0.12 €/kWh
2026-10-10T07:01:09Z,STR-E-PJCQ-A,0.08 € + 0.12 €/kWh
2026-10-10T07:01:09Z,STR-E-PJCQ-B,0.08 € + 0.12 €/kWh
2026-10-10T07:01:09Z,STR-E-QAXH-A,0.15 € + 0.17 €/kWh
2026-10-10T07:01:09Z,STR-E-QE1X-A,0.08 € + 0.12 €/kWh
2026-10-10T07:01:09Z,STR-E-QE1X-B,0.08 € + 0.12 €/kWh
2026-10-10T07:01:09Z,STR-E-QLC9-A,0.17 €/kWh
2026-10-10T07:01:09Z,STR-E-QLC9-B,0.17 €/kWh
2026-10-10T07:01:09Z,STR-E-R8PQ-A,0 € + 0.16 €/kWh
2026-10-10T07:01:09Z,STR-E-S6VR-A,0 € + 0.16 €/kWh
2026-10-10T07:01:09Z,STR-E-SGC2-A,0 € + 0.16 €/kWh
2026-10-10T07:01:09Z,STR-E-SQX8-A,0.08 € + 0.12 €/kWh
2026-10-10T07:01:09Z,STR-E-SQX8-B,0.08 € + 0.12 €/kWh
2026-10-10T07:01:09Z,STR-E-TX67-A,0.2 €/kWh
2026-10-10T07:01:09Z,STR-E-TX67-B,0.2 €/kWh
2026-10-10T07:01:09Z,STR-E-U41O-A,0 € + 0.16 €/kWh
2026-10-10T07:01:09Z,STR-E-UKPS-A,0.15 € + 0.17 €/kWh
2026-10-10T07:01:09Z,STR-E-UPAQ-A,0.17 €/kWh
2026-10-10T07:01:09Z,STR-E-UPAQ-B,0.17 €/kWh
2026-10-10T07:01:09Z,STR-E-UPOS-A,0.08 € + 0.12 €/kWh
2026-10-10T07:01:09Z,STR-E-UPOS-B,0.08 € + 0.12 €/kWh
2026-10-10T07:01:09Z,STR-E-VJBJ-A,0 € + 0.16 €/kWh
2026-10-10T07:01:09Z,STR-E-VQ06-A,0 € + 0.16 €/kWh
2026-10-10T07:01:09Z,STR-E-VSDJ-A,0.2 €/kWh
2026-10-10T07:01:09Z,STR-E-VSDJ-B,0.2 €/kWh
2026-10-10T07:01:09Z,STR-E-VX2O-A,0 € + 0.16 €/kWh
2026-10-10T07:01:09Z,STR-E-WHZ1-A,0 € + 0.16 €/kWh
2026-10-10T07:01:09Z,STR-E-WLGM-A,0 € + 0.16 €/kWh
2026-10-10T07:01:09Z,STR-E-X54O-A,0 € + 0.16 €/kWh
2026-10-10T07:01:09Z,STR-E-XCMJ-A,0.08 € + 0.12 €/kWh
2026-10-10T07:01:09Z,STR-E-XCMJ-B,0.08 € + 0.12 €/kWh
2026-10-10T07:01:09Z,STR-E-XG69-A,0.08 € + 0.12 €/kWh
2026-10-10T07:01:09Z,STR-E-XG69-B,0.08 € + 0.12 €/kWh
2026-10-10T07:01:09Z,STR-E-XH51-A,0 € + 0.16 €/kWh
2026-10-10T07:01:09Z,STR-E-XRV8-A,0 € + 0.16 €/kWh
2026-10-10T07:01:09Z,STR-E-Y7JK-A,0 € + 0.16 €/kWh
2026-10-10T07:01:09Z,STR-E-Y82E-A,0 € + 0.16 €/kWh
2026-10-10T07:01:09Z,STR-E-Z2PJ-A,0.08 € + 0.12 €/kWh
2026-10-10T07:01:09Z,STR-E-Z2PJ-B,0.08 € + 0.12 €/kWh
2026-10-10T07:01:09Z,STR-E-ZEP7-A,0 € + 0.16 €/kWh
2026-10-10T07:01:09Z,STR-E-ZIAZ-A,0 € + 0.16 €/kWh
2026-10-10T07:01:09Z,STR-E-ZK9W-A,0 € + 0.16 €/kWh
2026-10-10T07:01:09Z,STR-E-ZWU5-A,0.08 € + 0.12 €/kWh
2026-10-10T07:01:09Z,STR-E-ZWU5-B,0.08 € + 0.12 €/kWh
2026-10-10T07:16:23Z,STR-E-04YS-A,0 € + 0.17 €/kWh
2026-10-10T07:16:23Z,STR-E-1X30-A,0 € + 0.17 €/kWh
2026-10-10T07:16:23Z,STR-E-2446-A,0 € + 0.17 €/kWh
2026-10-10T07:16:23Z,STR-E-2K1Q-A,0 € + 0.17 €/kWh
2026-10-10T07:16:23Z,STR-E-2XDJ-A,0 € + 0.17 €/kWh
2026-10-10T07:16:23Z,STR-E-3WE5-A,0 € + 0.17 €/kWh
2026-10-10T07:16:23Z,STR-E-4KWM-A,0.28 €/kWh
2026-10-10T07:16:23Z,STR-E-4KWM-B,0.28 €/kWh
2026-10-10T07:16:23Z,STR-E-4YKC-A,0 € + 0.17 €/kWh
2026-10-10T07:16:23Z,STR-E-527U-A,0 € + 0.17 €/kWh
2026-10-10T07:16:23Z,STR-E-55I4-A,0 € + 0.17 €/kWh
2026-10-10T07:16:23Z,STR-E-566J-A,0 € + 0.17 €/kWh
2026-10-10T07:16:23Z,STR-E-6E7W-A,0 € + 0.17 €/kWh
2026-10-10T07:16:23Z,STR-E-6ZTQ-A,0 € + 0.17 €/kWh
2026-10-10T07:16:23Z,STR-E-7438-A,0 € + 0.17 €/kWh
2026-10-10T07:16:23Z,STR-E-7YBN-A,0 € + 0.17 €/kWh
2026-10-10T07:16:23Z,STR-E-7Z8G-A,0.28 €/kWh
2026-10-10T07:16:23Z,STR-E-7Z8G-B,0.28 €/kWh
2026-10-10T07:16:23Z,STR-E-8A02-A,0 € + 0.17 €/kWh
2026-10-10T07:16:23Z,STR-E-8Q9F-A,0 € + 0.17 €/kWh
2026-10-10T07:16:23Z,STR-E-9AH3-A,0 € + 0.17 €/kWh
2026-10-10T07:16:23Z,STR-E-A169-A,0 € + 0.17 €/kWh
2026-10-10T07:16:23Z,STR-E-ADXE-A,0 € + 0.17 €/kWh
2026-10-10T07:16:23Z,STR-E-AMQK-A,0 € + 0.17 €/kWh
2026-10-10T07:16:23Z,STR-E-AUQ2-A,0 € + 0.17 €/kWh
2026-10-10T07:16:23Z,STR-E-C99Z-A,0 € + 0.17 €/kWh
2026-10-10T07:16:23Z,STR-E-DHEJ-A,0 € + 0.17 €/kWh
2026-10-10T07:16:23Z,STR-E-ECI7-A,0 € + 0.17 €/kWh
2026-10-10T07:16:23Z,STR-E-EFXK-A,0 € + 0.17 €/kWh
2026-10-10T07:16:23Z,STR-E-EPQY-A,0 € + 0.17 €/kWh
2026-10-10T07:16:23Z,STR-E-ER2N-A,0 € + 0.17 €/kWh
2026-10-10T07:16:23Z,STR-E-ES3O-A,0 € + 0.17 €/kWh
2026-10-10T07:16:23Z,STR-E-FKUY-A,0 € + 0.17 €/kWh
2026-10-10T07:16:23Z,STR-E-GE77-A,0.28 €/kWh
2026-10-10T07:16:23Z,STR-E-GE77-B,0.28 €/kWh
2026-10-10T07:16:23Z,STR-E-GFB3-A,0 € + 0.17 €/kWh
2026-10-10T07:16:23Z,STR-E-GK0C-A,0 € + 0.17 €/kWh
2026-10-10T07:16:23Z,STR-E-HHXV-A,0 € + 0.17 €/kWh
2026-10-10T07:16:23Z,STR-E-I1KE-A,0 € + 0.17 €/kWh
2026-10-10T07:16:23Z,STR-E-IAO5-A,0 € + 0.17 €/kWh
2026-10-10T07:16:23Z,STR-E-IPEC-A,0 € + 0.17 €/kWh
2026-10-10T07:16:23Z,STR-E-IV6T-A,0 € + 0.17 €/kWh
2026-10-10T07:16:23Z,STR-E-J54N-A,0 € + 0.17 €/kWh
2026-10-10T07:16:23Z,STR-E-J6DA-A,0 € + 0.17 €/kWh
2026-10-10T07:16:23Z,STR-E-J8VF-A,0 € + 0.17 €/kWh
2026-10-10T07:16:23Z,STR-E-JMOR-A,0 € + 0.17 €/kWh
2026-10-10T07:16:23Z,STR-E-K217-A,0 € + 0.17 €/kWh
2026-10-10T07:16:23Z,STR-E-KOHN-A,0 € + 0.17 €/kWh
2026-10-10T07:16:23Z,STR-E-KT5B-A,0 € + 0.17 €/kWh
2026-10-10T07:16:23Z,STR-E-NDU2-A,0 € + 0.17 €/kWh
2026-10-10T07:16:23Z,STR-E-NDZ4-A,0 € + 0.17 €/kWh
2026-10-10T07:16:23Z,STR-E-NFV5-A,0 € + 0.17 €/kWh
2026-10-10T07:16:23Z,STR-E-NSGB-A,0 € + 0.17 €/kWh
2026-10-10T07:16:23Z,STR-E-NY0Q-A,0.15 € + 0.18 €/kWh
2026-10-10T07:16:23Z,STR-E-O5JX-A,0 € + 0.17 €/kWh
2026-10-10T07:16:23Z,STR-E-ODBK-A,0.28 €/kWh
2026-10-10T07:16:23Z,STR-E-ODBK-B,0.28 €/kWh
2026-10-10T07:16:23Z,STR-E-OFWF-A,0 € + 0.17 €/kWh
2026-10-10T07:16:23Z,STR-E-OHH6-A,0 € + 0.17 €/kWh
2026-10-10T07:16:23Z,STR-E-P46N-A,0 € + 0.17 €/kWh
2026-10-10T07:16:23Z,STR-E-QAXH-A,0.15 € + 0.18 €/kWh
2026-10-10T07:16:23Z,STR-E-R8PQ-A,0 € + 0.17 €/kWh
2026-10-10T07:16:23Z,STR-E-S6VR-A,0 € + 0.17 €/kWh
2026-10-10T07:16:23Z,STR-E-SGC2-A,0 € + 0.17 €/kWh
2026-10-10T07:16:23Z,STR-E-U41O-A,0 € + 0.17 €/kWh
2026-10-10T07:16:23Z,STR-E-UKPS-A,0.15 € + 0.18 €/kWh
2026-10-10T07:16:23Z,STR-E-VJBJ-A,0 € + 0.17 €/kWh
2026-10-10T07:16:23Z,STR-E-VQ06-A,0 € + 0.17 €/kWh
2026-10-10T07:16:23Z,STR-E-VX2O-A,0 € + 0.17 €/kWh
2026-10-10T07:16:23Z,STR-E-WHZ1-A,0 € + 0.17 €/kWh
2026-10-10T07:16:23Z,STR-E-WLGM-A,0 € + 0.17 €/kWh
2026-10-10T07:16:23Z,STR-E-X54O-A,0 € + 0.17 €/kWh
2026-10-10T07:16:23Z,STR-E-XH51-A,0 € + 0.17 €/kWh
2026-10-10T07:16:23Z,STR-E-XRV8-A,0 € + 0.17 €/kWh
2026-10-10T07:16:23Z,STR-E-Y7JK-A,0 € + 0.17 €/kWh
2026-10-10T07:16:23Z,STR-E-Y82E-A,0 € + 0.17 €/kWh
2026-10-10T07:16:23Z,STR-E-ZEP7-A,0 € + 0.17 €/kWh
2026-10-10T07:16:23Z,STR-E-ZIAZ-A,0 € + 0.17 €/kWh
2026-10-10T07:16:23Z,STR-E-ZK9W-A,0 € + 0.17 €/kWh
2026-10-10T07:30:55Z,IKR-E-E475-A,0.3 € + 0.24 €/kWh
2026-10-10T07:30:55Z,IKR-E-E544-A,0.3 € + 0.24 €/kWh
2026-10-10T07:30:55Z,IKR-E-Y2Z8-A,0.3 € + 0.18 €/kWh
2026-10-10T07:30:55Z,STR-E-02VO-A,0.21 €/kWh
2026-10-10T07:30:55Z,STR-E-02VO-B,0.21 €/kWh
2026-10-10T07:30:55Z,STR-E-051F-A,0.08 € + 0.13 €/kWh
2026-10-10T07:30:55Z,STR-E-10G9-A,0.08 € + 0.13 €/kWh
2026-10-10T07:30:55Z,STR-E-10G9-B,0.08 € + 0.13 €/kWh
2026-10-10T07:30:55Z,STR-E-1ME5-A,0.08 € + 0.13 €/kWh
2026-10-10T07:30:55Z,STR-E-1ME5-B,0.08 € + 0.13 €/kWh
2026-10-10T07:30:55Z,STR-E-1MHB-A,0.29 €/kWh
2026-10-10T07:30:55Z,STR-E-3YH3-A,0.08 € + 0.13 €/kWh
2026-10-10T07:30:55Z,STR-E-3YH3-B,0.08 € + 0.13 €/kWh
2026-10-10T07:30:55Z,STR-E-491A-A,0.18 €/kWh
2026-10-10T07:30:55Z,STR-E-491A-B,0.18 €/kWh
2026-10-10T07:30:55Z,STR-E-491A-C,0.18 €/kWh
2026-10-10T07:30:55Z,STR-E-4DE6-A,0.18 €/kWh
2026-10-10T07:30:55Z,STR-E-4DE6-B,0.18 €/kWh
2026-10-10T07:30:55Z,STR-E-54PK-A,0.08 € + 0.13 €/kWh
2026-10-10T07:30:55Z,STR-E-54PK-B,0.08 € + 0.13 €/kWh
2026-10-10T07:30:55Z,STR-E-59TF-A,0.08 € + 0.13 €/kWh
2026-10-10T07:30:55Z,STR-E-7A48-A,0.08 € + 0.13 €/kWh
2026-10-10T07:30:55Z,STR-E-A27N-A,0.21 €/kWh
2026-10-10T07:30:55Z,STR-E-A27N-B,0.21 €/kWh
2026-10-10T07:30:55Z,STR-E-A27N-C,0.21 €/kWh
2026-10-10T07:30:55Z,STR-E-AF2O-A,0.08 € + 0.13 €/kWh
2026-10-10T07:30:55Z,STR-E-AWF1-A,0.08 € + 0.13 €/kWh
2026-10-10T07:30:55Z,STR-E-AWF1-B,0.08 € + 0.13 €/kWh
2026-10-10T07:30:55Z,STR-E-AWJ9-A,0.21 €/kWh
2026-10-10T07:30:55Z,STR-E-AWJ9-B,0.21 €/kWh
2026-10-10T07:30:55Z,STR-E-B36V-A,0.19 € + 0.26 €/kWh
2026-10-10T07:30:55Z,STR-E-B36V-B,0.19 € + 0.26 €/kWh
2026-10-10T07:30:55Z,STR-E-DBCC-A,0.08 € + 0.13 €/kWh
2026-10-10T07:30:55Z,STR-E-DBCC-B,0.08 € + 0.13 €/kWh
2026-10-10T07:30:55Z,STR-E-F2G0-A,0.08 € + 0.13 €/kWh
2026-10-10T07:30:55Z,STR-E-F2G0-B,0.08 € + 0.13 €/kWh
2026-10-10T07:30:55Z,STR-E-FUE8-A,0.08 € + 0.13 €/kWh
2026-10-10T07:30:55Z,STR-E-FUE8-B,0.08 € + 0.13 €/kWh
2026-10-10T07:30:55Z,STR-E-IIKL-A,0.08 € + 0.13 €/kWh
2026-10-10T07:30:55Z,STR-E-IIKL-B,0.08 € + 0.13 €/kWh
2026-10-10T07:30:55Z,STR-E-KUKS-A,0.08 € + 0.13 €/kWh
2026-10-10T07:30:55Z,STR-E-KUKS-B,0.08 € + 0.13 €/kWh
2026-10-10T07:30:55Z,STR-E-LREY-A,0.29 €/kWh
2026-10-10T07:30:55Z,STR-E-MIP3-A,0.18 €/kWh
2026-10-10T07:30:55Z,STR-E-MIP3-B,0.18 €/kWh
2026-10-10T07:30:55Z,STR-E-NCKT-A,0.08 € + 0.13 €/kWh
2026-10-10T07:30:55Z,STR-E-NCKT-B,0.08 € + 0.13 €/kWh
2026-10-10T07:30:55Z,STR-E-O5YW-A,0.08 € + 0.13 €/kWh
2026-10-10T07:30:55Z,STR-E-O5YW-B,0.08 € + 0.13 €/kWh
2026-10-10T07:30:55Z,STR-E-P7AF-A,0.08 € + 0.13 €/kWh
2026-10-10T07:30:55Z,STR-E-P7AF-B,0.08 € + 0.13 €/kWh
2026-10-10T07:30:55Z,STR-E-PJCQ-A,0.08 € + 0.13 €/kWh
2026-10-10T07:30:55Z,STR-E-PJCQ-B,0.08 € + 0.13 €/kWh
2026-10-10T07:30:55Z,STR-E-QE1X-A,0.08 € + 0.13 €/kWh
2026-10-10T07:30:55Z,STR-E-QE1X-B,0.08 € + 0.13 €/kWh
2026-10-10T07:30:55Z,STR-E-QLC9-A,0.18 €/kWh
2026-10-10T07:30:55Z,STR-E-QLC9-B,0.18 €/kWh
2026-10-10T07:30:55Z,STR-E-SQX8-A,0.08 € + 0.13 €/kWh
2026-10-10T07:30:55Z,STR-E-SQX8-B,0.08 € + 0.13 €/kWh
2026-10-10T07:30:55Z,STR-E-TX67-A,0.21 €/kWh
2026-10-10T07:30:55Z,STR-E-TX67-B,0.21 €/kWh
2026-10-10T07:30:55Z,STR-E-UPAQ-A,0.18 €/kWh
2026-10-10T07:30:55Z,STR-E-UPAQ-B,0.18 €/kWh
2026-10-10T07:30:55Z,STR-E-UPOS-A,0.08 € + 0.13 €/kWh
2026-10-10T07:30:55Z,STR-E-UPOS-B,0.08 € + 0.13 €/kWh
2026-10-10T07:30:55Z,STR-E-VSDJ-A,0.21 €/kWh
2026-10-10T07:30:55Z,STR-E-VSDJ-B,0.21 €/kWh
2026-10-10T07:30:55Z,STR-E-XCMJ-A,0.08 € + 0.13 €/kWh
2026-10-10T07:30:55Z,STR-E-XCMJ-B,0.08 € + 0.13 €/kWh
2026-10-10T07:30:55Z,STR-E-XG69-A,0.08 € + 0.13 €/kWh
2026-10-10T07:30:55Z,STR-E-XG69-B,0.08 € + 0.13 €/kWh
2026-10-10T07:30:55Z,STR-E-Z2PJ-A,0.08 € + 0.13 €/kWh
2026-10-10T07:30:55Z,STR-E-Z2PJ-B,0.08 € + 0.13 €/kWh
2026-10-10T07:30:55Z,STR-E-ZWU5-A,0.08 € + 0.13 €/kWh
2026-10-10T07:30:55Z,STR-E-ZWU5-B,0.08 € + 0.13 €/kWh
2026-10-10T07:46:24Z,STR-E-027B-A,0.19 €/kWh + 0.23 €
2026-10-10T07:46:24Z,STR-E-027B-B,0.19 €/kWh + 0.23 €
2026-10-10T07:46:24Z,STR-E-0698-A,0.09 €/kWh
2026-10-10T07:46:24Z,STR-E-0GEL-A,0.09 €/kWh
2026-10-10T07:46:24Z,STR-E-1162-A,0.09 €/kWh
2026-10-10T07:46:24Z,STR-E-11DT-A,0.09 €/kWh
2026-10-10T07:46:24Z,STR-E-1887-A,0.09 €/kWh
2026-10-10T07:46:24Z,STR-E-1927-A,0.09 €/kWh
2026-10-10T07:46:24Z,STR-E-1MJQ-A,0.09 €/kWh
2026-10-10T07:46:24Z,STR-E-21O1-A,0.19 €/kWh
2026-10-10T07:46:24Z,STR-E-21O1-B,0.19 €/kWh
2026-10-10T07:46:24Z,STR-E-2D12-A,0.09 €/kWh
2026-10-10T07:46:24Z,STR-E-2ED4-A,0.09 €/kWh
2026-10-10T07:46:24Z,STR-E-320G-A,0.09 €/kWh
2026-10-10T07:46:24Z,STR-E-3468-A,0.19 €/kWh
2026-10-10T07:46:24Z,STR-E-3468-B,0.19 €/kWh
2026-10-10T07:46:24Z,STR-E-3ENA-A,0.19 €/kWh
2026-10-10T07:46:24Z,STR-E-3ENA-B,0.19 €/kWh
2026-10-10T07:46:24Z,STR-E-3ENA-C,0.19 €/kWh
2026-10-10T07:46:24Z,STR-E-3FMF-A,0.19 €/kWh + 0.23 €
2026-10-10T07:46:24Z,STR-E-3FMF-B,0.19 €/kWh + 0.23 €
2026-10-10T07:46:24Z,STR-E-3PZS-A,0.09 €/kWh
2026-10-10T07:46:24Z,STR-E-3SXI-A,0.19 €/kWh
2026-10-10T07:46:24Z,STR-E-3SXI-B,0.19 €/kWh
2026-10-10T07:46:24Z,STR-E-3TZI-A,0.09 €/kWh
2026-10-10T07:46:24Z,STR-E-4156-A,0.25 €/kWh
2026-10-10T07:46:24Z,STR-E-4156-B,0.25 €/kWh
2026-10-10T07:46:24Z,STR-E-4LRS-A,0.09 €/kWh
2026-10-10T07:46:24Z,STR-E-4UGU-A,0.09 €/kWh
2026-10-10T07:46:24Z,STR-E-5DWB-A,0.09 €/kWh
2026-10-10T07:46:24Z,STR-E-5TI5-A,0.09 €/kWh
2026-10-10T07:46:24Z,STR-E-69PN-A,0.09 €/kWh
2026-10-10T07:46:24Z,STR-E-6CNG-A,0.09 €/kWh
2026-10-10T07:46:24Z,STR-E-6SQH-A,0.09 €/kWh
2026-10-10T07:46:24Z,STR-E-6UZQ-A,0.19 €/kWh
2026-10-10T07:46:24Z,STR-E-6UZQ-B,0.19 €/kWh
2026-10-10T07:46:24Z,STR-E-86C0-A,0.09 €/kWh
2026-10-10T07:46:24Z,STR-E-88SA-A,0.09 €/kWh
2026-10-10T07:46:24Z,STR-E-8M2O-A,0.09 €/kWh
2026-10-10T07:46:24Z,STR-E-8XL5-A,0.09 €/kWh
2026-10-10T07:46:24Z,STR-E-8Y23-A,0.09 €/kWh
2026-10-10T07:46:24Z,STR-E-92KW-A,0.19 €/kWh + 0.23 €
2026-10-10T07:46:24Z,STR-E-9I2R-A,0.09 €/kWh
2026-10-10T07:46:24Z,STR-E-9TUZ-A,0.09 €/kWh
2026-10-10T07:46:24Z,STR-E-9WY2-A,0.09 €/kWh
2026-10-10T07:46:24Z,STR-E-A442-A,0.09 €/kWh
2026-10-10T07:46:24Z,STR-E-AABG-A,0.09 €/kWh
2026-10-10T07:46:24Z,STR-E-ACMT-A,0.09 €/kWh
2026-10-10T07:46:24Z,STR-E-ANJ0-A,0.19 €/kWh + 0.23 €
2026-10-10T07:46:24Z,STR-E-ANJ0-B,0.19 €/kWh + 0.23 €
2026-10-10T07:46:24Z,STR-E-AP96-A,0.19 €/kWh + 0.23 €
2026-10-10T07:46:24Z,STR-E-AP96-B,0.19 €/kWh + 0.23 €
2026-10-10T07:46:24Z,STR-E-BIKW-A,0.19 €/kWh + 0.23 €
2026-10-10T07:46:24Z,STR-E-BIKW-B,0.19 €/kWh + 0.23 €
2026-10-10T07:46:24Z,STR-E-BXA5-A,0.09 €/kWh
2026-10-10T07:46:24Z,STR-E-C91L-A,0.09 €/kWh
2026-10-10T07:46:24Z,STR-E-D3MB-A,0.19 €/kWh + 0.23 €
2026-10-10T07:46:24Z,STR-E-D3MB-B,0.19 €/kWh + 0.23 €
2026-10-10T07:46:24Z,STR-E-E0DZ-A,0.19 €/kWh
2026-10-10T07:46:24Z,STR-E-E0DZ-B,0.19 €/kWh
2026-10-10T07:46:24Z,STR-E-E7HH-A,0.09 €/kWh
2026-10-10T07:46:24Z,STR-E-ELFQ-A,0.19 €/kWh + 0.23 €
2026-10-10T07:46:24Z,STR-E-ELFQ-B,0.19 €/kWh + 0.23 €
2026-10-10T07:46:24Z,STR-E-EU1U-A,0.09 €/kWh
2026-10-10T07:46:24Z,STR-E-F4B3-A,0.09 €/kWh
2026-10-10T07:46:24Z,STR-E-F5LZ-A,0.09 €/kWh
2026-10-10T07:46:24Z,STR-E-F79A-A,0.19 €/kWh + 0.23 €
2026-10-10T07:46:24Z,STR-E-F79A-B,0.19 €/kWh + 0.23 €
2026-10-10T07:46:24Z,STR-E-FGMF-A,0.09 €/kWh
2026-10-10T07:46:24Z,STR-E-FK06-A,0.09 €/kWh
2026-10-10T07:46:24Z,STR-E-G4VM-A,0.09 €/kWh
2026-10-10T07:46:24Z,STR-E-G518-A,0.09 €/kWh
2026-10-10T07:46:24Z,STR-E-GB9A-A,0.09 €/kWh
2026-10-10T07:46:24Z,STR-E-GGV8-A,0.09 €/kWh
2026-10-10T07:46:24Z,STR-E-GHJA-A,0.09 €/kWh
2026-10-10T07:46:24Z,STR-E-GR5K-A,0.09 €/kWh
2026-10-10T07:46:24Z,STR-E-H6Q5-A,0.09 €/kWh
2026-10-10T07:46:24Z,STR-E-I4UZ-A,0.09 €/kWh
2026-10-10T07:46:24Z,STR-E-I5FH-A,0.09 €/kWh
2026-10-10T07:46:24Z,STR-E-I8C6-A,0.09 €/kWh
2026-10-10T07:46:24Z,STR-E-IA3X-A,0.09 €/kWh
2026-10-10T07:46:24Z,STR-E-IGH5-A,0.19 €/kWh + 0.23 €
2026-10-10T07:46:24Z,STR-E-IGH5-B,0.19 €/kWh + 0.23 €
2026-10-10T07:46:24Z,STR-E-JG90-A,0.1 €/kWh + 0.3 €
2026-10-10T07:46:24Z,STR-E-JG90-B,0.1 €/kWh + 0.3 €
2026-10-10T07:46:24Z,STR-E-JVO0-A,0.09 €/kWh
2026-10-10T07:46:24Z,STR-E-K73C-A,0.19 €/kWh + 0.23 €
2026-10-10T07:46:24Z,STR-E-K73C-B,0.19 €/kWh + 0.23 €
2026-10-10T07:46:24Z,STR-E-KBZL-A,0.09 €/kWh
2026-10-10T07:46:24Z,STR-E-L84D-A,0.09 €/kWh
2026-10-10T07:46:24Z,STR-E-LISV-A,0.09 €/kWh
2026-10-10T07:46:24Z,STR-E-LKFQ-A,0.09 €/kWh
2026-10-10T07:46:24Z,STR-E-M1IB-A,0.09 €/kWh
2026-10-10T07:46:24Z,STR-E-M8WL-A,0.09 €/kWh
2026-10-10T07:46:24Z,STR-E-M9W7-A,0.09 €/kWh
2026-10-10T07:46:24Z,STR-E-MSEN-A,0.09 €/kWh
2026-10-10T07:46:24Z,STR-E-MSUL-A,0.09 €/kWh
2026-10-10T07:46:24Z,STR-E-N6P5-A,0.09 €/kWh
2026-10-10T07:46:24Z,STR-E-NNGC-A,0.09 €/kWh
2026-10-10T07:46:24Z,STR-E-NY0Q-A,0.15 € + 0.19 €/kWh
2026-10-10T07:46:24Z,STR-E-O0VK-A,0.09 €/kWh
2026-10-10T07:46:24Z,STR-E-OG1X-A,0.09 €/kWh
2026-10-10T07:46:24Z,STR-E-OJ3E-A,0.19 €/kWh + 0.23 €
2026-10-10T07:46:24Z,STR-E-OJ3E-B,0.19 €/kWh + 0.23 €
2026-10-10T07:46:24Z,STR-E-OQKZ-A,0.09 €/kWh
2026-10-10T07:46:24Z,STR-E-PC04-A,0.09 €/kWh
2026-10-10T07:46:24Z,STR-E-PDR2-A,0.09 €/kWh
2026-10-10T07:46:24Z,STR-E-PM3P-A,0.19 €/kWh + 0.23 €
2026-10-10T07:46:24Z,STR-E-PM3P-B,0.19 €/kWh + 0.23 €
2026-10-10T07:46:24Z,STR-E-PRUQ-A,0.09 €/kWh
2026-10-10T07:46:24Z,STR-E-PSU9-A,0.09 €/kWh
2026-10-10T07:46:24Z,STR-E-PZ9U-A,0.09 €/kWh
2026-10-10T07:46:24Z,STR-E-PZES-A,0.09 €/kWh
2026-10-10T07:46:24Z,STR-E-Q5YF-A,0.19 €/kWh + 0.23 €
2026-10-10T07:46:24Z,STR-E-Q5YF-B,0.19 €/kWh + 0.23 €
2026-10-10T07:46:24Z,STR-E-Q7LB-A,0.19 €/kWh + 0.23 €
2026-10-10T07:46:24Z,STR-E-Q7LB-B,0.19 €/kWh + 0.23 €
2026-10-10T07:46:24Z,STR-E-QAXH-A,0.15 € + 0.19 €/kWh
2026-10-10T07:46:24Z,STR-E-QEDL-A,0.09 €/kWh
2026-10-10T07:46:24Z,STR-E-QIQM-A,0.09 €/kWh
2026-10-10T07:46:24Z,STR-E-R0J8-A,0.09 €/kWh
2026-10-10T07:46:24Z,STR-E-R1MT-A,0.19 €/kWh + 0.23 €
2026-10-10T07:46:24Z,STR-E-R1MT-B,0.19 €/kWh + 0.23 €
2026-10-10T07:46:24Z,STR-E-R1PI-A,0.19 €/kWh + 0.23 €
2026-10-10T07:46:24Z,STR-E-R1PI-B,0.19 €/kWh + 0.23 €
2026-10-10T07:46:24Z,STR-E-R2LK-A,0.19 €/kWh + 0.23 €
2026-10-10T07:46:24Z,STR-E-R2LK-B,0.19 €/kWh + 0.23 €
2026-10-10T07:46:24Z,STR-E-R9GA-A,0.09 €/kWh
2026-10-10T07:46:24Z,STR-E-RJH9-A,0.09 €/kWh
2026-10-10T07:46:24Z,STR-E-RKWJ-A,0.09 €/kWh
2026-10-10T07:46:24Z,STR-E-S42D-A,0.09 €/kWh
2026-10-10T07:46:24Z,STR-E-S7YR-A,0.19 €/kWh + 0.23 €
2026-10-10T07:46:24Z,STR-E-S7YR-B,0.19 €/kWh + 0.23 €
2026-10-10T07:46:24Z,STR-E-SJKA-A,0.09 €/kWh
2026-10-10T07:46:24Z,STR-E-SVR3-A,0.19 €/kWh + 0.23 €
2026-10-10T07:46:24Z,STR-E-SVR3-B,0.19 €/kWh + 0.23 €
2026-10-10T07:46:24Z,STR-E-SY9Y-A,0.09 €/kWh
2026-10-10T07:46:24Z,STR-E-TO2O-A,0.09 €/kWh
2026-10-10T07:46:24Z,STR-E-U5TP-A,0.09 €/kWh
2026-10-10T07:46:24Z,STR-E-UKPS-A,0.15 € + 0.19 €/kWh
2026-10-10T07:46:24Z,STR-E-UY5H-A,0.09 €/kWh
2026-10-10T07:46:24Z,STR-E-V17G-A,0.09 €/kWh
2026-10-10T07:46:24Z,STR-E-V31J-A,0.09 €/kWh
2026-10-10T07:46:24Z,STR-E-V50T-A,0.09 €/kWh
2026-10-10T07:46:24Z,STR-E-V9SD-A,0.09 €/kWh
2026-10-10T07:46:24Z,STR-E-V9ZR-A,0.09 €/kWh
2026-10-10T07:46:24Z,STR-E-VBMP-A,0.09 €/kWh
2026-10-10T07:46:24Z,STR-E-VPDB-A,0.09 €/kWh
2026-10-10T07:46:24Z,STR-E-VT0G-A,0.09 €/kWh
2026-10-10T07:46:24Z,STR-E-VXGH-A,0.09 €/kWh
2026-10-10T07:46:24Z,STR-E-W1X4-A,0.09 €/kWh
2026-10-10T07:46:24Z,STR-E-WEE3-A,0.19 €/kWh + 0.23 €
2026-10-10T07:46:24Z,STR-E-WEE3-B,0.19 €/kWh + 0.23 €
2026-10-10T07:46:24Z,STR-E-WTQ5-A,0.19 €/kWh
2026-10-10T07:46:24Z,STR-E-WXV8-A,0.09 €/kWh
2026-10-10T07:46:24Z,STR-E-WYFE-A,0.19 €/kWh
2026-10-10T07:46:24Z,STR-E-WYFE-B,0.19 €/kWh
2026-10-10T07:46:24Z,STR-E-WYYC-A,0.19 €/kWh + 0.23 €
2026-10-10T07:46:24Z,STR-E-WYYC-B,0.19 €/kWh + 0.23 €
2026-10-10T07:46:24Z,STR-E-WZW9-A,0.09 €/kWh
2026-10-10T07:46:24Z,STR-E-X525-A,0.09 €/kWh
2026-10-10T07:46:24Z,STR-E-XFON-A,0.09 €/kWh
2026-10-10T07:46:24Z,STR-E-XKW2-A,0.19 €/kWh + 0.23 €
2026-10-10T07:46:24Z,STR-E-XKW2-B,0.19 €/kWh + 0.23 €
2026-10-10T07:46:24Z,STR-E-YC50-A,0.09 €/kWh
2026-10-10T07:46:24Z,STR-E-ZA6O-A,0.09 €/kWh
2026-10-10T07:46:24Z,STR-E-ZS00-A,0.19 €/kWh + 0.23 €
2026-10-10T07:46:24Z,STR-E-ZS00-B,0.19 €/kWh + 0.23 €
2026-10-10T08:02:25Z,IKR-E-E475-A,0.3 € + 0.23 €/kWh
2026-10-10T08:02:25Z,IKR-E-E544-A,0.3 € + 0.23 €/kWh
2026-10-10T08:02:25Z,IKR-E-Y2Z8-A,0.3 € + 0.17 €/kWh
2026-10-10T08:02:25Z,STR-E-1MHB-A,0.3 €/kWh
2026-10-10T08:02:25Z,STR-E-LREY-A,0.3 €/kWh
2026-10-10T08:16:23Z,IKR-E-MAU9-A,0.29 € + 0.08 €/kWh
2026-10-10T08:16:23Z,IKR-E-OWF5-A,0.3 € + 0.24 €/kWh
2026-10-10T08:16:23Z,IKR-E-W6HQ-A,0.29 € + 0.08 €/kWh
2026-10-10T08:16:23Z,IKR-P-SCM5-A,0.3 € + 0.24 €/kWh
2026-10-10T08:16:23Z,IKR-P-V9X4-A,0.3 € + 0.24 €/kWh
2026-10-10T08:16:23Z,IKR-P-V9X4-B,0.3 € + 0.24 €/kWh
2026-10-10T08:16:23Z,STR-E-027B-A,0.18 €/kWh + 0.23 €
2026-10-10T08:16:23Z,STR-E-027B-B,0.18 €/kWh + 0.23 €
2026-10-10T08:16:23Z,STR-E-0698-A,0.08 €/kWh
2026-10-10T08:16:23Z,STR-E-0GEL-A,0.08 €/kWh
2026-10-10T08:16:23Z,STR-E-1162-A,0.08 €/kWh
2026-10-10T08:16:23Z,STR-E-11DT-A,0.08 €/kWh
2026-10-10T08:16:23Z,STR-E-1887-A,0.08 €/kWh
2026-10-10T08:16:23Z,STR-E-1927-A,0.08 €/kWh
2026-10-10T08:16:23Z,STR-E-1MHB-A,0.29 €/kWh
2026-10-10T08:16:23Z,STR-E-1MJQ-A,0.08 €/kWh
2026-10-10T08:16:23Z,STR-E-21O1-A,0.18 €/kWh
2026-10-10T08:16:23Z,STR-E-21O1-B,0.18 €/kWh
2026-10-10T08:16:23Z,STR-E-2D12-A,0.08 €/kWh
2026-10-10T08:16:23Z,STR-E-2ED4-A,0.08 €/kWh
2026-10-10T08:16:23Z,STR-E-320G-A,0.08 €/kWh
2026-10-10T08:16:23Z,STR-E-3468-A,0.18 €/kWh
2026-10-10T08:16:23Z,STR-E-3468-B,0.18 €/kWh
2026-10-10T08:16:23Z,STR-E-3ENA-A,0.18 €/kWh
2026-10-10T08:16:23Z,STR-E-3ENA-B,0.18 €/kWh
2026-10-10T08:16:23Z,STR-E-3ENA-C,0.18 €/kWh
2026-10-10T08:16:23Z,STR-E-3FMF-A,0.18 €/kWh + 0.23 €
2026-10-10T08:16:23Z,STR-E-3FMF-B,0.18 €/kWh + 0.23 €
2026-10-10T08:16:23Z,STR-E-3PZS-A,0.08 €/kWh
2026-10-10T08:16:23Z,STR-E-3SXI-A,0.18 €/kWh
2026-10-10T08:16:23Z,STR-E-3SXI-B,0.18 €/kWh
2026-10-10T08:16:23Z,STR-E-3TZI-A,0.08 €/kWh
2026-10-10T08:16:23Z,STR-E-4156-A,0.24 €/kWh
2026-10-10T08:16:23Z,STR-E-4156-B,0.24 €/kWh
2026-10-10T08:16:23Z,STR-E-4LRS-A,0.08 €/kWh
2026-10-10T08:16:23Z,STR-E-4UGU-A,0.08 €/kWh
2026-10-10T08:16:23Z,STR-E-5DWB-A,0.08 €/kWh
2026-10-10T08:16:23Z,STR-E-5TI5-A,0.08 €/kWh
2026-10-10T08:16:23Z,STR-E-69PN-A,0.08 €/kWh
2026-10-10T08:16:23Z,STR-E-6CNG-A,0.08 €/kWh
2026-10-10T08:16:23Z,STR-E-6SQH-A,0.08 €/kWh
2026-10-10T08:16:23Z,STR-E-6UZQ-A,0.18 €/kWh
2026-10-10T08:16:23Z,STR-E-6UZQ-B,0.18 €/kWh
2026-10-10T08:16:23Z,STR-E-86C0-A,0.08 €/kWh
2026-10-10T08:16:23Z,STR-E-88SA-A,0.08 €/kWh
2026-10-10T08:16:23Z,STR-E-8M2O-A,0.08 €/kWh
2026-10-10T08:16:23Z,STR-E-8XL5-A,0.08 €/kWh
2026-10-10T08:16:23Z,STR-E-8Y23-A,0.08 €/kWh
2026-10-10T08:16:23Z,STR-E-92KW-A,0.18 €/kWh + 0.23 €
2026-10-10T08:16:23Z,STR-E-9I2R-A,0.08 €/kWh
2026-10-10T08:16:23Z,STR-E-9TUZ-A,0.08 €/kWh
2026-10-10T08:16:23Z,STR-E-9WY2-A,0.08 €/kWh
2026-10-10T08:16:23Z,STR-E-A442-A,0.08 €/kWh
2026-10-10T08:16:23Z,STR-E-AABG-A,0.08 €/kWh
2026-10-10T08:16:23Z,STR-E-ACMT-A,0.08 €/kWh
2026-10-10T08:16:23Z,STR-E-ANJ0-A,0.18 €/kWh + 0.23 €
2026-10-10T08:16:23Z,STR-E-ANJ0-B,0.18 €/kWh + 0.23 €
2026-10-10T08:16:23Z,STR-E-AP96-A,0.18 €/kWh + 0.23 €
2026-10-10T08:16:23Z,STR-E-AP96-B,0.18 €/kWh + 0.23 €
2026-10-10T08:16:23Z,STR-E-BIKW-A,0.18 €/kWh + 0.23 €
2026-10-10T08:16:23Z,STR-E-BIKW-B,0.18 €/kWh + 0.23 €
2026-10-10T08:16:23Z,STR-E-BXA5-A,0.08 €/kWh
2026-10-10T08:16:23Z,STR-E-C91L-A,0.08 €/kWh
2026-10-10T08:16:23Z,STR-E-D3MB-A,0.18 €/kWh + 0.23 €
2026-10-10T08:16:23Z,STR-E-D3MB-B,0.18 €/kWh + 0.23 €
2026-10-10T08:16:23Z,STR-E-E0DZ-A,0.18 €/kWh
2026-10-10T08:16:23Z,STR-E-E0DZ-B,0.18 €/kWh
2026-10-10T08:16:23Z,STR-E-E7HH-A,0.08 €/kWh
2026-10-10T08:16:23Z,STR-E-ELFQ-A,0.18 €/kWh + 0.23 €
2026-10-10T08:16:23Z,STR-E-ELFQ-B,0.18 €/kWh + 0.23 €
2026-10-10T08:16:23Z,STR-E-EU1U-A,0.08 €/kWh
2026-10-10T08:16:23Z,STR-E-F4B3-A,0.08 €/kWh
2026-10-10T08:16:23Z,STR-E-F5LZ-A,0.08 €/kWh
2026-10-10T08:16:23Z,STR-E-F79A-A,0.18 €/kWh + 0.23 €
2026-10-10T08:16:23Z,STR-E-F79A-B,0.18 €/kWh + 0.23 €
2026-10-10T08:16:23Z,STR-E-FGMF-A,0.08 €/kWh
2026-10-10T08:16:23Z,STR-E-FK06-A,0.08 €/kWh
2026-10-10T08:16:23Z,STR-E-G4VM-A,0.08 €/kWh
2026-10-10T08:16:23Z,STR-E-G518-A,0.08 €/kWh
2026-10-10T08:16:23Z,STR-E-GB9A-A,0.08 €/kWh
2026-10-10T08:16:23Z,STR-E-GGV8-A,0.08 €/kWh
2026-10-10T08:16:23Z,STR-E-GHJA-A,0.08 €/kWh
2026-10-10T08:16:23Z,STR-E-GR5K-A,0.08 €/kWh
2026-10-10T08:16:23Z,STR-E-H6Q5-A,0.08 €/kWh
2026-10-10T08:16:23Z,STR-E-I4UZ-A,0.08 €/kWh
2026-10-10T08:16:23Z,STR-E-I5FH-A,0.08 €/kWh
2026-10-10T08:16:23Z,STR-E-I8C6-A,0.08 €/kWh
2026-10-10T08:16:23Z,STR-E-IA3X-A,0.08 €/kWh
2026-10-10T08:16:23Z,STR-E-IGH5-A,0.18 €/kWh + 0.23 €
2026-10-10T08:16:23Z,STR-E-IGH5-B,0.18 €/kWh + 0.23 €
2026-10-10T08:16:23Z,STR-E-JVO0-A,0.08 €/kWh
2026-10-10T08:16:23Z,STR-E-K73C-A,0.18 €/kWh + 0.23 €
2026-10-10T08:16:23Z,STR-E-K73C-B,0.18 €/kWh + 0.23 €
2026-10-10T08:16:23Z,STR-E-KBZL-A,0.08 €/kWh
2026-10-10T08:16:23Z,STR-E-L84D-A,0.08 €/kWh
2026-10-10T08:16:23Z,STR-E-LISV-A,0.08 €/kWh
2026-10-10T08:16:23Z,STR-E-LKFQ-A,0.08 €/kWh
2026-10-10T08:16:23Z,STR-E-LREY-A,0.29 €/kWh
2026-10-10T08:16:23Z,STR-E-M1IB-A,0.08 €/kWh
2026-10-10T08:16:23Z,STR-E-M8WL-A,0.08 €/kWh
2026-10-10T08:16:23Z,STR-E-M9W7-A,0.08 €/kWh
2026-10-10T08:16:23Z,STR-E-MSEN-A,0.08 €/kWh
2026-10-10T08:16:23Z,STR-E-MSUL-A,0.08 €/kWh
2026-10-10T08:16:23Z,STR-E-N6P5-A,0.08 €/kWh
2026-10-10T08:16:23Z,STR-E-NNGC-A,0.08 €/kWh
2026-10-10T08:16:23Z,STR-E-NY0Q-A,0.15 € + 0.18 €/kWh
2026-10-10T08:16:23Z,STR-E-O0VK-A,0.08 €/kWh
2026-10-10T08:16:23Z,STR-E-OG1X-A,0.08 €/kWh
2026-10-10T08:16:23Z,STR-E-OJ3E-A,0.18 €/kWh + 0.23 €
2026-10-10T08:16:23Z,STR-E-OJ3E-B,0.18 €/kWh + 0.23 €
2026-10-10T08:16:23Z,STR-E-OQKZ-A,0.08 €/kWh
2026-10-10T08:16:23Z,STR-E-PC04-A,0.08 €/kWh
2026-10-10T08:16:23Z,STR-E-PDR2-A,0.08 €/kWh
2026-10-10T08:16:23Z,STR-E-PM3P-A,0.18 €/kWh + 0.23 €
2026-10-10T08:16:23Z,STR-E-PM3P-B,0.18 €/kWh + 0.23 €
2026-10-10T08:16:23Z,STR-E-PRUQ-A,0.08 €/kWh
2026-10-10T08:16:23Z,STR-E-PSU9-A,0.08 €/kWh
2026-10-10T08:16:23Z,STR-E-PZ9U-A,0.08 €/kWh
2026-10-10T08:16:23Z,STR-E-PZES-A,0.08 €/kWh
2026-10-10T08:16:23Z,STR-E-Q5YF-A,0.18 €/kWh + 0.23 €
2026-10-10T08:16:23Z,STR-E-Q5YF-B,0.18 €/kWh + 0.23 €
2026-10-10T08:16:23Z,STR-E-Q7LB-A,0.18 €/kWh + 0.23 €
2026-10-10T08:16:23Z,STR-E-Q7LB-B,0.18 €/kWh + 0.23 €
2026-10-10T08:16:23Z,STR-E-QAXH-A,0.15 € + 0.18 €/kWh
2026-10-10T08:16:23Z,STR-E-QEDL-A,0.08 €/kWh
2026-10-10T08:16:23Z,STR-E-QIQM-A,0.08 €/kWh
2026-10-10T08:16:23Z,STR-E-R0J8-A,0.08 €/kWh
2026-10-10T08:16:23Z,STR-E-R1MT-A,0.18 €/kWh + 0.23 €
2026-10-10T08:16:23Z,STR-E-R1MT-B,0.18 €/kWh + 0.23 €
2026-10-10T08:16:23Z,STR-E-R1PI-A,0.18 €/kWh + 0.23 €
2026-10-10T08:16:23Z,STR-E-R1PI-B,0.18 €/kWh + 0.23 €
2026-10-10T08:16:23Z,STR-E-R2LK-A,0.18 €/kWh + 0.23 €
2026-10-10T08:16:23Z,STR-E-R2LK-B,0.18 €/kWh + 0.23 €
2026-10-10T08:16:23Z,STR-E-R9GA-A,0.08 €/kWh
2026-10-10T08:16:23Z,STR-E-RJH9-A,0.08 €/kWh
2026-10-10T08:16:23Z,STR-E-RKWJ-A,0.08 €/kWh
2026-10-10T08:16:23Z,STR-E-S42D-A,0.08 €/kWh
2026-10-10T08:16:23Z,STR-E-S7YR-A,0.18 €/kWh + 0.23 €
2026-10-10T08:16:23Z,STR-E-S7YR-B,0.18 €/kWh + 0.23 €
2026-10-10T08:16:23Z,STR-E-SJKA-A,0.08 €/kWh
2026-10-10T08:16:23Z,STR-E-SVR3-A,0.18 €/kWh + 0.23 €
2026-10-10T08:16:23Z,STR-E-SVR3-B,0.18 €/kWh + 0.23 €
2026-10-10T08:16:23Z,STR-E-SY9Y-A,0.08 €/kWh
2026-10-10T08:16:23Z,STR-E-TO2O-A,0.08 €/kWh
2026-10-10T08:16:23Z,STR-E-U5TP-A,0.08 €/kWh
2026-10-10T08:16:23Z,STR-E-UKPS-A,0.15 € + 0.18 €/kWh
2026-10-10T08:16:23Z,STR-E-UY5H-A,0.08 €/kWh
2026-10-10T08:16:23Z,STR-E-V17G-A,0.08 €/kWh
2026-10-10T08:16:23Z,STR-E-V31J-A,0.08 €/kWh
2026-10-10T08:16:23Z,STR-E-V50T-A,0.08 €/kWh
2026-10-10T08:16:23Z,STR-E-V9SD-A,0.08 €/kWh
2026-10-10T08:16:23Z,STR-E-V9ZR-A,0.08 €/kWh
2026-10-10T08:16:23Z,STR-E-VBMP-A,0.08 €/kWh
2026-10-10T08:16:23Z,STR-E-VPDB-A,0.08 €/kWh
2026-10-10T08:16:23Z,STR-E-VT0G-A,0.08 €/kWh
2026-10-10T08:16:23Z,STR-E-VXGH-A,0.08 €/kWh
2026-10-10T08:16:23Z,STR-E-W1X4-A,0.08 €/kWh
2026-10-10T08:16:23Z,STR-E-WEE3-A,0.18 €/kWh + 0.23 €
2026-10-10T08:16:23Z,STR-E-WEE3-B,0.18 €/kWh + 0.23 €
2026-10-10T08:16:23Z,STR-E-WTQ5-A,0.18 €/kWh
2026-10-10T08:16:23Z,STR-E-WXV8-A,0.08 €/kWh
2026-10-10T08:16:23Z,STR-E-WYFE-A,0.18 €/kWh
2026-10-10T08:16:23Z,STR-E-WYFE-B,0.18 €/kWh
2026-10-10T08:16:23Z,STR-E-WYYC-A,0.18 €/kWh + 0.23 €
2026-10-10T08:16:23Z,STR-E-WYYC-B,0.18 €/kWh + 0.23 €
2026-10-10T08:16:23Z,STR-E-WZW9-A,0.08 €/kWh
2026-10-10T08:16:23Z,STR-E-X525-A,0.08 €/kWh
2026-10-10T08:16:23Z,STR-E-XFON-A,0.08 €/kWh
2026-10-10T08:16:23Z,STR-E-XKW2-A,0.18 €/kWh + 0.23 €
2026-10-10T08:16:23Z,STR-E-XKW2-B,0.18 €/kWh + 0.23 €
2026-10-10T08:16:23Z,STR-E-YC50-A,0.08 €/kWh
2026-10-10T08:16:23Z,STR-E-ZA6O-A,0.08 €/kWh
2026-10-10T08:16:23Z,STR-E-ZS00-A,0.18 €/kWh + 0.23 €
2026-10-10T08:16:23Z,STR-E-ZS00-B,0.18 €/kWh + 0.23 €
2026-10-10T08:30:56Z,STR-E-02VO-A,0.2 €/kWh
2026-10-10T08:30:56Z,STR-E-02VO-B,0.2 €/kWh
2026-10-10T08:30:56Z,STR-E-04YS-A,0 € + 0.16 €/kWh
2026-10-10T08:30:56Z,STR-E-051F-A,0.08 € + 0.12 €/kWh
2026-10-10T08:30:56Z,STR-E-10G9-A,0.08 € + 0.12 €/kWh
2026-10-10T08:30:56Z,STR-E-10G9-B,0.08 € + 0.12 €/kWh
2026-10-10T08:30:56Z,STR-E-1ME5-A,0.08 € + 0.12 €/kWh
2026-10-10T08:30:56Z,STR-E-1ME5-B,0.08 € + 0.12 €/kWh
2026-10-10T08:30:56Z,STR-E-1MHB-A,0.28 €/kWh
2026-10-10T08:30:56Z,STR-E-1X30-A,0 € + 0.16 €/kWh
2026-10-10T08:30:56Z,STR-E-2446-A,0 € + 0.16 €/kWh
2026-10-10T08:30:56Z,STR-E-2K1Q-A,0 € + 0.16 €/kWh
2026-10-10T08:30:56Z,STR-E-2XDJ-A,0 € + 0.16 €/kWh
2026-10-10T08:30:56Z,STR-E-3WE5-A,0 € + 0.16 €/kWh
2026-10-10T08:30:56Z,STR-E-3YH3-A,0.08 € + 0.12 €/kWh
2026-10-10T08:30:56Z,STR-E-3YH3-B,0.08 € + 0.12 €/kWh
2026-10-10T08:30:56Z,STR-E-491A-A,0.17 €/kWh
2026-10-10T08:30:56Z,STR-E-491A-B,0.17 €/kWh
2026-10-10T08:30:56Z,STR-E-491A-C,0.17 €/kWh
2026-10-10T08:30:56Z,STR-E-4DE6-A,0.17 €/kWh
2026-10-10T08:30:56Z,STR-E-4DE6-B,0.17 €/kWh
2026-10-10T08:30:56Z,STR-E-4KWM-A,0.27 €/kWh
2026-10-10T08:30:56Z,STR-E-4KWM-B,0.27 €/kWh
2026-10-10T08:30:56Z,STR-E-4YKC-A,0 € + 0.16 €/kWh
2026-10-10T08:30:56Z,STR-E-527U-A,0 € + 0.16 €/kWh
2026-10-10T08:30:56Z,STR-E-54PK-A,0.08 € + 0.12 €/kWh
2026-10-10T08:30:56Z,STR-E-54PK-B,0.08 € + 0.12 €/kWh
2026-10-10T08:30:56Z,STR-E-55I4-A,0 € + 0.16 €/kWh
2026-10-10T08:30:56Z,STR-E-566J-A,0 € + 0.16 €/kWh
2026-10-10T08:30:56Z,STR-E-59TF-A,0.08 € + 0.12 €/kWh
2026-10-10T08:30:56Z,STR-E-6E7W-A,0 € + 0.16 €/kWh
2026-10-10T08:30:56Z,STR-E-6ZTQ-A,0 € + 0.16 €/kWh
2026-10-10T08:30:56Z,STR-E-7438-A,0 € + 0.16 €/kWh
2026-10-10T08:30:56Z,STR-E-7A48-A,0.08 € + 0.12 €/kWh
2026-10-10T08:30:56Z,STR-E-7YBN-A,0 € + 0.16 €/kWh
2026-10-10T08:30:56Z,STR-E-7Z8G-A,0.27 €/kWh
2026-10-10T08:30:56Z,STR-E-7Z8G-B,0.27 €/kWh
2026-10-10T08:30:56Z,STR-E-8A02-A,0 € + 0.16 €/kWh
2026-10-10T08:30:56Z,STR-E-8Q9F-A,0 € + 0.16 €/kWh
2026-10-10T08:30:56Z,STR-E-9AH3-A,0 € + 0.16 €/kWh
2026-10-10T08:30:56Z,STR-E-A169-A,0 € + 0.16 €/kWh
2026-10-10T08:30:56Z,STR-E-A27N-A,0.2 €/kWh
2026-10-10T08:30:56Z,STR-E-A27N-B,0.2 €/kWh
2026-10-10T08:30:56Z,STR-E-A27N-C,0.2 €/kWh
2026-10-10T08:30:56Z,STR-E-ADXE-A,0 € + 0.16 €/kWh
2026-10-10T08:30:56Z,STR-E-AF2O-A,0.08 € + 0.12 €/kWh
2026-10-10T08:30:56Z,STR-E-AMQK-A,0 € + 0.16 €/kWh
2026-10-10T08:30:56Z,STR-E-AUQ2-A,0 € + 0.16 €/kWh
2026-10-10T08:30:56Z,STR-E-AWF1-A,0.08 € + 0.12 €/kWh
2026-10-10T08:30:56Z,STR-E-AWF1-B,0.08 € + 0.12 €/kWh
2026-10-10T08:30:56Z,STR-E-AWJ9-A,0.2 €/kWh
2026-10-10T08:30:56Z,STR-E-AWJ9-B,0.2 €/kWh
2026-10-10T08:30:56Z,STR-E-B36V-A,0.19 € + 0.25 €/kWh
2026-10-10T08:30:56Z,STR-E-B36V-B,0.19 € + 0.25 €/kWh
2026-10-10T08:30:56Z,STR-E-C99Z-A,0 € + 0.16 €/kWh
2026-10-10T08:30:56Z,STR-E-DBCC-A,0.08 € + 0.12 €/kWh
2026-10-10T08:30:56Z,STR-E-DBCC-B,0.08 € + 0.12 €/kWh
2026-10-10T08:30:56Z,STR-E-DHEJ-A,0 € + 0.16 €/kWh
2026-10-10T08:30:56Z,STR-E-ECI7-A,0 € + 0.16 €/kWh
2026-10-10T08:30:56Z,STR-E-EFXK-A,0 € + 0.16 €/kWh
2026-10-10T08:30:56Z,STR-E-EPQY-A,0 € + 0.16 €/kWh
2026-10-10T08:30:56Z,STR-E-ER2N-A,0 € + 0.16 €/kWh
2026-10-10T08:30:56Z,STR-E-ES3O-A,0 € + 0.16 €/kWh
2026-10-10T08:30:56Z,STR-E-F2G0-A,0.08 € + 0.12 €/kWh
2026-10-10T08:30:56Z,STR-E-F2G0-B,0.08 € + 0.12 €/kWh
2026-10-10T08:30:56Z,STR-E-FKUY-A,0 € + 0.16 €/kWh
2026-10-10T08:30:56Z,STR-E-FUE8-A,0.08 € + 0.12 €/kWh
2026-10-10T08:30:56Z,STR-E-FUE8-B,0.08 € + 0.12 €/kWh
2026-10-10T08:30:56Z,STR-E-GE77-A,0.27 €/kWh
2026-10-10T08:30:56Z,STR-E-GE77-B,0.27 €/kWh
2026-10-10T08:30:56Z,STR-E-GFB3-A,0 € + 0.16 €/kWh
2026-10-10T08:30:56Z,STR-E-GK0C-A,0 € + 0.16 €/kWh
2026-10-10T08:30:56Z,STR-E-HHXV-A,0 € + 0.16 €/kWh
2026-10-10T08:30:56Z,STR-E-I1KE-A,0 € + 0.16 €/kWh
2026-10-10T08:30:56Z,STR-E-IAO5-A,0 € + 0.16 €/kWh
2026-10-10T08:30:56Z,STR-E-IIKL-A,0.08 € + 0.12 €/kWh
2026-10-10T08:30:56Z,STR-E-IIKL-B,0.08 € + 0.12 €/kWh
2026-10-10T08:30:56Z,STR-E-IPEC-A,0 € + 0.16 €/kWh
2026-10-10T08:30:56Z,STR-E-IV6T-A,0 € + 0.16 €/kWh
2026-10-10T08:30:56Z,STR-E-J54N-A,0 € + 0.16 €/kWh
2026-10-10T08:30:56Z,STR-E-J6DA-A,0 € + 0.16 €/kWh
2026-10-10T08:30:56Z,STR-E-J8VF-A,0 € + 0.16 €/kWh
2026-10-10T08:30:56Z,STR-E-JG90-A,0.09 €/kWh + 0.3 €
2026-10-10T08:30:56Z,STR-E-JG90-B,0.09 €/kWh + 0.3 €
2026-10-10T08:30:56Z,STR-E-JMOR-A,0 € + 0.16 €/kWh
2026-10-10T08:30:56Z,STR-E-K217-A,0 € + 0.16 €/kWh
2026-10-10T08:30:56Z,STR-E-KOHN-A,0 € + 0.16 €/kWh
2026-10-10T08:30:56Z,STR-E-KT5B-A,0 € + 0.16 €/kWh
2026-10-10T08:30:56Z,STR-E-KUKS-A,0.08 € + 0.12 €/kWh
2026-10-10T08:30:56Z,STR-E-KUKS-B,0.08 € + 0.12 €/kWh
2026-10-10T08:30:56Z,STR-E-LREY-A,0.28 €/kWh
2026-10-10T08:30:56Z,STR-E-MIP3-A,0.17 €/kWh
2026-10-10T08:30:56Z,STR-E-MIP3-B,0.17 €/kWh
2026-10-10T08:30:56Z,STR-E-NCKT-A,0.08 € + 0.12 €/kWh
2026-10-10T08:30:56Z,STR-E-NCKT-B,0.08 € + 0.12 €/kWh
2026-10-10T08:30:56Z,STR-E-NDU2-A,0 € + 0.16 €/kWh
2026-10-10T08:30:56Z,STR-E-NDZ4-A,0 € + 0.16 €/kWh
2026-10-10T08:30:56Z,STR-E-NFV5-A,0 € + 0.16 €/kWh
2026-10-10T08:30:56Z,STR-E-NSGB-A,0 € + 0.16 €/kWh
2026-10-10T08:30:56Z,STR-E-NY0Q-A,0.15 € + 0.17 €/kWh
2026-10-10T08:30:56Z,STR-E-O5JX-A,0 € + 0.16 €/kWh
2026-10-10T08:30:56Z,STR-E-O5YW-A,0.08 € + 0.12 €/kWh
2026-10-10T08:30:56Z,STR-E-O5YW-B,0.08 € + 0.12 €/kWh
2026-10-10T08:30:56Z,STR-E-ODBK-A,0.27 €/kWh
2026-10-10T08:30:56Z,STR-E-ODBK-B,0.27 €/kWh
2026-10-10T08:30:56Z,STR-E-OFWF-A,0 € + 0.16 €/kWh
2026-10-10T08:30:56Z,STR-E-OHH6-A,0 € + 0.16 €/kWh
2026-10-10T08:30:56Z,STR-E-P46N-A,0 € + 0.16 €/kWh
2026-10-10T08:30:56Z,STR-E-P7AF-A,0.08 € + 0.12 €/kWh
2026-10-10T08:30:56Z,STR-E-P7AF-B,0.08 € + 0.12 €/kWh
2026-10-10T08:30:56Z,STR-E-PJCQ-A,0.08 € + 0.12 €/kWh
2026-10-10T08:30:56Z,STR-E-PJCQ-B,0.08 € + 0.12 €/kWh
2026-10-10T08:30:56Z,STR-E-QAXH-A,0.15 € + 0.17 €/kWh
2026-10-10T08:30:56Z,STR-E-QE1X-A,0.08 € + 0.12 €/kWh
2026-10-10T08:30:56Z,STR-E-QE1X-B,0.08 € + 0.12 €/kWh
2026-10-10T08:30:56Z,STR-E-QLC9-A,0.17 €/kWh
2026-10-10T08:30:56Z,STR-E-QLC9-B,0.17 €/kWh
2026-10-10T08:30:56Z,STR-E-R8PQ-A,0 € + 0.16 €/kWh
2026-10-10T08:30:56Z,STR-E-S6VR-A,0 € + 0.16 €/kWh
2026-10-10T08:30:56Z,STR-E-SGC2-A,0 € + 0.16 €/kWh
2026-10-10T08:30:56Z,STR-E-SQX8-A,0.08 € + 0.12 €/kWh
2026-10-10T08:30:56Z,STR-E-SQX8-B,0.08 € + 0.12 €/kWh
2026-10-10T08:30:56Z,STR-E-TX67-A,0.2 €/kWh
2026-10-10T08:30:56Z,STR-E-TX67-B,0.2 €/kWh
2026-10-10T08:30:56Z,STR-E-U41O-A,0 € + 0.16 €/kWh
2026-10-10T08:30:56Z,STR-E-UKPS-A,0.15 € + 0.17 €/kWh
2026-10-10T08:30:56Z,STR-E-UPAQ-A,0.17 €/kWh
2026-10-10T08:30:56Z,STR-E-UPAQ-B,0.17 €/kWh
2026-10-10T08:30:56Z,STR-E-UPOS-A,0.08 € + 0.12 €/kWh
2026-10-10T08:30:56Z,STR-E-UPOS-B,0.08 € + 0.12 €/kWh
2026-10-10T08:30:56Z,STR-E-VJBJ-A,0 € + 0.16 €/kWh
2026-10-10T08:30:56Z,STR-E-VQ06-A,0 € + 0.16 €/kWh
2026-10-10T08:30:56Z,STR-E-VSDJ-A,0.2 €/kWh
2026-10-10T08:30:56Z,STR-E-VSDJ-B,0.2 €/kWh
2026-10-10T08:30:56Z,STR-E-VX2O-A,0 € + 0.16 €/kWh
2026-10-10T08:30:56Z,STR-E-WHZ1-A,0 € + 0.16 €/kWh
2026-10-10T08:30:56Z,STR-E-WLGM-A,0 € + 0.16 €/kWh
2026-10-10T08:30:56Z,STR-E-X54O-A,0 € + 0.16 €/kWh
2026-10-10T08:30:56Z,STR-E-XCMJ-A,0.08 € + 0.12 €/kWh
2026-10-10T08:30:56Z,STR-E-XCMJ-B,0.08 € + 0.12 €/kWh
2026-10-10T08:30:56Z,STR-E-XG69-A,0.08 € + 0.12 €/kWh
2026-10-10T08:30:56Z,STR-E-XG69-B,0.08 € + 0.12 €/kWh
2026-10-10T08:30:56Z,STR-E-XH51-A,0 € + 0.16 €/kWh
2026-10-10T08:30:56Z,STR-E-XRV8-A,0 € + 0.16 €/kWh
2026-10-10T08:30:56Z,STR-E-Y7JK-A,0 € + 0.16 €/kWh
2026-10-10T08:30:56Z,STR-E-Y82E-A,0 € + 0.16 €/kWh
2026-10-10T08:30:56Z,STR-E-Z2PJ-A,0.08 € + 0.12 €/kWh
2026-10-10T08:30:56Z,STR-E-Z2PJ-B,0.08 € + 0.12 €/kWh
2026-10-10T08:30:56Z,STR-E-ZEP7-A,0 € + 0.16 €/kWh
2026-10-10T08:30:56Z,STR-E-ZIAZ-A,0 € + 0.16 €/kWh
2026-10-10T08:30:56Z,STR-E-ZK9W-A,0 € + 0.16 €/kWh
2026-10-10T08:30:56Z,STR-E-ZWU5-A,0.08 € + 0.12 €/kWh
2026-10-10T08:30:56Z,STR-E-ZWU5-B,0.08 € + 0.12 €/kWh
2026-10-10T08:46:24Z,IKR-E-1220-A,0.3 € + 0.17 €/kWh
2026-10-10T08:46:24Z,IKR-E-1871-A,0.3 € + 0.17 €/kWh
2026-10-10T08:46:24Z,IKR-E-2G8J-A,0.3 € + 0.17 €/kWh
2026-10-10T08:46:24Z,IKR-E-3TSR-A,0.3 € + 0.17 €/kWh
2026-10-10T08:46:24Z,IKR-E-5715-A,0.3 € + 0.17 €/kWh
2026-10-10T08:46:24Z,IKR-E-5730-A,0.3 € + 0.23 €/kWh
2026-10-10T08:46:24Z,IKR-E-5CGU-A,0.3 € + 0.17 €/kWh
2026-10-10T08:46:24Z,IKR-E-7718-A,0.3 € + 0.23 €/kWh
2026-10-10T08:46:24Z,IKR-E-DVCM-A,0.3 € + 0.17 €/kWh
2026-10-10T08:46:24Z,IKR-E-GAY9-A,0.3 € + 0.17 €/kWh
2026-10-10T08:46:24Z,IKR-E-IZW2-A,0.3 € + 0.17 €/kWh
2026-10-10T08:46:24Z,IKR-E-JJAJ-A,0.3 € + 0.17 €/kWh
2026-10-10T08:46:24Z,IKR-E-KMBH-A,0.3 € + 0.17 €/kWh
2026-10-10T08:46:24Z,IKR-E-LJZI-A,0.3 € + 0.17 €/kWh
2026-10-10T08:46:24Z,IKR-E-XIH2-A,0.3 € + 0.17 €/kWh
2026-10-10T08:46:24Z,IKR-P-IV7E-B,0.3 € + 0.17 €/kWh
2026-10-10T08:46:24Z,STR-E-027B-A,0.17 €/kWh + 0.23 €
2026-10-10T08:46:24Z,STR-E-027B-B,0.17 €/kWh + 0.23 €
2026-10-10T08:46:24Z,STR-E-02VO-A,0.19 €/kWh
2026-10-10T08:46:24Z,STR-E-02VO-B,0.19 €/kWh
2026-10-10T08:46:24Z,STR-E-0698-A,0.07 €/kWh
2026-10-10T08:46:24Z,STR-E-0GEL-A,0.07 €/kWh
2026-10-10T08:46:24Z,STR-E-1162-A,0.07 €/kWh
2026-10-10T08:46:24Z,STR-E-11DT-A,0.07 €/kWh
2026-10-10T08:46:24Z,STR-E-1887-A,0.07 €/kWh
2026-10-10T08:46:24Z,STR-E-1927-A,0.07 €/kWh
2026-10-10T08:46:24Z,STR-E-1MHB-A,0.27 €/kWh
2026-10-10T08:46:24Z,STR-E-1MJQ-A,0.07 €/kWh
2026-10-10T08:46:24Z,STR-E-21O1-A,0.17 €/kWh
2026-10-10T08:46:24Z,STR-E-21O1-B,0.17 €/kWh
2026-10-10T08:46:24Z,STR-E-2D12-A,0.07 €/kWh
2026-10-10T08:46:24Z,STR-E-2ED4-A,0.07 €/kWh
2026-10-10T08:46:24Z,STR-E-320G-A,0.07 €/kWh
2026-10-10T08:46:24Z,STR-E-3468-A,0.17 €/kWh
2026-10-10T08:46:24Z,STR-E-3468-B,0.17 €/kWh
2026-10-10T08:46:24Z,STR-E-3ENA-A,0.17 €/kWh
2026-10-10T08:46:24Z,STR-E-3ENA-B,0.17 €/kWh
2026-10-10T08:46:24Z,STR-E-3ENA-C,0.17 €/kWh
2026-10-10T08:46:24Z,STR-E-3FMF-A,0.17 €/kWh + 0.23 €
2026-10-10T08:46:24Z,STR-E-3FMF-B,0.17 €/kWh + 0.23 €
2026-10-10T08:46:24Z,STR-E-3PZS-A,0.07 €/kWh
2026-10-10T08:46:24Z,STR-E-3SXI-A,0.17 €/kWh
2026-10-10T08:46:24Z,STR-E-3SXI-B,0.17 €/kWh
2026-10-10T08:46:24Z,STR-E-3TZI-A,0.07 €/kWh
2026-10-10T08:46:24Z,STR-E-4156-A,0.23 €/kWh
2026-10-10T08:46:24Z,STR-E-4156-B,0.23 €/kWh
2026-10-10T08:46:24Z,STR-E-4LRS-A,0.07 €/kWh
2026-10-10T08:46:24Z,STR-E-4UGU-A,0.07 €/kWh
2026-10-10T08:46:24Z,STR-E-5DWB-A,0.07 €/kWh
2026-10-10T08:46:24Z,STR-E-5TI5-A,0.07 €/kWh
2026-10-10T08:46:24Z,STR-E-69PN-A,0.07 €/kWh
2026-10-10T08:46:24Z,STR-E-6CNG-A,0.07 €/kWh
2026-10-10T08:46:24Z,STR-E-6SQH-A,0.07 €/kWh
2026-10-10T08:46:24Z,STR-E-6UZQ-A,0.17 €/kWh
2026-10-10T08:46:24Z,STR-E-6UZQ-B,0.17 €/kWh
2026-10-10T08:46:24Z,STR-E-86C0-A,0.07 €/kWh
2026-10-10T08:46:24Z,STR-E-88SA-A,0.07 €/kWh
2026-10-10T08:46:24Z,STR-E-8M2O-A,0.07 €/kWh
2026-10-10T08:46:24Z,STR-E-8XL5-A,0.07 €/kWh
2026-10-10T08:46:24Z,STR-E-8Y23-A,0.07 €/kWh
2026-10-10T08:46:24Z,STR-E-92KW-A,0.17 €/kWh + 0.23 €
2026-10-10T08:46:24Z,STR-E-9I2R-A,0.07 €/kWh
2026-10-10T08:46:24Z,STR-E-9TUZ-A,0.07 €/kWh
2026-10-10T08:46:24Z,STR-E-9WY2-A,0.07 €/kWh
2026-10-10T08:46:24Z,STR-E-A27N-A,0.19 €/kWh
2026-10-10T08:46:24Z,STR-E-A27N-B,0.19 €/kWh
2026-10-10T08:46:24Z,STR-E-A27N-C,0.19 €/kWh
2026-10-10T08:46:24Z,STR-E-A442-A,0.07 €/kWh
2026-10-10T08:46:24Z,STR-E-AABG-A,0.07 €/kWh
2026-10-10T08:46:24Z,STR-E-ACMT-A,0.07 €/kWh
2026-10-10T08:46:24Z,STR-E-ANJ0-A,0.17 €/kWh + 0.23 €
2026-10-10T08:46:24Z,STR-E-ANJ0-B,0.17 €/kWh + 0.23 €
2026-10-10T08:46:24Z,STR-E-AP96-A,0.17 €/kWh + 0.23 €
2026-10-10T08:46:24Z,STR-E-AP96-B,0.17 €/kWh + 0.23 €
2026-10-10T08:46:24Z,STR-E-AWJ9-A,0.19 €/kWh
2026-10-10T08:46:24Z,STR-E-AWJ9-B,0.19 €/kWh
2026-10-10T08:46:24Z,STR-E-BIKW-A,0.17 €/kWh + 0.23 €
2026-10-10T08:46:24Z,STR-E-BIKW-B,0.17 €/kWh + 0.23 €
2026-10-10T08:46:24Z,STR-E-BXA5-A,0.07 €/kWh
2026-10-10T08:46:24Z,STR-E-C91L-A,0.07 €/kWh
2026-10-10T08:46:24Z,STR-E-D3MB-A,0.17 €/kWh + 0.23 €
2026-10-10T08:46:24Z,STR-E-D3MB-B,0.17 €/kWh + 0.23 €
2026-10-10T08:46:24Z,STR-E-E0DZ-A,0.17 €/kWh
2026-10-10T08:46:24Z,STR-E-E0DZ-B,0.17 €/kWh
2026-10-10T08:46:24Z,STR-E-E7HH-A,0.07 €/kWh
2026-10-10T08:46:24Z,STR-E-ELFQ-A,0.17 €/kWh + 0.23 €
2026-10-10T08:46:24Z,STR-E-ELFQ-B,0.17 €/kWh + 0.23 €
2026-10-10T08:46:24Z,STR-E-EU1U-A,0.07 €/kWh
2026-10-10T08:46:24Z,STR-E-F4B3-A,0.07 €/kWh
2026-10-10T08:46:24Z,STR-E-F5LZ-A,0.07 €/kWh
2026-10-10T08:46:24Z,STR-E-F79A-A,0.17 €/kWh + 0.23 €
2026-10-10T08:46:24Z,STR-E-F79A-B,0.17 €/kWh + 0.23 €
2026-10-10T08:46:24Z,STR-E-FGMF-A,0.07 €/kWh
2026-10-10T08:46:24Z,STR-E-FK06-A,0.07 €/kWh
2026-10-10T08:46:24Z,STR-E-G4VM-A,0.07 €/kWh
2026-10-10T08:46:24Z,STR-E-G518-A,0.07 €/kWh
2026-10-10T08:46:24Z,STR-E-GB9A-A,0.07 €/kWh
2026-10-10T08:46:24Z,STR-E-GGV8-A,0.07 €/kWh
2026-10-10T08:46:24Z,STR-E-GHJA-A,0.07 €/kWh
2026-10-10T08:46:24Z,STR-E-GR5K-A,0.07 €/kWh
2026-10-10T08:46:24Z,STR-E-H6Q5-A,0.07 €/kWh
2026-10-10T08:46:24Z,STR-E-I4UZ-A,0.07 €/kWh
2026-10-10T08:46:24Z,STR-E-I5FH-A,0.07 €/kWh
2026-10-10T08:46:24Z,STR-E-I8C6-A,0.07 €/kWh
2026-10-10T08:46:24Z,STR-E-IA3X-A,0.07 €/kWh
2026-10-10T08:46:24Z,STR-E-IGH5-A,0.17 €/kWh + 0.23 €
2026-10-10T08:46:24Z,STR-E-IGH5-B,0.17 €/kWh + 0.23 €
2026-10-10T08:46:24Z,STR-E-JG90-A,0.08 €/kWh + 0.3 €
2026-10-10T08:46:24Z,STR-E-JG90-B,0.08 €/kWh + 0.3 €
2026-10-10T08:46:24Z,STR-E-JVO0-A,0.07 €/kWh
2026-10-10T08:46:24Z,STR-E-K73C-A,0.17 €/kWh + 0.23 €
2026-10-10T08:46:24Z,STR-E-K73C-B,0.17 €/kWh + 0.23 €
2026-10-10T08:46:24Z,STR-E-KBZL-A,0.07 €/kWh
2026-10-10T08:46:24Z,STR-E-L84D-A,0.07 €/kWh
2026-10-10T08:46:24Z,STR-E-LISV-A,0.07 €/kWh
2026-10-10T08:46:24Z,STR-E-LKFQ-A,0.07 €/kWh
2026-10-10T08:46:24Z,STR-E-LREY-A,0.27 €/kWh
2026-10-10T08:46:24Z,STR-E-M1IB-A,0.07 €/kWh
2026-10-10T08:46:24Z,STR-E-M8WL-A,0.07 €/kWh
2026-10-10T08:46:24Z,STR-E-M9W7-A,0.07 €/kWh
2026-10-10T08:46:24Z,STR-E-MSEN-A,0.07 €/kWh
2026-10-10T08:46:24Z,STR-E-MSUL-A,0.07 €/kWh
2026-10-10T08:46:24Z,STR-E-N6P5-A,0.07 €/kWh
2026-10-10T08:46:24Z,STR-E-NNGC-A,0.07 €/kWh
2026-10-10T08:46:24Z,STR-E-O0VK-A,0.07 €/kWh
2026-10-10T08:46:24Z,STR-E-OG1X-A,0.07 €/kWh
2026-10-10T08:46:24Z,STR-E-OJ3E-A,0.17 €/kWh + 0.23 €
2026-10-10T08:46:24Z,STR-E-OJ3E-B,0.17 €/kWh + 0.23 €
2026-10-10T08:46:24Z,STR-E-OQKZ-A,0.07 €/kWh
2026-10-10T08:46:24Z,STR-E-PC04-A,0.07 €/kWh
2026-10-10T08:46:24Z,STR-E-PDR2-A,0.07 €/kWh
2026-10-10T08:46:24Z,STR-E-PM3P-A,0.17 €/kWh + 0.23 €
2026-10-10T08:46:24Z,STR-E-PM3P-B,0.17 €/kWh + 0.23 €
2026-10-10T08:46:24Z,STR-E-PRUQ-A,0.07 €/kWh
2026-10-10T08:46:24Z,STR-E-PSU9-A,0.07 €/kWh
2026-10-10T08:46:24Z,STR-E-PZ9U-A,0.07 €/kWh
2026-10-10T08:46:24Z,STR-E-PZES-A,0.07 €/kWh
2026-10-10T08:46:24Z,STR-E-Q5YF-A,0.17 €/kWh + 0.23 €
2026-10-10T08:46:24Z,STR-E-Q5YF-B,0.17 €/kWh + 0.23 €
2026-10-10T08:46:24Z,STR-E-Q7LB-A,0.17 €/kWh + 0.23 €
2026-10-10T08:46:24Z,STR-E-Q7LB-B,0.17 €/kWh + 0.23 €
2026-10-10T08:46:24Z,STR-E-QEDL-A,0.07 €/kWh
2026-10-10T08:46:24Z,STR-E-QIQM-A,0.07 €/kWh
2026-10-10T08:46:24Z,STR-E-R0J8-A,0.07 €/kWh
2026-10-10T08:46:24Z,STR-E-R1MT-A,0.17 €/kWh + 0.23 €
2026-10-10T08:46:24Z,STR-E-R1MT-B,0.17 €/kWh + 0.23 €
2026-10-10T08:46:24Z,STR-E-R1PI-A,0.17 €/kWh + 0.23 €
2026-10-10T08:46:24Z,STR-E-R1PI-B,0.17 €/kWh + 0.23 €
2026-10-10T08:46:24Z,STR-E-R2LK-A,0.17 €/kWh + 0.23 €
2026-10-10T08:46:24Z,STR-E-R2LK-B,0.17 €/kWh + 0.23 €
2026-10-10T08:46:24Z,STR-E-R9GA-A,0.07 €/kWh
2026-10-10T08:46:24Z,STR-E-RJH9-A,0.07 €/kWh
2026-10-10T08:46:24Z,STR-E-RKWJ-A,0.07 €/kWh
2026-10-10T08:46:24Z,STR-E-S42D-A,0.07 €/kWh
2026-10-10T08:46:24Z,STR-E-S7YR-A,0.17 €/kWh + 0.23 €
2026-10-10T08:46:24Z,STR-E-S7YR-B,0.17 €/kWh + 0.23 €
2026-10-10T08:46:24Z,STR-E-SJKA-A,0.07 €/kWh
2026-10-10T08:46:24Z,STR-E-SVR3-A,0.17 €/kWh + 0.23 €
2026-10-10T08:46:24Z,STR-E-SVR3-B,0.17 €/kWh + 0.23 €
2026-10-10T08:46:24Z,STR-E-SY9Y-A,0.07 €/kWh
2026-10-10T08:46:24Z,STR-E-TO2O-A,0.07 €/kWh
2026-10-10T08:46:24Z,STR-E-TX67-A,0.19 €/kWh
2026-10-10T08:46:24Z,STR-E-TX67-B,0.19 €/kWh
2026-10-10T08:46:24Z,STR-E-U5TP-A,0.07 €/kWh
2026-10-10T08:46:24Z,STR-E-UY5H-A,0.07 €/kWh
2026-10-10T08:46:24Z,STR-E-V17G-A,0.07 €/kWh
2026-10-10T08:46:24Z,STR-E-V31J-A,0.07 €/kWh
2026-10-10T08:46:24Z,STR-E-V50T-A,0.07 €/kWh
2026-10-10T08:46:24Z,STR-E-V9SD-A,0.07 €/kWh
2026-10-10T08:46:24Z,STR-E-V9ZR-A,0.07 €/kWh
2026-10-10T08:46:24Z,STR-E-VBMP-A,0.07 €/kWh
2026-10-10T08:46:24Z,STR-E-VPDB-A,0.07 €/kWh
2026-10-10T08:46:24Z,STR-E-VSDJ-A,0.19 €/kWh
2026-10-10T08:46:24Z,STR-E-VSDJ-B,0.19 €/kWh
2026-10-10T08:46:24Z,STR-E-VT0G-A,0.07 €/kWh
2026-10-10T08:46:24Z,STR-E-VXGH-A,0.07 €/kWh
2026-10-10T08:46:24Z,STR-E-W1X4-A,0.07 €/kWh
2026-10-10T08:46:24Z,STR-E-WEE3-A,0.17 €/kWh + 0.23 €
2026-10-10T08:46:24Z,STR-E-WEE3-B,0.17 €/kWh + 0.23 €
2026-10-10T08:46:24Z,STR-E-WTQ5-A,0.17 €/kWh
2026-10-10T08:46:24Z,STR-E-WXV8-A,0.07 €/kWh
2026-10-10T08:46:24Z,STR-E-WYFE-A,0.17 €/kWh
2026-10-10T08:46:24Z,STR-E-WYFE-B,0.17 €/kWh
2026-10-10T08:46:24Z,STR-E-WYYC-A,0.17 €/kWh + 0.23 €
2026-10-10T08:46:24Z,STR-E-WYYC-B,0.17 €/kWh + 0.23 €
2026-10-10T08:46:24Z,STR-E-WZW9-A,0.07 €/kWh
2026-10-10T08:46:24Z,STR-E-X525-A,0.07 €/kWh
2026-10-10T08:46:24Z,STR-E-XFON-A,0.07 €/kWh
2026-10-10T08:46:24Z,STR-E-XKW2-A,0.17 €/kWh + 0.23 €
2026-10-10T08:46:24Z,STR-E-XKW2-B,0.17 €/kWh + 0.23 €
2026-10-10T08:46:24Z,STR-E-YC50-A,0.07 €/kWh
2026-10-10T08:46:24Z,STR-E-ZA6O-A,0.07 €/kWh
2026-10-10T08:46:24Z,STR-E-ZS00-A,0.17 €/kWh + 0.23 €
2026-10-10T08:46:24Z,STR-E-ZS00-B,0.17 €/kWh + 0.23 €
2026-10-10T09:01:07Z,IKR-E-1220-A,0.3 € + 0.18 €/kWh
2026-10-10T09:01:07Z,IKR-E-1871-A,0.3 € + 0.18 €/kWh
2026-10-10T09:01:07Z,IKR-E-2G8J-A,0.3 € + 0.18 €/kWh
2026-10-10T09:01:07Z,IKR-E-3TSR-A,0.3 € + 0.18 €/kWh
2026-10-10T09:01:07Z,IKR-E-5715-A,0.3 € + 0.18 €/kWh
2026-10-10T09:01:07Z,IKR-E-5730-A,0.3 € + 0.24 €/kWh
2026-10-10T09:01:07Z,IKR-E-5CGU-A,0.3 € + 0.18 €/kWh
2026-10-10T09:01:07Z,IKR-E-7718-A,0.3 € + 0.24 €/kWh
2026-10-10T09:01:07Z,IKR-E-DVCM-A,0.3 € + 0.18 €/kWh
2026-10-10T09:01:07Z,IKR-E-E475-A,0.3 € + 0.24 €/kWh
2026-10-10T09:01:07Z,IKR-E-E544-A,0.3 € + 0.24 €/kWh
2026-10-10T09:01:07Z,IKR-E-GAY9-A,0.3 € + 0.18 €/kWh
2026-10-10T09:01:07Z,IKR-E-IZW2-A,0.3 € + 0.18 €/kWh
2026-10-10T09:01:07Z,IKR-E-JJAJ-A,0.3 € + 0.18 €/kWh
2026-10-10T09:01:07Z,IKR-E-KMBH-A,0.3 € + 0.18 €/kWh
2026-10-10T09:01:07Z,IKR-E-LJZI-A,0.3 € + 0.18 €/kWh
2026-10-10T09:01:07Z,IKR-E-MAU9-A,0.29 € + 0.1 €/kWh
2026-10-10T09:01:07Z,IKR-E-OWF5-A,0.3 € + 0.25 €/kWh
2026-10-10T09:01:07Z,IKR-E-W6HQ-A,0.29 € + 0.1 €/kWh
2026-10-10T09:01:07Z,IKR-E-XIH2-A,0.3 € + 0.18 €/kWh
2026-10-10T09:01:07Z,IKR-E-Y2Z8-A,0.3 € + 0.18 €/kWh
2026-10-10T09:01:07Z,IKR-P-IV7E-B,0.3 € + 0.18 €/kWh
2026-10-10T09:01:07Z,IKR-P-SCM5-A,0.3 € + 0.25 €/kWh
2026-10-10T09:01:07Z,IKR-P-V9X4-A,0.3 € + 0.25 €/kWh
2026-10-10T09:01:07Z,IKR-P-V9X4-B,0.3 € + 0.25 €/kWh
2026-10-10T09:01:07Z,STR-E-027B-A,0.18 €/kWh + 0.23 €
2026-10-10T09:01:07Z,STR-E-027B-B,0.18 €/kWh + 0.23 €
2026-10-10T09:01:07Z,STR-E-02VO-A,0.2 €/kWh
2026-10-10T09:01:07Z,STR-E-02VO-B,0.2 €/kWh
2026-10-10T09:01:07Z,STR-E-0698-A,0.08 €/kWh
2026-10-10T09:01:07Z,STR-E-0GEL-A,0.08 €/kWh
2026-10-10T09:01:07Z,STR-E-1162-A,0.08 €/kWh
2026-10-10T09:01:07Z,STR-E-11DT-A,0.08 €/kWh
2026-10-10T09:01:07Z,STR-E-1887-A,0.08 €/kWh
2026-10-10T09:01:07Z,STR-E-1927-A,0.08 €/kWh
2026-10-10T09:01:07Z,STR-E-1MHB-A,0.28 €/kWh
2026-10-10T09:01:07Z,STR-E-1MJQ-A,0.08 €/kWh
2026-10-10T09:01:07Z,STR-E-21O1-A,0.18 €/kWh
2026-10-10T09:01:07Z,STR-E-21O1-B,0.18 €/kWh
2026-10-10T09:01:07Z,STR-E-2D12-A,0.08 €/kWh
2026-10-10T09:01:07Z,STR-E-2ED4-A,0.08 €/kWh
2026-10-10T09:01:07Z,STR-E-320G-A,0.08 €/kWh
2026-10-10T09:01:07Z,STR-E-3468-A,0.18 €/kWh
2026-10-10T09:01:07Z,STR-E-3468-B,0.18 €/kWh
2026-10-10T09:01:07Z,STR-E-3ENA-A,0.18 €/kWh
2026-10-10T09:01:07Z,STR-E-3ENA-B,0.18 €/kWh
2026-10-10T09:01:07Z,STR-E-3ENA-C,0.18 €/kWh
2026-10-10T09:01:07Z,STR-E-3FMF-A,0.18 €/kWh + 0.23 €
2026-10-10T09:01:07Z,STR-E-3FMF-B,0.18 €/kWh + 0.23 €
2026-10-10T09:01:07Z,STR-E-3PZS-A,0.08 €/kWh
2026-10-10T09:01:07Z,STR-E-3SXI-A,0.18 €/kWh
2026-10-10T09:01:07Z,STR-E-3SXI-B,0.18 €/kWh
2026-10-10T09:01:07Z,STR-E-3TZI-A,0.08 €/kWh
2026-10-10T09:01:07Z,STR-E-4156-A,0.24 €/kWh
2026-10-10T09:01:07Z,STR-E-4156-B,0.24 €/kWh
2026-10-10T09:01:07Z,STR-E-4KWM-A,0.28 €/kWh
2026-10-10T09:01:07Z,STR-E-4KWM-B,0.28 €/kWh
2026-10-10T09:01:07Z,STR-E-4LRS-A,0.08 €/kWh
2026-10-10T09:01:07Z,STR-E-4UGU-A,0.08 €/kWh
2026-10-10T09:01:07Z,STR-E-5DWB-A,0.08 €/kWh
2026-10-10T09:01:07Z,STR-E-5TI5-A,0.08 €/kWh
2026-10-10T09:01:07Z,STR-E-69PN-A,0.08 €/kWh
2026-10-10T09:01:07Z,STR-E-6CNG-A,0.08 €/kWh
2026-10-10T09:01:07Z,STR-E-6SQH-A,0.08 €/kWh
2026-10-10T09:01:07Z,STR-E-6UZQ-A,0.18 €/kWh
2026-10-10T09:01:07Z,STR-E-6UZQ-B,0.18 €/kWh
2026-10-10T09:01:07Z,STR-E-7Z8G-A,0.28 €/kWh
2026-10-10T09:01:07Z,STR-E-7Z8G-B,0.28 €/kWh
2026-10-10T09:01:07Z,STR-E-86C0-A,0.08 €/kWh
2026-10-10T09:01:07Z,STR-E-88SA-A,0.08 €/kWh
2026-10-10T09:01:07Z,STR-E-8M2O-A,0.08 €/kWh
2026-10-10T09:01:07Z,STR-E-8XL5-A,0.08 €/kWh
2026-10-10T09:01:07Z,STR-E-8Y23-A,0.08 €/kWh
2026-10-10T09:01:07Z,STR-E-92KW-A,0.18 €/kWh + 0.23 €
2026-10-10T09:01:07Z,STR-E-9I2R-A,0.08 €/kWh
2026-10-10T09:01:07Z,STR-E-9TUZ-A,0.08 €/kWh
2026-10-10T09:01:07Z,STR-E-9WY2-A,0.08 €/kWh
2026-10-10T09:01:07Z,STR-E-A27N-A,0.2 €/kWh
2026-10-10T09:01:07Z,STR-E-A27N-B,0.2 €/kWh
2026-10-10T09:01:07Z,STR-E-A27N-C,0.2 €/kWh
2026-10-10T09:01:07Z,STR-E-A442-A,0.08 €/kWh
2026-10-10T09:01:07Z,STR-E-AABG-A,0.08 €/kWh
2026-10-10T09:01:07Z,STR-E-ACMT-A,0.08 €/kWh
2026-10-10T09:01:07Z,STR-E-ANJ0-A,0.18 €/kWh + 0.23 €
2026-10-10T09:01:07Z,STR-E-ANJ0-B,0.18 €/kWh + 0.23 €
2026-10-10T09:01:07Z,STR-E-AP96-A,0.18 €/kWh + 0.23 €
2026-10-10T09:01:07Z,STR-E-AP96-B,0.18 €/kWh + 0.23 €
2026-10-10T09:01:07Z,STR-E-AWJ9-A,0.2 €/kWh
2026-10-10T09:01:07Z,STR-E-AWJ9-B,0.2 €/kWh
2026-10-10T09:01:07Z,STR-E-BIKW-A,0.18 €/kWh + 0.23 €
2026-10-10T09:01:07Z,STR-E-BIKW-B,0.18 €/kWh + 0.23 €
2026-10-10T09:01:07Z,STR-E-BXA5-A,0.08 €/kWh
2026-10-10T09:01:07Z,STR-E-C91L-A,0.08 €/kWh
2026-10-10T09:01:07Z,STR-E-D3MB-A,0.18 €/kWh + 0.23 €
2026-10-10T09:01:07Z,STR-E-D3MB-B,0.18 €/kWh + 0.23 €
2026-10-10T09:01:07Z,STR-E-E0DZ-A,0.18 €/kWh
2026-10-10T09:01:07Z,STR-E-E0DZ-B,0.18 €/kWh
2026-10-10T09:01:07Z,STR-E-E7HH-A,0.08 €/kWh
2026-10-10T09:01:07Z,STR-E-ELFQ-A,0.18 €/kWh + 0.23 €
2026-10-10T09:01:07Z,STR-E-ELFQ-B,0.18 €/kWh + 0.23 €
2026-10-10T09:01:07Z,STR-E-EU1U-A,0.08 €/kWh
2026-10-10T09:01:07Z,STR-E-F4B3-A,0.08 €/kWh
2026-10-10T09:01:07Z,STR-E-F5LZ-A,0.08 €/kWh
2026-10-10T09:01:07Z,STR-E-F79A-A,0.18 €/kWh + 0.23 €
2026-10-10T09:01:07Z,STR-E-F79A-B,0.18 €/kWh + 0.23 €
2026-10-10T09:01:07Z,STR-E-FGMF-A,0.08 €/kWh
2026-10-10T09:01:07Z,STR-E-FK06-A,0.08 €/kWh
2026-10-10T09:01:07Z,STR-E-G4VM-A,0.08 €/kWh
2026-10-10T09:01:07Z,STR-E-G518-A,0.08 €/kWh
2026-10-10T09:01:07Z,STR-E-GB9A-A,0.08 €/kWh
2026-10-10T09:01:07Z,STR-E-GE77-A,0.28 €/kWh
2026-10-10T09:01:07Z,STR-E-GE77-B,0.28 €/kWh
2026-10-10T09:01:07Z,STR-E-GGV8-A,0.08 €/kWh
2026-10-10T09:01:07Z,STR-E-GHJA-A,0.08 €/kWh
2026-10-10T09:01:07Z,STR-E-GR5K-A,0.08 €/kWh
2026-10-10T09:01:07Z,STR-E-H6Q5-A,0.08 €/kWh
2026-10-10T09:01:07Z,STR-E-I4UZ-A,0.08 €/kWh
2026-10-10T09:01:07Z,STR-E-I5FH-A,0.08 €/kWh
2026-10-10T09:01:07Z,STR-E-I8C6-A,0.08 €/kWh
2026-10-10T09:01:07Z,STR-E-IA3X-A,0.08 €/kWh
2026-10-10T09:01:07Z,STR-E-IGH5-A,0.18 €/kWh + 0.23 €
2026-10-10T09:01:07Z,STR-E-IGH5-B,0.18 €/kWh + 0.23 €
2026-10-10T09:01:07Z,STR-E-JG90-A,0.09 €/kWh + 0.3 €
2026-10-10T09:01:07Z,STR-E-JG90-B,0.09 €/kWh + 0.3 €
2026-10-10T09:01:07Z,STR-E-JVO0-A,0.08 €/kWh
2026-10-10T09:01:07Z,STR-E-K73C-A,0.18 €/kWh + 0.23 €
2026-10-10T09:01:07Z,STR-E-K73C-B,0.18 €/kWh + 0.23 €
2026-10-10T09:01:07Z,STR-E-KBZL-A,0.08 €/kWh
2026-10-10T09:01:07Z,STR-E-L84D-A,0.08 €/kWh
2026-10-10T09:01:07Z,STR-E-LISV-A,0.08 €/kWh
2026-10-10T09:01:07Z,STR-E-LKFQ-A,0.08 €/kWh
2026-10-10T09:01:07Z,STR-E-LREY-A,0.28 €/kWh
2026-10-10T09:01:07Z,STR-E-M1IB-A,0.08 €/kWh
2026-10-10T09:01:07Z,STR-E-M8WL-A,0.08 €/kWh
2026-10-10T09:01:07Z,STR-E-M9W7-A,0.08 €/kWh
2026-10-10T09:01:07Z,STR-E-MSEN-A,0.08 €/kWh
2026-10-10T09:01:07Z,STR-E-MSUL-A,0.08 €/kWh
2026-10-10T09:01:07Z,STR-E-N6P5-A,0.08 €/kWh
2026-10-10T09:01:07Z,STR-E-NNGC-A,0.08 €/kWh
2026-10-10T09:01:07Z,STR-E-NY0Q-A,0.15 € + 0.18 €/kWh
2026-10-10T09:01:07Z,STR-E-O0VK-A,0.08 €/kWh
2026-10-10T09:01:07Z,STR-E-ODBK-A,0.28 €/kWh
2026-10-10T09:01:07Z,STR-E-ODBK-B,0.28 €/kWh
2026-10-10T09:01:07Z,STR-E-OG1X-A,0.08 €/kWh
2026-10-10T09:01:07Z,STR-E-OJ3E-A,0.18 €/kWh + 0.23 €
2026-10-10T09:01:07Z,STR-E-OJ3E-B,0.18 €/kWh + 0.23 €
2026-10-10T09:01:07Z,STR-E-OQKZ-A,0.08 €/kWh
2026-10-10T09:01:07Z,STR-E-PC04-A,0.08 €/kWh
2026-10-10T09:01:07Z,STR-E-PDR2-A,0.08 €/kWh
2026-10-10T09:01:07Z,STR-E-PM3P-A,0.18 €/kWh + 0.23 €
2026-10-10T09:01:07Z,STR-E-PM3P-B,0.18 €/kWh + 0.23 €
2026-10-10T09:01:07Z,STR-E-PRUQ-A,0.08 €/kWh
2026-10-10T09:01:07Z,STR-E-PSU9-A,0.08 €/kWh
2026-10-10T09:01:07Z,STR-E-PZ9U-A,0.08 €/kWh
2026-10-10T09:01:07Z,STR-E-PZES-A,0.08 €/kWh
2026-10-10T09:01:07Z,STR-E-Q5YF-A,0.18 €/kWh + 0.23 €
2026-10-10T09:01:07Z,STR-E-Q5YF-B,0.18 €/kWh + 0.23 €
2026-10-10T09:01:07Z,STR-E-Q7LB-A,0.18 €/kWh + 0.23 €
2026-10-10T09:01:07Z,STR-E-Q7LB-B,0.18 €/kWh + 0.23 €
2026-10-10T09:01:07Z,STR-E-QAXH-A,0.15 € + 0.18 €/kWh
2026-10-10T09:01:07Z,STR-E-QEDL-A,0.08 €/kWh
2026-10-10T09:01:07Z,STR-E-QIQM-A,0.08 €/kWh
2026-10-10T09:01:07Z,STR-E-R0J8-A,0.08 €/kWh
2026-10-10T09:01:07Z,STR-E-R1MT-A,0.18 €/kWh + 0.23 €
2026-10-10T09:01:07Z,STR-E-R1MT-B,0.18 €/kWh + 0.23 €
2026-10-10T09:01:07Z,STR-E-R1PI-A,0.18 €/kWh + 0.23 €
2026-10-10T09:01:07Z,STR-E-R1PI-B,0.18 €/kWh + 0.23 €
2026-10-10T09:01:07Z,STR-E-R2LK-A,0.18 €/kWh + 0.23 €
2026-10-10T09:01:07Z,STR-E-R2LK-B,0.18 €/kWh + 0.23 €
2026-10-10T09:01:07Z,STR-E-R9GA-A,0.08 €/kWh
2026-10-10T09:01:07Z,STR-E-RJH9-A,0.08 €/kWh
2026-10-10T09:01:07Z,STR-E-RKWJ-A,0.08 €/kWh
2026-10-10T09:01:07Z,STR-E-S42D-A,0.08 €/kWh
2026-10-10T09:01:07Z,STR-E-S7YR-A,0.18 €/kWh + 0.23 €
2026-10-10T09:01:07Z,STR-E-S7YR-B,0.18 €/kWh + 0.23 €
2026-10-10T09:01:07Z,STR-E-SJKA-A,0.08 €/kWh
2026-10-10T09:01:07Z,STR-E-SVR3-A,0.18 €/kWh + 0.23 €
2026-10-10T09:01:07Z,STR-E-SVR3-B,0.18 €/kWh + 0.23 €
2026-10-10T09:01:07Z,STR-E-SY9Y-A,0.08 €/kWh
2026-10-10T09:01:07Z,STR-E-TO2O-A,0.08 €/kWh
2026-10-10T09:01:07Z,STR-E-TX67-A,0.2 €/kWh
2026-10-10T09:01:07Z,STR-E-TX67-B,0.2 €/kWh
2026-10-10T09:01:07Z,STR-E-U5TP-A,0.08 €/kWh
2026-10-10T09:01:07Z,STR-E-UKPS-A,0.15 € + 0.18 €/kWh
2026-10-10T09:01:07Z,STR-E-UY5H-A,0.08 €/kWh
2026-10-10T09:01:07Z,STR-E-V17G-A,0.08 €/kWh
2026-10-10T09:01:07Z,STR-E-V31J-A,0.08 €/kWh
2026-10-10T09:01:07Z,STR-E-V50T-A,0.08 €/kWh
2026-10-10T09:01:07Z,STR-E-V9SD-A,0.08 €/kWh
2026-10-10T09:01:07Z,STR-E-V9ZR-A,0.08 €/kWh
2026-10-10T09:01:07Z,STR-E-VBMP-A,0.08 €/kWh
2026-10-10T09:01:07Z,STR-E-VPDB-A,0.08 €/kWh
2026-10-10T09:01:07Z,STR-E-VSDJ-A,0.2 €/kWh
2026-10-10T09:01:07Z,STR-E-VSDJ-B,0.2 €/kWh
2026-10-10T09:01:07Z,STR-E-VT0G-A,0.08 €/kWh
2026-10-10T09:01:07Z,STR-E-VXGH-A,0.08 €/kWh
2026-10-10T09:01:07Z,STR-E-W1X4-A,0.08 €/kWh
2026-10-10T09:01:07Z,STR-E-WEE3-A,0.18 €/kWh + 0.23 €
2026-10-10T09:01:07Z,STR-E-WEE3-B,0.18 €/kWh + 0.23 €
2026-10-10T09:01:07Z,STR-E-WTQ5-A,0.18 €/kWh
2026-10-10T09:01:07Z,STR-E-WXV8-A,0.08 €/kWh
2026-10-10T09:01:07Z,STR-E-WYFE-A,0.18 €/kWh
2026-10-10T09:01:07Z,STR-E-WYFE-B,0.18 €/kWh
2026-10-10T09:01:07Z,STR-E-WYYC-A,0.18 €/kWh + 0.23 €
2026-10-10T09:01:07Z,STR-E-WYYC-B,0.18 €/kWh + 0.23 €
2026-10-10T09:01:07Z,STR-E-WZW9-A,0.08 €/kWh
2026-10-10T09:01:07Z,STR-E-X525-A,0.08 €/kWh
2026-10-10T09:01:07Z,STR-E-XFON-A,0.08 €/kWh
2026-10-10T09:01:07Z,STR-E-XKW2-A,0.18 €/kWh + 0.23 €
2026-10-10T09:01:07Z,STR-E-XKW2-B,0.18 €/kWh + 0.23 €
2026-10-10T09:01:07Z,STR-E-YC50-A,0.08 €/kWh
2026-10-10T09:01:07Z,STR-E-ZA6O-A,0.08 €/kWh
2026-10-10T09:01:07Z,STR-E-ZS00-A,0.18 €/kWh + 0.23 €
2026-10-10T09:01:07Z,STR-E-ZS00-B,0.18 €/kWh + 0.23 €
2026-10-10T09:16:23Z,IKR-E-1220-A,0.3 € + 0.17 €/kWh
2026-10-10T09:16:23Z,IKR-E-1871-A,0.3 € + 0.17 €/kWh
2026-10-10T09:16:23Z,IKR-E-2G8J-A,0.3 € + 0.17 €/kWh
2026-10-10T09:16:23Z,IKR-E-3TSR-A,0.3 € + 0.17 €/kWh
2026-10-10T09:16:23Z,IKR-E-5715-A,0.3 € + 0.17 €/kWh
2026-10-10T09:16:23Z,IKR-E-5730-A,0.3 € + 0.23 €/kWh
2026-10-10T09:16:23Z,IKR-E-5CGU-A,0.3 € + 0.17 €/kWh
2026-10-10T09:16:23Z,IKR-E-7718-A,0.3 € + 0.23 €/kWh
2026-10-10T09:16:23Z,IKR-E-DVCM-A,0.3 € + 0.17 €/kWh
2026-10-10T09:16:23Z,IKR-E-E475-A,0.3 € + 0.23 €/kWh
2026-10-10T09:16:23Z,IKR-E-E544-A,0.3 € + 0.23 €/kWh
2026-10-10T09:16:23Z,IKR-E-GAY9-A,0.3 € + 0.17 €/kWh
2026-10-10T09:16:23Z,IKR-E-IZW2-A,0.3 € + 0.17 €/kWh
2026-10-10T09:16:23Z,IKR-E-JJAJ-A,0.3 € + 0.17 €/kWh
2026-10-10T09:16:23Z,IKR-E-KMBH-A,0.3 € + 0.17 €/kWh
2026-10-10T09:16:23Z,IKR-E-LJZI-A,0.3 € + 0.17 €/kWh
2026-10-10T09:16:23Z,IKR-E-MAU9-A,0.29 € + 0.08 €/kWh
2026-10-10T09:16:23Z,IKR-E-OWF5-A,0.3 € + 0.24 €/kWh
2026-10-10T09:16:23Z,IKR-E-W6HQ-A,0.29 € + 0.08 €/kWh
2026-10-10T09:16:23Z,IKR-E-XIH2-A,0.3 € + 0.17 €/kWh
2026-10-10T09:16:23Z,IKR-E-Y2Z8-A,0.3 € + 0.16 €/kWh
2026-10-10T09:16:23Z,IKR-P-IV7E-B,0.3 € + 0.17 €/kWh
2026-10-10T09:16:23Z,IKR-P-SCM5-A,0.3 € + 0.24 €/kWh
2026-10-10T09:16:23Z,IKR-P-V9X4-A,0.3 € + 0.24 €/kWh
2026-10-10T09:16:23Z,IKR-P-V9X4-B,0.3 € + 0.24 €/kWh
2026-10-10T09:32:24Z,IKR-E-E475-A,0.3 € + 0.22 €/kWh
2026-10-10T09:32:24Z,IKR-E-E544-A,0.3 € + 0.22 €/kWh
2026-10-10T09:46:22Z,IKR-E-E475-A,0.3 € + 0.23 €/kWh
2026-10-10T09:46:22Z,IKR-E-E544-A,0.3 € + 0.23 €/kWh
2026-10-10T09:46:22Z,IKR-E-Y2Z8-A,0.3 € + 0.17 €/kWh
2026-10-10T09:48:24Z,STR-E-04YS-A,0 € + 0.17 €/kWh
2026-10-10T09:48:24Z,STR-E-1X30-A,0 € + 0.17 €/kWh
2026-10-10T09:48:24Z,STR-E-2446-A,0 € + 0.17 €/kWh
2026-10-10T09:48:24Z,STR-E-2K1Q-A,0 € + 0.17 €/kWh
2026-10-10T09:48:24Z,STR-E-2XDJ-A,0 € + 0.17 €/kWh
2026-10-10T09:48:24Z,STR-E-3WE5-A,0 € + 0.17 €/kWh
2026-10-10T09:48:24Z,STR-E-4YKC-A,0 € + 0.17 €/kWh
2026-10-10T09:48:24Z,STR-E-527U-A,0 € + 0.17 €/kWh
2026-10-10T09:48:24Z,STR-E-55I4-A,0 € + 0.17 €/kWh
2026-10-10T09:48:24Z,STR-E-566J-A,0 € + 0.17 €/kWh
2026-10-10T09:48:24Z,STR-E-6E7W-A,0 € + 0.17 €/kWh
2026-10-10T09:48:24Z,STR-E-6ZTQ-A,0 € + 0.17 €/kWh
2026-10-10T09:48:24Z,STR-E-7438-A,0 € + 0.17 €/kWh
2026-10-10T09:48:24Z,STR-E-7YBN-A,0 € + 0.17 €/kWh
2026-10-10T09:48:24Z,STR-E-8A02-A,0 € + 0.17 €/kWh
2026-10-10T09:48:24Z,STR-E-8Q9F-A,0 € + 0.17 €/kWh
2026-10-10T09:48:24Z,STR-E-9AH3-A,0 € + 0.17 €/kWh
2026-10-10T09:48:24Z,STR-E-A169-A,0 € + 0.17 €/kWh
2026-10-10T09:48:24Z,STR-E-ADXE-A,0 € + 0.17 €/kWh
2026-10-10T09:48:24Z,STR-E-AMQK-A,0 € + 0.17 €/kWh
2026-10-10T09:48:24Z,STR-E-AUQ2-A,0 € + 0.17 €/kWh
2026-10-10T09:48:24Z,STR-E-C99Z-A,0 € + 0.17 €/kWh
2026-10-10T09:48:24Z,STR-E-DHEJ-A,0 € + 0.17 €/kWh
2026-10-10T09:48:24Z,STR-E-ECI7-A,0 € + 0.17 €/kWh
2026-10-10T09:48:24Z,STR-E-EFXK-A,0 € + 0.17 €/kWh
2026-10-10T09:48:24Z,STR-E-EPQY-A,0 € + 0.17 €/kWh
2026-10-10T09:48:24Z,STR-E-ER2N-A,0 € + 0.17 €/kWh
2026-10-10T09:48:24Z,STR-E-ES3O-A,0 € + 0.17 €/kWh
2026-10-10T09:48:24Z,STR-E-FKUY-A,0 € + 0.17 €/kWh
2026-10-10T09:48:24Z,STR-E-GFB3-A,0 € + 0.17 €/kWh
2026-10-10T09:48:24Z,STR-E-GK0C-A,0 € + 0.17 €/kWh
2026-10-10T09:48:24Z,STR-E-HHXV-A,0 € + 0.17 €/kWh
2026-10-10T09:48:24Z,STR-E-I1KE-A,0 € + 0.17 €/kWh
2026-10-10T09:48:24Z,STR-E-IAO5-A,0 € + 0.17 €/kWh
2026-10-10T09:48:24Z,STR-E-IPEC-A,0 € + 0.17 €/kWh
2026-10-10T09:48:24Z,STR-E-IV6T-A,0 € + 0.17 €/kWh
2026-10-10T09:48:24Z,STR-E-J54N-A,0 € + 0.17 €/kWh
2026-10-10T09:48:24Z,STR-E-J6DA-A,0 € + 0.17 €/kWh
2026-10-10T09:48:24Z,STR-E-J8VF-A,0 € + 0.17 €/kWh
2026-10-10T09:48:24Z,STR-E-JMOR-A,0 € + 0.17 €/kWh
2026-10-10T09:48:24Z,STR-E-K217-A,0 € + 0.17 €/kWh
2026-10-10T09:48:24Z,STR-E-KOHN-A,0 € + 0.17 €/kWh
2026-10-10T09:48:24Z,STR-E-KT5B-A,0 € + 0.17 €/kWh
2026-10-10T09:48:24Z,STR-E-NDU2-A,0 € + 0.17 €/kWh
2026-10-10T09:48:24Z,STR-E-NDZ4-A,0 € + 0.17 €/kWh
2026-10-10T09:48:24Z,STR-E-NFV5-A,0 € + 0.17 €/kWh
2026-10-10T09:48:24Z,STR-E-NSGB-A,0 € + 0.17 €/kWh
2026-10-10T09:48:24Z,STR-E-O5JX-A,0 € + 0.17 €/kWh
2026-10-10T09:48:24Z,STR-E-OFWF-A,0 € + 0.17 €/kWh
2026-10-10T09:48:24Z,STR-E-OHH6-A,0 € + 0.17 €/kWh
2026-10-10T09:48:24Z,STR-E-P46N-A,0 € + 0.17 €/kWh
2026-10-10T09:48:24Z,STR-E-R8PQ-A,0 € + 0.17 €/kWh
2026-10-10T09:48:24Z,STR-E-S6VR-A,0 € + 0.17 €/kWh
2026-10-10T09:48:24Z,STR-E-SGC2-A,0 € + 0.17 €/kWh
2026-10-10T09:48:24Z,STR-E-U41O-A,0 € + 0.17 €/kWh
2026-10-10T09:48:24Z,STR-E-VJBJ-A,0 € + 0.17 €/kWh
2026-10-10T09:48:24Z,STR-E-VQ06-A,0 € + 0.17 €/kWh
2026-10-10T09:48:24Z,STR-E-VX2O-A,0 € + 0.17 €/kWh
2026-10-10T09:48:24Z,STR-E-WHZ1-A,0 € + 0.17 €/kWh
2026-10-10T09:48:24Z,STR-E-WLGM-A,0 € + 0.17 €/kWh
2026-10-10T09:48:24Z,STR-E-X54O-A,0 € + 0.17 €/kWh
2026-10-10T09:48:24Z,STR-E-XH51-A,0 € + 0.17 €/kWh
2026-10-10T09:48:24Z,STR-E-XRV8-A,0 € + 0.17 €/kWh
2026-10-10T09:48:24Z,STR-E-Y7JK-A,0 € + 0.17 €/kWh
2026-10-10T09:48:24Z,STR-E-Y82E-A,0 € + 0.17 €/kWh
2026-10-10T09:48:24Z,STR-E-ZEP7-A,0 € + 0.17 €/kWh
2026-10-10T09:48:24Z,STR-E-ZIAZ-A,0 € + 0.17 €/kWh
2026-10-10T09:48:24Z,STR-E-ZK9W-A,0 € + 0.17 €/kWh
2026-10-10T10:01:09Z,STR-E-04YS-A,0 € + 0.16 €/kWh
2026-10-10T10:01:09Z,STR-E-1X30-A,0 € + 0.16 €/kWh
2026-10-10T10:01:09Z,STR-E-2446-A,0 € + 0.16 €/kWh
2026-10-10T10:01:09Z,STR-E-2K1Q-A,0 € + 0.16 €/kWh
2026-10-10T10:01:09Z,STR-E-2XDJ-A,0 € + 0.16 €/kWh
2026-10-10T10:01:09Z,STR-E-3WE5-A,0 € + 0.16 €/kWh
2026-10-10T10:01:09Z,STR-E-4YKC-A,0 € + 0.16 €/kWh
2026-10-10T10:01:09Z,STR-E-527U-A,0 € + 0.16 €/kWh
2026-10-10T10:01:09Z,STR-E-55I4-A,0 € + 0.16 €/kWh
2026-10-10T10:01:09Z,STR-E-566J-A,0 € + 0.16 €/kWh
2026-10-10T10:01:09Z,STR-E-6E7W-A,0 € + 0.16 €/kWh
2026-10-10T10:01:09Z,STR-E-6ZTQ-A,0 € + 0.16 €/kWh
2026-10-10T10:01:09Z,STR-E-7438-A,0 € + 0.16 €/kWh
2026-10-10T10:01:09Z,STR-E-7YBN-A,0 € + 0.16 €/kWh
2026-10-10T10:01:09Z,STR-E-8A02-A,0 € + 0.16 €/kWh
2026-10-10T10:01:09Z,STR-E-8Q9F-A,0 € + 0.16 €/kWh
2026-10-10T10:01:09Z,STR-E-9AH3-A,0 € + 0.16 €/kWh
2026-10-10T10:01:09Z,STR-E-A169-A,0 € + 0.16 €/kWh
2026-10-10T10:01:09Z,STR-E-ADXE-A,0 € + 0.16 €/kWh
2026-10-10T10:01:09Z,STR-E-AMQK-A,0 € + 0.16 €/kWh
2026-10-10T10:01:09Z,STR-E-AUQ2-A,0 € + 0.16 €/kWh
2026-10-10T10:01:09Z,STR-E-C99Z-A,0 € + 0.16 €/kWh
2026-10-10T10:01:09Z,STR-E-DHEJ-A,0 € + 0.16 €/kWh
2026-10-10T10:01:09Z,STR-E-ECI7-A,0 € + 0.16 €/kWh
2026-10-10T10:01:09Z,STR-E-EFXK-A,0 € + 0.16 €/kWh
2026-10-10T10:01:09Z,STR-E-EPQY-A,0 € + 0.16 €/kWh
2026-10-10T10:01:09Z,STR-E-ER2N-A,0 € + 0.16 €/kWh
2026-10-10T10:01:09Z,STR-E-ES3O-A,0 € + 0.16 €/kWh
2026-10-10T10:01:09Z,STR-E-FKUY-A,0 € + 0.16 €/kWh
2026-10-10T10:01:09Z,STR-E-GFB3-A,0 € + 0.16 €/kWh
2026-10-10T10:01:09Z,STR-E-GK0C-A,0 € + 0.16 €/kWh
2026-10-10T10:01:09Z,STR-E-HHXV-A,0 € + 0.16 €/kWh
2026-10-10T10:01:09Z,STR-E-I1KE-A,0 € + 0.16 €/kWh
2026-10-10T10:01:09Z,STR-E-IAO5-A,0 € + 0.16 €/kWh
2026-10-10T10:01:09Z,STR-E-IPEC-A,0 € + 0.16 €/kWh
2026-10-10T10:01:09Z,STR-E-IV6T-A,0 € + 0.16 €/kWh
2026-10-10T10:01:09Z,STR-E-J54N-A,0 € + 0.16 €/kWh
2026-10-10T10:01:09Z,STR-E-J6DA-A,0 € + 0.16 €/kWh
2026-10-10T10:01:09Z,STR-E-J8VF-A,0 € + 0.16 €/kWh
2026-10-10T10:01:09Z,STR-E-JMOR-A,0 € + 0.16 €/kWh
2026-10-10T10:01:09Z,STR-E-K217-A,0 € + 0.16 €/kWh
2026-10-10T10:01:09Z,STR-E-KOHN-A,0 € + 0.16 €/kWh
2026-10-10T10:01:09Z,STR-E-KT5B-A,0 € + 0.16 €/kWh
2026-10-10T10:01:09Z,STR-E-NDU2-A,0 € + 0.16 €/kWh
2026-10-10T10:01:09Z,STR-E-NDZ4-A,0 € + 0.16 €/kWh
2026-10-10T10:01:09Z,STR-E-NFV5-A,0 € + 0.16 €/kWh
2026-10-10T10:01:09Z,STR-E-NSGB-A,0 € + 0.16 €/kWh
2026-10-10T10:01:09Z,STR-E-O5JX-A,0 € + 0.16 €/kWh
2026-10-10T10:01:09Z,STR-E-OFWF-A,0 € + 0.16 €/kWh
2026-10-10T10:01:09Z,STR-E-OHH6-A,0 € + 0.16 €/kWh
2026-10-10T10:01:09Z,STR-E-P46N-A,0 € + 0.16 €/kWh
2026-10-10T10:01:09Z,STR-E-R8PQ-A,0 € + 0.16 €/kWh
2026-10-10T10:01:09Z,STR-E-S6VR-A,0 € + 0.16 €/kWh
2026-10-10T10:01:09Z,STR-E-SGC2-A,0 € + 0.16 €/kWh
2026-10-10T10:01:09Z,STR-E-U41O-A,0 € + 0.16 €/kWh
2026-10-10T10:01:09Z,STR-E-VJBJ-A,0 € + 0.16 €/kWh
2026-10-10T10:01:09Z,STR-E-VQ06-A,0 € + 0.16 €/kWh
2026-10-10T10:01:09Z,STR-E-VX2O-A,0 € + 0.16 €/kWh
2026-10-10T10:01:09Z,STR-E-WHZ1-A,0 € + 0.16 €/kWh
2026-10-10T10:01:09Z,STR-E-WLGM-A,0 € + 0.16 €/kWh
2026-10-10T10:01:09Z,STR-E-X54O-A,0 € + 0.16 €/kWh
2026-10-10T10:01:09Z,STR-E-XH51-A,0 € + 0.16 €/kWh
2026-10-10T10:01:09Z,STR-E-XRV8-A,0 € + 0.16 €/kWh
2026-10-10T10:01:09Z,STR-E-Y7JK-A,0 € + 0.16 €/kWh
2026-10-10T10:01:09Z,STR-E-Y82E-A,0 € + 0.16 €/kWh
2026-10-10T10:01:09Z,STR-E-ZEP7-A,0 € + 0.16 €/kWh
2026-10-10T10:01:09Z,STR-E-ZIAZ-A,0 € + 0.16 €/kWh
2026-10-10T10:01:09Z,STR-E-ZK9W-A,0 € + 0.16 €/kWh
2026-10-10T10:16:24Z,IKR-E-E475-A,0.3 € + 0.22 €/kWh
2026-10-10T10:16:24Z,IKR-E-E544-A,0.3 € + 0.22 €/kWh
2026-10-10T10:16:24Z,IKR-E-Y2Z8-A,0.3 € + 0.16 €/kWh
2026-10-10T10:16:24Z,STR-E-02VO-A,0.21 €/kWh
2026-10-10T10:16:24Z,STR-E-02VO-B,0.21 €/kWh
2026-10-10T10:16:24Z,STR-E-04YS-A,0 € + 0.17 €/kWh
2026-10-10T10:16:24Z,STR-E-051F-A,0.08 € + 0.13 €/kWh
2026-10-10T10:16:24Z,STR-E-10G9-A,0.08 € + 0.13 €/kWh
2026-10-10T10:16:24Z,STR-E-10G9-B,0.08 € + 0.13 €/kWh
2026-10-10T10:16:24Z,STR-E-1ME5-A,0.08 € + 0.13 €/kWh
2026-10-10T10:16:24Z,STR-E-1ME5-B,0.08 € + 0.13 €/kWh
2026-10-10T10:16:24Z,STR-E-1MHB-A,0.29 €/kWh
2026-10-10T10:16:24Z,STR-E-1X30-A,0 € + 0.17 €/kWh
2026-10-10T10:16:24Z,STR-E-2446-A,0 € + 0.17 €/kWh
2026-10-10T10:16:24Z,STR-E-2K1Q-A,0 € + 0.17 €/kWh
2026-10-10T10:16:24Z,STR-E-2XDJ-A,0 € + 0.17 €/kWh
2026-10-10T10:16:24Z,STR-E-3WE5-A,0 € + 0.17 €/kWh
2026-10-10T10:16:24Z,STR-E-3YH3-A,0.08 € + 0.13 €/kWh
2026-10-10T10:16:24Z,STR-E-3YH3-B,0.08 € + 0.13 €/kWh
2026-10-10T10:16:24Z,STR-E-491A-A,0.18 €/kWh
2026-10-10T10:16:24Z,STR-E-491A-B,0.18 €/kWh
2026-10-10T10:16:24Z,STR-E-491A-C,0.18 €/kWh
2026-10-10T10:16:24Z,STR-E-4DE6-A,0.18 €/kWh
2026-10-10T10:16:24Z,STR-E-4DE6-B,0.18 €/kWh
2026-10-10T10:16:24Z,STR-E-4YKC-A,0 € + 0.17 €/kWh
2026-10-10T10:16:24Z,STR-E-527U-A,0 € + 0.17 €/kWh
2026-10-10T10:16:24Z,STR-E-54PK-A,0.08 € + 0.13 €/kWh
2026-10-10T10:16:24Z,STR-E-54PK-B,0.08 € + 0.13 €/kWh
2026-10-10T10:16:24Z,STR-E-55I4-A,0 € + 0.17 €/kWh
2026-10-10T10:16:24Z,STR-E-566J-A,0 € + 0.17 €/kWh
2026-10-10T10:16:24Z,STR-E-59TF-A,0.08 € + 0.13 €/kWh
2026-10-10T10:16:24Z,STR-E-6E7W-A,0 € + 0.17 €/kWh
2026-10-10T10:16:24Z,STR-E-6ZTQ-A,0 € + 0.17 €/kWh
2026-10-10T10:16:24Z,STR-E-7438-A,0 € + 0.17 €/kWh
2026-10-10T10:16:24Z,STR-E-7A48-A,0.08 € + 0.13 €/kWh
2026-10-10T10:16:24Z,STR-E-7YBN-A,0 € + 0.17 €/kWh
2026-10-10T10:16:24Z,STR-E-8A02-A,0 € + 0.17 €/kWh
2026-10-10T10:16:24Z,STR-E-8Q9F-A,0 € + 0.17 €/kWh
2026-10-10T10:16:24Z,STR-E-9AH3-A,0 € + 0.17 €/kWh
2026-10-10T10:16:24Z,STR-E-A169-A,0 € + 0.17 €/kWh
2026-10-10T10:16:24Z,STR-E-A27N-A,0.21 €/kWh
2026-10-10T10:16:24Z,STR-E-A27N-B,0.21 €/kWh
2026-10-10T10:16:24Z,STR-E-A27N-C,0.21 €/kWh
2026-10-10T10:16:24Z,STR-E-ADXE-A,0 € + 0.17 €/kWh
2026-10-10T10:16:24Z,STR-E-AF2O-A,0.08 € + 0.13 €/kWh
2026-10-10T10:16:24Z,STR-E-AMQK-A,0 € + 0.17 €/kWh
2026-10-10T10:16:24Z,STR-E-AUQ2-A,0 € + 0.17 €/kWh
2026-10-10T10:16:24Z,STR-E-AWF1-A,0.08 € + 0.13 €/kWh
2026-10-10T10:16:24Z,STR-E-AWF1-B,0.08 € + 0.13 €/kWh
2026-10-10T10:16:24Z,STR-E-AWJ9-A,0.21 €/kWh
2026-10-10T10:16:24Z,STR-E-AWJ9-B,0.21 €/kWh
2026-10-10T10:16:24Z,STR-E-B36V-A,0.19 € + 0.26 €/kWh
2026-10-10T10:16:24Z,STR-E-B36V-B,0.19 € + 0.26 €/kWh
2026-10-10T10:16:24Z,STR-E-C99Z-A,0 € + 0.17 €/kWh
2026-10-10T10:16:24Z,STR-E-DBCC-A,0.08 € + 0.13 €/kWh
2026-10-10T10:16:24Z,STR-E-DBCC-B,0.08 € + 0.13 €/kWh
2026-10-10T10:16:24Z,STR-E-DHEJ-A,0 € + 0.17 €/kWh
2026-10-10T10:16:24Z,STR-E-ECI7-A,0 € + 0.17 €/kWh
2026-10-10T10:16:24Z,STR-E-EFXK-A,0 € + 0.17 €/kWh
2026-10-10T10:16:24Z,STR-E-EPQY-A,0 € + 0.17 €/kWh
2026-10-10T10:16:24Z,STR-E-ER2N-A,0 € + 0.17 €/kWh
2026-10-10T10:16:24Z,STR-E-ES3O-A,0 € + 0.17 €/kWh
2026-10-10T10:16:24Z,STR-E-F2G0-A,0.08 € + 0.13 €/kWh
2026-10-10T10:16:24Z,STR-E-F2G0-B,0.08 € + 0.13 €/kWh
2026-10-10T10:16:24Z,STR-E-FKUY-A,0 € + 0.17 €/kWh
2026-10-10T10:16:24Z,STR-E-FUE8-A,0.08 € + 0.13 €/kWh
2026-10-10T10:16:24Z,STR-E-FUE8-B,0.08 € + 0.13 €/kWh
2026-10-10T10:16:24Z,STR-E-GFB3-A,0 € + 0.17 €/kWh
2026-10-10T10:16:24Z,STR-E-GK0C-A,0 € + 0.17 €/kWh
2026-10-10T10:16:24Z,STR-E-HHXV-A,0 € + 0.17 €/kWh
2026-10-10T10:16:24Z,STR-E-I1KE-A,0 € + 0.17 €/kWh
2026-10-10T10:16:24Z,STR-E-IAO5-A,0 € + 0.17 €/kWh
2026-10-10T10:16:24Z,STR-E-IIKL-A,0.08 € + 0.13 €/kWh
2026-10-10T10:16:24Z,STR-E-IIKL-B,0.08 € + 0.13 €/kWh
2026-10-10T10:16:24Z,STR-E-IPEC-A,0 € + 0.17 €/kWh
2026-10-10T10:16:24Z,STR-E-IV6T-A,0 € + 0.17 €/kWh
2026-10-10T10:16:24Z,STR-E-J54N-A,0 € + 0.17 €/kWh
2026-10-10T10:16:24Z,STR-E-J6DA-A,0 € + 0.17 €/kWh
2026-10-10T10:16:24Z,STR-E-J8VF-A,0 € + 0.17 €/kWh
2026-10-10T10:16:24Z,STR-E-JG90-A,0.1 €/kWh + 0.3 €
2026-10-10T10:16:24Z,STR-E-JG90-B,0.1 €/kWh + 0.3 €
2026-10-10T10:16:24Z,STR-E-JMOR-A,0 € + 0.17 €/kWh
2026-10-10T10:16:24Z,STR-E-K217-A,0 € + 0.17 €/kWh
2026-10-10T10:16:24Z,STR-E-KOHN-A,0 € + 0.17 €/kWh
2026-10-10T10:16:24Z,STR-E-KT5B-A,0 € + 0.17 €/kWh
2026-10-10T10:16:24Z,STR-E-KUKS-A,0.08 € + 0.13 €/kWh
2026-10-10T10:16:24Z,STR-E-KUKS-B,0.08 € + 0.13 €/kWh
2026-10-10T10:16:24Z,STR-E-LREY-A,0.29 €/kWh
2026-10-10T10:16:24Z,STR-E-MIP3-A,0.18 €/kWh
2026-10-10T10:16:24Z,STR-E-MIP3-B,0.18 €/kWh
2026-10-10T10:16:24Z,STR-E-NCKT-A,0.08 € + 0.13 €/kWh
2026-10-10T10:16:24Z,STR-E-NCKT-B,0.08 € + 0.13 €/kWh
2026-10-10T10:16:24Z,STR-E-NDU2-A,0 € + 0.17 €/kWh
2026-10-10T10:16:24Z,STR-E-NDZ4-A,0 € + 0.17 €/kWh
2026-10-10T10:16:24Z,STR-E-NFV5-A,0 € + 0.17 €/kWh
2026-10-10T10:16:24Z,STR-E-NSGB-A,0 € + 0.17 €/kWh
2026-10-10T10:16:24Z,STR-E-O5JX-A,0 € + 0.17 €/kWh
2026-10-10T10:16:24Z,STR-E-O5YW-A,0.08 € + 0.13 €/kWh
2026-10-10T10:16:24Z,STR-E-O5YW-B,0.08 € + 0.13 €/kWh
2026-10-10T10:16:24Z,STR-E-OFWF-A,0 € + 0.17 €/kWh
2026-10-10T10:16:24Z,STR-E-OHH6-A,0 € + 0.17 €/kWh
2026-10-10T10:16:24Z,STR-E-P46N-A,0 € + 0.17 €/kWh
2026-10-10T10:16:24Z,STR-E-P7AF-A,0.08 € + 0.13 €/kWh
2026-10-10T10:16:24Z,STR-E-P7AF-B,0.08 € + 0.13 €/kWh
2026-10-10T10:16:24Z,STR-E-PJCQ-A,0.08 € + 0.13 €/kWh
2026-10-10T10:16:24Z,STR-E-PJCQ-B,0.08 € + 0.13 €/kWh
2026-10-10T10:16:24Z,STR-E-QE1X-A,0.08 € + 0.13 €/kWh
2026-10-10T10:16:24Z,STR-E-QE1X-B,0.08 € + 0.13 €/kWh
2026-10-10T10:16:24Z,STR-E-QLC9-A,0.18 €/kWh
2026-10-10T10:16:24Z,STR-E-QLC9-B,0.18 €/kWh
2026-10-10T10:16:24Z,STR-E-R8PQ-A,0 € + 0.17 €/kWh
2026-10-10T10:16:24Z,STR-E-S6VR-A,0 € + 0.17 €/kWh
2026-10-10T10:16:24Z,STR-E-SGC2-A,0 € + 0.17 €/kWh
2026-10-10T10:16:24Z,STR-E-SQX8-A,0.08 € + 0.13 €/kWh
2026-10-10T10:16:24Z,STR-E-SQX8-B,0.08 € + 0.13 €/kWh
2026-10-10T10:16:24Z,STR-E-TX67-A,0.21 €/kWh
2026-10-10T10:16:24Z,STR-E-TX67-B,0.21 €/kWh
2026-10-10T10:16:24Z,STR-E-U41O-A,0 € + 0.17 €/kWh
2026-10-10T10:16:24Z,STR-E-UPAQ-A,0.18 €/kWh
2026-10-10T10:16:24Z,STR-E-UPAQ-B,0.18 €/kWh
2026-10-10T10:16:24Z,STR-E-UPOS-A,0.08 € + 0.13 €/kWh
2026-10-10T10:16:24Z,STR-E-UPOS-B,0.08 € + 0.13 €/kWh
2026-10-10T10:16:24Z,STR-E-VJBJ-A,0 € + 0.17 €/kWh
2026-10-10T10:16:24Z,STR-E-VQ06-A,0 € + 0.17 €/kWh
2026-10-10T10:16:24Z,STR-E-VSDJ-A,0.21 €/kWh
2026-10-10T10:16:24Z,STR-E-VSDJ-B,0.21 €/kWh
2026-10-10T10:16:24Z,STR-E-VX2O-A,0 € + 0.17 €/kWh
2026-10-10T10:16:24Z,STR-E-WHZ1-A,0 € + 0.17 €/kWh
2026-10-10T10:16:24Z,STR-E-WLGM-A,0 € + 0.17 €/kWh
2026-10-10T10:16:24Z,STR-E-X54O-A,0 € + 0.17 €/kWh
2026-10-10T10:16:24Z,STR-E-XCMJ-A,0.08 € + 0.13 €/kWh
2026-10-10T10:16:24Z,STR-E-XCMJ-B,0.08 € + 0.13 €/kWh
2026-10-10T10:16:24Z,STR-E-XG69-A,0.08 € + 0.13 €/kWh
2026-10-10T10:16:24Z,STR-E-XG69-B,0.08 € + 0.13 €/kWh
2026-10-10T10:16:24Z,STR-E-XH51-A,0 € + 0.17 €/kWh
2026-10-10T10:16:24Z,STR-E-XRV8-A,0 € + 0.17 €/kWh
2026-10-10T10:16:24Z,STR-E-Y7JK-A,0 € + 0.17 €/kWh
2026-10-10T10:16:24Z,STR-E-Y82E-A,0 € + 0.17 €/kWh
2026-10-10T10:16:24Z,STR-E-Z2PJ-A,0.08 € + 0.13 €/kWh
2026-10-10T10:16:24Z,STR-E-Z2PJ-B,0.08 € + 0.13 €/kWh
2026-10-10T10:16:24Z,STR-E-ZEP7-A,0 € + 0.17 €/kWh
2026-10-10T10:16:24Z,STR-E-ZIAZ-A,0 € + 0.17 €/kWh
2026-10-10T10:16:24Z,STR-E-ZK9W-A,0 € + 0.17 €/kWh
2026-10-10T10:16:24Z,STR-E-ZWU5-A,0.08 € + 0.13 €/kWh
2026-10-10T10:16:24Z,STR-E-ZWU5-B,0.08 € + 0.13 €/kWh
2026-10-10T10:32:23Z,IKR-E-E475-A,0.3 € + 0.23 €/kWh
2026-10-10T10:32:23Z,IKR-E-E544-A,0.3 € + 0.23 €/kWh
2026-10-10T10:32:23Z,IKR-E-Y2Z8-A,0.3 € + 0.17 €/kWh
2026-10-10T10:46:23Z,IKR-E-1220-A,0.3 € + 0.18 €/kWh
2026-10-10T10:46:23Z,IKR-E-1871-A,0.3 € + 0.18 €/kWh
2026-10-10T10:46:23Z,IKR-E-2G8J-A,0.3 € + 0.18 €/kWh
2026-10-10T10:46:23Z,IKR-E-3TSR-A,0.3 € + 0.18 €/kWh
2026-10-10T10:46:23Z,IKR-E-5715-A,0.3 € + 0.18 €/kWh
2026-10-10T10:46:23Z,IKR-E-5730-A,0.3 € + 0.24 €/kWh
2026-10-10T10:46:23Z,IKR-E-5CGU-A,0.3 € + 0.18 €/kWh
2026-10-10T10:46:23Z,IKR-E-7718-A,0.3 € + 0.24 €/kWh
2026-10-10T10:46:23Z,IKR-E-DVCM-A,0.3 € + 0.18 €/kWh
2026-10-10T10:46:23Z,IKR-E-GAY9-A,0.3 € + 0.18 €/kWh
2026-10-10T10:46:23Z,IKR-E-IZW2-A,0.3 € + 0.18 €/kWh
2026-10-10T10:46:23Z,IKR-E-JJAJ-A,0.3 € + 0.18 €/kWh
2026-10-10T10:46:23Z,IKR-E-KMBH-A,0.3 € + 0.18 €/kWh
2026-10-10T10:46:23Z,IKR-E-LJZI-A,0.3 € + 0.18 €/kWh
2026-10-10T10:46:23Z,IKR-E-XIH2-A,0.3 € + 0.18 €/kWh
2026-10-10T10:46:23Z,IKR-P-IV7E-B,0.3 € + 0.18 €/kWh
2026-10-10T10:46:23Z,STR-E-0698-A,0.09 €/kWh
2026-10-10T10:46:23Z,STR-E-0GEL-A,0.09 €/kWh
2026-10-10T10:46:23Z,STR-E-1162-A,0.09 €/kWh
2026-10-10T10:46:23Z,STR-E-11DT-A,0.09 €/kWh
2026-10-10T10:46:23Z,STR-E-1887-A,0.09 €/kWh
2026-10-10T10:46:23Z,STR-E-1927-A,0.09 €/kWh
2026-10-10T10:46:23Z,STR-E-1MJQ-A,0.09 €/kWh
2026-10-10T10:46:23Z,STR-E-2D12-A,0.09 €/kWh
2026-10-10T10:46:23Z,STR-E-2ED4-A,0.09 €/kWh
2026-10-10T10:46:23Z,STR-E-320G-A,0.09 €/kWh
2026-10-10T10:46:23Z,STR-E-3PZS-A,0.09 €/kWh
2026-10-10T10:46:23Z,STR-E-3TZI-A,0.09 €/kWh
2026-10-10T10:46:23Z,STR-E-4LRS-A,0.09 €/kWh
2026-10-10T10:46:23Z,STR-E-4UGU-A,0.09 €/kWh
2026-10-10T10:46:23Z,STR-E-5DWB-A,0.09 €/kWh
2026-10-10T10:46:23Z,STR-E-5TI5-A,0.09 €/kWh
2026-10-10T10:46:23Z,STR-E-69PN-A,0.09 €/kWh
2026-10-10T10:46:23Z,STR-E-6CNG-A,0.09 €/kWh
2026-10-10T10:46:23Z,STR-E-6SQH-A,0.09 €/kWh
2026-10-10T10:46:23Z,STR-E-86C0-A,0.09 €/kWh
2026-10-10T10:46:23Z,STR-E-88SA-A,0.09 €/kWh
2026-10-10T10:46:23Z,STR-E-8M2O-A,0.09 €/kWh
2026-10-10T10:46:23Z,STR-E-8XL5-A,0.09 €/kWh
2026-10-10T10:46:23Z,STR-E-8Y23-A,0.09 €/kWh
2026-10-10T10:46:23Z,STR-E-9I2R-A,0.09 €/kWh
2026-10-10T10:46:23Z,STR-E-9TUZ-A,0.09 €/kWh
2026-10-10T10:46:23Z,STR-E-9WY2-A,0.09 €/kWh
2026-10-10T10:46:23Z,STR-E-A442-A,0.09 €/kWh
2026-10-10T10:46:23Z,STR-E-AABG-A,0.09 €/kWh
2026-10-10T10:46:23Z,STR-E-ACMT-A,0.09 €/kWh
2026-10-10T10:46:23Z,STR-E-BXA5-A,0.09 €/kWh
2026-10-10T10:46:23Z,STR-E-C91L-A,0.09 €/kWh
2026-10-10T10:46:23Z,STR-E-E7HH-A,0.09 €/kWh
2026-10-10T10:46:23Z,STR-E-EU1U-A,0.09 €/kWh
2026-10-10T10:46:23Z,STR-E-F4B3-A,0.09 €/kWh
2026-10-10T10:46:23Z,STR-E-F5LZ-A,0.09 €/kWh
2026-10-10T10:46:23Z,STR-E-FGMF-A,0.09 €/kWh
2026-10-10T10:46:23Z,STR-E-FK06-A,0.09 €/kWh
2026-10-10T10:46:23Z,STR-E-G4VM-A,0.09 €/kWh
2026-10-10T10:46:23Z,STR-E-G518-A,0.09 €/kWh
2026-10-10T10:46:23Z,STR-E-GB9A-A,0.09 €/kWh
2026-10-10T10:46:23Z,STR-E-GGV8-A,0.09 €/kWh
2026-10-10T10:46:23Z,STR-E-GHJA-A,0.09 €/kWh
2026-10-10T10:46:23Z,STR-E-GR5K-A,0.09 €/kWh
2026-10-10T10:46:23Z,STR-E-H6Q5-A,0.09 €/kWh
2026-10-10T10:46:23Z,STR-E-I4UZ-A,0.09 €/kWh
2026-10-10T10:46:23Z,STR-E-I5FH-A,0.09 €/kWh
2026-10-10T10:46:23Z,STR-E-I8C6-A,0.09 €/kWh
2026-10-10T10:46:23Z,STR-E-IA3X-A,0.09 €/kWh
2026-10-10T10:46:23Z,STR-E-JVO0-A,0.09 €/kWh
2026-10-10T10:46:23Z,STR-E-KBZL-A,0.09 €/kWh
2026-10-10T10:46:23Z,STR-E-L84D-A,0.09 €/kWh
2026-10-10T10:46:23Z,STR-E-LISV-A,0.09 €/kWh
2026-10-10T10:46:23Z,STR-E-LKFQ-A,0.09 €/kWh
2026-10-10T10:46:23Z,STR-E-M1IB-A,0.09 €/kWh
2026-10-10T10:46:23Z,STR-E-M8WL-A,0.09 €/kWh
2026-10-10T10:46:23Z,STR-E-M9W7-A,0.09 €/kWh
2026-10-10T10:46:23Z,STR-E-MSEN-A,0.09 €/kWh
2026-10-10T10:46:23Z,STR-E-MSUL-A,0.09 €/kWh
2026-10-10T10:46:23Z,STR-E-N6P5-A,0.09 €/kWh
2026-10-10T10:46:23Z,STR-E-NNGC-A,0.09 €/kWh
2026-10-10T10:46:23Z,STR-E-O0VK-A,0.09 €/kWh
2026-10-10T10:46:23Z,STR-E-OG1X-A,0.09 €/kWh
2026-10-10T10:46:23Z,STR-E-OQKZ-A,0.09 €/kWh
2026-10-10T10:46:23Z,STR-E-PC04-A,0.09 €/kWh
2026-10-10T10:46:23Z,STR-E-PDR2-A,0.09 €/kWh
2026-10-10T10:46:23Z,STR-E-PRUQ-A,0.09 €/kWh
2026-10-10T10:46:23Z,STR-E-PSU9-A,0.09 €/kWh
2026-10-10T10:46:23Z,STR-E-PZ9U-A,0.09 €/kWh
2026-10-10T10:46:23Z,STR-E-PZES-A,0.09 €/kWh
2026-10-10T10:46:23Z,STR-E-QEDL-A,0.09 €/kWh
2026-10-10T10:46:23Z,STR-E-QIQM-A,0.09 €/kWh
2026-10-10T10:46:23Z,STR-E-R0J8-A,0.09 €/kWh
2026-10-10T10:46:23Z,STR-E-R9GA-A,0.09 €/kWh
2026-10-10T10:46:23Z,STR-E-RJH9-A,0.09 €/kWh
2026-10-10T10:46:23Z,STR-E-RKWJ-A,0.09 €/kWh
2026-10-10T10:46:23Z,STR-E-S42D-A,0.09 €/kWh
2026-10-10T10:46:23Z,STR-E-SJKA-A,0.09 €/kWh
2026-10-10T10:46:23Z,STR-E-SY9Y-A,0.09 €/kWh
2026-10-10T10:46:23Z,STR-E-TO2O-A,0.09 €/kWh
2026-10-10T10:46:23Z,STR-E-U5TP-A,0.09 €/kWh
2026-10-10T10:46:23Z,STR-E-UY5H-A,0.09 €/kWh
2026-10-10T10:46:23Z,STR-E-V17G-A,0.09 €/kWh
2026-10-10T10:46:23Z,STR-E-V31J-A,0.09 €/kWh
2026-10-10T10:46:23Z,STR-E-V50T-A,0.09 €/kWh
2026-10-10T10:46:23Z,STR-E-V9SD-A,0.09 €/kWh
2026-10-10T10:46:23Z,STR-E-V9ZR-A,0.09 €/kWh
2026-10-10T10:46:23Z,STR-E-VBMP-A,0.09 €/kWh
2026-10-10T10:46:23Z,STR-E-VPDB-A,0.09 €/kWh
2026-10-10T10:46:23Z,STR-E-VT0G-A,0.09 €/kWh
2026-10-10T10:46:23Z,STR-E-VXGH-A,0.09 €/kWh
2026-10-10T10:46:23Z,STR-E-W1X4-A,0.09 €/kWh
2026-10-10T10:46:23Z,STR-E-WXV8-A,0.09 €/kWh
2026-10-10T10:46:23Z,STR-E-WZW9-A,0.09 €/kWh
2026-10-10T10:46:23Z,STR-E-X525-A,0.09 €/kWh
2026-10-10T10:46:23Z,STR-E-XFON-A,0.09 €/kWh
2026-10-10T10:46:23Z,STR-E-YC50-A,0.09 €/kWh
2026-10-10T10:46:23Z,STR-E-ZA6O-A,0.09 €/kWh
2026-10-10T11:01:10Z,IKR-E-1220-A,0.3 € + 0.17 €/kWh
2026-10-10T11:01:10Z,IKR-E-1871-A,0.3 € + 0.17 €/kWh
2026-10-10T11:01:10Z,IKR-E-2G8J-A,0.3 € + 0.17 €/kWh
2026-10-10T11:01:10Z,IKR-E-3TSR-A,0.3 € + 0.17 €/kWh
2026-10-10T11:01:10Z,IKR-E-5715-A,0.3 € + 0.17 €/kWh
2026-10-10T11:01:10Z,IKR-E-5730-A,0.3 € + 0.23 €/kWh
2026-10-10T11:01:10Z,IKR-E-5CGU-A,0.3 € + 0.17 €/kWh
2026-10-10T11:01:10Z,IKR-E-7718-A,0.3 € + 0.23 €/kWh
2026-10-10T11:01:10Z,IKR-E-DVCM-A,0.3 € + 0.17 €/kWh
2026-10-10T11:01:10Z,IKR-E-GAY9-A,0.3 € + 0.17 €/kWh
2026-10-10T11:01:10Z,IKR-E-IZW2-A,0.3 € + 0.17 €/kWh
2026-10-10T11:01:10Z,IKR-E-JJAJ-A,0.3 € + 0.17 €/kWh
2026-10-10T11:01:10Z,IKR-E-KMBH-A,0.3 € + 0.17 €/kWh
2026-10-10T11:01:10Z,IKR-E-LJZI-A,0.3 € + 0.17 €/kWh
2026-10-10T11:01:10Z,IKR-E-XIH2-A,0.3 € + 0.17 €/kWh
2026-10-10T11:01:10Z,IKR-E-Y2Z8-A,0.3 € + 0.16 €/kWh
2026-10-10T11:01:10Z,IKR-P-IV7E-B,0.3 € + 0.17 €/kWh
2026-10-10T11:01:10Z,STR-E-02VO-A,0.2 €/kWh
2026-10-10T11:01:10Z,STR-E-02VO-B,0.2 €/kWh
2026-10-10T11:01:10Z,STR-E-051F-A,0.08 € + 0.12 €/kWh
2026-10-10T11:01:10Z,STR-E-0698-A,0.08 €/kWh
2026-10-10T11:01:10Z,STR-E-0GEL-A,0.08 €/kWh
2026-10-10T11:01:10Z,STR-E-10G9-A,0.08 € + 0.12 €/kWh
2026-10-10T11:01:10Z,STR-E-10G9-B,0.08 € + 0.12 €/kWh
2026-10-10T11:01:10Z,STR-E-1162-A,0.08 €/kWh
2026-10-10T11:01:10Z,STR-E-11DT-A,0.08 €/kWh
2026-10-10T11:01:10Z,STR-E-1887-A,0.08 €/kWh
2026-10-10T11:01:10Z,STR-E-1927-A,0.08 €/kWh
2026-10-10T11:01:10Z,STR-E-1GOO-A,0.19 € + 0.27 €/kWh
2026-10-10T11:01:10Z,STR-E-1GOO-B,0.19 € + 0.27 €/kWh
2026-10-10T11:01:10Z,STR-E-1ME5-A,0.08 € + 0.12 €/kWh
2026-10-10T11:01:10Z,STR-E-1ME5-B,0.08 € + 0.12 €/kWh
2026-10-10T11:01:10Z,STR-E-1MJQ-A,0.08 €/kWh
2026-10-10T11:01:10Z,STR-E-2D12-A,0.08 €/kWh
2026-10-10T11:01:10Z,STR-E-2ED4-A,0.08 €/kWh
2026-10-10T11:01:10Z,STR-E-320G-A,0.08 €/kWh
2026-10-10T11:01:10Z,STR-E-3PZS-A,0.08 €/kWh
2026-10-10T11:01:10Z,STR-E-3TZI-A,0.08 €/kWh
2026-10-10T11:01:10Z,STR-E-3YH3-A,0.08 € + 0.12 €/kWh
2026-10-10T11:01:10Z,STR-E-3YH3-B,0.08 € + 0.12 €/kWh
2026-10-10T11:01:10Z,STR-E-491A-A,0.17 €/kWh
2026-10-10T11:01:10Z,STR-E-491A-B,0.17 €/kWh
2026-10-10T11:01:10Z,STR-E-491A-C,0.17 €/kWh
2026-10-10T11:01:10Z,STR-E-4DE6-A,0.17 €/kWh
2026-10-10T11:01:10Z,STR-E-4DE6-B,0.17 €/kWh
2026-10-10T11:01:10Z,STR-E-4LRS-A,0.08 €/kWh
2026-10-10T11:01:10Z,STR-E-4UGU-A,0.08 €/kWh
2026-10-10T11:01:10Z,STR-E-54PK-A,0.08 € + 0.12 €/kWh
2026-10-10T11:01:10Z,STR-E-54PK-B,0.08 € + 0.12 €/kWh
2026-10-10T11:01:10Z,STR-E-59TF-A,0.08 € + 0.12 €/kWh
2026-10-10T11:01:10Z,STR-E-5DWB-A,0.08 €/kWh
2026-10-10T11:01:10Z,STR-E-5TI5-A,0.08 €/kWh
2026-10-10T11:01:10Z,STR-E-69PN-A,0.08 €/kWh
2026-10-10T11:01:10Z,STR-E-6CNG-A,0.08 €/kWh
2026-10-10T11:01:10Z,STR-E-6SQH-A,0.08 €/kWh
2026-10-10T11:01:10Z,STR-E-7A48-A,0.08 € + 0.12 €/kWh
2026-10-10T11:01:10Z,STR-E-86C0-A,0.08 €/kWh
2026-10-10T11:01:10Z,STR-E-88SA-A,0.08 €/kWh
2026-10-10T11:01:10Z,STR-E-8M2O-A,0.08 €/kWh
2026-10-10T11:01:10Z,STR-E-8XL5-A,0.08 €/kWh
2026-10-10T11:01:10Z,STR-E-8Y23-A,0.08 €/kWh
2026-10-10T11:01:10Z,STR-E-9I2R-A,0.08 €/kWh
2026-10-10T11:01:10Z,STR-E-9TUZ-A,0.08 €/kWh
2026-10-10T11:01:10Z,STR-E-9WY2-A,0.08 €/kWh
2026-10-10T11:01:10Z,STR-E-A27N-A,0.2 €/kWh
2026-10-10T11:01:10Z,STR-E-A27N-B,0.2 €/kWh
2026-10-10T11:01:10Z,STR-E-A27N-C,0.2 €/kWh
2026-10-10T11:01:10Z,STR-E-A442-A,0.08 €/kWh
2026-10-10T11:01:10Z,STR-E-AABG-A,0.08 €/kWh
2026-10-10T11:01:10Z,STR-E-ACMT-A,0.08 €/kWh
2026-10-10T11:01:10Z,STR-E-AF2O-A,0.08 € + 0.12 €/kWh
2026-10-10T11:01:10Z,STR-E-AWF1-A,0.08 € + 0.12 €/kWh
2026-10-10T11:01:10Z,STR-E-AWF1-B,0.08 € + 0.12 €/kWh
2026-10-10T11:01:10Z,STR-E-AWJ9-A,0.2 €/kWh
2026-10-10T11:01:10Z,STR-E-AWJ9-B,0.2 €/kWh
2026-10-10T11:01:10Z,STR-E-B36V-A,0.19 € + 0.25 €/kWh
2026-10-10T11:01:10Z,STR-E-B36V-B,0.19 € + 0.25 €/kWh
2026-10-10T11:01:10Z,STR-E-BAZX-A,0.19 € + 0.25 €/kWh
2026-10-10T11:01:10Z,STR-E-BAZX-B,0.19 € + 0.25 €/kWh
2026-10-10T11:01:10Z,STR-E-BXA5-A,0.08 €/kWh
2026-10-10T11:01:10Z,STR-E-C91L-A,0.08 €/kWh
2026-10-10T11:01:10Z,STR-E-DBCC-A,0.08 € + 0.12 €/kWh
2026-10-10T11:01:10Z,STR-E-DBCC-B,0.08 € + 0.12 €/kWh
2026-10-10T11:01:10Z,STR-E-E7HH-A,0.08 €/kWh
2026-10-10T11:01:10Z,STR-E-EU1U-A,0.08 €/kWh
2026-10-10T11:01:10Z,STR-E-F2G0-A,0.08 € + 0.12 €/kWh
2026-10-10T11:01:10Z,STR-E-F2G0-B,0.08 € + 0.12 €/kWh
2026-10-10T11:01:10Z,STR-E-F4B3-A,0.08 €/kWh
2026-10-10T11:01:10Z,STR-E-F5LZ-A,0.08 €/kWh
2026-10-10T11:01:10Z,STR-E-FGMF-A,0.08 €/kWh
2026-10-10T11:01:10Z,STR-E-FK06-A,0.08 €/kWh
2026-10-10T11:01:10Z,STR-E-FUE8-A,0.08 € + 0.12 €/kWh
2026-10-10T11:01:10Z,STR-E-FUE8-B,0.08 € + 0.12 €/kWh
2026-10-10T11:01:10Z,STR-E-G4VM-A,0.08 €/kWh
2026-10-10T11:01:10Z,STR-E-G518-A,0.08 €/kWh
2026-10-10T11:01:10Z,STR-E-GB9A-A,0.08 €/kWh
2026-10-10T11:01:10Z,STR-E-GGV8-A,0.08 €/kWh
2026-10-10T11:01:10Z,STR-E-GHJA-A,0.08 €/kWh
2026-10-10T11:01:10Z,STR-E-GR5K-A,0.08 €/kWh
2026-10-10T11:01:10Z,STR-E-H6Q5-A,0.08 €/kWh
2026-10-10T11:01:10Z,STR-E-I4UZ-A,0.08 €/kWh
2026-10-10T11:01:10Z,STR-E-I5FH-A,0.08 €/kWh
2026-10-10T11:01:10Z,STR-E-I8C6-A,0.08 €/kWh
2026-10-10T11:01:10Z,STR-E-IA3X-A,0.08 €/kWh
2026-10-10T11:01:10Z,STR-E-IIKL-A,0.08 € + 0.12 €/kWh
2026-10-10T11:01:10Z,STR-E-IIKL-B,0.08 € + 0.12 €/kWh
2026-10-10T11:01:10Z,STR-E-JG90-A,0.09 €/kWh + 0.3 €
2026-10-10T11:01:10Z,STR-E-JG90-B,0.09 €/kWh + 0.3 €
2026-10-10T11:01:10Z,STR-E-JVO0-A,0.08 €/kWh
2026-10-10T11:01:10Z,STR-E-KBZL-A,0.08 €/kWh
2026-10-10T11:01:10Z,STR-E-KUKS-A,0.08 € + 0.12 €/kWh
2026-10-10T11:01:10Z,STR-E-KUKS-B,0.08 € + 0.12 €/kWh
2026-10-10T11:01:10Z,STR-E-L84D-A,0.08 €/kWh
2026-10-10T11:01:10Z,STR-E-LISV-A,0.08 €/kWh
2026-10-10T11:01:10Z,STR-E-LKFQ-A,0.08 €/kWh
2026-10-10T11:01:10Z,STR-E-M1IB-A,0.08 €/kWh
2026-10-10T11:01:10Z,STR-E-M8WL-A,0.08 €/kWh
2026-10-10T11:01:10Z,STR-E-M9W7-A,0.08 €/kWh
2026-10-10T11:01:10Z,STR-E-MIP3-A,0.17 €/kWh
2026-10-10T11:01:10Z,STR-E-MIP3-B,0.17 €/kWh
2026-10-10T11:01:10Z,STR-E-MSEN-A,0.08 €/kWh
2026-10-10T11:01:10Z,STR-E-MSUL-A,0.08 €/kWh
2026-10-10T11:01:10Z,STR-E-N6P5-A,0.08 €/kWh
2026-10-10T11:01:10Z,STR-E-NCKT-A,0.08 € + 0.12 €/kWh
2026-10-10T11:01:10Z,STR-E-NCKT-B,0.08 € + 0.12 €/kWh
2026-10-10T11:01:10Z,STR-E-NNGC-A,0.08 €/kWh
2026-10-10T11:01:10Z,STR-E-O0VK-A,0.08 €/kWh
2026-10-10T11:01:10Z,STR-E-O5YW-A,0.08 € + 0.12 €/kWh
2026-10-10T11:01:10Z,STR-E-O5YW-B,0.08 € + 0.12 €/kWh
2026-10-10T11:01:10Z,STR-E-OG1X-A,0.08 €/kWh
2026-10-10T11:01:10Z,STR-E-OQKZ-A,0.08 €/kWh
2026-10-10T11:01:10Z,STR-E-P7AF-A,0.08 € + 0.12 €/kWh
2026-10-10T11:01:10Z,STR-E-P7AF-B,0.08 € + 0.12 €/kWh
2026-10-10T11:01:10Z,STR-E-PC04-A,0.08 €/kWh
2026-10-10T11:01:10Z,STR-E-PDR2-A,0.08 €/kWh
2026-10-10T11:01:10Z,STR-E-PJCQ-A,0.08 € + 0.12 €/kWh
2026-10-10T11:01:10Z,STR-E-PJCQ-B,0.08 € + 0.12 €/kWh
2026-10-10T11:01:10Z,STR-E-PRUQ-A,0.08 €/kWh
2026-10-10T11:01:10Z,STR-E-PSU9-A,0.08 €/kWh
2026-10-10T11:01:10Z,STR-E-PZ9U-A,0.08 €/kWh
2026-10-10T11:01:10Z,STR-E-PZES-A,0.08 €/kWh
2026-10-10T11:01:10Z,STR-E-QE1X-A,0.08 € + 0.12 €/kWh
2026-10-10T11:01:10Z,STR-E-QE1X-B,0.08 € + 0.12 €/kWh
2026-10-10T11:01:10Z,STR-E-QEDL-A,0.08 €/kWh
2026-10-10T11:01:10Z,STR-E-QIQM-A,0.08 €/kWh
2026-10-10T11:01:10Z,STR-E-QLC9-A,0.17 €/kWh
2026-10-10T11:01:10Z,STR-E-QLC9-B,0.17 €/kWh
2026-10-10T11:01:10Z,STR-E-R0J8-A,0.08 €/kWh
2026-10-10T11:01:10Z,STR-E-R9GA-A,0.08 €/kWh
2026-10-10T11:01:10Z,STR-E-RJH9-A,0.08 €/kWh
2026-10-10T11:01:10Z,STR-E-RKWJ-A,0.08 €/kWh
2026-10-10T11:01:10Z,STR-E-S42D-A,0.08 €/kWh
2026-10-10T11:01:10Z,STR-E-SJKA-A,0.08 €/kWh
2026-10-10T11:01:10Z,STR-E-SQX8-A,0.08 € + 0.12 €/kWh
2026-10-10T11:01:10Z,STR-E-SQX8-B,0.08 € + 0.12 €/kWh
2026-10-10T11:01:10Z,STR-E-SY9Y-A,0.08 €/kWh
2026-10-10T11:01:10Z,STR-E-TO2O-A,0.08 €/kWh
2026-10-10T11:01:10Z,STR-E-TX67-A,0.2 €/kWh
2026-10-10T11:01:10Z,STR-E-TX67-B,0.2 €/kWh
2026-10-10T11:01:10Z,STR-E-U5TP-A,0.08 €/kWh
2026-10-10T11:01:10Z,STR-E-UPAQ-A,0.17 €/kWh
2026-10-10T11:01:10Z,STR-E-UPAQ-B,0.17 €/kWh
2026-10-10T11:01:10Z,STR-E-UPOS-A,0.08 € + 0.12 €/kWh
2026-10-10T11:01:10Z,STR-E-UPOS-B,0.08 € + 0.12 €/kWh
2026-10-10T11:01:10Z,STR-E-UY5H-A,0.08 €/kWh
2026-10-10T11:01:10Z,STR-E-V17G-A,0.08 €/kWh
2026-10-10T11:01:10Z,STR-E-V31J-A,0.08 €/kWh
2026-10-10T11:01:10Z,STR-E-V50T-A,0.08 €/kWh
2026-10-10T11:01:10Z,STR-E-V9SD-A,0.08 €/kWh
2026-10-10T11:01:10Z,STR-E-V9ZR-A,0.08 €/kWh
2026-10-10T11:01:10Z,STR-E-VBMP-A,0.08 €/kWh
2026-10-10T11:01:10Z,STR-E-VPDB-A,0.08 €/kWh
2026-10-10T11:01:10Z,STR-E-VSDJ-A,0.2 €/kWh
2026-10-10T11:01:10Z,STR-E-VSDJ-B,0.2 €/kWh
2026-10-10T11:01:10Z,STR-E-VT0G-A,0.08 €/kWh
2026-10-10T11:01:10Z,STR-E-VXGH-A,0.08 €/kWh
2026-10-10T11:01:10Z,STR-E-W1X4-A,0.08 €/kWh
2026-10-10T11:01:10Z,STR-E-WXV8-A,0.08 €/kWh
2026-10-10T11:01:10Z,STR-E-WZW9-A,0.08 €/kWh
2026-10-10T11:01:10Z,STR-E-X525-A,0.08 €/kWh
2026-10-10T11:01:10Z,STR-E-XCMJ-A,0.08 € + 0.12 €/kWh
2026-10-10T11:01:10Z,STR-E-XCMJ-B,0.08 € + 0.12 €/kWh
2026-10-10T11:01:10Z,STR-E-XFON-A,0.08 €/kWh
2026-10-10T11:01:10Z,STR-E-XG69-A,0.08 € + 0.12 €/kWh
2026-10-10T11:01:10Z,STR-E-XG69-B,0.08 € + 0.12 €/kWh
2026-10-10T11:01:10Z,STR-E-YC50-A,0.08 €/kWh
2026-10-10T11:01:10Z,STR-E-Z2PJ-A,0.08 € + 0.12 €/kWh
2026-10-10T11:01:10Z,STR-E-Z2PJ-B,0.08 € + 0.12 €/kWh
2026-10-10T11:01:10Z,STR-E-ZA6O-A,0.08 €/kWh
2026-10-10T11:01:10Z,STR-E-ZWU5-A,0.08 € + 0.12 €/kWh
2026-10-10T11:01:10Z,STR-E-ZWU5-B,0.08 € + 0.12 €/kWh
2026-10-10T11:16:23Z,IKR-E-Y2Z8-A,0.3 € + 0.17 €/kWh
2026-10-10T11:16:23Z,STR-E-BAZX-C,0.2 € + 0.21 €/kWh + 0.6 €/val.
2026-10-10T11:30:56Z,STR-E-02VO-A,0.21 €/kWh
2026-10-10T11:30:56Z,STR-E-02VO-B,0.21 €/kWh
2026-10-10T11:30:56Z,STR-E-051F-A,0.08 € + 0.13 €/kWh
2026-10-10T11:30:56Z,STR-E-10G9-A,0.08 € + 0.13 €/kWh
2026-10-10T11:30:56Z,STR-E-10G9-B,0.08 € + 0.13 €/kWh
2026-10-10T11:30:56Z,STR-E-1ME5-A,0.08 € + 0.13 €/kWh
2026-10-10T11:30:56Z,STR-E-1ME5-B,0.08 € + 0.13 €/kWh
2026-10-10T11:30:56Z,STR-E-3YH3-A,0.08 € + 0.13 €/kWh
2026-10-10T11:30:56Z,STR-E-3YH3-B,0.08 € + 0.13 €/kWh
2026-10-10T11:30:56Z,STR-E-491A-A,0.18 €/kWh
2026-10-10T11:30:56Z,STR-E-491A-B,0.18 €/kWh
2026-10-10T11:30:56Z,STR-E-491A-C,0.18 €/kWh
2026-10-10T11:30:56Z,STR-E-4DE6-A,0.18 €/kWh
2026-10-10T11:30:56Z,STR-E-4DE6-B,0.18 €/kWh
2026-10-10T11:30:56Z,STR-E-54PK-A,0.08 € + 0.13 €/kWh
2026-10-10T11:30:56Z,STR-E-54PK-B,0.08 € + 0.13 €/kWh
2026-10-10T11:30:56Z,STR-E-59TF-A,0.08 € + 0.13 €/kWh
2026-10-10T11:30:56Z,STR-E-7A48-A,0.08 € + 0.13 €/kWh
2026-10-10T11:30:56Z,STR-E-A27N-A,0.21 €/kWh
2026-10-10T11:30:56Z,STR-E-A27N-B,0.21 €/kWh
2026-10-10T11:30:56Z,STR-E-A27N-C,0.21 €/kWh
2026-10-10T11:30:56Z,STR-E-AF2O-A,0.08 € + 0.13 €/kWh
2026-10-10T11:30:56Z,STR-E-AWF1-A,0.08 € + 0.13 €/kWh
2026-10-10T11:30:56Z,STR-E-AWF1-B,0.08 € + 0.13 €/kWh
2026-10-10T11:30:56Z,STR-E-AWJ9-A,0.21 €/kWh
2026-10-10T11:30:56Z,STR-E-AWJ9-B,0.21 €/kWh
2026-10-10T11:30:56Z,STR-E-B36V-A,0.19 € + 0.26 €/kWh
2026-10-10T11:30:56Z,STR-E-B36V-B,0.19 € + 0.26 €/kWh
2026-10-10T11:30:56Z,STR-E-DBCC-A,0.08 € + 0.13 €/kWh
2026-10-10T11:30:56Z,STR-E-DBCC-B,0.08 € + 0.13 €/kWh
2026-10-10T11:30:56Z,STR-E-F2G0-A,0.08 € + 0.13 €/kWh
2026-10-10T11:30:56Z,STR-E-F2G0-B,0.08 € + 0.13 €/kWh
2026-10-10T11:30:56Z,STR-E-FUE8-A,0.08 € + 0.13 €/kWh
2026-10-10T11:30:56Z,STR-E-FUE8-B,0.08 € + 0.13 €/kWh
2026-10-10T11:30:56Z,STR-E-IIKL-A,0.08 € + 0.13 €/kWh
2026-10-10T11:30:56Z,STR-E-IIKL-B,0.08 € + 0.13 €/kWh
2026-10-10T11:30:56Z,STR-E-JG90-A,0.1 €/kWh + 0.3 €
2026-10-10T11:30:56Z,STR-E-JG90-B,0.1 €/kWh + 0.3 €
2026-10-10T11:30:56Z,STR-E-KUKS-A,0.08 € + 0.13 €/kWh
2026-10-10T11:30:56Z,STR-E-KUKS-B,0.08 € + 0.13 €/kWh
2026-10-10T11:30:56Z,STR-E-MIP3-A,0.18 €/kWh
2026-10-10T11:30:56Z,STR-E-MIP3-B,0.18 €/kWh
2026-10-10T11:30:56Z,STR-E-NCKT-A,0.08 € + 0.13 €/kWh
2026-10-10T11:30:56Z,STR-E-NCKT-B,0.08 € + 0.13 €/kWh
2026-10-10T11:30:56Z,STR-E-O5YW-A,0.08 € + 0.13 €/kWh
2026-10-10T11:30:56Z,STR-E-O5YW-B,0.08 € + 0.13 €/kWh
2026-10-10T11:30:56Z,STR-E-P7AF-A,0.08 € + 0.13 €/kWh
2026-10-10T11:30:56Z,STR-E-P7AF-B,0.08 € + 0.13 €/kWh
2026-10-10T11:30:56Z,STR-E-PJCQ-A,0.08 € + 0.13 €/kWh
2026-10-10T11:30:56Z,STR-E-PJCQ-B,0.08 € + 0.13 €/kWh
2026-10-10T11:30:56Z,STR-E-QE1X-A,0.08 € + 0.13 €/kWh
2026-10-10T11:30:56Z,STR-E-QE1X-B,0.08 € + 0.13 €/kWh
2026-10-10T11:30:56Z,STR-E-QLC9-A,0.18 €/kWh
2026-10-10T11:30:56Z,STR-E-QLC9-B,0.18 €/kWh
2026-10-10T11:30:56Z,STR-E-SQX8-A,0.08 € + 0.13 €/kWh
2026-10-10T11:30:56Z,STR-E-SQX8-B,0.08 € + 0.13 €/kWh
2026-10-10T11:30:56Z,STR-E-TX67-A,0.21 €/kWh
2026-10-10T11:30:56Z,STR-E-TX67-B,0.21 €/kWh
2026-10-10T11:30:56Z,STR-E-UPAQ-A,0.18 €/kWh
2026-10-10T11:30:56Z,STR-E-UPAQ-B,0.18 €/kWh
2026-10-10T11:30:56Z,STR-E-UPOS-A,0.08 € + 0.13 €/kWh
2026-10-10T11:30:56Z,STR-E-UPOS-B,0.08 € + 0.13 €/kWh
2026-10-10T11:30:56Z,STR-E-VSDJ-A,0.21 €/kWh
2026-10-10T11:30:56Z,STR-E-VSDJ-B,0.21 €/kWh
2026-10-10T11:30:56Z,STR-E-XCMJ-A,0.08 € + 0.13 €/kWh
2026-10-10T11:30:56Z,STR-E-XCMJ-B,0.08 € + 0.13 €/kWh
2026-10-10T11:30:56Z,STR-E-XG69-A,0.08 € + 0.13 €/kWh
2026-10-10T11:30:56Z,STR-E-XG69-B,0.08 € + 0.13 €/kWh
2026-10-10T11:30:56Z,STR-E-Z2PJ-A,0.08 € + 0.13 €/kWh
2026-10-10T11:30:56Z,STR-E-Z2PJ-B,0.08 € + 0.13 €/kWh
2026-10-10T11:30:56Z,STR-E-ZWU5-A,0.08 € + 0.13 €/kWh
2026-10-10T11:30:56Z,STR-E-ZWU5-B,0.08 € + 0.13 €/kWh
2026-10-10T11:46:23Z,STR-E-0698-A,0.09 €/kWh
2026-10-10T11:46:23Z,STR-E-0GEL-A,0.09 €/kWh
2026-10-10T11:46:23Z,STR-E-1162-A,0.09 €/kWh
2026-10-10T11:46:23Z,STR-E-11DT-A,0.09 €/kWh
2026-10-10T11:46:23Z,STR-E-1887-A,0.09 €/kWh
2026-10-10T11:46:23Z,STR-E-1927-A,0.09 €/kWh
2026-10-10T11:46:23Z,STR-E-1MJQ-A,0.09 €/kWh
2026-10-10T11:46:23Z,STR-E-2D12-A,0.09 €/kWh
2026-10-10T11:46:23Z,STR-E-2ED4-A,0.09 €/kWh
2026-10-10T11:46:23Z,STR-E-320G-A,0.09 €/kWh
2026-10-10T11:46:23Z,STR-E-3PZS-A,0.09 €/kWh
2026-10-10T11:46:23Z,STR-E-3TZI-A,0.09 €/kWh
2026-10-10T11:46:23Z,STR-E-4LRS-A,0.09 €/kWh
2026-10-10T11:46:23Z,STR-E-4UGU-A,0.09 €/kWh
2026-10-10T11:46:23Z,STR-E-5DWB-A,0.09 €/kWh
2026-10-10T11:46:23Z,STR-E-5TI5-A,0.09 €/kWh
2026-10-10T11:46:23Z,STR-E-69PN-A,0.09 €/kWh
2026-10-10T11:46:23Z,STR-E-6CNG-A,0.09 €/kWh
2026-10-10T11:46:23Z,STR-E-6SQH-A,0.09 €/kWh
2026-10-10T11:46:23Z,STR-E-86C0-A,0.09 €/kWh
2026-10-10T11:46:23Z,STR-E-88SA-A,0.09 €/kWh
2026-10-10T11:46:23Z,STR-E-8M2O-A,0.09 €/kWh
2026-10-10T11:46:23Z,STR-E-8XL5-A,0.09 €/kWh
2026-10-10T11:46:23Z,STR-E-8Y23-A,0.09 €/kWh
2026-10-10T11:46:23Z,STR-E-9I2R-A,0.09 €/kWh
2026-10-10T11:46:23Z,STR-E-9TUZ-A,0.09 €/kWh
2026-10-10T11:46:23Z,STR-E-9WY2-A,0.09 €/kWh
2026-10-10T11:46:23Z,STR-E-A442-A,0.09 €/kWh
2026-10-10T11:46:23Z,STR-E-AABG-A,0.09 €/kWh
2026-10-10T11:46:23Z,STR-E-ACMT-A,0.09 €/kWh
2026-10-10T11:46:23Z,STR-E-BXA5-A,0.09 €/kWh
2026-10-10T11:46:23Z,STR-E-C91L-A,0.09 €/kWh
2026-10-10T11:46:23Z,STR-E-E7HH-A,0.09 €/kWh
2026-10-10T11:46:23Z,STR-E-EU1U-A,0.09 €/kWh
2026-10-10T11:46:23Z,STR-E-F4B3-A,0.09 €/kWh
2026-10-10T11:46:23Z,STR-E-F5LZ-A,0.09 €/kWh
2026-10-10T11:46:23Z,STR-E-FGMF-A,0.09 €/kWh
2026-10-10T11:46:23Z,STR-E-FK06-A,0.09 €/kWh
2026-10-10T11:46:23Z,STR-E-G4VM-A,0.09 €/kWh
2026-10-10T11:46:23Z,STR-E-G518-A,0.09 €/kWh
2026-10-10T11:46:23Z,STR-E-GB9A-A,0.09 €/kWh
2026-10-10T11:46:23Z,STR-E-GGV8-A,0.09 €/kWh
2026-10-10T11:46:23Z,STR-E-GHJA-A,0.09 €/kWh
2026-10-10T11:46:23Z,STR-E-GR5K-A,0.09 €/kWh
2026-10-10T11:46:23Z,STR-E-H6Q5-A,0.09 €/kWh
2026-10-10T11:46:23Z,STR-E-I4UZ-A,0.09 €/kWh
2026-10-10T11:46:23Z,STR-E-I5FH-A,0.09 €/kWh
2026-10-10T11:46:23Z,STR-E-I8C6-A,0.09 €/kWh
2026-10-10T11:46:23Z,STR-E-IA3X-A,0.09 €/kWh
2026-10-10T11:46:23Z,STR-E-JVO0-A,0.09 €/kWh
2026-10-10T11:46:23Z,STR-E-KBZL-A,0.09 €/kWh
2026-10-10T11:46:23Z,STR-E-L84D-A,0.09 €/kWh
2026-10-10T11:46:23Z,STR-E-LISV-A,0.09 €/kWh
2026-10-10T11:46:23Z,STR-E-LKFQ-A,0.09 €/kWh
2026-10-10T11:46:23Z,STR-E-M1IB-A,0.09 €/kWh
2026-10-10T11:46:23Z,STR-E-M8WL-A,0.09 €/kWh
2026-10-10T11:46:23Z,STR-E-M9W7-A,0.09 €/kWh
2026-10-10T11:46:23Z,STR-E-MSEN-A,0.09 €/kWh
2026-10-10T11:46:23Z,STR-E-MSUL-A,0.09 €/kWh
2026-10-10T11:46:23Z,STR-E-N6P5-A,0.09 €/kWh
2026-10-10T11:46:23Z,STR-E-NNGC-A,0.09 €/kWh
2026-10-10T11:46:23Z,STR-E-O0VK-A,0.09 €/kWh
2026-10-10T11:46:23Z,STR-E-OG1X-A,0.09 €/kWh
2026-10-10T11:46:23Z,STR-E-OQKZ-A,0.09 €/kWh
2026-10-10T11:46:23Z,STR-E-PC04-A,0.09 €/kWh
2026-10-10T11:46:23Z,STR-E-PDR2-A,0.09 €/kWh
2026-10-10T11:46:23Z,STR-E-PRUQ-A,0.09 €/kWh
2026-10-10T11:46:23Z,STR-E-PSU9-A,0.09 €/kWh
2026-10-10T11:46:23Z,STR-E-PZ9U-A,0.09 €/kWh
2026-10-10T11:46:23Z,STR-E-PZES-A,0.09 €/kWh
2026-10-10T11:46:23Z,STR-E-QEDL-A,0.09 €/kWh
2026-10-10T11:46:23Z,STR-E-QIQM-A,0.09 €/kWh
2026-10-10T11:46:23Z,STR-E-R0J8-A,0.09 €/kWh
2026-10-10T11:46:23Z,STR-E-R9GA-A,0.09 €/kWh
2026-10-10T11:46:23Z,STR-E-RJH9-A,0.09 €/kWh
2026-10-10T11:46:23Z,STR-E-RKWJ-A,0.09 €/kWh
2026-10-10T11:46:23Z,STR-E-S42D-A,0.09 €/kWh
2026-10-10T11:46:23Z,STR-E-SJKA-A,0.09 €/kWh
2026-10-10T11:46:23Z,STR-E-SY9Y-A,0.09 €/kWh
2026-10-10T11:46:23Z,STR-E-TO2O-A,0.09 €/kWh
2026-10-10T11:46:23Z,STR-E-U5TP-A,0.09 €/kWh
2026-10-10T11:46:23Z,STR-E-UY5H-A,0.09 €/kWh
2026-10-10T11:46:23Z,STR-E-V17G-A,0.09 €/kWh
2026-10-10T11:46:23Z,STR-E-V31J-A,0.09 €/kWh
2026-10-10T11:46:23Z,STR-E-V50T-A,0.09 €/kWh
2026-10-10T11:46:23Z,STR-E-V9SD-A,0.09 €/kWh
2026-10-10T11:46:23Z,STR-E-V9ZR-A,0.09 €/kWh
2026-10-10T11:46:23Z,STR-E-VBMP-A,0.09 €/kWh
2026-10-10T11:46:23Z,STR-E-VPDB-A,0.09 €/kWh
2026-10-10T11:46:23Z,STR-E-VT0G-A,0.09 €/kWh
2026-10-10T11:46:23Z,STR-E-VXGH-A,0.09 €/kWh
2026-10-10T11:46:23Z,STR-E-W1X4-A,0.09 €/kWh
2026-10-10T11:46:23Z,STR-E-WXV8-A,0.09 €/kWh
2026-10-10T11:46:23Z,STR-E-WZW9-A,0.09 €/kWh
2026-10-10T11:46:23Z,STR-E-X525-A,0.09 €/kWh
2026-10-10T11:46:23Z,STR-E-XFON-A,0.09 €/kWh
2026-10-10T11:46:23Z,STR-E-YC50-A,0.09 €/kWh
2026-10-10T11:46:23Z,STR-E-ZA6O-A,0.09 €/kWh
2026-10-10T12:01:10Z,STR-E-02VO-A,0.2 €/kWh
2026-10-10T12:01:10Z,STR-E-02VO-B,0.2 €/kWh
2026-10-10T12:01:10Z,STR-E-051F-A,0.08 € + 0.12 €/kWh
2026-10-10T12:01:10Z,STR-E-0698-A,0.08 €/kWh
2026-10-10T12:01:10Z,STR-E-0GEL-A,0.08 €/kWh
2026-10-10T12:01:10Z,STR-E-10G9-A,0.08 € + 0.12 €/kWh
2026-10-10T12:01:10Z,STR-E-10G9-B,0.08 € + 0.12 €/kWh
2026-10-10T12:01:10Z,STR-E-1162-A,0.08 €/kWh
2026-10-10T12:01:10Z,STR-E-11DT-A,0.08 €/kWh
2026-10-10T12:01:10Z,STR-E-1887-A,0.08 €/kWh
2026-10-10T12:01:10Z,STR-E-1927-A,0.08 €/kWh
2026-10-10T12:01:10Z,STR-E-1ME5-A,0.08 € + 0.12 €/kWh
2026-10-10T12:01:10Z,STR-E-1ME5-B,0.08 € + 0.12 €/kWh
2026-10-10T12:01:10Z,STR-E-1MJQ-A,0.08 €/kWh
2026-10-10T12:01:10Z,STR-E-2D12-A,0.08 €/kWh
2026-10-10T12:01:10Z,STR-E-2ED4-A,0.08 €/kWh
2026-10-10T12:01:10Z,STR-E-320G-A,0.08 €/kWh
2026-10-10T12:01:10Z,STR-E-3PZS-A,0.08 €/kWh
2026-10-10T12:01:10Z,STR-E-3TZI-A,0.08 €/kWh
2026-10-10T12:01:10Z,STR-E-3YH3-A,0.08 € + 0.12 €/kWh
2026-10-10T12:01:10Z,STR-E-3YH3-B,0.08 € + 0.12 €/kWh
2026-10-10T12:01:10Z,STR-E-4LRS-A,0.08 €/kWh
2026-10-10T12:01:10Z,STR-E-4UGU-A,0.08 €/kWh
2026-10-10T12:01:10Z,STR-E-54PK-A,0.08 € + 0.12 €/kWh
2026-10-10T12:01:10Z,STR-E-54PK-B,0.08 € + 0.12 €/kWh
2026-10-10T12:01:10Z,STR-E-59TF-A,0.08 € + 0.12 €/kWh
2026-10-10T12:01:10Z,STR-E-5DWB-A,0.08 €/kWh
2026-10-10T12:01:10Z,STR-E-5TI5-A,0.08 €/kWh
2026-10-10T12:01:10Z,STR-E-69PN-A,0.08 €/kWh
2026-10-10T12:01:10Z,STR-E-6CNG-A,0.08 €/kWh
2026-10-10T12:01:10Z,STR-E-6SQH-A,0.08 €/kWh
2026-10-10T12:01:10Z,STR-E-7A48-A,0.08 € + 0.12 €/kWh
2026-10-10T12:01:10Z,STR-E-86C0-A,0.08 €/kWh
2026-10-10T12:01:10Z,STR-E-88SA-A,0.08 €/kWh
2026-10-10T12:01:10Z,STR-E-8M2O-A,0.08 €/kWh
2026-10-10T12:01:10Z,STR-E-8XL5-A,0.08 €/kWh
2026-10-10T12:01:10Z,STR-E-8Y23-A,0.08 €/kWh
2026-10-10T12:01:10Z,STR-E-9I2R-A,0.08 €/kWh
2026-10-10T12:01:10Z,STR-E-9TUZ-A,0.08 €/kWh
2026-10-10T12:01:10Z,STR-E-9WY2-A,0.08 €/kWh
2026-10-10T12:01:10Z,STR-E-A27N-A,0.2 €/kWh
2026-10-10T12:01:10Z,STR-E-A27N-B,0.2 €/kWh
2026-10-10T12:01:10Z,STR-E-A27N-C,0.2 €/kWh
2026-10-10T12:01:10Z,STR-E-A442-A,0.08 €/kWh
2026-10-10T12:01:10Z,STR-E-AABG-A,0.08 €/kWh
2026-10-10T12:01:10Z,STR-E-ACMT-A,0.08 €/kWh
2026-10-10T12:01:10Z,STR-E-AF2O-A,0.08 € + 0.12 €/kWh
2026-10-10T12:01:10Z,STR-E-AWF1-A,0.08 € + 0.12 €/kWh
2026-10-10T12:01:10Z,STR-E-AWF1-B,0.08 € + 0.12 €/kWh
2026-10-10T12:01:10Z,STR-E-AWJ9-A,0.2 €/kWh
2026-10-10T12:01:10Z,STR-E-AWJ9-B,0.2 €/kWh
2026-10-10T12:01:10Z,STR-E-B36V-A,0.19 € + 0.25 €/kWh
2026-10-10T12:01:10Z,STR-E-B36V-B,0.19 € + 0.25 €/kWh
2026-10-10T12:01:10Z,STR-E-BXA5-A,0.08 €/kWh
2026-10-10T12:01:10Z,STR-E-C91L-A,0.08 €/kWh
2026-10-10T12:01:10Z,STR-E-DBCC-A,0.08 € + 0.12 €/kWh
2026-10-10T12:01:10Z,STR-E-DBCC-B,0.08 € + 0.12 €/kWh
2026-10-10T12:01:10Z,STR-E-E7HH-A,0.08 €/kWh
2026-10-10T12:01:10Z,STR-E-EU1U-A,0.08 €/kWh
2026-10-10T12:01:10Z,STR-E-F2G0-A,0.08 € + 0.12 €/kWh
2026-10-10T12:01:10Z,STR-E-F2G0-B,0.08 € + 0.12 €/kWh
2026-10-10T12:01:10Z,STR-E-F4B3-A,0.08 €/kWh
2026-10-10T12:01:10Z,STR-E-F5LZ-A,0.08 €/kWh
2026-10-10T12:01:10Z,STR-E-FGMF-A,0.08 €/kWh
2026-10-10T12:01:10Z,STR-E-FK06-A,0.08 €/kWh
2026-10-10T12:01:10Z,STR-E-FUE8-A,0.08 € + 0.12 €/kWh
2026-10-10T12:01:10Z,STR-E-FUE8-B,0.08 € + 0.12 €/kWh
2026-10-10T12:01:10Z,STR-E-G4VM-A,0.08 €/kWh
2026-10-10T12:01:10Z,STR-E-G518-A,0.08 €/kWh
2026-10-10T12:01:10Z,STR-E-GB9A-A,0.08 €/kWh
2026-10-10T12:01:10Z,STR-E-GGV8-A,0.08 €/kWh
2026-10-10T12:01:10Z,STR-E-GHJA-A,0.08 €/kWh
2026-10-10T12:01:10Z,STR-E-GR5K-A,0.08 €/kWh
2026-10-10T12:01:10Z,STR-E-H6Q5-A,0.08 €/kWh
2026-10-10T12:01:10Z,STR-E-I4UZ-A,0.08 €/kWh
2026-10-10T12:01:10Z,STR-E-I5FH-A,0.08 €/kWh
2026-10-10T12:01:10Z,STR-E-I8C6-A,0.08 €/kWh
2026-10-10T12:01:10Z,STR-E-IA3X-A,0.08 €/kWh
2026-10-10T12:01:10Z,STR-E-IIKL-A,0.08 € + 0.12 €/kWh
2026-10-10T12:01:10Z,STR-E-IIKL-B,0.08 € + 0.12 €/kWh
2026-10-10T12:01:10Z,STR-E-JG90-A,0.09 €/kWh + 0.3 €
2026-10-10T12:01:10Z,STR-E-JG90-B,0.09 €/kWh + 0.3 €
2026-10-10T12:01:10Z,STR-E-JVO0-A,0.08 €/kWh
2026-10-10T12:01:10Z,STR-E-KBZL-A,0.08 €/kWh
2026-10-10T12:01:10Z,STR-E-KUKS-A,0.08 € + 0.12 €/kWh
2026-10-10T12:01:10Z,STR-E-KUKS-B,0.08 € + 0.12 €/kWh
2026-10-10T12:01:10Z,STR-E-L84D-A,0.08 €/kWh
2026-10-10T12:01:10Z,STR-E-LISV-A,0.08 €/kWh
2026-10-10T12:01:10Z,STR-E-LKFQ-A,0.08 €/kWh
2026-10-10T12:01:10Z,STR-E-M1IB-A,0.08 €/kWh
2026-10-10T12:01:10Z,STR-E-M8WL-A,0.08 €/kWh
2026-10-10T12:01:10Z,STR-E-M9W7-A,0.08 €/kWh
2026-10-10T12:01:10Z,STR-E-MSEN-A,0.08 €/kWh
2026-10-10T12:01:10Z,STR-E-MSUL-A,0.08 €/kWh
2026-10-10T12:01:10Z,STR-E-N6P5-A,0.08 €/kWh
2026-10-10T12:01:10Z,STR-E-NCKT-A,0.08 € + 0.12 €/kWh
2026-10-10T12:01:10Z,STR-E-NCKT-B,0.08 € + 0.12 €/kWh
2026-10-10T12:01:10Z,STR-E-NNGC-A,0.08 €/kWh
2026-10-10T12:01:10Z,STR-E-O0VK-A,0.08 €/kWh
2026-10-10T12:01:10Z,STR-E-O5YW-A,0.08 € + 0.12 €/kWh
2026-10-10T12:01:10Z,STR-E-O5YW-B,0.08 € + 0.12 €/kWh
2026-10-10T12:01:10Z,STR-E-OG1X-A,0.08 €/kWh
2026-10-10T12:01:10Z,STR-E-OQKZ-A,0.08 €/kWh
2026-10-10T12:01:10Z,STR-E-P7AF-A,0.08 € + 0.12 €/kWh
2026-10-10T12:01:10Z,STR-E-P7AF-B,0.08 € + 0.12 €/kWh
2026-10-10T12:01:10Z,STR-E-PC04-A,0.08 €/kWh
2026-10-10T12:01:10Z,STR-E-PDR2-A,0.08 €/kWh
2026-10-10T12:01:10Z,STR-E-PJCQ-A,0.08 € + 0.12 €/kWh
2026-10-10T12:01:10Z,STR-E-PJCQ-B,0.08 € + 0.12 €/kWh
2026-10-10T12:01:10Z,STR-E-PRUQ-A,0.08 €/kWh
2026-10-10T12:01:10Z,STR-E-PSU9-A,0.08 €/kWh
2026-10-10T12:01:10Z,STR-E-PZ9U-A,0.08 €/kWh
2026-10-10T12:01:10Z,STR-E-PZES-A,0.08 €/kWh
2026-10-10T12:01:10Z,STR-E-QE1X-A,0.08 € + 0.12 €/kWh
2026-10-10T12:01:10Z,STR-E-QE1X-B,0.08 € + 0.12 €/kWh
2026-10-10T12:01:10Z,STR-E-QEDL-A,0.08 €/kWh
2026-10-10T12:01:10Z,STR-E-QIQM-A,0.08 €/kWh
2026-10-10T12:01:10Z,STR-E-R0J8-A,0.08 €/kWh
2026-10-10T12:01:10Z,STR-E-R9GA-A,0.08 €/kWh
2026-10-10T12:01:10Z,STR-E-RJH9-A,0.08 €/kWh
2026-10-10T12:01:10Z,STR-E-RKWJ-A,0.08 €/kWh
2026-10-10T12:01:10Z,STR-E-S42D-A,0.08 €/kWh
2026-10-10T12:01:10Z,STR-E-SJKA-A,0.08 €/kWh
2026-10-10T12:01:10Z,STR-E-SQX8-A,0.08 € + 0.12 €/kWh
2026-10-10T12:01:10Z,STR-E-SQX8-B,0.08 € + 0.12 €/kWh
2026-10-10T12:01:10Z,STR-E-SY9Y-A,0.08 €/kWh
2026-10-10T12:01:10Z,STR-E-TO2O-A,0.08 €/kWh
2026-10-10T12:01:10Z,STR-E-TX67-A,0.2 €/kWh
2026-10-10T12:01:10Z,STR-E-TX67-B,0.2 €/kWh
2026-10-10T12:01:10Z,STR-E-U5TP-A,0.08 €/kWh
2026-10-10T12:01:10Z,STR-E-UPOS-A,0.08 € + 0.12 €/kWh
2026-10-10T12:01:10Z,STR-E-UPOS-B,0.08 € + 0.12 €/kWh
2026-10-10T12:01:10Z,STR-E-UY5H-A,0.08 €/kWh
2026-10-10T12:01:10Z,STR-E-V17G-A,0.08 €/kWh
2026-10-10T12:01:10Z,STR-E-V31J-A,0.08 €/kWh
2026-10-10T12:01:10Z,STR-E-V50T-A,0.08 €/kWh
2026-10-10T12:01:10Z,STR-E-V9SD-A,0.08 €/kWh
2026-10-10T12:01:10Z,STR-E-V9ZR-A,0.08 €/kWh
2026-10-10T12:01:10Z,STR-E-VBMP-A,0.08 €/kWh
2026-10-10T12:01:10Z,STR-E-VPDB-A,0.08 €/kWh
2026-10-10T12:01:10Z,STR-E-VSDJ-A,0.2 €/kWh
2026-10-10T12:01:10Z,STR-E-VSDJ-B,0.2 €/kWh
2026-10-10T12:01:10Z,STR-E-VT0G-A,0.08 €/kWh
2026-10-10T12:01:10Z,STR-E-VXGH-A,0.08 €/kWh
2026-10-10T12:01:10Z,STR-E-W1X4-A,0.08 €/kWh
2026-10-10T12:01:10Z,STR-E-WXV8-A,0.08 €/kWh
2026-10-10T12:01:10Z,STR-E-WZW9-A,0.08 €/kWh
2026-10-10T12:01:10Z,STR-E-X525-A,0.08 €/kWh
2026-10-10T12:01:10Z,STR-E-XCMJ-A,0.08 € + 0.12 €/kWh
2026-10-10T12:01:10Z,STR-E-XCMJ-B,0.08 € + 0.12 €/kWh
2026-10-10T12:01:10Z,STR-E-XFON-A,0.08 €/kWh
2026-10-10T12:01:10Z,STR-E-XG69-A,0.08 € + 0.12 €/kWh
2026-10-10T12:01:10Z,STR-E-XG69-B,0.08 € + 0.12 €/kWh
2026-10-10T12:01:10Z,STR-E-YC50-A,0.08 €/kWh
2026-10-10T12:01:10Z,STR-E-Z2PJ-A,0.08 € + 0.12 €/kWh
2026-10-10T12:01:10Z,STR-E-Z2PJ-B,0.08 € + 0.12 €/kWh
2026-10-10T12:01:10Z,STR-E-ZA6O-A,0.08 €/kWh
2026-10-10T12:01:10Z,STR-E-ZWU5-A,0.08 € + 0.12 €/kWh
2026-10-10T12:01:10Z,STR-E-ZWU5-B,0.08 € + 0.12 €/kWh
2026-10-10T12:16:24Z,STR-E-02VO-A,0.21 €/kWh
2026-10-10T12:16:24Z,STR-E-02VO-B,0.21 €/kWh
2026-10-10T12:16:24Z,STR-E-051F-A,0.08 € + 0.13 €/kWh
2026-10-10T12:16:24Z,STR-E-10G9-A,0.08 € + 0.13 €/kWh
2026-10-10T12:16:24Z,STR-E-10G9-B,0.08 € + 0.13 €/kWh
2026-10-10T12:16:24Z,STR-E-1ME5-A,0.08 € + 0.13 €/kWh
2026-10-10T12:16:24Z,STR-E-1ME5-B,0.08 € + 0.13 €/kWh
2026-10-10T12:16:24Z,STR-E-3YH3-A,0.08 € + 0.13 €/kWh
2026-10-10T12:16:24Z,STR-E-3YH3-B,0.08 € + 0.13 €/kWh
2026-10-10T12:16:24Z,STR-E-54PK-A,0.08 € + 0.13 €/kWh
2026-10-10T12:16:24Z,STR-E-54PK-B,0.08 € + 0.13 €/kWh
2026-10-10T12:16:24Z,STR-E-59TF-A,0.08 € + 0.13 €/kWh
2026-10-10T12:16:24Z,STR-E-7A48-A,0.08 € + 0.13 €/kWh
2026-10-10T12:16:24Z,STR-E-A27N-A,0.21 €/kWh
2026-10-10T12:16:24Z,STR-E-A27N-B,0.21 €/kWh
2026-10-10T12:16:24Z,STR-E-A27N-C,0.21 €/kWh
2026-10-10T12:16:24Z,STR-E-AF2O-A,0.08 € + 0.13 €/kWh
2026-10-10T12:16:24Z,STR-E-AWF1-A,0.08 € + 0.13 €/kWh
2026-10-10T12:16:24Z,STR-E-AWF1-B,0.08 € + 0.13 €/kWh
2026-10-10T12:16:24Z,STR-E-AWJ9-A,0.21 €/kWh
2026-10-10T12:16:24Z,STR-E-AWJ9-B,0.21 €/kWh
2026-10-10T12:16:24Z,STR-E-B36V-A,0.19 € + 0.26 €/kWh
2026-10-10T12:16:24Z,STR-E-B36V-B,0.19 € + 0.26 €/kWh
2026-10-10T12:16:24Z,STR-E-DBCC-A,0.08 € + 0.13 €/kWh
2026-10-10T12:16:24Z,STR-E-DBCC-B,0.08 € + 0.13 €/kWh
2026-10-10T12:16:24Z,STR-E-F2G0-A,0.08 € + 0.13 €/kWh
2026-10-10T12:16:24Z,STR-E-F2G0-B,0.08 € + 0.13 €/kWh
2026-10-10T12:16:24Z,STR-E-FUE8-A,0.08 € + 0.13 €/kWh
2026-10-10T12:16:24Z,STR-E-FUE8-B,0.08 € + 0.13 €/kWh
2026-10-10T12:16:24Z,STR-E-IIKL-A,0.08 € + 0.13 €/kWh
2026-10-10T12:16:24Z,STR-E-IIKL-B,0.08 € + 0.13 €/kWh
2026-10-10T12:16:24Z,STR-E-KUKS-A,0.08 € + 0.13 €/kWh
2026-10-10T12:16:24Z,STR-E-KUKS-B,0.08 € + 0.13 €/kWh
2026-10-10T12:16:24Z,STR-E-NCKT-A,0.08 € + 0.13 €/kWh
2026-10-10T12:16:24Z,STR-E-NCKT-B,0.08 € + 0.13 €/kWh
2026-10-10T12:16:24Z,STR-E-O5YW-A,0.08 € + 0.13 €/kWh
2026-10-10T12:16:24Z,STR-E-O5YW-B,0.08 € + 0.13 €/kWh
2026-10-10T12:16:24Z,STR-E-P7AF-A,0.08 € + 0.13 €/kWh
2026-10-10T12:16:24Z,STR-E-P7AF-B,0.08 € + 0.13 €/kWh
2026-10-10T12:16:24Z,STR-E-PJCQ-A,0.08 € + 0.13 €/kWh
2026-10-10T12:16:24Z,STR-E-PJCQ-B,0.08 € + 0.13 €/kWh
2026-10-10T12:16:24Z,STR-E-QE1X-A,0.08 € + 0.13 €/kWh
2026-10-10T12:16:24Z,STR-E-QE1X-B,0.08 € + 0.13 €/kWh
2026-10-10T12:16:24Z,STR-E-SQX8-A,0.08 € + 0.13 €/kWh
2026-10-10T12:16:24Z,STR-E-SQX8-B,0.08 € + 0.13 €/kWh
2026-10-10T12:16:24Z,STR-E-TX67-A,0.21 €/kWh
2026-10-10T12:16:24Z,STR-E-TX67-B,0.21 €/kWh
2026-10-10T12:16:24Z,STR-E-UPOS-A,0.08 € + 0.13 €/kWh
2026-10-10T12:16:24Z,STR-E-UPOS-B,0.08 € + 0.13 €/kWh
2026-10-10T12:16:24Z,STR-E-VSDJ-A,0.21 €/kWh
2026-10-10T12:16:24Z,STR-E-VSDJ-B,0.21 €/kWh
2026-10-10T12:16:24Z,STR-E-XCMJ-A,0.08 € + 0.13 €/kWh
2026-10-10T12:16:24Z,STR-E-XCMJ-B,0.08 € + 0.13 €/kWh
2026-10-10T12:16:24Z,STR-E-XG69-A,0.08 € + 0.13 €/kWh
2026-10-10T12:16:24Z,STR-E-XG69-B,0.08 € + 0.13 €/kWh
2026-10-10T12:16:24Z,STR-E-Z2PJ-A,0.08 € + 0.13 €/kWh
2026-10-10T12:16:24Z,STR-E-Z2PJ-B,0.08 € + 0.13 €/kWh
2026-10-10T12:16:24Z,STR-E-ZWU5-A,0.08 € + 0.13 €/kWh
2026-10-10T12:16:24Z,STR-E-ZWU5-B,0.08 € + 0.13 €/kWh
2026-10-10T12:30:58Z,STR-E-027B-A,0.19 €/kWh + 0.23 €
2026-10-10T12:30:58Z,STR-E-027B-B,0.19 €/kWh + 0.23 €
2026-10-10T12:30:58Z,STR-E-0698-A,0.09 €/kWh
2026-10-10T12:30:58Z,STR-E-0GEL-A,0.09 €/kWh
2026-10-10T12:30:58Z,STR-E-1162-A,0.09 €/kWh
2026-10-10T12:30:58Z,STR-E-11DT-A,0.09 €/kWh
2026-10-10T12:30:58Z,STR-E-1887-A,0.09 €/kWh
2026-10-10T12:30:58Z,STR-E-1927-A,0.09 €/kWh
2026-10-10T12:30:58Z,STR-E-1MJQ-A,0.09 €/kWh
2026-10-10T12:30:58Z,STR-E-21O1-A,0.19 €/kWh
2026-10-10T12:30:58Z,STR-E-21O1-B,0.19 €/kWh
2026-10-10T12:30:58Z,STR-E-2D12-A,0.09 €/kWh
2026-10-10T12:30:58Z,STR-E-2ED4-A,0.09 €/kWh
2026-10-10T12:30:58Z,STR-E-320G-A,0.09 €/kWh
2026-10-10T12:30:58Z,STR-E-3468-A,0.19 €/kWh
2026-10-10T12:30:58Z,STR-E-3468-B,0.19 €/kWh
2026-10-10T12:30:58Z,STR-E-3ENA-A,0.19 €/kWh
2026-10-10T12:30:58Z,STR-E-3ENA-B,0.19 €/kWh
2026-10-10T12:30:58Z,STR-E-3ENA-C,0.19 €/kWh
2026-10-10T12:30:58Z,STR-E-3FMF-A,0.19 €/kWh + 0.23 €
2026-10-10T12:30:58Z,STR-E-3FMF-B,0.19 €/kWh + 0.23 €
2026-10-10T12:30:58Z,STR-E-3PZS-A,0.09 €/kWh
2026-10-10T12:30:58Z,STR-E-3SXI-A,0.19 €/kWh
2026-10-10T12:30:58Z,STR-E-3SXI-B,0.19 €/kWh
2026-10-10T12:30:58Z,STR-E-3TZI-A,0.09 €/kWh
2026-10-10T12:30:58Z,STR-E-4LRS-A,0.09 €/kWh
2026-10-10T12:30:58Z,STR-E-4UGU-A,0.09 €/kWh
2026-10-10T12:30:58Z,STR-E-5DWB-A,0.09 €/kWh
2026-10-10T12:30:58Z,STR-E-5TI5-A,0.09 €/kWh
2026-10-10T12:30:58Z,STR-E-69PN-A,0.09 €/kWh
2026-10-10T12:30:58Z,STR-E-6CNG-A,0.09 €/kWh
2026-10-10T12:30:58Z,STR-E-6SQH-A,0.09 €/kWh
2026-10-10T12:30:58Z,STR-E-6UZQ-A,0.19 €/kWh
2026-10-10T12:30:58Z,STR-E-6UZQ-B,0.19 €/kWh
2026-10-10T12:30:58Z,STR-E-86C0-A,0.09 €/kWh
2026-10-10T12:30:58Z,STR-E-88SA-A,0.09 €/kWh
2026-10-10T12:30:58Z,STR-E-8M2O-A,0.09 €/kWh
2026-10-10T12:30:58Z,STR-E-8XL5-A,0.09 €/kWh
2026-10-10T12:30:58Z,STR-E-8Y23-A,0.09 €/kWh
2026-10-10T12:30:58Z,STR-E-92KW-A,0.19 €/kWh + 0.23 €
2026-10-10T12:30:58Z,STR-E-9I2R-A,0.09 €/kWh
2026-10-10T12:30:58Z,STR-E-9TUZ-A,0.09 €/kWh
2026-10-10T12:30:58Z,STR-E-9WY2-A,0.09 €/kWh
2026-10-10T12:30:58Z,STR-E-A442-A,0.09 €/kWh
2026-10-10T12:30:58Z,STR-E-AABG-A,0.09 €/kWh
2026-10-10T12:30:58Z,STR-E-ACMT-A,0.09 €/kWh
2026-10-10T12:30:58Z,STR-E-ANJ0-A,0.19 €/kWh + 0.23 €
2026-10-10T12:30:58Z,STR-E-ANJ0-B,0.19 €/kWh + 0.23 €
2026-10-10T12:30:58Z,STR-E-AP96-A,0.19 €/kWh + 0.23 €
2026-10-10T12:30:58Z,STR-E-AP96-B,0.19 €/kWh + 0.23 €
2026-10-10T12:30:58Z,STR-E-BIKW-A,0.19 €/kWh + 0.23 €
2026-10-10T12:30:58Z,STR-E-BIKW-B,0.19 €/kWh + 0.23 €
2026-10-10T12:30:58Z,STR-E-BXA5-A,0.09 €/kWh
2026-10-10T12:30:58Z,STR-E-C91L-A,0.09 €/kWh
2026-10-10T12:30:58Z,STR-E-D3MB-A,0.19 €/kWh + 0.23 €
2026-10-10T12:30:58Z,STR-E-D3MB-B,0.19 €/kWh + 0.23 €
2026-10-10T12:30:58Z,STR-E-E0DZ-A,0.19 €/kWh
2026-10-10T12:30:58Z,STR-E-E0DZ-B,0.19 €/kWh
2026-10-10T12:30:58Z,STR-E-E7HH-A,0.09 €/kWh
2026-10-10T12:30:58Z,STR-E-ELFQ-A,0.19 €/kWh + 0.23 €
2026-10-10T12:30:58Z,STR-E-ELFQ-B,0.19 €/kWh + 0.23 €
2026-10-10T12:30:58Z,STR-E-EU1U-A,0.09 €/kWh
2026-10-10T12:30:58Z,STR-E-F4B3-A,0.09 €/kWh
2026-10-10T12:30:58Z,STR-E-F5LZ-A,0.09 €/kWh
2026-10-10T12:30:58Z,STR-E-F79A-A,0.19 €/kWh + 0.23 €
2026-10-10T12:30:58Z,STR-E-F79A-B,0.19 €/kWh + 0.23 €
2026-10-10T12:30:58Z,STR-E-FGMF-A,0.09 €/kWh
2026-10-10T12:30:58Z,STR-E-FK06-A,0.09 €/kWh
2026-10-10T12:30:58Z,STR-E-G4VM-A,0.09 €/kWh
2026-10-10T12:30:58Z,STR-E-G518-A,0.09 €/kWh
2026-10-10T12:30:58Z,STR-E-GB9A-A,0.09 €/kWh
2026-10-10T12:30:58Z,STR-E-GGV8-A,0.09 €/kWh
2026-10-10T12:30:58Z,STR-E-GHJA-A,0.09 €/kWh
2026-10-10T12:30:58Z,STR-E-GR5K-A,0.09 €/kWh
2026-10-10T12:30:58Z,STR-E-H6Q5-A,0.09 €/kWh
2026-10-10T12:30:58Z,STR-E-I4UZ-A,0.09 €/kWh
2026-10-10T12:30:58Z,STR-E-I5FH-A,0.09 €/kWh
2026-10-10T12:30:58Z,STR-E-I8C6-A,0.09 €/kWh
2026-10-10T12:30:58Z,STR-E-IA3X-A,0.09 €/kWh
2026-10-10T12:30:58Z,STR-E-IGH5-A,0.19 €/kWh + 0.23 €
2026-10-10T12:30:58Z,STR-E-IGH5-B,0.19 €/kWh + 0.23 €
2026-10-10T12:30:58Z,STR-E-JG90-A,0.1 €/kWh + 0.3 €
2026-10-10T12:30:58Z,STR-E-JG90-B,0.1 €/kWh + 0.3 €
2026-10-10T12:30:58Z,STR-E-JVO0-A,0.09 €/kWh
2026-10-10T12:30:58Z,STR-E-K73C-A,0.19 €/kWh + 0.23 €
2026-10-10T12:30:58Z,STR-E-K73C-B,0.19 €/kWh + 0.23 €
2026-10-10T12:30:58Z,STR-E-KBZL-A,0.09 €/kWh
2026-10-10T12:30:58Z,STR-E-L84D-A,0.09 €/kWh
2026-10-10T12:30:58Z,STR-E-LISV-A,0.09 €/kWh
2026-10-10T12:30:58Z,STR-E-LKFQ-A,0.09 €/kWh
2026-10-10T12:30:58Z,STR-E-M1IB-A,0.09 €/kWh
2026-10-10T12:30:58Z,STR-E-M8WL-A,0.09 €/kWh
2026-10-10T12:30:58Z,STR-E-M9W7-A,0.09 €/kWh
2026-10-10T12:30:58Z,STR-E-MSEN-A,0.09 €/kWh
2026-10-10T12:30:58Z,STR-E-MSUL-A,0.09 €/kWh
2026-10-10T12:30:58Z,STR-E-N6P5-A,0.09 €/kWh
2026-10-10T12:30:58Z,STR-E-NNGC-A,0.09 €/kWh
2026-10-10T12:30:58Z,STR-E-O0VK-A,0.09 €/kWh
2026-10-10T12:30:58Z,STR-E-OG1X-A,0.09 €/kWh
2026-10-10T12:30:58Z,STR-E-OJ3E-A,0.19 €/kWh + 0.23 €
2026-10-10T12:30:58Z,STR-E-OJ3E-B,0.19 €/kWh + 0.23 €
2026-10-10T12:30:58Z,STR-E-OQKZ-A,0.09 €/kWh
2026-10-10T12:30:58Z,STR-E-PC04-A,0.09 €/kWh
2026-10-10T12:30:58Z,STR-E-PDR2-A,0.09 €/kWh
2026-10-10T12:30:58Z,STR-E-PM3P-A,0.19 €/kWh + 0.23 €
2026-10-10T12:30:58Z,STR-E-PM3P-B,0.19 €/kWh + 0.23 €
2026-10-10T12:30:58Z,STR-E-PRUQ-A,0.09 €/kWh
2026-10-10T12:30:58Z,STR-E-PSU9-A,0.09 €/kWh
2026-10-10T12:30:58Z,STR-E-PZ9U-A,0.09 €/kWh
2026-10-10T12:30:58Z,STR-E-PZES-A,0.09 €/kWh
2026-10-10T12:30:58Z,STR-E-Q5YF-A,0.19 €/kWh + 0.23 €
2026-10-10T12:30:58Z,STR-E-Q5YF-B,0.19 €/kWh + 0.23 €
2026-10-10T12:30:58Z,STR-E-Q7LB-A,0.19 €/kWh + 0.23 €
2026-10-10T12:30:58Z,STR-E-Q7LB-B,0.19 €/kWh + 0.23 €
2026-10-10T12:30:58Z,STR-E-QEDL-A,0.09 €/kWh
2026-10-10T12:30:58Z,STR-E-QIQM-A,0.09 €/kWh
2026-10-10T12:30:58Z,STR-E-R0J8-A,0.09 €/kWh
2026-10-10T12:30:58Z,STR-E-R1MT-A,0.19 €/kWh + 0.23 €
2026-10-10T12:30:58Z,STR-E-R1MT-B,0.19 €/kWh + 0.23 €
2026-10-10T12:30:58Z,STR-E-R1PI-A,0.19 €/kWh + 0.23 €
2026-10-10T12:30:58Z,STR-E-R1PI-B,0.19 €/kWh + 0.23 €
2026-10-10T12:30:58Z,STR-E-R2LK-A,0.19 €/kWh + 0.23 €
2026-10-10T12:30:58Z,STR-E-R2LK-B,0.19 €/kWh + 0.23 €
2026-10-10T12:30:58Z,STR-E-R9GA-A,0.09 €/kWh
2026-10-10T12:30:58Z,STR-E-RJH9-A,0.09 €/kWh
2026-10-10T12:30:58Z,STR-E-RKWJ-A,0.09 €/kWh
2026-10-10T12:30:58Z,STR-E-S42D-A,0.09 €/kWh
2026-10-10T12:30:58Z,STR-E-S7YR-A,0.19 €/kWh + 0.23 €
2026-10-10T12:30:58Z,STR-E-S7YR-B,0.19 €/kWh + 0.23 €
2026-10-10T12:30:58Z,STR-E-SJKA-A,0.09 €/kWh
2026-10-10T12:30:58Z,STR-E-SVR3-A,0.19 €/kWh + 0.23 €
2026-10-10T12:30:58Z,STR-E-SVR3-B,0.19 €/kWh + 0.23 €
2026-10-10T12:30:58Z,STR-E-SY9Y-A,0.09 €/kWh
2026-10-10T12:30:58Z,STR-E-TO2O-A,0.09 €/kWh
2026-10-10T12:30:58Z,STR-E-U5TP-A,0.09 €/kWh
2026-10-10T12:30:58Z,STR-E-UY5H-A,0.09 €/kWh
2026-10-10T12:30:58Z,STR-E-V17G-A,0.09 €/kWh
2026-10-10T12:30:58Z,STR-E-V31J-A,0.09 €/kWh
2026-10-10T12:30:58Z,STR-E-V50T-A,0.09 €/kWh
2026-10-10T12:30:58Z,STR-E-V9SD-A,0.09 €/kWh
2026-10-10T12:30:58Z,STR-E-V9ZR-A,0.09 €/kWh
2026-10-10T12:30:58Z,STR-E-VBMP-A,0.09 €/kWh
2026-10-10T12:30:58Z,STR-E-VPDB-A,0.09 €/kWh
2026-10-10T12:30:58Z,STR-E-VT0G-A,0.09 €/kWh
2026-10-10T12:30:58Z,STR-E-VXGH-A,0.09 €/kWh
2026-10-10T12:30:58Z,STR-E-W1X4-A,0.09 €/kWh
2026-10-10T12:30:58Z,STR-E-WEE3-A,0.19 €/kWh + 0.23 €
2026-10-10T12:30:58Z,STR-E-WEE3-B,0.19 €/kWh + 0.23 €
2026-10-10T12:30:58Z,STR-E-WTQ5-A,0.19 €/kWh
2026-10-10T12:30:58Z,STR-E-WXV8-A,0.09 €/kWh
2026-10-10T12:30:58Z,STR-E-WYFE-A,0.19 €/kWh
2026-10-10T12:30:58Z,STR-E-WYFE-B,0.19 €/kWh
2026-10-10T12:30:58Z,STR-E-WYYC-A,0.19 €/kWh + 0.23 €
2026-10-10T12:30:58Z,STR-E-WYYC-B,0.19 €/kWh + 0.23 €
2026-10-10T12:30:58Z,STR-E-WZW9-A,0.09 €/kWh
2026-10-10T12:30:58Z,STR-E-X525-A,0.09 €/kWh
2026-10-10T12:30:58Z,STR-E-XFON-A,0.09 €/kWh
2026-10-10T12:30:58Z,STR-E-XKW2-A,0.19 €/kWh + 0.23 €
2026-10-10T12:30:58Z,STR-E-XKW2-B,0.19 €/kWh + 0.23 €
2026-10-10T12:30:58Z,STR-E-YC50-A,0.09 €/kWh
2026-10-10T12:30:58Z,STR-E-ZA6O-A,0.09 €/kWh
2026-10-10T12:30:58Z,STR-E-ZS00-A,0.19 €/kWh + 0.23 €
2026-10-10T12:30:58Z,STR-E-ZS00-B,0.19 €/kWh + 0.23 €
2026-10-10T12:46:26Z,STR-E-04YS-A,0 € + 0.18 €/kWh
2026-10-10T12:46:26Z,STR-E-1MHB-A,0.3 €/kWh
2026-10-10T12:46:26Z,STR-E-1X30-A,0 € + 0.18 €/kWh
2026-10-10T12:46:26Z,STR-E-2446-A,0 € + 0.18 €/kWh
2026-10-10T12:46:26Z,STR-E-2K1Q-A,0 € + 0.18 €/kWh
2026-10-10T12:46:26Z,STR-E-2XDJ-A,0 € + 0.18 €/kWh
2026-10-10T12:46:26Z,STR-E-3WE5-A,0 € + 0.18 €/kWh
2026-10-10T12:46:26Z,STR-E-4156-A,0.25 €/kWh
2026-10-10T12:46:26Z,STR-E-4156-B,0.25 €/kWh
2026-10-10T12:46:26Z,STR-E-4KWM-A,0.29 €/kWh
2026-10-10T12:46:26Z,STR-E-4KWM-B,0.29 €/kWh
2026-10-10T12:46:26Z,STR-E-4YKC-A,0 € + 0.18 €/kWh
2026-10-10T12:46:26Z,STR-E-527U-A,0 € + 0.18 €/kWh
2026-10-10T12:46:26Z,STR-E-55I4-A,0 € + 0.18 €/kWh
2026-10-10T12:46:26Z,STR-E-566J-A,0 € + 0.18 €/kWh
2026-10-10T12:46:26Z,STR-E-6E7W-A,0 € + 0.18 €/kWh
2026-10-10T12:46:26Z,STR-E-6ZTQ-A,0 € + 0.18 €/kWh
2026-10-10T12:46:26Z,STR-E-7438-A,0 € + 0.18 €/kWh
2026-10-10T12:46:26Z,STR-E-7YBN-A,0 € + 0.18 €/kWh
2026-10-10T12:46:26Z,STR-E-7Z8G-A,0.29 €/kWh
2026-10-10T12:46:26Z,STR-E-7Z8G-B,0.29 €/kWh
2026-10-10T12:46:26Z,STR-E-8A02-A,0 € + 0.18 €/kWh
2026-10-10T12:46:26Z,STR-E-8Q9F-A,0 € + 0.18 €/kWh
2026-10-10T12:46:26Z,STR-E-9AH3-A,0 € + 0.18 €/kWh
2026-10-10T12:46:26Z,STR-E-A169-A,0 € + 0.18 €/kWh
2026-10-10T12:46:26Z,STR-E-ADXE-A,0 € + 0.18 €/kWh
2026-10-10T12:46:26Z,STR-E-AMQK-A,0 € + 0.18 €/kWh
2026-10-10T12:46:26Z,STR-E-AUQ2-A,0 € + 0.18 €/kWh
2026-10-10T12:46:26Z,STR-E-C99Z-A,0 € + 0.18 €/kWh
2026-10-10T12:46:26Z,STR-E-DHEJ-A,0 € + 0.18 €/kWh
2026-10-10T12:46:26Z,STR-E-ECI7-A,0 € + 0.18 €/kWh
2026-10-10T12:46:26Z,STR-E-EFXK-A,0 € + 0.18 €/kWh
2026-10-10T12:46:26Z,STR-E-EPQY-A,0 € + 0.18 €/kWh
2026-10-10T12:46:26Z,STR-E-ER2N-A,0 € + 0.18 €/kWh
2026-10-10T12:46:26Z,STR-E-ES3O-A,0 € + 0.18 €/kWh
2026-10-10T12:46:26Z,STR-E-FKUY-A,0 € + 0.18 €/kWh
2026-10-10T12:46:26Z,STR-E-GE77-A,0.29 €/kWh
2026-10-10T12:46:26Z,STR-E-GE77-B,0.29 €/kWh
2026-10-10T12:46:26Z,STR-E-GFB3-A,0 € + 0.18 €/kWh
2026-10-10T12:46:26Z,STR-E-GK0C-A,0 € + 0.18 €/kWh
2026-10-10T12:46:26Z,STR-E-HHXV-A,0 € + 0.18 €/kWh
2026-10-10T12:46:26Z,STR-E-I1KE-A,0 € + 0.18 €/kWh
2026-10-10T12:46:26Z,STR-E-IAO5-A,0 € + 0.18 €/kWh
2026-10-10T12:46:26Z,STR-E-IPEC-A,0 € + 0.18 €/kWh
2026-10-10T12:46:26Z,STR-E-IV6T-A,0 € + 0.18 €/kWh
2026-10-10T12:46:26Z,STR-E-J54N-A,0 € + 0.18 €/kWh
2026-10-10T12:46:26Z,STR-E-J6DA-A,0 € + 0.18 €/kWh
2026-10-10T12:46:26Z,STR-E-J8VF-A,0 € + 0.18 €/kWh
2026-10-10T12:46:26Z,STR-E-JMOR-A,0 € + 0.18 €/kWh
2026-10-10T12:46:26Z,STR-E-K217-A,0 € + 0.18 €/kWh
2026-10-10T12:46:26Z,STR-E-KOHN-A,0 € + 0.18 €/kWh
2026-10-10T12:46:26Z,STR-E-KT5B-A,0 € + 0.18 €/kWh
2026-10-10T12:46:26Z,STR-E-LREY-A,0.3 €/kWh
2026-10-10T12:46:26Z,STR-E-NDU2-A,0 € + 0.18 €/kWh
2026-10-10T12:46:26Z,STR-E-NDZ4-A,0 € + 0.18 €/kWh
2026-10-10T12:46:26Z,STR-E-NFV5-A,0 € + 0.18 €/kWh
2026-10-10T12:46:26Z,STR-E-NSGB-A,0 € + 0.18 €/kWh
2026-10-10T12:46:26Z,STR-E-NY0Q-A,0.15 € + 0.19 €/kWh
2026-10-10T12:46:26Z,STR-E-O5JX-A,0 € + 0.18 €/kWh
2026-10-10T12:46:26Z,STR-E-ODBK-A,0.29 €/kWh
2026-10-10T12:46:26Z,STR-E-ODBK-B,0.29 €/kWh
2026-10-10T12:46:26Z,STR-E-OFWF-A,0 € + 0.18 €/kWh
2026-10-10T12:46:26Z,STR-E-OHH6-A,0 € + 0.18 €/kWh
2026-10-10T12:46:26Z,STR-E-P46N-A,0 € + 0.18 €/kWh
2026-10-10T12:46:26Z,STR-E-QAXH-A,0.15 € + 0.19 €/kWh
2026-10-10T12:46:26Z,STR-E-R8PQ-A,0 € + 0.18 €/kWh
2026-10-10T12:46:26Z,STR-E-S6VR-A,0 € + 0.18 €/kWh
2026-10-10T12:46:26Z,STR-E-SGC2-A,0 € + 0.18 €/kWh
2026-10-10T12:46:26Z,STR-E-U41O-A,0 € + 0.18 €/kWh
2026-10-10T12:46:26Z,STR-E-UKPS-A,0.15 € + 0.19 €/kWh
2026-10-10T12:46:26Z,STR-E-VJBJ-A,0 € + 0.18 €/kWh
2026-10-10T12:46:26Z,STR-E-VQ06-A,0 € + 0.18 €/kWh
2026-10-10T12:46:26Z,STR-E-VX2O-A,0 € + 0.18 €/kWh
2026-10-10T12:46:26Z,STR-E-WHZ1-A,0 € + 0.18 €/kWh
2026-10-10T12:46:26Z,STR-E-WLGM-A,0 € + 0.18 €/kWh
2026-10-10T12:46:26Z,STR-E-X54O-A,0 € + 0.18 €/kWh
2026-10-10T12:46:26Z,STR-E-XH51-A,0 € + 0.18 €/kWh
2026-10-10T12:46:26Z,STR-E-XRV8-A,0 € + 0.18 €/kWh
2026-10-10T12:46:26Z,STR-E-Y7JK-A,0 € + 0.18 €/kWh
2026-10-10T12:46:26Z,STR-E-Y82E-A,0 € + 0.18 €/kWh
2026-10-10T12:46:26Z,STR-E-ZEP7-A,0 € + 0.18 €/kWh
2026-10-10T12:46:26Z,STR-E-ZIAZ-A,0 € + 0.18 €/kWh
2026-10-10T12:46:26Z,STR-E-ZK9W-A,0 € + 0.18 €/kWh
2026-10-10T13:02:24Z,STR-E-027B-A,0.18 €/kWh + 0.23 €
2026-10-10T13:02:24Z,STR-E-027B-B,0.18 €/kWh + 0.23 €
2026-10-10T13:02:24Z,STR-E-02VO-A,0.2 €/kWh
2026-10-10T13:02:24Z,STR-E-02VO-B,0.2 €/kWh
2026-10-10T13:02:24Z,STR-E-04YS-A,0 € + 0.17 €/kWh
2026-10-10T13:02:24Z,STR-E-051F-A,0.08 € + 0.12 €/kWh
2026-10-10T13:02:24Z,STR-E-0698-A,0.08 €/kWh
2026-10-10T13:02:24Z,STR-E-0GEL-A,0.08 €/kWh
2026-10-10T13:02:24Z,STR-E-10G9-A,0.08 € + 0.12 €/kWh
2026-10-10T13:02:24Z,STR-E-10G9-B,0.08 € + 0.12 €/kWh
2026-10-10T13:02:24Z,STR-E-1162-A,0.08 €/kWh
2026-10-10T13:02:24Z,STR-E-11DT-A,0.08 €/kWh
2026-10-10T13:02:24Z,STR-E-1887-A,0.08 €/kWh
2026-10-10T13:02:24Z,STR-E-1927-A,0.08 €/kWh
2026-10-10T13:02:24Z,STR-E-1ME5-A,0.08 € + 0.12 €/kWh
2026-10-10T13:02:24Z,STR-E-1ME5-B,0.08 € + 0.12 €/kWh
2026-10-10T13:02:24Z,STR-E-1MHB-A,0.29 €/kWh
2026-10-10T13:02:24Z,STR-E-1MJQ-A,0.08 €/kWh
2026-10-10T13:02:24Z,STR-E-1X30-A,0 € + 0.17 €/kWh
2026-10-10T13:02:24Z,STR-E-21O1-A,0.18 €/kWh
2026-10-10T13:02:24Z,STR-E-21O1-B,0.18 €/kWh
2026-10-10T13:02:24Z,STR-E-2446-A,0 € + 0.17 €/kWh
2026-10-10T13:02:24Z,STR-E-2D12-A,0.08 €/kWh
2026-10-10T13:02:24Z,STR-E-2ED4-A,0.08 €/kWh
2026-10-10T13:02:24Z,STR-E-2K1Q-A,0 € + 0.17 €/kWh
2026-10-10T13:02:24Z,STR-E-2XDJ-A,0 € + 0.17 €/kWh
2026-10-10T13:02:24Z,STR-E-320G-A,0.08 €/kWh
2026-10-10T13:02:24Z,STR-E-3468-A,0.18 €/kWh
2026-10-10T13:02:24Z,STR-E-3468-B,0.18 €/kWh
2026-10-10T13:02:24Z,STR-E-3ENA-A,0.18 €/kWh
2026-10-10T13:02:24Z,STR-E-3ENA-B,0.18 €/kWh
2026-10-10T13:02:24Z,STR-E-3ENA-C,0.18 €/kWh
2026-10-10T13:02:24Z,STR-E-3FMF-A,0.18 €/kWh + 0.23 €
2026-10-10T13:02:24Z,STR-E-3FMF-B,0.18 €/kWh + 0.23 €
2026-10-10T13:02:24Z,STR-E-3PZS-A,0.08 €/kWh
2026-10-10T13:02:24Z,STR-E-3SXI-A,0.18 €/kWh
2026-10-10T13:02:24Z,STR-E-3SXI-B,0.18 €/kWh
2026-10-10T13:02:24Z,STR-E-3TZI-A,0.08 €/kWh
2026-10-10T13:02:24Z,STR-E-3WE5-A,0 € + 0.17 €/kWh
2026-10-10T13:02:24Z,STR-E-3YH3-A,0.08 € + 0.12 €/kWh
2026-10-10T13:02:24Z,STR-E-3YH3-B,0.08 € + 0.12 €/kWh
2026-10-10T13:02:24Z,STR-E-4156-A,0.24 €/kWh
2026-10-10T13:02:24Z,STR-E-4156-B,0.24 €/kWh
2026-10-10T13:02:24Z,STR-E-4KWM-A,0.28 €/kWh
2026-10-10T13:02:24Z,STR-E-4KWM-B,0.28 €/kWh
2026-10-10T13:02:24Z,STR-E-4LRS-A,0.08 €/kWh
2026-10-10T13:02:24Z,STR-E-4UGU-A,0.08 €/kWh
2026-10-10T13:02:24Z,STR-E-4YKC-A,0 € + 0.17 €/kWh
2026-10-10T13:02:24Z,STR-E-527U-A,0 € + 0.17 €/kWh
2026-10-10T13:02:24Z,STR-E-54PK-A,0.08 € + 0.12 €/kWh
2026-10-10T13:02:24Z,STR-E-54PK-B,0.08 € + 0.12 €/kWh
2026-10-10T13:02:24Z,STR-E-55I4-A,0 € + 0.17 €/kWh
2026-10-10T13:02:24Z,STR-E-566J-A,0 € + 0.17 €/kWh
2026-10-10T13:02:24Z,STR-E-59TF-A,0.08 € + 0.12 €/kWh
2026-10-10T13:02:24Z,STR-E-5DWB-A,0.08 €/kWh
2026-10-10T13:02:24Z,STR-E-5TI5-A,0.08 €/kWh
2026-10-10T13:02:24Z,STR-E-69PN-A,0.08 €/kWh
2026-10-10T13:02:24Z,STR-E-6CNG-A,0.08 €/kWh
2026-10-10T13:02:24Z,STR-E-6E7W-A,0 € + 0.17 €/kWh
2026-10-10T13:02:24Z,STR-E-6SQH-A,0.08 €/kWh
2026-10-10T13:02:24Z,STR-E-6UZQ-A,0.18 €/kWh
2026-10-10T13:02:24Z,STR-E-6UZQ-B,0.18 €/kWh
2026-10-10T13:02:24Z,STR-E-6ZTQ-A,0 € + 0.17 €/kWh
2026-10-10T13:02:24Z,STR-E-7438-A,0 € + 0.17 €/kWh
2026-10-10T13:02:24Z,STR-E-7A48-A,0.08 € + 0.12 €/kWh
2026-10-10T13:02:24Z,STR-E-7YBN-A,0 € + 0.17 €/kWh
2026-10-10T13:02:24Z,STR-E-7Z8G-A,0.28 €/kWh
2026-10-10T13:02:24Z,STR-E-7Z8G-B,0.28 €/kWh
2026-10-10T13:02:24Z,STR-E-86C0-A,0.08 €/kWh
2026-10-10T13:02:24Z,STR-E-88SA-A,0.08 €/kWh
2026-10-10T13:02:24Z,STR-E-8A02-A,0 € + 0.17 €/kWh
2026-10-10T13:02:24Z,STR-E-8M2O-A,0.08 €/kWh
2026-10-10T13:02:24Z,STR-E-8Q9F-A,0 € + 0.17 €/kWh
2026-10-10T13:02:24Z,STR-E-8XL5-A,0.08 €/kWh
2026-10-10T13:02:24Z,STR-E-8Y23-A,0.08 €/kWh
2026-10-10T13:02:24Z,STR-E-92KW-A,0.18 €/kWh + 0.23 €
2026-10-10T13:02:24Z,STR-E-9AH3-A,0 € + 0.17 €/kWh
2026-10-10T13:02:24Z,STR-E-9I2R-A,0.08 €/kWh
2026-10-10T13:02:24Z,STR-E-9TUZ-A,0.08 €/kWh
2026-10-10T13:02:24Z,STR-E-9WY2-A,0.08 €/kWh
2026-10-10T13:02:24Z,STR-E-A169-A,0 € + 0.17 €/kWh
2026-10-10T13:02:24Z,STR-E-A27N-A,0.2 €/kWh
2026-10-10T13:02:24Z,STR-E-A27N-B,0.2 €/kWh
2026-10-10T13:02:24Z,STR-E-A27N-C,0.2 €/kWh
2026-10-10T13:02:24Z,STR-E-A442-A,0.08 €/kWh
2026-10-10T13:02:24Z,STR-E-AABG-A,0.08 €/kWh
2026-10-10T13:02:24Z,STR-E-ACMT-A,0.08 €/kWh
2026-10-10T13:02:24Z,STR-E-ADXE-A,0 € + 0.17 €/kWh
2026-10-10T13:02:24Z,STR-E-AF2O-A,0.08 € + 0.12 €/kWh
2026-10-10T13:02:24Z,STR-E-AMQK-A,0 € + 0.17 €/kWh
2026-10-10T13:02:24Z,STR-E-ANJ0-A,0.18 €/kWh + 0.23 €
2026-10-10T13:02:24Z,STR-E-ANJ0-B,0.18 €/kWh + 0.23 €
2026-10-10T13:02:24Z,STR-E-AP96-A,0.18 €/kWh + 0.23 €
2026-10-10T13:02:24Z,STR-E-AP96-B,0.18 €/kWh + 0.23 €
2026-10-10T13:02:24Z,STR-E-AUQ2-A,0 € + 0.17 €/kWh
2026-10-10T13:02:24Z,STR-E-AWF1-A,0.08 € + 0.12 €/kWh
2026-10-10T13:02:24Z,STR-E-AWF1-B,0.08 € + 0.12 €/kWh
2026-10-10T13:02:24Z,STR-E-AWJ9-A,0.2 €/kWh
2026-10-10T13:02:24Z,STR-E-AWJ9-B,0.2 €/kWh
2026-10-10T13:02:24Z,STR-E-B36V-A,0.19 € + 0.25 €/kWh
2026-10-10T13:02:24Z,STR-E-B36V-B,0.19 € + 0.25 €/kWh
2026-10-10T13:02:24Z,STR-E-BIKW-A,0.18 €/kWh + 0.23 €
2026-10-10T13:02:24Z,STR-E-BIKW-B,0.18 €/kWh + 0.23 €
2026-10-10T13:02:24Z,STR-E-BXA5-A,0.08 €/kWh
2026-10-10T13:02:24Z,STR-E-C91L-A,0.08 €/kWh
2026-10-10T13:02:24Z,STR-E-C99Z-A,0 € + 0.17 €/kWh
2026-10-10T13:02:24Z,STR-E-D3MB-A,0.18 €/kWh + 0.23 €
2026-10-10T13:02:24Z,STR-E-D3MB-B,0.18 €/kWh + 0.23 €
2026-10-10T13:02:24Z,STR-E-DBCC-A,0.08 € + 0.12 €/kWh
2026-10-10T13:02:24Z,STR-E-DBCC-B,0.08 € + 0.12 €/kWh
2026-10-10T13:02:24Z,STR-E-DHEJ-A,0 € + 0.17 €/kWh
2026-10-10T13:02:24Z,STR-E-E0DZ-A,0.18 €/kWh
2026-10-10T13:02:24Z,STR-E-E0DZ-B,0.18 €/kWh
2026-10-10T13:02:24Z,STR-E-E7HH-A,0.08 €/kWh
2026-10-10T13:02:24Z,STR-E-ECI7-A,0 € + 0.17 €/kWh
2026-10-10T13:02:24Z,STR-E-EFXK-A,0 € + 0.17 €/kWh
2026-10-10T13:02:24Z,STR-E-ELFQ-A,0.18 €/kWh + 0.23 €
2026-10-10T13:02:24Z,STR-E-ELFQ-B,0.18 €/kWh + 0.23 €
2026-10-10T13:02:24Z,STR-E-EPQY-A,0 € + 0.17 €/kWh
2026-10-10T13:02:24Z,STR-E-ER2N-A,0 € + 0.17 €/kWh
2026-10-10T13:02:24Z,STR-E-ES3O-A,0 € + 0.17 €/kWh
2026-10-10T13:02:24Z,STR-E-EU1U-A,0.08 €/kWh
2026-10-10T13:02:24Z,STR-E-F2G0-A,0.08 € + 0.12 €/kWh
2026-10-10T13:02:24Z,STR-E-F2G0-B,0.08 € + 0.12 €/kWh
2026-10-10T13:02:24Z,STR-E-F4B3-A,0.08 €/kWh
2026-10-10T13:02:24Z,STR-E-F5LZ-A,0.08 €/kWh
2026-10-10T13:02:24Z,STR-E-F79A-A,0.18 €/kWh + 0.23 €
2026-10-10T13:02:24Z,STR-E-F79A-B,0.18 €/kWh + 0.23 €
2026-10-10T13:02:24Z,STR-E-FGMF-A,0.08 €/kWh
2026-10-10T13:02:24Z,STR-E-FK06-A,0.08 €/kWh
2026-10-10T13:02:24Z,STR-E-FKUY-A,0 € + 0.17 €/kWh
2026-10-10T13:02:24Z,STR-E-FUE8-A,0.08 € + 0.12 €/kWh
2026-10-10T13:02:24Z,STR-E-FUE8-B,0.08 € + 0.12 €/kWh
2026-10-10T13:02:24Z,STR-E-G4VM-A,0.08 €/kWh
2026-10-10T13:02:24Z,STR-E-G518-A,0.08 €/kWh
2026-10-10T13:02:24Z,STR-E-GB9A-A,0.08 €/kWh
2026-10-10T13:02:24Z,STR-E-GE77-A,0.28 €/kWh
2026-10-10T13:02:24Z,STR-E-GE77-B,0.28 €/kWh
2026-10-10T13:02:24Z,STR-E-GFB3-A,0 € + 0.17 €/kWh
2026-10-10T13:02:24Z,STR-E-GGV8-A,0.08 €/kWh
2026-10-10T13:02:24Z,STR-E-GHJA-A,0.08 €/kWh
2026-10-10T13:02:24Z,STR-E-GK0C-A,0 € + 0.17 €/kWh
2026-10-10T13:02:24Z,STR-E-GR5K-A,0.08 €/kWh
2026-10-10T13:02:24Z,STR-E-H6Q5-A,0.08 €/kWh
2026-10-10T13:02:24Z,STR-E-HHXV-A,0 € + 0.17 €/kWh
2026-10-10T13:02:24Z,STR-E-I1KE-A,0 € + 0.17 €/kWh
2026-10-10T13:02:24Z,STR-E-I4UZ-A,0.08 €/kWh
2026-10-10T13:02:24Z,STR-E-I5FH-A,0.08 €/kWh
2026-10-10T13:02:24Z,STR-E-I8C6-A,0.08 €/kWh
2026-10-10T13:02:24Z,STR-E-IA3X-A,0.08 €/kWh
2026-10-10T13:02:24Z,STR-E-IAO5-A,0 € + 0.17 €/kWh
2026-10-10T13:02:24Z,STR-E-IGH5-A,0.18 €/kWh + 0.23 €
2026-10-10T13:02:24Z,STR-E-IGH5-B,0.18 €/kWh + 0.23 €
2026-10-10T13:02:24Z,STR-E-IIKL-A,0.08 € + 0.12 €/kWh
2026-10-10T13:02:24Z,STR-E-IIKL-B,0.08 € + 0.12 €/kWh
2026-10-10T13:02:24Z,STR-E-IPEC-A,0 € + 0.17 €/kWh
2026-10-10T13:02:24Z,STR-E-IV6T-A,0 € + 0.17 €/kWh
2026-10-10T13:02:24Z,STR-E-J54N-A,0 € + 0.17 €/kWh
2026-10-10T13:02:24Z,STR-E-J6DA-A,0 € + 0.17 €/kWh
2026-10-10T13:02:24Z,STR-E-J8VF-A,0 € + 0.17 €/kWh
2026-10-10T13:02:24Z,STR-E-JG90-A,0.09 €/kWh + 0.3 €
2026-10-10T13:02:24Z,STR-E-JG90-B,0.09 €/kWh + 0.3 €
2026-10-10T13:02:24Z,STR-E-JMOR-A,0 € + 0.17 €/kWh
2026-10-10T13:02:24Z,STR-E-JVO0-A,0.08 €/kWh
2026-10-10T13:02:24Z,STR-E-K217-A,0 € + 0.17 €/kWh
2026-10-10T13:02:24Z,STR-E-K73C-A,0.18 €/kWh + 0.23 €
2026-10-10T13:02:24Z,STR-E-K73C-B,0.18 €/kWh + 0.23 €
2026-10-10T13:02:24Z,STR-E-KBZL-A,0.08 €/kWh
2026-10-10T13:02:24Z,STR-E-KOHN-A,0 € + 0.17 €/kWh
2026-10-10T13:02:24Z,STR-E-KT5B-A,0 € + 0.17 €/kWh
2026-10-10T13:02:24Z,STR-E-KUKS-A,0.08 € + 0.12 €/kWh
2026-10-10T13:02:24Z,STR-E-KUKS-B,0.08 € + 0.12 €/kWh
2026-10-10T13:02:24Z,STR-E-L84D-A,0.08 €/kWh
2026-10-10T13:02:24Z,STR-E-LISV-A,0.08 €/kWh
2026-10-10T13:02:24Z,STR-E-LKFQ-A,0.08 €/kWh
2026-10-10T13:02:24Z,STR-E-LREY-A,0.29 €/kWh
2026-10-10T13:02:24Z,STR-E-M1IB-A,0.08 €/kWh
2026-10-10T13:02:24Z,STR-E-M8WL-A,0.08 €/kWh
2026-10-10T13:02:24Z,STR-E-M9W7-A,0.08 €/kWh
2026-10-10T13:02:24Z,STR-E-MSEN-A,0.08 €/kWh
2026-10-10T13:02:24Z,STR-E-MSUL-A,0.08 €/kWh
2026-10-10T13:02:24Z,STR-E-N6P5-A,0.08 €/kWh
2026-10-10T13:02:24Z,STR-E-NCKT-A,0.08 € + 0.12 €/kWh
2026-10-10T13:02:24Z,STR-E-NCKT-B,0.08 € + 0.12 €/kWh
2026-10-10T13:02:24Z,STR-E-NDU2-A,0 € + 0.17 €/kWh
2026-10-10T13:02:24Z,STR-E-NDZ4-A,0 € + 0.17 €/kWh
2026-10-10T13:02:24Z,STR-E-NFV5-A,0 € + 0.17 €/kWh
2026-10-10T13:02:24Z,STR-E-NNGC-A,0.08 €/kWh
2026-10-10T13:02:24Z,STR-E-NSGB-A,0 € + 0.17 €/kWh
2026-10-10T13:02:24Z,STR-E-NY0Q-A,0.15 € + 0.18 €/kWh
2026-10-10T13:02:24Z,STR-E-O0VK-A,0.08 €/kWh
2026-10-10T13:02:24Z,STR-E-O5JX-A,0 € + 0.17 €/kWh
2026-10-10T13:02:24Z,STR-E-O5YW-A,0.08 € + 0.12 €/kWh
2026-10-10T13:02:24Z,STR-E-O5YW-B,0.08 € + 0.12 €/kWh
2026-10-10T13:02:24Z,STR-E-ODBK-A,0.28 €/kWh
2026-10-10T13:02:24Z,STR-E-ODBK-B,0.28 €/kWh
2026-10-10T13:02:24Z,STR-E-OFWF-A,0 € + 0.17 €/kWh
2026-10-10T13:02:24Z,STR-E-OG1X-A,0.08 €/kWh
2026-10-10T13:02:24Z,STR-E-OHH6-A,0 € + 0.17 €/kWh
2026-10-10T13:02:24Z,STR-E-OJ3E-A,0.18 €/kWh + 0.23 €
2026-10-10T13:02:24Z,STR-E-OJ3E-B,0.18 €/kWh + 0.23 €
2026-10-10T13:02:24Z,STR-E-OQKZ-A,0.08 €/kWh
2026-10-10T13:02:24Z,STR-E-P46N-A,0 € + 0.17 €/kWh
2026-10-10T13:02:24Z,STR-E-P7AF-A,0.08 € + 0.12 €/kWh
2026-10-10T13:02:24Z,STR-E-P7AF-B,0.08 € + 0.12 €/kWh
2026-10-10T13:02:24Z,STR-E-PC04-A,0.08 €/kWh
2026-10-10T13:02:24Z,STR-E-PDR2-A,0.08 €/kWh
2026-10-10T13:02:24Z,STR-E-PJCQ-A,0.08 € + 0.12 €/kWh
2026-10-10T13:02:24Z,STR-E-PJCQ-B,0.08 € + 0.12 €/kWh
2026-10-10T13:02:24Z,STR-E-PM3P-A,0.18 €/kWh + 0.23 €
2026-10-10T13:02:24Z,STR-E-PM3P-B,0.18 €/kWh + 0.23 €
2026-10-10T13:02:24Z,STR-E-PRUQ-A,0.08 €/kWh
2026-10-10T13:02:24Z,STR-E-PSU9-A,0.08 €/kWh
2026-10-10T13:02:24Z,STR-E-PZ9U-A,0.08 €/kWh
2026-10-10T13:02:24Z,STR-E-PZES-A,0.08 €/kWh
2026-10-10T13:02:24Z,STR-E-Q5YF-A,0.18 €/kWh + 0.23 €
2026-10-10T13:02:24Z,STR-E-Q5YF-B,0.18 €/kWh + 0.23 €
2026-10-10T13:02:24Z,STR-E-Q7LB-A,0.18 €/kWh + 0.23 €
2026-10-10T13:02:24Z,STR-E-Q7LB-B,0.18 €/kWh + 0.23 €
2026-10-10T13:02:24Z,STR-E-QAXH-A,0.15 € + 0.18 €/kWh
2026-10-10T13:02:24Z,STR-E-QE1X-A,0.08 € + 0.12 €/kWh
2026-10-10T13:02:24Z,STR-E-QE1X-B,0.08 € + 0.12 €/kWh
2026-10-10T13:02:24Z,STR-E-QEDL-A,0.08 €/kWh
2026-10-10T13:02:24Z,STR-E-QIQM-A,0.08 €/kWh
2026-10-10T13:02:24Z,STR-E-R0J8-A,0.08 €/kWh
2026-10-10T13:02:24Z,STR-E-R1MT-A,0.18 €/kWh + 0.23 €
2026-10-10T13:02:24Z,STR-E-R1MT-B,0.18 €/kWh + 0.23 €
2026-10-10T13:02:24Z,STR-E-R1PI-A,0.18 €/kWh + 0.23 €
2026-10-10T13:02:24Z,STR-E-R1PI-B,0.18 €/kWh + 0.23 €
2026-10-10T13:02:24Z,STR-E-R2LK-A,0.18 €/kWh + 0.23 €
2026-10-10T13:02:24Z,STR-E-R2LK-B,0.18 €/kWh + 0.23 €
2026-10-10T13:02:24Z,STR-E-R8PQ-A,0 € + 0.17 €/kWh
2026-10-10T13:02:24Z,STR-E-R9GA-A,0.08 €/kWh
2026-10-10T13:02:24Z,STR-E-RJH9-A,0.08 €/kWh
2026-10-10T13:02:24Z,STR-E-RKWJ-A,0.08 €/kWh
2026-10-10T13:02:24Z,STR-E-S42D-A,0.08 €/kWh
2026-10-10T13:02:24Z,STR-E-S6VR-A,0 € + 0.17 €/kWh
2026-10-10T13:02:24Z,STR-E-S7YR-A,0.18 €/kWh + 0.23 €
2026-10-10T13:02:24Z,STR-E-S7YR-B,0.18 €/kWh + 0.23 €
2026-10-10T13:02:24Z,STR-E-SGC2-A,0 € + 0.17 €/kWh
2026-10-10T13:02:24Z,STR-E-SJKA-A,0.08 €/kWh
2026-10-10T13:02:24Z,STR-E-SQX8-A,0.08 € + 0.12 €/kWh
2026-10-10T13:02:24Z,STR-E-SQX8-B,0.08 € + 0.12 €/kWh
2026-10-10T13:02:24Z,STR-E-SVR3-A,0.18 €/kWh + 0.23 €
2026-10-10T13:02:24Z,STR-E-SVR3-B,0.18 €/kWh + 0.23 €
2026-10-10T13:02:24Z,STR-E-SY9Y-A,0.08 €/kWh
2026-10-10T13:02:24Z,STR-E-TO2O-A,0.08 €/kWh
2026-10-10T13:02:24Z,STR-E-TX67-A,0.2 €/kWh
2026-10-10T13:02:24Z,STR-E-TX67-B,0.2 €/kWh
2026-10-10T13:02:24Z,STR-E-U41O-A,0 € + 0.17 €/kWh
2026-10-10T13:02:24Z,STR-E-U5TP-A,0.08 €/kWh
2026-10-10T13:02:24Z,STR-E-UKPS-A,0.15 € + 0.18 €/kWh
2026-10-10T13:02:24Z,STR-E-UPOS-A,0.08 € + 0.12 €/kWh
2026-10-10T13:02:24Z,STR-E-UPOS-B,0.08 € + 0.12 €/kWh
2026-10-10T13:02:24Z,STR-E-UY5H-A,0.08 €/kWh
2026-10-10T13:02:24Z,STR-E-V17G-A,0.08 €/kWh
2026-10-10T13:02:24Z,STR-E-V31J-A,0.08 €/kWh
2026-10-10T13:02:24Z,STR-E-V50T-A,0.08 €/kWh
2026-10-10T13:02:24Z,STR-E-V9SD-A,0.08 €/kWh
2026-10-10T13:02:24Z,STR-E-V9ZR-A,0.08 €/kWh
2026-10-10T13:02:24Z,STR-E-VBMP-A,0.08 €/kWh
2026-10-10T13:02:24Z,STR-E-VJBJ-A,0 € + 0.17 €/kWh
2026-10-10T13:02:24Z,STR-E-VPDB-A,0.08 €/kWh
2026-10-10T13:02:24Z,STR-E-VQ06-A,0 € + 0.17 €/kWh
2026-10-10T13:02:24Z,STR-E-VSDJ-A,0.2 €/kWh
2026-10-10T13:02:24Z,STR-E-VSDJ-B,0.2 €/kWh
2026-10-10T13:02:24Z,STR-E-VT0G-A,0.08 €/kWh
2026-10-10T13:02:24Z,STR-E-VX2O-A,0 € + 0.17 €/kWh
2026-10-10T13:02:24Z,STR-E-VXGH-A,0.08 €/kWh
2026-10-10T13:02:24Z,STR-E-W1X4-A,0.08 €/kWh
2026-10-10T13:02:24Z,STR-E-WEE3-A,0.18 €/kWh + 0.23 €
2026-10-10T13:02:24Z,STR-E-WEE3-B,0.18 €/kWh + 0.23 €
2026-10-10T13:02:24Z,STR-E-WHZ1-A,0 € + 0.17 €/kWh
2026-10-10T13:02:24Z,STR-E-WLGM-A,0 € + 0.17 €/kWh
2026-10-10T13:02:24Z,STR-E-WTQ5-A,0.18 €/kWh
2026-10-10T13:02:24Z,STR-E-WXV8-A,0.08 €/kWh
2026-10-10T13:02:24Z,STR-E-WYFE-A,0.18 €/kWh
2026-10-10T13:02:24Z,STR-E-WYFE-B,0.18 €/kWh
2026-10-10T13:02:24Z,STR-E-WYYC-A,0.18 €/kWh + 0.23 €
2026-10-10T13:02:24Z,STR-E-WYYC-B,0.18 €/kWh + 0.23 €
2026-10-10T13:02:24Z,STR-E-WZW9-A,0.08 €/kWh
2026-10-10T13:02:24Z,STR-E-X525-A,0.08 €/kWh
2026-10-10T13:02:24Z,STR-E-X54O-A,0 € + 0.17 €/kWh
2026-10-10T13:02:24Z,STR-E-XCMJ-A,0.08 € + 0.12 €/kWh
2026-10-10T13:02:24Z,STR-E-XCMJ-B,0.08 € + 0.12 €/kWh
2026-10-10T13:02:24Z,STR-E-XFON-A,0.08 €/kWh
2026-10-10T13:02:24Z,STR-E-XG69-A,0.08 € + 0.12 €/kWh
2026-10-10T13:02:24Z,STR-E-XG69-B,0.08 € + 0.12 €/kWh
2026-10-10T13:02:24Z,STR-E-XH51-A,0 € + 0.17 €/kWh
2026-10-10T13:02:24Z,STR-E-XKW2-A,0.18 €/kWh + 0.23 €
2026-10-10T13:02:24Z,STR-E-XKW2-B,0.18 €/kWh + 0.23 €
2026-10-10T13:02:24Z,STR-E-XRV8-A,0 € + 0.17 €/kWh
2026-10-10T13:02:24Z,STR-E-Y7JK-A,0 € + 0.17 €/kWh
2026-10-10T13:02:24Z,STR-E-Y82E-A,0 € + 0.17 €/kWh
2026-10-10T13:02:24Z,STR-E-YC50-A,0.08 €/kWh
2026-10-10T13:02:24Z,STR-E-Z2PJ-A,0.08 € + 0.12 €/kWh
2026-10-10T13:02:24Z,STR-E-Z2PJ-B,0.08 € + 0.12 €/kWh
2026-10-10T13:02:24Z,STR-E-ZA6O-A,0.08 €/kWh
2026-10-10T13:02:24Z,STR-E-ZEP7-A,0 € + 0.17 €/kWh
2026-10-10T13:02:24Z,STR-E-ZIAZ-A,0 € + 0.17 €/kWh
2026-10-10T13:02:24Z,STR-E-ZK9W-A,0 € + 0.17 €/kWh
2026-10-10T13:02:24Z,STR-E-ZS00-A,0.18 €/kWh + 0.23 €
2026-10-10T13:02:24Z,STR-E-ZS00-B,0.18 €/kWh + 0.23 €
2026-10-10T13:02:24Z,STR-E-ZWU5-A,0.08 € + 0.12 €/kWh
2026-10-10T13:02:24Z,STR-E-ZWU5-B,0.08 € + 0.12 €/kWh
2026-10-10T13:16:23Z,IKR-E-1220-A,0.3 € + 0.18 €/kWh
2026-10-10T13:16:23Z,IKR-E-1871-A,0.3 € + 0.18 €/kWh
2026-10-10T13:16:23Z,IKR-E-2G8J-A,0.3 € + 0.18 €/kWh
2026-10-10T13:16:23Z,IKR-E-3TSR-A,0.3 € + 0.18 €/kWh
2026-10-10T13:16:23Z,IKR-E-5715-A,0.3 € + 0.18 €/kWh
2026-10-10T13:16:23Z,IKR-E-5730-A,0.3 € + 0.24 €/kWh
2026-10-10T13:16:23Z,IKR-E-5CGU-A,0.3 € + 0.18 €/kWh
2026-10-10T13:16:23Z,IKR-E-7718-A,0.3 € + 0.24 €/kWh
2026-10-10T13:16:23Z,IKR-E-DVCM-A,0.3 € + 0.18 €/kWh
2026-10-10T13:16:23Z,IKR-E-GAY9-A,0.3 € + 0.18 €/kWh
2026-10-10T13:16:23Z,IKR-E-IZW2-A,0.3 € + 0.18 €/kWh
2026-10-10T13:16:23Z,IKR-E-JJAJ-A,0.3 € + 0.18 €/kWh
2026-10-10T13:16:23Z,IKR-E-KMBH-A,0.3 € + 0.18 €/kWh
2026-10-10T13:16:23Z,IKR-E-LJZI-A,0.3 € + 0.18 €/kWh
2026-10-10T13:16:23Z,IKR-E-XIH2-A,0.3 € + 0.18 €/kWh
2026-10-10T13:16:23Z,IKR-P-IV7E-B,0.3 € + 0.18 €/kWh
2026-10-10T13:16:23Z,STR-E-027B-A,0.19 €/kWh + 0.23 €
2026-10-10T13:16:23Z,STR-E-027B-B,0.19 €/kWh + 0.23 €
2026-10-10T13:16:23Z,STR-E-02VO-A,0.21 €/kWh
2026-10-10T13:16:23Z,STR-E-02VO-B,0.21 €/kWh
2026-10-10T13:16:23Z,STR-E-92KW-A,0.19 €/kWh + 0.23 €
2026-10-10T13:16:23Z,STR-E-A27N-A,0.21 €/kWh
2026-10-10T13:16:23Z,STR-E-A27N-B,0.21 €/kWh
2026-10-10T13:16:23Z,STR-E-A27N-C,0.21 €/kWh
2026-10-10T13:16:23Z,STR-E-ANJ0-A,0.19 €/kWh + 0.23 €
2026-10-10T13:16:23Z,STR-E-ANJ0-B,0.19 €/kWh + 0.23 €
2026-10-10T13:16:23Z,STR-E-AP96-A,0.19 €/kWh + 0.23 €
2026-10-10T13:16:23Z,STR-E-AP96-B,0.19 €/kWh + 0.23 €
2026-10-10T13:16:23Z,STR-E-AWJ9-A,0.21 €/kWh
2026-10-10T13:16:23Z,STR-E-AWJ9-B,0.21 €/kWh
2026-10-10T13:16:23Z,STR-E-BIKW-A,0.19 €/kWh + 0.23 €
2026-10-10T13:16:23Z,STR-E-BIKW-B,0.19 €/kWh + 0.23 €
2026-10-10T13:16:23Z,STR-E-D3MB-A,0.19 €/kWh + 0.23 €
2026-10-10T13:16:23Z,STR-E-D3MB-B,0.19 €/kWh + 0.23 €
2026-10-10T13:16:23Z,STR-E-ELFQ-A,0.19 €/kWh + 0.23 €
2026-10-10T13:16:23Z,STR-E-ELFQ-B,0.19 €/kWh + 0.23 €
2026-10-10T13:16:23Z,STR-E-F79A-A,0.19 €/kWh + 0.23 €
2026-10-10T13:16:23Z,STR-E-F79A-B,0.19 €/kWh + 0.23 €
2026-10-10T13:16:23Z,STR-E-IGH5-A,0.19 €/kWh + 0.23 €
2026-10-10T13:16:23Z,STR-E-IGH5-B,0.19 €/kWh + 0.23 €
2026-10-10T13:16:23Z,STR-E-JG90-A,0.1 €/kWh + 0.3 €
2026-10-10T13:16:23Z,STR-E-JG90-B,0.1 €/kWh + 0.3 €
2026-10-10T13:16:23Z,STR-E-PM3P-A,0.19 €/kWh + 0.23 €
2026-10-10T13:16:23Z,STR-E-PM3P-B,0.19 €/kWh + 0.23 €
2026-10-10T13:16:23Z,STR-E-Q5YF-A,0.19 €/kWh + 0.23 €
2026-10-10T13:16:23Z,STR-E-Q5YF-B,0.19 €/kWh + 0.23 €
2026-10-10T13:16:23Z,STR-E-Q7LB-A,0.19 €/kWh + 0.23 €
2026-10-10T13:16:23Z,STR-E-Q7LB-B,0.19 €/kWh + 0.23 €
2026-10-10T13:16:23Z,STR-E-R1MT-A,0.19 €/kWh + 0.23 €
2026-10-10T13:16:23Z,STR-E-R1MT-B,0.19 €/kWh + 0.23 €
2026-10-10T13:16:23Z,STR-E-R1PI-A,0.19 €/kWh + 0.23 €
2026-10-10T13:16:23Z,STR-E-R1PI-B,0.19 €/kWh + 0.23 €
2026-10-10T13:16:23Z,STR-E-R2LK-A,0.19 €/kWh + 0.23 €
2026-10-10T13:16:23Z,STR-E-R2LK-B,0.19 €/kWh + 0.23 €
2026-10-10T13:16:23Z,STR-E-S7YR-A,0.19 €/kWh + 0.23 €
2026-10-10T13:16:23Z,STR-E-S7YR-B,0.19 €/kWh + 0.23 €
2026-10-10T13:16:23Z,STR-E-SVR3-A,0.19 €/kWh + 0.23 €
2026-10-10T13:16:23Z,STR-E-SVR3-B,0.19 €/kWh + 0.23 €
2026-10-10T13:16:23Z,STR-E-TX67-A,0.21 €/kWh
2026-10-10T13:16:23Z,STR-E-TX67-B,0.21 €/kWh
2026-10-10T13:16:23Z,STR-E-VSDJ-A,0.21 €/kWh
2026-10-10T13:16:23Z,STR-E-VSDJ-B,0.21 €/kWh
2026-10-10T13:16:23Z,STR-E-WEE3-A,0.19 €/kWh + 0.23 €
2026-10-10T13:16:23Z,STR-E-WEE3-B,0.19 €/kWh + 0.23 €
2026-10-10T13:16:23Z,STR-E-XKW2-A,0.19 €/kWh + 0.23 €
2026-10-10T13:16:23Z,STR-E-XKW2-B,0.19 €/kWh + 0.23 €
2026-10-10T13:16:23Z,STR-E-ZS00-A,0.19 €/kWh + 0.23 €
2026-10-10T13:16:23Z,STR-E-ZS00-B,0.19 €/kWh + 0.23 €
2026-10-10T13:18:23Z,STR-E-051F-A,0.08 € + 0.13 €/kWh
2026-10-10T13:18:23Z,STR-E-0698-A,0.09 €/kWh
2026-10-10T13:18:23Z,STR-E-0GEL-A,0.09 €/kWh
2026-10-10T13:18:23Z,STR-E-10G9-A,0.08 € + 0.13 €/kWh
2026-10-10T13:18:23Z,STR-E-10G9-B,0.08 € + 0.13 €/kWh
2026-10-10T13:18:23Z,STR-E-1162-A,0.09 €/kWh
2026-10-10T13:18:23Z,STR-E-11DT-A,0.09 €/kWh
2026-10-10T13:18:23Z,STR-E-1887-A,0.09 €/kWh
2026-10-10T13:18:23Z,STR-E-1927-A,0.09 €/kWh
2026-10-10T13:18:23Z,STR-E-1ME5-A,0.08 € + 0.13 €/kWh
2026-10-10T13:18:23Z,STR-E-1ME5-B,0.08 € + 0.13 €/kWh
2026-10-10T13:18:23Z,STR-E-1MJQ-A,0.09 €/kWh
2026-10-10T13:18:23Z,STR-E-21O1-A,0.19 €/kWh
2026-10-10T13:18:23Z,STR-E-21O1-B,0.19 €/kWh
2026-10-10T13:18:23Z,STR-E-2D12-A,0.09 €/kWh
2026-10-10T13:18:23Z,STR-E-2ED4-A,0.09 €/kWh
2026-10-10T13:18:23Z,STR-E-320G-A,0.09 €/kWh
2026-10-10T13:18:23Z,STR-E-3468-A,0.19 €/kWh
2026-10-10T13:18:23Z,STR-E-3468-B,0.19 €/kWh
2026-10-10T13:18:23Z,STR-E-3ENA-A,0.19 €/kWh
2026-10-10T13:18:23Z,STR-E-3ENA-B,0.19 €/kWh
2026-10-10T13:18:23Z,STR-E-3ENA-C,0.19 €/kWh
2026-10-10T13:18:23Z,STR-E-3FMF-A,0.19 €/kWh + 0.23 €
2026-10-10T13:18:23Z,STR-E-3FMF-B,0.19 €/kWh + 0.23 €
2026-10-10T13:18:23Z,STR-E-3PZS-A,0.09 €/kWh
2026-10-10T13:18:23Z,STR-E-3SXI-A,0.19 €/kWh
2026-10-10T13:18:23Z,STR-E-3SXI-B,0.19 €/kWh
2026-10-10T13:18:23Z,STR-E-3TZI-A,0.09 €/kWh
2026-10-10T13:18:23Z,STR-E-3YH3-A,0.08 € + 0.13 €/kWh
2026-10-10T13:18:23Z,STR-E-3YH3-B,0.08 € + 0.13 €/kWh
2026-10-10T13:18:23Z,STR-E-4LRS-A,0.09 €/kWh
2026-10-10T13:18:23Z,STR-E-4UGU-A,0.09 €/kWh
2026-10-10T13:18:23Z,STR-E-54PK-A,0.08 € + 0.13 €/kWh
2026-10-10T13:18:23Z,STR-E-54PK-B,0.08 € + 0.13 €/kWh
2026-10-10T13:18:23Z,STR-E-59TF-A,0.08 € + 0.13 €/kWh
2026-10-10T13:18:23Z,STR-E-5DWB-A,0.09 €/kWh
2026-10-10T13:18:23Z,STR-E-5TI5-A,0.09 €/kWh
2026-10-10T13:18:23Z,STR-E-69PN-A,0.09 €/kWh
2026-10-10T13:18:23Z,STR-E-6CNG-A,0.09 €/kWh
2026-10-10T13:18:23Z,STR-E-6SQH-A,0.09 €/kWh
2026-10-10T13:18:23Z,STR-E-6UZQ-A,0.19 €/kWh
2026-10-10T13:18:23Z,STR-E-6UZQ-B,0.19 €/kWh
2026-10-10T13:18:23Z,STR-E-7A48-A,0.08 € + 0.13 €/kWh
2026-10-10T13:18:23Z,STR-E-86C0-A,0.09 €/kWh
2026-10-10T13:18:23Z,STR-E-88SA-A,0.09 €/kWh
2026-10-10T13:18:23Z,STR-E-8M2O-A,0.09 €/kWh
2026-10-10T13:18:23Z,STR-E-8XL5-A,0.09 €/kWh
2026-10-10T13:18:23Z,STR-E-8Y23-A,0.09 €/kWh
2026-10-10T13:18:23Z,STR-E-9I2R-A,0.09 €/kWh
2026-10-10T13:18:23Z,STR-E-9TUZ-A,0.09 €/kWh
2026-10-10T13:18:23Z,STR-E-9WY2-A,0.09 €/kWh
2026-10-10T13:18:23Z,STR-E-A442-A,0.09 €/kWh
2026-10-10T13:18:23Z,STR-E-AABG-A,0.09 €/kWh
2026-10-10T13:18:23Z,STR-E-ACMT-A,0.09 €/kWh
2026-10-10T13:18:23Z,STR-E-AF2O-A,0.08 € + 0.13 €/kWh
2026-10-10T13:18:23Z,STR-E-AWF1-A,0.08 € + 0.13 €/kWh
2026-10-10T13:18:23Z,STR-E-AWF1-B,0.08 € + 0.13 €/kWh
2026-10-10T13:18:23Z,STR-E-B36V-A,0.19 € + 0.26 €/kWh
2026-10-10T13:18:23Z,STR-E-B36V-B,0.19 € + 0.26 €/kWh
2026-10-10T13:18:23Z,STR-E-BXA5-A,0.09 €/kWh
2026-10-10T13:18:23Z,STR-E-C91L-A,0.09 €/kWh
2026-10-10T13:18:23Z,STR-E-DBCC-A,0.08 € + 0.13 €/kWh
2026-10-10T13:18:23Z,STR-E-DBCC-B,0.08 € + 0.13 €/kWh
2026-10-10T13:18:23Z,STR-E-E0DZ-A,0.19 €/kWh
2026-10-10T13:18:23Z,STR-E-E0DZ-B,0.19 €/kWh
2026-10-10T13:18:23Z,STR-E-E7HH-A,0.09 €/kWh
2026-10-10T13:18:23Z,STR-E-EU1U-A,0.09 €/kWh
2026-10-10T13:18:23Z,STR-E-F2G0-A,0.08 € + 0.13 €/kWh
2026-10-10T13:18:23Z,STR-E-F2G0-B,0.08 € + 0.13 €/kWh
2026-10-10T13:18:23Z,STR-E-F4B3-A,0.09 €/kWh
2026-10-10T13:18:23Z,STR-E-F5LZ-A,0.09 €/kWh
2026-10-10T13:18:23Z,STR-E-FGMF-A,0.09 €/kWh
2026-10-10T13:18:23Z,STR-E-FK06-A,0.09 €/kWh
2026-10-10T13:18:23Z,STR-E-FUE8-A,0.08 € + 0.13 €/kWh
2026-10-10T13:18:23Z,STR-E-FUE8-B,0.08 € + 0.13 €/kWh
2026-10-10T13:18:23Z,STR-E-G4VM-A,0.09 €/kWh
2026-10-10T13:18:23Z,STR-E-G518-A,0.09 €/kWh
2026-10-10T13:18:23Z,STR-E-GB9A-A,0.09 €/kWh
2026-10-10T13:18:23Z,STR-E-GGV8-A,0.09 €/kWh
2026-10-10T13:18:23Z,STR-E-GHJA-A,0.09 €/kWh
2026-10-10T13:18:23Z,STR-E-GR5K-A,0.09 €/kWh
2026-10-10T13:18:23Z,STR-E-H6Q5-A,0.09 €/kWh
2026-10-10T13:18:23Z,STR-E-I4UZ-A,0.09 €/kWh
2026-10-10T13:18:23Z,STR-E-I5FH-A,0.09 €/kWh
2026-10-10T13:18:23Z,STR-E-I8C6-A,0.09 €/kWh
2026-10-10T13:18:23Z,STR-E-IA3X-A,0.09 €/kWh
2026-10-10T13:18:23Z,STR-E-IIKL-A,0.08 € + 0.13 €/kWh
2026-10-10T13:18:23Z,STR-E-IIKL-B,0.08 € + 0.13 €/kWh
2026-10-10T13:18:23Z,STR-E-JVO0-A,0.09 €/kWh
2026-10-10T13:18:23Z,STR-E-K73C-A,0.19 €/kWh + 0.23 €
2026-10-10T13:18:23Z,STR-E-K73C-B,0.19 €/kWh + 0.23 €
2026-10-10T13:18:23Z,STR-E-KBZL-A,0.09 €/kWh
2026-10-10T13:18:23Z,STR-E-KUKS-A,0.08 € + 0.13 €/kWh
2026-10-10T13:18:23Z,STR-E-KUKS-B,0.08 € + 0.13 €/kWh
2026-10-10T13:18:23Z,STR-E-L84D-A,0.09 €/kWh
2026-10-10T13:18:23Z,STR-E-LISV-A,0.09 €/kWh
2026-10-10T13:18:23Z,STR-E-LKFQ-A,0.09 €/kWh
2026-10-10T13:18:23Z,STR-E-M1IB-A,0.09 €/kWh
2026-10-10T13:18:23Z,STR-E-M8WL-A,0.09 €/kWh
2026-10-10T13:18:23Z,STR-E-M9W7-A,0.09 €/kWh
2026-10-10T13:18:23Z,STR-E-MSEN-A,0.09 €/kWh
2026-10-10T13:18:23Z,STR-E-MSUL-A,0.09 €/kWh
2026-10-10T13:18:23Z,STR-E-N6P5-A,0.09 €/kWh
2026-10-10T13:18:23Z,STR-E-NCKT-A,0.08 € + 0.13 €/kWh
2026-10-10T13:18:23Z,STR-E-NCKT-B,0.08 € + 0.13 €/kWh
2026-10-10T13:18:23Z,STR-E-NNGC-A,0.09 €/kWh
2026-10-10T13:18:23Z,STR-E-O0VK-A,0.09 €/kWh
2026-10-10T13:18:23Z,STR-E-O5YW-A,0.08 € + 0.13 €/kWh
2026-10-10T13:18:23Z,STR-E-O5YW-B,0.08 € + 0.13 €/kWh
2026-10-10T13:18:23Z,STR-E-OG1X-A,0.09 €/kWh
2026-10-10T13:18:23Z,STR-E-OJ3E-A,0.19 €/kWh + 0.23 €
2026-10-10T13:18:23Z,STR-E-OJ3E-B,0.19 €/kWh + 0.23 €
2026-10-10T13:18:23Z,STR-E-OQKZ-A,0.09 €/kWh
2026-10-10T13:18:23Z,STR-E-P7AF-A,0.08 € + 0.13 €/kWh
2026-10-10T13:18:23Z,STR-E-P7AF-B,0.08 € + 0.13 €/kWh
2026-10-10T13:18:23Z,STR-E-PC04-A,0.09 €/kWh
2026-10-10T13:18:23Z,STR-E-PDR2-A,0.09 €/kWh
2026-10-10T13:18:23Z,STR-E-PJCQ-A,0.08 € + 0.13 €/kWh
2026-10-10T13:18:23Z,STR-E-PJCQ-B,0.08 € + 0.13 €/kWh
2026-10-10T13:18:23Z,STR-E-PRUQ-A,0.09 €/kWh
2026-10-10T13:18:23Z,STR-E-PSU9-A,0.09 €/kWh
2026-10-10T13:18:23Z,STR-E-PZ9U-A,0.09 €/kWh
2026-10-10T13:18:23Z,STR-E-PZES-A,0.09 €/kWh
2026-10-10T13:18:23Z,STR-E-QE1X-A,0.08 € + 0.13 €/kWh
2026-10-10T13:18:23Z,STR-E-QE1X-B,0.08 € + 0.13 €/kWh
2026-10-10T13:18:23Z,STR-E-QEDL-A,0.09 €/kWh
2026-10-10T13:18:23Z,STR-E-QIQM-A,0.09 €/kWh
2026-10-10T13:18:23Z,STR-E-R0J8-A,0.09 €/kWh
2026-10-10T13:18:23Z,STR-E-R9GA-A,0.09 €/kWh
2026-10-10T13:18:23Z,STR-E-RJH9-A,0.09 €/kWh
2026-10-10T13:18:23Z,STR-E-RKWJ-A,0.09 €/kWh
2026-10-10T13:18:23Z,STR-E-S42D-A,0.09 €/kWh
2026-10-10T13:18:23Z,STR-E-SJKA-A,0.09 €/kWh
2026-10-10T13:18:23Z,STR-E-SQX8-A,0.08 € + 0.13 €/kWh
2026-10-10T13:18:23Z,STR-E-SQX8-B,0.08 € + 0.13 €/kWh
2026-10-10T13:18:23Z,STR-E-SY9Y-A,0.09 €/kWh
2026-10-10T13:18:23Z,STR-E-TO2O-A,0.09 €/kWh
2026-10-10T13:18:23Z,STR-E-U5TP-A,0.09 €/kWh
2026-10-10T13:18:23Z,STR-E-UPOS-A,0.08 € + 0.13 €/kWh
2026-10-10T13:18:23Z,STR-E-UPOS-B,0.08 € + 0.13 €/kWh
2026-10-10T13:18:23Z,STR-E-UY5H-A,0.09 €/kWh
2026-10-10T13:18:23Z,STR-E-V17G-A,0.09 €/kWh
2026-10-10T13:18:23Z,STR-E-V31J-A,0.09 €/kWh
2026-10-10T13:18:23Z,STR-E-V50T-A,0.09 €/kWh
2026-10-10T13:18:23Z,STR-E-V9SD-A,0.09 €/kWh
2026-10-10T13:18:23Z,STR-E-V9ZR-A,0.09 €/kWh
2026-10-10T13:18:23Z,STR-E-VBMP-A,0.09 €/kWh
2026-10-10T13:18:23Z,STR-E-VPDB-A,0.09 €/kWh
2026-10-10T13:18:23Z,STR-E-VT0G-A,0.09 €/kWh
2026-10-10T13:18:23Z,STR-E-VXGH-A,0.09 €/kWh
2026-10-10T13:18:23Z,STR-E-W1X4-A,0.09 €/kWh
2026-10-10T13:18:23Z,STR-E-WTQ5-A,0.19 €/kWh
2026-10-10T13:18:23Z,STR-E-WXV8-A,0.09 €/kWh
2026-10-10T13:18:23Z,STR-E-WYFE-A,0.19 €/kWh
2026-10-10T13:18:23Z,STR-E-WYFE-B,0.19 €/kWh
2026-10-10T13:18:23Z,STR-E-WYYC-A,0.19 €/kWh + 0.23 €
2026-10-10T13:18:23Z,STR-E-WYYC-B,0.19 €/kWh + 0.23 €
2026-10-10T13:18:23Z,STR-E-WZW9-A,0.09 €/kWh
2026-10-10T13:18:23Z,STR-E-X525-A,0.09 €/kWh
2026-10-10T13:18:23Z,STR-E-XCMJ-A,0.08 € + 0.13 €/kWh
2026-10-10T13:18:23Z,STR-E-XCMJ-B,0.08 € + 0.13 €/kWh
2026-10-10T13:18:23Z,STR-E-XFON-A,0.09 €/kWh
2026-10-10T13:18:23Z,STR-E-XG69-A,0.08 € + 0.13 €/kWh
2026-10-10T13:18:23Z,STR-E-XG69-B,0.08 € + 0.13 €/kWh
2026-10-10T13:18:23Z,STR-E-YC50-A,0.09 €/kWh
2026-10-10T13:18:23Z,STR-E-Z2PJ-A,0.08 € + 0.13 €/kWh
2026-10-10T13:18:23Z,STR-E-Z2PJ-B,0.08 € + 0.13 €/kWh
2026-10-10T13:18:23Z,STR-E-ZA6O-A,0.09 €/kWh
2026-10-10T13:18:23Z,STR-E-ZWU5-A,0.08 € + 0.13 €/kWh
2026-10-10T13:18:23Z,STR-E-ZWU5-B,0.08 € + 0.13 €/kWh
2026-10-10T13:32:23Z,IKR-E-1220-A,0.3 € + 0.21 €/kWh
2026-10-10T13:32:23Z,IKR-E-1871-A,0.3 € + 0.21 €/kWh
2026-10-10T13:32:23Z,IKR-E-2G8J-A,0.3 € + 0.21 €/kWh
2026-10-10T13:32:23Z,IKR-E-3TSR-A,0.3 € + 0.21 €/kWh
2026-10-10T13:32:23Z,IKR-E-5715-A,0.3 € + 0.21 €/kWh
2026-10-10T13:32:23Z,IKR-E-5730-A,0.3 € + 0.27 €/kWh
2026-10-10T13:32:23Z,IKR-E-5CGU-A,0.3 € + 0.21 €/kWh
2026-10-10T13:32:23Z,IKR-E-7718-A,0.3 € + 0.27 €/kWh
2026-10-10T13:32:23Z,IKR-E-DVCM-A,0.3 € + 0.21 €/kWh
2026-10-10T13:32:23Z,IKR-E-E228-A,0.3 € + 0.24 €/kWh
2026-10-10T13:32:23Z,IKR-E-E475-A,0.3 € + 0.25 €/kWh
2026-10-10T13:32:23Z,IKR-E-E544-A,0.3 € + 0.25 €/kWh
2026-10-10T13:32:23Z,IKR-E-EKZA-A,0.3 € + 0.24 €/kWh
2026-10-10T13:32:23Z,IKR-E-GAY9-A,0.3 € + 0.21 €/kWh
2026-10-10T13:32:23Z,IKR-E-IZW2-A,0.3 € + 0.21 €/kWh
2026-10-10T13:32:23Z,IKR-E-J1JV-A,0.3 € + 0.24 €/kWh
2026-10-10T13:32:23Z,IKR-E-JJAJ-A,0.3 € + 0.21 €/kWh
2026-10-10T13:32:23Z,IKR-E-KMBH-A,0.3 € + 0.21 €/kWh
2026-10-10T13:32:23Z,IKR-E-LJZI-A,0.3 € + 0.21 €/kWh
2026-10-10T13:32:23Z,IKR-E-MAU9-A,0.29 € + 0.13 €/kWh
2026-10-10T13:32:23Z,IKR-E-OWF5-A,0.3 € + 0.27 €/kWh
2026-10-10T13:32:23Z,IKR-E-W6HQ-A,0.29 € + 0.13 €/kWh
2026-10-10T13:32:23Z,IKR-E-XIH2-A,0.3 € + 0.21 €/kWh
2026-10-10T13:32:23Z,IKR-E-Y2Z8-A,0.3 € + 0.21 €/kWh
2026-10-10T13:32:23Z,IKR-P-IV7E-B,0.3 € + 0.21 €/kWh
2026-10-10T13:32:23Z,IKR-P-SCM5-A,0.3 € + 0.27 €/kWh
2026-10-10T13:32:23Z,IKR-P-V9X4-A,0.3 € + 0.27 €/kWh
2026-10-10T13:32:23Z,IKR-P-V9X4-B,0.3 € + 0.27 €/kWh
2026-10-10T13:32:23Z,STR-E-02VO-A,0.22 €/kWh
2026-10-10T13:32:23Z,STR-E-02VO-B,0.22 €/kWh
2026-10-10T13:32:23Z,STR-E-04YS-A,0 € + 0.18 €/kWh
2026-10-10T13:32:23Z,STR-E-051F-A,0.08 € + 0.14 €/kWh
2026-10-10T13:32:23Z,STR-E-10G9-A,0.08 € + 0.14 €/kWh
2026-10-10T13:32:23Z,STR-E-10G9-B,0.08 € + 0.14 €/kWh
2026-10-10T13:32:23Z,STR-E-1ME5-A,0.08 € + 0.14 €/kWh
2026-10-10T13:32:23Z,STR-E-1ME5-B,0.08 € + 0.14 €/kWh
2026-10-10T13:32:23Z,STR-E-1MHB-A,0.3 €/kWh
2026-10-10T13:32:23Z,STR-E-1X30-A,0 € + 0.18 €/kWh
2026-10-10T13:32:23Z,STR-E-2446-A,0 € + 0.18 €/kWh
2026-10-10T13:32:23Z,STR-E-2K1Q-A,0 € + 0.18 €/kWh
2026-10-10T13:32:23Z,STR-E-2XDJ-A,0 € + 0.18 €/kWh
2026-10-10T13:32:23Z,STR-E-3WE5-A,0 € + 0.18 €/kWh
2026-10-10T13:32:23Z,STR-E-3YH3-A,0.08 € + 0.14 €/kWh
2026-10-10T13:32:23Z,STR-E-3YH3-B,0.08 € + 0.14 €/kWh
2026-10-10T13:32:23Z,STR-E-4156-A,0.25 €/kWh
2026-10-10T13:32:23Z,STR-E-4156-B,0.25 €/kWh
2026-10-10T13:32:23Z,STR-E-491A-A,0.19 €/kWh
2026-10-10T13:32:23Z,STR-E-491A-B,0.19 €/kWh
2026-10-10T13:32:23Z,STR-E-491A-C,0.19 €/kWh
2026-10-10T13:32:23Z,STR-E-4DE6-A,0.19 €/kWh
2026-10-10T13:32:23Z,STR-E-4DE6-B,0.19 €/kWh
2026-10-10T13:32:23Z,STR-E-4KWM-A,0.29 €/kWh
2026-10-10T13:32:23Z,STR-E-4KWM-B,0.29 €/kWh
2026-10-10T13:32:23Z,STR-E-4YKC-A,0 € + 0.18 €/kWh
2026-10-10T13:32:23Z,STR-E-527U-A,0 € + 0.18 €/kWh
2026-10-10T13:32:23Z,STR-E-54PK-A,0.08 € + 0.14 €/kWh
2026-10-10T13:32:23Z,STR-E-54PK-B,0.08 € + 0.14 €/kWh
2026-10-10T13:32:23Z,STR-E-55I4-A,0 € + 0.18 €/kWh
2026-10-10T13:32:23Z,STR-E-566J-A,0 € + 0.18 €/kWh
2026-10-10T13:32:23Z,STR-E-59TF-A,0.08 € + 0.14 €/kWh
2026-10-10T13:32:23Z,STR-E-6E7W-A,0 € + 0.18 €/kWh
2026-10-10T13:32:23Z,STR-E-6ZTQ-A,0 € + 0.18 €/kWh
2026-10-10T13:32:23Z,STR-E-7438-A,0 € + 0.18 €/kWh
2026-10-10T13:32:23Z,STR-E-7A48-A,0.08 € + 0.14 €/kWh
2026-10-10T13:32:23Z,STR-E-7YBN-A,0 € + 0.18 €/kWh
2026-10-10T13:32:23Z,STR-E-7Z8G-A,0.29 €/kWh
2026-10-10T13:32:23Z,STR-E-7Z8G-B,0.29 €/kWh
2026-10-10T13:32:23Z,STR-E-8A02-A,0 € + 0.18 €/kWh
2026-10-10T13:32:23Z,STR-E-8Q9F-A,0 € + 0.18 €/kWh
2026-10-10T13:32:23Z,STR-E-9AH3-A,0 € + 0.18 €/kWh
2026-10-10T13:32:23Z,STR-E-A169-A,0 € + 0.18 €/kWh
2026-10-10T13:32:23Z,STR-E-A27N-A,0.22 €/kWh
2026-10-10T13:32:23Z,STR-E-A27N-B,0.22 €/kWh
2026-10-10T13:32:23Z,STR-E-A27N-C,0.22 €/kWh
2026-10-10T13:32:23Z,STR-E-ADXE-A,0 € + 0.18 €/kWh
2026-10-10T13:32:23Z,STR-E-AF2O-A,0.08 € + 0.14 €/kWh
2026-10-10T13:32:23Z,STR-E-AMQK-A,0 € + 0.18 €/kWh
2026-10-10T13:32:23Z,STR-E-AUQ2-A,0 € + 0.18 €/kWh
2026-10-10T13:32:23Z,STR-E-AWF1-A,0.08 € + 0.14 €/kWh
2026-10-10T13:32:23Z,STR-E-AWF1-B,0.08 € + 0.14 €/kWh
2026-10-10T13:32:23Z,STR-E-AWJ9-A,0.22 €/kWh
2026-10-10T13:32:23Z,STR-E-AWJ9-B,0.22 €/kWh
2026-10-10T13:32:23Z,STR-E-C99Z-A,0 € + 0.18 €/kWh
2026-10-10T13:32:23Z,STR-E-DBCC-A,0.08 € + 0.14 €/kWh
2026-10-10T13:32:23Z,STR-E-DBCC-B,0.08 € + 0.14 €/kWh
2026-10-10T13:32:23Z,STR-E-DHEJ-A,0 € + 0.18 €/kWh
2026-10-10T13:32:23Z,STR-E-ECI7-A,0 € + 0.18 €/kWh
2026-10-10T13:32:23Z,STR-E-EFXK-A,0 € + 0.18 €/kWh
2026-10-10T13:32:23Z,STR-E-EPQY-A,0 € + 0.18 €/kWh
2026-10-10T13:32:23Z,STR-E-ER2N-A,0 € + 0.18 €/kWh
2026-10-10T13:32:23Z,STR-E-ES3O-A,0 € + 0.18 €/kWh
2026-10-10T13:32:23Z,STR-E-F2G0-A,0.08 € + 0.14 €/kWh
2026-10-10T13:32:23Z,STR-E-F2G0-B,0.08 € + 0.14 €/kWh
2026-10-10T13:32:23Z,STR-E-FKUY-A,0 € + 0.18 €/kWh
2026-10-10T13:32:23Z,STR-E-FUE8-A,0.08 € + 0.14 €/kWh
2026-10-10T13:32:23Z,STR-E-FUE8-B,0.08 € + 0.14 €/kWh
2026-10-10T13:32:23Z,STR-E-GE77-A,0.29 €/kWh
2026-10-10T13:32:23Z,STR-E-GE77-B,0.29 €/kWh
2026-10-10T13:32:23Z,STR-E-GFB3-A,0 € + 0.18 €/kWh
2026-10-10T13:32:23Z,STR-E-GK0C-A,0 € + 0.18 €/kWh
2026-10-10T13:32:23Z,STR-E-HHXV-A,0 € + 0.18 €/kWh
2026-10-10T13:32:23Z,STR-E-I1KE-A,0 € + 0.18 €/kWh
2026-10-10T13:32:23Z,STR-E-IAO5-A,0 € + 0.18 €/kWh
2026-10-10T13:32:23Z,STR-E-IIKL-A,0.08 € + 0.14 €/kWh
2026-10-10T13:32:23Z,STR-E-IIKL-B,0.08 € + 0.14 €/kWh
2026-10-10T13:32:23Z,STR-E-IPEC-A,0 € + 0.18 €/kWh
2026-10-10T13:32:23Z,STR-E-IV6T-A,0 € + 0.18 €/kWh
2026-10-10T13:32:23Z,STR-E-J54N-A,0 € + 0.18 €/kWh
2026-10-10T13:32:23Z,STR-E-J6DA-A,0 € + 0.18 €/kWh
2026-10-10T13:32:23Z,STR-E-J8VF-A,0 € + 0.18 €/kWh
2026-10-10T13:32:23Z,STR-E-JMOR-A,0 € + 0.18 €/kWh
2026-10-10T13:32:23Z,STR-E-K217-A,0 € + 0.18 €/kWh
2026-10-10T13:32:23Z,STR-E-KOHN-A,0 € + 0.18 €/kWh
2026-10-10T13:32:23Z,STR-E-KT5B-A,0 € + 0.18 €/kWh
2026-10-10T13:32:23Z,STR-E-KUKS-A,0.08 € + 0.14 €/kWh
2026-10-10T13:32:23Z,STR-E-KUKS-B,0.08 € + 0.14 €/kWh
2026-10-10T13:32:23Z,STR-E-LREY-A,0.3 €/kWh
2026-10-10T13:32:23Z,STR-E-MIP3-A,0.19 €/kWh
2026-10-10T13:32:23Z,STR-E-MIP3-B,0.19 €/kWh
2026-10-10T13:32:23Z,STR-E-NCKT-A,0.08 € + 0.14 €/kWh
2026-10-10T13:32:23Z,STR-E-NCKT-B,0.08 € + 0.14 €/kWh
2026-10-10T13:32:23Z,STR-E-NDU2-A,0 € + 0.18 €/kWh
2026-10-10T13:32:23Z,STR-E-NDZ4-A,0 € + 0.18 €/kWh
2026-10-10T13:32:23Z,STR-E-NFV5-A,0 € + 0.18 €/kWh
2026-10-10T13:32:23Z,STR-E-NSGB-A,0 € + 0.18 €/kWh
2026-10-10T13:32:23Z,STR-E-NY0Q-A,0.15 € + 0.19 €/kWh
2026-10-10T13:32:23Z,STR-E-O5JX-A,0 € + 0.18 €/kWh
2026-10-10T13:32:23Z,STR-E-O5YW-A,0.08 € + 0.14 €/kWh
2026-10-10T13:32:23Z,STR-E-O5YW-B,0.08 € + 0.14 €/kWh
2026-10-10T13:32:23Z,STR-E-ODBK-A,0.29 €/kWh
2026-10-10T13:32:23Z,STR-E-ODBK-B,0.29 €/kWh
2026-10-10T13:32:23Z,STR-E-OFWF-A,0 € + 0.18 €/kWh
2026-10-10T13:32:23Z,STR-E-OHH6-A,0 € + 0.18 €/kWh
2026-10-10T13:32:23Z,STR-E-P46N-A,0 € + 0.18 €/kWh
2026-10-10T13:32:23Z,STR-E-P7AF-A,0.08 € + 0.14 €/kWh
2026-10-10T13:32:23Z,STR-E-P7AF-B,0.08 € + 0.14 €/kWh
2026-10-10T13:32:23Z,STR-E-PJCQ-A,0.08 € + 0.14 €/kWh
2026-10-10T13:32:23Z,STR-E-PJCQ-B,0.08 € + 0.14 €/kWh
2026-10-10T13:32:23Z,STR-E-QAXH-A,0.15 € + 0.19 €/kWh
2026-10-10T13:32:23Z,STR-E-QE1X-A,0.08 € + 0.14 €/kWh
2026-10-10T13:32:23Z,STR-E-QE1X-B,0.08 € + 0.14 €/kWh
2026-10-10T13:32:23Z,STR-E-QLC9-A,0.19 €/kWh
2026-10-10T13:32:23Z,STR-E-QLC9-B,0.19 €/kWh
2026-10-10T13:32:23Z,STR-E-R8PQ-A,0 € + 0.18 €/kWh
2026-10-10T13:32:23Z,STR-E-S6VR-A,0 € + 0.18 €/kWh
2026-10-10T13:32:23Z,STR-E-SGC2-A,0 € + 0.18 €/kWh
2026-10-10T13:32:23Z,STR-E-SQX8-A,0.08 € + 0.14 €/kWh
2026-10-10T13:32:23Z,STR-E-SQX8-B,0.08 € + 0.14 €/kWh
2026-10-10T13:32:23Z,STR-E-TX67-A,0.22 €/kWh
2026-10-10T13:32:23Z,STR-E-TX67-B,0.22 €/kWh
2026-10-10T13:32:23Z,STR-E-U41O-A,0 € + 0.18 €/kWh
2026-10-10T13:32:23Z,STR-E-UKPS-A,0.15 € + 0.19 €/kWh
2026-10-10T13:32:23Z,STR-E-UPAQ-A,0.19 €/kWh
2026-10-10T13:32:23Z,STR-E-UPAQ-B,0.19 €/kWh
2026-10-10T13:32:23Z,STR-E-UPOS-A,0.08 € + 0.14 €/kWh
2026-10-10T13:32:23Z,STR-E-UPOS-B,0.08 € + 0.14 €/kWh
2026-10-10T13:32:23Z,STR-E-VJBJ-A,0 € + 0.18 €/kWh
2026-10-10T13:32:23Z,STR-E-VQ06-A,0 € + 0.18 €/kWh
2026-10-10T13:32:23Z,STR-E-VSDJ-A,0.22 €/kWh
2026-10-10T13:32:23Z,STR-E-VSDJ-B,0.22 €/kWh
2026-10-10T13:32:23Z,STR-E-VX2O-A,0 € + 0.18 €/kWh
2026-10-10T13:32:23Z,STR-E-WHZ1-A,0 € + 0.18 €/kWh
2026-10-10T13:32:23Z,STR-E-WLGM-A,0 € + 0.18 €/kWh
2026-10-10T13:32:23Z,STR-E-X54O-A,0 € + 0.18 €/kWh
2026-10-10T13:32:23Z,STR-E-XCMJ-A,0.08 € + 0.14 €/kWh
2026-10-10T13:32:23Z,STR-E-XCMJ-B,0.08 € + 0.14 €/kWh
2026-10-10T13:32:23Z,STR-E-XG69-A,0.08 € + 0.14 €/kWh
2026-10-10T13:32:23Z,STR-E-XG69-B,0.08 € + 0.14 €/kWh
2026-10-10T13:32:23Z,STR-E-XH51-A,0 € + 0.18 €/kWh
2026-10-10T13:32:23Z,STR-E-XRV8-A,0 € + 0.18 €/kWh
2026-10-10T13:32:23Z,STR-E-Y7JK-A,0 € + 0.18 €/kWh
2026-10-10T13:32:23Z,STR-E-Y82E-A,0 € + 0.18 €/kWh
2026-10-10T13:32:23Z,STR-E-Z2PJ-A,0.08 € + 0.14 €/kWh
2026-10-10T13:32:23Z,STR-E-Z2PJ-B,0.08 € + 0.14 €/kWh
2026-10-10T13:32:23Z,STR-E-ZEP7-A,0 € + 0.18 €/kWh
2026-10-10T13:32:23Z,STR-E-ZIAZ-A,0 € + 0.18 €/kWh
2026-10-10T13:32:23Z,STR-E-ZK9W-A,0 € + 0.18 €/kWh
2026-10-10T13:32:23Z,STR-E-ZWU5-A,0.08 € + 0.14 €/kWh
2026-10-10T13:32:23Z,STR-E-ZWU5-B,0.08 € + 0.14 €/kWh
2026-10-10T13:46:23Z,STR-E-027B-A,0.2 €/kWh + 0.23 €
2026-10-10T13:46:23Z,STR-E-027B-B,0.2 €/kWh + 0.23 €
2026-10-10T13:46:23Z,STR-E-1MHB-A,0.32 €/kWh
2026-10-10T13:46:23Z,STR-E-92KW-A,0.2 €/kWh + 0.23 €
2026-10-10T13:46:23Z,STR-E-ANJ0-A,0.2 €/kWh + 0.23 €
2026-10-10T13:46:23Z,STR-E-ANJ0-B,0.2 €/kWh + 0.23 €
2026-10-10T13:46:23Z,STR-E-AP96-A,0.2 €/kWh + 0.23 €
2026-10-10T13:46:23Z,STR-E-AP96-B,0.2 €/kWh + 0.23 €
2026-10-10T13:46:23Z,STR-E-BIKW-A,0.2 €/kWh + 0.23 €
2026-10-10T13:46:23Z,STR-E-BIKW-B,0.2 €/kWh + 0.23 €
2026-10-10T13:46:23Z,STR-E-D3MB-A,0.2 €/kWh + 0.23 €
2026-10-10T13:46:23Z,STR-E-D3MB-B,0.2 €/kWh + 0.23 €
2026-10-10T13:46:23Z,STR-E-ELFQ-A,0.2 €/kWh + 0.23 €
2026-10-10T13:46:23Z,STR-E-ELFQ-B,0.2 €/kWh + 0.23 €
2026-10-10T13:46:23Z,STR-E-F79A-A,0.2 €/kWh + 0.23 €
2026-10-10T13:46:23Z,STR-E-F79A-B,0.2 €/kWh + 0.23 €
2026-10-10T13:46:23Z,STR-E-IGH5-A,0.2 €/kWh + 0.23 €
2026-10-10T13:46:23Z,STR-E-IGH5-B,0.2 €/kWh + 0.23 €
2026-10-10T13:46:23Z,STR-E-JG90-A,0.11 €/kWh + 0.3 €
2026-10-10T13:46:23Z,STR-E-JG90-B,0.11 €/kWh + 0.3 €
2026-10-10T13:46:23Z,STR-E-LREY-A,0.32 €/kWh
2026-10-10T13:46:23Z,STR-E-PM3P-A,0.2 €/kWh + 0.23 €
2026-10-10T13:46:23Z,STR-E-PM3P-B,0.2 €/kWh + 0.23 €
2026-10-10T13:46:23Z,STR-E-Q5YF-A,0.2 €/kWh + 0.23 €
2026-10-10T13:46:23Z,STR-E-Q5YF-B,0.2 €/kWh + 0.23 €
2026-10-10T13:46:23Z,STR-E-Q7LB-A,0.2 €/kWh + 0.23 €
2026-10-10T13:46:23Z,STR-E-Q7LB-B,0.2 €/kWh + 0.23 €
2026-10-10T13:46:23Z,STR-E-R1MT-A,0.2 €/kWh + 0.23 €
2026-10-10T13:46:23Z,STR-E-R1MT-B,0.2 €/kWh + 0.23 €
2026-10-10T13:46:23Z,STR-E-R1PI-A,0.2 €/kWh + 0.23 €
2026-10-10T13:46:23Z,STR-E-R1PI-B,0.2 €/kWh + 0.23 €
2026-10-10T13:46:23Z,STR-E-R2LK-A,0.2 €/kWh + 0.23 €
2026-10-10T13:46:23Z,STR-E-R2LK-B,0.2 €/kWh + 0.23 €
2026-10-10T13:46:23Z,STR-E-S7YR-A,0.2 €/kWh + 0.23 €
2026-10-10T13:46:23Z,STR-E-S7YR-B,0.2 €/kWh + 0.23 €
2026-10-10T13:46:23Z,STR-E-SVR3-A,0.2 €/kWh + 0.23 €
2026-10-10T13:46:23Z,STR-E-SVR3-B,0.2 €/kWh + 0.23 €
2026-10-10T13:46:23Z,STR-E-WEE3-A,0.2 €/kWh + 0.23 €
2026-10-10T13:46:23Z,STR-E-WEE3-B,0.2 €/kWh + 0.23 €
2026-10-10T13:46:23Z,STR-E-XKW2-A,0.2 €/kWh + 0.23 €
2026-10-10T13:46:23Z,STR-E-XKW2-B,0.2 €/kWh + 0.23 €
2026-10-10T13:46:23Z,STR-E-ZS00-A,0.2 €/kWh + 0.23 €
2026-10-10T13:46:23Z,STR-E-ZS00-B,0.2 €/kWh + 0.23 €
2026-10-10T13:48:23Z,STR-E-04YS-A,0 € + 0.19 €/kWh
2026-10-10T13:48:23Z,STR-E-0698-A,0.1 €/kWh
2026-10-10T13:48:23Z,STR-E-0GEL-A,0.1 €/kWh
2026-10-10T13:48:23Z,STR-E-1162-A,0.1 €/kWh
2026-10-10T13:48:23Z,STR-E-11DT-A,0.1 €/kWh
2026-10-10T13:48:23Z,STR-E-1887-A,0.1 €/kWh
2026-10-10T13:48:23Z,STR-E-1927-A,0.1 €/kWh
2026-10-10T13:48:23Z,STR-E-1MJQ-A,0.1 €/kWh
2026-10-10T13:48:23Z,STR-E-1X30-A,0 € + 0.19 €/kWh
2026-10-10T13:48:23Z,STR-E-21O1-A,0.2 €/kWh
2026-10-10T13:48:23Z,STR-E-21O1-B,0.2 €/kWh
2026-10-10T13:48:23Z,STR-E-2446-A,0 € + 0.19 €/kWh
2026-10-10T13:48:23Z,STR-E-2D12-A,0.1 €/kWh
2026-10-10T13:48:23Z,STR-E-2ED4-A,0.1 €/kWh
2026-10-10T13:48:23Z,STR-E-2K1Q-A,0 € + 0.19 €/kWh
2026-10-10T13:48:23Z,STR-E-2XDJ-A,0 € + 0.19 €/kWh
2026-10-10T13:48:23Z,STR-E-320G-A,0.1 €/kWh
2026-10-10T13:48:23Z,STR-E-3468-A,0.2 €/kWh
2026-10-10T13:48:23Z,STR-E-3468-B,0.2 €/kWh
2026-10-10T13:48:23Z,STR-E-3ENA-A,0.2 €/kWh
2026-10-10T13:48:23Z,STR-E-3ENA-B,0.2 €/kWh
2026-10-10T13:48:23Z,STR-E-3ENA-C,0.2 €/kWh
2026-10-10T13:48:23Z,STR-E-3FMF-A,0.2 €/kWh + 0.23 €
2026-10-10T13:48:23Z,STR-E-3FMF-B,0.2 €/kWh + 0.23 €
2026-10-10T13:48:23Z,STR-E-3PZS-A,0.1 €/kWh
2026-10-10T13:48:23Z,STR-E-3SXI-A,0.2 €/kWh
2026-10-10T13:48:23Z,STR-E-3SXI-B,0.2 €/kWh
2026-10-10T13:48:23Z,STR-E-3TZI-A,0.1 €/kWh
2026-10-10T13:48:23Z,STR-E-3WE5-A,0 € + 0.19 €/kWh
2026-10-10T13:48:23Z,STR-E-4156-A,0.26 €/kWh
2026-10-10T13:48:23Z,STR-E-4156-B,0.26 €/kWh
2026-10-10T13:48:23Z,STR-E-4KWM-A,0.3 €/kWh
2026-10-10T13:48:23Z,STR-E-4KWM-B,0.3 €/kWh
2026-10-10T13:48:23Z,STR-E-4LRS-A,0.1 €/kWh
2026-10-10T13:48:23Z,STR-E-4UGU-A,0.1 €/kWh
2026-10-10T13:48:23Z,STR-E-4YKC-A,0 € + 0.19 €/kWh
2026-10-10T13:48:23Z,STR-E-527U-A,0 € + 0.19 €/kWh
2026-10-10T13:48:23Z,STR-E-55I4-A,0 € + 0.19 €/kWh
2026-10-10T13:48:23Z,STR-E-566J-A,0 € + 0.19 €/kWh
2026-10-10T13:48:23Z,STR-E-5DWB-A,0.1 €/kWh
2026-10-10T13:48:23Z,STR-E-5TI5-A,0.1 €/kWh
2026-10-10T13:48:23Z,STR-E-69PN-A,0.1 €/kWh
2026-10-10T13:48:23Z,STR-E-6CNG-A,0.1 €/kWh
2026-10-10T13:48:23Z,STR-E-6E7W-A,0 € + 0.19 €/kWh
2026-10-10T13:48:23Z,STR-E-6SQH-A,0.1 €/kWh
2026-10-10T13:48:23Z,STR-E-6UZQ-A,0.2 €/kWh
2026-10-10T13:48:23Z,STR-E-6UZQ-B,0.2 €/kWh
2026-10-10T13:48:23Z,STR-E-6ZTQ-A,0 € + 0.19 €/kWh
2026-10-10T13:48:23Z,STR-E-7438-A,0 € + 0.19 €/kWh
2026-10-10T13:48:23Z,STR-E-7YBN-A,0 € + 0.19 €/kWh
2026-10-10T13:48:23Z,STR-E-7Z8G-A,0.3 €/kWh
2026-10-10T13:48:23Z,STR-E-7Z8G-B,0.3 €/kWh
2026-10-10T13:48:23Z,STR-E-86C0-A,0.1 €/kWh
2026-10-10T13:48:23Z,STR-E-88SA-A,0.1 €/kWh
2026-10-10T13:48:23Z,STR-E-8A02-A,0 € + 0.19 €/kWh
2026-10-10T13:48:23Z,STR-E-8M2O-A,0.1 €/kWh
2026-10-10T13:48:23Z,STR-E-8Q9F-A,0 € + 0.19 €/kWh
2026-10-10T13:48:23Z,STR-E-8XL5-A,0.1 €/kWh
2026-10-10T13:48:23Z,STR-E-8Y23-A,0.1 €/kWh
2026-10-10T13:48:23Z,STR-E-9AH3-A,0 € + 0.19 €/kWh
2026-10-10T13:48:23Z,STR-E-9I2R-A,0.1 €/kWh
2026-10-10T13:48:23Z,STR-E-9TUZ-A,0.1 €/kWh
2026-10-10T13:48:23Z,STR-E-9WY2-A,0.1 €/kWh
2026-10-10T13:48:23Z,STR-E-A169-A,0 € + 0.19 €/kWh
2026-10-10T13:48:23Z,STR-E-A442-A,0.1 €/kWh
2026-10-10T13:48:23Z,STR-E-AABG-A,0.1 €/kWh
2026-10-10T13:48:23Z,STR-E-ACMT-A,0.1 €/kWh
2026-10-10T13:48:23Z,STR-E-ADXE-A,0 € + 0.19 €/kWh
2026-10-10T13:48:23Z,STR-E-AMQK-A,0 € + 0.19 €/kWh
2026-10-10T13:48:23Z,STR-E-AUQ2-A,0 € + 0.19 €/kWh
2026-10-10T13:48:23Z,STR-E-B36V-A,0.19 € + 0.27 €/kWh
2026-10-10T13:48:23Z,STR-E-B36V-B,0.19 € + 0.27 €/kWh
2026-10-10T13:48:23Z,STR-E-BXA5-A,0.1 €/kWh
2026-10-10T13:48:23Z,STR-E-C91L-A,0.1 €/kWh
2026-10-10T13:48:23Z,STR-E-C99Z-A,0 € + 0.19 €/kWh
2026-10-10T13:48:23Z,STR-E-DHEJ-A,0 € + 0.19 €/kWh
2026-10-10T13:48:23Z,STR-E-E0DZ-A,0.2 €/kWh
2026-10-10T13:48:23Z,STR-E-E0DZ-B,0.2 €/kWh
2026-10-10T13:48:23Z,STR-E-E7HH-A,0.1 €/kWh
2026-10-10T13:48:23Z,STR-E-ECI7-A,0 € + 0.19 €/kWh
2026-10-10T13:48:23Z,STR-E-EFXK-A,0 € + 0.19 €/kWh
2026-10-10T13:48:23Z,STR-E-EPQY-A,0 € + 0.19 €/kWh
2026-10-10T13:48:23Z,STR-E-ER2N-A,0 € + 0.19 €/kWh
2026-10-10T13:48:23Z,STR-E-ES3O-A,0 € + 0.19 €/kWh
2026-10-10T13:48:23Z,STR-E-EU1U-A,0.1 €/kWh
2026-10-10T13:48:23Z,STR-E-F4B3-A,0.1 €/kWh
2026-10-10T13:48:23Z,STR-E-F5LZ-A,0.1 €/kWh
2026-10-10T13:48:23Z,STR-E-FGMF-A,0.1 €/kWh
2026-10-10T13:48:23Z,STR-E-FK06-A,0.1 €/kWh
2026-10-10T13:48:23Z,STR-E-FKUY-A,0 € + 0.19 €/kWh
2026-10-10T13:48:23Z,STR-E-G4VM-A,0.1 €/kWh
2026-10-10T13:48:23Z,STR-E-G518-A,0.1 €/kWh
2026-10-10T13:48:23Z,STR-E-GB9A-A,0.1 €/kWh
2026-10-10T13:48:23Z,STR-E-GE77-A,0.3 €/kWh
2026-10-10T13:48:23Z,STR-E-GE77-B,0.3 €/kWh
2026-10-10T13:48:23Z,STR-E-GFB3-A,0 € + 0.19 €/kWh
2026-10-10T13:48:23Z,STR-E-GGV8-A,0.1 €/kWh
2026-10-10T13:48:23Z,STR-E-GHJA-A,0.1 €/kWh
2026-10-10T13:48:23Z,STR-E-GK0C-A,0 € + 0.19 €/kWh
2026-10-10T13:48:23Z,STR-E-GR5K-A,0.1 €/kWh
2026-10-10T13:48:23Z,STR-E-H6Q5-A,0.1 €/kWh
2026-10-10T13:48:23Z,STR-E-HHXV-A,0 € + 0.19 €/kWh
2026-10-10T13:48:23Z,STR-E-I1KE-A,0 € + 0.19 €/kWh
2026-10-10T13:48:23Z,STR-E-I4UZ-A,0.1 €/kWh
2026-10-10T13:48:23Z,STR-E-I5FH-A,0.1 €/kWh
2026-10-10T13:48:23Z,STR-E-I8C6-A,0.1 €/kWh
2026-10-10T13:48:23Z,STR-E-IA3X-A,0.1 €/kWh
2026-10-10T13:48:23Z,STR-E-IAO5-A,0 € + 0.19 €/kWh
2026-10-10T13:48:23Z,STR-E-IPEC-A,0 € + 0.19 €/kWh
2026-10-10T13:48:23Z,STR-E-IV6T-A,0 € + 0.19 €/kWh
2026-10-10T13:48:23Z,STR-E-J54N-A,0 € + 0.19 €/kWh
2026-10-10T13:48:23Z,STR-E-J6DA-A,0 € + 0.19 €/kWh
2026-10-10T13:48:23Z,STR-E-J8VF-A,0 € + 0.19 €/kWh
2026-10-10T13:48:23Z,STR-E-JMOR-A,0 € + 0.19 €/kWh
2026-10-10T13:48:23Z,STR-E-JVO0-A,0.1 €/kWh
2026-10-10T13:48:23Z,STR-E-K217-A,0 € + 0.19 €/kWh
2026-10-10T13:48:23Z,STR-E-K73C-A,0.2 €/kWh + 0.23 €
2026-10-10T13:48:23Z,STR-E-K73C-B,0.2 €/kWh + 0.23 €
2026-10-10T13:48:23Z,STR-E-KBZL-A,0.1 €/kWh
2026-10-10T13:48:23Z,STR-E-KOHN-A,0 € + 0.19 €/kWh
2026-10-10T13:48:23Z,STR-E-KT5B-A,0 € + 0.19 €/kWh
2026-10-10T13:48:23Z,STR-E-L84D-A,0.1 €/kWh
2026-10-10T13:48:23Z,STR-E-LISV-A,0.1 €/kWh
2026-10-10T13:48:23Z,STR-E-LKFQ-A,0.1 €/kWh
2026-10-10T13:48:23Z,STR-E-M1IB-A,0.1 €/kWh
2026-10-10T13:48:23Z,STR-E-M8WL-A,0.1 €/kWh
2026-10-10T13:48:23Z,STR-E-M9W7-A,0.1 €/kWh
2026-10-10T13:48:23Z,STR-E-MSEN-A,0.1 €/kWh
2026-10-10T13:48:23Z,STR-E-MSUL-A,0.1 €/kWh
2026-10-10T13:48:23Z,STR-E-N6P5-A,0.1 €/kWh
2026-10-10T13:48:23Z,STR-E-NDU2-A,0 € + 0.19 €/kWh
2026-10-10T13:48:23Z,STR-E-NDZ4-A,0 € + 0.19 €/kWh
2026-10-10T13:48:23Z,STR-E-NFV5-A,0 € + 0.19 €/kWh
2026-10-10T13:48:23Z,STR-E-NNGC-A,0.1 €/kWh
2026-10-10T13:48:23Z,STR-E-NSGB-A,0 € + 0.19 €/kWh
2026-10-10T13:48:23Z,STR-E-NY0Q-A,0.15 € + 0.2 €/kWh
2026-10-10T13:48:23Z,STR-E-O0VK-A,0.1 €/kWh
2026-10-10T13:48:23Z,STR-E-O5JX-A,0 € + 0.19 €/kWh
2026-10-10T13:48:23Z,STR-E-ODBK-A,0.3 €/kWh
2026-10-10T13:48:23Z,STR-E-ODBK-B,0.3 €/kWh
2026-10-10T13:48:23Z,STR-E-OFWF-A,0 € + 0.19 €/kWh
2026-10-10T13:48:23Z,STR-E-OG1X-A,0.1 €/kWh
2026-10-10T13:48:23Z,STR-E-OHH6-A,0 € + 0.19 €/kWh
2026-10-10T13:48:23Z,STR-E-OJ3E-A,0.2 €/kWh + 0.23 €
2026-10-10T13:48:23Z,STR-E-OJ3E-B,0.2 €/kWh + 0.23 €
2026-10-10T13:48:23Z,STR-E-OQKZ-A,0.1 €/kWh
2026-10-10T13:48:23Z,STR-E-P46N-A,0 € + 0.19 €/kWh
2026-10-10T13:48:23Z,STR-E-PC04-A,0.1 €/kWh
2026-10-10T13:48:23Z,STR-E-PDR2-A,0.1 €/kWh
2026-10-10T13:48:23Z,STR-E-PRUQ-A,0.1 €/kWh
2026-10-10T13:48:23Z,STR-E-PSU9-A,0.1 €/kWh
2026-10-10T13:48:23Z,STR-E-PZ9U-A,0.1 €/kWh
2026-10-10T13:48:23Z,STR-E-PZES-A,0.1 €/kWh
2026-10-10T13:48:23Z,STR-E-QAXH-A,0.15 € + 0.2 €/kWh
2026-10-10T13:48:23Z,STR-E-QEDL-A,0.1 €/kWh
2026-10-10T13:48:23Z,STR-E-QIQM-A,0.1 €/kWh
2026-10-10T13:48:23Z,STR-E-R0J8-A,0.1 €/kWh
2026-10-10T13:48:23Z,STR-E-R8PQ-A,0 € + 0.19 €/kWh
2026-10-10T13:48:23Z,STR-E-R9GA-A,0.1 €/kWh
2026-10-10T13:48:23Z,STR-E-RJH9-A,0.1 €/kWh
2026-10-10T13:48:23Z,STR-E-RKWJ-A,0.1 €/kWh
2026-10-10T13:48:23Z,STR-E-S42D-A,0.1 €/kWh
2026-10-10T13:48:23Z,STR-E-S6VR-A,0 € + 0.19 €/kWh
2026-10-10T13:48:23Z,STR-E-SGC2-A,0 € + 0.19 €/kWh
2026-10-10T13:48:23Z,STR-E-SJKA-A,0.1 €/kWh
2026-10-10T13:48:23Z,STR-E-SY9Y-A,0.1 €/kWh
2026-10-10T13:48:23Z,STR-E-TO2O-A,0.1 €/kWh
2026-10-10T13:48:23Z,STR-E-U41O-A,0 € + 0.19 €/kWh
2026-10-10T13:48:23Z,STR-E-U5TP-A,0.1 €/kWh
2026-10-10T13:48:23Z,STR-E-UKPS-A,0.15 € + 0.2 €/kWh
2026-10-10T13:48:23Z,STR-E-UY5H-A,0.1 €/kWh
2026-10-10T13:48:23Z,STR-E-V17G-A,0.1 €/kWh
2026-10-10T13:48:23Z,STR-E-V31J-A,0.1 €/kWh
2026-10-10T13:48:23Z,STR-E-V50T-A,0.1 €/kWh
2026-10-10T13:48:23Z,STR-E-V9SD-A,0.1 €/kWh
2026-10-10T13:48:23Z,STR-E-V9ZR-A,0.1 €/kWh
2026-10-10T13:48:23Z,STR-E-VBMP-A,0.1 €/kWh
2026-10-10T13:48:23Z,STR-E-VJBJ-A,0 € + 0.19 €/kWh
2026-10-10T13:48:23Z,STR-E-VPDB-A,0.1 €/kWh
2026-10-10T13:48:23Z,STR-E-VQ06-A,0 € + 0.19 €/kWh
2026-10-10T13:48:23Z,STR-E-VT0G-A,0.1 €/kWh
2026-10-10T13:48:23Z,STR-E-VX2O-A,0 € + 0.19 €/kWh
2026-10-10T13:48:23Z,STR-E-VXGH-A,0.1 €/kWh
2026-10-10T13:48:23Z,STR-E-W1X4-A,0.1 €/kWh
2026-10-10T13:48:23Z,STR-E-WHZ1-A,0 € + 0.19 €/kWh
2026-10-10T13:48:23Z,STR-E-WLGM-A,0 € + 0.19 €/kWh
2026-10-10T13:48:23Z,STR-E-WTQ5-A,0.2 €/kWh
2026-10-10T13:48:23Z,STR-E-WXV8-A,0.1 €/kWh
2026-10-10T13:48:23Z,STR-E-WYFE-A,0.2 €/kWh
2026-10-10T13:48:23Z,STR-E-WYFE-B,0.2 €/kWh
2026-10-10T13:48:23Z,STR-E-WYYC-A,0.2 €/kWh + 0.23 €
2026-10-10T13:48:23Z,STR-E-WYYC-B,0.2 €/kWh + 0.23 €
2026-10-10T13:48:23Z,STR-E-WZW9-A,0.1 €/kWh
2026-10-10T13:48:23Z,STR-E-X525-A,0.1 €/kWh
2026-10-10T13:48:23Z,STR-E-X54O-A,0 € + 0.19 €/kWh
2026-10-10T13:48:23Z,STR-E-XFON-A,0.1 €/kWh
2026-10-10T13:48:23Z,STR-E-XH51-A,0 € + 0.19 €/kWh
2026-10-10T13:48:23Z,STR-E-XRV8-A,0 € + 0.19 €/kWh
2026-10-10T13:48:23Z,STR-E-Y7JK-A,0 € + 0.19 €/kWh
2026-10-10T13:48:23Z,STR-E-Y82E-A,0 € + 0.19 €/kWh
2026-10-10T13:48:23Z,STR-E-YC50-A,0.1 €/kWh
2026-10-10T13:48:23Z,STR-E-ZA6O-A,0.1 €/kWh
2026-10-10T13:48:23Z,STR-E-ZEP7-A,0 € + 0.19 €/kWh
2026-10-10T13:48:23Z,STR-E-ZIAZ-A,0 € + 0.19 €/kWh
2026-10-10T13:48:23Z,STR-E-ZK9W-A,0 € + 0.19 €/kWh
2026-10-10T14:01:09Z,IKR-E-5730-A,0.3 € + 0.28 €/kWh
2026-10-10T14:01:09Z,IKR-E-7718-A,0.3 € + 0.28 €/kWh
2026-10-10T14:01:09Z,IKR-E-OWF5-A,0.3 € + 0.28 €/kWh
2026-10-10T14:01:09Z,IKR-P-SCM5-A,0.3 € + 0.28 €/kWh
2026-10-10T14:01:09Z,IKR-P-V9X4-A,0.3 € + 0.28 €/kWh
2026-10-10T14:01:09Z,IKR-P-V9X4-B,0.3 € + 0.28 €/kWh
2026-10-10T14:02:23Z,STR-E-027B-A,0.19 €/kWh + 0.23 €
2026-10-10T14:02:23Z,STR-E-027B-B,0.19 €/kWh + 0.23 €
2026-10-10T14:02:23Z,STR-E-02VO-A,0.21 €/kWh
2026-10-10T14:02:23Z,STR-E-02VO-B,0.21 €/kWh
2026-10-10T14:02:23Z,STR-E-04YS-A,0 € + 0.17 €/kWh
2026-10-10T14:02:23Z,STR-E-051F-A,0.08 € + 0.13 €/kWh
2026-10-10T14:02:23Z,STR-E-0698-A,0.09 €/kWh
2026-10-10T14:02:23Z,STR-E-0GEL-A,0.09 €/kWh
2026-10-10T14:02:23Z,STR-E-10G9-A,0.08 € + 0.13 €/kWh
2026-10-10T14:02:23Z,STR-E-10G9-B,0.08 € + 0.13 €/kWh
2026-10-10T14:02:23Z,STR-E-1162-A,0.09 €/kWh
2026-10-10T14:02:23Z,STR-E-11DT-A,0.09 €/kWh
2026-10-10T14:02:23Z,STR-E-1887-A,0.09 €/kWh
2026-10-10T14:02:23Z,STR-E-1927-A,0.09 €/kWh
2026-10-10T14:02:23Z,STR-E-1ME5-A,0.08 € + 0.13 €/kWh
2026-10-10T14:02:23Z,STR-E-1ME5-B,0.08 € + 0.13 €/kWh
2026-10-10T14:02:23Z,STR-E-1MHB-A,0.29 €/kWh
2026-10-10T14:02:23Z,STR-E-1MJQ-A,0.09 €/kWh
2026-10-10T14:02:23Z,STR-E-1X30-A,0 € + 0.17 €/kWh
2026-10-10T14:02:23Z,STR-E-21O1-A,0.19 €/kWh
2026-10-10T14:02:23Z,STR-E-21O1-B,0.19 €/kWh
2026-10-10T14:02:23Z,STR-E-2446-A,0 € + 0.17 €/kWh
2026-10-10T14:02:23Z,STR-E-2D12-A,0.09 €/kWh
2026-10-10T14:02:23Z,STR-E-2ED4-A,0.09 €/kWh
2026-10-10T14:02:23Z,STR-E-2K1Q-A,0 € + 0.17 €/kWh
2026-10-10T14:02:23Z,STR-E-2XDJ-A,0 € + 0.17 €/kWh
2026-10-10T14:02:23Z,STR-E-320G-A,0.09 €/kWh
2026-10-10T14:02:23Z,STR-E-3468-A,0.19 €/kWh
2026-10-10T14:02:23Z,STR-E-3468-B,0.19 €/kWh
2026-10-10T14:02:23Z,STR-E-3ENA-A,0.19 €/kWh
2026-10-10T14:02:23Z,STR-E-3ENA-B,0.19 €/kWh
2026-10-10T14:02:23Z,STR-E-3ENA-C,0.19 €/kWh
2026-10-10T14:02:23Z,STR-E-3FMF-A,0.19 €/kWh + 0.23 €
2026-10-10T14:02:23Z,STR-E-3FMF-B,0.19 €/kWh + 0.23 €
2026-10-10T14:02:23Z,STR-E-3PZS-A,0.09 €/kWh
2026-10-10T14:02:23Z,STR-E-3SXI-A,0.19 €/kWh
2026-10-10T14:02:23Z,STR-E-3SXI-B,0.19 €/kWh
2026-10-10T14:02:23Z,STR-E-3TZI-A,0.09 €/kWh
2026-10-10T14:02:23Z,STR-E-3WE5-A,0 € + 0.17 €/kWh
2026-10-10T14:02:23Z,STR-E-3YH3-A,0.08 € + 0.13 €/kWh
2026-10-10T14:02:23Z,STR-E-3YH3-B,0.08 € + 0.13 €/kWh
2026-10-10T14:02:23Z,STR-E-4156-A,0.24 €/kWh
2026-10-10T14:02:23Z,STR-E-4156-B,0.24 €/kWh
2026-10-10T14:02:23Z,STR-E-491A-A,0.18 €/kWh
2026-10-10T14:02:23Z,STR-E-491A-B,0.18 €/kWh
2026-10-10T14:02:23Z,STR-E-491A-C,0.18 €/kWh
2026-10-10T14:02:23Z,STR-E-4DE6-A,0.18 €/kWh
2026-10-10T14:02:23Z,STR-E-4DE6-B,0.18 €/kWh
2026-10-10T14:02:23Z,STR-E-4KWM-A,0.28 €/kWh
2026-10-10T14:02:23Z,STR-E-4KWM-B,0.28 €/kWh
2026-10-10T14:02:23Z,STR-E-4LRS-A,0.09 €/kWh
2026-10-10T14:02:23Z,STR-E-4UGU-A,0.09 €/kWh
2026-10-10T14:02:23Z,STR-E-4YKC-A,0 € + 0.17 €/kWh
2026-10-10T14:02:23Z,STR-E-527U-A,0 € + 0.17 €/kWh
2026-10-10T14:02:23Z,STR-E-54PK-A,0.08 € + 0.13 €/kWh
2026-10-10T14:02:23Z,STR-E-54PK-B,0.08 € + 0.13 €/kWh
2026-10-10T14:02:23Z,STR-E-55I4-A,0 € + 0.17 €/kWh
2026-10-10T14:02:23Z,STR-E-566J-A,0 € + 0.17 €/kWh
2026-10-10T14:02:23Z,STR-E-59TF-A,0.08 € + 0.13 €/kWh
2026-10-10T14:02:23Z,STR-E-5DWB-A,0.09 €/kWh
2026-10-10T14:02:23Z,STR-E-5TI5-A,0.09 €/kWh
2026-10-10T14:02:23Z,STR-E-69PN-A,0.09 €/kWh
2026-10-10T14:02:23Z,STR-E-6CNG-A,0.09 €/kWh
2026-10-10T14:02:23Z,STR-E-6E7W-A,0 € + 0.17 €/kWh
2026-10-10T14:02:23Z,STR-E-6SQH-A,0.09 €/kWh
2026-10-10T14:02:23Z,STR-E-6UZQ-A,0.19 €/kWh
2026-10-10T14:02:23Z,STR-E-6UZQ-B,0.19 €/kWh
2026-10-10T14:02:23Z,STR-E-6ZTQ-A,0 € + 0.17 €/kWh
2026-10-10T14:02:23Z,STR-E-7438-A,0 € + 0.17 €/kWh
2026-10-10T14:02:23Z,STR-E-7A48-A,0.08 € + 0.13 €/kWh
2026-10-10T14:02:23Z,STR-E-7YBN-A,0 € + 0.17 €/kWh
2026-10-10T14:02:23Z,STR-E-7Z8G-A,0.28 €/kWh
2026-10-10T14:02:23Z,STR-E-7Z8G-B,0.28 €/kWh
2026-10-10T14:02:23Z,STR-E-86C0-A,0.09 €/kWh
2026-10-10T14:02:23Z,STR-E-88SA-A,0.09 €/kWh
2026-10-10T14:02:23Z,STR-E-8A02-A,0 € + 0.17 €/kWh
2026-10-10T14:02:23Z,STR-E-8M2O-A,0.09 €/kWh
2026-10-10T14:02:23Z,STR-E-8Q9F-A,0 € + 0.17 €/kWh
2026-10-10T14:02:23Z,STR-E-8XL5-A,0.09 €/kWh
2026-10-10T14:02:23Z,STR-E-8Y23-A,0.09 €/kWh
2026-10-10T14:02:23Z,STR-E-92KW-A,0.19 €/kWh + 0.23 €
2026-10-10T14:02:23Z,STR-E-9AH3-A,0 € + 0.17 €/kWh
2026-10-10T14:02:23Z,STR-E-9I2R-A,0.09 €/kWh
2026-10-10T14:02:23Z,STR-E-9TUZ-A,0.09 €/kWh
2026-10-10T14:02:23Z,STR-E-9WY2-A,0.09 €/kWh
2026-10-10T14:02:23Z,STR-E-A169-A,0 € + 0.17 €/kWh
2026-10-10T14:02:23Z,STR-E-A27N-A,0.21 €/kWh
2026-10-10T14:02:23Z,STR-E-A27N-B,0.21 €/kWh
2026-10-10T14:02:23Z,STR-E-A27N-C,0.21 €/kWh
2026-10-10T14:02:23Z,STR-E-A442-A,0.09 €/kWh
2026-10-10T14:02:23Z,STR-E-AABG-A,0.09 €/kWh
2026-10-10T14:02:23Z,STR-E-ACMT-A,0.09 €/kWh
2026-10-10T14:02:23Z,STR-E-ADXE-A,0 € + 0.17 €/kWh
2026-10-10T14:02:23Z,STR-E-AF2O-A,0.08 € + 0.13 €/kWh
2026-10-10T14:02:23Z,STR-E-AMQK-A,0 € + 0.17 €/kWh
2026-10-10T14:02:23Z,STR-E-ANJ0-A,0.19 €/kWh + 0.23 €
2026-10-10T14:02:23Z,STR-E-ANJ0-B,0.19 €/kWh + 0.23 €
2026-10-10T14:02:23Z,STR-E-AP96-A,0.19 €/kWh + 0.23 €
2026-10-10T14:02:23Z,STR-E-AP96-B,0.19 €/kWh + 0.23 €
2026-10-10T14:02:23Z,STR-E-AUQ2-A,0 € + 0.17 €/kWh
2026-10-10T14:02:23Z,STR-E-AWF1-A,0.08 € + 0.13 €/kWh
2026-10-10T14:02:23Z,STR-E-AWF1-B,0.08 € + 0.13 €/kWh
2026-10-10T14:02:23Z,STR-E-AWJ9-A,0.21 €/kWh
2026-10-10T14:02:23Z,STR-E-AWJ9-B,0.21 €/kWh
2026-10-10T14:02:23Z,STR-E-B36V-A,0.19 € + 0.26 €/kWh
2026-10-10T14:02:23Z,STR-E-B36V-B,0.19 € + 0.26 €/kWh
2026-10-10T14:02:23Z,STR-E-BIKW-A,0.19 €/kWh + 0.23 €
2026-10-10T14:02:23Z,STR-E-BIKW-B,0.19 €/kWh + 0.23 €
2026-10-10T14:02:23Z,STR-E-BXA5-A,0.09 €/kWh
2026-10-10T14:02:23Z,STR-E-C91L-A,0.09 €/kWh
2026-10-10T14:02:23Z,STR-E-C99Z-A,0 € + 0.17 €/kWh
2026-10-10T14:02:23Z,STR-E-D3MB-A,0.19 €/kWh + 0.23 €
2026-10-10T14:02:23Z,STR-E-D3MB-B,0.19 €/kWh + 0.23 €
2026-10-10T14:02:23Z,STR-E-DBCC-A,0.08 € + 0.13 €/kWh
2026-10-10T14:02:23Z,STR-E-DBCC-B,0.08 € + 0.13 €/kWh
2026-10-10T14:02:23Z,STR-E-DHEJ-A,0 € + 0.17 €/kWh
2026-10-10T14:02:23Z,STR-E-E0DZ-A,0.19 €/kWh
2026-10-10T14:02:23Z,STR-E-E0DZ-B,0.19 €/kWh
2026-10-10T14:02:23Z,STR-E-E7HH-A,0.09 €/kWh
2026-10-10T14:02:23Z,STR-E-ECI7-A,0 € + 0.17 €/kWh
2026-10-10T14:02:23Z,STR-E-EFXK-A,0 € + 0.17 €/kWh
2026-10-10T14:02:23Z,STR-E-ELFQ-A,0.19 €/kWh + 0.23 €
2026-10-10T14:02:23Z,STR-E-ELFQ-B,0.19 €/kWh + 0.23 €
2026-10-10T14:02:23Z,STR-E-EPQY-A,0 € + 0.17 €/kWh
2026-10-10T14:02:23Z,STR-E-ER2N-A,0 € + 0.17 €/kWh
2026-10-10T14:02:23Z,STR-E-ES3O-A,0 € + 0.17 €/kWh
2026-10-10T14:02:23Z,STR-E-EU1U-A,0.09 €/kWh
2026-10-10T14:02:23Z,STR-E-F2G0-A,0.08 € + 0.13 €/kWh
2026-10-10T14:02:23Z,STR-E-F2G0-B,0.08 € + 0.13 €/kWh
2026-10-10T14:02:23Z,STR-E-F4B3-A,0.09 €/kWh
2026-10-10T14:02:23Z,STR-E-F5LZ-A,0.09 €/kWh
2026-10-10T14:02:23Z,STR-E-F79A-A,0.19 €/kWh + 0.23 €
2026-10-10T14:02:23Z,STR-E-F79A-B,0.19 €/kWh + 0.23 €
2026-10-10T14:02:23Z,STR-E-FGMF-A,0.09 €/kWh
2026-10-10T14:02:23Z,STR-E-FK06-A,0.09 €/kWh
2026-10-10T14:02:23Z,STR-E-FKUY-A,0 € + 0.17 €/kWh
2026-10-10T14:02:23Z,STR-E-FUE8-A,0.08 € + 0.13 €/kWh
2026-10-10T14:02:23Z,STR-E-FUE8-B,0.08 € + 0.13 €/kWh
2026-10-10T14:02:23Z,STR-E-G4VM-A,0.09 €/kWh
2026-10-10T14:02:23Z,STR-E-G518-A,0.09 €/kWh
2026-10-10T14:02:23Z,STR-E-GB9A-A,0.09 €/kWh
2026-10-10T14:02:23Z,STR-E-GE77-A,0.28 €/kWh
2026-10-10T14:02:23Z,STR-E-GE77-B,0.28 €/kWh
2026-10-10T14:02:23Z,STR-E-GFB3-A,0 € + 0.17 €/kWh
2026-10-10T14:02:23Z,STR-E-GGV8-A,0.09 €/kWh
2026-10-10T14:02:23Z,STR-E-GHJA-A,0.09 €/kWh
2026-10-10T14:02:23Z,STR-E-GK0C-A,0 € + 0.17 €/kWh
2026-10-10T14:02:23Z,STR-E-GR5K-A,0.09 €/kWh
2026-10-10T14:02:23Z,STR-E-H6Q5-A,0.09 €/kWh
2026-10-10T14:02:23Z,STR-E-HHXV-A,0 € + 0.17 €/kWh
2026-10-10T14:02:23Z,STR-E-I1KE-A,0 € + 0.17 €/kWh
2026-10-10T14:02:23Z,STR-E-I4UZ-A,0.09 €/kWh
2026-10-10T14:02:23Z,STR-E-I5FH-A,0.09 €/kWh
2026-10-10T14:02:23Z,STR-E-I8C6-A,0.09 €/kWh
2026-10-10T14:02:23Z,STR-E-IA3X-A,0.09 €/kWh
2026-10-10T14:02:23Z,STR-E-IAO5-A,0 € + 0.17 €/kWh
2026-10-10T14:02:23Z,STR-E-IGH5-A,0.19 €/kWh + 0.23 €
2026-10-10T14:02:23Z,STR-E-IGH5-B,0.19 €/kWh + 0.23 €
2026-10-10T14:02:23Z,STR-E-IIKL-A,0.08 € + 0.13 €/kWh
2026-10-10T14:02:23Z,STR-E-IIKL-B,0.08 € + 0.13 €/kWh
2026-10-10T14:02:23Z,STR-E-IPEC-A,0 € + 0.17 €/kWh
2026-10-10T14:02:23Z,STR-E-IV6T-A,0 € + 0.17 €/kWh
2026-10-10T14:02:23Z,STR-E-J54N-A,0 € + 0.17 €/kWh
2026-10-10T14:02:23Z,STR-E-J6DA-A,0 € + 0.17 €/kWh
2026-10-10T14:02:23Z,STR-E-J8VF-A,0 € + 0.17 €/kWh
2026-10-10T14:02:23Z,STR-E-JG90-A,0.1 €/kWh + 0.3 €
2026-10-10T14:02:23Z,STR-E-JG90-B,0.1 €/kWh + 0.3 €
2026-10-10T14:02:23Z,STR-E-JMOR-A,0 € + 0.17 €/kWh
2026-10-10T14:02:23Z,STR-E-JVO0-A,0.09 €/kWh
2026-10-10T14:02:23Z,STR-E-K217-A,0 € + 0.17 €/kWh
2026-10-10T14:02:23Z,STR-E-K73C-A,0.19 €/kWh + 0.23 €
2026-10-10T14:02:23Z,STR-E-K73C-B,0.19 €/kWh + 0.23 €
2026-10-10T14:02:23Z,STR-E-KBZL-A,0.09 €/kWh
2026-10-10T14:02:23Z,STR-E-KOHN-A,0 € + 0.17 €/kWh
2026-10-10T14:02:23Z,STR-E-KT5B-A,0 € + 0.17 €/kWh
2026-10-10T14:02:23Z,STR-E-KUKS-A,0.08 € + 0.13 €/kWh
2026-10-10T14:02:23Z,STR-E-KUKS-B,0.08 € + 0.13 €/kWh
2026-10-10T14:02:23Z,STR-E-L84D-A,0.09 €/kWh
2026-10-10T14:02:23Z,STR-E-LISV-A,0.09 €/kWh
2026-10-10T14:02:23Z,STR-E-LKFQ-A,0.09 €/kWh
2026-10-10T14:02:23Z,STR-E-LREY-A,0.29 €/kWh
2026-10-10T14:02:23Z,STR-E-M1IB-A,0.09 €/kWh
2026-10-10T14:02:23Z,STR-E-M8WL-A,0.09 €/kWh
2026-10-10T14:02:23Z,STR-E-M9W7-A,0.09 €/kWh
2026-10-10T14:02:23Z,STR-E-MIP3-A,0.18 €/kWh
2026-10-10T14:02:23Z,STR-E-MIP3-B,0.18 €/kWh
2026-10-10T14:02:23Z,STR-E-MSEN-A,0.09 €/kWh
2026-10-10T14:02:23Z,STR-E-MSUL-A,0.09 €/kWh
2026-10-10T14:02:23Z,STR-E-N6P5-A,0.09 €/kWh
2026-10-10T14:02:23Z,STR-E-NCKT-A,0.08 € + 0.13 €/kWh
2026-10-10T14:02:23Z,STR-E-NCKT-B,0.08 € + 0.13 €/kWh
2026-10-10T14:02:23Z,STR-E-NDU2-A,0 € + 0.17 €/kWh
2026-10-10T14:02:23Z,STR-E-NDZ4-A,0 € + 0.17 €/kWh
2026-10-10T14:02:23Z,STR-E-NFV5-A,0 € + 0.17 €/kWh
2026-10-10T14:02:23Z,STR-E-NNGC-A,0.09 €/kWh
2026-10-10T14:02:23Z,STR-E-NSGB-A,0 € + 0.17 €/kWh
2026-10-10T14:02:23Z,STR-E-NY0Q-A,0.15 € + 0.18 €/kWh
2026-10-10T14:02:23Z,STR-E-O0VK-A,0.09 €/kWh
2026-10-10T14:02:23Z,STR-E-O5JX-A,0 € + 0.17 €/kWh
2026-10-10T14:02:23Z,STR-E-O5YW-A,0.08 € + 0.13 €/kWh
2026-10-10T14:02:23Z,STR-E-O5YW-B,0.08 € + 0.13 €/kWh
2026-10-10T14:02:23Z,STR-E-ODBK-A,0.28 €/kWh
2026-10-10T14:02:23Z,STR-E-ODBK-B,0.28 €/kWh
2026-10-10T14:02:23Z,STR-E-OFWF-A,0 € + 0.17 €/kWh
2026-10-10T14:02:23Z,STR-E-OG1X-A,0.09 €/kWh
2026-10-10T14:02:23Z,STR-E-OHH6-A,0 € + 0.17 €/kWh
2026-10-10T14:02:23Z,STR-E-OJ3E-A,0.19 €/kWh + 0.23 €
2026-10-10T14:02:23Z,STR-E-OJ3E-B,0.19 €/kWh + 0.23 €
2026-10-10T14:02:23Z,STR-E-OQKZ-A,0.09 €/kWh
2026-10-10T14:02:23Z,STR-E-P46N-A,0 € + 0.17 €/kWh
2026-10-10T14:02:23Z,STR-E-P7AF-A,0.08 € + 0.13 €/kWh
2026-10-10T14:02:23Z,STR-E-P7AF-B,0.08 € + 0.13 €/kWh
2026-10-10T14:02:23Z,STR-E-PC04-A,0.09 €/kWh
2026-10-10T14:02:23Z,STR-E-PDR2-A,0.09 €/kWh
2026-10-10T14:02:23Z,STR-E-PJCQ-A,0.08 € + 0.13 €/kWh
2026-10-10T14:02:23Z,STR-E-PJCQ-B,0.08 € + 0.13 €/kWh
2026-10-10T14:02:23Z,STR-E-PM3P-A,0.19 €/kWh + 0.23 €
2026-10-10T14:02:23Z,STR-E-PM3P-B,0.19 €/kWh + 0.23 €
2026-10-10T14:02:23Z,STR-E-PRUQ-A,0.09 €/kWh
2026-10-10T14:02:23Z,STR-E-PSU9-A,0.09 €/kWh
2026-10-10T14:02:23Z,STR-E-PZ9U-A,0.09 €/kWh
2026-10-10T14:02:23Z,STR-E-PZES-A,0.09 €/kWh
2026-10-10T14:02:23Z,STR-E-Q5YF-A,0.19 €/kWh + 0.23 €
2026-10-10T14:02:23Z,STR-E-Q5YF-B,0.19 €/kWh + 0.23 €
2026-10-10T14:02:23Z,STR-E-Q7LB-A,0.19 €/kWh + 0.23 €
2026-10-10T14:02:23Z,STR-E-Q7LB-B,0.19 €/kWh + 0.23 €
2026-10-10T14:02:23Z,STR-E-QAXH-A,0.15 € + 0.18 €/kWh
2026-10-10T14:02:23Z,STR-E-QE1X-A,0.08 € + 0.13 €/kWh
2026-10-10T14:02:23Z,STR-E-QE1X-B,0.08 € + 0.13 €/kWh
2026-10-10T14:02:23Z,STR-E-QEDL-A,0.09 €/kWh
2026-10-10T14:02:23Z,STR-E-QIQM-A,0.09 €/kWh
2026-10-10T14:02:23Z,STR-E-QLC9-A,0.18 €/kWh
2026-10-10T14:02:23Z,STR-E-QLC9-B,0.18 €/kWh
2026-10-10T14:02:23Z,STR-E-R0J8-A,0.09 €/kWh
2026-10-10T14:02:23Z,STR-E-R1MT-A,0.19 €/kWh + 0.23 €
2026-10-10T14:02:23Z,STR-E-R1MT-B,0.19 €/kWh + 0.23 €
2026-10-10T14:02:23Z,STR-E-R1PI-A,0.19 €/kWh + 0.23 €
2026-10-10T14:02:23Z,STR-E-R1PI-B,0.19 €/kWh + 0.23 €
2026-10-10T14:02:23Z,STR-E-R2LK-A,0.19 €/kWh + 0.23 €
2026-10-10T14:02:23Z,STR-E-R2LK-B,0.19 €/kWh + 0.23 €
2026-10-10T14:02:23Z,STR-E-R8PQ-A,0 € + 0.17 €/kWh
2026-10-10T14:02:23Z,STR-E-R9GA-A,0.09 €/kWh
2026-10-10T14:02:23Z,STR-E-RJH9-A,0.09 €/kWh
2026-10-10T14:02:23Z,STR-E-RKWJ-A,0.09 €/kWh
2026-10-10T14:02:23Z,STR-E-S42D-A,0.09 €/kWh
2026-10-10T14:02:23Z,STR-E-S6VR-A,0 € + 0.17 €/kWh
2026-10-10T14:02:23Z,STR-E-S7YR-A,0.19 €/kWh + 0.23 €
2026-10-10T14:02:23Z,STR-E-S7YR-B,0.19 €/kWh + 0.23 €
2026-10-10T14:02:23Z,STR-E-SGC2-A,0 € + 0.17 €/kWh
2026-10-10T14:02:23Z,STR-E-SJKA-A,0.09 €/kWh
2026-10-10T14:02:23Z,STR-E-SQX8-A,0.08 € + 0.13 €/kWh
2026-10-10T14:02:23Z,STR-E-SQX8-B,0.08 € + 0.13 €/kWh
2026-10-10T14:02:23Z,STR-E-SVR3-A,0.19 €/kWh + 0.23 €
2026-10-10T14:02:23Z,STR-E-SVR3-B,0.19 €/kWh + 0.23 €
2026-10-10T14:02:23Z,STR-E-SY9Y-A,0.09 €/kWh
2026-10-10T14:02:23Z,STR-E-TO2O-A,0.09 €/kWh
2026-10-10T14:02:23Z,STR-E-TX67-A,0.21 €/kWh
2026-10-10T14:02:23Z,STR-E-TX67-B,0.21 €/kWh
2026-10-10T14:02:23Z,STR-E-U41O-A,0 € + 0.17 €/kWh
2026-10-10T14:02:23Z,STR-E-U5TP-A,0.09 €/kWh
2026-10-10T14:02:23Z,STR-E-UKPS-A,0.15 € + 0.18 €/kWh
2026-10-10T14:02:23Z,STR-E-UPAQ-A,0.18 €/kWh
2026-10-10T14:02:23Z,STR-E-UPAQ-B,0.18 €/kWh
2026-10-10T14:02:23Z,STR-E-UPOS-A,0.08 € + 0.13 €/kWh
2026-10-10T14:02:23Z,STR-E-UPOS-B,0.08 € + 0.13 €/kWh
2026-10-10T14:02:23Z,STR-E-UY5H-A,0.09 €/kWh
2026-10-10T14:02:23Z,STR-E-V17G-A,0.09 €/kWh
2026-10-10T14:02:23Z,STR-E-V31J-A,0.09 €/kWh
2026-10-10T14:02:23Z,STR-E-V50T-A,0.09 €/kWh
2026-10-10T14:02:23Z,STR-E-V9SD-A,0.09 €/kWh
2026-10-10T14:02:23Z,STR-E-V9ZR-A,0.09 €/kWh
2026-10-10T14:02:23Z,STR-E-VBMP-A,0.09 €/kWh
2026-10-10T14:02:23Z,STR-E-VJBJ-A,0 € + 0.17 €/kWh
2026-10-10T14:02:23Z,STR-E-VPDB-A,0.09 €/kWh
2026-10-10T14:02:23Z,STR-E-VQ06-A,0 € + 0.17 €/kWh
2026-10-10T14:02:23Z,STR-E-VSDJ-A,0.21 €/kWh
2026-10-10T14:02:23Z,STR-E-VSDJ-B,0.21 €/kWh
2026-10-10T14:02:23Z,STR-E-VT0G-A,0.09 €/kWh
2026-10-10T14:02:23Z,STR-E-VX2O-A,0 € + 0.17 €/kWh
2026-10-10T14:02:23Z,STR-E-VXGH-A,0.09 €/kWh
2026-10-10T14:02:23Z,STR-E-W1X4-A,0.09 €/kWh
2026-10-10T14:02:23Z,STR-E-WEE3-A,0.19 €/kWh + 0.23 €
2026-10-10T14:02:23Z,STR-E-WEE3-B,0.19 €/kWh + 0.23 €
2026-10-10T14:02:23Z,STR-E-WHZ1-A,0 € + 0.17 €/kWh
2026-10-10T14:02:23Z,STR-E-WLGM-A,0 € + 0.17 €/kWh
2026-10-10T14:02:23Z,STR-E-WTQ5-A,0.19 €/kWh
2026-10-10T14:02:23Z,STR-E-WXV8-A,0.09 €/kWh
2026-10-10T14:02:23Z,STR-E-WYFE-A,0.19 €/kWh
2026-10-10T14:02:23Z,STR-E-WYFE-B,0.19 €/kWh
2026-10-10T14:02:23Z,STR-E-WYYC-A,0.19 €/kWh + 0.23 €
2026-10-10T14:02:23Z,STR-E-WYYC-B,0.19 €/kWh + 0.23 €
2026-10-10T14:02:23Z,STR-E-WZW9-A,0.09 €/kWh
2026-10-10T14:02:23Z,STR-E-X525-A,0.09 €/kWh
2026-10-10T14:02:23Z,STR-E-X54O-A,0 € + 0.17 €/kWh
2026-10-10T14:02:23Z,STR-E-XCMJ-A,0.08 € + 0.13 €/kWh
2026-10-10T14:02:23Z,STR-E-XCMJ-B,0.08 € + 0.13 €/kWh
2026-10-10T14:02:23Z,STR-E-XFON-A,0.09 €/kWh
2026-10-10T14:02:23Z,STR-E-XG69-A,0.08 € + 0.13 €/kWh
2026-10-10T14:02:23Z,STR-E-XG69-B,0.08 € + 0.13 €/kWh
2026-10-10T14:02:23Z,STR-E-XH51-A,0 € + 0.17 €/kWh
2026-10-10T14:02:23Z,STR-E-XKW2-A,0.19 €/kWh + 0.23 €
2026-10-10T14:02:23Z,STR-E-XKW2-B,0.19 €/kWh + 0.23 €
2026-10-10T14:02:23Z,STR-E-XRV8-A,0 € + 0.17 €/kWh
2026-10-10T14:02:23Z,STR-E-Y7JK-A,0 € + 0.17 €/kWh
2026-10-10T14:02:23Z,STR-E-Y82E-A,0 € + 0.17 €/kWh
2026-10-10T14:02:23Z,STR-E-YC50-A,0.09 €/kWh
2026-10-10T14:02:23Z,STR-E-Z2PJ-A,0.08 € + 0.13 €/kWh
2026-10-10T14:02:23Z,STR-E-Z2PJ-B,0.08 € + 0.13 €/kWh
2026-10-10T14:02:23Z,STR-E-ZA6O-A,0.09 €/kWh
2026-10-10T14:02:23Z,STR-E-ZEP7-A,0 € + 0.17 €/kWh
2026-10-10T14:02:23Z,STR-E-ZIAZ-A,0 € + 0.17 €/kWh
2026-10-10T14:02:23Z,STR-E-ZK9W-A,0 € + 0.17 €/kWh
2026-10-10T14:02:23Z,STR-E-ZS00-A,0.19 €/kWh + 0.23 €
2026-10-10T14:02:23Z,STR-E-ZS00-B,0.19 €/kWh + 0.23 €
2026-10-10T14:02:23Z,STR-E-ZWU5-A,0.08 € + 0.13 €/kWh
2026-10-10T14:02:23Z,STR-E-ZWU5-B,0.08 € + 0.13 €/kWh
2026-10-10T14:18:22Z,IKR-E-1220-A,0.3 € + 0.23 €/kWh
2026-10-10T14:18:22Z,IKR-E-1871-A,0.3 € + 0.23 €/kWh
2026-10-10T14:18:22Z,IKR-E-2G8J-A,0.3 € + 0.23 €/kWh
2026-10-10T14:18:22Z,IKR-E-3TSR-A,0.3 € + 0.23 €/kWh
2026-10-10T14:18:22Z,IKR-E-5715-A,0.3 € + 0.23 €/kWh
2026-10-10T14:18:22Z,IKR-E-5730-A,0.3 € + 0.29 €/kWh
2026-10-10T14:18:22Z,IKR-E-5CGU-A,0.3 € + 0.23 €/kWh
2026-10-10T14:18:22Z,IKR-E-7718-A,0.3 € + 0.29 €/kWh
2026-10-10T14:18:22Z,IKR-E-DVCM-A,0.3 € + 0.23 €/kWh
2026-10-10T14:18:22Z,IKR-E-E228-A,0.3 € + 0.25 €/kWh
2026-10-10T14:18:22Z,IKR-E-E475-A,0.3 € + 0.27 €/kWh
2026-10-10T14:18:22Z,IKR-E-E544-A,0.3 € + 0.27 €/kWh
2026-10-10T14:18:22Z,IKR-E-EKZA-A,0.3 € + 0.25 €/kWh
2026-10-10T14:18:22Z,IKR-E-GAY9-A,0.3 € + 0.23 €/kWh
2026-10-10T14:18:22Z,IKR-E-IZW2-A,0.3 € + 0.23 €/kWh
2026-10-10T14:18:22Z,IKR-E-J1JV-A,0.3 € + 0.25 €/kWh
2026-10-10T14:18:22Z,IKR-E-JJAJ-A,0.3 € + 0.23 €/kWh
2026-10-10T14:18:22Z,IKR-E-KMBH-A,0.3 € + 0.23 €/kWh
2026-10-10T14:18:22Z,IKR-E-LJZI-A,0.3 € + 0.23 €/kWh
2026-10-10T14:18:22Z,IKR-E-MAU9-A,0.29 € + 0.15 €/kWh
2026-10-10T14:18:22Z,IKR-E-W6HQ-A,0.29 € + 0.15 €/kWh
2026-10-10T14:18:22Z,IKR-E-XIH2-A,0.3 € + 0.23 €/kWh
2026-10-10T14:18:22Z,IKR-P-IV7E-B,0.3 € + 0.23 €/kWh
2026-10-10T14:18:22Z,STR-E-02VO-A,0.22 €/kWh
2026-10-10T14:18:22Z,STR-E-02VO-B,0.22 €/kWh
2026-10-10T14:18:22Z,STR-E-04YS-A,0 € + 0.18 €/kWh
2026-10-10T14:18:22Z,STR-E-051F-A,0.08 € + 0.14 €/kWh
2026-10-10T14:18:22Z,STR-E-10G9-A,0.08 € + 0.14 €/kWh
2026-10-10T14:18:22Z,STR-E-10G9-B,0.08 € + 0.14 €/kWh
2026-10-10T14:18:22Z,STR-E-1ME5-A,0.08 € + 0.14 €/kWh
2026-10-10T14:18:22Z,STR-E-1ME5-B,0.08 € + 0.14 €/kWh
2026-10-10T14:18:22Z,STR-E-1MHB-A,0.31 €/kWh
2026-10-10T14:18:22Z,STR-E-1X30-A,0 € + 0.18 €/kWh
2026-10-10T14:18:22Z,STR-E-2446-A,0 € + 0.18 €/kWh
2026-10-10T14:18:22Z,STR-E-2K1Q-A,0 € + 0.18 €/kWh
2026-10-10T14:18:22Z,STR-E-2XDJ-A,0 € + 0.18 €/kWh
2026-10-10T14:18:22Z,STR-E-3WE5-A,0 € + 0.18 €/kWh
2026-10-10T14:18:22Z,STR-E-3YH3-A,0.08 € + 0.14 €/kWh
2026-10-10T14:18:22Z,STR-E-3YH3-B,0.08 € + 0.14 €/kWh
2026-10-10T14:18:22Z,STR-E-4156-A,0.25 €/kWh
2026-10-10T14:18:22Z,STR-E-4156-B,0.25 €/kWh
2026-10-10T14:18:22Z,STR-E-491A-A,0.19 €/kWh
2026-10-10T14:18:22Z,STR-E-491A-B,0.19 €/kWh
2026-10-10T14:18:22Z,STR-E-491A-C,0.19 €/kWh
2026-10-10T14:18:22Z,STR-E-4DE6-A,0.19 €/kWh
2026-10-10T14:18:22Z,STR-E-4DE6-B,0.19 €/kWh
2026-10-10T14:18:22Z,STR-E-4KWM-A,0.29 €/kWh
2026-10-10T14:18:22Z,STR-E-4KWM-B,0.29 €/kWh
2026-10-10T14:18:22Z,STR-E-4YKC-A,0 € + 0.18 €/kWh
2026-10-10T14:18:22Z,STR-E-527U-A,0 € + 0.18 €/kWh
2026-10-10T14:18:22Z,STR-E-54PK-A,0.08 € + 0.14 €/kWh
2026-10-10T14:18:22Z,STR-E-54PK-B,0.08 € + 0.14 €/kWh
2026-10-10T14:18:22Z,STR-E-55I4-A,0 € + 0.18 €/kWh
2026-10-10T14:18:22Z,STR-E-566J-A,0 € + 0.18 €/kWh
2026-10-10T14:18:22Z,STR-E-59TF-A,0.08 € + 0.14 €/kWh
2026-10-10T14:18:22Z,STR-E-6E7W-A,0 € + 0.18 €/kWh
2026-10-10T14:18:22Z,STR-E-6ZTQ-A,0 € + 0.18 €/kWh
2026-10-10T14:18:22Z,STR-E-7438-A,0 € + 0.18 €/kWh
2026-10-10T14:18:22Z,STR-E-7A48-A,0.08 € + 0.14 €/kWh
2026-10-10T14:18:22Z,STR-E-7YBN-A,0 € + 0.18 €/kWh
2026-10-10T14:18:22Z,STR-E-7Z8G-A,0.29 €/kWh
2026-10-10T14:18:22Z,STR-E-7Z8G-B,0.29 €/kWh
2026-10-10T14:18:22Z,STR-E-8A02-A,0 € + 0.18 €/kWh
2026-10-10T14:18:22Z,STR-E-8Q9F-A,0 € + 0.18 €/kWh
2026-10-10T14:18:22Z,STR-E-9AH3-A,0 € + 0.18 €/kWh
2026-10-10T14:18:22Z,STR-E-A169-A,0 € + 0.18 €/kWh
2026-10-10T14:18:22Z,STR-E-A27N-A,0.22 €/kWh
2026-10-10T14:18:22Z,STR-E-A27N-B,0.22 €/kWh
2026-10-10T14:18:22Z,STR-E-A27N-C,0.22 €/kWh
2026-10-10T14:18:22Z,STR-E-ADXE-A,0 € + 0.18 €/kWh
2026-10-10T14:18:22Z,STR-E-AF2O-A,0.08 € + 0.14 €/kWh
2026-10-10T14:18:22Z,STR-E-AMQK-A,0 € + 0.18 €/kWh
2026-10-10T14:18:22Z,STR-E-AUQ2-A,0 € + 0.18 €/kWh
2026-10-10T14:18:22Z,STR-E-AWF1-A,0.08 € + 0.14 €/kWh
2026-10-10T14:18:22Z,STR-E-AWF1-B,0.08 € + 0.14 €/kWh
2026-10-10T14:18:22Z,STR-E-AWJ9-A,0.22 €/kWh
2026-10-10T14:18:22Z,STR-E-AWJ9-B,0.22 €/kWh
2026-10-10T14:18:22Z,STR-E-C99Z-A,0 € + 0.18 €/kWh
2026-10-10T14:18:22Z,STR-E-DBCC-A,0.08 € + 0.14 €/kWh
2026-10-10T14:18:22Z,STR-E-DBCC-B,0.08 € + 0.14 €/kWh
2026-10-10T14:18:22Z,STR-E-DHEJ-A,0 € + 0.18 €/kWh
2026-10-10T14:18:22Z,STR-E-ECI7-A,0 € + 0.18 €/kWh
2026-10-10T14:18:22Z,STR-E-EFXK-A,0 € + 0.18 €/kWh
2026-10-10T14:18:22Z,STR-E-EPQY-A,0 € + 0.18 €/kWh
2026-10-10T14:18:22Z,STR-E-ER2N-A,0 € + 0.18 €/kWh
2026-10-10T14:18:22Z,STR-E-ES3O-A,0 € + 0.18 €/kWh
2026-10-10T14:18:22Z,STR-E-F2G0-A,0.08 € + 0.14 €/kWh
2026-10-10T14:18:22Z,STR-E-F2G0-B,0.08 € + 0.14 €/kWh
2026-10-10T14:18:22Z,STR-E-FKUY-A,0 € + 0.18 €/kWh
2026-10-10T14:18:22Z,STR-E-FUE8-A,0.08 € + 0.14 €/kWh
2026-10-10T14:18:22Z,STR-E-FUE8-B,0.08 € + 0.14 €/kWh
2026-10-10T14:18:22Z,STR-E-GE77-A,0.29 €/kWh
2026-10-10T14:18:22Z,STR-E-GE77-B,0.29 €/kWh
2026-10-10T14:18:22Z,STR-E-GFB3-A,0 € + 0.18 €/kWh
2026-10-10T14:18:22Z,STR-E-GK0C-A,0 € + 0.18 €/kWh
2026-10-10T14:18:22Z,STR-E-HHXV-A,0 € + 0.18 €/kWh
2026-10-10T14:18:22Z,STR-E-I1KE-A,0 € + 0.18 €/kWh
2026-10-10T14:18:22Z,STR-E-IAO5-A,0 € + 0.18 €/kWh
2026-10-10T14:18:22Z,STR-E-IIKL-A,0.08 € + 0.14 €/kWh
2026-10-10T14:18:22Z,STR-E-IIKL-B,0.08 € + 0.14 €/kWh
2026-10-10T14:18:22Z,STR-E-IPEC-A,0 € + 0.18 €/kWh
2026-10-10T14:18:22Z,STR-E-IV6T-A,0 € + 0.18 €/kWh
2026-10-10T14:18:22Z,STR-E-J54N-A,0 € + 0.18 €/kWh
2026-10-10T14:18:22Z,STR-E-J6DA-A,0 € + 0.18 €/kWh
2026-10-10T14:18:22Z,STR-E-J8VF-A,0 € + 0.18 €/kWh
2026-10-10T14:18:22Z,STR-E-JMOR-A,0 € + 0.18 €/kWh
2026-10-10T14:18:22Z,STR-E-K217-A,0 € + 0.18 €/kWh
2026-10-10T14:18:22Z,STR-E-KOHN-A,0 € + 0.18 €/kWh
2026-10-10T14:18:22Z,STR-E-KT5B-A,0 € + 0.18 €/kWh
2026-10-10T14:18:22Z,STR-E-KUKS-A,0.08 € + 0.14 €/kWh
2026-10-10T14:18:22Z,STR-E-KUKS-B,0.08 € + 0.14 €/kWh
2026-10-10T14:18:22Z,STR-E-LREY-A,0.31 €/kWh
2026-10-10T14:18:22Z,STR-E-MIP3-A,0.19 €/kWh
2026-10-10T14:18:22Z,STR-E-MIP3-B,0.19 €/kWh
2026-10-10T14:18:22Z,STR-E-NCKT-A,0.08 € + 0.14 €/kWh
2026-10-10T14:18:22Z,STR-E-NCKT-B,0.08 € + 0.14 €/kWh
2026-10-10T14:18:22Z,STR-E-NDU2-A,0 € + 0.18 €/kWh
2026-10-10T14:18:22Z,STR-E-NDZ4-A,0 € + 0.18 €/kWh
2026-10-10T14:18:22Z,STR-E-NFV5-A,0 € + 0.18 €/kWh
2026-10-10T14:18:22Z,STR-E-NSGB-A,0 € + 0.18 €/kWh
2026-10-10T14:18:22Z,STR-E-NY0Q-A,0.15 € + 0.19 €/kWh
2026-10-10T14:18:22Z,STR-E-O5JX-A,0 € + 0.18 €/kWh
2026-10-10T14:18:22Z,STR-E-O5YW-A,0.08 € + 0.14 €/kWh
2026-10-10T14:18:22Z,STR-E-O5YW-B,0.08 € + 0.14 €/kWh
2026-10-10T14:18:22Z,STR-E-ODBK-A,0.29 €/kWh
2026-10-10T14:18:22Z,STR-E-ODBK-B,0.29 €/kWh
2026-10-10T14:18:22Z,STR-E-OFWF-A,0 € + 0.18 €/kWh
2026-10-10T14:18:22Z,STR-E-OHH6-A,0 € + 0.18 €/kWh
2026-10-10T14:18:22Z,STR-E-P46N-A,0 € + 0.18 €/kWh
2026-10-10T14:18:22Z,STR-E-P7AF-A,0.08 € + 0.14 €/kWh
2026-10-10T14:18:22Z,STR-E-P7AF-B,0.08 € + 0.14 €/kWh
2026-10-10T14:18:22Z,STR-E-PJCQ-A,0.08 € + 0.14 €/kWh
2026-10-10T14:18:22Z,STR-E-PJCQ-B,0.08 € + 0.14 €/kWh
2026-10-10T14:18:22Z,STR-E-QAXH-A,0.15 € + 0.19 €/kWh
2026-10-10T14:18:22Z,STR-E-QE1X-A,0.08 € + 0.14 €/kWh
2026-10-10T14:18:22Z,STR-E-QE1X-B,0.08 € + 0.14 €/kWh
2026-10-10T14:18:22Z,STR-E-QLC9-A,0.19 €/kWh
2026-10-10T14:18:22Z,STR-E-QLC9-B,0.19 €/kWh
2026-10-10T14:18:22Z,STR-E-R8PQ-A,0 € + 0.18 €/kWh
2026-10-10T14:18:22Z,STR-E-S6VR-A,0 € + 0.18 €/kWh
2026-10-10T14:18:22Z,STR-E-SGC2-A,0 € + 0.18 €/kWh
2026-10-10T14:18:22Z,STR-E-SQX8-A,0.08 € + 0.14 €/kWh
2026-10-10T14:18:22Z,STR-E-SQX8-B,0.08 € + 0.14 €/kWh
2026-10-10T14:18:22Z,STR-E-TX67-A,0.22 €/kWh
2026-10-10T14:18:22Z,STR-E-TX67-B,0.22 €/kWh
2026-10-10T14:18:22Z,STR-E-U41O-A,0 € + 0.18 €/kWh
2026-10-10T14:18:22Z,STR-E-UKPS-A,0.15 € + 0.19 €/kWh
2026-10-10T14:18:22Z,STR-E-UPAQ-A,0.19 €/kWh
2026-10-10T14:18:22Z,STR-E-UPAQ-B,0.19 €/kWh
2026-10-10T14:18:22Z,STR-E-UPOS-A,0.08 € + 0.14 €/kWh
2026-10-10T14:18:22Z,STR-E-UPOS-B,0.08 € + 0.14 €/kWh
2026-10-10T14:18:22Z,STR-E-VJBJ-A,0 € + 0.18 €/kWh
2026-10-10T14:18:22Z,STR-E-VQ06-A,0 € + 0.18 €/kWh
2026-10-10T14:18:22Z,STR-E-VSDJ-A,0.22 €/kWh
2026-10-10T14:18:22Z,STR-E-VSDJ-B,0.22 €/kWh
2026-10-10T14:18:22Z,STR-E-VX2O-A,0 € + 0.18 €/kWh
2026-10-10T14:18:22Z,STR-E-WHZ1-A,0 € + 0.18 €/kWh
2026-10-10T14:18:22Z,STR-E-WLGM-A,0 € + 0.18 €/kWh
2026-10-10T14:18:22Z,STR-E-X54O-A,0 € + 0.18 €/kWh
2026-10-10T14:18:22Z,STR-E-XCMJ-A,0.08 € + 0.14 €/kWh
2026-10-10T14:18:22Z,STR-E-XCMJ-B,0.08 € + 0.14 €/kWh
2026-10-10T14:18:22Z,STR-E-XG69-A,0.08 € + 0.14 €/kWh
2026-10-10T14:18:22Z,STR-E-XG69-B,0.08 € + 0.14 €/kWh
2026-10-10T14:18:22Z,STR-E-XH51-A,0 € + 0.18 €/kWh
2026-10-10T14:18:22Z,STR-E-XRV8-A,0 € + 0.18 €/kWh
2026-10-10T14:18:22Z,STR-E-Y7JK-A,0 € + 0.18 €/kWh
2026-10-10T14:18:22Z,STR-E-Y82E-A,0 € + 0.18 €/kWh
2026-10-10T14:18:22Z,STR-E-Z2PJ-A,0.08 € + 0.14 €/kWh
2026-10-10T14:18:22Z,STR-E-Z2PJ-B,0.08 € + 0.14 €/kWh
2026-10-10T14:18:22Z,STR-E-ZEP7-A,0 € + 0.18 €/kWh
2026-10-10T14:18:22Z,STR-E-ZIAZ-A,0 € + 0.18 €/kWh
2026-10-10T14:18:22Z,STR-E-ZK9W-A,0 € + 0.18 €/kWh
2026-10-10T14:18:22Z,STR-E-ZWU5-A,0.08 € + 0.14 €/kWh
2026-10-10T14:18:22Z,STR-E-ZWU5-B,0.08 € + 0.14 €/kWh
2026-10-10T14:30:56Z,IKR-E-1220-A,0.3 € + 0.21 €/kWh
2026-10-10T14:30:56Z,IKR-E-1871-A,0.3 € + 0.21 €/kWh
2026-10-10T14:30:56Z,IKR-E-2G8J-A,0.3 € + 0.21 €/kWh
2026-10-10T14:30:56Z,IKR-E-3TSR-A,0.3 € + 0.21 €/kWh
2026-10-10T14:30:56Z,IKR-E-5715-A,0.3 € + 0.21 €/kWh
2026-10-10T14:30:56Z,IKR-E-5730-A,0.3 € + 0.25 €/kWh
2026-10-10T14:30:56Z,IKR-E-5CGU-A,0.3 € + 0.21 €/kWh
2026-10-10T14:30:56Z,IKR-E-7718-A,0.3 € + 0.25 €/kWh
2026-10-10T14:30:56Z,IKR-E-DVCM-A,0.3 € + 0.21 €/kWh
2026-10-10T14:30:56Z,IKR-E-E228-A,0.3 € + 0.23 €/kWh
2026-10-10T14:30:56Z,IKR-E-E475-A,0.3 € + 0.25 €/kWh
2026-10-10T14:30:56Z,IKR-E-E544-A,0.3 € + 0.25 €/kWh
2026-10-10T14:30:56Z,IKR-E-EKZA-A,0.3 € + 0.23 €/kWh
2026-10-10T14:30:56Z,IKR-E-GAY9-A,0.3 € + 0.21 €/kWh
2026-10-10T14:30:56Z,IKR-E-IZW2-A,0.3 € + 0.21 €/kWh
2026-10-10T14:30:56Z,IKR-E-J1JV-A,0.3 € + 0.23 €/kWh
2026-10-10T14:30:56Z,IKR-E-JJAJ-A,0.3 € + 0.21 €/kWh
2026-10-10T14:30:56Z,IKR-E-KMBH-A,0.3 € + 0.21 €/kWh
2026-10-10T14:30:56Z,IKR-E-LJZI-A,0.3 € + 0.21 €/kWh
2026-10-10T14:30:56Z,IKR-E-MAU9-A,0.29 € + 0.12 €/kWh
2026-10-10T14:30:56Z,IKR-E-OWF5-A,0.3 € + 0.27 €/kWh
2026-10-10T14:30:56Z,IKR-E-W6HQ-A,0.29 € + 0.12 €/kWh
2026-10-10T14:30:56Z,IKR-E-XIH2-A,0.3 € + 0.21 €/kWh
2026-10-10T14:30:56Z,IKR-E-Y2Z8-A,0.3 € + 0.19 €/kWh
2026-10-10T14:30:56Z,IKR-P-IV7E-B,0.3 € + 0.21 €/kWh
2026-10-10T14:30:56Z,IKR-P-SCM5-A,0.3 € + 0.27 €/kWh
2026-10-10T14:30:56Z,IKR-P-V9X4-A,0.3 € + 0.27 €/kWh
2026-10-10T14:30:56Z,IKR-P-V9X4-B,0.3 € + 0.27 €/kWh
2026-10-10T14:32:26Z,STR-E-027B-A,0.2 €/kWh + 0.23 €
2026-10-10T14:32:26Z,STR-E-027B-B,0.2 €/kWh + 0.23 €
2026-10-10T14:32:26Z,STR-E-02VO-A,0.23 €/kWh
2026-10-10T14:32:26Z,STR-E-02VO-B,0.23 €/kWh
2026-10-10T14:32:26Z,STR-E-04YS-A,0 € + 0.19 €/kWh
2026-10-10T14:32:26Z,STR-E-051F-A,0.08 € + 0.15 €/kWh
2026-10-10T14:32:26Z,STR-E-0698-A,0.1 €/kWh
2026-10-10T14:32:26Z,STR-E-0GEL-A,0.1 €/kWh
2026-10-10T14:32:26Z,STR-E-10G9-A,0.08 € + 0.15 €/kWh
2026-10-10T14:32:26Z,STR-E-10G9-B,0.08 € + 0.15 €/kWh
2026-10-10T14:32:26Z,STR-E-1162-A,0.1 €/kWh
2026-10-10T14:32:26Z,STR-E-11DT-A,0.1 €/kWh
2026-10-10T14:32:26Z,STR-E-1887-A,0.1 €/kWh
2026-10-10T14:32:26Z,STR-E-1927-A,0.1 €/kWh
2026-10-10T14:32:26Z,STR-E-1ME5-A,0.08 € + 0.15 €/kWh
2026-10-10T14:32:26Z,STR-E-1ME5-B,0.08 € + 0.15 €/kWh
2026-10-10T14:32:26Z,STR-E-1MHB-A,0.32 €/kWh
2026-10-10T14:32:26Z,STR-E-1MJQ-A,0.1 €/kWh
2026-10-10T14:32:26Z,STR-E-1X30-A,0 € + 0.19 €/kWh
2026-10-10T14:32:26Z,STR-E-21O1-A,0.2 €/kWh
2026-10-10T14:32:26Z,STR-E-21O1-B,0.2 €/kWh
2026-10-10T14:32:26Z,STR-E-2446-A,0 € + 0.19 €/kWh
2026-10-10T14:32:26Z,STR-E-2D12-A,0.1 €/kWh
2026-10-10T14:32:26Z,STR-E-2ED4-A,0.1 €/kWh
2026-10-10T14:32:26Z,STR-E-2K1Q-A,0 € + 0.19 €/kWh
2026-10-10T14:32:26Z,STR-E-2XDJ-A,0 € + 0.19 €/kWh
2026-10-10T14:32:26Z,STR-E-320G-A,0.1 €/kWh
2026-10-10T14:32:26Z,STR-E-3468-A,0.2 €/kWh
2026-10-10T14:32:26Z,STR-E-3468-B,0.2 €/kWh
2026-10-10T14:32:26Z,STR-E-3ENA-A,0.2 €/kWh
2026-10-10T14:32:26Z,STR-E-3ENA-B,0.2 €/kWh
2026-10-10T14:32:26Z,STR-E-3ENA-C,0.2 €/kWh
2026-10-10T14:32:26Z,STR-E-3FMF-A,0.2 €/kWh + 0.23 €
2026-10-10T14:32:26Z,STR-E-3FMF-B,0.2 €/kWh + 0.23 €
2026-10-10T14:32:26Z,STR-E-3PZS-A,0.1 €/kWh
2026-10-10T14:32:26Z,STR-E-3SXI-A,0.2 €/kWh
2026-10-10T14:32:26Z,STR-E-3SXI-B,0.2 €/kWh
2026-10-10T14:32:26Z,STR-E-3TZI-A,0.1 €/kWh
2026-10-10T14:32:26Z,STR-E-3WE5-A,0 € + 0.19 €/kWh
2026-10-10T14:32:26Z,STR-E-3YH3-A,0.08 € + 0.15 €/kWh
2026-10-10T14:32:26Z,STR-E-3YH3-B,0.08 € + 0.15 €/kWh
2026-10-10T14:32:26Z,STR-E-4156-A,0.26 €/kWh
2026-10-10T14:32:26Z,STR-E-4156-B,0.26 €/kWh
2026-10-10T14:32:26Z,STR-E-491A-A,0.2 €/kWh
2026-10-10T14:32:26Z,STR-E-491A-B,0.2 €/kWh
2026-10-10T14:32:26Z,STR-E-491A-C,0.2 €/kWh
2026-10-10T14:32:26Z,STR-E-4DE6-A,0.2 €/kWh
2026-10-10T14:32:26Z,STR-E-4DE6-B,0.2 €/kWh
2026-10-10T14:32:26Z,STR-E-4KWM-A,0.3 €/kWh
2026-10-10T14:32:26Z,STR-E-4KWM-B,0.3 €/kWh
2026-10-10T14:32:26Z,STR-E-4LRS-A,0.1 €/kWh
2026-10-10T14:32:26Z,STR-E-4UGU-A,0.1 €/kWh
2026-10-10T14:32:26Z,STR-E-4YKC-A,0 € + 0.19 €/kWh
2026-10-10T14:32:26Z,STR-E-527U-A,0 € + 0.19 €/kWh
2026-10-10T14:32:26Z,STR-E-54PK-A,0.08 € + 0.15 €/kWh
2026-10-10T14:32:26Z,STR-E-54PK-B,0.08 € + 0.15 €/kWh
2026-10-10T14:32:26Z,STR-E-55I4-A,0 € + 0.19 €/kWh
2026-10-10T14:32:26Z,STR-E-566J-A,0 € + 0.19 €/kWh
2026-10-10T14:32:26Z,STR-E-59TF-A,0.08 € + 0.15 €/kWh
2026-10-10T14:32:26Z,STR-E-5DWB-A,0.1 €/kWh
2026-10-10T14:32:26Z,STR-E-5TI5-A,0.1 €/kWh
2026-10-10T14:32:26Z,STR-E-69PN-A,0.1 €/kWh
2026-10-10T14:32:26Z,STR-E-6CNG-A,0.1 €/kWh
2026-10-10T14:32:26Z,STR-E-6E7W-A,0 € + 0.19 €/kWh
2026-10-10T14:32:26Z,STR-E-6SQH-A,0.1 €/kWh
2026-10-10T14:32:26Z,STR-E-6UZQ-A,0.2 €/kWh
2026-10-10T14:32:26Z,STR-E-6UZQ-B,0.2 €/kWh
2026-10-10T14:32:26Z,STR-E-6ZTQ-A,0 € + 0.19 €/kWh
2026-10-10T14:32:26Z,STR-E-7438-A,0 € + 0.19 €/kWh
2026-10-10T14:32:26Z,STR-E-7A48-A,0.08 € + 0.15 €/kWh
2026-10-10T14:32:26Z,STR-E-7YBN-A,0 € + 0.19 €/kWh
2026-10-10T14:32:26Z,STR-E-7Z8G-A,0.3 €/kWh
2026-10-10T14:32:26Z,STR-E-7Z8G-B,0.3 €/kWh
2026-10-10T14:32:26Z,STR-E-86C0-A,0.1 €/kWh
2026-10-10T14:32:26Z,STR-E-88SA-A,0.1 €/kWh
2026-10-10T14:32:26Z,STR-E-8A02-A,0 € + 0.19 €/kWh
2026-10-10T14:32:26Z,STR-E-8M2O-A,0.1 €/kWh
2026-10-10T14:32:26Z,STR-E-8Q9F-A,0 € + 0.19 €/kWh
2026-10-10T14:32:26Z,STR-E-8XL5-A,0.1 €/kWh
2026-10-10T14:32:26Z,STR-E-8Y23-A,0.1 €/kWh
2026-10-10T14:32:26Z,STR-E-92KW-A,0.2 €/kWh + 0.23 €
2026-10-10T14:32:26Z,STR-E-9AH3-A,0 € + 0.19 €/kWh
2026-10-10T14:32:26Z,STR-E-9I2R-A,0.1 €/kWh
2026-10-10T14:32:26Z,STR-E-9TUZ-A,0.1 €/kWh
2026-10-10T14:32:26Z,STR-E-9WY2-A,0.1 €/kWh
2026-10-10T14:32:26Z,STR-E-A169-A,0 € + 0.19 €/kWh
2026-10-10T14:32:26Z,STR-E-A27N-A,0.23 €/kWh
2026-10-10T14:32:26Z,STR-E-A27N-B,0.23 €/kWh
2026-10-10T14:32:26Z,STR-E-A27N-C,0.23 €/kWh
2026-10-10T14:32:26Z,STR-E-A442-A,0.1 €/kWh
2026-10-10T14:32:26Z,STR-E-AABG-A,0.1 €/kWh
2026-10-10T14:32:26Z,STR-E-ACMT-A,0.1 €/kWh
2026-10-10T14:32:26Z,STR-E-ADXE-A,0 € + 0.19 €/kWh
2026-10-10T14:32:26Z,STR-E-AF2O-A,0.08 € + 0.15 €/kWh
2026-10-10T14:32:26Z,STR-E-AMQK-A,0 € + 0.19 €/kWh
2026-10-10T14:32:26Z,STR-E-ANJ0-A,0.2 €/kWh + 0.23 €
2026-10-10T14:32:26Z,STR-E-ANJ0-B,0.2 €/kWh + 0.23 €
2026-10-10T14:32:26Z,STR-E-AP96-A,0.2 €/kWh + 0.23 €
2026-10-10T14:32:26Z,STR-E-AP96-B,0.2 €/kWh + 0.23 €
2026-10-10T14:32:26Z,STR-E-AUQ2-A,0 € + 0.19 €/kWh
2026-10-10T14:32:26Z,STR-E-AWF1-A,0.08 € + 0.15 €/kWh
2026-10-10T14:32:26Z,STR-E-AWF1-B,0.08 € + 0.15 €/kWh
2026-10-10T14:32:26Z,STR-E-AWJ9-A,0.23 €/kWh
2026-10-10T14:32:26Z,STR-E-AWJ9-B,0.23 €/kWh
2026-10-10T14:32:26Z,STR-E-B36V-A,0.19 € + 0.27 €/kWh
2026-10-10T14:32:26Z,STR-E-B36V-B,0.19 € + 0.27 €/kWh
2026-10-10T14:32:26Z,STR-E-BIKW-A,0.2 €/kWh + 0.23 €
2026-10-10T14:32:26Z,STR-E-BIKW-B,0.2 €/kWh + 0.23 €
2026-10-10T14:32:26Z,STR-E-BXA5-A,0.1 €/kWh
2026-10-10T14:32:26Z,STR-E-C91L-A,0.1 €/kWh
2026-10-10T14:32:26Z,STR-E-C99Z-A,0 € + 0.19 €/kWh
2026-10-10T14:32:26Z,STR-E-D3MB-A,0.2 €/kWh + 0.23 €
2026-10-10T14:32:26Z,STR-E-D3MB-B,0.2 €/kWh + 0.23 €
2026-10-10T14:32:26Z,STR-E-DBCC-A,0.08 € + 0.15 €/kWh
2026-10-10T14:32:26Z,STR-E-DBCC-B,0.08 € + 0.15 €/kWh
2026-10-10T14:32:26Z,STR-E-DHEJ-A,0 € + 0.19 €/kWh
2026-10-10T14:32:26Z,STR-E-E0DZ-A,0.2 €/kWh
2026-10-10T14:32:26Z,STR-E-E0DZ-B,0.2 €/kWh
2026-10-10T14:32:26Z,STR-E-E7HH-A,0.1 €/kWh
2026-10-10T14:32:26Z,STR-E-ECI7-A,0 € + 0.19 €/kWh
2026-10-10T14:32:26Z,STR-E-EFXK-A,0 € + 0.19 €/kWh
2026-10-10T14:32:26Z,STR-E-ELFQ-A,0.2 €/kWh + 0.23 €
2026-10-10T14:32:26Z,STR-E-ELFQ-B,0.2 €/kWh + 0.23 €
2026-10-10T14:32:26Z,STR-E-EPQY-A,0 € + 0.19 €/kWh
2026-10-10T14:32:26Z,STR-E-ER2N-A,0 € + 0.19 €/kWh
2026-10-10T14:32:26Z,STR-E-ES3O-A,0 € + 0.19 €/kWh
2026-10-10T14:32:26Z,STR-E-EU1U-A,0.1 €/kWh
2026-10-10T14:32:26Z,STR-E-F2G0-A,0.08 € + 0.15 €/kWh
2026-10-10T14:32:26Z,STR-E-F2G0-B,0.08 € + 0.15 €/kWh
2026-10-10T14:32:26Z,STR-E-F4B3-A,0.1 €/kWh
2026-10-10T14:32:26Z,STR-E-F5LZ-A,0.1 €/kWh
2026-10-10T14:32:26Z,STR-E-F79A-A,0.2 €/kWh + 0.23 €
2026-10-10T14:32:26Z,STR-E-F79A-B,0.2 €/kWh + 0.23 €
2026-10-10T14:32:26Z,STR-E-FGMF-A,0.1 €/kWh
2026-10-10T14:32:26Z,STR-E-FK06-A,0.1 €/kWh
2026-10-10T14:32:26Z,STR-E-FKUY-A,0 € + 0.19 €/kWh
2026-10-10T14:32:26Z,STR-E-FUE8-A,0.08 € + 0.15 €/kWh
2026-10-10T14:32:26Z,STR-E-FUE8-B,0.08 € + 0.15 €/kWh
2026-10-10T14:32:26Z,STR-E-G4VM-A,0.1 €/kWh
2026-10-10T14:32:26Z,STR-E-G518-A,0.1 €/kWh
2026-10-10T14:32:26Z,STR-E-GB9A-A,0.1 €/kWh
2026-10-10T14:32:26Z,STR-E-GE77-A,0.3 €/kWh
2026-10-10T14:32:26Z,STR-E-GE77-B,0.3 €/kWh
2026-10-10T14:32:26Z,STR-E-GFB3-A,0 € + 0.19 €/kWh
2026-10-10T14:32:26Z,STR-E-GGV8-A,0.1 €/kWh
2026-10-10T14:32:26Z,STR-E-GHJA-A,0.1 €/kWh
2026-10-10T14:32:26Z,STR-E-GK0C-A,0 € + 0.19 €/kWh
2026-10-10T14:32:26Z,STR-E-GR5K-A,0.1 €/kWh
2026-10-10T14:32:26Z,STR-E-H6Q5-A,0.1 €/kWh
2026-10-10T14:32:26Z,STR-E-HHXV-A,0 € + 0.19 €/kWh
2026-10-10T14:32:26Z,STR-E-I1KE-A,0 € + 0.19 €/kWh
2026-10-10T14:32:26Z,STR-E-I4UZ-A,0.1 €/kWh
2026-10-10T14:32:26Z,STR-E-I5FH-A,0.1 €/kWh
2026-10-10T14:32:26Z,STR-E-I8C6-A,0.1 €/kWh
2026-10-10T14:32:26Z,STR-E-IA3X-A,0.1 €/kWh
2026-10-10T14:32:26Z,STR-E-IAO5-A,0 € + 0.19 €/kWh
2026-10-10T14:32:26Z,STR-E-IGH5-A,0.2 €/kWh + 0.23 €
2026-10-10T14:32:26Z,STR-E-IGH5-B,0.2 €/kWh + 0.23 €
2026-10-10T14:32:26Z,STR-E-IIKL-A,0.08 € + 0.15 €/kWh
2026-10-10T14:32:26Z,STR-E-IIKL-B,0.08 € + 0.15 €/kWh
2026-10-10T14:32:26Z,STR-E-IPEC-A,0 € + 0.19 €/kWh
2026-10-10T14:32:26Z,STR-E-IV6T-A,0 € + 0.19 €/kWh
2026-10-10T14:32:26Z,STR-E-J54N-A,0 € + 0.19 €/kWh
2026-10-10T14:32:26Z,STR-E-J6DA-A,0 € + 0.19 €/kWh
2026-10-10T14:32:26Z,STR-E-J8VF-A,0 € + 0.19 €/kWh
2026-10-10T14:32:26Z,STR-E-JG90-A,0.11 €/kWh + 0.3 €
2026-10-10T14:32:26Z,STR-E-JG90-B,0.11 €/kWh + 0.3 €
2026-10-10T14:32:26Z,STR-E-JMOR-A,0 € + 0.19 €/kWh
2026-10-10T14:32:26Z,STR-E-JVO0-A,0.1 €/kWh
2026-10-10T14:32:26Z,STR-E-K217-A,0 € + 0.19 €/kWh
2026-10-10T14:32:26Z,STR-E-K73C-A,0.2 €/kWh + 0.23 €
2026-10-10T14:32:26Z,STR-E-K73C-B,0.2 €/kWh + 0.23 €
2026-10-10T14:32:26Z,STR-E-KBZL-A,0.1 €/kWh
2026-10-10T14:32:26Z,STR-E-KOHN-A,0 € + 0.19 €/kWh
2026-10-10T14:32:26Z,STR-E-KT5B-A,0 € + 0.19 €/kWh
2026-10-10T14:32:26Z,STR-E-KUKS-A,0.08 € + 0.15 €/kWh
2026-10-10T14:32:26Z,STR-E-KUKS-B,0.08 € + 0.15 €/kWh
2026-10-10T14:32:26Z,STR-E-L84D-A,0.1 €/kWh
2026-10-10T14:32:26Z,STR-E-LISV-A,0.1 €/kWh
2026-10-10T14:32:26Z,STR-E-LKFQ-A,0.1 €/kWh
2026-10-10T14:32:26Z,STR-E-LREY-A,0.32 €/kWh
2026-10-10T14:32:26Z,STR-E-M1IB-A,0.1 €/kWh
2026-10-10T14:32:26Z,STR-E-M8WL-A,0.1 €/kWh
2026-10-10T14:32:26Z,STR-E-M9W7-A,0.1 €/kWh
2026-10-10T14:32:26Z,STR-E-MIP3-A,0.2 €/kWh
2026-10-10T14:32:26Z,STR-E-MIP3-B,0.2 €/kWh
2026-10-10T14:32:26Z,STR-E-MSEN-A,0.1 €/kWh
2026-10-10T14:32:26Z,STR-E-MSUL-A,0.1 €/kWh
2026-10-10T14:32:26Z,STR-E-N6P5-A,0.1 €/kWh
2026-10-10T14:32:26Z,STR-E-NCKT-A,0.08 € + 0.15 €/kWh
2026-10-10T14:32:26Z,STR-E-NCKT-B,0.08 € + 0.15 €/kWh
2026-10-10T14:32:26Z,STR-E-NDU2-A,0 € + 0.19 €/kWh
2026-10-10T14:32:26Z,STR-E-NDZ4-A,0 € + 0.19 €/kWh
2026-10-10T14:32:26Z,STR-E-NFV5-A,0 € + 0.19 €/kWh
2026-10-10T14:32:26Z,STR-E-NNGC-A,0.1 €/kWh
2026-10-10T14:32:26Z,STR-E-NSGB-A,0 € + 0.19 €/kWh
2026-10-10T14:32:26Z,STR-E-NY0Q-A,0.15 € + 0.2 €/kWh
2026-10-10T14:32:26Z,STR-E-O0VK-A,0.1 €/kWh
2026-10-10T14:32:26Z,STR-E-O5JX-A,0 € + 0.19 €/kWh
2026-10-10T14:32:26Z,STR-E-O5YW-A,0.08 € + 0.15 €/kWh
2026-10-10T14:32:26Z,STR-E-O5YW-B,0.08 € + 0.15 €/kWh
2026-10-10T14:32:26Z,STR-E-ODBK-A,0.3 €/kWh
2026-10-10T14:32:26Z,STR-E-ODBK-B,0.3 €/kWh
2026-10-10T14:32:26Z,STR-E-OFWF-A,0 € + 0.19 €/kWh
2026-10-10T14:32:26Z,STR-E-OG1X-A,0.1 €/kWh
2026-10-10T14:32:26Z,STR-E-OHH6-A,0 € + 0.19 €/kWh
2026-10-10T14:32:26Z,STR-E-OJ3E-A,0.2 €/kWh + 0.23 €
2026-10-10T14:32:26Z,STR-E-OJ3E-B,0.2 €/kWh + 0.23 €
2026-10-10T14:32:26Z,STR-E-OQKZ-A,0.1 €/kWh
2026-10-10T14:32:26Z,STR-E-P46N-A,0 € + 0.19 €/kWh
2026-10-10T14:32:26Z,STR-E-P7AF-A,0.08 € + 0.15 €/kWh
2026-10-10T14:32:26Z,STR-E-P7AF-B,0.08 € + 0.15 €/kWh
2026-10-10T14:32:26Z,STR-E-PC04-A,0.1 €/kWh
2026-10-10T14:32:26Z,STR-E-PDR2-A,0.1 €/kWh
2026-10-10T14:32:26Z,STR-E-PJCQ-A,0.08 € + 0.15 €/kWh
2026-10-10T14:32:26Z,STR-E-PJCQ-B,0.08 € + 0.15 €/kWh
2026-10-10T14:32:26Z,STR-E-PM3P-A,0.2 €/kWh + 0.23 €
2026-10-10T14:32:26Z,STR-E-PM3P-B,0.2 €/kWh + 0.23 €
2026-10-10T14:32:26Z,STR-E-PRUQ-A,0.1 €/kWh
2026-10-10T14:32:26Z,STR-E-PSU9-A,0.1 €/kWh
2026-10-10T14:32:26Z,STR-E-PZ9U-A,0.1 €/kWh
2026-10-10T14:32:26Z,STR-E-PZES-A,0.1 €/kWh
2026-10-10T14:32:26Z,STR-E-Q5YF-A,0.2 €/kWh + 0.23 €
2026-10-10T14:32:26Z,STR-E-Q5YF-B,0.2 €/kWh + 0.23 €
2026-10-10T14:32:26Z,STR-E-Q7LB-A,0.2 €/kWh + 0.23 €
2026-10-10T14:32:26Z,STR-E-Q7LB-B,0.2 €/kWh + 0.23 €
2026-10-10T14:32:26Z,STR-E-QAXH-A,0.15 € + 0.2 €/kWh
2026-10-10T14:32:26Z,STR-E-QE1X-A,0.08 € + 0.15 €/kWh
2026-10-10T14:32:26Z,STR-E-QE1X-B,0.08 € + 0.15 €/kWh
2026-10-10T14:32:26Z,STR-E-QEDL-A,0.1 €/kWh
2026-10-10T14:32:26Z,STR-E-QIQM-A,0.1 €/kWh
2026-10-10T14:32:26Z,STR-E-QLC9-A,0.2 €/kWh
2026-10-10T14:32:26Z,STR-E-QLC9-B,0.2 €/kWh
2026-10-10T14:32:26Z,STR-E-R0J8-A,0.1 €/kWh
2026-10-10T14:32:26Z,STR-E-R1MT-A,0.2 €/kWh + 0.23 €
2026-10-10T14:32:26Z,STR-E-R1MT-B,0.2 €/kWh + 0.23 €
2026-10-10T14:32:26Z,STR-E-R1PI-A,0.2 €/kWh + 0.23 €
2026-10-10T14:32:26Z,STR-E-R1PI-B,0.2 €/kWh + 0.23 €
2026-10-10T14:32:26Z,STR-E-R2LK-A,0.2 €/kWh + 0.23 €
2026-10-10T14:32:26Z,STR-E-R2LK-B,0.2 €/kWh + 0.23 €
2026-10-10T14:32:26Z,STR-E-R8PQ-A,0 € + 0.19 €/kWh
2026-10-10T14:32:26Z,STR-E-R9GA-A,0.1 €/kWh
2026-10-10T14:32:26Z,STR-E-RJH9-A,0.1 €/kWh
2026-10-10T14:32:26Z,STR-E-RKWJ-A,0.1 €/kWh
2026-10-10T14:32:26Z,STR-E-S42D-A,0.1 €/kWh
2026-10-10T14:32:26Z,STR-E-S6VR-A,0 € + 0.19 €/kWh
2026-10-10T14:32:26Z,STR-E-S7YR-A,0.2 €/kWh + 0.23 €
2026-10-10T14:32:26Z,STR-E-S7YR-B,0.2 €/kWh + 0.23 €
2026-10-10T14:32:26Z,STR-E-SGC2-A,0 € + 0.19 €/kWh
2026-10-10T14:32:26Z,STR-E-SJKA-A,0.1 €/kWh
2026-10-10T14:32:26Z,STR-E-SQX8-A,0.08 € + 0.15 €/kWh
2026-10-10T14:32:26Z,STR-E-SQX8-B,0.08 € + 0.15 €/kWh
2026-10-10T14:32:26Z,STR-E-SVR3-A,0.2 €/kWh + 0.23 €
2026-10-10T14:32:26Z,STR-E-SVR3-B,0.2 €/kWh + 0.23 €
2026-10-10T14:32:26Z,STR-E-SY9Y-A,0.1 €/kWh
2026-10-10T14:32:26Z,STR-E-TO2O-A,0.1 €/kWh
2026-10-10T14:32:26Z,STR-E-TX67-A,0.23 €/kWh
2026-10-10T14:32:26Z,STR-E-TX67-B,0.23 €/kWh
2026-10-10T14:32:26Z,STR-E-U41O-A,0 € + 0.19 €/kWh
2026-10-10T14:32:26Z,STR-E-U5TP-A,0.1 €/kWh
2026-10-10T14:32:26Z,STR-E-UKPS-A,0.15 € + 0.2 €/kWh
2026-10-10T14:32:26Z,STR-E-UPAQ-A,0.2 €/kWh
2026-10-10T14:32:26Z,STR-E-UPAQ-B,0.2 €/kWh
2026-10-10T14:32:26Z,STR-E-UPOS-A,0.08 € + 0.15 €/kWh
2026-10-10T14:32:26Z,STR-E-UPOS-B,0.08 € + 0.15 €/kWh
2026-10-10T14:32:26Z,STR-E-UY5H-A,0.1 €/kWh
2026-10-10T14:32:26Z,STR-E-V17G-A,0.1 €/kWh
2026-10-10T14:32:26Z,STR-E-V31J-A,0.1 €/kWh
2026-10-10T14:32:26Z,STR-E-V50T-A,0.1 €/kWh
2026-10-10T14:32:26Z,STR-E-V9SD-A,0.1 €/kWh
2026-10-10T14:32:26Z,STR-E-V9ZR-A,0.1 €/kWh
2026-10-10T14:32:26Z,STR-E-VBMP-A,0.1 €/kWh
2026-10-10T14:32:26Z,STR-E-VJBJ-A,0 € + 0.19 €/kWh
2026-10-10T14:32:26Z,STR-E-VPDB-A,0.1 €/kWh
2026-10-10T14:32:26Z,STR-E-VQ06-A,0 € + 0.19 €/kWh
2026-10-10T14:32:26Z,STR-E-VSDJ-A,0.23 €/kWh
2026-10-10T14:32:26Z,STR-E-VSDJ-B,0.23 €/kWh
2026-10-10T14:32:26Z,STR-E-VT0G-A,0.1 €/kWh
2026-10-10T14:32:26Z,STR-E-VX2O-A,0 € + 0.19 €/kWh
2026-10-10T14:32:26Z,STR-E-VXGH-A,0.1 €/kWh
2026-10-10T14:32:26Z,STR-E-W1X4-A,0.1 €/kWh
2026-10-10T14:32:26Z,STR-E-WEE3-A,0.2 €/kWh + 0.23 €
2026-10-10T14:32:26Z,STR-E-WEE3-B,0.2 €/kWh + 0.23 €
2026-10-10T14:32:26Z,STR-E-WHZ1-A,0 € + 0.19 €/kWh
2026-10-10T14:32:26Z,STR-E-WLGM-A,0 € + 0.19 €/kWh
2026-10-10T14:32:26Z,STR-E-WTQ5-A,0.2 €/kWh
2026-10-10T14:32:26Z,STR-E-WXV8-A,0.1 €/kWh
2026-10-10T14:32:26Z,STR-E-WYFE-A,0.2 €/kWh
2026-10-10T14:32:26Z,STR-E-WYFE-B,0.2 €/kWh
2026-10-10T14:32:26Z,STR-E-WYYC-A,0.2 €/kWh + 0.23 €
2026-10-10T14:32:26Z,STR-E-WYYC-B,0.2 €/kWh + 0.23 €
2026-10-10T14:32:26Z,STR-E-WZW9-A,0.1 €/kWh
2026-10-10T14:32:26Z,STR-E-X525-A,0.1 €/kWh
2026-10-10T14:32:26Z,STR-E-X54O-A,0 € + 0.19 €/kWh
2026-10-10T14:32:26Z,STR-E-XCMJ-A,0.08 € + 0.15 €/kWh
2026-10-10T14:32:26Z,STR-E-XCMJ-B,0.08 € + 0.15 €/kWh
2026-10-10T14:32:26Z,STR-E-XFON-A,0.1 €/kWh
2026-10-10T14:32:26Z,STR-E-XG69-A,0.08 € + 0.15 €/kWh
2026-10-10T14:32:26Z,STR-E-XG69-B,0.08 € + 0.15 €/kWh
2026-10-10T14:32:26Z,STR-E-XH51-A,0 € + 0.19 €/kWh
2026-10-10T14:32:26Z,STR-E-XKW2-A,0.2 €/kWh + 0.23 €
2026-10-10T14:32:26Z,STR-E-XKW2-B,0.2 €/kWh + 0.23 €
2026-10-10T14:32:26Z,STR-E-XRV8-A,0 € + 0.19 €/kWh
2026-10-10T14:32:26Z,STR-E-Y7JK-A,0 € + 0.19 €/kWh
2026-10-10T14:32:26Z,STR-E-Y82E-A,0 € + 0.19 €/kWh
2026-10-10T14:32:26Z,STR-E-YC50-A,0.1 €/kWh
2026-10-10T14:32:26Z,STR-E-Z2PJ-A,0.08 € + 0.15 €/kWh
2026-10-10T14:32:26Z,STR-E-Z2PJ-B,0.08 € + 0.15 €/kWh
2026-10-10T14:32:26Z,STR-E-ZA6O-A,0.1 €/kWh
2026-10-10T14:32:26Z,STR-E-ZEP7-A,0 € + 0.19 €/kWh
2026-10-10T14:32:26Z,STR-E-ZIAZ-A,0 € + 0.19 €/kWh
2026-10-10T14:32:26Z,STR-E-ZK9W-A,0 € + 0.19 €/kWh
2026-10-10T14:32:26Z,STR-E-ZS00-A,0.2 €/kWh + 0.23 €
2026-10-10T14:32:26Z,STR-E-ZS00-B,0.2 €/kWh + 0.23 €
2026-10-10T14:32:26Z,STR-E-ZWU5-A,0.08 € + 0.15 €/kWh
2026-10-10T14:32:26Z,STR-E-ZWU5-B,0.08 € + 0.15 €/kWh
2026-10-10T14:46:24Z,IKR-E-1220-A,0.3 € + 0.22 €/kWh
2026-10-10T14:46:24Z,IKR-E-1871-A,0.3 € + 0.22 €/kWh
2026-10-10T14:46:24Z,IKR-E-2G8J-A,0.3 € + 0.22 €/kWh
2026-10-10T14:46:24Z,IKR-E-3TSR-A,0.3 € + 0.22 €/kWh
2026-10-10T14:46:24Z,IKR-E-5715-A,0.3 € + 0.22 €/kWh
2026-10-10T14:46:24Z,IKR-E-5730-A,0.3 € + 0.28 €/kWh
2026-10-10T14:46:24Z,IKR-E-5CGU-A,0.3 € + 0.22 €/kWh
2026-10-10T14:46:24Z,IKR-E-7718-A,0.3 € + 0.28 €/kWh
2026-10-10T14:46:24Z,IKR-E-DVCM-A,0.3 € + 0.22 €/kWh
2026-10-10T14:46:24Z,IKR-E-E228-A,0.3 € + 0.24 €/kWh
2026-10-10T14:46:24Z,IKR-E-E475-A,0.3 € + 0.27 €/kWh
2026-10-10T14:46:24Z,IKR-E-E544-A,0.3 € + 0.27 €/kWh
2026-10-10T14:46:24Z,IKR-E-EKZA-A,0.3 € + 0.24 €/kWh
2026-10-10T14:46:24Z,IKR-E-GAY9-A,0.3 € + 0.22 €/kWh
2026-10-10T14:46:24Z,IKR-E-IZW2-A,0.3 € + 0.22 €/kWh
2026-10-10T14:46:24Z,IKR-E-J1JV-A,0.3 € + 0.24 €/kWh
2026-10-10T14:46:24Z,IKR-E-JJAJ-A,0.3 € + 0.22 €/kWh
2026-10-10T14:46:24Z,IKR-E-KMBH-A,0.3 € + 0.22 €/kWh
2026-10-10T14:46:24Z,IKR-E-LJZI-A,0.3 € + 0.22 €/kWh
2026-10-10T14:46:24Z,IKR-E-MAU9-A,0.29 € + 0.13 €/kWh
2026-10-10T14:46:24Z,IKR-E-OWF5-A,0.3 € + 0.28 €/kWh
2026-10-10T14:46:24Z,IKR-E-W6HQ-A,0.29 € + 0.13 €/kWh
2026-10-10T14:46:24Z,IKR-E-XIH2-A,0.3 € + 0.22 €/kWh
2026-10-10T14:46:24Z,IKR-E-Y2Z8-A,0.3 € + 0.21 €/kWh
2026-10-10T14:46:24Z,IKR-P-IV7E-B,0.3 € + 0.22 €/kWh
2026-10-10T14:46:24Z,IKR-P-SCM5-A,0.3 € + 0.28 €/kWh
2026-10-10T14:46:24Z,IKR-P-V9X4-A,0.3 € + 0.28 €/kWh
2026-10-10T14:46:24Z,IKR-P-V9X4-B,0.3 € + 0.28 €/kWh
2026-10-10T14:46:24Z,STR-E-027B-A,0.21 €/kWh + 0.23 €
2026-10-10T14:46:24Z,STR-E-027B-B,0.21 €/kWh + 0.23 €
2026-10-10T14:46:24Z,STR-E-04YS-A,0 € + 0.2 €/kWh
2026-10-10T14:46:24Z,STR-E-0698-A,0.11 €/kWh
2026-10-10T14:46:24Z,STR-E-0GEL-A,0.11 €/kWh
2026-10-10T14:46:24Z,STR-E-1162-A,0.11 €/kWh
2026-10-10T14:46:24Z,STR-E-11DT-A,0.11 €/kWh
2026-10-10T14:46:24Z,STR-E-1887-A,0.11 €/kWh
2026-10-10T14:46:24Z,STR-E-1927-A,0.11 €/kWh
2026-10-10T14:46:24Z,STR-E-1MHB-A,0.33 €/kWh
2026-10-10T14:46:24Z,STR-E-1MJQ-A,0.11 €/kWh
2026-10-10T14:46:24Z,STR-E-1X30-A,0 € + 0.2 €/kWh
2026-10-10T14:46:24Z,STR-E-21O1-A,0.21 €/kWh
2026-10-10T14:46:24Z,STR-E-21O1-B,0.21 €/kWh
2026-10-10T14:46:24Z,STR-E-2446-A,0 € + 0.2 €/kWh
2026-10-10T14:46:24Z,STR-E-2D12-A,0.11 €/kWh
2026-10-10T14:46:24Z,STR-E-2ED4-A,0.11 €/kWh
2026-10-10T14:46:24Z,STR-E-2K1Q-A,0 € + 0.2 €/kWh
2026-10-10T14:46:24Z,STR-E-2XDJ-A,0 € + 0.2 €/kWh
2026-10-10T14:46:24Z,STR-E-320G-A,0.11 €/kWh
2026-10-10T14:46:24Z,STR-E-3468-A,0.21 €/kWh
2026-10-10T14:46:24Z,STR-E-3468-B,0.21 €/kWh
2026-10-10T14:46:24Z,STR-E-3ENA-A,0.21 €/kWh
2026-10-10T14:46:24Z,STR-E-3ENA-B,0.21 €/kWh
2026-10-10T14:46:24Z,STR-E-3ENA-C,0.21 €/kWh
2026-10-10T14:46:24Z,STR-E-3FMF-A,0.21 €/kWh + 0.23 €
2026-10-10T14:46:24Z,STR-E-3FMF-B,0.21 €/kWh + 0.23 €
2026-10-10T14:46:24Z,STR-E-3PZS-A,0.11 €/kWh
2026-10-10T14:46:24Z,STR-E-3SXI-A,0.21 €/kWh
2026-10-10T14:46:24Z,STR-E-3SXI-B,0.21 €/kWh
2026-10-10T14:46:24Z,STR-E-3TZI-A,0.11 €/kWh
2026-10-10T14:46:24Z,STR-E-3WE5-A,0 € + 0.2 €/kWh
2026-10-10T14:46:24Z,STR-E-4156-A,0.27 €/kWh
2026-10-10T14:46:24Z,STR-E-4156-B,0.27 €/kWh
2026-10-10T14:46:24Z,STR-E-4LRS-A,0.11 €/kWh
2026-10-10T14:46:24Z,STR-E-4UGU-A,0.11 €/kWh
2026-10-10T14:46:24Z,STR-E-4YKC-A,0 € + 0.2 €/kWh
2026-10-10T14:46:24Z,STR-E-527U-A,0 € + 0.2 €/kWh
2026-10-10T14:46:24Z,STR-E-55I4-A,0 € + 0.2 €/kWh
2026-10-10T14:46:24Z,STR-E-566J-A,0 € + 0.2 €/kWh
2026-10-10T14:46:24Z,STR-E-5DWB-A,0.11 €/kWh
2026-10-10T14:46:24Z,STR-E-5TI5-A,0.11 €/kWh
2026-10-10T14:46:24Z,STR-E-69PN-A,0.11 €/kWh
2026-10-10T14:46:24Z,STR-E-6CNG-A,0.11 €/kWh
2026-10-10T14:46:24Z,STR-E-6E7W-A,0 € + 0.2 €/kWh
2026-10-10T14:46:24Z,STR-E-6SQH-A,0.11 €/kWh
2026-10-10T14:46:24Z,STR-E-6UZQ-A,0.21 €/kWh
2026-10-10T14:46:24Z,STR-E-6UZQ-B,0.21 €/kWh
2026-10-10T14:46:24Z,STR-E-6ZTQ-A,0 € + 0.2 €/kWh
2026-10-10T14:46:24Z,STR-E-7438-A,0 € + 0.2 €/kWh
2026-10-10T14:46:24Z,STR-E-7YBN-A,0 € + 0.2 €/kWh
2026-10-10T14:46:24Z,STR-E-86C0-A,0.11 €/kWh
2026-10-10T14:46:24Z,STR-E-88SA-A,0.11 €/kWh
2026-10-10T14:46:24Z,STR-E-8A02-A,0 € + 0.2 €/kWh
2026-10-10T14:46:24Z,STR-E-8M2O-A,0.11 €/kWh
2026-10-10T14:46:24Z,STR-E-8Q9F-A,0 € + 0.2 €/kWh
2026-10-10T14:46:24Z,STR-E-8XL5-A,0.11 €/kWh
2026-10-10T14:46:24Z,STR-E-8Y23-A,0.11 €/kWh
2026-10-10T14:46:24Z,STR-E-92KW-A,0.21 €/kWh + 0.23 €
2026-10-10T14:46:24Z,STR-E-9AH3-A,0 € + 0.2 €/kWh
2026-10-10T14:46:24Z,STR-E-9I2R-A,0.11 €/kWh
2026-10-10T14:46:24Z,STR-E-9TUZ-A,0.11 €/kWh
2026-10-10T14:46:24Z,STR-E-9WY2-A,0.11 €/kWh
2026-10-10T14:46:24Z,STR-E-A169-A,0 € + 0.2 €/kWh
2026-10-10T14:46:24Z,STR-E-A442-A,0.11 €/kWh
2026-10-10T14:46:24Z,STR-E-AABG-A,0.11 €/kWh
2026-10-10T14:46:24Z,STR-E-ACMT-A,0.11 €/kWh
2026-10-10T14:46:24Z,STR-E-ADXE-A,0 € + 0.2 €/kWh
2026-10-10T14:46:24Z,STR-E-AMQK-A,0 € + 0.2 €/kWh
2026-10-10T14:46:24Z,STR-E-ANJ0-A,0.21 €/kWh + 0.23 €
2026-10-10T14:46:24Z,STR-E-ANJ0-B,0.21 €/kWh + 0.23 €
2026-10-10T14:46:24Z,STR-E-AP96-A,0.21 €/kWh + 0.23 €
2026-10-10T14:46:24Z,STR-E-AP96-B,0.21 €/kWh + 0.23 €
2026-10-10T14:46:24Z,STR-E-AUQ2-A,0 € + 0.2 €/kWh
2026-10-10T14:46:24Z,STR-E-B36V-A,0.19 € + 0.28 €/kWh
2026-10-10T14:46:24Z,STR-E-B36V-B,0.19 € + 0.28 €/kWh
2026-10-10T14:46:24Z,STR-E-BIKW-A,0.21 €/kWh + 0.23 €
2026-10-10T14:46:24Z,STR-E-BIKW-B,0.21 €/kWh + 0.23 €
2026-10-10T14:46:24Z,STR-E-BXA5-A,0.11 €/kWh
2026-10-10T14:46:24Z,STR-E-C91L-A,0.11 €/kWh
2026-10-10T14:46:24Z,STR-E-C99Z-A,0 € + 0.2 €/kWh
2026-10-10T14:46:24Z,STR-E-D3MB-A,0.21 €/kWh + 0.23 €
2026-10-10T14:46:24Z,STR-E-D3MB-B,0.21 €/kWh + 0.23 €
2026-10-10T14:46:24Z,STR-E-DHEJ-A,0 € + 0.2 €/kWh
2026-10-10T14:46:24Z,STR-E-E0DZ-A,0.21 €/kWh
2026-10-10T14:46:24Z,STR-E-E0DZ-B,0.21 €/kWh
2026-10-10T14:46:24Z,STR-E-E7HH-A,0.11 €/kWh
2026-10-10T14:46:24Z,STR-E-ECI7-A,0 € + 0.2 €/kWh
2026-10-10T14:46:24Z,STR-E-EFXK-A,0 € + 0.2 €/kWh
2026-10-10T14:46:24Z,STR-E-ELFQ-A,0.21 €/kWh + 0.23 €
2026-10-10T14:46:24Z,STR-E-ELFQ-B,0.21 €/kWh + 0.23 €
2026-10-10T14:46:24Z,STR-E-EPQY-A,0 € + 0.2 €/kWh
2026-10-10T14:46:24Z,STR-E-ER2N-A,0 € + 0.2 €/kWh
2026-10-10T14:46:24Z,STR-E-ES3O-A,0 € + 0.2 €/kWh
2026-10-10T14:46:24Z,STR-E-EU1U-A,0.11 €/kWh
2026-10-10T14:46:24Z,STR-E-F4B3-A,0.11 €/kWh
2026-10-10T14:46:24Z,STR-E-F5LZ-A,0.11 €/kWh
2026-10-10T14:46:24Z,STR-E-F79A-A,0.21 €/kWh + 0.23 €
2026-10-10T14:46:24Z,STR-E-F79A-B,0.21 €/kWh + 0.23 €
2026-10-10T14:46:24Z,STR-E-FGMF-A,0.11 €/kWh
2026-10-10T14:46:24Z,STR-E-FK06-A,0.11 €/kWh
2026-10-10T14:46:24Z,STR-E-FKUY-A,0 € + 0.2 €/kWh
2026-10-10T14:46:24Z,STR-E-G4VM-A,0.11 €/kWh
2026-10-10T14:46:24Z,STR-E-G518-A,0.11 €/kWh
2026-10-10T14:46:24Z,STR-E-GB9A-A,0.11 €/kWh
2026-10-10T14:46:24Z,STR-E-GFB3-A,0 € + 0.2 €/kWh
2026-10-10T14:46:24Z,STR-E-GGV8-A,0.11 €/kWh
2026-10-10T14:46:24Z,STR-E-GHJA-A,0.11 €/kWh
2026-10-10T14:46:24Z,STR-E-GK0C-A,0 € + 0.2 €/kWh
2026-10-10T14:46:24Z,STR-E-GR5K-A,0.11 €/kWh
2026-10-10T14:46:24Z,STR-E-H6Q5-A,0.11 €/kWh
2026-10-10T14:46:24Z,STR-E-HHXV-A,0 € + 0.2 €/kWh
2026-10-10T14:46:24Z,STR-E-I1KE-A,0 € + 0.2 €/kWh
2026-10-10T14:46:24Z,STR-E-I4UZ-A,0.11 €/kWh
2026-10-10T14:46:24Z,STR-E-I5FH-A,0.11 €/kWh
2026-10-10T14:46:24Z,STR-E-I8C6-A,0.11 €/kWh
2026-10-10T14:46:24Z,STR-E-IA3X-A,0.11 €/kWh
2026-10-10T14:46:24Z,STR-E-IAO5-A,0 € + 0.2 €/kWh
2026-10-10T14:46:24Z,STR-E-IGH5-A,0.21 €/kWh + 0.23 €
2026-10-10T14:46:24Z,STR-E-IGH5-B,0.21 €/kWh + 0.23 €
2026-10-10T14:46:24Z,STR-E-IPEC-A,0 € + 0.2 €/kWh
2026-10-10T14:46:24Z,STR-E-IV6T-A,0 € + 0.2 €/kWh
2026-10-10T14:46:24Z,STR-E-J54N-A,0 € + 0.2 €/kWh
2026-10-10T14:46:24Z,STR-E-J6DA-A,0 € + 0.2 €/kWh
2026-10-10T14:46:24Z,STR-E-J8VF-A,0 € + 0.2 €/kWh
2026-10-10T14:46:24Z,STR-E-JG90-A,0.12 €/kWh + 0.3 €
2026-10-10T14:46:24Z,STR-E-JG90-B,0.12 €/kWh + 0.3 €
2026-10-10T14:46:24Z,STR-E-JMOR-A,0 € + 0.2 €/kWh
2026-10-10T14:46:24Z,STR-E-JVO0-A,0.11 €/kWh
2026-10-10T14:46:24Z,STR-E-K217-A,0 € + 0.2 €/kWh
2026-10-10T14:46:24Z,STR-E-K73C-A,0.21 €/kWh + 0.23 €
2026-10-10T14:46:24Z,STR-E-K73C-B,0.21 €/kWh + 0.23 €
2026-10-10T14:46:24Z,STR-E-KBZL-A,0.11 €/kWh
2026-10-10T14:46:24Z,STR-E-KOHN-A,0 € + 0.2 €/kWh
2026-10-10T14:46:24Z,STR-E-KT5B-A,0 € + 0.2 €/kWh
2026-10-10T14:46:24Z,STR-E-L84D-A,0.11 €/kWh
2026-10-10T14:46:24Z,STR-E-LISV-A,0.11 €/kWh
2026-10-10T14:46:24Z,STR-E-LKFQ-A,0.11 €/kWh
2026-10-10T14:46:24Z,STR-E-LREY-A,0.33 €/kWh
2026-10-10T14:46:24Z,STR-E-M1IB-A,0.11 €/kWh
2026-10-10T14:46:24Z,STR-E-M8WL-A,0.11 €/kWh
2026-10-10T14:46:24Z,STR-E-M9W7-A,0.11 €/kWh
2026-10-10T14:46:24Z,STR-E-MSEN-A,0.11 €/kWh
2026-10-10T14:46:24Z,STR-E-MSUL-A,0.11 €/kWh
2026-10-10T14:46:24Z,STR-E-N6P5-A,0.11 €/kWh
2026-10-10T14:46:24Z,STR-E-NDU2-A,0 € + 0.2 €/kWh
2026-10-10T14:46:24Z,STR-E-NDZ4-A,0 € + 0.2 €/kWh
2026-10-10T14:46:24Z,STR-E-NFV5-A,0 € + 0.2 €/kWh
2026-10-10T14:46:24Z,STR-E-NNGC-A,0.11 €/kWh
2026-10-10T14:46:24Z,STR-E-NSGB-A,0 € + 0.2 €/kWh
2026-10-10T14:46:24Z,STR-E-NY0Q-A,0.15 € + 0.21 €/kWh
2026-10-10T14:46:24Z,STR-E-O0VK-A,0.11 €/kWh
2026-10-10T14:46:24Z,STR-E-O5JX-A,0 € + 0.2 €/kWh
2026-10-10T14:46:24Z,STR-E-OFWF-A,0 € + 0.2 €/kWh
2026-10-10T14:46:24Z,STR-E-OG1X-A,0.11 €/kWh
2026-10-10T14:46:24Z,STR-E-OHH6-A,0 € + 0.2 €/kWh
2026-10-10T14:46:24Z,STR-E-OJ3E-A,0.21 €/kWh + 0.23 €
2026-10-10T14:46:24Z,STR-E-OJ3E-B,0.21 €/kWh + 0.23 €
2026-10-10T14:46:24Z,STR-E-OQKZ-A,0.11 €/kWh
2026-10-10T14:46:24Z,STR-E-P46N-A,0 € + 0.2 €/kWh
2026-10-10T14:46:24Z,STR-E-PC04-A,0.11 €/kWh
2026-10-10T14:46:24Z,STR-E-PDR2-A,0.11 €/kWh
2026-10-10T14:46:24Z,STR-E-PM3P-A,0.21 €/kWh + 0.23 €
2026-10-10T14:46:24Z,STR-E-PM3P-B,0.21 €/kWh + 0.23 €
2026-10-10T14:46:24Z,STR-E-PRUQ-A,0.11 €/kWh
2026-10-10T14:46:24Z,STR-E-PSU9-A,0.11 €/kWh
2026-10-10T14:46:24Z,STR-E-PZ9U-A,0.11 €/kWh
2026-10-10T14:46:24Z,STR-E-PZES-A,0.11 €/kWh
2026-10-10T14:46:24Z,STR-E-Q5YF-A,0.21 €/kWh + 0.23 €
2026-10-10T14:46:24Z,STR-E-Q5YF-B,0.21 €/kWh + 0.23 €
2026-10-10T14:46:24Z,STR-E-Q7LB-A,0.21 €/kWh + 0.23 €
2026-10-10T14:46:24Z,STR-E-Q7LB-B,0.21 €/kWh + 0.23 €
2026-10-10T14:46:24Z,STR-E-QAXH-A,0.15 € + 0.21 €/kWh
2026-10-10T14:46:24Z,STR-E-QEDL-A,0.11 €/kWh
2026-10-10T14:46:24Z,STR-E-QIQM-A,0.11 €/kWh
2026-10-10T14:46:24Z,STR-E-R0J8-A,0.11 €/kWh
2026-10-10T14:46:24Z,STR-E-R1MT-A,0.21 €/kWh + 0.23 €
2026-10-10T14:46:24Z,STR-E-R1MT-B,0.21 €/kWh + 0.23 €
2026-10-10T14:46:24Z,STR-E-R1PI-A,0.21 €/kWh + 0.23 €
2026-10-10T14:46:24Z,STR-E-R1PI-B,0.21 €/kWh + 0.23 €
2026-10-10T14:46:24Z,STR-E-R2LK-A,0.21 €/kWh + 0.23 €
2026-10-10T14:46:24Z,STR-E-R2LK-B,0.21 €/kWh + 0.23 €
2026-10-10T14:46:24Z,STR-E-R8PQ-A,0 € + 0.2 €/kWh
2026-10-10T14:46:24Z,STR-E-R9GA-A,0.11 €/kWh
2026-10-10T14:46:24Z,STR-E-RJH9-A,0.11 €/kWh
2026-10-10T14:46:24Z,STR-E-RKWJ-A,0.11 €/kWh
2026-10-10T14:46:24Z,STR-E-S42D-A,0.11 €/kWh
2026-10-10T14:46:24Z,STR-E-S6VR-A,0 € + 0.2 €/kWh
2026-10-10T14:46:24Z,STR-E-S7YR-A,0.21 €/kWh + 0.23 €
2026-10-10T14:46:24Z,STR-E-S7YR-B,0.21 €/kWh + 0.23 €
2026-10-10T14:46:24Z,STR-E-SGC2-A,0 € + 0.2 €/kWh
2026-10-10T14:46:24Z,STR-E-SJKA-A,0.11 €/kWh
2026-10-10T14:46:24Z,STR-E-SVR3-A,0.21 €/kWh + 0.23 €
2026-10-10T14:46:24Z,STR-E-SVR3-B,0.21 €/kWh + 0.23 €
2026-10-10T14:46:24Z,STR-E-SY9Y-A,0.11 €/kWh
2026-10-10T14:46:24Z,STR-E-TO2O-A,0.11 €/kWh
2026-10-10T14:46:24Z,STR-E-U41O-A,0 € + 0.2 €/kWh
2026-10-10T14:46:24Z,STR-E-U5TP-A,0.11 €/kWh
2026-10-10T14:46:24Z,STR-E-UKPS-A,0.15 € + 0.21 €/kWh
2026-10-10T14:46:24Z,STR-E-UY5H-A,0.11 €/kWh
2026-10-10T14:46:24Z,STR-E-V17G-A,0.11 €/kWh
2026-10-10T14:46:24Z,STR-E-V31J-A,0.11 €/kWh
2026-10-10T14:46:24Z,STR-E-V50T-A,0.11 €/kWh
2026-10-10T14:46:24Z,STR-E-V9SD-A,0.11 €/kWh
2026-10-10T14:46:24Z,STR-E-V9ZR-A,0.11 €/kWh
2026-10-10T14:46:24Z,STR-E-VBMP-A,0.11 €/kWh
2026-10-10T14:46:24Z,STR-E-VJBJ-A,0 € + 0.2 €/kWh
2026-10-10T14:46:24Z,STR-E-VPDB-A,0.11 €/kWh
2026-10-10T14:46:24Z,STR-E-VQ06-A,0 € + 0.2 €/kWh
2026-10-10T14:46:24Z,STR-E-VT0G-A,0.11 €/kWh
2026-10-10T14:46:24Z,STR-E-VX2O-A,0 € + 0.2 €/kWh
2026-10-10T14:46:24Z,STR-E-VXGH-A,0.11 €/kWh
2026-10-10T14:46:24Z,STR-E-W1X4-A,0.11 €/kWh
2026-10-10T14:46:24Z,STR-E-WEE3-A,0.21 €/kWh + 0.23 €
2026-10-10T14:46:24Z,STR-E-WEE3-B,0.21 €/kWh + 0.23 €
2026-10-10T14:46:24Z,STR-E-WHZ1-A,0 € + 0.2 €/kWh
2026-10-10T14:46:24Z,STR-E-WLGM-A,0 € + 0.2 €/kWh
2026-10-10T14:46:24Z,STR-E-WTQ5-A,0.21 €/kWh
2026-10-10T14:46:24Z,STR-E-WXV8-A,0.11 €/kWh
2026-10-10T14:46:24Z,STR-E-WYFE-A,0.21 €/kWh
2026-10-10T14:46:24Z,STR-E-WYFE-B,0.21 €/kWh
2026-10-10T14:46:24Z,STR-E-WYYC-A,0.21 €/kWh + 0.23 €
2026-10-10T14:46:24Z,STR-E-WYYC-B,0.21 €/kWh + 0.23 €
2026-10-10T14:46:24Z,STR-E-WZW9-A,0.11 €/kWh
2026-10-10T14:46:24Z,STR-E-X525-A,0.11 €/kWh
2026-10-10T14:46:24Z,STR-E-X54O-A,0 € + 0.2 €/kWh
2026-10-10T14:46:24Z,STR-E-XFON-A,0.11 €/kWh
2026-10-10T14:46:24Z,STR-E-XH51-A,0 € + 0.2 €/kWh
2026-10-10T14:46:24Z,STR-E-XKW2-A,0.21 €/kWh + 0.23 €
2026-10-10T14:46:24Z,STR-E-XKW2-B,0.21 €/kWh + 0.23 €
2026-10-10T14:46:24Z,STR-E-XRV8-A,0 € + 0.2 €/kWh
2026-10-10T14:46:24Z,STR-E-Y7JK-A,0 € + 0.2 €/kWh
2026-10-10T14:46:24Z,STR-E-Y82E-A,0 € + 0.2 €/kWh
2026-10-10T14:46:24Z,STR-E-YC50-A,0.11 €/kWh
2026-10-10T14:46:24Z,STR-E-ZA6O-A,0.11 €/kWh
2026-10-10T14:46:24Z,STR-E-ZEP7-A,0 € + 0.2 €/kWh
2026-10-10T14:46:24Z,STR-E-ZIAZ-A,0 € + 0.2 €/kWh
2026-10-10T14:46:24Z,STR-E-ZK9W-A,0 € + 0.2 €/kWh
2026-10-10T14:46:24Z,STR-E-ZS00-A,0.21 €/kWh + 0.23 €
2026-10-10T14:46:24Z,STR-E-ZS00-B,0.21 €/kWh + 0.23 €
2026-10-10T15:01:08Z,IGN-E-0X0P-A,0.35 €/kWh
2026-10-10T15:01:08Z,IGN-E-0X0P-B,0.35 €/kWh
2026-10-10T15:01:08Z,IGN-E-0X0P-C,0.35 €/kWh
2026-10-10T15:01:08Z,IGN-E-0X0P-D,0.35 €/kWh
2026-10-10T15:01:08Z,IGN-E-0X0P-E,0.35 €/kWh
2026-10-10T15:01:08Z,IGN-E-0X0P-F,0.35 €/kWh
2026-10-10T15:01:08Z,IGN-E-0X0P-G,0.35 €/kWh
2026-10-10T15:01:08Z,IGN-E-0X0P-H,0.35 €/kWh
2026-10-10T15:01:08Z,IGN-E-0X0P-I,0.35 €/kWh
2026-10-10T15:01:08Z,IGN-E-370-A,0.35 €/kWh
2026-10-10T15:01:08Z,IGN-E-370-B,0.35 €/kWh
2026-10-10T15:01:08Z,IGN-E-370-C,0.35 €/kWh
2026-10-10T15:01:08Z,IGN-E-370-D,0.35 €/kWh
2026-10-10T15:01:08Z,IGN-E-370-E,0.35 €/kWh
2026-10-10T15:01:08Z,IGN-E-370-F,0.35 €/kWh
2026-10-10T15:01:08Z,IGN-E-CK94-A,0.35 €/kWh
2026-10-10T15:01:08Z,IGN-E-CK94-B,0.35 €/kWh
2026-10-10T15:01:08Z,IGN-E-CK94-C,0.35 €/kWh
2026-10-10T15:01:08Z,IGN-E-CK94-D,0.35 €/kWh
2026-10-10T15:01:08Z,IKR-E-1220-A,0.3 € + 0.25 €/kWh
2026-10-10T15:01:08Z,IKR-E-1871-A,0.3 € + 0.25 €/kWh
2026-10-10T15:01:08Z,IKR-E-2G8J-A,0.3 € + 0.25 €/kWh
2026-10-10T15:01:08Z,IKR-E-3TSR-A,0.3 € + 0.25 €/kWh
2026-10-10T15:01:08Z,IKR-E-5715-A,0.3 € + 0.25 €/kWh
2026-10-10T15:01:08Z,IKR-E-5730-A,0.3 € + 0.31 €/kWh
2026-10-10T15:01:08Z,IKR-E-5CGU-A,0.3 € + 0.25 €/kWh
2026-10-10T15:01:08Z,IKR-E-7718-A,0.3 € + 0.31 €/kWh
2026-10-10T15:01:08Z,IKR-E-DVCM-A,0.3 € + 0.25 €/kWh
2026-10-10T15:01:08Z,IKR-E-E228-A,0.3 € + 0.27 €/kWh
2026-10-10T15:01:08Z,IKR-E-E475-A,0.3 € + 0.3 €/kWh
2026-10-10T15:01:08Z,IKR-E-E544-A,0.3 € + 0.3 €/kWh
2026-10-10T15:01:08Z,IKR-E-EKZA-A,0.3 € + 0.27 €/kWh
2026-10-10T15:01:08Z,IKR-E-GAY9-A,0.3 € + 0.25 €/kWh
2026-10-10T15:01:08Z,IKR-E-IZW2-A,0.3 € + 0.25 €/kWh
2026-10-10T15:01:08Z,IKR-E-J1JV-A,0.3 € + 0.27 €/kWh
2026-10-10T15:01:08Z,IKR-E-JJAJ-A,0.3 € + 0.25 €/kWh
2026-10-10T15:01:08Z,IKR-E-KMBH-A,0.3 € + 0.25 €/kWh
2026-10-10T15:01:08Z,IKR-E-LJZI-A,0.3 € + 0.25 €/kWh
2026-10-10T15:01:08Z,IKR-E-MAU9-A,0.29 € + 0.17 €/kWh
2026-10-10T15:01:08Z,IKR-E-OWF5-A,0.3 € + 0.31 €/kWh
2026-10-10T15:01:08Z,IKR-E-W6HQ-A,0.29 € + 0.17 €/kWh
2026-10-10T15:01:08Z,IKR-E-XIH2-A,0.3 € + 0.25 €/kWh
2026-10-10T15:01:08Z,IKR-E-Y2Z8-A,0.3 € + 0.23 €/kWh
2026-10-10T15:01:08Z,IKR-P-IV7E-B,0.3 € + 0.25 €/kWh
2026-10-10T15:01:08Z,IKR-P-SCM5-A,0.3 € + 0.31 €/kWh
2026-10-10T15:01:08Z,IKR-P-V9X4-A,0.3 € + 0.31 €/kWh
2026-10-10T15:01:08Z,IKR-P-V9X4-B,0.3 € + 0.31 €/kWh
2026-10-10T15:02:23Z,STR-E-027B-A,0.2 €/kWh + 0.23 €
2026-10-10T15:02:23Z,STR-E-027B-B,0.2 €/kWh + 0.23 €
2026-10-10T15:02:23Z,STR-E-02VO-A,0.22 €/kWh
2026-10-10T15:02:23Z,STR-E-02VO-B,0.22 €/kWh
2026-10-10T15:02:23Z,STR-E-04YS-A,0 € + 0.18 €/kWh
2026-10-10T15:02:23Z,STR-E-051F-A,0.08 € + 0.14 €/kWh
2026-10-10T15:02:23Z,STR-E-0698-A,0.09 €/kWh
2026-10-10T15:02:23Z,STR-E-0GEL-A,0.09 €/kWh
2026-10-10T15:02:23Z,STR-E-10G9-A,0.08 € + 0.14 €/kWh
2026-10-10T15:02:23Z,STR-E-10G9-B,0.08 € + 0.14 €/kWh
2026-10-10T15:02:23Z,STR-E-1162-A,0.09 €/kWh
2026-10-10T15:02:23Z,STR-E-11DT-A,0.09 €/kWh
2026-10-10T15:02:23Z,STR-E-1887-A,0.09 €/kWh
2026-10-10T15:02:23Z,STR-E-1927-A,0.09 €/kWh
2026-10-10T15:02:23Z,STR-E-1ME5-A,0.08 € + 0.14 €/kWh
2026-10-10T15:02:23Z,STR-E-1ME5-B,0.08 € + 0.14 €/kWh
2026-10-10T15:02:23Z,STR-E-1MHB-A,0.31 €/kWh
2026-10-10T15:02:23Z,STR-E-1MJQ-A,0.09 €/kWh
2026-10-10T15:02:23Z,STR-E-1X30-A,0 € + 0.18 €/kWh
2026-10-10T15:02:23Z,STR-E-21O1-A,0.2 €/kWh
2026-10-10T15:02:23Z,STR-E-21O1-B,0.2 €/kWh
2026-10-10T15:02:23Z,STR-E-2446-A,0 € + 0.18 €/kWh
2026-10-10T15:02:23Z,STR-E-2D12-A,0.09 €/kWh
2026-10-10T15:02:23Z,STR-E-2ED4-A,0.09 €/kWh
2026-10-10T15:02:23Z,STR-E-2K1Q-A,0 € + 0.18 €/kWh
2026-10-10T15:02:23Z,STR-E-2XDJ-A,0 € + 0.18 €/kWh
2026-10-10T15:02:23Z,STR-E-320G-A,0.09 €/kWh
2026-10-10T15:02:23Z,STR-E-3468-A,0.2 €/kWh
2026-10-10T15:02:23Z,STR-E-3468-B,0.2 €/kWh
2026-10-10T15:02:23Z,STR-E-3ENA-A,0.2 €/kWh
2026-10-10T15:02:23Z,STR-E-3ENA-B,0.2 €/kWh
2026-10-10T15:02:23Z,STR-E-3ENA-C,0.2 €/kWh
2026-10-10T15:02:23Z,STR-E-3FMF-A,0.2 €/kWh + 0.23 €
2026-10-10T15:02:23Z,STR-E-3FMF-B,0.2 €/kWh + 0.23 €
2026-10-10T15:02:23Z,STR-E-3PZS-A,0.09 €/kWh
2026-10-10T15:02:23Z,STR-E-3SXI-A,0.2 €/kWh
2026-10-10T15:02:23Z,STR-E-3SXI-B,0.2 €/kWh
2026-10-10T15:02:23Z,STR-E-3TZI-A,0.09 €/kWh
2026-10-10T15:02:23Z,STR-E-3WE5-A,0 € + 0.18 €/kWh
2026-10-10T15:02:23Z,STR-E-3YH3-A,0.08 € + 0.14 €/kWh
2026-10-10T15:02:23Z,STR-E-3YH3-B,0.08 € + 0.14 €/kWh
2026-10-10T15:02:23Z,STR-E-4156-A,0.25 €/kWh
2026-10-10T15:02:23Z,STR-E-4156-B,0.25 €/kWh
2026-10-10T15:02:23Z,STR-E-491A-A,0.19 €/kWh
2026-10-10T15:02:23Z,STR-E-491A-B,0.19 €/kWh
2026-10-10T15:02:23Z,STR-E-491A-C,0.19 €/kWh
2026-10-10T15:02:23Z,STR-E-4DE6-A,0.19 €/kWh
2026-10-10T15:02:23Z,STR-E-4DE6-B,0.19 €/kWh
2026-10-10T15:02:23Z,STR-E-4KWM-A,0.29 €/kWh
2026-10-10T15:02:23Z,STR-E-4KWM-B,0.29 €/kWh
2026-10-10T15:02:23Z,STR-E-4LRS-A,0.09 €/kWh
2026-10-10T15:02:23Z,STR-E-4UGU-A,0.09 €/kWh
2026-10-10T15:02:23Z,STR-E-4YKC-A,0 € + 0.18 €/kWh
2026-10-10T15:02:23Z,STR-E-527U-A,0 € + 0.18 €/kWh
2026-10-10T15:02:23Z,STR-E-54PK-A,0.08 € + 0.14 €/kWh
2026-10-10T15:02:23Z,STR-E-54PK-B,0.08 € + 0.14 €/kWh
2026-10-10T15:02:23Z,STR-E-55I4-A,0 € + 0.18 €/kWh
2026-10-10T15:02:23Z,STR-E-566J-A,0 € + 0.18 €/kWh
2026-10-10T15:02:23Z,STR-E-59TF-A,0.08 € + 0.14 €/kWh
2026-10-10T15:02:23Z,STR-E-5DWB-A,0.09 €/kWh
2026-10-10T15:02:23Z,STR-E-5TI5-A,0.09 €/kWh
2026-10-10T15:02:23Z,STR-E-69PN-A,0.09 €/kWh
2026-10-10T15:02:23Z,STR-E-6CNG-A,0.09 €/kWh
2026-10-10T15:02:23Z,STR-E-6E7W-A,0 € + 0.18 €/kWh
2026-10-10T15:02:23Z,STR-E-6SQH-A,0.09 €/kWh
2026-10-10T15:02:23Z,STR-E-6UZQ-A,0.2 €/kWh
2026-10-10T15:02:23Z,STR-E-6UZQ-B,0.2 €/kWh
2026-10-10T15:02:23Z,STR-E-6ZTQ-A,0 € + 0.18 €/kWh
2026-10-10T15:02:23Z,STR-E-7438-A,0 € + 0.18 €/kWh
2026-10-10T15:02:23Z,STR-E-7A48-A,0.08 € + 0.14 €/kWh
2026-10-10T15:02:23Z,STR-E-7YBN-A,0 € + 0.18 €/kWh
2026-10-10T15:02:23Z,STR-E-7Z8G-A,0.29 €/kWh
2026-10-10T15:02:23Z,STR-E-7Z8G-B,0.29 €/kWh
2026-10-10T15:02:23Z,STR-E-86C0-A,0.09 €/kWh
2026-10-10T15:02:23Z,STR-E-88SA-A,0.09 €/kWh
2026-10-10T15:02:23Z,STR-E-8A02-A,0 € + 0.18 €/kWh
2026-10-10T15:02:23Z,STR-E-8M2O-A,0.09 €/kWh
2026-10-10T15:02:23Z,STR-E-8Q9F-A,0 € + 0.18 €/kWh
2026-10-10T15:02:23Z,STR-E-8XL5-A,0.09 €/kWh
2026-10-10T15:02:23Z,STR-E-8Y23-A,0.09 €/kWh
2026-10-10T15:02:23Z,STR-E-92KW-A,0.2 €/kWh + 0.23 €
2026-10-10T15:02:23Z,STR-E-9AH3-A,0 € + 0.18 €/kWh
2026-10-10T15:02:23Z,STR-E-9I2R-A,0.09 €/kWh
2026-10-10T15:02:23Z,STR-E-9TUZ-A,0.09 €/kWh
2026-10-10T15:02:23Z,STR-E-9WY2-A,0.09 €/kWh
2026-10-10T15:02:23Z,STR-E-A169-A,0 € + 0.18 €/kWh
2026-10-10T15:02:23Z,STR-E-A27N-A,0.22 €/kWh
2026-10-10T15:02:23Z,STR-E-A27N-B,0.22 €/kWh
2026-10-10T15:02:23Z,STR-E-A27N-C,0.22 €/kWh
2026-10-10T15:02:23Z,STR-E-A442-A,0.09 €/kWh
2026-10-10T15:02:23Z,STR-E-AABG-A,0.09 €/kWh
2026-10-10T15:02:23Z,STR-E-ACMT-A,0.09 €/kWh
2026-10-10T15:02:23Z,STR-E-ADXE-A,0 € + 0.18 €/kWh
2026-10-10T15:02:23Z,STR-E-AF2O-A,0.08 € + 0.14 €/kWh
2026-10-10T15:02:23Z,STR-E-AMQK-A,0 € + 0.18 €/kWh
2026-10-10T15:02:23Z,STR-E-ANJ0-A,0.2 €/kWh + 0.23 €
2026-10-10T15:02:23Z,STR-E-ANJ0-B,0.2 €/kWh + 0.23 €
2026-10-10T15:02:23Z,STR-E-AP96-A,0.2 €/kWh + 0.23 €
2026-10-10T15:02:23Z,STR-E-AP96-B,0.2 €/kWh + 0.23 €
2026-10-10T15:02:23Z,STR-E-AUQ2-A,0 € + 0.18 €/kWh
2026-10-10T15:02:23Z,STR-E-AWF1-A,0.08 € + 0.14 €/kWh
2026-10-10T15:02:23Z,STR-E-AWF1-B,0.08 € + 0.14 €/kWh
2026-10-10T15:02:23Z,STR-E-AWJ9-A,0.22 €/kWh
2026-10-10T15:02:23Z,STR-E-AWJ9-B,0.22 €/kWh
2026-10-10T15:02:23Z,STR-E-B36V-A,0.19 € + 0.27 €/kWh
2026-10-10T15:02:23Z,STR-E-B36V-B,0.19 € + 0.27 €/kWh
2026-10-10T15:02:23Z,STR-E-BIKW-A,0.2 €/kWh + 0.23 €
2026-10-10T15:02:23Z,STR-E-BIKW-B,0.2 €/kWh + 0.23 €
2026-10-10T15:02:23Z,STR-E-BXA5-A,0.09 €/kWh
2026-10-10T15:02:23Z,STR-E-C91L-A,0.09 €/kWh
2026-10-10T15:02:23Z,STR-E-C99Z-A,0 € + 0.18 €/kWh
2026-10-10T15:02:23Z,STR-E-D3MB-A,0.2 €/kWh + 0.23 €
2026-10-10T15:02:23Z,STR-E-D3MB-B,0.2 €/kWh + 0.23 €
2026-10-10T15:02:23Z,STR-E-DBCC-A,0.08 € + 0.14 €/kWh
2026-10-10T15:02:23Z,STR-E-DBCC-B,0.08 € + 0.14 €/kWh
2026-10-10T15:02:23Z,STR-E-DHEJ-A,0 € + 0.18 €/kWh
2026-10-10T15:02:23Z,STR-E-E0DZ-A,0.2 €/kWh
2026-10-10T15:02:23Z,STR-E-E0DZ-B,0.2 €/kWh
2026-10-10T15:02:23Z,STR-E-E7HH-A,0.09 €/kWh
2026-10-10T15:02:23Z,STR-E-ECI7-A,0 € + 0.18 €/kWh
2026-10-10T15:02:23Z,STR-E-EFXK-A,0 € + 0.18 €/kWh
2026-10-10T15:02:23Z,STR-E-ELFQ-A,0.2 €/kWh + 0.23 €
2026-10-10T15:02:23Z,STR-E-ELFQ-B,0.2 €/kWh + 0.23 €
2026-10-10T15:02:23Z,STR-E-EPQY-A,0 € + 0.18 €/kWh
2026-10-10T15:02:23Z,STR-E-ER2N-A,0 € + 0.18 €/kWh
2026-10-10T15:02:23Z,STR-E-ES3O-A,0 € + 0.18 €/kWh
2026-10-10T15:02:23Z,STR-E-EU1U-A,0.09 €/kWh
2026-10-10T15:02:23Z,STR-E-F2G0-A,0.08 € + 0.14 €/kWh
2026-10-10T15:02:23Z,STR-E-F2G0-B,0.08 € + 0.14 €/kWh
2026-10-10T15:02:23Z,STR-E-F4B3-A,0.09 €/kWh
2026-10-10T15:02:23Z,STR-E-F5LZ-A,0.09 €/kWh
2026-10-10T15:02:23Z,STR-E-F79A-A,0.2 €/kWh + 0.23 €
2026-10-10T15:02:23Z,STR-E-F79A-B,0.2 €/kWh + 0.23 €
2026-10-10T15:02:23Z,STR-E-FGMF-A,0.09 €/kWh
2026-10-10T15:02:23Z,STR-E-FK06-A,0.09 €/kWh
2026-10-10T15:02:23Z,STR-E-FKUY-A,0 € + 0.18 €/kWh
2026-10-10T15:02:23Z,STR-E-FUE8-A,0.08 € + 0.14 €/kWh
2026-10-10T15:02:23Z,STR-E-FUE8-B,0.08 € + 0.14 €/kWh
2026-10-10T15:02:23Z,STR-E-G4VM-A,0.09 €/kWh
2026-10-10T15:02:23Z,STR-E-G518-A,0.09 €/kWh
2026-10-10T15:02:23Z,STR-E-GB9A-A,0.09 €/kWh
2026-10-10T15:02:23Z,STR-E-GE77-A,0.29 €/kWh
2026-10-10T15:02:23Z,STR-E-GE77-B,0.29 €/kWh
2026-10-10T15:02:23Z,STR-E-GFB3-A,0 € + 0.18 €/kWh
2026-10-10T15:02:23Z,STR-E-GGV8-A,0.09 €/kWh
2026-10-10T15:02:23Z,STR-E-GHJA-A,0.09 €/kWh
2026-10-10T15:02:23Z,STR-E-GK0C-A,0 € + 0.18 €/kWh
2026-10-10T15:02:23Z,STR-E-GR5K-A,0.09 €/kWh
2026-10-10T15:02:23Z,STR-E-H6Q5-A,0.09 €/kWh
2026-10-10T15:02:23Z,STR-E-HHXV-A,0 € + 0.18 €/kWh
2026-10-10T15:02:23Z,STR-E-I1KE-A,0 € + 0.18 €/kWh
2026-10-10T15:02:23Z,STR-E-I4UZ-A,0.09 €/kWh
2026-10-10T15:02:23Z,STR-E-I5FH-A,0.09 €/kWh
2026-10-10T15:02:23Z,STR-E-I8C6-A,0.09 €/kWh
2026-10-10T15:02:23Z,STR-E-IA3X-A,0.09 €/kWh
2026-10-10T15:02:23Z,STR-E-IAO5-A,0 € + 0.18 €/kWh
2026-10-10T15:02:23Z,STR-E-IGH5-A,0.2 €/kWh + 0.23 €
2026-10-10T15:02:23Z,STR-E-IGH5-B,0.2 €/kWh + 0.23 €
2026-10-10T15:02:23Z,STR-E-IIKL-A,0.08 € + 0.14 €/kWh
2026-10-10T15:02:23Z,STR-E-IIKL-B,0.08 € + 0.14 €/kWh
2026-10-10T15:02:23Z,STR-E-IPEC-A,0 € + 0.18 €/kWh
2026-10-10T15:02:23Z,STR-E-IV6T-A,0 € + 0.18 €/kWh
2026-10-10T15:02:23Z,STR-E-J54N-A,0 € + 0.18 €/kWh
2026-10-10T15:02:23Z,STR-E-J6DA-A,0 € + 0.18 €/kWh
2026-10-10T15:02:23Z,STR-E-J8VF-A,0 € + 0.18 €/kWh
2026-10-10T15:02:23Z,STR-E-JG90-A,0.11 €/kWh + 0.3 €
2026-10-10T15:02:23Z,STR-E-JG90-B,0.11 €/kWh + 0.3 €
2026-10-10T15:02:23Z,STR-E-JMOR-A,0 € + 0.18 €/kWh
2026-10-10T15:02:23Z,STR-E-JVO0-A,0.09 €/kWh
2026-10-10T15:02:23Z,STR-E-K217-A,0 € + 0.18 €/kWh
2026-10-10T15:02:23Z,STR-E-K73C-A,0.2 €/kWh + 0.23 €
2026-10-10T15:02:23Z,STR-E-K73C-B,0.2 €/kWh + 0.23 €
2026-10-10T15:02:23Z,STR-E-KBZL-A,0.09 €/kWh
2026-10-10T15:02:23Z,STR-E-KOHN-A,0 € + 0.18 €/kWh
2026-10-10T15:02:23Z,STR-E-KT5B-A,0 € + 0.18 €/kWh
2026-10-10T15:02:23Z,STR-E-KUKS-A,0.08 € + 0.14 €/kWh
2026-10-10T15:02:23Z,STR-E-KUKS-B,0.08 € + 0.14 €/kWh
2026-10-10T15:02:23Z,STR-E-L84D-A,0.09 €/kWh
2026-10-10T15:02:23Z,STR-E-LISV-A,0.09 €/kWh
2026-10-10T15:02:23Z,STR-E-LKFQ-A,0.09 €/kWh
2026-10-10T15:02:23Z,STR-E-LREY-A,0.31 €/kWh
2026-10-10T15:02:23Z,STR-E-M1IB-A,0.09 €/kWh
2026-10-10T15:02:23Z,STR-E-M8WL-A,0.09 €/kWh
2026-10-10T15:02:23Z,STR-E-M9W7-A,0.09 €/kWh
2026-10-10T15:02:23Z,STR-E-MIP3-A,0.19 €/kWh
2026-10-10T15:02:23Z,STR-E-MIP3-B,0.19 €/kWh
2026-10-10T15:02:23Z,STR-E-MSEN-A,0.09 €/kWh
2026-10-10T15:02:23Z,STR-E-MSUL-A,0.09 €/kWh
2026-10-10T15:02:23Z,STR-E-N6P5-A,0.09 €/kWh
2026-10-10T15:02:23Z,STR-E-NCKT-A,0.08 € + 0.14 €/kWh
2026-10-10T15:02:23Z,STR-E-NCKT-B,0.08 € + 0.14 €/kWh
2026-10-10T15:02:23Z,STR-E-NDU2-A,0 € + 0.18 €/kWh
2026-10-10T15:02:23Z,STR-E-NDZ4-A,0 € + 0.18 €/kWh
2026-10-10T15:02:23Z,STR-E-NFV5-A,0 € + 0.18 €/kWh
2026-10-10T15:02:23Z,STR-E-NNGC-A,0.09 €/kWh
2026-10-10T15:02:23Z,STR-E-NSGB-A,0 € + 0.18 €/kWh
2026-10-10T15:02:23Z,STR-E-NY0Q-A,0.15 € + 0.2 €/kWh
2026-10-10T15:02:23Z,STR-E-O0VK-A,0.09 €/kWh
2026-10-10T15:02:23Z,STR-E-O5JX-A,0 € + 0.18 €/kWh
2026-10-10T15:02:23Z,STR-E-O5YW-A,0.08 € + 0.14 €/kWh
2026-10-10T15:02:23Z,STR-E-O5YW-B,0.08 € + 0.14 €/kWh
2026-10-10T15:02:23Z,STR-E-ODBK-A,0.29 €/kWh
2026-10-10T15:02:23Z,STR-E-ODBK-B,0.29 €/kWh
2026-10-10T15:02:23Z,STR-E-OFWF-A,0 € + 0.18 €/kWh
2026-10-10T15:02:23Z,STR-E-OG1X-A,0.09 €/kWh
2026-10-10T15:02:23Z,STR-E-OHH6-A,0 € + 0.18 €/kWh
2026-10-10T15:02:23Z,STR-E-OJ3E-A,0.2 €/kWh + 0.23 €
2026-10-10T15:02:23Z,STR-E-OJ3E-B,0.2 €/kWh + 0.23 €
2026-10-10T15:02:23Z,STR-E-OQKZ-A,0.09 €/kWh
2026-10-10T15:02:23Z,STR-E-P46N-A,0 € + 0.18 €/kWh
2026-10-10T15:02:23Z,STR-E-P7AF-A,0.08 € + 0.14 €/kWh
2026-10-10T15:02:23Z,STR-E-P7AF-B,0.08 € + 0.14 €/kWh
2026-10-10T15:02:23Z,STR-E-PC04-A,0.09 €/kWh
2026-10-10T15:02:23Z,STR-E-PDR2-A,0.09 €/kWh
2026-10-10T15:02:23Z,STR-E-PJCQ-A,0.08 € + 0.14 €/kWh
2026-10-10T15:02:23Z,STR-E-PJCQ-B,0.08 € + 0.14 €/kWh
2026-10-10T15:02:23Z,STR-E-PM3P-A,0.2 €/kWh + 0.23 €
2026-10-10T15:02:23Z,STR-E-PM3P-B,0.2 €/kWh + 0.23 €
2026-10-10T15:02:23Z,STR-E-PRUQ-A,0.09 €/kWh
2026-10-10T15:02:23Z,STR-E-PSU9-A,0.09 €/kWh
2026-10-10T15:02:23Z,STR-E-PZ9U-A,0.09 €/kWh
2026-10-10T15:02:23Z,STR-E-PZES-A,0.09 €/kWh
2026-10-10T15:02:23Z,STR-E-Q5YF-A,0.2 €/kWh + 0.23 €
2026-10-10T15:02:23Z,STR-E-Q5YF-B,0.2 €/kWh + 0.23 €
2026-10-10T15:02:23Z,STR-E-Q7LB-A,0.2 €/kWh + 0.23 €
2026-10-10T15:02:23Z,STR-E-Q7LB-B,0.2 €/kWh + 0.23 €
2026-10-10T15:02:23Z,STR-E-QAXH-A,0.15 € + 0.2 €/kWh
2026-10-10T15:02:23Z,STR-E-QE1X-A,0.08 € + 0.14 €/kWh
2026-10-10T15:02:23Z,STR-E-QE1X-B,0.08 € + 0.14 €/kWh
2026-10-10T15:02:23Z,STR-E-QEDL-A,0.09 €/kWh
2026-10-10T15:02:23Z,STR-E-QIQM-A,0.09 €/kWh
2026-10-10T15:02:23Z,STR-E-QLC9-A,0.19 €/kWh
2026-10-10T15:02:23Z,STR-E-QLC9-B,0.19 €/kWh
2026-10-10T15:02:23Z,STR-E-R0J8-A,0.09 €/kWh
2026-10-10T15:02:23Z,STR-E-R1MT-A,0.2 €/kWh + 0.23 €
2026-10-10T15:02:23Z,STR-E-R1MT-B,0.2 €/kWh + 0.23 €
2026-10-10T15:02:23Z,STR-E-R1PI-A,0.2 €/kWh + 0.23 €
2026-10-10T15:02:23Z,STR-E-R1PI-B,0.2 €/kWh + 0.23 €
2026-10-10T15:02:23Z,STR-E-R2LK-A,0.2 €/kWh + 0.23 €
2026-10-10T15:02:23Z,STR-E-R2LK-B,0.2 €/kWh + 0.23 €
2026-10-10T15:02:23Z,STR-E-R8PQ-A,0 € + 0.18 €/kWh
2026-10-10T15:02:23Z,STR-E-R9GA-A,0.09 €/kWh
2026-10-10T15:02:23Z,STR-E-RJH9-A,0.09 €/kWh
2026-10-10T15:02:23Z,STR-E-RKWJ-A,0.09 €/kWh
2026-10-10T15:02:23Z,STR-E-S42D-A,0.09 €/kWh
2026-10-10T15:02:23Z,STR-E-S6VR-A,0 € + 0.18 €/kWh
2026-10-10T15:02:23Z,STR-E-S7YR-A,0.2 €/kWh + 0.23 €
2026-10-10T15:02:23Z,STR-E-S7YR-B,0.2 €/kWh + 0.23 €
2026-10-10T15:02:23Z,STR-E-SGC2-A,0 € + 0.18 €/kWh
2026-10-10T15:02:23Z,STR-E-SJKA-A,0.09 €/kWh
2026-10-10T15:02:23Z,STR-E-SQX8-A,0.08 € + 0.14 €/kWh
2026-10-10T15:02:23Z,STR-E-SQX8-B,0.08 € + 0.14 €/kWh
2026-10-10T15:02:23Z,STR-E-SVR3-A,0.2 €/kWh + 0.23 €
2026-10-10T15:02:23Z,STR-E-SVR3-B,0.2 €/kWh + 0.23 €
2026-10-10T15:02:23Z,STR-E-SY9Y-A,0.09 €/kWh
2026-10-10T15:02:23Z,STR-E-TO2O-A,0.09 €/kWh
2026-10-10T15:02:23Z,STR-E-TX67-A,0.22 €/kWh
2026-10-10T15:02:23Z,STR-E-TX67-B,0.22 €/kWh
2026-10-10T15:02:23Z,STR-E-U41O-A,0 € + 0.18 €/kWh
2026-10-10T15:02:23Z,STR-E-U5TP-A,0.09 €/kWh
2026-10-10T15:02:23Z,STR-E-UKPS-A,0.15 € + 0.2 €/kWh
2026-10-10T15:02:23Z,STR-E-UPAQ-A,0.19 €/kWh
2026-10-10T15:02:23Z,STR-E-UPAQ-B,0.19 €/kWh
2026-10-10T15:02:23Z,STR-E-UPOS-A,0.08 € + 0.14 €/kWh
2026-10-10T15:02:23Z,STR-E-UPOS-B,0.08 € + 0.14 €/kWh
2026-10-10T15:02:23Z,STR-E-UY5H-A,0.09 €/kWh
2026-10-10T15:02:23Z,STR-E-V17G-A,0.09 €/kWh
2026-10-10T15:02:23Z,STR-E-V31J-A,0.09 €/kWh
2026-10-10T15:02:23Z,STR-E-V50T-A,0.09 €/kWh
2026-10-10T15:02:23Z,STR-E-V9SD-A,0.09 €/kWh
2026-10-10T15:02:23Z,STR-E-V9ZR-A,0.09 €/kWh
2026-10-10T15:02:23Z,STR-E-VBMP-A,0.09 €/kWh
2026-10-10T15:02:23Z,STR-E-VJBJ-A,0 € + 0.18 €/kWh
2026-10-10T15:02:23Z,STR-E-VPDB-A,0.09 €/kWh
2026-10-10T15:02:23Z,STR-E-VQ06-A,0 € + 0.18 €/kWh
2026-10-10T15:02:23Z,STR-E-VSDJ-A,0.22 €/kWh
2026-10-10T15:02:23Z,STR-E-VSDJ-B,0.22 €/kWh
2026-10-10T15:02:23Z,STR-E-VT0G-A,0.09 €/kWh
2026-10-10T15:02:23Z,STR-E-VX2O-A,0 € + 0.18 €/kWh
2026-10-10T15:02:23Z,STR-E-VXGH-A,0.09 €/kWh
2026-10-10T15:02:23Z,STR-E-W1X4-A,0.09 €/kWh
2026-10-10T15:02:23Z,STR-E-WEE3-A,0.2 €/kWh + 0.23 €
2026-10-10T15:02:23Z,STR-E-WEE3-B,0.2 €/kWh + 0.23 €
2026-10-10T15:02:23Z,STR-E-WHZ1-A,0 € + 0.18 €/kWh
2026-10-10T15:02:23Z,STR-E-WLGM-A,0 € + 0.18 €/kWh
2026-10-10T15:02:23Z,STR-E-WTQ5-A,0.2 €/kWh
2026-10-10T15:02:23Z,STR-E-WXV8-A,0.09 €/kWh
2026-10-10T15:02:23Z,STR-E-WYFE-A,0.2 €/kWh
2026-10-10T15:02:23Z,STR-E-WYFE-B,0.2 €/kWh
2026-10-10T15:02:23Z,STR-E-WYYC-A,0.2 €/kWh + 0.23 €
2026-10-10T15:02:23Z,STR-E-WYYC-B,0.2 €/kWh + 0.23 €
2026-10-10T15:02:23Z,STR-E-WZW9-A,0.09 €/kWh
2026-10-10T15:02:23Z,STR-E-X525-A,0.09 €/kWh
2026-10-10T15:02:23Z,STR-E-X54O-A,0 € + 0.18 €/kWh
2026-10-10T15:02:23Z,STR-E-XCMJ-A,0.08 € + 0.14 €/kWh
2026-10-10T15:02:23Z,STR-E-XCMJ-B,0.08 € + 0.14 €/kWh
2026-10-10T15:02:23Z,STR-E-XFON-A,0.09 €/kWh
2026-10-10T15:02:23Z,STR-E-XG69-A,0.08 € + 0.14 €/kWh
2026-10-10T15:02:23Z,STR-E-XG69-B,0.08 € + 0.14 €/kWh
2026-10-10T15:02:23Z,STR-E-XH51-A,0 € + 0.18 €/kWh
2026-10-10T15:02:23Z,STR-E-XKW2-A,0.2 €/kWh + 0.23 €
2026-10-10T15:02:23Z,STR-E-XKW2-B,0.2 €/kWh + 0.23 €
2026-10-10T15:02:23Z,STR-E-XRV8-A,0 € + 0.18 €/kWh
2026-10-10T15:02:23Z,STR-E-Y7JK-A,0 € + 0.18 €/kWh
2026-10-10T15:02:23Z,STR-E-Y82E-A,0 € + 0.18 €/kWh
2026-10-10T15:02:23Z,STR-E-YC50-A,0.09 €/kWh
2026-10-10T15:02:23Z,STR-E-Z2PJ-A,0.08 € + 0.14 €/kWh
2026-10-10T15:02:23Z,STR-E-Z2PJ-B,0.08 € + 0.14 €/kWh
2026-10-10T15:02:23Z,STR-E-ZA6O-A,0.09 €/kWh
2026-10-10T15:02:23Z,STR-E-ZEP7-A,0 € + 0.18 €/kWh
2026-10-10T15:02:23Z,STR-E-ZIAZ-A,0 € + 0.18 €/kWh
2026-10-10T15:02:23Z,STR-E-ZK9W-A,0 € + 0.18 €/kWh
2026-10-10T15:02:23Z,STR-E-ZS00-A,0.2 €/kWh + 0.23 €
2026-10-10T15:02:23Z,STR-E-ZS00-B,0.2 €/kWh + 0.23 €
2026-10-10T15:02:23Z,STR-E-ZWU5-A,0.08 € + 0.14 €/kWh
2026-10-10T15:02:23Z,STR-E-ZWU5-B,0.08 € + 0.14 €/kWh
2026-10-10T15:16:24Z,IKR-E-1220-A,0.3 € + 0.22 €/kWh
2026-10-10T15:16:24Z,IKR-E-1871-A,0.3 € + 0.22 €/kWh
2026-10-10T15:16:24Z,IKR-E-2G8J-A,0.3 € + 0.22 €/kWh
2026-10-10T15:16:24Z,IKR-E-3TSR-A,0.3 € + 0.22 €/kWh
2026-10-10T15:16:24Z,IKR-E-5715-A,0.3 € + 0.22 €/kWh
2026-10-10T15:16:24Z,IKR-E-5730-A,0.3 € + 0.28 €/kWh
2026-10-10T15:16:24Z,IKR-E-5CGU-A,0.3 € + 0.22 €/kWh
2026-10-10T15:16:24Z,IKR-E-7718-A,0.3 € + 0.28 €/kWh
2026-10-10T15:16:24Z,IKR-E-DVCM-A,0.3 € + 0.22 €/kWh
2026-10-10T15:16:24Z,IKR-E-E228-A,0.3 € + 0.24 €/kWh
2026-10-10T15:16:24Z,IKR-E-E475-A,0.3 € + 0.27 €/kWh
2026-10-10T15:16:24Z,IKR-E-E544-A,0.3 € + 0.27 €/kWh
2026-10-10T15:16:24Z,IKR-E-EKZA-A,0.3 € + 0.24 €/kWh
2026-10-10T15:16:24Z,IKR-E-GAY9-A,0.3 € + 0.22 €/kWh
2026-10-10T15:16:24Z,IKR-E-IZW2-A,0.3 € + 0.22 €/kWh
2026-10-10T15:16:24Z,IKR-E-J1JV-A,0.3 € + 0.24 €/kWh
2026-10-10T15:16:24Z,IKR-E-JJAJ-A,0.3 € + 0.22 €/kWh
2026-10-10T15:16:24Z,IKR-E-KMBH-A,0.3 € + 0.22 €/kWh
2026-10-10T15:16:24Z,IKR-E-LJZI-A,0.3 € + 0.22 €/kWh
2026-10-10T15:16:24Z,IKR-E-MAU9-A,0.29 € + 0.13 €/kWh
2026-10-10T15:16:24Z,IKR-E-OWF5-A,0.3 € + 0.28 €/kWh
2026-10-10T15:16:24Z,IKR-E-W6HQ-A,0.29 € + 0.13 €/kWh
2026-10-10T15:16:24Z,IKR-E-XIH2-A,0.3 € + 0.22 €/kWh
2026-10-10T15:16:24Z,IKR-E-Y2Z8-A,0.3 € + 0.21 €/kWh
2026-10-10T15:16:24Z,IKR-P-IV7E-B,0.3 € + 0.22 €/kWh
2026-10-10T15:16:24Z,IKR-P-SCM5-A,0.3 € + 0.28 €/kWh
2026-10-10T15:16:24Z,IKR-P-V9X4-A,0.3 € + 0.28 €/kWh
2026-10-10T15:16:24Z,IKR-P-V9X4-B,0.3 € + 0.28 €/kWh
2026-10-10T15:16:24Z,STR-E-027B-A,0.22 €/kWh + 0.23 €
2026-10-10T15:16:24Z,STR-E-027B-B,0.22 €/kWh + 0.23 €
2026-10-10T15:16:24Z,STR-E-02VO-A,0.24 €/kWh
2026-10-10T15:16:24Z,STR-E-02VO-B,0.24 €/kWh
2026-10-10T15:16:24Z,STR-E-04YS-A,0 € + 0.2 €/kWh
2026-10-10T15:16:24Z,STR-E-051F-A,0.08 € + 0.16 €/kWh
2026-10-10T15:16:24Z,STR-E-0698-A,0.11 €/kWh
2026-10-10T15:16:24Z,STR-E-0GEL-A,0.11 €/kWh
2026-10-10T15:16:24Z,STR-E-10G9-A,0.08 € + 0.16 €/kWh
2026-10-10T15:16:24Z,STR-E-10G9-B,0.08 € + 0.16 €/kWh
2026-10-10T15:16:24Z,STR-E-1162-A,0.11 €/kWh
2026-10-10T15:16:24Z,STR-E-11DT-A,0.11 €/kWh
2026-10-10T15:16:24Z,STR-E-1887-A,0.11 €/kWh
2026-10-10T15:16:24Z,STR-E-1927-A,0.11 €/kWh
2026-10-10T15:16:24Z,STR-E-1ME5-A,0.08 € + 0.16 €/kWh
2026-10-10T15:16:24Z,STR-E-1ME5-B,0.08 € + 0.16 €/kWh
2026-10-10T15:16:24Z,STR-E-1MHB-A,0.34 €/kWh
2026-10-10T15:16:24Z,STR-E-1MJQ-A,0.11 €/kWh
2026-10-10T15:16:24Z,STR-E-1X30-A,0 € + 0.2 €/kWh
2026-10-10T15:16:24Z,STR-E-21O1-A,0.22 €/kWh
2026-10-10T15:16:24Z,STR-E-21O1-B,0.22 €/kWh
2026-10-10T15:16:24Z,STR-E-2446-A,0 € + 0.2 €/kWh
2026-10-10T15:16:24Z,STR-E-2D12-A,0.11 €/kWh
2026-10-10T15:16:24Z,STR-E-2ED4-A,0.11 €/kWh
2026-10-10T15:16:24Z,STR-E-2K1Q-A,0 € + 0.2 €/kWh
2026-10-10T15:16:24Z,STR-E-2XDJ-A,0 € + 0.2 €/kWh
2026-10-10T15:16:24Z,STR-E-320G-A,0.11 €/kWh
2026-10-10T15:16:24Z,STR-E-3468-A,0.22 €/kWh
2026-10-10T15:16:24Z,STR-E-3468-B,0.22 €/kWh
2026-10-10T15:16:24Z,STR-E-3ENA-A,0.22 €/kWh
2026-10-10T15:16:24Z,STR-E-3ENA-B,0.22 €/kWh
2026-10-10T15:16:24Z,STR-E-3ENA-C,0.22 €/kWh
2026-10-10T15:16:24Z,STR-E-3FMF-A,0.22 €/kWh + 0.23 €
2026-10-10T15:16:24Z,STR-E-3FMF-B,0.22 €/kWh + 0.23 €
2026-10-10T15:16:24Z,STR-E-3PZS-A,0.11 €/kWh
2026-10-10T15:16:24Z,STR-E-3SXI-A,0.22 €/kWh
2026-10-10T15:16:24Z,STR-E-3SXI-B,0.22 €/kWh
2026-10-10T15:16:24Z,STR-E-3TZI-A,0.11 €/kWh
2026-10-10T15:16:24Z,STR-E-3WE5-A,0 € + 0.2 €/kWh
2026-10-10T15:16:24Z,STR-E-3YH3-A,0.08 € + 0.16 €/kWh
2026-10-10T15:16:24Z,STR-E-3YH3-B,0.08 € + 0.16 €/kWh
2026-10-10T15:16:24Z,STR-E-4156-A,0.27 €/kWh
2026-10-10T15:16:24Z,STR-E-4156-B,0.27 €/kWh
2026-10-10T15:16:24Z,STR-E-491A-A,0.21 €/kWh
2026-10-10T15:16:24Z,STR-E-491A-B,0.21 €/kWh
2026-10-10T15:16:24Z,STR-E-491A-C,0.21 €/kWh
2026-10-10T15:16:24Z,STR-E-4DE6-A,0.21 €/kWh
2026-10-10T15:16:24Z,STR-E-4DE6-B,0.21 €/kWh
2026-10-10T15:16:24Z,STR-E-4KWM-A,0.31 €/kWh
2026-10-10T15:16:24Z,STR-E-4KWM-B,0.31 €/kWh
2026-10-10T15:16:24Z,STR-E-4LRS-A,0.11 €/kWh
2026-10-10T15:16:24Z,STR-E-4UGU-A,0.11 €/kWh
2026-10-10T15:16:24Z,STR-E-4YKC-A,0 € + 0.2 €/kWh
2026-10-10T15:16:24Z,STR-E-527U-A,0 € + 0.2 €/kWh
2026-10-10T15:16:24Z,STR-E-54PK-A,0.08 € + 0.16 €/kWh
2026-10-10T15:16:24Z,STR-E-54PK-B,0.08 € + 0.16 €/kWh
2026-10-10T15:16:24Z,STR-E-55I4-A,0 € + 0.2 €/kWh
2026-10-10T15:16:24Z,STR-E-566J-A,0 € + 0.2 €/kWh
2026-10-10T15:16:24Z,STR-E-59TF-A,0.08 € + 0.16 €/kWh
2026-10-10T15:16:24Z,STR-E-5DWB-A,0.11 €/kWh
2026-10-10T15:16:24Z,STR-E-5TI5-A,0.11 €/kWh
2026-10-10T15:16:24Z,STR-E-69PN-A,0.11 €/kWh
2026-10-10T15:16:24Z,STR-E-6CNG-A,0.11 €/kWh
2026-10-10T15:16:24Z,STR-E-6E7W-A,0 € + 0.2 €/kWh
2026-10-10T15:16:24Z,STR-E-6SQH-A,0.11 €/kWh
2026-10-10T15:16:24Z,STR-E-6UZQ-A,0.22 €/kWh
2026-10-10T15:16:24Z,STR-E-6UZQ-B,0.22 €/kWh
2026-10-10T15:16:24Z,STR-E-6ZTQ-A,0 € + 0.2 €/kWh
2026-10-10T15:16:24Z,STR-E-7438-A,0 € + 0.2 €/kWh
2026-10-10T15:16:24Z,STR-E-7A48-A,0.08 € + 0.16 €/kWh
2026-10-10T15:16:24Z,STR-E-7YBN-A,0 € + 0.2 €/kWh
2026-10-10T15:16:24Z,STR-E-7Z8G-A,0.31 €/kWh
2026-10-10T15:16:24Z,STR-E-7Z8G-B,0.31 €/kWh
2026-10-10T15:16:24Z,STR-E-86C0-A,0.11 €/kWh
2026-10-10T15:16:24Z,STR-E-88SA-A,0.11 €/kWh
2026-10-10T15:16:24Z,STR-E-8A02-A,0 € + 0.2 €/kWh
2026-10-10T15:16:24Z,STR-E-8M2O-A,0.11 €/kWh
2026-10-10T15:16:24Z,STR-E-8Q9F-A,0 € + 0.2 €/kWh
2026-10-10T15:16:24Z,STR-E-8XL5-A,0.11 €/kWh
2026-10-10T15:16:24Z,STR-E-8Y23-A,0.11 €/kWh
2026-10-10T15:16:24Z,STR-E-92KW-A,0.22 €/kWh + 0.23 €
2026-10-10T15:16:24Z,STR-E-9AH3-A,0 € + 0.2 €/kWh
2026-10-10T15:16:24Z,STR-E-9I2R-A,0.11 €/kWh
2026-10-10T15:16:24Z,STR-E-9TUZ-A,0.11 €/kWh
2026-10-10T15:16:24Z,STR-E-9WY2-A,0.11 €/kWh
2026-10-10T15:16:24Z,STR-E-A169-A,0 € + 0.2 €/kWh
2026-10-10T15:16:24Z,STR-E-A27N-A,0.24 €/kWh
2026-10-10T15:16:24Z,STR-E-A27N-B,0.24 €/kWh
2026-10-10T15:16:24Z,STR-E-A27N-C,0.24 €/kWh
2026-10-10T15:16:24Z,STR-E-A442-A,0.11 €/kWh
2026-10-10T15:16:24Z,STR-E-AABG-A,0.11 €/kWh
2026-10-10T15:16:24Z,STR-E-ACMT-A,0.11 €/kWh
2026-10-10T15:16:24Z,STR-E-ADXE-A,0 € + 0.2 €/kWh
2026-10-10T15:16:24Z,STR-E-AF2O-A,0.08 € + 0.16 €/kWh
2026-10-10T15:16:24Z,STR-E-AMQK-A,0 € + 0.2 €/kWh
2026-10-10T15:16:24Z,STR-E-ANJ0-A,0.22 €/kWh + 0.23 €
2026-10-10T15:16:24Z,STR-E-ANJ0-B,0.22 €/kWh + 0.23 €
2026-10-10T15:16:24Z,STR-E-AP96-A,0.22 €/kWh + 0.23 €
2026-10-10T15:16:24Z,STR-E-AP96-B,0.22 €/kWh + 0.23 €
2026-10-10T15:16:24Z,STR-E-AUQ2-A,0 € + 0.2 €/kWh
2026-10-10T15:16:24Z,STR-E-AWF1-A,0.08 € + 0.16 €/kWh
2026-10-10T15:16:24Z,STR-E-AWF1-B,0.08 € + 0.16 €/kWh
2026-10-10T15:16:24Z,STR-E-AWJ9-A,0.24 €/kWh
2026-10-10T15:16:24Z,STR-E-AWJ9-B,0.24 €/kWh
2026-10-10T15:16:24Z,STR-E-B36V-A,0.19 € + 0.29 €/kWh
2026-10-10T15:16:24Z,STR-E-B36V-B,0.19 € + 0.29 €/kWh
2026-10-10T15:16:24Z,STR-E-BIKW-A,0.22 €/kWh + 0.23 €
2026-10-10T15:16:24Z,STR-E-BIKW-B,0.22 €/kWh + 0.23 €
2026-10-10T15:16:24Z,STR-E-BXA5-A,0.11 €/kWh
2026-10-10T15:16:24Z,STR-E-C91L-A,0.11 €/kWh
2026-10-10T15:16:24Z,STR-E-C99Z-A,0 € + 0.2 €/kWh
2026-10-10T15:16:24Z,STR-E-D3MB-A,0.22 €/kWh + 0.23 €
2026-10-10T15:16:24Z,STR-E-D3MB-B,0.22 €/kWh + 0.23 €
2026-10-10T15:16:24Z,STR-E-DBCC-A,0.08 € + 0.16 €/kWh
2026-10-10T15:16:24Z,STR-E-DBCC-B,0.08 € + 0.16 €/kWh
2026-10-10T15:16:24Z,STR-E-DHEJ-A,0 € + 0.2 €/kWh
2026-10-10T15:16:24Z,STR-E-E0DZ-A,0.22 €/kWh
2026-10-10T15:16:24Z,STR-E-E0DZ-B,0.22 €/kWh
2026-10-10T15:16:24Z,STR-E-E7HH-A,0.11 €/kWh
2026-10-10T15:16:24Z,STR-E-ECI7-A,0 € + 0.2 €/kWh
2026-10-10T15:16:24Z,STR-E-EFXK-A,0 € + 0.2 €/kWh
2026-10-10T15:16:24Z,STR-E-ELFQ-A,0.22 €/kWh + 0.23 €
2026-10-10T15:16:24Z,STR-E-ELFQ-B,0.22 €/kWh + 0.23 €
2026-10-10T15:16:24Z,STR-E-EPQY-A,0 € + 0.2 €/kWh
2026-10-10T15:16:24Z,STR-E-ER2N-A,0 € + 0.2 €/kWh
2026-10-10T15:16:24Z,STR-E-ES3O-A,0 € + 0.2 €/kWh
2026-10-10T15:16:24Z,STR-E-EU1U-A,0.11 €/kWh
2026-10-10T15:16:24Z,STR-E-F2G0-A,0.08 € + 0.16 €/kWh
2026-10-10T15:16:24Z,STR-E-F2G0-B,0.08 € + 0.16 €/kWh
2026-10-10T15:16:24Z,STR-E-F4B3-A,0.11 €/kWh
2026-10-10T15:16:24Z,STR-E-F5LZ-A,0.11 €/kWh
2026-10-10T15:16:24Z,STR-E-F79A-A,0.22 €/kWh + 0.23 €
2026-10-10T15:16:24Z,STR-E-F79A-B,0.22 €/kWh + 0.23 €
2026-10-10T15:16:24Z,STR-E-FGMF-A,0.11 €/kWh
2026-10-10T15:16:24Z,STR-E-FK06-A,0.11 €/kWh
2026-10-10T15:16:24Z,STR-E-FKUY-A,0 € + 0.2 €/kWh
2026-10-10T15:16:24Z,STR-E-FUE8-A,0.08 € + 0.16 €/kWh
2026-10-10T15:16:24Z,STR-E-FUE8-B,0.08 € + 0.16 €/kWh
2026-10-10T15:16:24Z,STR-E-G4VM-A,0.11 €/kWh
2026-10-10T15:16:24Z,STR-E-G518-A,0.11 €/kWh
2026-10-10T15:16:24Z,STR-E-GB9A-A,0.11 €/kWh
2026-10-10T15:16:24Z,STR-E-GE77-A,0.31 €/kWh
2026-10-10T15:16:24Z,STR-E-GE77-B,0.31 €/kWh
2026-10-10T15:16:24Z,STR-E-GFB3-A,0 € + 0.2 €/kWh
2026-10-10T15:16:24Z,STR-E-GGV8-A,0.11 €/kWh
2026-10-10T15:16:24Z,STR-E-GHJA-A,0.11 €/kWh
2026-10-10T15:16:24Z,STR-E-GK0C-A,0 € + 0.2 €/kWh
2026-10-10T15:16:24Z,STR-E-GR5K-A,0.11 €/kWh
2026-10-10T15:16:24Z,STR-E-H6Q5-A,0.11 €/kWh
2026-10-10T15:16:24Z,STR-E-HHXV-A,0 € + 0.2 €/kWh
2026-10-10T15:16:24Z,STR-E-I1KE-A,0 € + 0.2 €/kWh
2026-10-10T15:16:24Z,STR-E-I4UZ-A,0.11 €/kWh
2026-10-10T15:16:24Z,STR-E-I5FH-A,0.11 €/kWh
2026-10-10T15:16:24Z,STR-E-I8C6-A,0.11 €/kWh
2026-10-10T15:16:24Z,STR-E-IA3X-A,0.11 €/kWh
2026-10-10T15:16:24Z,STR-E-IAO5-A,0 € + 0.2 €/kWh
2026-10-10T15:16:24Z,STR-E-IGH5-A,0.22 €/kWh + 0.23 €
2026-10-10T15:16:24Z,STR-E-IGH5-B,0.22 €/kWh + 0.23 €
2026-10-10T15:16:24Z,STR-E-IIKL-A,0.08 € + 0.16 €/kWh
2026-10-10T15:16:24Z,STR-E-IIKL-B,0.08 € + 0.16 €/kWh
2026-10-10T15:16:24Z,STR-E-IPEC-A,0 € + 0.2 €/kWh
2026-10-10T15:16:24Z,STR-E-IV6T-A,0 € + 0.2 €/kWh
2026-10-10T15:16:24Z,STR-E-J54N-A,0 € + 0.2 €/kWh
2026-10-10T15:16:24Z,STR-E-J6DA-A,0 € + 0.2 €/kWh
2026-10-10T15:16:24Z,STR-E-J8VF-A,0 € + 0.2 €/kWh
2026-10-10T15:16:24Z,STR-E-JG90-A,0.13 €/kWh + 0.3 €
2026-10-10T15:16:24Z,STR-E-JG90-B,0.13 €/kWh + 0.3 €
2026-10-10T15:16:24Z,STR-E-JMOR-A,0 € + 0.2 €/kWh
2026-10-10T15:16:24Z,STR-E-JVO0-A,0.11 €/kWh
2026-10-10T15:16:24Z,STR-E-K217-A,0 € + 0.2 €/kWh
2026-10-10T15:16:24Z,STR-E-K73C-A,0.22 €/kWh + 0.23 €
2026-10-10T15:16:24Z,STR-E-K73C-B,0.22 €/kWh + 0.23 €
2026-10-10T15:16:24Z,STR-E-KBZL-A,0.11 €/kWh
2026-10-10T15:16:24Z,STR-E-KOHN-A,0 € + 0.2 €/kWh
2026-10-10T15:16:24Z,STR-E-KT5B-A,0 € + 0.2 €/kWh
2026-10-10T15:16:24Z,STR-E-KUKS-A,0.08 € + 0.16 €/kWh
2026-10-10T15:16:24Z,STR-E-KUKS-B,0.08 € + 0.16 €/kWh
2026-10-10T15:16:24Z,STR-E-L84D-A,0.11 €/kWh
2026-10-10T15:16:24Z,STR-E-LISV-A,0.11 €/kWh
2026-10-10T15:16:24Z,STR-E-LKFQ-A,0.11 €/kWh
2026-10-10T15:16:24Z,STR-E-LREY-A,0.34 €/kWh
2026-10-10T15:16:24Z,STR-E-M1IB-A,0.11 €/kWh
2026-10-10T15:16:24Z,STR-E-M8WL-A,0.11 €/kWh
2026-10-10T15:16:24Z,STR-E-M9W7-A,0.11 €/kWh
2026-10-10T15:16:24Z,STR-E-MIP3-A,0.21 €/kWh
2026-10-10T15:16:24Z,STR-E-MIP3-B,0.21 €/kWh
2026-10-10T15:16:24Z,STR-E-MSEN-A,0.11 €/kWh
2026-10-10T15:16:24Z,STR-E-MSUL-A,0.11 €/kWh
2026-10-10T15:16:24Z,STR-E-N6P5-A,0.11 €/kWh
2026-10-10T15:16:24Z,STR-E-NCKT-A,0.08 € + 0.16 €/kWh
2026-10-10T15:16:24Z,STR-E-NCKT-B,0.08 € + 0.16 €/kWh
2026-10-10T15:16:24Z,STR-E-NDU2-A,0 € + 0.2 €/kWh
2026-10-10T15:16:24Z,STR-E-NDZ4-A,0 € + 0.2 €/kWh
2026-10-10T15:16:24Z,STR-E-NFV5-A,0 € + 0.2 €/kWh
2026-10-10T15:16:24Z,STR-E-NNGC-A,0.11 €/kWh
2026-10-10T15:16:24Z,STR-E-NSGB-A,0 € + 0.2 €/kWh
2026-10-10T15:16:24Z,STR-E-NY0Q-A,0.15 € + 0.22 €/kWh
2026-10-10T15:16:24Z,STR-E-O0VK-A,0.11 €/kWh
2026-10-10T15:16:24Z,STR-E-O5JX-A,0 € + 0.2 €/kWh
2026-10-10T15:16:24Z,STR-E-O5YW-A,0.08 € + 0.16 €/kWh
2026-10-10T15:16:24Z,STR-E-O5YW-B,0.08 € + 0.16 €/kWh
2026-10-10T15:16:24Z,STR-E-ODBK-A,0.31 €/kWh
2026-10-10T15:16:24Z,STR-E-ODBK-B,0.31 €/kWh
2026-10-10T15:16:24Z,STR-E-OFWF-A,0 € + 0.2 €/kWh
2026-10-10T15:16:24Z,STR-E-OG1X-A,0.11 €/kWh
2026-10-10T15:16:24Z,STR-E-OHH6-A,0 € + 0.2 €/kWh
2026-10-10T15:16:24Z,STR-E-OJ3E-A,0.22 €/kWh + 0.23 €
2026-10-10T15:16:24Z,STR-E-OJ3E-B,0.22 €/kWh + 0.23 €
2026-10-10T15:16:24Z,STR-E-OQKZ-A,0.11 €/kWh
2026-10-10T15:16:24Z,STR-E-P46N-A,0 € + 0.2 €/kWh
2026-10-10T15:16:24Z,STR-E-P7AF-A,0.08 € + 0.16 €/kWh
2026-10-10T15:16:24Z,STR-E-P7AF-B,0.08 € + 0.16 €/kWh
2026-10-10T15:16:24Z,STR-E-PC04-A,0.11 €/kWh
2026-10-10T15:16:24Z,STR-E-PDR2-A,0.11 €/kWh
2026-10-10T15:16:24Z,STR-E-PJCQ-A,0.08 € + 0.16 €/kWh
2026-10-10T15:16:24Z,STR-E-PJCQ-B,0.08 € + 0.16 €/kWh
2026-10-10T15:16:24Z,STR-E-PM3P-A,0.22 €/kWh + 0.23 €
2026-10-10T15:16:24Z,STR-E-PM3P-B,0.22 €/kWh + 0.23 €
2026-10-10T15:16:24Z,STR-E-PRUQ-A,0.11 €/kWh
2026-10-10T15:16:24Z,STR-E-PSU9-A,0.11 €/kWh
2026-10-10T15:16:24Z,STR-E-PZ9U-A,0.11 €/kWh
2026-10-10T15:16:24Z,STR-E-PZES-A,0.11 €/kWh
2026-10-10T15:16:24Z,STR-E-Q5YF-A,0.22 €/kWh + 0.23 €
2026-10-10T15:16:24Z,STR-E-Q5YF-B,0.22 €/kWh + 0.23 €
2026-10-10T15:16:24Z,STR-E-Q7LB-A,0.22 €/kWh + 0.23 €
2026-10-10T15:16:24Z,STR-E-Q7LB-B,0.22 €/kWh + 0.23 €
2026-10-10T15:16:24Z,STR-E-QAXH-A,0.15 € + 0.22 €/kWh
2026-10-10T15:16:24Z,STR-E-QE1X-A,0.08 € + 0.16 €/kWh
2026-10-10T15:16:24Z,STR-E-QE1X-B,0.08 € + 0.16 €/kWh
2026-10-10T15:16:24Z,STR-E-QEDL-A,0.11 €/kWh
2026-10-10T15:16:24Z,STR-E-QIQM-A,0.11 €/kWh
2026-10-10T15:16:24Z,STR-E-QLC9-A,0.21 €/kWh
2026-10-10T15:16:24Z,STR-E-QLC9-B,0.21 €/kWh
2026-10-10T15:16:24Z,STR-E-R0J8-A,0.11 €/kWh
2026-10-10T15:16:24Z,STR-E-R1MT-A,0.22 €/kWh + 0.23 €
2026-10-10T15:16:24Z,STR-E-R1MT-B,0.22 €/kWh + 0.23 €
2026-10-10T15:16:24Z,STR-E-R1PI-A,0.22 €/kWh + 0.23 €
2026-10-10T15:16:24Z,STR-E-R1PI-B,0.22 €/kWh + 0.23 €
2026-10-10T15:16:24Z,STR-E-R2LK-A,0.22 €/kWh + 0.23 €
2026-10-10T15:16:24Z,STR-E-R2LK-B,0.22 €/kWh + 0.23 €
2026-10-10T15:16:24Z,STR-E-R8PQ-A,0 € + 0.2 €/kWh
2026-10-10T15:16:24Z,STR-E-R9GA-A,0.11 €/kWh
2026-10-10T15:16:24Z,STR-E-RJH9-A,0.11 €/kWh
2026-10-10T15:16:24Z,STR-E-RKWJ-A,0.11 €/kWh
2026-10-10T15:16:24Z,STR-E-S42D-A,0.11 €/kWh
2026-10-10T15:16:24Z,STR-E-S6VR-A,0 € + 0.2 €/kWh
2026-10-10T15:16:24Z,STR-E-S7YR-A,0.22 €/kWh + 0.23 €
2026-10-10T15:16:24Z,STR-E-S7YR-B,0.22 €/kWh + 0.23 €
2026-10-10T15:16:24Z,STR-E-SGC2-A,0 € + 0.2 €/kWh
2026-10-10T15:16:24Z,STR-E-SJKA-A,0.11 €/kWh
2026-10-10T15:16:24Z,STR-E-SQX8-A,0.08 € + 0.16 €/kWh
2026-10-10T15:16:24Z,STR-E-SQX8-B,0.08 € + 0.16 €/kWh
2026-10-10T15:16:24Z,STR-E-SVR3-A,0.22 €/kWh + 0.23 €
2026-10-10T15:16:24Z,STR-E-SVR3-B,0.22 €/kWh + 0.23 €
2026-10-10T15:16:24Z,STR-E-SY9Y-A,0.11 €/kWh
2026-10-10T15:16:24Z,STR-E-TO2O-A,0.11 €/kWh
2026-10-10T15:16:24Z,STR-E-TX67-A,0.24 €/kWh
2026-10-10T15:16:24Z,STR-E-TX67-B,0.24 €/kWh
2026-10-10T15:16:24Z,STR-E-U41O-A,0 € + 0.2 €/kWh
2026-10-10T15:16:24Z,STR-E-U5TP-A,0.11 €/kWh
2026-10-10T15:16:24Z,STR-E-UKPS-A,0.15 € + 0.22 €/kWh
2026-10-10T15:16:24Z,STR-E-UPAQ-A,0.21 €/kWh
2026-10-10T15:16:24Z,STR-E-UPAQ-B,0.21 €/kWh
2026-10-10T15:16:24Z,STR-E-UPOS-A,0.08 € + 0.16 €/kWh
2026-10-10T15:16:24Z,STR-E-UPOS-B,0.08 € + 0.16 €/kWh
2026-10-10T15:16:24Z,STR-E-UY5H-A,0.11 €/kWh
2026-10-10T15:16:24Z,STR-E-V17G-A,0.11 €/kWh
2026-10-10T15:16:24Z,STR-E-V31J-A,0.11 €/kWh
2026-10-10T15:16:24Z,STR-E-V50T-A,0.11 €/kWh
2026-10-10T15:16:24Z,STR-E-V9SD-A,0.11 €/kWh
2026-10-10T15:16:24Z,STR-E-V9ZR-A,0.11 €/kWh
2026-10-10T15:16:24Z,STR-E-VBMP-A,0.11 €/kWh
2026-10-10T15:16:24Z,STR-E-VJBJ-A,0 € + 0.2 €/kWh
2026-10-10T15:16:24Z,STR-E-VPDB-A,0.11 €/kWh
2026-10-10T15:16:24Z,STR-E-VQ06-A,0 € + 0.2 €/kWh
2026-10-10T15:16:24Z,STR-E-VSDJ-A,0.24 €/kWh
2026-10-10T15:16:24Z,STR-E-VSDJ-B,0.24 €/kWh
2026-10-10T15:16:24Z,STR-E-VT0G-A,0.11 €/kWh
2026-10-10T15:16:24Z,STR-E-VX2O-A,0 € + 0.2 €/kWh
2026-10-10T15:16:24Z,STR-E-VXGH-A,0.11 €/kWh
2026-10-10T15:16:24Z,STR-E-W1X4-A,0.11 €/kWh
2026-10-10T15:16:24Z,STR-E-WEE3-A,0.22 €/kWh + 0.23 €
2026-10-10T15:16:24Z,STR-E-WEE3-B,0.22 €/kWh + 0.23 €
2026-10-10T15:16:24Z,STR-E-WHZ1-A,0 € + 0.2 €/kWh
2026-10-10T15:16:24Z,STR-E-WLGM-A,0 € + 0.2 €/kWh
2026-10-10T15:16:24Z,STR-E-WTQ5-A,0.22 €/kWh
2026-10-10T15:16:24Z,STR-E-WXV8-A,0.11 €/kWh
2026-10-10T15:16:24Z,STR-E-WYFE-A,0.22 €/kWh
2026-10-10T15:16:24Z,STR-E-WYFE-B,0.22 €/kWh
2026-10-10T15:16:24Z,STR-E-WYYC-A,0.22 €/kWh + 0.23 €
2026-10-10T15:16:24Z,STR-E-WYYC-B,0.22 €/kWh + 0.23 €
2026-10-10T15:16:24Z,STR-E-WZW9-A,0.11 €/kWh
2026-10-10T15:16:24Z,STR-E-X525-A,0.11 €/kWh
2026-10-10T15:16:24Z,STR-E-X54O-A,0 € + 0.2 €/kWh
2026-10-10T15:16:24Z,STR-E-XCMJ-A,0.08 € + 0.16 €/kWh
2026-10-10T15:16:24Z,STR-E-XCMJ-B,0.08 € + 0.16 €/kWh
2026-10-10T15:16:24Z,STR-E-XFON-A,0.11 €/kWh
2026-10-10T15:16:24Z,STR-E-XG69-A,0.08 € + 0.16 €/kWh
2026-10-10T15:16:24Z,STR-E-XG69-B,0.08 € + 0.16 €/kWh
2026-10-10T15:16:24Z,STR-E-XH51-A,0 € + 0.2 €/kWh
2026-10-10T15:16:24Z,STR-E-XKW2-A,0.22 €/kWh + 0.23 €
2026-10-10T15:16:24Z,STR-E-XKW2-B,0.22 €/kWh + 0.23 €
2026-10-10T15:16:24Z,STR-E-XRV8-A,0 € + 0.2 €/kWh
2026-10-10T15:16:24Z,STR-E-Y7JK-A,0 € + 0.2 €/kWh
2026-10-10T15:16:24Z,STR-E-Y82E-A,0 € + 0.2 €/kWh
2026-10-10T15:16:24Z,STR-E-YC50-A,0.11 €/kWh
2026-10-10T15:16:24Z,STR-E-Z2PJ-A,0.08 € + 0.16 €/kWh
2026-10-10T15:16:24Z,STR-E-Z2PJ-B,0.08 € + 0.16 €/kWh
2026-10-10T15:16:24Z,STR-E-ZA6O-A,0.11 €/kWh
2026-10-10T15:16:24Z,STR-E-ZEP7-A,0 € + 0.2 €/kWh
2026-10-10T15:16:24Z,STR-E-ZIAZ-A,0 € + 0.2 €/kWh
2026-10-10T15:16:24Z,STR-E-ZK9W-A,0 € + 0.2 €/kWh
2026-10-10T15:16:24Z,STR-E-ZS00-A,0.22 €/kWh + 0.23 €
2026-10-10T15:16:24Z,STR-E-ZS00-B,0.22 €/kWh + 0.23 €
2026-10-10T15:16:24Z,STR-E-ZWU5-A,0.08 € + 0.16 €/kWh
2026-10-10T15:16:24Z,STR-E-ZWU5-B,0.08 € + 0.16 €/kWh
2026-10-10T15:31:00Z,IKR-E-MAU9-A,0.29 € + 0.15 €/kWh
2026-10-10T15:31:00Z,IKR-E-W6HQ-A,0.29 € + 0.15 €/kWh
2026-10-10T15:31:00Z,STR-E-B36V-A,0.19 € + 0.28 €/kWh
2026-10-10T15:31:00Z,STR-E-B36V-B,0.19 € + 0.28 €/kWh
2026-10-10T15:48:23Z,IKR-E-1220-A,0.3 € + 0.23 €/kWh
2026-10-10T15:48:23Z,IKR-E-1871-A,0.3 € + 0.23 €/kWh
2026-10-10T15:48:23Z,IKR-E-2G8J-A,0.3 € + 0.23 €/kWh
2026-10-10T15:48:23Z,IKR-E-3TSR-A,0.3 € + 0.23 €/kWh
2026-10-10T15:48:23Z,IKR-E-5715-A,0.3 € + 0.23 €/kWh
2026-10-10T15:48:23Z,IKR-E-5730-A,0.3 € + 0.29 €/kWh
2026-10-10T15:48:23Z,IKR-E-5CGU-A,0.3 € + 0.23 €/kWh
2026-10-10T15:48:23Z,IKR-E-7718-A,0.3 € + 0.29 €/kWh
2026-10-10T15:48:23Z,IKR-E-DVCM-A,0.3 € + 0.23 €/kWh
2026-10-10T15:48:23Z,IKR-E-E228-A,0.3 € + 0.25 €/kWh
2026-10-10T15:48:23Z,IKR-E-EKZA-A,0.3 € + 0.25 €/kWh
2026-10-10T15:48:23Z,IKR-E-GAY9-A,0.3 € + 0.23 €/kWh
2026-10-10T15:48:23Z,IKR-E-IZW2-A,0.3 € + 0.23 €/kWh
2026-10-10T15:48:23Z,IKR-E-J1JV-A,0.3 € + 0.25 €/kWh
2026-10-10T15:48:23Z,IKR-E-JJAJ-A,0.3 € + 0.23 €/kWh
2026-10-10T15:48:23Z,IKR-E-KMBH-A,0.3 € + 0.23 €/kWh
2026-10-10T15:48:23Z,IKR-E-LJZI-A,0.3 € + 0.23 €/kWh
2026-10-10T15:48:23Z,IKR-E-OWF5-A,0.3 € + 0.29 €/kWh
2026-10-10T15:48:23Z,IKR-E-XIH2-A,0.3 € + 0.23 €/kWh
2026-10-10T15:48:23Z,IKR-P-IV7E-B,0.3 € + 0.23 €/kWh
2026-10-10T15:48:23Z,IKR-P-SCM5-A,0.3 € + 0.29 €/kWh
2026-10-10T15:48:23Z,IKR-P-V9X4-A,0.3 € + 0.29 €/kWh
2026-10-10T15:48:23Z,IKR-P-V9X4-B,0.3 € + 0.29 €/kWh
2026-10-10T16:02:24Z,IKR-E-E475-A,0.3 € + 0.28 €/kWh
2026-10-10T16:02:24Z,IKR-E-E544-A,0.3 € + 0.28 €/kWh
2026-10-10T16:02:24Z,IKR-E-Y2Z8-A,0.3 € + 0.22 €/kWh
2026-10-10T16:02:24Z,STR-E-027B-A,0.21 €/kWh + 0.23 €
2026-10-10T16:02:24Z,STR-E-027B-B,0.21 €/kWh + 0.23 €
2026-10-10T16:02:24Z,STR-E-02VO-A,0.23 €/kWh
2026-10-10T16:02:24Z,STR-E-02VO-B,0.23 €/kWh
2026-10-10T16:02:24Z,STR-E-051F-A,0.08 € + 0.15 €/kWh
2026-10-10T16:02:24Z,STR-E-10G9-A,0.08 € + 0.15 €/kWh
2026-10-10T16:02:24Z,STR-E-10G9-B,0.08 € + 0.15 €/kWh
2026-10-10T16:02:24Z,STR-E-1ME5-A,0.08 € + 0.15 €/kWh
2026-10-10T16:02:24Z,STR-E-1ME5-B,0.08 € + 0.15 €/kWh
2026-10-10T16:02:24Z,STR-E-1MHB-A,0.33 €/kWh
2026-10-10T16:02:24Z,STR-E-21O1-A,0.21 €/kWh
2026-10-10T16:02:24Z,STR-E-21O1-B,0.21 €/kWh
2026-10-10T16:02:24Z,STR-E-3468-A,0.21 €/kWh
2026-10-10T16:02:24Z,STR-E-3468-B,0.21 €/kWh
2026-10-10T16:02:24Z,STR-E-3ENA-A,0.21 €/kWh
2026-10-10T16:02:24Z,STR-E-3ENA-B,0.21 €/kWh
2026-10-10T16:02:24Z,STR-E-3ENA-C,0.21 €/kWh
2026-10-10T16:02:24Z,STR-E-3FMF-A,0.21 €/kWh + 0.23 €
2026-10-10T16:02:24Z,STR-E-3FMF-B,0.21 €/kWh + 0.23 €
2026-10-10T16:02:24Z,STR-E-3SXI-A,0.21 €/kWh
2026-10-10T16:02:24Z,STR-E-3SXI-B,0.21 €/kWh
2026-10-10T16:02:24Z,STR-E-3YH3-A,0.08 € + 0.15 €/kWh
2026-10-10T16:02:24Z,STR-E-3YH3-B,0.08 € + 0.15 €/kWh
2026-10-10T16:02:24Z,STR-E-491A-A,0.2 €/kWh
2026-10-10T16:02:24Z,STR-E-491A-B,0.2 €/kWh
2026-10-10T16:02:24Z,STR-E-491A-C,0.2 €/kWh
2026-10-10T16:02:24Z,STR-E-4DE6-A,0.2 €/kWh
2026-10-10T16:02:24Z,STR-E-4DE6-B,0.2 €/kWh
2026-10-10T16:02:24Z,STR-E-4KWM-A,0.3 €/kWh
2026-10-10T16:02:24Z,STR-E-4KWM-B,0.3 €/kWh
2026-10-10T16:02:24Z,STR-E-54PK-A,0.08 € + 0.15 €/kWh
2026-10-10T16:02:24Z,STR-E-54PK-B,0.08 € + 0.15 €/kWh
2026-10-10T16:02:24Z,STR-E-59TF-A,0.08 € + 0.15 €/kWh
2026-10-10T16:02:24Z,STR-E-6UZQ-A,0.21 €/kWh
2026-10-10T16:02:24Z,STR-E-6UZQ-B,0.21 €/kWh
2026-10-10T16:02:24Z,STR-E-7A48-A,0.08 € + 0.15 €/kWh
2026-10-10T16:02:24Z,STR-E-7Z8G-A,0.3 €/kWh
2026-10-10T16:02:24Z,STR-E-7Z8G-B,0.3 €/kWh
2026-10-10T16:02:24Z,STR-E-92KW-A,0.21 €/kWh + 0.23 €
2026-10-10T16:02:24Z,STR-E-A27N-A,0.23 €/kWh
2026-10-10T16:02:24Z,STR-E-A27N-B,0.23 €/kWh
2026-10-10T16:02:24Z,STR-E-A27N-C,0.23 €/kWh
2026-10-10T16:02:24Z,STR-E-AF2O-A,0.08 € + 0.15 €/kWh
2026-10-10T16:02:24Z,STR-E-ANJ0-A,0.21 €/kWh + 0.23 €
2026-10-10T16:02:24Z,STR-E-ANJ0-B,0.21 €/kWh + 0.23 €
2026-10-10T16:02:24Z,STR-E-AP96-A,0.21 €/kWh + 0.23 €
2026-10-10T16:02:24Z,STR-E-AP96-B,0.21 €/kWh + 0.23 €
2026-10-10T16:02:24Z,STR-E-AWF1-A,0.08 € + 0.15 €/kWh
2026-10-10T16:02:24Z,STR-E-AWF1-B,0.08 € + 0.15 €/kWh
2026-10-10T16:02:24Z,STR-E-AWJ9-A,0.23 €/kWh
2026-10-10T16:02:24Z,STR-E-AWJ9-B,0.23 €/kWh
2026-10-10T16:02:24Z,STR-E-BIKW-A,0.21 €/kWh + 0.23 €
2026-10-10T16:02:24Z,STR-E-BIKW-B,0.21 €/kWh + 0.23 €
2026-10-10T16:02:24Z,STR-E-D3MB-A,0.21 €/kWh + 0.23 €
2026-10-10T16:02:24Z,STR-E-D3MB-B,0.21 €/kWh + 0.23 €
2026-10-10T16:02:24Z,STR-E-DBCC-A,0.08 € + 0.15 €/kWh
2026-10-10T16:02:24Z,STR-E-DBCC-B,0.08 € + 0.15 €/kWh
2026-10-10T16:02:24Z,STR-E-E0DZ-A,0.21 €/kWh
2026-10-10T16:02:24Z,STR-E-E0DZ-B,0.21 €/kWh
2026-10-10T16:02:24Z,STR-E-ELFQ-A,0.21 €/kWh + 0.23 €
2026-10-10T16:02:24Z,STR-E-ELFQ-B,0.21 €/kWh + 0.23 €
2026-10-10T16:02:24Z,STR-E-F2G0-A,0.08 € + 0.15 €/kWh
2026-10-10T16:02:24Z,STR-E-F2G0-B,0.08 € + 0.15 €/kWh
2026-10-10T16:02:24Z,STR-E-F79A-A,0.21 €/kWh + 0.23 €
2026-10-10T16:02:24Z,STR-E-F79A-B,0.21 €/kWh + 0.23 €
2026-10-10T16:02:24Z,STR-E-FUE8-A,0.08 € + 0.15 €/kWh
2026-10-10T16:02:24Z,STR-E-FUE8-B,0.08 € + 0.15 €/kWh
2026-10-10T16:02:24Z,STR-E-GE77-A,0.3 €/kWh
2026-10-10T16:02:24Z,STR-E-GE77-B,0.3 €/kWh
2026-10-10T16:02:24Z,STR-E-IGH5-A,0.21 €/kWh + 0.23 €
2026-10-10T16:02:24Z,STR-E-IGH5-B,0.21 €/kWh + 0.23 €
2026-10-10T16:02:24Z,STR-E-IIKL-A,0.08 € + 0.15 €/kWh
2026-10-10T16:02:24Z,STR-E-IIKL-B,0.08 € + 0.15 €/kWh
2026-10-10T16:02:24Z,STR-E-JG90-A,0.12 €/kWh + 0.3 €
2026-10-10T16:02:24Z,STR-E-JG90-B,0.12 €/kWh + 0.3 €
2026-10-10T16:02:24Z,STR-E-K73C-A,0.21 €/kWh + 0.23 €
2026-10-10T16:02:24Z,STR-E-K73C-B,0.21 €/kWh + 0.23 €
2026-10-10T16:02:24Z,STR-E-KUKS-A,0.08 € + 0.15 €/kWh
2026-10-10T16:02:24Z,STR-E-KUKS-B,0.08 € + 0.15 €/kWh
2026-10-10T16:02:24Z,STR-E-LREY-A,0.33 €/kWh
2026-10-10T16:02:24Z,STR-E-MIP3-A,0.2 €/kWh
2026-10-10T16:02:24Z,STR-E-MIP3-B,0.2 €/kWh
2026-10-10T16:02:24Z,STR-E-NCKT-A,0.08 € + 0.15 €/kWh
2026-10-10T16:02:24Z,STR-E-NCKT-B,0.08 € + 0.15 €/kWh
2026-10-10T16:02:24Z,STR-E-NY0Q-A,0.15 € + 0.21 €/kWh
2026-10-10T16:02:24Z,STR-E-O5YW-A,0.08 € + 0.15 €/kWh
2026-10-10T16:02:24Z,STR-E-O5YW-B,0.08 € + 0.15 €/kWh
2026-10-10T16:02:24Z,STR-E-ODBK-A,0.3 €/kWh
2026-10-10T16:02:24Z,STR-E-ODBK-B,0.3 €/kWh
2026-10-10T16:02:24Z,STR-E-OJ3E-A,0.21 €/kWh + 0.23 €
2026-10-10T16:02:24Z,STR-E-OJ3E-B,0.21 €/kWh + 0.23 €
2026-10-10T16:02:24Z,STR-E-P7AF-A,0.08 € + 0.15 €/kWh
2026-10-10T16:02:24Z,STR-E-P7AF-B,0.08 € + 0.15 €/kWh
2026-10-10T16:02:24Z,STR-E-PJCQ-A,0.08 € + 0.15 €/kWh
2026-10-10T16:02:24Z,STR-E-PJCQ-B,0.08 € + 0.15 €/kWh
2026-10-10T16:02:24Z,STR-E-PM3P-A,0.21 €/kWh + 0.23 €
2026-10-10T16:02:24Z,STR-E-PM3P-B,0.21 €/kWh + 0.23 €
2026-10-10T16:02:24Z,STR-E-Q5YF-A,0.21 €/kWh + 0.23 €
2026-10-10T16:02:24Z,STR-E-Q5YF-B,0.21 €/kWh + 0.23 €
2026-10-10T16:02:24Z,STR-E-Q7LB-A,0.21 €/kWh + 0.23 €
2026-10-10T16:02:24Z,STR-E-Q7LB-B,0.21 €/kWh + 0.23 €
2026-10-10T16:02:24Z,STR-E-QAXH-A,0.15 € + 0.21 €/kWh
2026-10-10T16:02:24Z,STR-E-QE1X-A,0.08 € + 0.15 €/kWh
2026-10-10T16:02:24Z,STR-E-QE1X-B,0.08 € + 0.15 €/kWh
2026-10-10T16:02:24Z,STR-E-QLC9-A,0.2 €/kWh
2026-10-10T16:02:24Z,STR-E-QLC9-B,0.2 €/kWh
2026-10-10T16:02:24Z,STR-E-R1MT-A,0.21 €/kWh + 0.23 €
2026-10-10T16:02:24Z,STR-E-R1MT-B,0.21 €/kWh + 0.23 €
2026-10-10T16:02:24Z,STR-E-R1PI-A,0.21 €/kWh + 0.23 €
2026-10-10T16:02:24Z,STR-E-R1PI-B,0.21 €/kWh + 0.23 €
2026-10-10T16:02:24Z,STR-E-R2LK-A,0.21 €/kWh + 0.23 €
2026-10-10T16:02:24Z,STR-E-R2LK-B,0.21 €/kWh + 0.23 €
2026-10-10T16:02:24Z,STR-E-S7YR-A,0.21 €/kWh + 0.23 €
2026-10-10T16:02:24Z,STR-E-S7YR-B,0.21 €/kWh + 0.23 €
2026-10-10T16:02:24Z,STR-E-SQX8-A,0.08 € + 0.15 €/kWh
2026-10-10T16:02:24Z,STR-E-SQX8-B,0.08 € + 0.15 €/kWh
2026-10-10T16:02:24Z,STR-E-SVR3-A,0.21 €/kWh + 0.23 €
2026-10-10T16:02:24Z,STR-E-SVR3-B,0.21 €/kWh + 0.23 €
2026-10-10T16:02:24Z,STR-E-TX67-A,0.23 €/kWh
2026-10-10T16:02:24Z,STR-E-TX67-B,0.23 €/kWh
2026-10-10T16:02:24Z,STR-E-UKPS-A,0.15 € + 0.21 €/kWh
2026-10-10T16:02:24Z,STR-E-UPAQ-A,0.2 €/kWh
2026-10-10T16:02:24Z,STR-E-UPAQ-B,0.2 €/kWh
2026-10-10T16:02:24Z,STR-E-UPOS-A,0.08 € + 0.15 €/kWh
2026-10-10T16:02:24Z,STR-E-UPOS-B,0.08 € + 0.15 €/kWh
2026-10-10T16:02:24Z,STR-E-VSDJ-A,0.23 €/kWh
2026-10-10T16:02:24Z,STR-E-VSDJ-B,0.23 €/kWh
2026-10-10T16:02:24Z,STR-E-WEE3-A,0.21 €/kWh + 0.23 €
2026-10-10T16:02:24Z,STR-E-WEE3-B,0.21 €/kWh + 0.23 €
2026-10-10T16:02:24Z,STR-E-WTQ5-A,0.21 €/kWh
2026-10-10T16:02:24Z,STR-E-WYFE-A,0.21 €/kWh
2026-10-10T16:02:24Z,STR-E-WYFE-B,0.21 €/kWh
2026-10-10T16:02:24Z,STR-E-WYYC-A,0.21 €/kWh + 0.23 €
2026-10-10T16:02:24Z,STR-E-WYYC-B,0.21 €/kWh + 0.23 €
2026-10-10T16:02:24Z,STR-E-XCMJ-A,0.08 € + 0.15 €/kWh
2026-10-10T16:02:24Z,STR-E-XCMJ-B,0.08 € + 0.15 €/kWh
2026-10-10T16:02:24Z,STR-E-XG69-A,0.08 € + 0.15 €/kWh
2026-10-10T16:02:24Z,STR-E-XG69-B,0.08 € + 0.15 €/kWh
2026-10-10T16:02:24Z,STR-E-XKW2-A,0.21 €/kWh + 0.23 €
2026-10-10T16:02:24Z,STR-E-XKW2-B,0.21 €/kWh + 0.23 €
2026-10-10T16:02:24Z,STR-E-Z2PJ-A,0.08 € + 0.15 €/kWh
2026-10-10T16:02:24Z,STR-E-Z2PJ-B,0.08 € + 0.15 €/kWh
2026-10-10T16:02:24Z,STR-E-ZS00-A,0.21 €/kWh + 0.23 €
2026-10-10T16:02:24Z,STR-E-ZS00-B,0.21 €/kWh + 0.23 €
2026-10-10T16:02:24Z,STR-E-ZWU5-A,0.08 € + 0.15 €/kWh
2026-10-10T16:02:24Z,STR-E-ZWU5-B,0.08 € + 0.15 €/kWh
2026-10-10T16:16:25Z,IKR-E-1220-A,0.3 € + 0.24 €/kWh
2026-10-10T16:16:25Z,IKR-E-1871-A,0.3 € + 0.24 €/kWh
2026-10-10T16:16:25Z,IKR-E-2G8J-A,0.3 € + 0.24 €/kWh
2026-10-10T16:16:25Z,IKR-E-3TSR-A,0.3 € + 0.24 €/kWh
2026-10-10T16:16:25Z,IKR-E-5715-A,0.3 € + 0.24 €/kWh
2026-10-10T16:16:25Z,IKR-E-5730-A,0.3 € + 0.3 €/kWh
2026-10-10T16:16:25Z,IKR-E-5CGU-A,0.3 € + 0.24 €/kWh
2026-10-10T16:16:25Z,IKR-E-7718-A,0.3 € + 0.3 €/kWh
2026-10-10T16:16:25Z,IKR-E-DVCM-A,0.3 € + 0.24 €/kWh
2026-10-10T16:16:25Z,IKR-E-GAY9-A,0.3 € + 0.24 €/kWh
2026-10-10T16:16:25Z,IKR-E-IZW2-A,0.3 € + 0.24 €/kWh
2026-10-10T16:16:25Z,IKR-E-JJAJ-A,0.3 € + 0.24 €/kWh
2026-10-10T16:16:25Z,IKR-E-KMBH-A,0.3 € + 0.24 €/kWh
2026-10-10T16:16:25Z,IKR-E-LJZI-A,0.3 € + 0.24 €/kWh
2026-10-10T16:16:25Z,IKR-E-XIH2-A,0.3 € + 0.24 €/kWh
2026-10-10T16:16:25Z,IKR-P-IV7E-B,0.3 € + 0.24 €/kWh
2026-10-10T16:16:25Z,STR-E-027B-A,0.2 €/kWh + 0.23 €
2026-10-10T16:16:25Z,STR-E-027B-B,0.2 €/kWh + 0.23 €
2026-10-10T16:16:25Z,STR-E-04YS-A,0 € + 0.19 €/kWh
2026-10-10T16:16:25Z,STR-E-0698-A,0.1 €/kWh
2026-10-10T16:16:25Z,STR-E-0GEL-A,0.1 €/kWh
2026-10-10T16:16:25Z,STR-E-1162-A,0.1 €/kWh
2026-10-10T16:16:25Z,STR-E-11DT-A,0.1 €/kWh
2026-10-10T16:16:25Z,STR-E-1887-A,0.1 €/kWh
2026-10-10T16:16:25Z,STR-E-1927-A,0.1 €/kWh
2026-10-10T16:16:25Z,STR-E-1MHB-A,0.32 €/kWh
2026-10-10T16:16:25Z,STR-E-1MJQ-A,0.1 €/kWh
2026-10-10T16:16:25Z,STR-E-1X30-A,0 € + 0.19 €/kWh
2026-10-10T16:16:25Z,STR-E-21O1-A,0.2 €/kWh
2026-10-10T16:16:25Z,STR-E-21O1-B,0.2 €/kWh
2026-10-10T16:16:25Z,STR-E-2446-A,0 € + 0.19 €/kWh
2026-10-10T16:16:25Z,STR-E-2D12-A,0.1 €/kWh
2026-10-10T16:16:25Z,STR-E-2ED4-A,0.1 €/kWh
2026-10-10T16:16:25Z,STR-E-2K1Q-A,0 € + 0.19 €/kWh
2026-10-10T16:16:25Z,STR-E-2XDJ-A,0 € + 0.19 €/kWh
2026-10-10T16:16:25Z,STR-E-320G-A,0.1 €/kWh
2026-10-10T16:16:25Z,STR-E-3468-A,0.2 €/kWh
2026-10-10T16:16:25Z,STR-E-3468-B,0.2 €/kWh
2026-10-10T16:16:25Z,STR-E-3ENA-A,0.2 €/kWh
2026-10-10T16:16:25Z,STR-E-3ENA-B,0.2 €/kWh
2026-10-10T16:16:25Z,STR-E-3ENA-C,0.2 €/kWh
2026-10-10T16:16:25Z,STR-E-3FMF-A,0.2 €/kWh + 0.23 €
2026-10-10T16:16:25Z,STR-E-3FMF-B,0.2 €/kWh + 0.23 €
2026-10-10T16:16:25Z,STR-E-3PZS-A,0.1 €/kWh
2026-10-10T16:16:25Z,STR-E-3SXI-A,0.2 €/kWh
2026-10-10T16:16:25Z,STR-E-3SXI-B,0.2 €/kWh
2026-10-10T16:16:25Z,STR-E-3TZI-A,0.1 €/kWh
2026-10-10T16:16:25Z,STR-E-3WE5-A,0 € + 0.19 €/kWh
2026-10-10T16:16:25Z,STR-E-4156-A,0.26 €/kWh
2026-10-10T16:16:25Z,STR-E-4156-B,0.26 €/kWh
2026-10-10T16:16:25Z,STR-E-4LRS-A,0.1 €/kWh
2026-10-10T16:16:25Z,STR-E-4UGU-A,0.1 €/kWh
2026-10-10T16:16:25Z,STR-E-4YKC-A,0 € + 0.19 €/kWh
2026-10-10T16:16:25Z,STR-E-527U-A,0 € + 0.19 €/kWh
2026-10-10T16:16:25Z,STR-E-55I4-A,0 € + 0.19 €/kWh
2026-10-10T16:16:25Z,STR-E-566J-A,0 € + 0.19 €/kWh
2026-10-10T16:16:25Z,STR-E-5DWB-A,0.1 €/kWh
2026-10-10T16:16:25Z,STR-E-5TI5-A,0.1 €/kWh
2026-10-10T16:16:25Z,STR-E-69PN-A,0.1 €/kWh
2026-10-10T16:16:25Z,STR-E-6CNG-A,0.1 €/kWh
2026-10-10T16:16:25Z,STR-E-6E7W-A,0 € + 0.19 €/kWh
2026-10-10T16:16:25Z,STR-E-6SQH-A,0.1 €/kWh
2026-10-10T16:16:25Z,STR-E-6UZQ-A,0.2 €/kWh
2026-10-10T16:16:25Z,STR-E-6UZQ-B,0.2 €/kWh
2026-10-10T16:16:25Z,STR-E-6ZTQ-A,0 € + 0.19 €/kWh
2026-10-10T16:16:25Z,STR-E-7438-A,0 € + 0.19 €/kWh
2026-10-10T16:16:25Z,STR-E-7YBN-A,0 € + 0.19 €/kWh
2026-10-10T16:16:25Z,STR-E-86C0-A,0.1 €/kWh
2026-10-10T16:16:25Z,STR-E-88SA-A,0.1 €/kWh
2026-10-10T16:16:25Z,STR-E-8A02-A,0 € + 0.19 €/kWh
2026-10-10T16:16:25Z,STR-E-8M2O-A,0.1 €/kWh
2026-10-10T16:16:25Z,STR-E-8Q9F-A,0 € + 0.19 €/kWh
2026-10-10T16:16:25Z,STR-E-8XL5-A,0.1 €/kWh
2026-10-10T16:16:25Z,STR-E-8Y23-A,0.1 €/kWh
2026-10-10T16:16:25Z,STR-E-92KW-A,0.2 €/kWh + 0.23 €
2026-10-10T16:16:25Z,STR-E-9AH3-A,0 € + 0.19 €/kWh
2026-10-10T16:16:25Z,STR-E-9I2R-A,0.1 €/kWh
2026-10-10T16:16:25Z,STR-E-9TUZ-A,0.1 €/kWh
2026-10-10T16:16:25Z,STR-E-9WY2-A,0.1 €/kWh
2026-10-10T16:16:25Z,STR-E-A169-A,0 € + 0.19 €/kWh
2026-10-10T16:16:25Z,STR-E-A442-A,0.1 €/kWh
2026-10-10T16:16:25Z,STR-E-AABG-A,0.1 €/kWh
2026-10-10T16:16:25Z,STR-E-ACMT-A,0.1 €/kWh
2026-10-10T16:16:25Z,STR-E-ADXE-A,0 € + 0.19 €/kWh
2026-10-10T16:16:25Z,STR-E-AMQK-A,0 € + 0.19 €/kWh
2026-10-10T16:16:25Z,STR-E-ANJ0-A,0.2 €/kWh + 0.23 €
2026-10-10T16:16:25Z,STR-E-ANJ0-B,0.2 €/kWh + 0.23 €
2026-10-10T16:16:25Z,STR-E-AP96-A,0.2 €/kWh + 0.23 €
2026-10-10T16:16:25Z,STR-E-AP96-B,0.2 €/kWh + 0.23 €
2026-10-10T16:16:25Z,STR-E-AUQ2-A,0 € + 0.19 €/kWh
2026-10-10T16:16:25Z,STR-E-B36V-A,0.19 € + 0.27 €/kWh
2026-10-10T16:16:25Z,STR-E-B36V-B,0.19 € + 0.27 €/kWh
2026-10-10T16:16:25Z,STR-E-BIKW-A,0.2 €/kWh + 0.23 €
2026-10-10T16:16:25Z,STR-E-BIKW-B,0.2 €/kWh + 0.23 €
2026-10-10T16:16:25Z,STR-E-BXA5-A,0.1 €/kWh
2026-10-10T16:16:25Z,STR-E-C91L-A,0.1 €/kWh
2026-10-10T16:16:25Z,STR-E-C99Z-A,0 € + 0.19 €/kWh
2026-10-10T16:16:25Z,STR-E-D3MB-A,0.2 €/kWh + 0.23 €
2026-10-10T16:16:25Z,STR-E-D3MB-B,0.2 €/kWh + 0.23 €
2026-10-10T16:16:25Z,STR-E-DHEJ-A,0 € + 0.19 €/kWh
2026-10-10T16:16:25Z,STR-E-E0DZ-A,0.2 €/kWh
2026-10-10T16:16:25Z,STR-E-E0DZ-B,0.2 €/kWh
2026-10-10T16:16:25Z,STR-E-E7HH-A,0.1 €/kWh
2026-10-10T16:16:25Z,STR-E-ECI7-A,0 € + 0.19 €/kWh
2026-10-10T16:16:25Z,STR-E-EFXK-A,0 € + 0.19 €/kWh
2026-10-10T16:16:25Z,STR-E-ELFQ-A,0.2 €/kWh + 0.23 €
2026-10-10T16:16:25Z,STR-E-ELFQ-B,0.2 €/kWh + 0.23 €
2026-10-10T16:16:25Z,STR-E-EPQY-A,0 € + 0.19 €/kWh
2026-10-10T16:16:25Z,STR-E-ER2N-A,0 € + 0.19 €/kWh
2026-10-10T16:16:25Z,STR-E-ES3O-A,0 € + 0.19 €/kWh
2026-10-10T16:16:25Z,STR-E-EU1U-A,0.1 €/kWh
2026-10-10T16:16:25Z,STR-E-F4B3-A,0.1 €/kWh
2026-10-10T16:16:25Z,STR-E-F5LZ-A,0.1 €/kWh
2026-10-10T16:16:25Z,STR-E-F79A-A,0.2 €/kWh + 0.23 €
2026-10-10T16:16:25Z,STR-E-F79A-B,0.2 €/kWh + 0.23 €
2026-10-10T16:16:25Z,STR-E-FGMF-A,0.1 €/kWh
2026-10-10T16:16:25Z,STR-E-FK06-A,0.1 €/kWh
2026-10-10T16:16:25Z,STR-E-FKUY-A,0 € + 0.19 €/kWh
2026-10-10T16:16:25Z,STR-E-G4VM-A,0.1 €/kWh
2026-10-10T16:16:25Z,STR-E-G518-A,0.1 €/kWh
2026-10-10T16:16:25Z,STR-E-GB9A-A,0.1 €/kWh
2026-10-10T16:16:25Z,STR-E-GFB3-A,0 € + 0.19 €/kWh
2026-10-10T16:16:25Z,STR-E-GGV8-A,0.1 €/kWh
2026-10-10T16:16:25Z,STR-E-GHJA-A,0.1 €/kWh
2026-10-10T16:16:25Z,STR-E-GK0C-A,0 € + 0.19 €/kWh
2026-10-10T16:16:25Z,STR-E-GR5K-A,0.1 €/kWh
2026-10-10T16:16:25Z,STR-E-H6Q5-A,0.1 €/kWh
2026-10-10T16:16:25Z,STR-E-HHXV-A,0 € + 0.19 €/kWh
2026-10-10T16:16:25Z,STR-E-I1KE-A,0 € + 0.19 €/kWh
2026-10-10T16:16:25Z,STR-E-I4UZ-A,0.1 €/kWh
2026-10-10T16:16:25Z,STR-E-I5FH-A,0.1 €/kWh
2026-10-10T16:16:25Z,STR-E-I8C6-A,0.1 €/kWh
2026-10-10T16:16:25Z,STR-E-IA3X-A,0.1 €/kWh
2026-10-10T16:16:25Z,STR-E-IAO5-A,0 € + 0.19 €/kWh
2026-10-10T16:16:25Z,STR-E-IGH5-A,0.2 €/kWh + 0.23 €
2026-10-10T16:16:25Z,STR-E-IGH5-B,0.2 €/kWh + 0.23 €
2026-10-10T16:16:25Z,STR-E-IPEC-A,0 € + 0.19 €/kWh
2026-10-10T16:16:25Z,STR-E-IV6T-A,0 € + 0.19 €/kWh
2026-10-10T16:16:25Z,STR-E-J54N-A,0 € + 0.19 €/kWh
2026-10-10T16:16:25Z,STR-E-J6DA-A,0 € + 0.19 €/kWh
2026-10-10T16:16:25Z,STR-E-J8VF-A,0 € + 0.19 €/kWh
2026-10-10T16:16:25Z,STR-E-JG90-A,0.11 €/kWh + 0.3 €
2026-10-10T16:16:25Z,STR-E-JG90-B,0.11 €/kWh + 0.3 €
2026-10-10T16:16:25Z,STR-E-JMOR-A,0 € + 0.19 €/kWh
2026-10-10T16:16:25Z,STR-E-JVO0-A,0.1 €/kWh
2026-10-10T16:16:25Z,STR-E-K217-A,0 € + 0.19 €/kWh
2026-10-10T16:16:25Z,STR-E-K73C-A,0.2 €/kWh + 0.23 €
2026-10-10T16:16:25Z,STR-E-K73C-B,0.2 €/kWh + 0.23 €
2026-10-10T16:16:25Z,STR-E-KBZL-A,0.1 €/kWh
2026-10-10T16:16:25Z,STR-E-KOHN-A,0 € + 0.19 €/kWh
2026-10-10T16:16:25Z,STR-E-KT5B-A,0 € + 0.19 €/kWh
2026-10-10T16:16:25Z,STR-E-L84D-A,0.1 €/kWh
2026-10-10T16:16:25Z,STR-E-LISV-A,0.1 €/kWh
2026-10-10T16:16:25Z,STR-E-LKFQ-A,0.1 €/kWh
2026-10-10T16:16:25Z,STR-E-LREY-A,0.32 €/kWh
2026-10-10T16:16:25Z,STR-E-M1IB-A,0.1 €/kWh
2026-10-10T16:16:25Z,STR-E-M8WL-A,0.1 €/kWh
2026-10-10T16:16:25Z,STR-E-M9W7-A,0.1 €/kWh
2026-10-10T16:16:25Z,STR-E-MSEN-A,0.1 €/kWh
2026-10-10T16:16:25Z,STR-E-MSUL-A,0.1 €/kWh
2026-10-10T16:16:25Z,STR-E-N6P5-A,0.1 €/kWh
2026-10-10T16:16:25Z,STR-E-NDU2-A,0 € + 0.19 €/kWh
2026-10-10T16:16:25Z,STR-E-NDZ4-A,0 € + 0.19 €/kWh
2026-10-10T16:16:25Z,STR-E-NFV5-A,0 € + 0.19 €/kWh
2026-10-10T16:16:25Z,STR-E-NNGC-A,0.1 €/kWh
2026-10-10T16:16:25Z,STR-E-NSGB-A,0 € + 0.19 €/kWh
2026-10-10T16:16:25Z,STR-E-NY0Q-A,0.15 € + 0.2 €/kWh
2026-10-10T16:16:25Z,STR-E-O0VK-A,0.1 €/kWh
2026-10-10T16:16:25Z,STR-E-O5JX-A,0 € + 0.19 €/kWh
2026-10-10T16:16:25Z,STR-E-OFWF-A,0 € + 0.19 €/kWh
2026-10-10T16:16:25Z,STR-E-OG1X-A,0.1 €/kWh
2026-10-10T16:16:25Z,STR-E-OHH6-A,0 € + 0.19 €/kWh
2026-10-10T16:16:25Z,STR-E-OJ3E-A,0.2 €/kWh + 0.23 €
2026-10-10T16:16:25Z,STR-E-OJ3E-B,0.2 €/kWh + 0.23 €
2026-10-10T16:16:25Z,STR-E-OQKZ-A,0.1 €/kWh
2026-10-10T16:16:25Z,STR-E-P46N-A,0 € + 0.19 €/kWh
2026-10-10T16:16:25Z,STR-E-PC04-A,0.1 €/kWh
2026-10-10T16:16:25Z,STR-E-PDR2-A,0.1 €/kWh
2026-10-10T16:16:25Z,STR-E-PM3P-A,0.2 €/kWh + 0.23 €
2026-10-10T16:16:25Z,STR-E-PM3P-B,0.2 €/kWh + 0.23 €
2026-10-10T16:16:25Z,STR-E-PRUQ-A,0.1 €/kWh
2026-10-10T16:16:25Z,STR-E-PSU9-A,0.1 €/kWh
2026-10-10T16:16:25Z,STR-E-PZ9U-A,0.1 €/kWh
2026-10-10T16:16:25Z,STR-E-PZES-A,0.1 €/kWh
2026-10-10T16:16:25Z,STR-E-Q5YF-A,0.2 €/kWh + 0.23 €
2026-10-10T16:16:25Z,STR-E-Q5YF-B,0.2 €/kWh + 0.23 €
2026-10-10T16:16:25Z,STR-E-Q7LB-A,0.2 €/kWh + 0.23 €
2026-10-10T16:16:25Z,STR-E-Q7LB-B,0.2 €/kWh + 0.23 €
2026-10-10T16:16:25Z,STR-E-QAXH-A,0.15 € + 0.2 €/kWh
2026-10-10T16:16:25Z,STR-E-QEDL-A,0.1 €/kWh
2026-10-10T16:16:25Z,STR-E-QIQM-A,0.1 €/kWh
2026-10-10T16:16:25Z,STR-E-R0J8-A,0.1 €/kWh
2026-10-10T16:16:25Z,STR-E-R1MT-A,0.2 €/kWh + 0.23 €
2026-10-10T16:16:25Z,STR-E-R1MT-B,0.2 €/kWh + 0.23 €
2026-10-10T16:16:25Z,STR-E-R1PI-A,0.2 €/kWh + 0.23 €
2026-10-10T16:16:25Z,STR-E-R1PI-B,0.2 €/kWh + 0.23 €
2026-10-10T16:16:25Z,STR-E-R2LK-A,0.2 €/kWh + 0.23 €
2026-10-10T16:16:25Z,STR-E-R2LK-B,0.2 €/kWh + 0.23 €
2026-10-10T16:16:25Z,STR-E-R8PQ-A,0 € + 0.19 €/kWh
2026-10-10T16:16:25Z,STR-E-R9GA-A,0.1 €/kWh
2026-10-10T16:16:25Z,STR-E-RJH9-A,0.1 €/kWh
2026-10-10T16:16:25Z,STR-E-RKWJ-A,0.1 €/kWh
2026-10-10T16:16:25Z,STR-E-S42D-A,0.1 €/kWh
2026-10-10T16:16:25Z,STR-E-S6VR-A,0 € + 0.19 €/kWh
2026-10-10T16:16:25Z,STR-E-S7YR-A,0.2 €/kWh + 0.23 €
2026-10-10T16:16:25Z,STR-E-S7YR-B,0.2 €/kWh + 0.23 €
2026-10-10T16:16:25Z,STR-E-SGC2-A,0 € + 0.19 €/kWh
2026-10-10T16:16:25Z,STR-E-SJKA-A,0.1 €/kWh
2026-10-10T16:16:25Z,STR-E-SVR3-A,0.2 €/kWh + 0.23 €
2026-10-10T16:16:25Z,STR-E-SVR3-B,0.2 €/kWh + 0.23 €
2026-10-10T16:16:25Z,STR-E-SY9Y-A,0.1 €/kWh
2026-10-10T16:16:25Z,STR-E-TO2O-A,0.1 €/kWh
2026-10-10T16:16:25Z,STR-E-U41O-A,0 € + 0.19 €/kWh
2026-10-10T16:16:25Z,STR-E-U5TP-A,0.1 €/kWh
2026-10-10T16:16:25Z,STR-E-UKPS-A,0.15 € + 0.2 €/kWh
2026-10-10T16:16:25Z,STR-E-UY5H-A,0.1 €/kWh
2026-10-10T16:16:25Z,STR-E-V17G-A,0.1 €/kWh
2026-10-10T16:16:25Z,STR-E-V31J-A,0.1 €/kWh
2026-10-10T16:16:25Z,STR-E-V50T-A,0.1 €/kWh
2026-10-10T16:16:25Z,STR-E-V9SD-A,0.1 €/kWh
2026-10-10T16:16:25Z,STR-E-V9ZR-A,0.1 €/kWh
2026-10-10T16:16:25Z,STR-E-VBMP-A,0.1 €/kWh
2026-10-10T16:16:25Z,STR-E-VJBJ-A,0 € + 0.19 €/kWh
2026-10-10T16:16:25Z,STR-E-VPDB-A,0.1 €/kWh
2026-10-10T16:16:25Z,STR-E-VQ06-A,0 € + 0.19 €/kWh
2026-10-10T16:16:25Z,STR-E-VT0G-A,0.1 €/kWh
2026-10-10T16:16:25Z,STR-E-VX2O-A,0 € + 0.19 €/kWh
2026-10-10T16:16:25Z,STR-E-VXGH-A,0.1 €/kWh
2026-10-10T16:16:25Z,STR-E-W1X4-A,0.1 €/kWh
2026-10-10T16:16:25Z,STR-E-WEE3-A,0.2 €/kWh + 0.23 €
2026-10-10T16:16:25Z,STR-E-WEE3-B,0.2 €/kWh + 0.23 €
2026-10-10T16:16:25Z,STR-E-WHZ1-A,0 € + 0.19 €/kWh
2026-10-10T16:16:25Z,STR-E-WLGM-A,0 € + 0.19 €/kWh
2026-10-10T16:16:25Z,STR-E-WTQ5-A,0.2 €/kWh
2026-10-10T16:16:25Z,STR-E-WXV8-A,0.1 €/kWh
2026-10-10T16:16:25Z,STR-E-WYFE-A,0.2 €/kWh
2026-10-10T16:16:25Z,STR-E-WYFE-B,0.2 €/kWh
2026-10-10T16:16:25Z,STR-E-WYYC-A,0.2 €/kWh + 0.23 €
2026-10-10T16:16:25Z,STR-E-WYYC-B,0.2 €/kWh + 0.23 €
2026-10-10T16:16:25Z,STR-E-WZW9-A,0.1 €/kWh
2026-10-10T16:16:25Z,STR-E-X525-A,0.1 €/kWh
2026-10-10T16:16:25Z,STR-E-X54O-A,0 € + 0.19 €/kWh
2026-10-10T16:16:25Z,STR-E-XFON-A,0.1 €/kWh
2026-10-10T16:16:25Z,STR-E-XH51-A,0 € + 0.19 €/kWh
2026-10-10T16:16:25Z,STR-E-XKW2-A,0.2 €/kWh + 0.23 €
2026-10-10T16:16:25Z,STR-E-XKW2-B,0.2 €/kWh + 0.23 €
2026-10-10T16:16:25Z,STR-E-XRV8-A,0 € + 0.19 €/kWh
2026-10-10T16:16:25Z,STR-E-Y7JK-A,0 € + 0.19 €/kWh
2026-10-10T16:16:25Z,STR-E-Y82E-A,0 € + 0.19 €/kWh
2026-10-10T16:16:25Z,STR-E-YC50-A,0.1 €/kWh
2026-10-10T16:16:25Z,STR-E-ZA6O-A,0.1 €/kWh
2026-10-10T16:16:25Z,STR-E-ZEP7-A,0 € + 0.19 €/kWh
2026-10-10T16:16:25Z,STR-E-ZIAZ-A,0 € + 0.19 €/kWh
2026-10-10T16:16:25Z,STR-E-ZK9W-A,0 € + 0.19 €/kWh
2026-10-10T16:16:25Z,STR-E-ZS00-A,0.2 €/kWh + 0.23 €
2026-10-10T16:16:25Z,STR-E-ZS00-B,0.2 €/kWh + 0.23 €
2026-10-10T16:32:23Z,STR-E-02VO-A,0.22 €/kWh
2026-10-10T16:32:23Z,STR-E-02VO-B,0.22 €/kWh
2026-10-10T16:32:23Z,STR-E-051F-A,0.08 € + 0.14 €/kWh
2026-10-10T16:32:23Z,STR-E-10G9-A,0.08 € + 0.14 €/kWh
2026-10-10T16:32:23Z,STR-E-10G9-B,0.08 € + 0.14 €/kWh
2026-10-10T16:32:23Z,STR-E-1ME5-A,0.08 € + 0.14 €/kWh
2026-10-10T16:32:23Z,STR-E-1ME5-B,0.08 € + 0.14 €/kWh
2026-10-10T16:32:23Z,STR-E-3YH3-A,0.08 € + 0.14 €/kWh
2026-10-10T16:32:23Z,STR-E-3YH3-B,0.08 € + 0.14 €/kWh
2026-10-10T16:32:23Z,STR-E-491A-A,0.19 €/kWh
2026-10-10T16:32:23Z,STR-E-491A-B,0.19 €/kWh
2026-10-10T16:32:23Z,STR-E-491A-C,0.19 €/kWh
2026-10-10T16:32:23Z,STR-E-4DE6-A,0.19 €/kWh
2026-10-10T16:32:23Z,STR-E-4DE6-B,0.19 €/kWh
2026-10-10T16:32:23Z,STR-E-54PK-A,0.08 € + 0.14 €/kWh
2026-10-10T16:32:23Z,STR-E-54PK-B,0.08 € + 0.14 €/kWh
2026-10-10T16:32:23Z,STR-E-59TF-A,0.08 € + 0.14 €/kWh
2026-10-10T16:32:23Z,STR-E-7A48-A,0.08 € + 0.14 €/kWh
2026-10-10T16:32:23Z,STR-E-A27N-A,0.22 €/kWh
2026-10-10T16:32:23Z,STR-E-A27N-B,0.22 €/kWh
2026-10-10T16:32:23Z,STR-E-A27N-C,0.22 €/kWh
2026-10-10T16:32:23Z,STR-E-AF2O-A,0.08 € + 0.14 €/kWh
2026-10-10T16:32:23Z,STR-E-AWF1-A,0.08 € + 0.14 €/kWh
2026-10-10T16:32:23Z,STR-E-AWF1-B,0.08 € + 0.14 €/kWh
2026-10-10T16:32:23Z,STR-E-AWJ9-A,0.22 €/kWh
2026-10-10T16:32:23Z,STR-E-AWJ9-B,0.22 €/kWh
2026-10-10T16:32:23Z,STR-E-DBCC-A,0.08 € + 0.14 €/kWh
2026-10-10T16:32:23Z,STR-E-DBCC-B,0.08 € + 0.14 €/kWh
2026-10-10T16:32:23Z,STR-E-F2G0-A,0.08 € + 0.14 €/kWh
2026-10-10T16:32:23Z,STR-E-F2G0-B,0.08 € + 0.14 €/kWh
2026-10-10T16:32:23Z,STR-E-FUE8-A,0.08 € + 0.14 €/kWh
2026-10-10T16:32:23Z,STR-E-FUE8-B,0.08 € + 0.14 €/kWh
2026-10-10T16:32:23Z,STR-E-IIKL-A,0.08 € + 0.14 €/kWh
2026-10-10T16:32:23Z,STR-E-IIKL-B,0.08 € + 0.14 €/kWh
2026-10-10T16:32:23Z,STR-E-KUKS-A,0.08 € + 0.14 €/kWh
2026-10-10T16:32:23Z,STR-E-KUKS-B,0.08 € + 0.14 €/kWh
2026-10-10T16:32:23Z,STR-E-MIP3-A,0.19 €/kWh
2026-10-10T16:32:23Z,STR-E-MIP3-B,0.19 €/kWh
2026-10-10T16:32:23Z,STR-E-NCKT-A,0.08 € + 0.14 €/kWh
2026-10-10T16:32:23Z,STR-E-NCKT-B,0.08 € + 0.14 €/kWh
2026-10-10T16:32:23Z,STR-E-O5YW-A,0.08 € + 0.14 €/kWh
2026-10-10T16:32:23Z,STR-E-O5YW-B,0.08 € + 0.14 €/kWh
2026-10-10T16:32:23Z,STR-E-P7AF-A,0.08 € + 0.14 €/kWh
2026-10-10T16:32:23Z,STR-E-P7AF-B,0.08 € + 0.14 €/kWh
2026-10-10T16:32:23Z,STR-E-PJCQ-A,0.08 € + 0.14 €/kWh
2026-10-10T16:32:23Z,STR-E-PJCQ-B,0.08 € + 0.14 €/kWh
2026-10-10T16:32:23Z,STR-E-QE1X-A,0.08 € + 0.14 €/kWh
2026-10-10T16:32:23Z,STR-E-QE1X-B,0.08 € + 0.14 €/kWh
2026-10-10T16:32:23Z,STR-E-QLC9-A,0.19 €/kWh
2026-10-10T16:32:23Z,STR-E-QLC9-B,0.19 €/kWh
2026-10-10T16:32:23Z,STR-E-SQX8-A,0.08 € + 0.14 €/kWh
2026-10-10T16:32:23Z,STR-E-SQX8-B,0.08 € + 0.14 €/kWh
2026-10-10T16:32:23Z,STR-E-TX67-A,0.22 €/kWh
2026-10-10T16:32:23Z,STR-E-TX67-B,0.22 €/kWh
2026-10-10T16:32:23Z,STR-E-UPAQ-A,0.19 €/kWh
2026-10-10T16:32:23Z,STR-E-UPAQ-B,0.19 €/kWh
2026-10-10T16:32:23Z,STR-E-UPOS-A,0.08 € + 0.14 €/kWh
2026-10-10T16:32:23Z,STR-E-UPOS-B,0.08 € + 0.14 €/kWh
2026-10-10T16:32:23Z,STR-E-VSDJ-A,0.22 €/kWh
2026-10-10T16:32:23Z,STR-E-VSDJ-B,0.22 €/kWh
2026-10-10T16:32:23Z,STR-E-XCMJ-A,0.08 € + 0.14 €/kWh
2026-10-10T16:32:23Z,STR-E-XCMJ-B,0.08 € + 0.14 €/kWh
2026-10-10T16:32:23Z,STR-E-XG69-A,0.08 € + 0.14 €/kWh
2026-10-10T16:32:23Z,STR-E-XG69-B,0.08 € + 0.14 €/kWh
2026-10-10T16:32:23Z,STR-E-Z2PJ-A,0.08 € + 0.14 €/kWh
2026-10-10T16:32:23Z,STR-E-Z2PJ-B,0.08 € + 0.14 €/kWh
2026-10-10T16:32:23Z,STR-E-ZWU5-A,0.08 € + 0.14 €/kWh
2026-10-10T16:32:23Z,STR-E-ZWU5-B,0.08 € + 0.14 €/kWh
2026-10-10T16:46:26Z,STR-E-027B-A,0.19 €/kWh + 0.23 €
2026-10-10T16:46:26Z,STR-E-027B-B,0.19 €/kWh + 0.23 €
2026-10-10T16:46:26Z,STR-E-04YS-A,0 € + 0.18 €/kWh
2026-10-10T16:46:26Z,STR-E-0698-A,0.09 €/kWh
2026-10-10T16:46:26Z,STR-E-0GEL-A,0.09 €/kWh
2026-10-10T16:46:26Z,STR-E-1162-A,0.09 €/kWh
2026-10-10T16:46:26Z,STR-E-11DT-A,0.09 €/kWh
2026-10-10T16:46:26Z,STR-E-1887-A,0.09 €/kWh
2026-10-10T16:46:26Z,STR-E-1927-A,0.09 €/kWh
2026-10-10T16:46:26Z,STR-E-1MHB-A,0.3 €/kWh
2026-10-10T16:46:26Z,STR-E-1MJQ-A,0.09 €/kWh
2026-10-10T16:46:26Z,STR-E-1X30-A,0 € + 0.18 €/kWh
2026-10-10T16:46:26Z,STR-E-21O1-A,0.19 €/kWh
2026-10-10T16:46:26Z,STR-E-21O1-B,0.19 €/kWh
2026-10-10T16:46:26Z,STR-E-2446-A,0 € + 0.18 €/kWh
2026-10-10T16:46:26Z,STR-E-2D12-A,0.09 €/kWh
2026-10-10T16:46:26Z,STR-E-2ED4-A,0.09 €/kWh
2026-10-10T16:46:26Z,STR-E-2K1Q-A,0 € + 0.18 €/kWh
2026-10-10T16:46:26Z,STR-E-2XDJ-A,0 € + 0.18 €/kWh
2026-10-10T16:46:26Z,STR-E-320G-A,0.09 €/kWh
2026-10-10T16:46:26Z,STR-E-3468-A,0.19 €/kWh
2026-10-10T16:46:26Z,STR-E-3468-B,0.19 €/kWh
2026-10-10T16:46:26Z,STR-E-3ENA-A,0.19 €/kWh
2026-10-10T16:46:26Z,STR-E-3ENA-B,0.19 €/kWh
2026-10-10T16:46:26Z,STR-E-3ENA-C,0.19 €/kWh
2026-10-10T16:46:26Z,STR-E-3FMF-A,0.19 €/kWh + 0.23 €
2026-10-10T16:46:26Z,STR-E-3FMF-B,0.19 €/kWh + 0.23 €
2026-10-10T16:46:26Z,STR-E-3PZS-A,0.09 €/kWh
2026-10-10T16:46:26Z,STR-E-3SXI-A,0.19 €/kWh
2026-10-10T16:46:26Z,STR-E-3SXI-B,0.19 €/kWh
2026-10-10T16:46:26Z,STR-E-3TZI-A,0.09 €/kWh
2026-10-10T16:46:26Z,STR-E-3WE5-A,0 € + 0.18 €/kWh
2026-10-10T16:46:26Z,STR-E-4156-A,0.25 €/kWh
2026-10-10T16:46:26Z,STR-E-4156-B,0.25 €/kWh
2026-10-10T16:46:26Z,STR-E-4KWM-A,0.29 €/kWh
2026-10-10T16:46:26Z,STR-E-4KWM-B,0.29 €/kWh
2026-10-10T16:46:26Z,STR-E-4LRS-A,0.09 €/kWh
2026-10-10T16:46:26Z,STR-E-4UGU-A,0.09 €/kWh
2026-10-10T16:46:26Z,STR-E-4YKC-A,0 € + 0.18 €/kWh
2026-10-10T16:46:26Z,STR-E-527U-A,0 € + 0.18 €/kWh
2026-10-10T16:46:26Z,STR-E-55I4-A,0 € + 0.18 €/kWh
2026-10-10T16:46:26Z,STR-E-566J-A,0 € + 0.18 €/kWh
2026-10-10T16:46:26Z,STR-E-5DWB-A,0.09 €/kWh
2026-10-10T16:46:26Z,STR-E-5TI5-A,0.09 €/kWh
2026-10-10T16:46:26Z,STR-E-69PN-A,0.09 €/kWh
2026-10-10T16:46:26Z,STR-E-6CNG-A,0.09 €/kWh
2026-10-10T16:46:26Z,STR-E-6E7W-A,0 € + 0.18 €/kWh
2026-10-10T16:46:26Z,STR-E-6SQH-A,0.09 €/kWh
2026-10-10T16:46:26Z,STR-E-6UZQ-A,0.19 €/kWh
2026-10-10T16:46:26Z,STR-E-6UZQ-B,0.19 €/kWh
2026-10-10T16:46:26Z,STR-E-6ZTQ-A,0 € + 0.18 €/kWh
2026-10-10T16:46:26Z,STR-E-7438-A,0 € + 0.18 €/kWh
2026-10-10T16:46:26Z,STR-E-7YBN-A,0 € + 0.18 €/kWh
2026-10-10T16:46:26Z,STR-E-7Z8G-A,0.29 €/kWh
2026-10-10T16:46:26Z,STR-E-7Z8G-B,0.29 €/kWh
2026-10-10T16:46:26Z,STR-E-86C0-A,0.09 €/kWh
2026-10-10T16:46:26Z,STR-E-88SA-A,0.09 €/kWh
2026-10-10T16:46:26Z,STR-E-8A02-A,0 € + 0.18 €/kWh
2026-10-10T16:46:26Z,STR-E-8M2O-A,0.09 €/kWh
2026-10-10T16:46:26Z,STR-E-8Q9F-A,0 € + 0.18 €/kWh
2026-10-10T16:46:26Z,STR-E-8XL5-A,0.09 €/kWh
2026-10-10T16:46:26Z,STR-E-8Y23-A,0.09 €/kWh
2026-10-10T16:46:26Z,STR-E-92KW-A,0.19 €/kWh + 0.23 €
2026-10-10T16:46:26Z,STR-E-9AH3-A,0 € + 0.18 €/kWh
2026-10-10T16:46:26Z,STR-E-9I2R-A,0.09 €/kWh
2026-10-10T16:46:26Z,STR-E-9TUZ-A,0.09 €/kWh
2026-10-10T16:46:26Z,STR-E-9WY2-A,0.09 €/kWh
2026-10-10T16:46:26Z,STR-E-A169-A,0 € + 0.18 €/kWh
2026-10-10T16:46:26Z,STR-E-A442-A,0.09 €/kWh
2026-10-10T16:46:26Z,STR-E-AABG-A,0.09 €/kWh
2026-10-10T16:46:26Z,STR-E-ACMT-A,0.09 €/kWh
2026-10-10T16:46:26Z,STR-E-ADXE-A,0 € + 0.18 €/kWh
2026-10-10T16:46:26Z,STR-E-AMQK-A,0 € + 0.18 €/kWh
2026-10-10T16:46:26Z,STR-E-ANJ0-A,0.19 €/kWh + 0.23 €
2026-10-10T16:46:26Z,STR-E-ANJ0-B,0.19 €/kWh + 0.23 €
2026-10-10T16:46:26Z,STR-E-AP96-A,0.19 €/kWh + 0.23 €
2026-10-10T16:46:26Z,STR-E-AP96-B,0.19 €/kWh + 0.23 €
2026-10-10T16:46:26Z,STR-E-AUQ2-A,0 € + 0.18 €/kWh
2026-10-10T16:46:26Z,STR-E-B36V-A,0.19 € + 0.26 €/kWh
2026-10-10T16:46:26Z,STR-E-B36V-B,0.19 € + 0.26 €/kWh
2026-10-10T16:46:26Z,STR-E-BIKW-A,0.19 €/kWh + 0.23 €
2026-10-10T16:46:26Z,STR-E-BIKW-B,0.19 €/kWh + 0.23 €
2026-10-10T16:46:26Z,STR-E-BXA5-A,0.09 €/kWh
2026-10-10T16:46:26Z,STR-E-C91L-A,0.09 €/kWh
2026-10-10T16:46:26Z,STR-E-C99Z-A,0 € + 0.18 €/kWh
2026-10-10T16:46:26Z,STR-E-D3MB-A,0.19 €/kWh + 0.23 €
2026-10-10T16:46:26Z,STR-E-D3MB-B,0.19 €/kWh + 0.23 €
2026-10-10T16:46:26Z,STR-E-DHEJ-A,0 € + 0.18 €/kWh
2026-10-10T16:46:26Z,STR-E-E0DZ-A,0.19 €/kWh
2026-10-10T16:46:26Z,STR-E-E0DZ-B,0.19 €/kWh
2026-10-10T16:46:26Z,STR-E-E7HH-A,0.09 €/kWh
2026-10-10T16:46:26Z,STR-E-ECI7-A,0 € + 0.18 €/kWh
2026-10-10T16:46:26Z,STR-E-EFXK-A,0 € + 0.18 €/kWh
2026-10-10T16:46:26Z,STR-E-ELFQ-A,0.19 €/kWh + 0.23 €
2026-10-10T16:46:26Z,STR-E-ELFQ-B,0.19 €/kWh + 0.23 €
2026-10-10T16:46:26Z,STR-E-EPQY-A,0 € + 0.18 €/kWh
2026-10-10T16:46:26Z,STR-E-ER2N-A,0 € + 0.18 €/kWh
2026-10-10T16:46:26Z,STR-E-ES3O-A,0 € + 0.18 €/kWh
2026-10-10T16:46:26Z,STR-E-EU1U-A,0.09 €/kWh
2026-10-10T16:46:26Z,STR-E-F4B3-A,0.09 €/kWh
2026-10-10T16:46:26Z,STR-E-F5LZ-A,0.09 €/kWh
2026-10-10T16:46:26Z,STR-E-F79A-A,0.19 €/kWh + 0.23 €
2026-10-10T16:46:26Z,STR-E-F79A-B,0.19 €/kWh + 0.23 €
2026-10-10T16:46:26Z,STR-E-FGMF-A,0.09 €/kWh
2026-10-10T16:46:26Z,STR-E-FK06-A,0.09 €/kWh
2026-10-10T16:46:26Z,STR-E-FKUY-A,0 € + 0.18 €/kWh
2026-10-10T16:46:26Z,STR-E-G4VM-A,0.09 €/kWh
2026-10-10T16:46:26Z,STR-E-G518-A,0.09 €/kWh
2026-10-10T16:46:26Z,STR-E-GB9A-A,0.09 €/kWh
2026-10-10T16:46:26Z,STR-E-GE77-A,0.29 €/kWh
2026-10-10T16:46:26Z,STR-E-GE77-B,0.29 €/kWh
2026-10-10T16:46:26Z,STR-E-GFB3-A,0 € + 0.18 €/kWh
2026-10-10T16:46:26Z,STR-E-GGV8-A,0.09 €/kWh
2026-10-10T16:46:26Z,STR-E-GHJA-A,0.09 €/kWh
2026-10-10T16:46:26Z,STR-E-GK0C-A,0 € + 0.18 €/kWh
2026-10-10T16:46:26Z,STR-E-GR5K-A,0.09 €/kWh
2026-10-10T16:46:26Z,STR-E-H6Q5-A,0.09 €/kWh
2026-10-10T16:46:26Z,STR-E-HHXV-A,0 € + 0.18 €/kWh
2026-10-10T16:46:26Z,STR-E-I1KE-A,0 € + 0.18 €/kWh
2026-10-10T16:46:26Z,STR-E-I4UZ-A,0.09 €/kWh
2026-10-10T16:46:26Z,STR-E-I5FH-A,0.09 €/kWh
2026-10-10T16:46:26Z,STR-E-I8C6-A,0.09 €/kWh
2026-10-10T16:46:26Z,STR-E-IA3X-A,0.09 €/kWh
2026-10-10T16:46:26Z,STR-E-IAO5-A,0 € + 0.18 €/kWh
2026-10-10T16:46:26Z,STR-E-IGH5-A,0.19 €/kWh + 0.23 €
2026-10-10T16:46:26Z,STR-E-IGH5-B,0.19 €/kWh + 0.23 €
2026-10-10T16:46:26Z,STR-E-IPEC-A,0 € + 0.18 €/kWh
2026-10-10T16:46:26Z,STR-E-IV6T-A,0 € + 0.18 €/kWh
2026-10-10T16:46:26Z,STR-E-J54N-A,0 € + 0.18 €/kWh
2026-10-10T16:46:26Z,STR-E-J6DA-A,0 € + 0.18 €/kWh
2026-10-10T16:46:26Z,STR-E-J8VF-A,0 € + 0.18 €/kWh
2026-10-10T16:46:26Z,STR-E-JG90-A,0.1 €/kWh + 0.3 €
2026-10-10T16:46:26Z,STR-E-JG90-B,0.1 €/kWh + 0.3 €
2026-10-10T16:46:26Z,STR-E-JMOR-A,0 € + 0.18 €/kWh
2026-10-10T16:46:26Z,STR-E-JVO0-A,0.09 €/kWh
2026-10-10T16:46:26Z,STR-E-K217-A,0 € + 0.18 €/kWh
2026-10-10T16:46:26Z,STR-E-K73C-A,0.19 €/kWh + 0.23 €
2026-10-10T16:46:26Z,STR-E-K73C-B,0.19 €/kWh + 0.23 €
2026-10-10T16:46:26Z,STR-E-KBZL-A,0.09 €/kWh
2026-10-10T16:46:26Z,STR-E-KOHN-A,0 € + 0.18 €/kWh
2026-10-10T16:46:26Z,STR-E-KT5B-A,0 € + 0.18 €/kWh
2026-10-10T16:46:26Z,STR-E-L84D-A,0.09 €/kWh
2026-10-10T16:46:26Z,STR-E-LISV-A,0.09 €/kWh
2026-10-10T16:46:26Z,STR-E-LKFQ-A,0.09 €/kWh
2026-10-10T16:46:26Z,STR-E-LREY-A,0.3 €/kWh
2026-10-10T16:46:26Z,STR-E-M1IB-A,0.09 €/kWh
2026-10-10T16:46:26Z,STR-E-M8WL-A,0.09 €/kWh
2026-10-10T16:46:26Z,STR-E-M9W7-A,0.09 €/kWh
2026-10-10T16:46:26Z,STR-E-MSEN-A,0.09 €/kWh
2026-10-10T16:46:26Z,STR-E-MSUL-A,0.09 €/kWh
2026-10-10T16:46:26Z,STR-E-N6P5-A,0.09 €/kWh
2026-10-10T16:46:26Z,STR-E-NDU2-A,0 € + 0.18 €/kWh
2026-10-10T16:46:26Z,STR-E-NDZ4-A,0 € + 0.18 €/kWh
2026-10-10T16:46:26Z,STR-E-NFV5-A,0 € + 0.18 €/kWh
2026-10-10T16:46:26Z,STR-E-NNGC-A,0.09 €/kWh
2026-10-10T16:46:26Z,STR-E-NSGB-A,0 € + 0.18 €/kWh
2026-10-10T16:46:26Z,STR-E-NY0Q-A,0.15 € + 0.19 €/kWh
2026-10-10T16:46:26Z,STR-E-O0VK-A,0.09 €/kWh
2026-10-10T16:46:26Z,STR-E-O5JX-A,0 € + 0.18 €/kWh
2026-10-10T16:46:26Z,STR-E-ODBK-A,0.29 €/kWh
2026-10-10T16:46:26Z,STR-E-ODBK-B,0.29 €/kWh
2026-10-10T16:46:26Z,STR-E-OFWF-A,0 € + 0.18 €/kWh
2026-10-10T16:46:26Z,STR-E-OG1X-A,0.09 €/kWh
2026-10-10T16:46:26Z,STR-E-OHH6-A,0 € + 0.18 €/kWh
2026-10-10T16:46:26Z,STR-E-OJ3E-A,0.19 €/kWh + 0.23 €
2026-10-10T16:46:26Z,STR-E-OJ3E-B,0.19 €/kWh + 0.23 €
2026-10-10T16:46:26Z,STR-E-OQKZ-A,0.09 €/kWh
2026-10-10T16:46:26Z,STR-E-P46N-A,0 € + 0.18 €/kWh
2026-10-10T16:46:26Z,STR-E-PC04-A,0.09 €/kWh
2026-10-10T16:46:26Z,STR-E-PDR2-A,0.09 €/kWh
2026-10-10T16:46:26Z,STR-E-PM3P-A,0.19 €/kWh + 0.23 €
2026-10-10T16:46:26Z,STR-E-PM3P-B,0.19 €/kWh + 0.23 €
2026-10-10T16:46:26Z,STR-E-PRUQ-A,0.09 €/kWh
2026-10-10T16:46:26Z,STR-E-PSU9-A,0.09 €/kWh
2026-10-10T16:46:26Z,STR-E-PZ9U-A,0.09 €/kWh
2026-10-10T16:46:26Z,STR-E-PZES-A,0.09 €/kWh
2026-10-10T16:46:26Z,STR-E-Q5YF-A,0.19 €/kWh + 0.23 €
2026-10-10T16:46:26Z,STR-E-Q5YF-B,0.19 €/kWh + 0.23 €
2026-10-10T16:46:26Z,STR-E-Q7LB-A,0.19 €/kWh + 0.23 €
2026-10-10T16:46:26Z,STR-E-Q7LB-B,0.19 €/kWh + 0.23 €
2026-10-10T16:46:26Z,STR-E-QAXH-A,0.15 € + 0.19 €/kWh
2026-10-10T16:46:26Z,STR-E-QEDL-A,0.09 €/kWh
2026-10-10T16:46:26Z,STR-E-QIQM-A,0.09 €/kWh
2026-10-10T16:46:26Z,STR-E-R0J8-A,0.09 €/kWh
2026-10-10T16:46:26Z,STR-E-R1MT-A,0.19 €/kWh + 0.23 €
2026-10-10T16:46:26Z,STR-E-R1MT-B,0.19 €/kWh + 0.23 €
2026-10-10T16:46:26Z,STR-E-R1PI-A,0.19 €/kWh + 0.23 €
2026-10-10T16:46:26Z,STR-E-R1PI-B,0.19 €/kWh + 0.23 €
2026-10-10T16:46:26Z,STR-E-R2LK-A,0.19 €/kWh + 0.23 €
2026-10-10T16:46:26Z,STR-E-R2LK-B,0.19 €/kWh + 0.23 €
2026-10-10T16:46:26Z,STR-E-R8PQ-A,0 € + 0.18 €/kWh
2026-10-10T16:46:26Z,STR-E-R9GA-A,0.09 €/kWh
2026-10-10T16:46:26Z,STR-E-RJH9-A,0.09 €/kWh
2026-10-10T16:46:26Z,STR-E-RKWJ-A,0.09 €/kWh
2026-10-10T16:46:26Z,STR-E-S42D-A,0.09 €/kWh
2026-10-10T16:46:26Z,STR-E-S6VR-A,0 € + 0.18 €/kWh
2026-10-10T16:46:26Z,STR-E-S7YR-A,0.19 €/kWh + 0.23 €
2026-10-10T16:46:26Z,STR-E-S7YR-B,0.19 €/kWh + 0.23 €
2026-10-10T16:46:26Z,STR-E-SGC2-A,0 € + 0.18 €/kWh
2026-10-10T16:46:26Z,STR-E-SJKA-A,0.09 €/kWh
2026-10-10T16:46:26Z,STR-E-SVR3-A,0.19 €/kWh + 0.23 €
2026-10-10T16:46:26Z,STR-E-SVR3-B,0.19 €/kWh + 0.23 €
2026-10-10T16:46:26Z,STR-E-SY9Y-A,0.09 €/kWh
2026-10-10T16:46:26Z,STR-E-TO2O-A,0.09 €/kWh
2026-10-10T16:46:26Z,STR-E-U41O-A,0 € + 0.18 €/kWh
2026-10-10T16:46:26Z,STR-E-U5TP-A,0.09 €/kWh
2026-10-10T16:46:26Z,STR-E-UKPS-A,0.15 € + 0.19 €/kWh
2026-10-10T16:46:26Z,STR-E-UY5H-A,0.09 €/kWh
2026-10-10T16:46:26Z,STR-E-V17G-A,0.09 €/kWh
2026-10-10T16:46:26Z,STR-E-V31J-A,0.09 €/kWh
2026-10-10T16:46:26Z,STR-E-V50T-A,0.09 €/kWh
2026-10-10T16:46:26Z,STR-E-V9SD-A,0.09 €/kWh
2026-10-10T16:46:26Z,STR-E-V9ZR-A,0.09 €/kWh
2026-10-10T16:46:26Z,STR-E-VBMP-A,0.09 €/kWh
2026-10-10T16:46:26Z,STR-E-VJBJ-A,0 € + 0.18 €/kWh
2026-10-10T16:46:26Z,STR-E-VPDB-A,0.09 €/kWh
2026-10-10T16:46:26Z,STR-E-VQ06-A,0 € + 0.18 €/kWh
2026-10-10T16:46:26Z,STR-E-VT0G-A,0.09 €/kWh
2026-10-10T16:46:26Z,STR-E-VX2O-A,0 € + 0.18 €/kWh
2026-10-10T16:46:26Z,STR-E-VXGH-A,0.09 €/kWh
2026-10-10T16:46:26Z,STR-E-W1X4-A,0.09 €/kWh
2026-10-10T16:46:26Z,STR-E-WEE3-A,0.19 €/kWh + 0.23 €
2026-10-10T16:46:26Z,STR-E-WEE3-B,0.19 €/kWh + 0.23 €
2026-10-10T16:46:26Z,STR-E-WHZ1-A,0 € + 0.18 €/kWh
2026-10-10T16:46:26Z,STR-E-WLGM-A,0 € + 0.18 €/kWh
2026-10-10T16:46:26Z,STR-E-WTQ5-A,0.19 €/kWh
2026-10-10T16:46:26Z,STR-E-WXV8-A,0.09 €/kWh
2026-10-10T16:46:26Z,STR-E-WYFE-A,0.19 €/kWh
2026-10-10T16:46:26Z,STR-E-WYFE-B,0.19 €/kWh
2026-10-10T16:46:26Z,STR-E-WYYC-A,0.19 €/kWh + 0.23 €
2026-10-10T16:46:26Z,STR-E-WYYC-B,0.19 €/kWh + 0.23 €
2026-10-10T16:46:26Z,STR-E-WZW9-A,0.09 €/kWh
2026-10-10T16:46:26Z,STR-E-X525-A,0.09 €/kWh
2026-10-10T16:46:26Z,STR-E-X54O-A,0 € + 0.18 €/kWh
2026-10-10T16:46:26Z,STR-E-XFON-A,0.09 €/kWh
2026-10-10T16:46:26Z,STR-E-XH51-A,0 € + 0.18 €/kWh
2026-10-10T16:46:26Z,STR-E-XKW2-A,0.19 €/kWh + 0.23 €
2026-10-10T16:46:26Z,STR-E-XKW2-B,0.19 €/kWh + 0.23 €
2026-10-10T16:46:26Z,STR-E-XRV8-A,0 € + 0.18 €/kWh
2026-10-10T16:46:26Z,STR-E-Y7JK-A,0 € + 0.18 €/kWh
2026-10-10T16:46:26Z,STR-E-Y82E-A,0 € + 0.18 €/kWh
2026-10-10T16:46:26Z,STR-E-YC50-A,0.09 €/kWh
2026-10-10T16:46:26Z,STR-E-ZA6O-A,0.09 €/kWh
2026-10-10T16:46:26Z,STR-E-ZEP7-A,0 € + 0.18 €/kWh
2026-10-10T16:46:26Z,STR-E-ZIAZ-A,0 € + 0.18 €/kWh
2026-10-10T16:46:26Z,STR-E-ZK9W-A,0 € + 0.18 €/kWh
2026-10-10T16:46:26Z,STR-E-ZS00-A,0.19 €/kWh + 0.23 €
2026-10-10T16:46:26Z,STR-E-ZS00-B,0.19 €/kWh + 0.23 €
2026-10-10T17:01:09Z,IKR-E-3855-A,0.3 € + 0.15 €/kWh
2026-10-10T17:01:09Z,IKR-E-9635-A,0.3 € + 0.15 €/kWh
2026-10-10T17:01:09Z,IKR-E-E475-A,0.3 € + 0.29 €/kWh
2026-10-10T17:01:09Z,IKR-E-E544-A,0.3 € + 0.29 €/kWh
2026-10-10T17:01:09Z,IKR-E-MAU9-A,0.29 € + 0.16 €/kWh
2026-10-10T17:01:09Z,IKR-E-OWF5-A,0.3 € + 0.3 €/kWh
2026-10-10T17:01:09Z,IKR-E-W6HQ-A,0.29 € + 0.16 €/kWh
2026-10-10T17:01:09Z,IKR-E-Y2Z8-A,0.3 € + 0.23 €/kWh
2026-10-10T17:01:09Z,IKR-P-1S0V-A,0.3 € + 0.38 €/kWh
2026-10-10T17:01:09Z,IKR-P-NUIE-A,0.3 € + 0.38 €/kWh
2026-10-10T17:01:09Z,IKR-P-SCM5-A,0.3 € + 0.3 €/kWh
2026-10-10T17:01:09Z,IKR-P-V9X4-A,0.3 € + 0.3 €/kWh
2026-10-10T17:01:09Z,IKR-P-V9X4-B,0.3 € + 0.3 €/kWh
2026-10-10T17:02:25Z,STR-E-027B-A,0.23 €/kWh + 0.23 €
2026-10-10T17:02:25Z,STR-E-027B-B,0.23 €/kWh + 0.23 €
2026-10-10T17:02:25Z,STR-E-02VO-A,0.25 €/kWh
2026-10-10T17:02:25Z,STR-E-02VO-B,0.25 €/kWh
2026-10-10T17:02:25Z,STR-E-04YS-A,0 € + 0.22 €/kWh
2026-10-10T17:02:25Z,STR-E-051F-A,0.08 € + 0.17 €/kWh
2026-10-10T17:02:25Z,STR-E-0698-A,0.12 €/kWh
2026-10-10T17:02:25Z,STR-E-0GEL-A,0.12 €/kWh
2026-10-10T17:02:25Z,STR-E-10G9-A,0.08 € + 0.17 €/kWh
2026-10-10T17:02:25Z,STR-E-10G9-B,0.08 € + 0.17 €/kWh
2026-10-10T17:02:25Z,STR-E-1162-A,0.12 €/kWh
2026-10-10T17:02:25Z,STR-E-11DT-A,0.12 €/kWh
2026-10-10T17:02:25Z,STR-E-1887-A,0.12 €/kWh
2026-10-10T17:02:25Z,STR-E-1927-A,0.12 €/kWh
2026-10-10T17:02:25Z,STR-E-1ME5-A,0.08 € + 0.17 €/kWh
2026-10-10T17:02:25Z,STR-E-1ME5-B,0.08 € + 0.17 €/kWh
2026-10-10T17:02:25Z,STR-E-1MHB-A,0.36 €/kWh
2026-10-10T17:02:25Z,STR-E-1MJQ-A,0.12 €/kWh
2026-10-10T17:02:25Z,STR-E-1X30-A,0 € + 0.22 €/kWh
2026-10-10T17:02:25Z,STR-E-21O1-A,0.23 €/kWh
2026-10-10T17:02:25Z,STR-E-21O1-B,0.23 €/kWh
2026-10-10T17:02:25Z,STR-E-2446-A,0 € + 0.22 €/kWh
2026-10-10T17:02:25Z,STR-E-2D12-A,0.12 €/kWh
2026-10-10T17:02:25Z,STR-E-2ED4-A,0.12 €/kWh
2026-10-10T17:02:25Z,STR-E-2K1Q-A,0 € + 0.22 €/kWh
2026-10-10T17:02:25Z,STR-E-2XDJ-A,0 € + 0.22 €/kWh
2026-10-10T17:02:25Z,STR-E-320G-A,0.12 €/kWh
2026-10-10T17:02:25Z,STR-E-3468-A,0.23 €/kWh
2026-10-10T17:02:25Z,STR-E-3468-B,0.23 €/kWh
2026-10-10T17:02:25Z,STR-E-3ENA-A,0.23 €/kWh
2026-10-10T17:02:25Z,STR-E-3ENA-B,0.23 €/kWh
2026-10-10T17:02:25Z,STR-E-3ENA-C,0.23 €/kWh
2026-10-10T17:02:25Z,STR-E-3FMF-A,0.23 €/kWh + 0.23 €
2026-10-10T17:02:25Z,STR-E-3FMF-B,0.23 €/kWh + 0.23 €
2026-10-10T17:02:25Z,STR-E-3PZS-A,0.12 €/kWh
2026-10-10T17:02:25Z,STR-E-3SXI-A,0.23 €/kWh
2026-10-10T17:02:25Z,STR-E-3SXI-B,0.23 €/kWh
2026-10-10T17:02:25Z,STR-E-3TZI-A,0.12 €/kWh
2026-10-10T17:02:25Z,STR-E-3WE5-A,0 € + 0.22 €/kWh
2026-10-10T17:02:25Z,STR-E-3YH3-A,0.08 € + 0.17 €/kWh
2026-10-10T17:02:25Z,STR-E-3YH3-B,0.08 € + 0.17 €/kWh
2026-10-10T17:02:25Z,STR-E-4156-A,0.28 €/kWh
2026-10-10T17:02:25Z,STR-E-4156-B,0.28 €/kWh
2026-10-10T17:02:25Z,STR-E-491A-A,0.22 €/kWh
2026-10-10T17:02:25Z,STR-E-491A-B,0.22 €/kWh
2026-10-10T17:02:25Z,STR-E-491A-C,0.22 €/kWh
2026-10-10T17:02:25Z,STR-E-4DE6-A,0.22 €/kWh
2026-10-10T17:02:25Z,STR-E-4DE6-B,0.22 €/kWh
2026-10-10T17:02:25Z,STR-E-4KWM-A,0.32 €/kWh
2026-10-10T17:02:25Z,STR-E-4KWM-B,0.32 €/kWh
2026-10-10T17:02:25Z,STR-E-4LRS-A,0.12 €/kWh
2026-10-10T17:02:25Z,STR-E-4UGU-A,0.12 €/kWh
2026-10-10T17:02:25Z,STR-E-4YKC-A,0 € + 0.22 €/kWh
2026-10-10T17:02:25Z,STR-E-527U-A,0 € + 0.22 €/kWh
2026-10-10T17:02:25Z,STR-E-54PK-A,0.08 € + 0.17 €/kWh
2026-10-10T17:02:25Z,STR-E-54PK-B,0.08 € + 0.17 €/kWh
2026-10-10T17:02:25Z,STR-E-55I4-A,0 € + 0.22 €/kWh
2026-10-10T17:02:25Z,STR-E-566J-A,0 € + 0.22 €/kWh
2026-10-10T17:02:25Z,STR-E-59TF-A,0.08 € + 0.17 €/kWh
2026-10-10T17:02:25Z,STR-E-5DWB-A,0.12 €/kWh
2026-10-10T17:02:25Z,STR-E-5TI5-A,0.12 €/kWh
2026-10-10T17:02:25Z,STR-E-69PN-A,0.12 €/kWh
2026-10-10T17:02:25Z,STR-E-6CNG-A,0.12 €/kWh
2026-10-10T17:02:25Z,STR-E-6E7W-A,0 € + 0.22 €/kWh
2026-10-10T17:02:25Z,STR-E-6SQH-A,0.12 €/kWh
2026-10-10T17:02:25Z,STR-E-6UZQ-A,0.23 €/kWh
2026-10-10T17:02:25Z,STR-E-6UZQ-B,0.23 €/kWh
2026-10-10T17:02:25Z,STR-E-6ZTQ-A,0 € + 0.22 €/kWh
2026-10-10T17:02:25Z,STR-E-7438-A,0 € + 0.22 €/kWh
2026-10-10T17:02:25Z,STR-E-7A48-A,0.08 € + 0.17 €/kWh
2026-10-10T17:02:25Z,STR-E-7YBN-A,0 € + 0.22 €/kWh
2026-10-10T17:02:25Z,STR-E-7Z8G-A,0.32 €/kWh
2026-10-10T17:02:25Z,STR-E-7Z8G-B,0.32 €/kWh
2026-10-10T17:02:25Z,STR-E-86C0-A,0.12 €/kWh
2026-10-10T17:02:25Z,STR-E-88SA-A,0.12 €/kWh
2026-10-10T17:02:25Z,STR-E-8A02-A,0 € + 0.22 €/kWh
2026-10-10T17:02:25Z,STR-E-8M2O-A,0.12 €/kWh
2026-10-10T17:02:25Z,STR-E-8Q9F-A,0 € + 0.22 €/kWh
2026-10-10T17:02:25Z,STR-E-8XL5-A,0.12 €/kWh
2026-10-10T17:02:25Z,STR-E-8Y23-A,0.12 €/kWh
2026-10-10T17:02:25Z,STR-E-92KW-A,0.23 €/kWh + 0.23 €
2026-10-10T17:02:25Z,STR-E-9AH3-A,0 € + 0.22 €/kWh
2026-10-10T17:02:25Z,STR-E-9I2R-A,0.12 €/kWh
2026-10-10T17:02:25Z,STR-E-9TUZ-A,0.12 €/kWh
2026-10-10T17:02:25Z,STR-E-9WY2-A,0.12 €/kWh
2026-10-10T17:02:25Z,STR-E-A169-A,0 € + 0.22 €/kWh
2026-10-10T17:02:25Z,STR-E-A27N-A,0.25 €/kWh
2026-10-10T17:02:25Z,STR-E-A27N-B,0.25 €/kWh
2026-10-10T17:02:25Z,STR-E-A27N-C,0.25 €/kWh
2026-10-10T17:02:25Z,STR-E-A442-A,0.12 €/kWh
2026-10-10T17:02:25Z,STR-E-AABG-A,0.12 €/kWh
2026-10-10T17:02:25Z,STR-E-ACMT-A,0.12 €/kWh
2026-10-10T17:02:25Z,STR-E-ADXE-A,0 € + 0.22 €/kWh
2026-10-10T17:02:25Z,STR-E-AF2O-A,0.08 € + 0.17 €/kWh
2026-10-10T17:02:25Z,STR-E-AMQK-A,0 € + 0.22 €/kWh
2026-10-10T17:02:25Z,STR-E-ANJ0-A,0.23 €/kWh + 0.23 €
2026-10-10T17:02:25Z,STR-E-ANJ0-B,0.23 €/kWh + 0.23 €
2026-10-10T17:02:25Z,STR-E-AP96-A,0.23 €/kWh + 0.23 €
2026-10-10T17:02:25Z,STR-E-AP96-B,0.23 €/kWh + 0.23 €
2026-10-10T17:02:25Z,STR-E-AUQ2-A,0 € + 0.22 €/kWh
2026-10-10T17:02:25Z,STR-E-AWF1-A,0.08 € + 0.17 €/kWh
2026-10-10T17:02:25Z,STR-E-AWF1-B,0.08 € + 0.17 €/kWh
2026-10-10T17:02:25Z,STR-E-AWJ9-A,0.25 €/kWh
2026-10-10T17:02:25Z,STR-E-AWJ9-B,0.25 €/kWh
2026-10-10T17:02:25Z,STR-E-B36V-A,0.19 € + 0.29 €/kWh
2026-10-10T17:02:25Z,STR-E-B36V-B,0.19 € + 0.29 €/kWh
2026-10-10T17:02:25Z,STR-E-BIKW-A,0.23 €/kWh + 0.23 €
2026-10-10T17:02:25Z,STR-E-BIKW-B,0.23 €/kWh + 0.23 €
2026-10-10T17:02:25Z,STR-E-BXA5-A,0.12 €/kWh
2026-10-10T17:02:25Z,STR-E-C91L-A,0.12 €/kWh
2026-10-10T17:02:25Z,STR-E-C99Z-A,0 € + 0.22 €/kWh
2026-10-10T17:02:25Z,STR-E-D3MB-A,0.23 €/kWh + 0.23 €
2026-10-10T17:02:25Z,STR-E-D3MB-B,0.23 €/kWh + 0.23 €
2026-10-10T17:02:25Z,STR-E-DBCC-A,0.08 € + 0.17 €/kWh
2026-10-10T17:02:25Z,STR-E-DBCC-B,0.08 € + 0.17 €/kWh
2026-10-10T17:02:25Z,STR-E-DHEJ-A,0 € + 0.22 €/kWh
2026-10-10T17:02:25Z,STR-E-E0DZ-A,0.23 €/kWh
2026-10-10T17:02:25Z,STR-E-E0DZ-B,0.23 €/kWh
2026-10-10T17:02:25Z,STR-E-E7HH-A,0.12 €/kWh
2026-10-10T17:02:25Z,STR-E-ECI7-A,0 € + 0.22 €/kWh
2026-10-10T17:02:25Z,STR-E-EFXK-A,0 € + 0.22 €/kWh
2026-10-10T17:02:25Z,STR-E-ELFQ-A,0.23 €/kWh + 0.23 €
2026-10-10T17:02:25Z,STR-E-ELFQ-B,0.23 €/kWh + 0.23 €
2026-10-10T17:02:25Z,STR-E-EPQY-A,0 € + 0.22 €/kWh
2026-10-10T17:02:25Z,STR-E-ER2N-A,0 € + 0.22 €/kWh
2026-10-10T17:02:25Z,STR-E-ES3O-A,0 € + 0.22 €/kWh
2026-10-10T17:02:25Z,STR-E-EU1U-A,0.12 €/kWh
2026-10-10T17:02:25Z,STR-E-F2G0-A,0.08 € + 0.17 €/kWh
2026-10-10T17:02:25Z,STR-E-F2G0-B,0.08 € + 0.17 €/kWh
2026-10-10T17:02:25Z,STR-E-F4B3-A,0.12 €/kWh
2026-10-10T17:02:25Z,STR-E-F5LZ-A,0.12 €/kWh
2026-10-10T17:02:25Z,STR-E-F79A-A,0.23 €/kWh + 0.23 €
2026-10-10T17:02:25Z,STR-E-F79A-B,0.23 €/kWh + 0.23 €
2026-10-10T17:02:25Z,STR-E-FGMF-A,0.12 €/kWh
2026-10-10T17:02:25Z,STR-E-FK06-A,0.12 €/kWh
2026-10-10T17:02:25Z,STR-E-FKUY-A,0 € + 0.22 €/kWh
2026-10-10T17:02:25Z,STR-E-FUE8-A,0.08 € + 0.17 €/kWh
2026-10-10T17:02:25Z,STR-E-FUE8-B,0.08 € + 0.17 €/kWh
2026-10-10T17:02:25Z,STR-E-G4VM-A,0.12 €/kWh
2026-10-10T17:02:25Z,STR-E-G518-A,0.12 €/kWh
2026-10-10T17:02:25Z,STR-E-GB9A-A,0.12 €/kWh
2026-10-10T17:02:25Z,STR-E-GE77-A,0.32 €/kWh
2026-10-10T17:02:25Z,STR-E-GE77-B,0.32 €/kWh
2026-10-10T17:02:25Z,STR-E-GFB3-A,0 € + 0.22 €/kWh
2026-10-10T17:02:25Z,STR-E-GGV8-A,0.12 €/kWh
2026-10-10T17:02:25Z,STR-E-GHJA-A,0.12 €/kWh
2026-10-10T17:02:25Z,STR-E-GK0C-A,0 € + 0.22 €/kWh
2026-10-10T17:02:25Z,STR-E-GR5K-A,0.12 €/kWh
2026-10-10T17:02:25Z,STR-E-H6Q5-A,0.12 €/kWh
2026-10-10T17:02:25Z,STR-E-HHXV-A,0 € + 0.22 €/kWh
2026-10-10T17:02:25Z,STR-E-I1KE-A,0 € + 0.22 €/kWh
2026-10-10T17:02:25Z,STR-E-I4UZ-A,0.12 €/kWh
2026-10-10T17:02:25Z,STR-E-I5FH-A,0.12 €/kWh
2026-10-10T17:02:25Z,STR-E-I8C6-A,0.12 €/kWh
2026-10-10T17:02:25Z,STR-E-IA3X-A,0.12 €/kWh
2026-10-10T17:02:25Z,STR-E-IAO5-A,0 € + 0.22 €/kWh
2026-10-10T17:02:25Z,STR-E-IGH5-A,0.23 €/kWh + 0.23 €
2026-10-10T17:02:25Z,STR-E-IGH5-B,0.23 €/kWh + 0.23 €
2026-10-10T17:02:25Z,STR-E-IIKL-A,0.08 € + 0.17 €/kWh
2026-10-10T17:02:25Z,STR-E-IIKL-B,0.08 € + 0.17 €/kWh
2026-10-10T17:02:25Z,STR-E-IPEC-A,0 € + 0.22 €/kWh
2026-10-10T17:02:25Z,STR-E-IV6T-A,0 € + 0.22 €/kWh
2026-10-10T17:02:25Z,STR-E-J54N-A,0 € + 0.22 €/kWh
2026-10-10T17:02:25Z,STR-E-J6DA-A,0 € + 0.22 €/kWh
2026-10-10T17:02:25Z,STR-E-J8VF-A,0 € + 0.22 €/kWh
2026-10-10T17:02:25Z,STR-E-JG90-A,0.14 €/kWh + 0.3 €
2026-10-10T17:02:25Z,STR-E-JG90-B,0.14 €/kWh + 0.3 €
2026-10-10T17:02:25Z,STR-E-JMOR-A,0 € + 0.22 €/kWh
2026-10-10T17:02:25Z,STR-E-JVO0-A,0.12 €/kWh
2026-10-10T17:02:25Z,STR-E-K217-A,0 € + 0.22 €/kWh
2026-10-10T17:02:25Z,STR-E-K73C-A,0.23 €/kWh + 0.23 €
2026-10-10T17:02:25Z,STR-E-K73C-B,0.23 €/kWh + 0.23 €
2026-10-10T17:02:25Z,STR-E-KBZL-A,0.12 €/kWh
2026-10-10T17:02:25Z,STR-E-KOHN-A,0 € + 0.22 €/kWh
2026-10-10T17:02:25Z,STR-E-KT5B-A,0 € + 0.22 €/kWh
2026-10-10T17:02:25Z,STR-E-KUKS-A,0.08 € + 0.17 €/kWh
2026-10-10T17:02:25Z,STR-E-KUKS-B,0.08 € + 0.17 €/kWh
2026-10-10T17:02:25Z,STR-E-L84D-A,0.12 €/kWh
2026-10-10T17:02:25Z,STR-E-LISV-A,0.12 €/kWh
2026-10-10T17:02:25Z,STR-E-LKFQ-A,0.12 €/kWh
2026-10-10T17:02:25Z,STR-E-LREY-A,0.36 €/kWh
2026-10-10T17:02:25Z,STR-E-M1IB-A,0.12 €/kWh
2026-10-10T17:02:25Z,STR-E-M8WL-A,0.12 €/kWh
2026-10-10T17:02:25Z,STR-E-M9W7-A,0.12 €/kWh
2026-10-10T17:02:25Z,STR-E-MIP3-A,0.22 €/kWh
2026-10-10T17:02:25Z,STR-E-MIP3-B,0.22 €/kWh
2026-10-10T17:02:25Z,STR-E-MSEN-A,0.12 €/kWh
2026-10-10T17:02:25Z,STR-E-MSUL-A,0.12 €/kWh
2026-10-10T17:02:25Z,STR-E-N6P5-A,0.12 €/kWh
2026-10-10T17:02:25Z,STR-E-NCKT-A,0.08 € + 0.17 €/kWh
2026-10-10T17:02:25Z,STR-E-NCKT-B,0.08 € + 0.17 €/kWh
2026-10-10T17:02:25Z,STR-E-NDU2-A,0 € + 0.22 €/kWh
2026-10-10T17:02:25Z,STR-E-NDZ4-A,0 € + 0.22 €/kWh
2026-10-10T17:02:25Z,STR-E-NFV5-A,0 € + 0.22 €/kWh
2026-10-10T17:02:25Z,STR-E-NNGC-A,0.12 €/kWh
2026-10-10T17:02:25Z,STR-E-NSGB-A,0 € + 0.22 €/kWh
2026-10-10T17:02:25Z,STR-E-NY0Q-A,0.15 € + 0.23 €/kWh
2026-10-10T17:02:25Z,STR-E-O0VK-A,0.12 €/kWh
2026-10-10T17:02:25Z,STR-E-O5JX-A,0 € + 0.22 €/kWh
2026-10-10T17:02:25Z,STR-E-O5YW-A,0.08 € + 0.17 €/kWh
2026-10-10T17:02:25Z,STR-E-O5YW-B,0.08 € + 0.17 €/kWh
2026-10-10T17:02:25Z,STR-E-ODBK-A,0.32 €/kWh
2026-10-10T17:02:25Z,STR-E-ODBK-B,0.32 €/kWh
2026-10-10T17:02:25Z,STR-E-OFWF-A,0 € + 0.22 €/kWh
2026-10-10T17:02:25Z,STR-E-OG1X-A,0.12 €/kWh
2026-10-10T17:02:25Z,STR-E-OHH6-A,0 € + 0.22 €/kWh
2026-10-10T17:02:25Z,STR-E-OJ3E-A,0.23 €/kWh + 0.23 €
2026-10-10T17:02:25Z,STR-E-OJ3E-B,0.23 €/kWh + 0.23 €
2026-10-10T17:02:25Z,STR-E-OQKZ-A,0.12 €/kWh
2026-10-10T17:02:25Z,STR-E-P46N-A,0 € + 0.22 €/kWh
2026-10-10T17:02:25Z,STR-E-P7AF-A,0.08 € + 0.17 €/kWh
2026-10-10T17:02:25Z,STR-E-P7AF-B,0.08 € + 0.17 €/kWh
2026-10-10T17:02:25Z,STR-E-PC04-A,0.12 €/kWh
2026-10-10T17:02:25Z,STR-E-PDR2-A,0.12 €/kWh
2026-10-10T17:02:25Z,STR-E-PJCQ-A,0.08 € + 0.17 €/kWh
2026-10-10T17:02:25Z,STR-E-PJCQ-B,0.08 € + 0.17 €/kWh
2026-10-10T17:02:25Z,STR-E-PM3P-A,0.23 €/kWh + 0.23 €
2026-10-10T17:02:25Z,STR-E-PM3P-B,0.23 €/kWh + 0.23 €
2026-10-10T17:02:25Z,STR-E-PRUQ-A,0.12 €/kWh
2026-10-10T17:02:25Z,STR-E-PSU9-A,0.12 €/kWh
2026-10-10T17:02:25Z,STR-E-PZ9U-A,0.12 €/kWh
2026-10-10T17:02:25Z,STR-E-PZES-A,0.12 €/kWh
2026-10-10T17:02:25Z,STR-E-Q5YF-A,0.23 €/kWh + 0.23 €
2026-10-10T17:02:25Z,STR-E-Q5YF-B,0.23 €/kWh + 0.23 €
2026-10-10T17:02:25Z,STR-E-Q7LB-A,0.23 €/kWh + 0.23 €
2026-10-10T17:02:25Z,STR-E-Q7LB-B,0.23 €/kWh + 0.23 €
2026-10-10T17:02:25Z,STR-E-QAXH-A,0.15 € + 0.23 €/kWh
2026-10-10T17:02:25Z,STR-E-QE1X-A,0.08 € + 0.17 €/kWh
2026-10-10T17:02:25Z,STR-E-QE1X-B,0.08 € + 0.17 €/kWh
2026-10-10T17:02:25Z,STR-E-QEDL-A,0.12 €/kWh
2026-10-10T17:02:25Z,STR-E-QIQM-A,0.12 €/kWh
2026-10-10T17:02:25Z,STR-E-QLC9-A,0.22 €/kWh
2026-10-10T17:02:25Z,STR-E-QLC9-B,0.22 €/kWh
2026-10-10T17:02:25Z,STR-E-R0J8-A,0.12 €/kWh
2026-10-10T17:02:25Z,STR-E-R1MT-A,0.23 €/kWh + 0.23 €
2026-10-10T17:02:25Z,STR-E-R1MT-B,0.23 €/kWh + 0.23 €
2026-10-10T17:02:25Z,STR-E-R1PI-A,0.23 €/kWh + 0.23 €
2026-10-10T17:02:25Z,STR-E-R1PI-B,0.23 €/kWh + 0.23 €
2026-10-10T17:02:25Z,STR-E-R2LK-A,0.23 €/kWh + 0.23 €
2026-10-10T17:02:25Z,STR-E-R2LK-B,0.23 €/kWh + 0.23 €
2026-10-10T17:02:25Z,STR-E-R8PQ-A,0 € + 0.22 €/kWh
2026-10-10T17:02:25Z,STR-E-R9GA-A,0.12 €/kWh
2026-10-10T17:02:25Z,STR-E-RJH9-A,0.12 €/kWh
2026-10-10T17:02:25Z,STR-E-RKWJ-A,0.12 €/kWh
2026-10-10T17:02:25Z,STR-E-S42D-A,0.12 €/kWh
2026-10-10T17:02:25Z,STR-E-S6VR-A,0 € + 0.22 €/kWh
2026-10-10T17:02:25Z,STR-E-S7YR-A,0.23 €/kWh + 0.23 €
2026-10-10T17:02:25Z,STR-E-S7YR-B,0.23 €/kWh + 0.23 €
2026-10-10T17:02:25Z,STR-E-SGC2-A,0 € + 0.22 €/kWh
2026-10-10T17:02:25Z,STR-E-SJKA-A,0.12 €/kWh
2026-10-10T17:02:25Z,STR-E-SQX8-A,0.08 € + 0.17 €/kWh
2026-10-10T17:02:25Z,STR-E-SQX8-B,0.08 € + 0.17 €/kWh
2026-10-10T17:02:25Z,STR-E-SVR3-A,0.23 €/kWh + 0.23 €
2026-10-10T17:02:25Z,STR-E-SVR3-B,0.23 €/kWh + 0.23 €
2026-10-10T17:02:25Z,STR-E-SY9Y-A,0.12 €/kWh
2026-10-10T17:02:25Z,STR-E-TO2O-A,0.12 €/kWh
2026-10-10T17:02:25Z,STR-E-TX67-A,0.25 €/kWh
2026-10-10T17:02:25Z,STR-E-TX67-B,0.25 €/kWh
2026-10-10T17:02:25Z,STR-E-U41O-A,0 € + 0.22 €/kWh
2026-10-10T17:02:25Z,STR-E-U5TP-A,0.12 €/kWh
2026-10-10T17:02:25Z,STR-E-UKPS-A,0.15 € + 0.23 €/kWh
2026-10-10T17:02:25Z,STR-E-UPAQ-A,0.22 €/kWh
2026-10-10T17:02:25Z,STR-E-UPAQ-B,0.22 €/kWh
2026-10-10T17:02:25Z,STR-E-UPOS-A,0.08 € + 0.17 €/kWh
2026-10-10T17:02:25Z,STR-E-UPOS-B,0.08 € + 0.17 €/kWh
2026-10-10T17:02:25Z,STR-E-UY5H-A,0.12 €/kWh
2026-10-10T17:02:25Z,STR-E-V17G-A,0.12 €/kWh
2026-10-10T17:02:25Z,STR-E-V31J-A,0.12 €/kWh
2026-10-10T17:02:25Z,STR-E-V50T-A,0.12 €/kWh
2026-10-10T17:02:25Z,STR-E-V9SD-A,0.12 €/kWh
2026-10-10T17:02:25Z,STR-E-V9ZR-A,0.12 €/kWh
2026-10-10T17:02:25Z,STR-E-VBMP-A,0.12 €/kWh
2026-10-10T17:02:25Z,STR-E-VJBJ-A,0 € + 0.22 €/kWh
2026-10-10T17:02:25Z,STR-E-VPDB-A,0.12 €/kWh
2026-10-10T17:02:25Z,STR-E-VQ06-A,0 € + 0.22 €/kWh
2026-10-10T17:02:25Z,STR-E-VSDJ-A,0.25 €/kWh
2026-10-10T17:02:25Z,STR-E-VSDJ-B,0.25 €/kWh
2026-10-10T17:02:25Z,STR-E-VT0G-A,0.12 €/kWh
2026-10-10T17:02:25Z,STR-E-VX2O-A,0 € + 0.22 €/kWh
2026-10-10T17:02:25Z,STR-E-VXGH-A,0.12 €/kWh
2026-10-10T17:02:25Z,STR-E-W1X4-A,0.12 €/kWh
2026-10-10T17:02:25Z,STR-E-WEE3-A,0.23 €/kWh + 0.23 €
2026-10-10T17:02:25Z,STR-E-WEE3-B,0.23 €/kWh + 0.23 €
2026-10-10T17:02:25Z,STR-E-WHZ1-A,0 € + 0.22 €/kWh
2026-10-10T17:02:25Z,STR-E-WLGM-A,0 € + 0.22 €/kWh
2026-10-10T17:02:25Z,STR-E-WTQ5-A,0.23 €/kWh
2026-10-10T17:02:25Z,STR-E-WXV8-A,0.12 €/kWh
2026-10-10T17:02:25Z,STR-E-WYFE-A,0.23 €/kWh
2026-10-10T17:02:25Z,STR-E-WYFE-B,0.23 €/kWh
2026-10-10T17:02:25Z,STR-E-WYYC-A,0.23 €/kWh + 0.23 €
2026-10-10T17:02:25Z,STR-E-WYYC-B,0.23 €/kWh + 0.23 €
2026-10-10T17:02:25Z,STR-E-WZW9-A,0.12 €/kWh
2026-10-10T17:02:25Z,STR-E-X525-A,0.12 €/kWh
2026-10-10T17:02:25Z,STR-E-X54O-A,0 € + 0.22 €/kWh
2026-10-10T17:02:25Z,STR-E-XCMJ-A,0.08 € + 0.17 €/kWh
2026-10-10T17:02:25Z,STR-E-XCMJ-B,0.08 € + 0.17 €/kWh
2026-10-10T17:02:25Z,STR-E-XFON-A,0.12 €/kWh
2026-10-10T17:02:25Z,STR-E-XG69-A,0.08 € + 0.17 €/kWh
2026-10-10T17:02:25Z,STR-E-XG69-B,0.08 € + 0.17 €/kWh
2026-10-10T17:02:25Z,STR-E-XH51-A,0 € + 0.22 €/kWh
2026-10-10T17:02:25Z,STR-E-XKW2-A,0.23 €/kWh + 0.23 €
2026-10-10T17:02:25Z,STR-E-XKW2-B,0.23 €/kWh + 0.23 €
2026-10-10T17:02:25Z,STR-E-XRV8-A,0 € + 0.22 €/kWh
2026-10-10T17:02:25Z,STR-E-Y7JK-A,0 € + 0.22 €/kWh
2026-10-10T17:02:25Z,STR-E-Y82E-A,0 € + 0.22 €/kWh
2026-10-10T17:02:25Z,STR-E-YC50-A,0.12 €/kWh
2026-10-10T17:02:25Z,STR-E-Z2PJ-A,0.08 € + 0.17 €/kWh
2026-10-10T17:02:25Z,STR-E-Z2PJ-B,0.08 € + 0.17 €/kWh
2026-10-10T17:02:25Z,STR-E-ZA6O-A,0.12 €/kWh
2026-10-10T17:02:25Z,STR-E-ZEP7-A,0 € + 0.22 €/kWh
2026-10-10T17:02:25Z,STR-E-ZIAZ-A,0 € + 0.22 €/kWh
2026-10-10T17:02:25Z,STR-E-ZK9W-A,0 € + 0.22 €/kWh
2026-10-10T17:02:25Z,STR-E-ZS00-A,0.23 €/kWh + 0.23 €
2026-10-10T17:02:25Z,STR-E-ZS00-B,0.23 €/kWh + 0.23 €
2026-10-10T17:02:25Z,STR-E-ZWU5-A,0.08 € + 0.17 €/kWh
2026-10-10T17:02:25Z,STR-E-ZWU5-B,0.08 € + 0.17 €/kWh
2026-10-10T17:16:23Z,IKR-E-E475-A,0.3 € + 0.28 €/kWh
2026-10-10T17:16:23Z,IKR-E-E544-A,0.3 € + 0.28 €/kWh
2026-10-10T17:16:23Z,IKR-E-MAU9-A,0.29 € + 0.15 €/kWh
2026-10-10T17:16:23Z,IKR-E-OWF5-A,0.3 € + 0.29 €/kWh
2026-10-10T17:16:23Z,IKR-E-W6HQ-A,0.29 € + 0.15 €/kWh
2026-10-10T17:16:23Z,IKR-E-Y2Z8-A,0.3 € + 0.22 €/kWh
2026-10-10T17:16:23Z,IKR-P-SCM5-A,0.3 € + 0.29 €/kWh
2026-10-10T17:16:23Z,IKR-P-V9X4-A,0.3 € + 0.29 €/kWh
2026-10-10T17:16:23Z,IKR-P-V9X4-B,0.3 € + 0.29 €/kWh
2026-10-10T17:16:23Z,STR-E-027B-A,0.21 €/kWh + 0.23 €
2026-10-10T17:16:23Z,STR-E-027B-B,0.21 €/kWh + 0.23 €
2026-10-10T17:16:23Z,STR-E-02VO-A,0.23 €/kWh
2026-10-10T17:16:23Z,STR-E-02VO-B,0.23 €/kWh
2026-10-10T17:16:23Z,STR-E-04YS-A,0 € + 0.2 €/kWh
2026-10-10T17:16:23Z,STR-E-051F-A,0.08 € + 0.15 €/kWh
2026-10-10T17:16:23Z,STR-E-0698-A,0.11 €/kWh
2026-10-10T17:16:23Z,STR-E-0GEL-A,0.11 €/kWh
2026-10-10T17:16:23Z,STR-E-10G9-A,0.08 € + 0.15 €/kWh
2026-10-10T17:16:23Z,STR-E-10G9-B,0.08 € + 0.15 €/kWh
2026-10-10T17:16:23Z,STR-E-1162-A,0.11 €/kWh
2026-10-10T17:16:23Z,STR-E-11DT-A,0.11 €/kWh
2026-10-10T17:16:23Z,STR-E-1887-A,0.11 €/kWh
2026-10-10T17:16:23Z,STR-E-1927-A,0.11 €/kWh
2026-10-10T17:16:23Z,STR-E-1ME5-A,0.08 € + 0.15 €/kWh
2026-10-10T17:16:23Z,STR-E-1ME5-B,0.08 € + 0.15 €/kWh
2026-10-10T17:16:23Z,STR-E-1MHB-A,0.33 €/kWh
2026-10-10T17:16:23Z,STR-E-1MJQ-A,0.11 €/kWh
2026-10-10T17:16:23Z,STR-E-1X30-A,0 € + 0.2 €/kWh
2026-10-10T17:16:23Z,STR-E-21O1-A,0.21 €/kWh
2026-10-10T17:16:23Z,STR-E-21O1-B,0.21 €/kWh
2026-10-10T17:16:23Z,STR-E-2446-A,0 € + 0.2 €/kWh
2026-10-10T17:16:23Z,STR-E-2D12-A,0.11 €/kWh
2026-10-10T17:16:23Z,STR-E-2ED4-A,0.11 €/kWh
2026-10-10T17:16:23Z,STR-E-2K1Q-A,0 € + 0.2 €/kWh
2026-10-10T17:16:23Z,STR-E-2XDJ-A,0 € + 0.2 €/kWh
2026-10-10T17:16:23Z,STR-E-320G-A,0.11 €/kWh
2026-10-10T17:16:23Z,STR-E-3468-A,0.21 €/kWh
2026-10-10T17:16:23Z,STR-E-3468-B,0.21 €/kWh
2026-10-10T17:16:23Z,STR-E-3ENA-A,0.21 €/kWh
2026-10-10T17:16:23Z,STR-E-3ENA-B,0.21 €/kWh
2026-10-10T17:16:23Z,STR-E-3ENA-C,0.21 €/kWh
2026-10-10T17:16:23Z,STR-E-3FMF-A,0.21 €/kWh + 0.23 €
2026-10-10T17:16:23Z,STR-E-3FMF-B,0.21 €/kWh + 0.23 €
2026-10-10T17:16:23Z,STR-E-3PZS-A,0.11 €/kWh
2026-10-10T17:16:23Z,STR-E-3SXI-A,0.21 €/kWh
2026-10-10T17:16:23Z,STR-E-3SXI-B,0.21 €/kWh
2026-10-10T17:16:23Z,STR-E-3TZI-A,0.11 €/kWh
2026-10-10T17:16:23Z,STR-E-3WE5-A,0 € + 0.2 €/kWh
2026-10-10T17:16:23Z,STR-E-3YH3-A,0.08 € + 0.15 €/kWh
2026-10-10T17:16:23Z,STR-E-3YH3-B,0.08 € + 0.15 €/kWh
2026-10-10T17:16:23Z,STR-E-4156-A,0.27 €/kWh
2026-10-10T17:16:23Z,STR-E-4156-B,0.27 €/kWh
2026-10-10T17:16:23Z,STR-E-491A-A,0.2 €/kWh
2026-10-10T17:16:23Z,STR-E-491A-B,0.2 €/kWh
2026-10-10T17:16:23Z,STR-E-491A-C,0.2 €/kWh
2026-10-10T17:16:23Z,STR-E-4DE6-A,0.2 €/kWh
2026-10-10T17:16:23Z,STR-E-4DE6-B,0.2 €/kWh
2026-10-10T17:16:23Z,STR-E-4KWM-A,0.3 €/kWh
2026-10-10T17:16:23Z,STR-E-4KWM-B,0.3 €/kWh
2026-10-10T17:16:23Z,STR-E-4LRS-A,0.11 €/kWh
2026-10-10T17:16:23Z,STR-E-4UGU-A,0.11 €/kWh
2026-10-10T17:16:23Z,STR-E-4YKC-A,0 € + 0.2 €/kWh
2026-10-10T17:16:23Z,STR-E-527U-A,0 € + 0.2 €/kWh
2026-10-10T17:16:23Z,STR-E-54PK-A,0.08 € + 0.15 €/kWh
2026-10-10T17:16:23Z,STR-E-54PK-B,0.08 € + 0.15 €/kWh
2026-10-10T17:16:23Z,STR-E-55I4-A,0 € + 0.2 €/kWh
2026-10-10T17:16:23Z,STR-E-566J-A,0 € + 0.2 €/kWh
2026-10-10T17:16:23Z,STR-E-59TF-A,0.08 € + 0.15 €/kWh
2026-10-10T17:16:23Z,STR-E-5DWB-A,0.11 €/kWh
2026-10-10T17:16:23Z,STR-E-5TI5-A,0.11 €/kWh
2026-10-10T17:16:23Z,STR-E-69PN-A,0.11 €/kWh
2026-10-10T17:16:23Z,STR-E-6CNG-A,0.11 €/kWh
2026-10-10T17:16:23Z,STR-E-6E7W-A,0 € + 0.2 €/kWh
2026-10-10T17:16:23Z,STR-E-6SQH-A,0.11 €/kWh
2026-10-10T17:16:23Z,STR-E-6UZQ-A,0.21 €/kWh
2026-10-10T17:16:23Z,STR-E-6UZQ-B,0.21 €/kWh
2026-10-10T17:16:23Z,STR-E-6ZTQ-A,0 € + 0.2 €/kWh
2026-10-10T17:16:23Z,STR-E-7438-A,0 € + 0.2 €/kWh
2026-10-10T17:16:23Z,STR-E-7A48-A,0.08 € + 0.15 €/kWh
2026-10-10T17:16:23Z,STR-E-7YBN-A,0 € + 0.2 €/kWh
2026-10-10T17:16:23Z,STR-E-7Z8G-A,0.3 €/kWh
2026-10-10T17:16:23Z,STR-E-7Z8G-B,0.3 €/kWh
2026-10-10T17:16:23Z,STR-E-86C0-A,0.11 €/kWh
2026-10-10T17:16:23Z,STR-E-88SA-A,0.11 €/kWh
2026-10-10T17:16:23Z,STR-E-8A02-A,0 € + 0.2 €/kWh
2026-10-10T17:16:23Z,STR-E-8M2O-A,0.11 €/kWh
2026-10-10T17:16:23Z,STR-E-8Q9F-A,0 € + 0.2 €/kWh
2026-10-10T17:16:23Z,STR-E-8XL5-A,0.11 €/kWh
2026-10-10T17:16:23Z,STR-E-8Y23-A,0.11 €/kWh
2026-10-10T17:16:23Z,STR-E-92KW-A,0.21 €/kWh + 0.23 €
2026-10-10T17:16:23Z,STR-E-9AH3-A,0 € + 0.2 €/kWh
2026-10-10T17:16:23Z,STR-E-9I2R-A,0.11 €/kWh
2026-10-10T17:16:23Z,STR-E-9TUZ-A,0.11 €/kWh
2026-10-10T17:16:23Z,STR-E-9WY2-A,0.11 €/kWh
2026-10-10T17:16:23Z,STR-E-A169-A,0 € + 0.2 €/kWh
2026-10-10T17:16:23Z,STR-E-A27N-A,0.23 €/kWh
2026-10-10T17:16:23Z,STR-E-A27N-B,0.23 €/kWh
2026-10-10T17:16:23Z,STR-E-A27N-C,0.23 €/kWh
2026-10-10T17:16:23Z,STR-E-A442-A,0.11 €/kWh
2026-10-10T17:16:23Z,STR-E-AABG-A,0.11 €/kWh
2026-10-10T17:16:23Z,STR-E-ACMT-A,0.11 €/kWh
2026-10-10T17:16:23Z,STR-E-ADXE-A,0 € + 0.2 €/kWh
2026-10-10T17:16:23Z,STR-E-AF2O-A,0.08 € + 0.15 €/kWh
2026-10-10T17:16:23Z,STR-E-AMQK-A,0 € + 0.2 €/kWh
2026-10-10T17:16:23Z,STR-E-ANJ0-A,0.21 €/kWh + 0.23 €
2026-10-10T17:16:23Z,STR-E-ANJ0-B,0.21 €/kWh + 0.23 €
2026-10-10T17:16:23Z,STR-E-AP96-A,0.21 €/kWh + 0.23 €
2026-10-10T17:16:23Z,STR-E-AP96-B,0.21 €/kWh + 0.23 €
2026-10-10T17:16:23Z,STR-E-AUQ2-A,0 € + 0.2 €/kWh
2026-10-10T17:16:23Z,STR-E-AWF1-A,0.08 € + 0.15 €/kWh
2026-10-10T17:16:23Z,STR-E-AWF1-B,0.08 € + 0.15 €/kWh
2026-10-10T17:16:23Z,STR-E-AWJ9-A,0.23 €/kWh
2026-10-10T17:16:23Z,STR-E-AWJ9-B,0.23 €/kWh
2026-10-10T17:16:23Z,STR-E-B36V-A,0.19 € + 0.28 €/kWh
2026-10-10T17:16:23Z,STR-E-B36V-B,0.19 € + 0.28 €/kWh
2026-10-10T17:16:23Z,STR-E-BIKW-A,0.21 €/kWh + 0.23 €
2026-10-10T17:16:23Z,STR-E-BIKW-B,0.21 €/kWh + 0.23 €
2026-10-10T17:16:23Z,STR-E-BXA5-A,0.11 €/kWh
2026-10-10T17:16:23Z,STR-E-C91L-A,0.11 €/kWh
2026-10-10T17:16:23Z,STR-E-C99Z-A,0 € + 0.2 €/kWh
2026-10-10T17:16:23Z,STR-E-D3MB-A,0.21 €/kWh + 0.23 €
2026-10-10T17:16:23Z,STR-E-D3MB-B,0.21 €/kWh + 0.23 €
2026-10-10T17:16:23Z,STR-E-DBCC-A,0.08 € + 0.15 €/kWh
2026-10-10T17:16:23Z,STR-E-DBCC-B,0.08 € + 0.15 €/kWh
2026-10-10T17:16:23Z,STR-E-DHEJ-A,0 € + 0.2 €/kWh
2026-10-10T17:16:23Z,STR-E-E0DZ-A,0.21 €/kWh
2026-10-10T17:16:23Z,STR-E-E0DZ-B,0.21 €/kWh
2026-10-10T17:16:23Z,STR-E-E7HH-A,0.11 €/kWh
2026-10-10T17:16:23Z,STR-E-ECI7-A,0 € + 0.2 €/kWh
2026-10-10T17:16:23Z,STR-E-EFXK-A,0 € + 0.2 €/kWh
2026-10-10T17:16:23Z,STR-E-ELFQ-A,0.21 €/kWh + 0.23 €
2026-10-10T17:16:23Z,STR-E-ELFQ-B,0.21 €/kWh + 0.23 €
2026-10-10T17:16:23Z,STR-E-EPQY-A,0 € + 0.2 €/kWh
2026-10-10T17:16:23Z,STR-E-ER2N-A,0 € + 0.2 €/kWh
2026-10-10T17:16:23Z,STR-E-ES3O-A,0 € + 0.2 €/kWh
2026-10-10T17:16:23Z,STR-E-EU1U-A,0.11 €/kWh
2026-10-10T17:16:23Z,STR-E-F2G0-A,0.08 € + 0.15 €/kWh
2026-10-10T17:16:23Z,STR-E-F2G0-B,0.08 € + 0.15 €/kWh
2026-10-10T17:16:23Z,STR-E-F4B3-A,0.11 €/kWh
2026-10-10T17:16:23Z,STR-E-F5LZ-A,0.11 €/kWh
2026-10-10T17:16:23Z,STR-E-F79A-A,0.21 €/kWh + 0.23 €
2026-10-10T17:16:23Z,STR-E-F79A-B,0.21 €/kWh + 0.23 €
2026-10-10T17:16:23Z,STR-E-FGMF-A,0.11 €/kWh
2026-10-10T17:16:23Z,STR-E-FK06-A,0.11 €/kWh
2026-10-10T17:16:23Z,STR-E-FKUY-A,0 € + 0.2 €/kWh
2026-10-10T17:16:23Z,STR-E-FUE8-A,0.08 € + 0.15 €/kWh
2026-10-10T17:16:23Z,STR-E-FUE8-B,0.08 € + 0.15 €/kWh
2026-10-10T17:16:23Z,STR-E-G4VM-A,0.11 €/kWh
2026-10-10T17:16:23Z,STR-E-G518-A,0.11 €/kWh
2026-10-10T17:16:23Z,STR-E-GB9A-A,0.11 €/kWh
2026-10-10T17:16:23Z,STR-E-GE77-A,0.3 €/kWh
2026-10-10T17:16:23Z,STR-E-GE77-B,0.3 €/kWh
2026-10-10T17:16:23Z,STR-E-GFB3-A,0 € + 0.2 €/kWh
2026-10-10T17:16:23Z,STR-E-GGV8-A,0.11 €/kWh
2026-10-10T17:16:23Z,STR-E-GHJA-A,0.11 €/kWh
2026-10-10T17:16:23Z,STR-E-GK0C-A,0 € + 0.2 €/kWh
2026-10-10T17:16:23Z,STR-E-GR5K-A,0.11 €/kWh
2026-10-10T17:16:23Z,STR-E-H6Q5-A,0.11 €/kWh
2026-10-10T17:16:23Z,STR-E-HHXV-A,0 € + 0.2 €/kWh
2026-10-10T17:16:23Z,STR-E-I1KE-A,0 € + 0.2 €/kWh
2026-10-10T17:16:23Z,STR-E-I4UZ-A,0.11 €/kWh
2026-10-10T17:16:23Z,STR-E-I5FH-A,0.11 €/kWh
2026-10-10T17:16:23Z,STR-E-I8C6-A,0.11 €/kWh
2026-10-10T17:16:23Z,STR-E-IA3X-A,0.11 €/kWh
2026-10-10T17:16:23Z,STR-E-IAO5-A,0 € + 0.2 €/kWh
2026-10-10T17:16:23Z,STR-E-IGH5-A,0.21 €/kWh + 0.23 €
2026-10-10T17:16:23Z,STR-E-IGH5-B,0.21 €/kWh + 0.23 €
2026-10-10T17:16:23Z,STR-E-IIKL-A,0.08 € + 0.15 €/kWh
2026-10-10T17:16:23Z,STR-E-IIKL-B,0.08 € + 0.15 €/kWh
2026-10-10T17:16:23Z,STR-E-IPEC-A,0 € + 0.2 €/kWh
2026-10-10T17:16:23Z,STR-E-IV6T-A,0 € + 0.2 €/kWh
2026-10-10T17:16:23Z,STR-E-J54N-A,0 € + 0.2 €/kWh
2026-10-10T17:16:23Z,STR-E-J6DA-A,0 € + 0.2 €/kWh
2026-10-10T17:16:23Z,STR-E-J8VF-A,0 € + 0.2 €/kWh
2026-10-10T17:16:23Z,STR-E-JG90-A,0.12 €/kWh + 0.3 €
2026-10-10T17:16:23Z,STR-E-JG90-B,0.12 €/kWh + 0.3 €
2026-10-10T17:16:23Z,STR-E-JMOR-A,0 € + 0.2 €/kWh
2026-10-10T17:16:23Z,STR-E-JVO0-A,0.11 €/kWh
2026-10-10T17:16:23Z,STR-E-K217-A,0 € + 0.2 €/kWh
2026-10-10T17:16:23Z,STR-E-K73C-A,0.21 €/kWh + 0.23 €
2026-10-10T17:16:23Z,STR-E-K73C-B,0.21 €/kWh + 0.23 €
2026-10-10T17:16:23Z,STR-E-KBZL-A,0.11 €/kWh
2026-10-10T17:16:23Z,STR-E-KOHN-A,0 € + 0.2 €/kWh
2026-10-10T17:16:23Z,STR-E-KT5B-A,0 € + 0.2 €/kWh
2026-10-10T17:16:23Z,STR-E-KUKS-A,0.08 € + 0.15 €/kWh
2026-10-10T17:16:23Z,STR-E-KUKS-B,0.08 € + 0.15 €/kWh
2026-10-10T17:16:23Z,STR-E-L84D-A,0.11 €/kWh
2026-10-10T17:16:23Z,STR-E-LISV-A,0.11 €/kWh
2026-10-10T17:16:23Z,STR-E-LKFQ-A,0.11 €/kWh
2026-10-10T17:16:23Z,STR-E-LREY-A,0.33 €/kWh
2026-10-10T17:16:23Z,STR-E-M1IB-A,0.11 €/kWh
2026-10-10T17:16:23Z,STR-E-M8WL-A,0.11 €/kWh
2026-10-10T17:16:23Z,STR-E-M9W7-A,0.11 €/kWh
2026-10-10T17:16:23Z,STR-E-MIP3-A,0.2 €/kWh
2026-10-10T17:16:23Z,STR-E-MIP3-B,0.2 €/kWh
2026-10-10T17:16:23Z,STR-E-MSEN-A,0.11 €/kWh
2026-10-10T17:16:23Z,STR-E-MSUL-A,0.11 €/kWh
2026-10-10T17:16:23Z,STR-E-N6P5-A,0.11 €/kWh
2026-10-10T17:16:23Z,STR-E-NCKT-A,0.08 € + 0.15 €/kWh
2026-10-10T17:16:23Z,STR-E-NCKT-B,0.08 € + 0.15 €/kWh
2026-10-10T17:16:23Z,STR-E-NDU2-A,0 € + 0.2 €/kWh
2026-10-10T17:16:23Z,STR-E-NDZ4-A,0 € + 0.2 €/kWh
2026-10-10T17:16:23Z,STR-E-NFV5-A,0 € + 0.2 €/kWh
2026-10-10T17:16:23Z,STR-E-NNGC-A,0.11 €/kWh
2026-10-10T17:16:23Z,STR-E-NSGB-A,0 € + 0.2 €/kWh
2026-10-10T17:16:23Z,STR-E-NY0Q-A,0.15 € + 0.21 €/kWh
2026-10-10T17:16:23Z,STR-E-O0VK-A,0.11 €/kWh
2026-10-10T17:16:23Z,STR-E-O5JX-A,0 € + 0.2 €/kWh
2026-10-10T17:16:23Z,STR-E-O5YW-A,0.08 € + 0.15 €/kWh
2026-10-10T17:16:23Z,STR-E-O5YW-B,0.08 € + 0.15 €/kWh
2026-10-10T17:16:23Z,STR-E-ODBK-A,0.3 €/kWh
2026-10-10T17:16:23Z,STR-E-ODBK-B,0.3 €/kWh
2026-10-10T17:16:23Z,STR-E-OFWF-A,0 € + 0.2 €/kWh
2026-10-10T17:16:23Z,STR-E-OG1X-A,0.11 €/kWh
2026-10-10T17:16:23Z,STR-E-OHH6-A,0 € + 0.2 €/kWh
2026-10-10T17:16:23Z,STR-E-OJ3E-A,0.21 €/kWh + 0.23 €
2026-10-10T17:16:23Z,STR-E-OJ3E-B,0.21 €/kWh + 0.23 €
2026-10-10T17:16:23Z,STR-E-OQKZ-A,0.11 €/kWh
2026-10-10T17:16:23Z,STR-E-P46N-A,0 € + 0.2 €/kWh
2026-10-10T17:16:23Z,STR-E-P7AF-A,0.08 € + 0.15 €/kWh
2026-10-10T17:16:23Z,STR-E-P7AF-B,0.08 € + 0.15 €/kWh
2026-10-10T17:16:23Z,STR-E-PC04-A,0.11 €/kWh
2026-10-10T17:16:23Z,STR-E-PDR2-A,0.11 €/kWh
2026-10-10T17:16:23Z,STR-E-PJCQ-A,0.08 € + 0.15 €/kWh
2026-10-10T17:16:23Z,STR-E-PJCQ-B,0.08 € + 0.15 €/kWh
2026-10-10T17:16:23Z,STR-E-PM3P-A,0.21 €/kWh + 0.23 €
2026-10-10T17:16:23Z,STR-E-PM3P-B,0.21 €/kWh + 0.23 €
2026-10-10T17:16:23Z,STR-E-PRUQ-A,0.11 €/kWh
2026-10-10T17:16:23Z,STR-E-PSU9-A,0.11 €/kWh
2026-10-10T17:16:23Z,STR-E-PZ9U-A,0.11 €/kWh
2026-10-10T17:16:23Z,STR-E-PZES-A,0.11 €/kWh
2026-10-10T17:16:23Z,STR-E-Q5YF-A,0.21 €/kWh + 0.23 €
2026-10-10T17:16:23Z,STR-E-Q5YF-B,0.21 €/kWh + 0.23 €
2026-10-10T17:16:23Z,STR-E-Q7LB-A,0.21 €/kWh + 0.23 €
2026-10-10T17:16:23Z,STR-E-Q7LB-B,0.21 €/kWh + 0.23 €
2026-10-10T17:16:23Z,STR-E-QAXH-A,0.15 € + 0.21 €/kWh
2026-10-10T17:16:23Z,STR-E-QE1X-A,0.08 € + 0.15 €/kWh
2026-10-10T17:16:23Z,STR-E-QE1X-B,0.08 € + 0.15 €/kWh
2026-10-10T17:16:23Z,STR-E-QEDL-A,0.11 €/kWh
2026-10-10T17:16:23Z,STR-E-QIQM-A,0.11 €/kWh
2026-10-10T17:16:23Z,STR-E-QLC9-A,0.2 €/kWh
2026-10-10T17:16:23Z,STR-E-QLC9-B,0.2 €/kWh
2026-10-10T17:16:23Z,STR-E-R0J8-A,0.11 €/kWh
2026-10-10T17:16:23Z,STR-E-R1MT-A,0.21 €/kWh + 0.23 €
2026-10-10T17:16:23Z,STR-E-R1MT-B,0.21 €/kWh + 0.23 €
2026-10-10T17:16:23Z,STR-E-R1PI-A,0.21 €/kWh + 0.23 €
2026-10-10T17:16:23Z,STR-E-R1PI-B,0.21 €/kWh + 0.23 €
2026-10-10T17:16:23Z,STR-E-R2LK-A,0.21 €/kWh + 0.23 €
2026-10-10T17:16:23Z,STR-E-R2LK-B,0.21 €/kWh + 0.23 €
2026-10-10T17:16:23Z,STR-E-R8PQ-A,0 € + 0.2 €/kWh
2026-10-10T17:16:23Z,STR-E-R9GA-A,0.11 €/kWh
2026-10-10T17:16:23Z,STR-E-RJH9-A,0.11 €/kWh
2026-10-10T17:16:23Z,STR-E-RKWJ-A,0.11 €/kWh
2026-10-10T17:16:23Z,STR-E-S42D-A,0.11 €/kWh
2026-10-10T17:16:23Z,STR-E-S6VR-A,0 € + 0.2 €/kWh
2026-10-10T17:16:23Z,STR-E-S7YR-A,0.21 €/kWh + 0.23 €
2026-10-10T17:16:23Z,STR-E-S7YR-B,0.21 €/kWh + 0.23 €
2026-10-10T17:16:23Z,STR-E-SGC2-A,0 € + 0.2 €/kWh
2026-10-10T17:16:23Z,STR-E-SJKA-A,0.11 €/kWh
2026-10-10T17:16:23Z,STR-E-SQX8-A,0.08 € + 0.15 €/kWh
2026-10-10T17:16:23Z,STR-E-SQX8-B,0.08 € + 0.15 €/kWh
2026-10-10T17:16:23Z,STR-E-SVR3-A,0.21 €/kWh + 0.23 €
2026-10-10T17:16:23Z,STR-E-SVR3-B,0.21 €/kWh + 0.23 €
2026-10-10T17:16:23Z,STR-E-SY9Y-A,0.11 €/kWh
2026-10-10T17:16:23Z,STR-E-TO2O-A,0.11 €/kWh
2026-10-10T17:16:23Z,STR-E-TX67-A,0.23 €/kWh
2026-10-10T17:16:23Z,STR-E-TX67-B,0.23 €/kWh
2026-10-10T17:16:23Z,STR-E-U41O-A,0 € + 0.2 €/kWh
2026-10-10T17:16:23Z,STR-E-U5TP-A,0.11 €/kWh
2026-10-10T17:16:23Z,STR-E-UKPS-A,0.15 € + 0.21 €/kWh
2026-10-10T17:16:23Z,STR-E-UPAQ-A,0.2 €/kWh
2026-10-10T17:16:23Z,STR-E-UPAQ-B,0.2 €/kWh
2026-10-10T17:16:23Z,STR-E-UPOS-A,0.08 € + 0.15 €/kWh
2026-10-10T17:16:23Z,STR-E-UPOS-B,0.08 € + 0.15 €/kWh
2026-10-10T17:16:23Z,STR-E-UY5H-A,0.11 €/kWh
2026-10-10T17:16:23Z,STR-E-V17G-A,0.11 €/kWh
2026-10-10T17:16:23Z,STR-E-V31J-A,0.11 €/kWh
2026-10-10T17:16:23Z,STR-E-V50T-A,0.11 €/kWh
2026-10-10T17:16:23Z,STR-E-V9SD-A,0.11 €/kWh
2026-10-10T17:16:23Z,STR-E-V9ZR-A,0.11 €/kWh
2026-10-10T17:16:23Z,STR-E-VBMP-A,0.11 €/kWh
2026-10-10T17:16:23Z,STR-E-VJBJ-A,0 € + 0.2 €/kWh
2026-10-10T17:16:23Z,STR-E-VPDB-A,0.11 €/kWh
2026-10-10T17:16:23Z,STR-E-VQ06-A,0 € + 0.2 €/kWh
2026-10-10T17:16:23Z,STR-E-VSDJ-A,0.23 €/kWh
2026-10-10T17:16:23Z,STR-E-VSDJ-B,0.23 €/kWh
2026-10-10T17:16:23Z,STR-E-VT0G-A,0.11 €/kWh
2026-10-10T17:16:23Z,STR-E-VX2O-A,0 € + 0.2 €/kWh
2026-10-10T17:16:23Z,STR-E-VXGH-A,0.11 €/kWh
2026-10-10T17:16:23Z,STR-E-W1X4-A,0.11 €/kWh
2026-10-10T17:16:23Z,STR-E-WEE3-A,0.21 €/kWh + 0.23 €
2026-10-10T17:16:23Z,STR-E-WEE3-B,0.21 €/kWh + 0.23 €
2026-10-10T17:16:23Z,STR-E-WHZ1-A,0 € + 0.2 €/kWh
2026-10-10T17:16:23Z,STR-E-WLGM-A,0 € + 0.2 €/kWh
2026-10-10T17:16:23Z,STR-E-WTQ5-A,0.21 €/kWh
2026-10-10T17:16:23Z,STR-E-WXV8-A,0.11 €/kWh
2026-10-10T17:16:23Z,STR-E-WYFE-A,0.21 €/kWh
2026-10-10T17:16:23Z,STR-E-WYFE-B,0.21 €/kWh
2026-10-10T17:16:23Z,STR-E-WYYC-A,0.21 €/kWh + 0.23 €
2026-10-10T17:16:23Z,STR-E-WYYC-B,0.21 €/kWh + 0.23 €
2026-10-10T17:16:23Z,STR-E-WZW9-A,0.11 €/kWh
2026-10-10T17:16:23Z,STR-E-X525-A,0.11 €/kWh
2026-10-10T17:16:23Z,STR-E-X54O-A,0 € + 0.2 €/kWh
2026-10-10T17:16:23Z,STR-E-XCMJ-A,0.08 € + 0.15 €/kWh
2026-10-10T17:16:23Z,STR-E-XCMJ-B,0.08 € + 0.15 €/kWh
2026-10-10T17:16:23Z,STR-E-XFON-A,0.11 €/kWh
2026-10-10T17:16:23Z,STR-E-XG69-A,0.08 € + 0.15 €/kWh
2026-10-10T17:16:23Z,STR-E-XG69-B,0.08 € + 0.15 €/kWh
2026-10-10T17:16:23Z,STR-E-XH51-A,0 € + 0.2 €/kWh
2026-10-10T17:16:23Z,STR-E-XKW2-A,0.21 €/kWh + 0.23 €
2026-10-10T17:16:23Z,STR-E-XKW2-B,0.21 €/kWh + 0.23 €
2026-10-10T17:16:23Z,STR-E-XRV8-A,0 € + 0.2 €/kWh
2026-10-10T17:16:23Z,STR-E-Y7JK-A,0 € + 0.2 €/kWh
2026-10-10T17:16:23Z,STR-E-Y82E-A,0 € + 0.2 €/kWh
2026-10-10T17:16:23Z,STR-E-YC50-A,0.11 €/kWh
2026-10-10T17:16:23Z,STR-E-Z2PJ-A,0.08 € + 0.15 €/kWh
2026-10-10T17:16:23Z,STR-E-Z2PJ-B,0.08 € + 0.15 €/kWh
2026-10-10T17:16:23Z,STR-E-ZA6O-A,0.11 €/kWh
2026-10-10T17:16:23Z,STR-E-ZEP7-A,0 € + 0.2 €/kWh
2026-10-10T17:16:23Z,STR-E-ZIAZ-A,0 € + 0.2 €/kWh
2026-10-10T17:16:23Z,STR-E-ZK9W-A,0 € + 0.2 €/kWh
2026-10-10T17:16:23Z,STR-E-ZS00-A,0.21 €/kWh + 0.23 €
2026-10-10T17:16:23Z,STR-E-ZS00-B,0.21 €/kWh + 0.23 €
2026-10-10T17:16:23Z,STR-E-ZWU5-A,0.08 € + 0.15 €/kWh
2026-10-10T17:16:23Z,STR-E-ZWU5-B,0.08 € + 0.15 €/kWh
